timestamp,run_id,train_id,imu_x,imu_y,imu_z,motor_temperature,bearing_temperature,ambient_temperature,rpm,voltage,current,power,load,zone,fault_type,fault_location,fault_severity
0.0,RUN_009_NORMAL,TRAIN001,-0.017253324909317507,-0.01325595657449496,0.951610776805909,25.917016415976114,25.99020372029194,26.00355038381458,139.90400119182695,5.008755247675938,0.27053061621821445,1.355021643639987,1.118475590316373,ZONE_01,NORMAL,NONE,0
0.01,RUN_009_NORMAL,TRAIN001,-0.01866297949858432,-0.027317463709059287,0.9718032325115276,25.985254575539205,25.987680762584763,26.034525788954802,140.06113259244526,5.003768175134005,0.264304890703157,1.3225204006327285,1.0944298310412761,ZONE_01,NORMAL,NONE,0
0.02,RUN_009_NORMAL,TRAIN001,0.0024076438579060636,-0.050893412094551546,0.9603888247887176,25.99899393863475,25.97489290130513,25.981642261869247,140.0760616278882,4.998402177963649,0.2721998214196314,1.3605641802252018,1.1031120302582622,ZONE_01,NORMAL,NONE,0
0.03,RUN_009_NORMAL,TRAIN001,0.03757417049134892,0.020335038019704398,0.9658277644091028,26.07552784133668,26.02291810700634,26.013080906908232,140.36124322073556,4.994340180101209,0.2644755556854897,1.320880894414636,1.0890566521856093,ZONE_01,NORMAL,NONE,0
0.04,RUN_009_NORMAL,TRAIN001,-0.009716898644209852,-0.004634142743950168,1.0417632205876255,25.96501160992541,26.03000779676289,25.97561462021725,140.4813230949157,4.991841297089641,0.26826457698469075,1.3391341939384624,1.09757419562525,ZONE_01,NORMAL,NONE,0
0.05,RUN_009_NORMAL,TRAIN001,-0.03304931270281959,0.061231921517077355,1.0180154470109974,26.00769183155541,26.019190299307578,25.97486052472804,140.07938184753107,4.996833712060875,0.27520680686503657,1.3751626503318408,1.089894132645066,ZONE_01,NORMAL,NONE,0
0.06,RUN_009_NORMAL,TRAIN001,-0.023962053183653256,-0.009274173533896602,1.0071627087347823,25.978836470490375,26.073562450787758,25.98709011456622,140.06932355397973,4.994631772142406,0.2737061127411647,1.3670612469266126,1.0963709432336988,ZONE_01,NORMAL,NONE,0
0.07,RUN_009_NORMAL,TRAIN001,0.053323533363343334,-0.020080638232664632,0.9516492097496586,25.999489990001262,26.040853219416686,25.992586694405592,140.029749712641,5.002601912474892,0.26908249241527515,1.3461125911701661,1.0953279576583481,ZONE_01,NORMAL,NONE,0
0.08,RUN_009_NORMAL,TRAIN001,-0.010512295847318024,-0.006147499887477378,0.9948745529212049,25.895936225740808,25.945582132253367,25.962719339831096,139.85101533848453,4.992720847292778,0.27722787577932634,1.3841213948541353,1.1062658554257885,ZONE_01,NORMAL,NONE,0
0.09,RUN_009_NORMAL,TRAIN001,-0.035508751925547546,0.00814589660558021,1.002847620805861,25.961886365641288,25.946146899302498,26.014519961478438,139.72652777789364,4.993016645872469,0.2594989174212532,1.2956824142702026,1.1013202909017112,ZONE_01,NORMAL,NONE,0
0.1,RUN_009_NORMAL,TRAIN001,-0.009068678636924952,-0.033333726386853016,1.0054289117343407,25.99624712566759,26.07249524982219,26.02797915585121,139.99159650603286,5.01016681491517,0.2679726561738149,1.34258770926672,1.0998516304081194,ZONE_01,NORMAL,NONE,0
0.11,RUN_009_NORMAL,TRAIN001,0.008948195298085075,0.01805506328825695,1.04140866374197,25.950504818135105,25.968612925564425,25.991577854921697,140.30171981514758,5.01430296784625,0.2711944383255042,1.3598510769589727,1.104202585980041,ZONE_01,NORMAL,NONE,0
0.12,RUN_009_NORMAL,TRAIN001,0.008613062143503039,0.00847314518883986,0.9727244679496887,25.97708030527639,25.96194643097805,26.01548539109785,140.03319352116142,5.007973245737519,0.2709347457473283,1.356833958043317,1.101145877814578,ZONE_01,NORMAL,NONE,0
0.13,RUN_009_NORMAL,TRAIN001,0.055890915322582974,0.03915416034878916,0.9607364099958072,25.984279178479294,25.95005648278957,26.01246660210451,140.18926395101934,5.009476343446427,0.2641910119895014,1.3234586247125786,1.1160974108408768,ZONE_01,NORMAL,NONE,0
0.14,RUN_009_NORMAL,TRAIN001,-0.005741918938104119,0.0008814208948541408,1.000543023463074,25.965116665097476,26.124280565912727,26.01955563337508,140.15081878771906,4.994400519207535,0.2615872562826711,1.3064715285962472,1.0975404282811347,ZONE_01,NORMAL,NONE,0
0.15,RUN_009_NORMAL,TRAIN001,-0.0463693720203921,-0.007321842797315029,0.9784298778812375,25.961880714826332,25.944851259646665,25.979241627976837,139.90690964324403,4.988094804828164,0.2742946021595826,1.3682074800246222,1.1158585169584647,ZONE_01,NORMAL,NONE,0
0.16,RUN_009_NORMAL,TRAIN001,0.04526580120999861,0.002758900973101019,1.054029675433865,25.915332563219874,26.054421699065724,25.971881875884517,139.79124625889904,4.999093895255862,0.27282253151849845,1.3638654518023754,1.0984828350560898,ZONE_01,NORMAL,NONE,0
0.17,RUN_009_NORMAL,TRAIN001,0.008610285098200806,0.015542761929565406,1.0671179342456671,26.018704310120977,25.99330967161218,25.982112688178898,139.91091044701543,4.991246842306276,0.2744105022639294,1.3696505529205167,1.109456618566687,ZONE_01,NORMAL,NONE,0
0.18,RUN_009_NORMAL,TRAIN001,0.00900005714807972,0.03799910468651581,0.9259089477540009,26.030126331722656,25.97092018871058,26.013931499482254,140.0850796746388,4.995618532270085,0.2632270496074037,1.3149819272135228,1.0884958764588337,ZONE_01,NORMAL,NONE,0
0.19,RUN_009_NORMAL,TRAIN001,-0.02037091482877923,0.00968884853349989,0.9871015135526996,26.031538163332193,25.942338035431852,25.95321227060339,139.90998832781585,4.989350746416756,0.2760354466543797,1.377237661802512,1.0885168851885063,ZONE_01,NORMAL,NONE,0
0.2,RUN_009_NORMAL,TRAIN001,-0.031069016049898843,-0.011518953754217876,0.9913158568808282,25.960245297164118,26.001464443001144,26.028685847771744,140.03447891725506,5.016937606476871,0.26792086416659244,1.3441422589971592,1.1018662133944972,ZONE_01,NORMAL,NONE,0
0.21,RUN_009_NORMAL,TRAIN001,0.04742308747285979,-0.009938145199527048,1.0363923440999814,25.98641833099015,26.067440323311626,25.980211133026867,140.1977158965648,5.007518541005312,0.26937117883626194,1.3488811724350394,1.1072580185993903,ZONE_01,NORMAL,NONE,0
0.22,RUN_009_NORMAL,TRAIN001,-0.04553148737294787,0.013429114113824166,0.9937372000307425,26.0202623161093,25.943945207980796,26.03554749553023,140.25535558711096,4.99271715915894,0.27334548336530684,1.364736685176562,1.095057447768791,ZONE_01,NORMAL,NONE,0
0.23,RUN_009_NORMAL,TRAIN001,-0.018603770351345104,0.034088710522324636,1.0004034018063686,26.053409601460295,25.953273957268305,25.984652727285354,140.1216105700733,4.989527120801816,0.26738249378310663,1.3341122043584337,1.0976391857390435,ZONE_01,NORMAL,NONE,0
0.24,RUN_009_NORMAL,TRAIN001,-0.03440601328197876,-0.0035659654864018415,1.041753189919115,25.95495129611734,26.062005286846087,25.9680109728277,140.0910413436097,5.000587862926414,0.2678357876824664,1.3393363891422776,1.0963926129234967,ZONE_01,NORMAL,NONE,0
0.25,RUN_009_NORMAL,TRAIN001,0.04331083960388422,0.033536330670189136,0.9488099036600458,26.011473864677892,26.040858886938206,26.021884174989847,139.99329734213995,4.993106680785117,0.2686304587155072,1.3413005380747698,1.096289129239469,ZONE_01,NORMAL,NONE,0
0.26,RUN_009_NORMAL,TRAIN001,0.009668421222359492,0.0023530168693423384,1.0478014699309794,25.986126588675987,25.975197764181118,25.987935964664842,140.50960363181693,4.9853227420717365,0.2624999969801699,1.3086472047390032,1.1119395531947351,ZONE_01,NORMAL,NONE,0
0.27,RUN_009_NORMAL,TRAIN001,-0.021248240354010798,0.02824204528615135,0.9391595528639479,26.09666936948794,26.04673284069573,26.02570974440145,139.91474641211894,4.996954299588746,0.26992630202988793,1.348809395500339,1.1046055855852324,ZONE_01,NORMAL,NONE,0
0.28,RUN_009_NORMAL,TRAIN001,0.02139570104161808,-0.015600339498314793,1.003835218612649,26.06046526787155,26.061785851221856,25.966156365932637,140.1307994291314,4.9957488252237425,0.2630126724993116,1.313945249657393,1.0988968829167423,ZONE_01,NORMAL,NONE,0
0.29,RUN_009_NORMAL,TRAIN001,0.05833513655860286,-0.023398114898519794,1.022534029764149,26.027233904223007,26.019502631289175,25.966221592844104,140.16525211010565,4.9985031386841605,0.27216173624962364,1.3604012928734743,1.0914708572597427,ZONE_01,NORMAL,NONE,0
0.3,RUN_009_NORMAL,TRAIN001,-0.028882064886409205,-0.053534623966147776,0.9801476932616111,26.037875873084037,25.975851308994827,26.007266755359858,140.1363217997623,4.998775252437946,0.2748533617593012,1.373930182811769,1.0839967139469917,ZONE_01,NORMAL,NONE,0
0.31,RUN_009_NORMAL,TRAIN001,-0.026805849413707908,-0.036445552990191345,0.9804443147410115,26.022366770291942,25.91060036626977,26.018867775181395,139.97418086206275,4.989891026172769,0.2652372278228889,1.3235048629203756,1.1028273740188468,ZONE_01,NORMAL,NONE,0
0.32,RUN_009_NORMAL,TRAIN001,0.011998854054055489,-0.03824259129575035,1.0156140936874303,26.050653789020718,26.025360453684975,26.02150447076962,139.80538675324814,5.007454575474256,0.27169971597944376,1.3605239859363214,1.081888186397527,ZONE_01,NORMAL,NONE,0
0.33,RUN_009_NORMAL,TRAIN001,0.007279058541455816,0.03678011062271532,1.0715145375438462,25.99256723179377,26.126522140129918,26.013717998499068,140.2422120205333,5.012974566101752,0.269036250582798,1.348671881530944,1.1039513275740018,ZONE_01,NORMAL,NONE,0
0.34,RUN_009_NORMAL,TRAIN001,-0.034076605031989955,0.0024708063084635658,0.9711794031812205,26.003965998464867,25.963715509999357,25.97959386452199,139.99967563494275,5.007451749024834,0.2681707798247394,1.342852240470745,1.0987784511130323,ZONE_01,NORMAL,NONE,0
0.35000000000000003,RUN_009_NORMAL,TRAIN001,-0.019151028093190366,0.009627435472265146,1.008320639226181,25.961478062158253,26.00872631127495,26.004193601909602,139.8996341117492,4.9938461143027535,0.26848186758849163,1.3407571312175353,1.110592293136355,ZONE_01,NORMAL,NONE,0
0.36,RUN_009_NORMAL,TRAIN001,-0.0005777828883157125,0.005974138940680704,0.9914475429132332,26.064372847016482,25.934916557918022,25.992605060127083,140.18634115955433,5.0138859186523135,0.2707167117646993,1.357342709060883,1.1062856646925208,ZONE_01,NORMAL,NONE,0
0.37,RUN_009_NORMAL,TRAIN001,0.025923417202344878,0.00250004018774002,0.9250632450176847,25.937625453554038,26.049585717692175,26.01564399237083,140.17375772923907,5.003316040581707,0.2780455056774654,1.3911495385677146,1.1092687401647463,ZONE_01,NORMAL,NONE,0
0.38,RUN_009_NORMAL,TRAIN001,-0.044615406908329956,0.009159446091830543,1.0091009062508884,25.96102947271972,26.006896112950113,26.010460627062958,139.97057629643143,5.008558443185521,0.2758082138876803,1.3814015583670591,1.1060963828469397,ZONE_01,NORMAL,NONE,0
0.39,RUN_009_NORMAL,TRAIN001,0.020161898735699655,-0.024250326227957027,0.9989196743530149,26.039360669418844,26.00368942091365,25.992390314079564,140.50277665163543,5.005994843374922,0.2702836817436189,1.3530387170569447,1.113785988020172,ZONE_01,NORMAL,NONE,0
0.4,RUN_009_NORMAL,TRAIN001,0.015233190256575817,0.01432494040083384,1.0104302550120674,26.005362003646734,25.910923756734974,25.994754970367342,139.81504529638192,4.999677647648295,0.2651612139245954,1.3257205942820875,1.092934198403192,ZONE_01,NORMAL,NONE,0
0.41000000000000003,RUN_009_NORMAL,TRAIN001,0.061766973020036545,-0.017204911701741512,0.986691038873558,26.01219474042896,26.010713752734915,25.99385850806444,140.26268437625845,5.002749073035541,0.26598225117892665,1.3306424605292817,1.1057846747274866,ZONE_01,NORMAL,NONE,0
0.42,RUN_009_NORMAL,TRAIN001,-0.0719165977546198,0.007207607746873626,1.0198532133354987,26.01622727672479,26.10095914709213,26.013503281251435,140.153373671932,5.013697911856609,0.2695459234031616,1.3514218333158927,1.1005108836303739,ZONE_01,NORMAL,NONE,0
0.43,RUN_009_NORMAL,TRAIN001,-0.010243114962595013,0.03355902167476547,0.9947651997533495,25.985405709552712,25.942716585509086,25.990098660494144,140.11562533975942,4.998622956088131,0.2641731609826675,1.3205020268703271,1.1048694874105118,ZONE_01,NORMAL,NONE,0
0.44,RUN_009_NORMAL,TRAIN001,-0.011830980232328252,-0.031663953373934656,0.9959096238960936,25.993871057066322,25.96017104936473,26.00389411624546,139.9363485952263,4.99882551272817,0.2699564114862992,1.3494649970622563,1.0925575622296808,ZONE_01,NORMAL,NONE,0
0.45,RUN_009_NORMAL,TRAIN001,0.046130835390022946,-0.03003966428915959,0.9877183932850266,26.0890782176478,25.988531009303777,25.976147978932623,140.0391197136825,4.993351174781886,0.2692728576276815,1.344573939972059,1.1094426495902732,ZONE_01,NORMAL,NONE,0
0.46,RUN_009_NORMAL,TRAIN001,-0.03542084423983014,0.001977829651249204,0.9125242023012975,26.059594490323132,25.961887943336116,26.01970847722456,140.3231895569343,5.026501826079099,0.273679422364764,1.3756501162767594,1.1040305968258548,ZONE_01,NORMAL,NONE,0
0.47000000000000003,RUN_009_NORMAL,TRAIN001,-0.01660937895203221,0.015820293634313264,1.048913092357302,26.053858440586414,25.92968540841539,26.024452526158907,140.1007993941441,4.99531402327234,0.269120228664551,1.3443400521942903,1.1056345903480902,ZONE_01,NORMAL,NONE,0
0.48,RUN_009_NORMAL,TRAIN001,0.00795279747384071,0.03328824197656875,1.0474526467866152,25.961053640506435,26.026167716885013,26.007293159528196,139.9909164000611,4.987349321276076,0.2570559178849657,1.2820276575935823,1.1173955950388863,ZONE_01,NORMAL,NONE,0
0.49,RUN_009_NORMAL,TRAIN001,0.01893319096957503,0.0318382917597837,0.9571013373903232,26.06688687438063,26.00804962917007,25.979281195869643,139.74589321845903,5.005875955625218,0.26992985970759736,1.35123539441555,1.115358457859944,ZONE_01,NORMAL,NONE,0
0.5,RUN_009_NORMAL,TRAIN001,0.01523722669415258,0.03177543294789141,1.0720080064348112,26.01264043522075,26.03872930165171,25.980746039598746,139.72110682358917,4.993563109882797,0.2648400275098015,1.32249539139329,1.093744900801347,ZONE_01,NORMAL,NONE,0
0.51,RUN_009_NORMAL,TRAIN001,-0.03894521060819058,-0.02495211305756599,1.0218998618312383,26.01358116651178,26.034508909450167,26.03938743100292,139.92753994946668,4.992603108969361,0.26902770489018857,1.3431485558336473,1.0968597267159408,ZONE_01,NORMAL,NONE,0
0.52,RUN_009_NORMAL,TRAIN001,0.0598606660533319,-0.03227554893898154,0.9962155774155804,25.94666161995134,26.066960952739677,26.00942146036312,140.19529970999307,5.000189155943484,0.27327200367043747,1.3664117093758692,1.0952755379980275,ZONE_01,NORMAL,NONE,0
0.53,RUN_009_NORMAL,TRAIN001,-0.020875200867364378,-0.05301214139336224,1.0096368770175657,25.9435693957712,25.95024374729583,26.01374468485338,140.1506273603817,5.003484148472384,0.27639880861869487,1.3829570575802919,1.1156777584660962,ZONE_01,NORMAL,NONE,0
0.54,RUN_009_NORMAL,TRAIN001,0.013846316006790553,0.017032478584313917,0.9976738472861781,26.045480910608187,26.000225351621737,26.00678029345218,140.1441816085639,4.986167300750623,0.27133726036049055,1.352932975084736,1.095075144545262,ZONE_01,NORMAL,NONE,0
0.55,RUN_009_NORMAL,TRAIN001,0.02981602400257206,-0.013285723478662413,0.9894269761738939,26.042603179291103,26.03716500157285,26.000094428961397,139.90133058290385,5.001995131742601,0.27011372065397726,1.351107515728075,1.1140280570303251,ZONE_01,NORMAL,NONE,0
0.56,RUN_009_NORMAL,TRAIN001,-0.01066730457070447,-0.004499205782869048,1.0145316518178598,26.08918597834862,26.09947764303746,25.966916141427728,140.0764640642932,4.995833067021126,0.2563058581034201,1.2804612811842908,1.1114970618666824,ZONE_01,NORMAL,NONE,0
0.5700000000000001,RUN_009_NORMAL,TRAIN001,0.016880483154181537,-0.011774649837054299,0.995599847947781,26.090053055823198,26.0260196105873,25.990037780627873,140.2560106906445,4.982811093578478,0.27071269282718846,1.3489102089918177,1.1056240867003126,ZONE_01,NORMAL,NONE,0
0.58,RUN_009_NORMAL,TRAIN001,-0.04617407373375603,-0.04377458115226109,0.9973513995100829,25.971034294738164,25.924300550224764,25.970100658764135,140.14043868848046,5.003947096176568,0.27008226934323304,1.3514773874088488,1.1024917287167062,ZONE_01,NORMAL,NONE,0
0.59,RUN_009_NORMAL,TRAIN001,-0.003652555278138873,-0.005917676751269582,0.9512257105163872,25.956361628041773,25.962649227817252,25.971567538033163,140.4164008734541,5.004551012781526,0.2670375572247737,1.3364030774599458,1.1169820390253826,ZONE_01,NORMAL,NONE,0
0.6,RUN_009_NORMAL,TRAIN001,-0.01640724472560686,0.019448701019977737,0.9899659109041279,26.00419938991587,26.026743110293616,25.975812442566696,140.14452957283186,5.020097792338618,0.2809309768860872,1.4103009768653776,1.1005964535312205,ZONE_01,NORMAL,NONE,0
0.61,RUN_009_NORMAL,TRAIN001,-0.04744394026246329,0.0458445059311344,1.0844758915018962,26.11952959410183,25.840191338306784,26.02159463186103,139.97693263920073,4.995441211474603,0.26809436020061983,1.3392496155100928,1.1122038003404242,ZONE_01,NORMAL,NONE,0
0.62,RUN_009_NORMAL,TRAIN001,-0.021303529113989448,0.022669570213515577,0.9002303801917038,25.959223956942903,26.106008978683736,26.0099800166827,140.07709421307987,4.998121749084115,0.26765210049698684,1.3377577846820372,1.1108109885867803,ZONE_01,NORMAL,NONE,0
0.63,RUN_009_NORMAL,TRAIN001,-0.03204990385620898,0.03573024658421853,1.050621065853246,26.07206326820824,26.075946899673156,25.992610173387263,140.3128869789513,5.002187533635091,0.2686204675109498,1.3436899538625031,1.0986444644632438,ZONE_01,NORMAL,NONE,0
0.64,RUN_009_NORMAL,TRAIN001,0.029371495485017166,0.06370542204409328,0.9334311161634739,26.095520623351913,25.95925884515732,25.994571407552144,139.9528838611641,4.99825989216894,0.2774360987359057,1.3866977249514993,1.0854206468230636,ZONE_01,NORMAL,NONE,0
0.65,RUN_009_NORMAL,TRAIN001,-0.025812937670045777,0.00512697849238413,0.9627630377158437,26.005451909526457,25.957536334834465,25.997726028705845,139.7418867808255,5.007165709653027,0.2688762060611233,1.3463077191308577,1.0927005473545937,ZONE_01,NORMAL,NONE,0
0.66,RUN_009_NORMAL,TRAIN001,-0.048639277907589616,0.02283514281261986,0.9616474687623284,26.026957162636073,25.969989031332233,25.986201725736823,139.99762681605543,4.998362207778595,0.2733513012811847,1.3663088137709742,1.1049335577504853,ZONE_01,NORMAL,NONE,0
0.67,RUN_009_NORMAL,TRAIN001,-0.0068430622858589776,0.02503772516635219,0.9824506507657484,26.04959040525914,26.17376717524399,26.003582239066912,139.90438053666975,4.995338682269781,0.26798664379538584,1.338684048082744,1.0860935000511982,ZONE_01,NORMAL,NONE,0
0.68,RUN_009_NORMAL,TRAIN001,-0.011188120159687965,-0.002144665750723231,0.9919707843528798,25.97240117841936,26.035039897027943,25.992771680394192,139.96722274802696,5.001841261580025,0.2735776655469595,1.368392055779522,1.110668415098115,ZONE_01,NORMAL,NONE,0
0.6900000000000001,RUN_009_NORMAL,TRAIN001,0.08058792865294452,0.011498421340486552,1.101582659968152,25.896242133170215,26.032879508170126,25.981960187644237,140.1154675197688,5.00396358785935,0.2709586187246933,1.35586706191503,1.0908372299676912,ZONE_01,NORMAL,NONE,0
0.7000000000000001,RUN_009_NORMAL,TRAIN001,0.05595434705310672,0.03917771371603709,1.007975497460515,26.098853388649722,26.013493203744964,25.978625616653588,139.8565399183691,4.992690238154039,0.27036844096313334,1.3498658759015625,1.1103112056454172,ZONE_01,NORMAL,NONE,0
0.71,RUN_009_NORMAL,TRAIN001,0.005192201002393777,0.018222252819955067,1.1002312257837676,26.108445570428323,26.007088676807268,26.023049591141902,140.00327297523248,5.0097579852022305,0.26103020492806955,1.307698153517371,1.0904010277723153,ZONE_01,NORMAL,NONE,0
0.72,RUN_009_NORMAL,TRAIN001,-0.025006589054366538,0.045886169535302904,1.0338206538290944,25.950903077707704,26.041029567759317,26.012149413413457,140.0956323125788,4.994574235875534,0.26741129474770003,1.3356055631289812,1.0922407910877934,ZONE_01,NORMAL,NONE,0
0.73,RUN_009_NORMAL,TRAIN001,0.07191549222930234,-0.06193157274053026,1.0237952342754386,26.0828973128665,26.021752259444728,26.00428036989822,140.05950957153885,5.002841612055392,0.26850975734714866,1.3433117872992113,1.1052491680342138,ZONE_01,NORMAL,NONE,0
0.74,RUN_009_NORMAL,TRAIN001,0.008743786468587738,-0.019306051975247637,0.9952594866932755,26.012114675195267,26.065491072524658,26.01872382478293,140.1568822001164,5.001462107288768,0.26952832476016475,1.3480357031289851,1.085454154198462,ZONE_01,NORMAL,NONE,0
0.75,RUN_009_NORMAL,TRAIN001,-0.05436294892064638,-0.01822226600299719,0.9536603034399789,26.06781560974694,26.0088105076706,25.995120378374388,139.74596875425692,5.008518533459167,0.2705686431505292,1.3551480637923252,1.10738700308212,ZONE_01,NORMAL,NONE,0
0.76,RUN_009_NORMAL,TRAIN001,0.012331838793397833,-0.03590507281588765,0.9787555769656185,26.099123086278254,25.96286004714677,26.036016293129336,140.1358368357225,4.994364348323541,0.2747229094445429,1.3720663045975416,1.0997274584040582,ZONE_01,NORMAL,NONE,0
0.77,RUN_009_NORMAL,TRAIN001,-0.05471337816047494,-0.012066924319747008,0.9894225419836749,26.037081149391526,25.97629368327563,26.01788584551284,139.54060020802098,4.9978332617975045,0.2696330194717648,1.3475808731948804,1.103075298838961,ZONE_01,NORMAL,NONE,0
0.78,RUN_009_NORMAL,TRAIN001,0.039090502976207996,0.025088300666969317,0.9533449000695373,26.07248953365472,25.964217364945632,26.005168630136954,140.13063614889418,4.998903956627688,0.2691864984443508,1.345637452144218,1.1077970713900942,ZONE_01,NORMAL,NONE,0
0.79,RUN_009_NORMAL,TRAIN001,0.012589780602351755,0.019942867446840255,1.016749574594384,26.08064773009986,25.965820268267077,26.033600281959714,139.88169351277756,5.011200726608601,0.26881868697612543,1.34710439950073,1.0754139173639892,ZONE_01,NORMAL,NONE,0
0.8,RUN_009_NORMAL,TRAIN001,-0.03726925245880404,-0.04552825699170971,0.9924365610594935,26.10444355576864,25.958393238181387,26.006681746058906,139.83140678845658,5.014634506357232,0.261311954231409,1.3103839426124653,1.1157246592776537,ZONE_01,NORMAL,NONE,0
0.81,RUN_009_NORMAL,TRAIN001,-0.020264211066965198,0.01841444088942202,0.986874903720379,25.996807697480495,26.03638794809639,25.994836179017454,140.1087301303635,4.984934415157979,0.265282590804943,1.322416316645832,1.0986146250485016,ZONE_01,NORMAL,NONE,0
0.8200000000000001,RUN_009_NORMAL,TRAIN001,-0.07091192781395023,-0.04946606905588051,0.9889000942353112,26.038179664633557,25.937344813752592,25.973656080682215,139.83814226820496,4.9838336066015465,0.2624621155942306,1.3080675121582663,1.0869591186373246,ZONE_01,NORMAL,NONE,0
0.8300000000000001,RUN_009_NORMAL,TRAIN001,0.05423424030441036,-0.029712472247709534,0.9999428410559558,25.986205563038872,26.11019083718713,26.02736566029444,140.09166905523722,5.002273004832416,0.26690811824942506,1.3351472746897173,1.085236891058685,ZONE_01,NORMAL,NONE,0
0.84,RUN_009_NORMAL,TRAIN001,0.0018454783365035256,0.04668231283156814,0.9817789919035129,26.073236027829914,26.046624618118752,25.975364990186353,140.35653340180733,4.987582529203348,0.2639735994611758,1.316590112843483,1.0992803570908958,ZONE_01,NORMAL,NONE,0
0.85,RUN_009_NORMAL,TRAIN001,0.020416365603110925,-0.019875141744929884,0.9586853277688597,25.98420652669709,26.142133908743354,26.005871912409642,140.46483969144293,5.006631862563556,0.2677819017810485,1.3406854016748622,1.107065700316896,ZONE_01,NORMAL,NONE,0
0.86,RUN_009_NORMAL,TRAIN001,0.04095137910586176,0.01666130834607569,0.9874447041230244,26.053609409792152,25.953647022160762,25.976309184468473,139.68047656939427,5.000320723839858,0.2666639726183299,1.3334053885848995,1.1180792831105117,ZONE_01,NORMAL,NONE,0
0.87,RUN_009_NORMAL,TRAIN001,-0.0141719000539848,0.007182424986586388,0.991555249829105,26.07750712959346,26.02879260311566,26.019657854021883,139.79253405385782,4.976982747791798,0.2669761708146915,1.3287357962162356,1.1050907659867706,ZONE_01,NORMAL,NONE,0
0.88,RUN_009_NORMAL,TRAIN001,-0.01949672948372334,-0.0006470017412602627,0.9736673763422127,26.04733648866548,26.08678274814575,26.015626039642925,139.87167972063543,4.985763345258645,0.27254526284462616,1.35884618141462,1.1126830894131676,ZONE_01,NORMAL,NONE,0
0.89,RUN_009_NORMAL,TRAIN001,-0.01664207920366203,0.030890519473392903,1.0704091232032698,26.063675697040484,26.021006070238602,25.996534143013566,139.72426695693096,5.003748415821467,0.2632363398955878,1.3171684187391888,1.1071096996756824,ZONE_01,NORMAL,NONE,0
0.9,RUN_009_NORMAL,TRAIN001,0.008635383360113753,0.02987260637693584,1.0203369482135738,25.95865143512526,25.99791395820375,26.009393186398565,139.89903412097829,5.006155735399586,0.27207030325527576,1.3620263090733034,1.104434032366542,ZONE_01,NORMAL,NONE,0
0.91,RUN_009_NORMAL,TRAIN001,-0.02832805509259763,0.020066724431934743,1.0703539660443269,26.075554700008183,26.040133960063315,25.987435838128736,139.71520526710083,4.999357154702732,0.27503503435185694,1.3749983667808678,1.09540466008056,ZONE_01,NORMAL,NONE,0
0.92,RUN_009_NORMAL,TRAIN001,-0.01266995721902064,-0.03958950939048764,1.009198873010627,25.984607993731473,25.96402163247997,26.028526370781805,140.1579474008668,5.0190827592344975,0.2760740755151452,1.385638632689668,1.103810190714966,ZONE_01,NORMAL,NONE,0
0.93,RUN_009_NORMAL,TRAIN001,0.007801810188120011,0.03588990912214826,1.0517858993321703,26.043603454243307,25.939328294793057,25.976070136847856,139.83001422867397,5.002649052269469,0.26570552895023647,1.3292315125856584,1.0939285794569875,ZONE_01,NORMAL,NONE,0
0.9400000000000001,RUN_009_NORMAL,TRAIN001,0.0033781042962439827,-0.052021651861089716,0.910092161759488,26.048543179768124,26.0638072485785,26.013798226113725,139.99978620891326,5.01154765724028,0.2714492750624066,1.3603809784985763,1.1230729646994775,ZONE_01,NORMAL,NONE,0
0.9500000000000001,RUN_009_NORMAL,TRAIN001,-0.019686658894038866,-0.04825084773186901,1.0461068069963442,26.126383676154724,26.06181305213751,26.037193203774336,140.13248590364674,5.010143208359672,0.27074823788646313,1.356487445222212,1.102577076571428,ZONE_01,NORMAL,NONE,0
0.96,RUN_009_NORMAL,TRAIN001,-0.03663497476906184,-0.059705652528873616,0.9945593321007637,26.04840912459153,26.011473542787463,25.986964542908137,139.97107216384651,5.00733968716348,0.2681213739844527,1.3425747969291517,1.1066470514406663,ZONE_01,NORMAL,NONE,0
0.97,RUN_009_NORMAL,TRAIN001,-0.019631972468560573,-0.010410422170887609,1.0123681324015568,26.074244758763154,26.0972773529239,26.010270130463404,140.0697354437805,4.999432958210622,0.26437562623495264,1.3217282191465949,1.1242562400500908,ZONE_01,NORMAL,NONE,0
0.98,RUN_009_NORMAL,TRAIN001,0.019702862255000942,-0.012830763633606676,0.96998214327231,26.158812478300803,25.990011856650995,25.993390181782,140.11679163138402,5.003504206155525,0.27689959266827746,1.3854682765984778,1.0989390301175042,ZONE_01,NORMAL,NONE,0
0.99,RUN_009_NORMAL,TRAIN001,0.04213160362839256,0.02959724374521963,0.9965087585289609,26.04284648948478,25.998519127956154,25.97669987968129,139.91795460120872,4.991472800169921,0.2709076307317749,1.3522280701561313,1.1186086534543198,ZONE_01,NORMAL,NONE,0
1.0,RUN_009_NORMAL,TRAIN001,0.03620179221812313,-0.01899945284563978,0.9642195337069372,26.063209460011596,25.930084239580488,25.998429618902982,140.1378974331561,5.016876523371965,0.27358723943615726,1.372553398621402,1.0992069779023117,ZONE_01,NORMAL,NONE,0
1.01,RUN_009_NORMAL,TRAIN001,-0.010067889255241264,-0.008638032610860286,0.9764911636137024,26.049836884447938,26.06094917011195,25.989219614920483,140.04801391987044,5.001869961487812,0.26860769025915215,1.3435407373318755,1.0908754090317623,ZONE_01,NORMAL,NONE,0
1.02,RUN_009_NORMAL,TRAIN001,0.02010951465448257,0.024637481042406123,1.0232459061718717,26.03683731532251,26.018009212307536,26.015552990144933,139.6779472905868,5.008442365833175,0.2662719871870827,1.3336079014623734,1.096095654373292,ZONE_01,NORMAL,NONE,0
1.03,RUN_009_NORMAL,TRAIN001,0.011781029744631038,0.0472277419679845,0.9607415159215477,26.096991254556254,26.046476810449438,26.030439863587997,140.02402874998756,5.012234764776917,0.2638385851691982,1.3224209288746107,1.1053066765986772,ZONE_01,NORMAL,NONE,0
1.04,RUN_009_NORMAL,TRAIN001,0.047965240925242264,0.003448198084127683,1.0046866294832937,26.07638717581014,26.065367734628374,26.02744571895935,139.91999438854765,5.0123250236325765,0.2686612630812263,1.3466175718227653,1.1116888518942012,ZONE_01,NORMAL,NONE,0
1.05,RUN_009_NORMAL,TRAIN001,-0.026142751521907304,0.004284784401386608,1.0085385296864593,26.037475016286557,25.991965159757626,26.006814122666672,139.62349851734103,5.0033466355701925,0.26600423349672353,1.3309113867132596,1.0975823117373562,ZONE_01,NORMAL,NONE,0
1.06,RUN_009_NORMAL,TRAIN001,0.03814954412691262,-0.029503805990189695,0.9929004677559683,26.117733406405506,26.049423399335254,26.016624848281918,139.85380196229605,4.986517631044595,0.2653103561382935,1.3229747685823212,1.0914304976669595,ZONE_01,NORMAL,NONE,0
1.07,RUN_009_NORMAL,TRAIN001,0.012330134755606965,0.013252845311926878,0.9938921405046872,26.02950062125945,26.096630732785123,25.979133638338293,139.77369206411117,4.988953150820618,0.26206122024167894,1.30741115043262,1.0877990661901724,ZONE_01,NORMAL,NONE,0
1.08,RUN_009_NORMAL,TRAIN001,-0.005005105492235704,-0.03251897451192177,1.0358997834914025,25.94987036024958,26.048593748205825,25.986835270292293,140.15077316613332,5.011906610448193,0.27721085040802296,1.3893548936479354,1.0994399247082427,ZONE_01,NORMAL,NONE,0
1.09,RUN_009_NORMAL,TRAIN001,0.08048311175719312,0.0010069787503260864,0.9330379883287266,26.08930401406705,25.98878066583977,25.998436213261556,140.2074744641585,5.0018700770505395,0.2682221145086297,1.3416121685639384,1.1213111924003458,ZONE_01,NORMAL,NONE,0
1.1,RUN_009_NORMAL,TRAIN001,0.05978212272207135,-0.0245911519959185,1.0232990186068167,26.04071413982722,26.020198793921356,26.038169441028035,140.09237756167016,4.99873959844226,0.2676448768021295,1.3378870439910049,1.1023992203569761,ZONE_01,NORMAL,NONE,0
1.11,RUN_009_NORMAL,TRAIN001,-0.050589327790320986,0.02401043782657451,1.022422238169759,25.966585993325047,25.999576615208834,25.973613227208457,139.91541270325789,4.986236234770053,0.27565001925768623,1.374456114137738,1.0945872936925378,ZONE_01,NORMAL,NONE,0
1.12,RUN_009_NORMAL,TRAIN001,0.004199217211609634,0.044405896583224025,1.0065725199222564,26.09036192487748,26.072145559628336,26.007866050093185,139.99038600896878,4.993632004900258,0.26053130992393003,1.3009974875147252,1.0986872487462043,ZONE_01,NORMAL,NONE,0
1.1300000000000001,RUN_009_NORMAL,TRAIN001,0.024210927128945504,0.007459855557949632,0.8961040528413764,26.094023729960778,26.070374365760454,26.00544667465644,139.99816618878214,5.011199561451422,0.2755474353744711,1.3808231873076133,1.0936574451302534,ZONE_01,NORMAL,NONE,0
1.1400000000000001,RUN_009_NORMAL,TRAIN001,0.036520601284413916,0.010022311260843212,1.0386136074604946,26.00992581150143,26.102762010305522,26.011192361887414,139.95962615298043,4.991108521291438,0.2744120100180023,1.3696201215455628,1.1019049820355504,ZONE_01,NORMAL,NONE,0
1.1500000000000001,RUN_009_NORMAL,TRAIN001,-0.03930880860920356,0.016522092741469374,1.0806390226241878,26.086941661301402,25.93731909865833,25.986351487855107,139.84061535990702,5.007055789542695,0.26961018262163977,1.3499532258153446,1.0962278190909458,ZONE_01,NORMAL,NONE,0
1.16,RUN_009_NORMAL,TRAIN001,0.01452500779934299,0.05400354391997497,1.0012431120747278,26.03330445632549,25.933746923057612,25.992727318434834,139.9250654960151,4.998455955792908,0.26503523915670524,1.324766969657831,1.0985044805109603,ZONE_01,NORMAL,NONE,0
1.17,RUN_009_NORMAL,TRAIN001,0.0074883653815537585,-0.0037506744022818652,0.9287520809423631,26.070731299284958,25.99890098508626,26.03121578661284,140.10141471463248,4.995701851613542,0.2640527603571308,1.3191288638397853,1.0940329599200629,ZONE_01,NORMAL,NONE,0
1.18,RUN_009_NORMAL,TRAIN001,-0.025219507836479995,-0.04831327659982589,0.9835795876010458,26.108574379387125,26.06437925819541,25.99578006276953,140.28022280554083,5.010774445708201,0.27240241535476206,1.3649470618088329,1.0804968948115679,ZONE_01,NORMAL,NONE,0
1.19,RUN_009_NORMAL,TRAIN001,0.026015342279236995,0.05422217795926579,1.04286452702152,26.043794912702133,26.02757405203408,26.005605561426254,140.07016347564854,4.999615409755566,0.26108463780315755,1.305322778411117,1.0841231692702862,ZONE_01,NORMAL,NONE,0
1.2,RUN_009_NORMAL,TRAIN001,-0.017153005692459637,0.025457633782723893,0.9534471170145675,26.019680007577954,25.96021077886061,25.984966037654154,140.17294854794883,4.985970473352993,0.2679769419900102,1.336125120301619,1.12705514753826,ZONE_01,NORMAL,NONE,0
1.21,RUN_009_NORMAL,TRAIN001,-0.0013907480078157318,-0.02780015276037497,1.0303595267649264,26.09091616349134,26.01364161601195,26.03067750502209,139.9603381933227,5.003829542293363,0.26602325899994994,1.3311350423211081,1.0915177662623414,ZONE_01,NORMAL,NONE,0
1.22,RUN_009_NORMAL,TRAIN001,-0.03192607698412412,0.009496023313232342,1.0414777597963758,26.08819984447765,25.95672328577061,26.01179122119093,139.72470762565385,4.985775944509901,0.2682660959401665,1.337514647866067,1.069019218193864,ZONE_01,NORMAL,NONE,0
1.23,RUN_009_NORMAL,TRAIN001,0.01505881419465127,0.007625334948206295,0.9810250722636671,26.085959806368848,25.96439317314526,26.010608052803793,139.87486191752382,5.008515506627583,0.2688542712389352,1.346560786523265,1.0923696675299965,ZONE_01,NORMAL,NONE,0
1.24,RUN_009_NORMAL,TRAIN001,0.016235363152754922,0.014731437937146678,1.046119563693429,26.104301276335693,25.991535706865253,25.98852636387704,140.03487471219722,5.002969689083778,0.26300892125844005,1.3158256610145977,1.1044017064775726,ZONE_01,NORMAL,NONE,0
1.25,RUN_009_NORMAL,TRAIN001,-0.010431477988129788,0.016685433736117913,1.0704790546607816,26.032464176452883,25.965972862140447,25.99935394799086,139.7772429253607,4.997606068641144,0.27288397404019066,1.3637666046981691,1.0964522430410588,ZONE_01,NORMAL,NONE,0
1.26,RUN_009_NORMAL,TRAIN001,-0.02802120829402631,-0.0033249673476114573,1.0474567768152658,26.05563929620661,26.06460501940495,26.01571918233927,140.16186767534893,4.984155248406141,0.26827909437021286,1.337144656242943,1.1077986919850618,ZONE_01,NORMAL,NONE,0
1.27,RUN_009_NORMAL,TRAIN001,5.779166630523655e-05,0.0276389871599186,1.018066186939558,26.164836969842867,26.115224907036527,25.982412478396874,139.95385461337898,5.015113513254474,0.2686109807623564,1.347114559429831,1.1046926246078455,ZONE_01,NORMAL,NONE,0
1.28,RUN_009_NORMAL,TRAIN001,0.008282893992346592,0.03512148948738234,1.0517345481134874,26.036602768470647,26.061634152983288,25.985631360327655,139.887586119682,5.016393033650097,0.26067473129835256,1.3076469061336666,1.105805440339372,ZONE_01,NORMAL,NONE,0
1.29,RUN_009_NORMAL,TRAIN001,0.005636594654787049,0.014366852226716284,0.9881400546638607,26.071736655773915,25.977483694872337,26.013597492652185,139.66016596553584,5.007357252491759,0.2748269010204267,1.3761564760044682,1.088904520139316,ZONE_01,NORMAL,NONE,0
1.3,RUN_009_NORMAL,TRAIN001,-0.008277230016524828,-0.017726958697665076,1.0280401309897933,26.065713327078424,25.96210973669157,25.994532107152143,139.6451609551242,5.007640807592374,0.2686939895206517,1.345522986678413,1.1040107254016327,ZONE_01,NORMAL,NONE,0
1.31,RUN_009_NORMAL,TRAIN001,0.03306648580972958,0.026927085044838914,0.9167961349194501,26.064119990368557,26.031878787266375,26.022568432201947,139.91623298344862,5.027435542280228,0.27673321293940056,1.3912583904609452,1.113574216266042,ZONE_01,NORMAL,NONE,0
1.32,RUN_009_NORMAL,TRAIN001,-0.011328003524200015,-0.06937689993009466,1.0496717934479296,26.145422987317318,26.029094223301403,26.002795586813644,139.78545192068174,5.011449135163436,0.27505161442490894,1.3784071752350167,1.083996435300448,ZONE_01,NORMAL,NONE,0
1.33,RUN_009_NORMAL,TRAIN001,0.0020690810294036743,0.017328020775499896,1.072409027792429,26.161515619269373,26.064607178850462,26.025977406701823,139.63703727198984,4.993986670838236,0.2675229617153068,1.33600610494941,1.1283948887816249,ZONE_01,NORMAL,NONE,0
1.34,RUN_009_NORMAL,TRAIN001,0.051119986929053944,-0.04813865292629772,0.9301932345878684,25.9984115026006,26.02140098638137,26.002445651945337,140.04582283710414,4.999454182033065,0.2738120565304965,1.3689108311124647,1.0917423530884227,ZONE_01,NORMAL,NONE,0
1.35,RUN_009_NORMAL,TRAIN001,-0.027813272587414048,0.030892289487746954,1.013536615363218,26.03917974029201,26.036753004702685,25.99641584668465,139.8817989188687,5.020596759104897,0.2708428743687848,1.3597928572825755,1.1070246212383845,ZONE_01,NORMAL,NONE,0
1.36,RUN_009_NORMAL,TRAIN001,0.0011013827714430127,-0.03740569913460507,0.9668060739354072,26.022423242294877,26.079395164117038,26.00834876317483,140.33186625346727,5.01228409589662,0.267453716561777,1.3405540099110373,1.0918389161935305,ZONE_01,NORMAL,NONE,0
1.37,RUN_009_NORMAL,TRAIN001,0.009404854422123262,-0.008274439126477712,1.060216168836448,26.03343552192913,26.020611875273207,26.018157207508057,139.82000790099204,5.003395981807315,0.2704623490553189,1.35323023049355,1.102657077373775,ZONE_01,NORMAL,NONE,0
1.3800000000000001,RUN_009_NORMAL,TRAIN001,-0.02490868828035154,-0.015430018765867252,0.9993217822786453,26.14297080699473,26.03594456125062,25.9929260957051,139.92643201803972,4.998650058976021,0.2636246079069952,1.317767161861832,1.0926745965553073,ZONE_01,NORMAL,NONE,0
1.3900000000000001,RUN_009_NORMAL,TRAIN001,-0.045376769424093424,0.026079383449966697,1.1143004831113592,26.042560359666144,25.934049161704923,26.010475372953973,139.88705601570123,4.989020549395779,0.259592847520346,1.2951140507551713,1.111317949322328,ZONE_01,NORMAL,NONE,0
1.4000000000000001,RUN_009_NORMAL,TRAIN001,-0.03203393028190958,0.036372459532138704,0.9535156984857174,26.074372257217785,25.94903446982413,25.991679322075356,140.08792388281748,4.9793536898321245,0.2682561791112434,1.3357423952778371,1.080904170039141,ZONE_01,NORMAL,NONE,0
1.41,RUN_009_NORMAL,TRAIN001,-0.07026227626269341,0.03710252938451712,1.0011643769721625,26.020130649776,25.928097417463082,25.975148556192238,140.02763860712793,5.006468043759288,0.273456413683377,1.3690507964668468,1.0977176117103191,ZONE_01,NORMAL,NONE,0
1.42,RUN_009_NORMAL,TRAIN001,-0.00020447283369964527,0.0008551226557545048,1.0507571737694075,26.115511586640924,26.005476288769348,25.987051643239166,140.18604755581174,4.984385967696448,0.26562146144228393,1.3239598851319432,1.1028337538655921,ZONE_01,NORMAL,NONE,0
1.43,RUN_009_NORMAL,TRAIN001,-0.0027258118441818966,-0.0045003128197263955,1.007317388303087,26.117916107884263,26.014655575095276,26.015696647062228,139.98551741685733,5.003246978348321,0.273071819457838,1.3662457555745062,1.0938459017064652,ZONE_01,NORMAL,NONE,0
1.44,RUN_009_NORMAL,TRAIN001,0.0228262838618539,-0.02203102627960784,1.0293354830655328,26.0819527944549,25.961232328143996,25.993791782156144,140.2827037343635,4.995843870943996,0.2664807009731526,1.331295976681584,1.100670880795781,ZONE_01,NORMAL,NONE,0
1.45,RUN_009_NORMAL,TRAIN001,0.06168463481141354,-0.01809974225915453,0.9813586927695238,26.146949406319273,26.02084392680286,25.97995047355978,140.0978628615066,5.001241863024121,0.2773759086236219,1.387224006002811,1.1175646612727923,ZONE_01,NORMAL,NONE,0
1.46,RUN_009_NORMAL,TRAIN001,0.005516665579847561,-0.04570815848824119,0.9562969734952622,26.065959735570736,26.037595033325243,26.015478583641027,139.95369800455933,4.992282910521947,0.2708493237265885,1.3521564501666743,1.1153955317002133,ZONE_01,NORMAL,NONE,0
1.47,RUN_009_NORMAL,TRAIN001,0.006418815342094365,0.01575910049141226,0.9863336116462464,26.04766854647251,26.020341227319772,25.997301731933423,139.85499687666194,5.006158272881245,0.2698534214772482,1.3509289383936356,1.0928845090257404,ZONE_01,NORMAL,NONE,0
1.48,RUN_009_NORMAL,TRAIN001,0.015962201595368736,-0.05704087778312447,0.9987831472561027,26.073232748566994,26.029357713063543,26.00324819599447,139.83227003468315,5.000230356891334,0.2598104805404672,1.2991122518369693,1.1223079133450284,ZONE_01,NORMAL,NONE,0
1.49,RUN_009_NORMAL,TRAIN001,-0.016380969011244955,-0.022589294437444726,1.0356657027676572,25.983195573675296,26.060623211472137,25.975184876828667,140.05400953812256,5.001568211630174,0.26993911537509,1.35011889853562,1.0994188178673208,ZONE_01,NORMAL,NONE,0
1.5,RUN_009_NORMAL,TRAIN001,-0.05021327212144141,-0.002380705954287514,1.0039508880991013,26.13784970187588,25.971159142860504,26.025610676079463,140.08276175059285,4.974704034607784,0.2640794770051809,1.3137172397147872,1.0950448812245166,ZONE_01,NORMAL,NONE,0
1.51,RUN_009_NORMAL,TRAIN001,-0.02526671597206947,0.032637601315195434,0.9776452675324518,26.12107952865181,26.028520811435794,26.041135084988287,139.89110316524227,5.013416595419605,0.2686314809537718,1.3467615246657851,1.085088246011291,ZONE_01,NORMAL,NONE,0
1.52,RUN_009_NORMAL,TRAIN001,0.004837542016828077,-0.03564744379110991,1.0179434062869424,26.056563205754593,26.132959736384695,26.02193437594946,139.78006728922793,5.008477427788744,0.26940254473397074,1.3492965642889398,1.0814510192492228,ZONE_01,NORMAL,NONE,0
1.53,RUN_009_NORMAL,TRAIN001,-0.0009974287275652013,0.030263532554844368,1.0244646717123838,25.987688401453084,26.119204862391786,26.01147822256166,140.38655141582188,5.000727135523433,0.2702049514696377,1.3512212329670095,1.0970097428189993,ZONE_01,NORMAL,NONE,0
1.54,RUN_009_NORMAL,TRAIN001,0.0008463930226440825,0.017465331707891798,0.9945476461598997,26.103191606696477,26.062901822151137,25.988475118866145,139.99770009892575,4.986268084344481,0.27038662465243185,1.3482201969380514,1.107625356745437,ZONE_01,NORMAL,NONE,0
1.55,RUN_009_NORMAL,TRAIN001,-0.02053726630509571,0.010577759577707208,0.9641341459431879,26.114884873071073,25.976988951306257,26.023328061913563,139.8154230436416,4.996099260975265,0.27114790518511994,1.354681848710369,1.0807054811528238,ZONE_01,NORMAL,NONE,0
1.56,RUN_009_NORMAL,TRAIN001,0.0012515019861863215,-0.01451693019257642,1.0425364208840169,26.10017852519713,26.10991697290184,26.01540846821729,139.86508491878098,4.983446690163464,0.26703904813074947,1.3307748605515854,1.112737465135583,ZONE_01,NORMAL,NONE,0
1.57,RUN_009_NORMAL,TRAIN001,-0.011186732860865163,0.020421279181906782,0.9598398580485217,26.146298175020174,26.009099110128947,25.97462991459879,140.05737942911787,5.007231443920422,0.27071486511994736,1.3555319849652763,1.0882396139104338,ZONE_01,NORMAL,NONE,0
1.58,RUN_009_NORMAL,TRAIN001,-0.00555915987173302,0.003713909805094526,1.0186982185996711,26.114849211333574,26.063333117401687,25.986297021964244,139.97269704310833,4.992880532455857,0.2651486016676028,1.3238552914740664,1.0845641431023885,ZONE_01,NORMAL,NONE,0
1.59,RUN_009_NORMAL,TRAIN001,-0.04266911141193802,-0.0028687473314128577,1.0311818105332538,26.043363066248027,26.100539485667213,26.002210032023328,140.23487092317367,4.979903729402672,0.2644304984007335,1.31683842515362,1.1080127221204106,ZONE_01,NORMAL,NONE,0
1.6,RUN_009_NORMAL,TRAIN001,-0.028693652306354667,0.02047622358312958,1.0439524464881598,26.02475545654059,26.072715134792244,25.997011576322826,140.1355486119666,4.988332026627633,0.2649253341066526,1.3215355287892412,1.1088149493511172,ZONE_01,NORMAL,NONE,0
1.61,RUN_009_NORMAL,TRAIN001,-0.0002477034911286454,0.014687642363580191,0.95574565386676,25.990402648787555,26.05086936973811,25.982044773186225,139.70671815879692,4.992008453282413,0.2784936738762587,1.3902427741759587,1.1028142859868344,ZONE_01,NORMAL,NONE,0
1.62,RUN_009_NORMAL,TRAIN001,0.0491455850173761,-0.018475203936416773,1.023736378742978,26.177716945077467,26.038970641419795,25.987458716100562,139.7756193807798,4.994620797772257,0.2707983632536421,1.3525351371093275,1.1026575235226286,ZONE_01,NORMAL,NONE,0
1.6300000000000001,RUN_009_NORMAL,TRAIN001,0.002453746711960788,-0.027873739121202886,1.037463593861031,26.078216630965503,26.105729334756074,25.990138878798547,139.99977019459507,5.01021467916391,0.2684271283823355,1.344877538906993,1.0937286798428036,ZONE_01,NORMAL,NONE,0
1.6400000000000001,RUN_009_NORMAL,TRAIN001,0.01904322645990114,-0.046552779758424014,1.0296032802825106,26.152403826646225,26.06444394455204,25.97599761548698,139.95721052236334,5.009330095525539,0.2717802112706052,1.3614367916861319,1.1093670526421555,ZONE_01,NORMAL,NONE,0
1.6500000000000001,RUN_009_NORMAL,TRAIN001,0.06138232149669451,-0.04023475945202908,1.0021520005139035,26.08460218356728,26.065895724210648,25.991134140729272,140.14165306047244,4.9943800178099265,0.2680088294645326,1.3385379424742898,1.0971859194731308,ZONE_01,NORMAL,NONE,0
1.6600000000000001,RUN_009_NORMAL,TRAIN001,0.008598872856087611,-0.004815472310474202,0.9804981609835003,26.120125682825943,26.04542336657409,25.951312151939987,139.9246767242334,4.987008940154189,0.27406985775556475,1.366788830853788,1.0993096655288304,ZONE_01,NORMAL,NONE,0
1.67,RUN_009_NORMAL,TRAIN001,-0.01043644925579336,-0.049793040419635844,0.9373523337431064,26.103963338986343,26.029033245323912,25.99433354516503,139.75160851562956,5.005998745857172,0.27626277438627467,1.382971102104714,1.0946175148648516,ZONE_01,NORMAL,NONE,0
1.68,RUN_009_NORMAL,TRAIN001,-0.06471876418433964,-0.006452714309993397,0.9931503722409828,26.002183597035344,26.05958363006527,26.016320944045813,140.23787308177975,5.01923220959359,0.2714085445148819,1.362262508588011,1.1090848172987178,ZONE_01,NORMAL,NONE,0
1.69,RUN_009_NORMAL,TRAIN001,-0.011608772570594637,-0.017309924782348808,1.0178250473314863,26.07614300658824,25.992775349714442,25.980560983781455,140.43848266971867,5.000148104158766,0.26908334451159716,1.3454565749203626,1.0974422545288265,ZONE_01,NORMAL,NONE,0
1.7,RUN_009_NORMAL,TRAIN001,0.03934097248400887,-0.020629125124338392,0.9761893903908506,26.124688364677066,25.97415881369814,26.027062678420414,139.81798346384576,4.992325239335963,0.26713950749932047,1.3336473057126363,1.0823458416935254,ZONE_01,NORMAL,NONE,0
1.71,RUN_009_NORMAL,TRAIN001,-0.0332309832442231,-0.02987726513147658,0.9747339927166562,26.18360068467614,26.071856530480883,25.96964151739529,139.83691107925063,4.996923074014876,0.2673035528606568,1.335695291055571,1.099464854618622,ZONE_01,NORMAL,NONE,0
1.72,RUN_009_NORMAL,TRAIN001,-0.012135891697331534,-0.04229314368138058,0.9856666052290124,26.1141626939105,26.032345526514117,25.97665907029169,140.06622092445957,4.994046163366888,0.26681550587564595,1.332488953445065,1.088903066869268,ZONE_01,NORMAL,NONE,0
1.73,RUN_009_NORMAL,TRAIN001,-0.006425009319132056,0.04612153881315847,0.9987891919297369,26.138986051262982,26.063834071850966,25.976487582577217,139.96711923322238,5.01147937876856,0.2734789657630758,1.3705341974486074,1.0839491994616877,ZONE_01,NORMAL,NONE,0
1.74,RUN_009_NORMAL,TRAIN001,0.006752721197565687,-0.019811811402202163,1.018022533921014,25.999160753398247,25.958313545689137,26.03284040067971,140.17452417653672,4.9860759797525205,0.2715344841646863,1.3538915691680333,1.0967715755674687,ZONE_01,NORMAL,NONE,0
1.75,RUN_009_NORMAL,TRAIN001,-0.034897514637576975,-0.013804642833780167,0.9714188194359251,26.030869667392803,26.061648980785538,25.997169080217077,140.04937053470306,5.016457987111031,0.2655157315329412,1.3319485121520513,1.1155573409069197,ZONE_01,NORMAL,NONE,0
1.76,RUN_009_NORMAL,TRAIN001,0.02562768812687625,-0.019514926895991044,1.0234228755349466,26.02769164818745,26.02154574763372,25.984842993320484,139.8943069044529,5.011218822454831,0.2683938785643935,1.344980456093545,1.1107002181935823,ZONE_01,NORMAL,NONE,0
1.77,RUN_009_NORMAL,TRAIN001,0.018498720492325628,-0.015313945996319404,0.9737187689227894,26.164002243648188,26.048147277743396,25.99685464819356,140.1121055898156,5.001348392082067,0.2717241556832254,1.3589871691161566,1.1021920404043781,ZONE_01,NORMAL,NONE,0
1.78,RUN_009_NORMAL,TRAIN001,-0.03390847828515044,0.039052678195050795,1.0897449003417141,26.052343143717234,26.012161952962295,25.983398662139507,140.0355323569328,5.0036286539783985,0.27461918597152174,1.3740924278593287,1.0954171103473869,ZONE_01,NORMAL,NONE,0
1.79,RUN_009_NORMAL,TRAIN001,-0.09381196668682128,-0.014300968210491632,1.0234677008147695,26.158735702509556,26.097525457227484,26.001727640428495,140.0095496220523,5.00346326324428,0.27528257983669,1.377366275223989,1.1050984627128524,ZONE_01,NORMAL,NONE,0
1.8,RUN_009_NORMAL,TRAIN001,0.019223671414485537,-0.015573479373095752,0.9828410394425865,26.088294606469557,25.97580561764131,25.989775888516714,139.9335884816662,4.98435134502839,0.2637785561472428,1.3147650011221566,1.10517089987566,ZONE_01,NORMAL,NONE,0
1.81,RUN_009_NORMAL,TRAIN001,0.004046465847807494,-0.014154437784221147,0.975684117872092,26.211994805266038,26.030225504521322,26.033471634410564,139.52018825351155,5.006066383938892,0.26693795505996704,1.3363091234230917,1.1074667073439,ZONE_01,NORMAL,NONE,0
1.82,RUN_009_NORMAL,TRAIN001,0.00041870268668844115,-0.006179850971028776,1.006265698577113,26.061623008058664,26.010931556665504,25.984036901933816,140.17248335028185,5.001372740087969,0.27255823179602046,1.3631653105911945,1.0985632577980338,ZONE_01,NORMAL,NONE,0
1.83,RUN_009_NORMAL,TRAIN001,-0.060413071464256035,0.01985565073731997,0.9680702754122449,26.076558195866554,26.06751067109212,25.98060238875008,140.54376351893887,4.993596678160394,0.26585485229988937,1.3275719073175496,1.1149501398096606,ZONE_01,NORMAL,NONE,0
1.84,RUN_009_NORMAL,TRAIN001,-0.027844831317989642,0.03479587587774541,0.9673168412520776,26.07327981510982,26.046147816702884,26.028902858494515,139.7401701097132,4.996584444303169,0.2722781723854394,1.360460880664383,1.104791091034002,ZONE_01,NORMAL,NONE,0
1.85,RUN_009_NORMAL,TRAIN001,-0.009985290937165414,-0.015226459849527784,1.0671987591845478,26.139481268180962,26.126598011400397,26.001535597410452,140.10409462977057,4.996140251259781,0.26825185118979344,1.3402238712042758,1.0938579150114172,ZONE_01,NORMAL,NONE,0
1.86,RUN_009_NORMAL,TRAIN001,0.006731314364489895,-0.02136359790924675,0.9362460706387401,26.20620521800904,26.028345082244908,26.0466208422573,140.01908003243932,4.988344586195088,0.2710225514264614,1.3519538771449686,1.1012559030075615,ZONE_01,NORMAL,NONE,0
1.87,RUN_009_NORMAL,TRAIN001,-0.004475079756238438,0.012594197780614371,1.0331727294188096,26.141917541746214,26.03415227918326,26.01249345002546,139.848225908213,5.007840119997749,0.2661623173350482,1.3328983311820268,1.1042068496287947,ZONE_01,NORMAL,NONE,0
1.8800000000000001,RUN_009_NORMAL,TRAIN001,0.030229576811495695,-0.05510967697037958,0.9866459218387141,26.085432442848624,25.950652760766342,26.014483227834134,139.955282860511,4.999060629368839,0.27211937208028414,1.3603412394551184,1.1068321231369214,ZONE_01,NORMAL,NONE,0
1.8900000000000001,RUN_009_NORMAL,TRAIN001,-0.03823472866822299,0.039954285637729764,1.0370596392961813,26.09264024997613,25.975153092429668,26.011001484827922,140.1953290481383,4.989272394828967,0.2666403300130143,1.3303412378820179,1.093674617295812,ZONE_01,NORMAL,NONE,0
1.9000000000000001,RUN_009_NORMAL,TRAIN001,-0.041145934705380485,-0.05169349280804838,0.9690169203433847,26.108559581200627,26.04843881549265,26.029439394423363,140.18587402065205,4.9976792290359,0.27015303449870254,1.3501382091751846,1.095994884311602,ZONE_01,NORMAL,NONE,0
1.9100000000000001,RUN_009_NORMAL,TRAIN001,-0.003109704079326524,0.0323808366474794,0.9712937988429997,26.067278815398176,26.039712552750984,26.007801653460174,139.86770696477546,4.998239531057213,0.2652173775908629,1.3256199809979783,1.0871218402034097,ZONE_01,NORMAL,NONE,0
1.92,RUN_009_NORMAL,TRAIN001,0.038441443379421306,-0.037409118033105114,0.9918627253873894,26.08688736048054,25.963880118992034,26.00227031693307,139.81227838164472,4.99320736433771,0.2713301900168473,1.3548079029592721,1.0960634447413942,ZONE_01,NORMAL,NONE,0
1.93,RUN_009_NORMAL,TRAIN001,-0.04412222730283558,0.04428002319114553,1.061221206800587,26.093931362103003,26.017642328456684,26.00549664935249,139.94493568946083,4.995724956159177,0.2696507682960895,1.3471010726242703,1.111597841701512,ZONE_01,NORMAL,NONE,0
1.94,RUN_009_NORMAL,TRAIN001,-0.04837594728678613,-0.011776332265553862,1.0490243167293851,26.030300894064165,26.040178729337097,26.0017703810089,139.7129232310688,5.006723861675843,0.2629788551728312,1.3166625093100097,1.0957955062065938,ZONE_01,NORMAL,NONE,0
1.95,RUN_009_NORMAL,TRAIN001,0.05466346548345897,0.036953159973190694,0.9691624235078626,26.105274029867285,26.03204622371256,26.02201709223896,139.95992871238528,5.000387756076826,0.2652541266940415,1.3263734873697364,1.0866443777915955,ZONE_01,NORMAL,NONE,0
1.96,RUN_009_NORMAL,TRAIN001,-0.025009010326281705,-0.012573281851369815,0.9913724490394723,26.152120665174326,26.02471847560958,25.995122542327504,139.9706626713211,5.015250522160969,0.2703304343122137,1.3557748518403312,1.0973209677510942,ZONE_01,NORMAL,NONE,0
1.97,RUN_009_NORMAL,TRAIN001,0.0024783865640606744,-0.042544381062703106,0.9448058923667272,26.103193830061993,26.02464231212408,25.990798963119527,140.26254541082022,5.011900182354555,0.27287332287719274,1.3676138566878957,1.1070893898167409,ZONE_01,NORMAL,NONE,0
1.98,RUN_009_NORMAL,TRAIN001,0.04414425434164229,-0.02684396965690747,0.9447126374646738,26.093172664578525,25.96709047871301,25.9628513675037,139.84519548376795,4.9944914180518305,0.2755540731918367,1.3762524537658545,1.0978116626439576,ZONE_01,NORMAL,NONE,0
1.99,RUN_009_NORMAL,TRAIN001,-0.03421912329657648,-0.015092325758034443,1.0346248464920462,26.116261666391466,25.98459181687605,26.019495598149135,139.71201916290372,4.994447338082541,0.2742862061182377,1.3699080120199914,1.0954666087322051,ZONE_01,NORMAL,NONE,0
2.0,RUN_009_NORMAL,TRAIN001,0.0023499303707094645,0.023176013980434028,0.9582328868062387,26.044647236076738,26.067118345769256,26.018546826917046,140.17355529533037,4.996833355976833,0.26581483722258703,1.3282324451473753,1.1024641718565922,ZONE_01,NORMAL,NONE,0
2.0100000000000002,RUN_009_NORMAL,TRAIN001,0.015289924011172863,-0.024830390239838348,0.8715595075993948,26.148652005257123,25.97909323465544,26.029348068672405,139.8460701604701,5.014079541308456,0.2649021136803999,1.3282402686542598,1.1012307904797172,ZONE_01,NORMAL,NONE,0
2.02,RUN_009_NORMAL,TRAIN001,-0.006242968800215054,-0.026328865748680305,1.0751557740931337,26.192617961508933,26.069887267364454,26.039899100604938,140.35902709190637,4.995931767558122,0.2596532592736883,1.2972099665554249,1.0931607729394237,ZONE_01,NORMAL,NONE,0
2.0300000000000002,RUN_009_NORMAL,TRAIN001,-0.011754456836436288,0.00724122195968755,1.0493919032633803,26.19267805104809,26.122625720763043,25.989685743643054,140.00514622883892,5.003393139387885,0.263487165516908,1.3183298762640576,1.1014732730395247,ZONE_01,NORMAL,NONE,0
2.04,RUN_009_NORMAL,TRAIN001,-0.023192072305454392,0.03252826345218971,1.0403777171828446,26.11483002269044,26.017209290393073,26.009772045386985,139.65049091458445,4.989854917316558,0.27792262847564764,1.3867935943327532,1.0931205075204387,ZONE_01,NORMAL,NONE,0
2.05,RUN_009_NORMAL,TRAIN001,-0.014490701972809508,0.002553120724404439,0.914904083498392,26.126741082512517,25.972318848185587,26.032080246384893,140.17765123217362,4.9813890696511836,0.27228452286311483,1.356355146025508,1.1128172339614062,ZONE_01,NORMAL,NONE,0
2.06,RUN_009_NORMAL,TRAIN001,0.03317045587434972,-0.027198516427520456,1.0173856299438844,26.175022291715578,26.1551755113047,25.99896009482026,140.2129970928838,4.984512048953305,0.28094644859772155,1.4003809581459834,1.09394089668031,ZONE_01,NORMAL,NONE,0
2.07,RUN_009_NORMAL,TRAIN001,-0.07379436833993933,0.016388624974226575,0.9071879607371428,26.087413797407997,26.002009671355463,26.015456349741644,140.15741169361033,5.006379860979168,0.26856811681495607,1.3445540113234966,1.1012607979106612,ZONE_01,NORMAL,NONE,0
2.08,RUN_009_NORMAL,TRAIN001,0.012088388474931199,0.03821727475808868,0.9996747525696987,26.079906999422555,25.94156933962299,25.97762053092417,140.55505503550216,4.979843486409131,0.2728173108310833,1.3585875083218255,1.095354380120552,ZONE_01,NORMAL,NONE,0
2.09,RUN_009_NORMAL,TRAIN001,-0.0017814429329517968,0.022152674932706787,1.0252140735571098,26.193724673897943,26.054848755431326,25.965364407101546,139.9003038659825,4.999562928837396,0.26366136506978044,1.3181915865695375,1.1039393638122066,ZONE_01,NORMAL,NONE,0
2.1,RUN_009_NORMAL,TRAIN001,0.000658975170453678,0.004423945406120654,0.9497772616768222,26.17095653182439,26.08939287669976,26.004124342106213,140.14199295589512,4.997124530728167,0.2659097264571415,1.3287840170381984,1.097606688051951,ZONE_01,NORMAL,NONE,0
2.11,RUN_009_NORMAL,TRAIN001,0.0004704586565272066,0.018769320131958606,1.0244888966603498,26.036121155996995,25.97053465598504,25.998576676377873,140.26049377908555,4.989135810761324,0.2689515380292275,1.341835749740955,1.0957597056089532,ZONE_01,NORMAL,NONE,0
2.12,RUN_009_NORMAL,TRAIN001,-0.0021988565207424677,-0.02171829704342046,1.0355999997463767,26.058048968251875,26.067486657126036,25.97898292345165,140.0735132986993,4.987473479400752,0.27464854350074835,1.369802326866026,1.1020974792943874,ZONE_01,NORMAL,NONE,0
2.13,RUN_009_NORMAL,TRAIN001,0.019073141010145237,-0.006944760252586101,1.0336244745590533,26.149650100095467,26.027253487751846,26.033350976083405,139.9807620489186,5.020628207549507,0.2699026216272113,1.3550807154331386,1.0913798927035223,ZONE_01,NORMAL,NONE,0
2.14,RUN_009_NORMAL,TRAIN001,-0.06604819534334114,0.014041979941348297,1.0077501041739982,26.107736269672362,26.022080974068192,25.995156138039277,140.06077571364798,4.9962963645179865,0.2706610773459662,1.3523029567601723,1.1025566440039445,ZONE_01,NORMAL,NONE,0
2.15,RUN_009_NORMAL,TRAIN001,0.02392016067637084,0.00594957680153609,1.0218320441552289,26.112177071516157,26.011284314855615,25.998554524140268,140.11781447399724,5.003403109852286,0.27136274446817094,1.3577371995700978,1.0909754615140048,ZONE_01,NORMAL,NONE,0
2.16,RUN_009_NORMAL,TRAIN001,0.021634962638975432,-0.007665796236823486,0.9979424599205686,26.08279533214377,26.038354049091478,25.998458367832992,140.1531760814482,5.000205046870336,0.27175039516834226,1.3588076974097532,1.1047384826715307,ZONE_01,NORMAL,NONE,0
2.17,RUN_009_NORMAL,TRAIN001,0.0012806268908230074,-0.04001430793702686,1.0735313449000288,26.12195344815044,25.978927749754956,25.984416566002515,139.9251970156149,5.0115530977983616,0.2732016041100626,1.3691643454012659,1.109265087878201,ZONE_01,NORMAL,NONE,0
2.18,RUN_009_NORMAL,TRAIN001,-0.0035673344431083093,-0.05446509378902593,1.0695267650819342,26.208319416440666,26.019389931673814,26.049119064551242,139.92678771696555,5.012804538514066,0.2693691485810879,1.3502948905429473,1.1094238079898462,ZONE_01,NORMAL,NONE,0
2.19,RUN_009_NORMAL,TRAIN001,0.029361723356220292,0.006715120657296211,0.9720411168088202,26.08918262476115,26.017776675108372,25.964393945088823,139.92950163016923,4.9875165166684505,0.27310261547656833,1.3621038054347374,1.1030153481618605,ZONE_01,NORMAL,NONE,0
2.2,RUN_009_NORMAL,TRAIN001,0.0658027226917481,-0.030516618453582754,1.0205201758415414,26.095671622003458,26.084585860707204,25.981232168885043,140.17576410226832,5.013487278006699,0.27348009280897345,1.3710889660858798,1.1037842172860088,ZONE_01,NORMAL,NONE,0
2.21,RUN_009_NORMAL,TRAIN001,0.0521469601443788,0.016938768103995253,0.9650948136208409,26.11066415636467,26.051753817954502,25.984479822642978,139.9897809579031,5.0057361570271315,0.26911169826445613,1.3471021582813636,1.096411088212461,ZONE_01,NORMAL,NONE,0
2.22,RUN_009_NORMAL,TRAIN001,0.04339895140848762,0.06900284972157832,0.9872222055381273,26.13500415477851,26.035421510154947,25.98151396899986,139.89788169097582,5.006670092301118,0.25900104419357384,1.2967327818387262,1.092069598399832,ZONE_01,NORMAL,NONE,0
2.23,RUN_009_NORMAL,TRAIN001,-0.059511899255228824,-0.01786272449357137,0.93279507851268,26.066403894701338,26.083584673235972,25.988293249829727,139.79141722777857,5.010486932208379,0.26838971970022474,1.344763183297046,1.0945005510866217,ZONE_01,NORMAL,NONE,0
2.24,RUN_009_NORMAL,TRAIN001,0.05593388410730537,0.041813830991751344,1.0177213014611886,26.0204686788356,25.9846244090881,26.004325954673156,139.77315902749922,5.007449481847228,0.2631828316781875,1.3178747341180264,1.093564572790236,ZONE_01,NORMAL,NONE,0
2.25,RUN_009_NORMAL,TRAIN001,0.0032887272554029956,-0.004816595450515118,0.9773509768733012,26.07120634747886,26.006751587193346,25.986598276559473,139.77626079391325,5.007825789679049,0.2703335306836741,1.3537832267726957,1.1131908582687744,ZONE_01,NORMAL,NONE,0
2.2600000000000002,RUN_009_NORMAL,TRAIN001,-0.02024292818192273,-0.0032042835136599722,1.062739246675809,26.1450671678415,25.991159261238863,26.02346136535954,140.30555863681633,4.992142170302889,0.2667608794889935,1.3317082358840917,1.100309809222227,ZONE_01,NORMAL,NONE,0
2.27,RUN_009_NORMAL,TRAIN001,0.01006750022584915,-0.014214694708714578,1.0030289280018618,26.09326843697108,26.080188383157093,25.99478136579263,140.0642980541773,4.998532714549446,0.26980323549963375,1.3486202991362077,1.1083607232209662,ZONE_01,NORMAL,NONE,0
2.2800000000000002,RUN_009_NORMAL,TRAIN001,0.039182562062454775,-0.018785070978962856,1.018045584544959,26.117634442999208,26.009140449338414,25.996708610375673,139.75838346464022,5.008761802089686,0.28291009584628857,1.4170292815004222,1.0992456551305547,ZONE_01,NORMAL,NONE,0
2.29,RUN_009_NORMAL,TRAIN001,-0.05532445227846127,0.002824872387199676,0.986190864417267,26.127592393284328,26.017504167714975,26.049752926330772,140.0744131035231,4.998509849224852,0.265399212406341,1.3266005771896139,1.101155006283915,ZONE_01,NORMAL,NONE,0
2.3000000000000003,RUN_009_NORMAL,TRAIN001,0.02501095473124526,-0.004691736778581701,0.8837406128537505,26.140618361932916,26.051814250335713,26.007697384087102,140.06585980287042,4.97981522125797,0.2745757886994424,1.3673366919543952,1.095167972133659,ZONE_01,NORMAL,NONE,0
2.31,RUN_009_NORMAL,TRAIN001,-0.016518426762258488,-0.01650871008762533,1.108512449319068,26.096111909668597,25.899861647966357,26.01762246761902,140.3389209737275,5.0051588472317095,0.27531785168841166,1.3780095811790813,1.0997234715135829,ZONE_01,NORMAL,NONE,0
2.32,RUN_009_NORMAL,TRAIN001,0.0036149665777414665,0.031224160838128165,1.0265155732197615,26.17260371034481,26.089006274369492,26.027818060852617,140.05969441116665,5.00338482884859,0.2706860011644109,1.3543462316077053,1.0975575082486426,ZONE_01,NORMAL,NONE,0
2.33,RUN_009_NORMAL,TRAIN001,-0.00950622036499726,-0.030053816284785873,0.9668291123073449,26.185448848814655,26.013866923001203,25.980722532737943,139.89073457021516,5.000228401330538,0.26874651748755224,1.3437939694999328,1.1118946212473713,ZONE_01,NORMAL,NONE,0
2.34,RUN_009_NORMAL,TRAIN001,0.02420251427124815,-0.020769295008599045,1.034592357719158,26.126297445397483,26.145854384403282,25.99483804912745,140.13364508349167,5.009613039760838,0.27071227487648025,1.3561637422445358,1.1162554329006997,ZONE_01,NORMAL,NONE,0
2.35,RUN_009_NORMAL,TRAIN001,0.0028670465287236532,-0.039633634121050566,1.0447763283013651,26.038480688154362,25.93488681158402,26.009098899335772,140.07805336812245,4.992240789786626,0.25407372843394954,1.268397230701133,1.0740406927309152,ZONE_01,NORMAL,NONE,0
2.36,RUN_009_NORMAL,TRAIN001,-0.022648288933416257,0.0102589133074839,0.973929133335885,26.091848976253857,26.05805680980064,25.976395416144328,140.06792121246536,4.990400421077367,0.27789735351226513,1.3868190699838938,1.120047642786954,ZONE_01,NORMAL,NONE,0
2.37,RUN_009_NORMAL,TRAIN001,-0.027976777803335538,-0.010111808248400123,0.96514138884396,26.08594135608974,26.057128001046607,26.01275164839604,140.2416745970822,5.010504576890212,0.2664957696934517,1.3352782737709195,1.1107246423207375,ZONE_01,NORMAL,NONE,0
2.38,RUN_009_NORMAL,TRAIN001,-0.017138295344615383,-0.053711930813471066,0.9928230828852226,26.112318209557603,26.047840200415653,26.018856025752708,139.89995274915202,5.007100865187639,0.26706259452677944,1.337209348114293,1.1054089144439498,ZONE_01,NORMAL,NONE,0
2.39,RUN_009_NORMAL,TRAIN001,0.018720935982735283,0.0006174390550596861,1.0412807403226312,26.100853495373133,25.992358820336882,26.022818313304796,139.9786468755746,5.008251465622964,0.2614025130356572,1.309169519028356,1.1137818278132443,ZONE_01,NORMAL,NONE,0
2.4,RUN_009_NORMAL,TRAIN001,-0.023973670385390652,-0.015662396634221865,1.026631793126771,26.159179013080458,26.075060215184777,25.983999941680338,139.80658731924615,4.994356338640213,0.27026035209223204,1.349776502554975,1.0845042354436287,ZONE_01,NORMAL,NONE,0
2.41,RUN_009_NORMAL,TRAIN001,0.02605824087761283,0.013584185943021954,0.9794568171465524,26.128839687743916,25.985300244734002,26.024532215643234,139.81241465101712,5.006284237128232,0.2645736891605522,1.3245310896033369,1.0944846483167676,ZONE_01,NORMAL,NONE,0
2.42,RUN_009_NORMAL,TRAIN001,0.039971529480320546,0.0010001171848521985,1.0119396806587584,26.215935370860855,26.087375675428017,25.9849504664667,139.72851783009384,5.0081706459108535,0.2668520354361916,1.3364405306730978,1.1136704360367737,ZONE_01,NORMAL,NONE,0
2.43,RUN_009_NORMAL,TRAIN001,0.008704034741227206,-0.00448323883221484,1.0427399874734382,26.141286595074526,26.03428764002806,25.979283774909284,140.3200180297467,5.020100368278203,0.27392394697693845,1.3751257070991476,1.1136156880763302,ZONE_01,NORMAL,NONE,0
2.44,RUN_009_NORMAL,TRAIN001,-0.06423936570981388,-0.0465009772133825,1.0224353612801786,26.21991694912584,26.072684931806606,25.999961777544314,140.15086526031786,4.993600092771948,0.26855686373690846,1.3410655796711695,1.1111123554187545,ZONE_01,NORMAL,NONE,0
2.45,RUN_009_NORMAL,TRAIN001,0.013462173908012895,-0.05470014371790224,1.015207606845516,26.13078841088838,25.992970072389493,26.02421667798489,140.05740174771844,5.00003469682026,0.27138763195422405,1.3569475760590068,1.1050446306597184,ZONE_01,NORMAL,NONE,0
2.46,RUN_009_NORMAL,TRAIN001,0.017692445046160864,0.043538998689980776,1.02875805440237,26.122178349742956,26.061186921184703,26.007269351176177,140.10592856077727,5.002456766145565,0.2659838238635007,1.3305725793712395,1.0984194184320388,ZONE_01,NORMAL,NONE,0
2.47,RUN_009_NORMAL,TRAIN001,0.030130740460264302,0.0024786665028131297,0.9330505353064565,26.0572741623994,26.065446652525985,25.992459700062295,139.8581030350567,5.0076944155162995,0.2701639548133259,1.3528985277924899,1.0958932490642521,ZONE_01,NORMAL,NONE,0
2.48,RUN_009_NORMAL,TRAIN001,0.009657381442245708,0.029675194218730296,0.931678621726777,26.243215372835294,26.03743780407838,26.014576579876984,140.10797070430678,5.000895790300185,0.27110661346170434,1.3557759219831766,1.105267635882259,ZONE_01,NORMAL,NONE,0
2.49,RUN_009_NORMAL,TRAIN001,0.04610134768854355,-0.04622037792405428,0.9649515728201048,26.13152536017927,26.117793757293352,26.045687124214588,139.45103115085897,5.015091673669522,0.26838855361480146,1.345993200541797,1.107524506009609,ZONE_01,NORMAL,NONE,0
2.5,RUN_009_NORMAL,TRAIN001,0.04870339199151745,-0.03490958844425744,0.9599602215172398,26.15984444737766,25.935335116889636,26.008055756146806,139.66116771336473,4.996160792784761,0.26338170644055703,1.3158973552550566,1.0959446120198364,ZONE_01,NORMAL,NONE,0
2.5100000000000002,RUN_009_NORMAL,TRAIN001,0.003912176198933762,-0.024944743026802652,1.013462340883487,26.107402850541405,26.049708354178854,26.01480745395936,139.79138507947115,4.994971242728093,0.27438119848652676,1.3705261959854702,1.0843048385692544,ZONE_01,NORMAL,NONE,0
2.52,RUN_009_NORMAL,TRAIN001,0.027056990165088078,0.0008226601485596047,1.0216250232363104,26.065717058927852,26.09890396836289,25.997641900045465,139.77459529677935,4.993470370859458,0.26255364564698025,1.3110538502993292,1.0953295767846065,ZONE_01,NORMAL,NONE,0
2.5300000000000002,RUN_009_NORMAL,TRAIN001,0.06262250736661922,0.0011802069092724647,0.9836322858046418,26.04859914654832,26.091133232753275,25.995456071134598,140.0533215787424,5.011447614098392,0.26762268973337844,1.3411770899429336,1.1006502661297357,ZONE_01,NORMAL,NONE,0
2.54,RUN_009_NORMAL,TRAIN001,0.02275366915440753,-0.001032472169533356,1.0474275628005631,26.137499009000344,25.99740593967475,25.996141434306058,140.23669168136954,5.005060774175292,0.26697580311058916,1.3362301198027557,1.0865799560844105,ZONE_01,NORMAL,NONE,0
2.5500000000000003,RUN_009_NORMAL,TRAIN001,0.015877754532971956,0.014335036903728995,1.0750618610066676,26.092397151406807,25.947564934525122,25.9504198425204,139.83206240201807,5.004147678828497,0.2662609972187314,1.3324093511946757,1.0929078994486712,ZONE_01,NORMAL,NONE,0
2.56,RUN_009_NORMAL,TRAIN001,0.06588353740559254,-0.015089578778230152,1.0016086812497362,26.189343924126717,26.03943874696021,26.005596447487637,139.86410632798123,4.988578009826649,0.26616280183047053,1.3277739002453335,1.1131090806643682,ZONE_01,NORMAL,NONE,0
2.57,RUN_009_NORMAL,TRAIN001,-0.06281203871133742,-0.022264268795537525,1.0109097297141696,26.116864741617196,26.054698930176862,26.019500043325536,140.00678040390963,4.9959152032406,0.2728452997319334,1.3631119810635044,1.111861694171725,ZONE_01,NORMAL,NONE,0
2.58,RUN_009_NORMAL,TRAIN001,0.04742607954083943,-0.04250767595275893,0.9568603528286955,26.12806386534629,26.08940080779161,26.008629022657882,139.9207697851546,5.00848796372713,0.2762820847423441,1.3837554960254694,1.084396252143301,ZONE_01,NORMAL,NONE,0
2.59,RUN_009_NORMAL,TRAIN001,-0.008146921609408529,-0.012438744389195108,0.9720716419090795,26.127364212584247,26.09761120359998,26.00918028380062,140.0415614005237,4.984047163336653,0.273014270897293,1.3607160024160778,1.0981330151737618,ZONE_01,NORMAL,NONE,0
2.6,RUN_009_NORMAL,TRAIN001,-0.06761160838582539,-0.009058798010279562,0.9855978473831164,26.084647674607815,26.079937434275458,25.999385909638445,140.32893204417894,4.986407733975977,0.26336105203606563,1.3132255867006872,1.1017249315099744,ZONE_01,NORMAL,NONE,0
2.61,RUN_009_NORMAL,TRAIN001,0.031228044183612778,0.0020039610480446085,0.9979439426066564,26.258189316524724,26.11000102978254,26.025565808835193,139.6887411561164,5.010398903986795,0.2599404336766351,1.3024052639952648,1.0934934060315622,ZONE_01,NORMAL,NONE,0
2.62,RUN_009_NORMAL,TRAIN001,0.04750564042242762,0.0005453635315673264,1.0074358754090835,26.191530909538375,26.083444663440805,25.97847250894023,139.7930641936478,4.9980603404369495,0.2683849733200351,1.341404291120096,1.1317957880099314,ZONE_01,NORMAL,NONE,0
2.63,RUN_009_NORMAL,TRAIN001,-0.00029668003172238314,-0.010139005736425215,1.0324998188941346,26.131307413341943,26.06380698008068,26.009699984902397,140.00410509677678,5.01553216675351,0.2681486272338566,1.3449080653622039,1.106656801473336,ZONE_01,NORMAL,NONE,0
2.64,RUN_009_NORMAL,TRAIN001,0.01910202406344687,-0.031550481511097836,1.0247699469962073,26.250040752939597,26.024040032736046,25.998538440892727,139.86369244132106,4.996876654153269,0.2670947334100819,1.3346394378241293,1.0878908103099414,ZONE_01,NORMAL,NONE,0
2.65,RUN_009_NORMAL,TRAIN001,0.0366283071178603,0.018978829625954097,1.1033741563033341,26.165384808966877,25.999336294857393,25.96407125897982,139.74440522222864,5.008185638889284,0.2726645938416476,1.365554903111319,1.0982640900445166,ZONE_01,NORMAL,NONE,0
2.66,RUN_009_NORMAL,TRAIN001,-0.012160819298577309,-0.03212681522801935,0.9177241933330776,26.23829467848294,26.11183188720493,26.00399283445925,139.783416127548,4.997892656853927,0.2658809519895594,1.3288444575459506,1.0766319495551426,ZONE_01,NORMAL,NONE,0
2.67,RUN_009_NORMAL,TRAIN001,0.011815122468322151,-0.014867313504908754,1.0568777009117136,26.15614147883412,26.02624718247564,26.02284047299335,140.1840865475313,4.99637497513596,0.2653264025298674,1.3256701978430798,1.113762861007439,ZONE_01,NORMAL,NONE,0
2.68,RUN_009_NORMAL,TRAIN001,0.025398213744835807,-0.03185664044605772,1.024506262007314,26.15642103571634,25.93178923189864,25.9732659288127,139.72612089331992,4.999528661003023,0.262600874512773,1.3128805985310668,1.0930991373992818,ZONE_01,NORMAL,NONE,0
2.69,RUN_009_NORMAL,TRAIN001,-0.02027993241580411,-0.01952646625751705,1.033087677722956,26.173959523705957,26.03253010757362,25.958974563032317,140.10481528221203,5.000707480524377,0.26899662905314126,1.3451734551418844,1.099754059505094,ZONE_01,NORMAL,NONE,0
2.7,RUN_009_NORMAL,TRAIN001,-0.0014056393238653707,-0.0077533575957519545,0.9744565969810366,26.13274322128836,26.08490642456554,25.99611378656377,139.8762019178585,4.994433134929453,0.2686205506273778,1.3416073787763703,1.0953535779787584,ZONE_01,NORMAL,NONE,0
2.71,RUN_009_NORMAL,TRAIN001,-0.027354692360907887,-0.010606070813378402,1.0388109104082748,26.177095287643578,26.004872687351217,25.954010691752817,140.0939494593554,4.998255785289062,0.279908794484427,1.3990557513850743,1.0920835705110263,ZONE_01,NORMAL,NONE,0
2.72,RUN_009_NORMAL,TRAIN001,-0.030606669462975696,0.01731187998200424,1.0167549439415855,26.2038874114229,25.955930683528223,25.98823137660802,140.23555477874837,5.007596638560587,0.26244344503881945,1.3142109131886524,1.0858367227074164,ZONE_01,NORMAL,NONE,0
2.73,RUN_009_NORMAL,TRAIN001,-0.002719243054362835,-0.02154135148731219,1.0367816963466434,26.1486322947256,25.960032498651476,26.020800812202804,140.1248709066646,5.0129022033644075,0.26799935594105356,1.3434545618971496,1.0943323940357985,ZONE_01,NORMAL,NONE,0
2.74,RUN_009_NORMAL,TRAIN001,0.013568192658863186,0.025558306557105243,0.9994420913610231,26.113293370017175,26.048439993200343,26.001244226647056,140.0107989123488,4.991678261819869,0.2724929621249771,1.360197195538153,1.092443658888165,ZONE_01,NORMAL,NONE,0
2.75,RUN_009_NORMAL,TRAIN001,0.0076426548024266265,-0.011732232975936913,1.040499842214338,26.148246674666964,26.043851842186516,26.000654314821247,140.1250798105761,4.991435158233273,0.2657963703483961,1.326705347887776,1.1109303021592292,ZONE_01,NORMAL,NONE,0
2.7600000000000002,RUN_009_NORMAL,TRAIN001,0.020907859064350713,-0.02567459649173809,0.9338247371497789,26.168515016339075,26.03378539120845,25.981249306450554,139.757567104655,5.015795380711236,0.2640273440581213,1.3243071327081808,1.108950448609761,ZONE_01,NORMAL,NONE,0
2.77,RUN_009_NORMAL,TRAIN001,0.024226618507750562,0.025433319974549347,1.0908501784156974,26.108915702839155,26.035692503046075,26.00276984308899,139.9273008151962,4.99600161752952,0.2708468901010033,1.3531515010474526,1.1128363521707767,ZONE_01,NORMAL,NONE,0
2.7800000000000002,RUN_009_NORMAL,TRAIN001,0.023321592567734594,0.013272387639626827,0.9994621700120339,26.22225976256455,26.11618737554942,25.98418185358601,140.11907816449244,5.020719923689922,0.2632423273057009,1.321665997462236,1.0890775920578726,ZONE_01,NORMAL,NONE,0
2.79,RUN_009_NORMAL,TRAIN001,-0.017083684806154357,-0.004431798616754142,1.0240639041095823,26.154172893381418,26.03648986286309,26.001887843571655,139.90444921822956,4.9912703342994655,0.27203052341392087,1.3577778815398593,1.0883341595155482,ZONE_01,NORMAL,NONE,0
2.8000000000000003,RUN_009_NORMAL,TRAIN001,-0.0099415239519727,-0.0028333916265667306,0.9800012085409827,26.112357597261457,26.069651003390003,26.01084089492386,139.86538368464298,5.006268261369719,0.2745615422979509,1.3745287349989512,1.1176039524433665,ZONE_01,NORMAL,NONE,0
2.81,RUN_009_NORMAL,TRAIN001,-0.04105315818819233,0.02021118288317864,0.998566851559441,26.187941946592538,26.047117439376752,25.97359180266421,140.02166755563132,5.000460558281262,0.27532012344171,1.3767274181713989,1.1099195709610612,ZONE_01,NORMAL,NONE,0
2.82,RUN_009_NORMAL,TRAIN001,0.050551137868691566,0.04351530030432295,1.0044234649625658,26.129108497894617,26.055037493199354,25.98677103580745,140.19833177226724,4.985509865480883,0.2744564987993229,1.3683055824093664,1.0899301144814493,ZONE_01,NORMAL,NONE,0
2.83,RUN_009_NORMAL,TRAIN001,0.02857949717884659,0.0282921461221236,1.0763081807160138,26.208639989240705,26.036843650756172,25.979428804592423,140.2661388346871,4.9989227738881015,0.26775726750131584,1.3384979023863761,1.1022424342849388,ZONE_01,NORMAL,NONE,0
2.84,RUN_009_NORMAL,TRAIN001,-0.009152079210493044,0.013708413160653594,1.0468150326144097,26.20286127230232,26.102828074128144,26.032720936942543,140.3518109936221,4.993220417240874,0.265639458627932,1.3263963684458024,1.0962347994205721,ZONE_01,NORMAL,NONE,0
2.85,RUN_009_NORMAL,TRAIN001,-0.001675301891149236,0.015401636503654545,1.030649915656889,26.21760238501572,26.099485995657677,25.966924641256092,139.87406487789627,4.9948665933314915,0.27415870675821247,1.36938616565756,1.0906283414021485,ZONE_01,NORMAL,NONE,0
2.86,RUN_009_NORMAL,TRAIN001,0.027159116517703686,0.02347910891764055,0.9363020657688756,26.160650078619568,26.15476390184488,26.003039242402938,139.65872830614015,5.018251313943505,0.2725246106140088,1.3675969852956917,1.1012649529454972,ZONE_01,NORMAL,NONE,0
2.87,RUN_009_NORMAL,TRAIN001,-0.027462432489360946,0.01638891900803122,1.0126528481625503,26.190097253363415,26.077476855802043,25.96027191367505,140.1226376109319,5.008239989975273,0.2704293226273235,1.3543749480440865,1.100051284682091,ZONE_01,NORMAL,NONE,0
2.88,RUN_009_NORMAL,TRAIN001,-0.013871309777949545,-0.021459664496033756,1.0077809882428348,26.09850731043042,25.98894275929579,26.00839364335002,140.07391529970687,4.985284948863431,0.27162784976494453,1.3541422311253153,1.0959188820224175,ZONE_01,NORMAL,NONE,0
2.89,RUN_009_NORMAL,TRAIN001,-0.02681280602224597,-0.05251621617033419,1.0055519595658862,26.127302355225567,26.01346089597721,25.972647081382597,139.61605246214953,4.989528478570573,0.2765698033723739,1.3799529102391235,1.09339090752491,ZONE_01,NORMAL,NONE,0
2.9,RUN_009_NORMAL,TRAIN001,-0.0008987196822346299,0.0023785971298124968,0.9978948962775175,26.093365768889484,26.028519369166787,25.96709404636327,139.94226809373328,5.002351002667749,0.2670395105526183,1.3358253633647952,1.1239676317812815,ZONE_01,NORMAL,NONE,0
2.91,RUN_009_NORMAL,TRAIN001,0.04087812039613522,-0.0030341508370173944,0.9941019453511869,26.18921606283811,26.00229488061785,25.975146965672984,140.11222410555055,4.997066083817044,0.2652227581193391,1.325335649254561,1.0920756380369934,ZONE_01,NORMAL,NONE,0
2.92,RUN_009_NORMAL,TRAIN001,-0.015949418484803905,-0.02993889022973059,1.0030645387483492,26.145441055760845,26.08233364074946,26.002061392774948,140.08878028555807,4.982523497569616,0.2692799634197468,1.341693745163575,1.0884718594744276,ZONE_01,NORMAL,NONE,0
2.93,RUN_009_NORMAL,TRAIN001,0.03903473456681225,-0.008875252352997425,1.0208401253345298,26.072381567876775,25.98579906989677,26.045491503985062,140.05098142640506,5.0077705508570105,0.26603279880126546,1.3322312153990454,1.1107818096916644,ZONE_01,NORMAL,NONE,0
2.94,RUN_009_NORMAL,TRAIN001,0.011249715628705744,-0.007805646277859546,1.0102609485837641,26.13729706409062,26.08649989988025,25.985186465887747,139.51092270992999,4.979297227370823,0.25387049054969335,1.2640966297053589,1.094221523128569,ZONE_01,NORMAL,NONE,0
2.95,RUN_009_NORMAL,TRAIN001,-0.008283187969903976,0.04657361658935252,0.9973985708273482,26.186524587784362,26.04611291449394,26.00355772488217,140.2276409590779,5.001221078108543,0.2704172663439015,1.3524165323236121,1.118411544603793,ZONE_01,NORMAL,NONE,0
2.96,RUN_009_NORMAL,TRAIN001,0.026521578577790975,0.04725797041859547,1.0007836979760645,26.16850188399925,26.066298737781835,26.021999824152125,140.02326166784033,4.991541185841743,0.26998704962985864,1.347651477871338,1.108862017184921,ZONE_01,NORMAL,NONE,0
2.97,RUN_009_NORMAL,TRAIN001,-0.03576011843078656,0.004146679330817053,0.9868562172117804,26.22581435559369,25.99305048475023,25.987281275711833,140.1068884764211,5.008866045708824,0.2761737158579278,1.383317148078011,1.101004546013951,ZONE_01,NORMAL,NONE,0
2.98,RUN_009_NORMAL,TRAIN001,0.004908364876087101,0.01123069955708368,1.0356779147380177,26.228501315204767,26.148057146271654,25.989045742483526,140.05275465857608,5.010274180690153,0.260034118549472,1.302842230266942,1.0702873197042535,ZONE_01,NORMAL,NONE,0
2.99,RUN_009_NORMAL,TRAIN001,0.004058004774630112,0.007046026769037112,0.9552969364557449,26.103540627588334,26.05841430977793,26.009627388455456,139.85548267132455,4.992278483052176,0.2763943910768351,1.3798377714091923,1.1019496525895651,ZONE_01,NORMAL,NONE,0
3.0,RUN_009_NORMAL,TRAIN001,0.06997188493099576,0.03214297364958455,1.0563387739891124,26.15612914826733,26.197251152597858,26.02866545427948,140.02453872323525,5.010112922210021,0.26836162898644217,1.3445220652103052,1.1142690325611486,ZONE_01,NORMAL,NONE,0
3.0100000000000002,RUN_009_NORMAL,TRAIN001,-0.01263609772051141,0.0037731930089329228,1.005477259988966,26.126670166064205,26.045958207375005,25.97002714882943,140.06230397528253,4.983823124234476,0.25926502695825887,1.2921310366598453,1.1027234697173398,ZONE_01,NORMAL,NONE,0
3.02,RUN_009_NORMAL,TRAIN001,0.008571629738525363,-0.0040073086817821344,1.0129667826220072,26.130983110546044,26.072562914666104,25.987511417109285,140.03701584694844,5.001583707790963,0.26855583454063753,1.3432044866706583,1.1050972346691696,ZONE_01,NORMAL,NONE,0
3.0300000000000002,RUN_009_NORMAL,TRAIN001,-0.03796571564698501,0.013284612792125472,1.0554697066980872,26.180532880783776,26.01439352102163,25.975263098264573,140.04402604909748,4.9951198908173655,0.2765027144773264,1.3811642089506877,1.1066568883119163,ZONE_01,NORMAL,NONE,0
3.04,RUN_009_NORMAL,TRAIN001,-0.030560264851068775,-0.000514823515928067,0.9634490483865515,26.158510279352807,26.05468229383624,25.978213266694627,140.40292803813213,4.9857013444915745,0.2766975113275696,1.3795311542433364,1.090795579170621,ZONE_01,NORMAL,NONE,0
3.0500000000000003,RUN_009_NORMAL,TRAIN001,0.021491934679371,-0.017818676110295494,0.9289473922172311,26.14933249786356,26.060803965701588,25.993521487950634,139.89072351432148,5.010302499932795,0.26620914875249696,1.3337883634996168,1.116605460275454,ZONE_01,NORMAL,NONE,0
3.06,RUN_009_NORMAL,TRAIN001,0.054122101487444826,0.004579019455505311,1.0754551515885353,26.163128272010223,25.992566015241916,26.011512362586934,139.79155580795802,4.997167149114716,0.26668082481802197,1.3326486570794358,1.0908390454451655,ZONE_01,NORMAL,NONE,0
3.0700000000000003,RUN_009_NORMAL,TRAIN001,0.0399936574856425,-0.009358094977743727,1.0509369323774398,26.14005026533652,26.080125089840983,26.0309375366306,140.2675639939665,5.0053472075195735,0.27281969765229563,1.3655573118002522,1.091599895606178,ZONE_01,NORMAL,NONE,0
3.08,RUN_009_NORMAL,TRAIN001,-0.04637678793541608,0.016974530525219102,1.0195805868692351,26.184091820894064,26.135621887600298,25.986285602770018,139.9971872030248,4.997234815523533,0.27124349208073417,1.3554674221100265,1.0939704530441041,ZONE_01,NORMAL,NONE,0
3.09,RUN_009_NORMAL,TRAIN001,-0.03190513456814693,-0.0038883089758152967,1.00001176726913,26.20893205468761,26.10851948160091,26.01438613083372,140.00140326846414,4.993977821028867,0.26994721193517224,1.3481103892528292,1.1003150013381169,ZONE_01,NORMAL,NONE,0
3.1,RUN_009_NORMAL,TRAIN001,-0.04046664942220341,0.01682642511400193,0.9251609417290676,26.10830265709426,26.125594569061505,25.997517986510257,139.76849010800976,5.013707671700941,0.2631617936325318,1.3194163036340045,1.1037222052911142,ZONE_01,NORMAL,NONE,0
3.11,RUN_009_NORMAL,TRAIN001,-0.002703426499953484,0.008351371814710226,1.038631231048451,26.209719939633878,26.000792898869012,25.990221487594656,139.76844375153328,4.994186575755749,0.2699101793280629,1.3479817942600385,1.0966124290345376,ZONE_01,NORMAL,NONE,0
3.12,RUN_009_NORMAL,TRAIN001,0.03466666660565618,0.049602635056721814,0.9949279026895533,26.20222130814948,26.064870877619573,25.983641071942102,140.00455446659524,5.017496990730934,0.2741757431005759,1.3756759659385573,1.085394527728566,ZONE_01,NORMAL,NONE,0
3.13,RUN_009_NORMAL,TRAIN001,0.02803875043807616,0.016209026526911485,1.0082070261951601,26.178326365182325,26.044696261208024,26.021832495612887,139.96448701227084,5.002699404443281,0.2616790476244058,1.3091016157059,1.095590141444783,ZONE_01,NORMAL,NONE,0
3.14,RUN_009_NORMAL,TRAIN001,0.0029306530855614014,-0.025118371558712462,1.0261299247541666,26.12579317861473,26.043114468315572,25.983780559191477,139.94980136898437,5.014813610482793,0.2678962356839691,1.3434496889050744,1.1014932696555715,ZONE_01,NORMAL,NONE,0
3.15,RUN_009_NORMAL,TRAIN001,0.0008028386332102949,-0.0059341819350951005,1.0507253988584968,26.247381320500594,26.0631871937798,26.008581510769798,140.2593078521014,5.004581349901187,0.26968609950852895,1.3496660239279796,1.108104222868913,ZONE_01,NORMAL,NONE,0
3.16,RUN_009_NORMAL,TRAIN001,-0.07389251489122682,-0.015048468242938061,0.9660875661331678,26.19124663522896,26.121660157810325,26.001182232057467,140.27646947822527,4.982021522591369,0.2755324333916794,1.3727085133293193,1.1059175766530733,ZONE_01,NORMAL,NONE,0
3.17,RUN_009_NORMAL,TRAIN001,-0.11266905470419099,-0.0445950431982277,1.056784365532318,26.075362384702746,26.090053483324375,25.999737533882595,140.18728738481528,5.000494898357102,0.26932070424217747,1.3467368075849504,1.1225972911080462,ZONE_01,NORMAL,NONE,0
3.18,RUN_009_NORMAL,TRAIN001,-0.012168544443768671,0.015382820300702761,0.9656650441346094,26.179181187904895,26.085311675039772,26.0264875258636,139.8894954472017,4.994021008533976,0.27364705750193086,1.3665991540881477,1.1059508870229324,ZONE_01,NORMAL,NONE,0
3.19,RUN_009_NORMAL,TRAIN001,-0.058253219638861514,0.01977591086284369,1.0288550154414013,26.15255609864708,26.0741959984053,25.9917156717752,140.00744428607732,4.993161763309084,0.2686644914445568,1.3414852658398415,1.0755759389333626,ZONE_01,NORMAL,NONE,0
3.2,RUN_009_NORMAL,TRAIN001,-0.0059685001519889135,-0.03441420909862495,1.0122891132764007,26.141734578388984,26.12498284197826,26.01983649178161,140.057711095051,5.012931996252726,0.2626243882767267,1.3165181989887025,1.1015201233140914,ZONE_01,NORMAL,NONE,0
3.21,RUN_009_NORMAL,TRAIN001,-0.03774620189185157,-0.0004543550384765586,0.977513698187875,26.20004847471866,26.050173364784428,25.986555502929146,139.80927420805486,4.9985834094221255,0.2741078531692676,1.3701509672442171,1.1130280795153413,ZONE_01,NORMAL,NONE,0
3.22,RUN_009_NORMAL,TRAIN001,0.018559582438816554,0.0005968697252272178,0.9747443937768147,26.139073764808504,26.10541746892918,26.02478994071511,139.85785107030435,4.983838061838851,0.2641591604656478,1.3165264783120922,1.1032126146794563,ZONE_01,NORMAL,NONE,0
3.23,RUN_009_NORMAL,TRAIN001,-0.023320517716378057,-0.023552746749561804,0.9717303255502765,26.192694031335254,26.09218263619581,26.002445971981654,140.17153138225032,5.0000101250292985,0.2636970229299588,1.318487784589877,1.0863539359013212,ZONE_01,NORMAL,NONE,0
3.24,RUN_009_NORMAL,TRAIN001,-0.0342685280048719,0.026252742698312605,0.9542375724675336,26.130312850954912,26.071326320581676,25.996895993525357,139.85772816480298,5.0127091755107145,0.27024593833496124,1.354664294736163,1.0984879055366912,ZONE_01,NORMAL,NONE,0
3.25,RUN_009_NORMAL,TRAIN001,-0.008677818982603362,0.008153301298503453,1.0260515239498909,26.14218927487289,26.09424575315333,25.985153287775955,140.4036355428565,4.99639448831622,0.2607013221399734,1.3025666490369143,1.1059365642009598,ZONE_01,NORMAL,NONE,0
3.2600000000000002,RUN_009_NORMAL,TRAIN001,0.02921240634239877,-0.0016171619898593679,1.0124266385439311,26.186745660116642,26.0525558825996,25.978815474240545,140.07385311133893,5.0080317038259805,0.2738214428600231,1.3713064670303698,1.092724189656122,ZONE_01,NORMAL,NONE,0
3.27,RUN_009_NORMAL,TRAIN001,-0.017771227754373335,0.013557324262796148,1.0280312100572369,26.15437151483318,26.078365846991304,25.977728666365657,140.21022870415942,4.991929600429351,0.2780815788730857,1.3881636649106859,1.081693461147902,ZONE_01,NORMAL,NONE,0
3.2800000000000002,RUN_009_NORMAL,TRAIN001,0.03812945477513867,-0.008277213936776133,1.010761627032011,26.11275282944925,26.12213599622415,25.99218801423642,139.8303937872525,5.00103309043672,0.2648461453232673,1.324504336636272,1.0815394276450216,ZONE_01,NORMAL,NONE,0
3.29,RUN_009_NORMAL,TRAIN001,-0.04368682189406397,-0.006235809497174522,0.9378123163885198,26.134291509408833,26.061183814940236,25.98495929197809,139.81807995985844,5.006769706154961,0.2743304351037964,1.3735093119539974,1.0938254739690574,ZONE_01,NORMAL,NONE,0
3.3000000000000003,RUN_009_NORMAL,TRAIN001,-0.04439029719586195,0.025990513467840152,1.0367798261790835,26.140602791550673,26.029444663424734,25.990064142987034,140.09537806771428,5.0012237489128495,0.27450809693463674,1.3728764136583758,1.0989199915929495,ZONE_01,NORMAL,NONE,0
3.31,RUN_009_NORMAL,TRAIN001,-0.01566699921040405,0.032646689106296055,0.9375387916860659,26.104141779896448,26.070063878789785,26.005398055902162,139.87666589978312,4.997634262792266,0.27833046896020525,1.390993888054561,1.092363813632145,ZONE_01,NORMAL,NONE,0
3.3200000000000003,RUN_009_NORMAL,TRAIN001,-0.006346873472040489,0.033899850686508796,1.0884330599860301,26.186876312676784,26.0748029120731,25.972886456307176,140.175783240951,4.9941291255628855,0.27041640244250176,1.3504944314680327,1.1077137405692685,ZONE_01,NORMAL,NONE,0
3.33,RUN_009_NORMAL,TRAIN001,0.013659435630770338,-0.021386851147740384,1.0177748554757884,26.11646816329281,26.003301342777036,26.017648883323538,140.41046014292365,5.002654233474145,0.26954474855073013,1.348439177448034,1.0857516064441588,ZONE_01,NORMAL,NONE,0
3.34,RUN_009_NORMAL,TRAIN001,-0.008379658596948628,0.034216466858568974,1.0362760152453887,26.19377376000974,25.96352867166772,25.971235003533934,139.8699653132561,5.002352090937956,0.26082859871510783,1.3047564861589367,1.1074952144450818,ZONE_01,NORMAL,NONE,0
3.35,RUN_009_NORMAL,TRAIN001,-0.007278010420678424,-0.003549139495188978,1.038067928959623,26.163514752746977,26.159571316067257,26.005904425784518,139.99327144143683,5.017395242324567,0.2543678241789128,1.276263910835729,1.0881552518689077,ZONE_01,NORMAL,NONE,0
3.36,RUN_009_NORMAL,TRAIN001,-0.05105044555453827,-0.014915742973535548,1.0058944770095035,26.19639089197643,26.10540004169129,25.95740663538394,140.16883169218218,5.01419658627992,0.26534364882410594,1.3304852181248898,1.1048573274296858,ZONE_01,NORMAL,NONE,0
3.37,RUN_009_NORMAL,TRAIN001,0.03400519421919614,0.00926154998695314,1.009108460354249,26.152154293821447,26.085803963539334,25.996219744484204,139.86510573794072,4.995337033793961,0.2632557544121317,1.3150512193742894,1.0954283667342994,ZONE_01,NORMAL,NONE,0
3.38,RUN_009_NORMAL,TRAIN001,-0.01886289299117553,-0.0533009687451082,0.9624601936752111,26.110381555424667,26.04649063899003,25.981992746050775,139.75900138952707,4.985901536839987,0.26069622855287766,1.2998057265901812,1.1184414942979974,ZONE_01,NORMAL,NONE,0
3.39,RUN_009_NORMAL,TRAIN001,0.0032175278153024475,-0.00329016484139472,1.0101500094361697,26.233079391925035,26.06715608455065,26.007215420273738,139.85766894623728,5.0146841655753995,0.273602534302234,1.372030296426713,1.100287468364527,ZONE_01,NORMAL,NONE,0
3.4,RUN_009_NORMAL,TRAIN001,-8.566088065467446e-05,0.01650364421730975,1.016388655388857,26.17382811951249,26.07922434231085,26.00638767900553,139.89210339739327,5.009861582066763,0.27201673104668833,1.362766170550191,1.1128553833620505,ZONE_01,NORMAL,NONE,0
3.41,RUN_009_NORMAL,TRAIN001,0.057747750712055006,0.011378903772104876,1.0311990175778587,26.10738929989663,26.091215513131107,26.01455764724033,140.1089434221635,4.996050195030157,0.2640051270484497,1.3189828664793684,1.1094372388448452,ZONE_01,NORMAL,NONE,0
3.42,RUN_009_NORMAL,TRAIN001,-0.057774242175382504,0.006112815460260245,0.9870823519598093,26.13218663004673,26.102752245692415,25.9747706589445,139.79333311818587,4.993921285760531,0.27016904990457696,1.349202969072166,1.0792052844379647,ZONE_01,NORMAL,NONE,0
3.43,RUN_009_NORMAL,TRAIN001,-0.004913301503561364,0.01319589001493435,1.0151758215013476,26.229212477883213,26.06746698053424,25.971286368068597,139.35061807083972,4.996878861335207,0.2691032964784003,1.3446765736885395,1.0933612903742331,ZONE_01,NORMAL,NONE,0
3.44,RUN_009_NORMAL,TRAIN001,0.04121559274585937,-0.021771377021819114,0.9807100436330622,26.164888043710913,26.12895348234608,25.97474988942511,140.08710829706078,5.007387544004301,0.2723734415919096,1.3638793787449113,1.0919870117784136,ZONE_01,NORMAL,NONE,0
3.45,RUN_009_NORMAL,TRAIN001,-0.07595140161341891,0.0026169704214636805,1.0700347836198332,26.11057242631922,26.079511589655198,26.02065980759589,139.99227860964916,5.008709203934644,0.25695589239029126,1.2870173432204919,1.1158473454612072,ZONE_01,NORMAL,NONE,0
3.46,RUN_009_NORMAL,TRAIN001,-0.019881703391703205,0.052199671717430084,1.0002858361727456,26.274095039326877,26.096328503555313,25.987475645546702,140.22128408041178,4.988370315021908,0.27261484458663077,1.3599037981702597,1.094358621588211,ZONE_01,NORMAL,NONE,0
3.47,RUN_009_NORMAL,TRAIN001,-0.006429390244446071,0.027188178328040193,1.052427144331185,26.18201192684453,25.99918887475529,25.986084894978752,139.7991645372481,4.992325446954846,0.2738313900062544,1.3670554165032407,1.1111918086915682,ZONE_01,NORMAL,NONE,0
3.48,RUN_009_NORMAL,TRAIN001,0.0010265023223040694,-0.03838932828146912,0.9734540860257975,26.251362477585975,26.140825941542886,25.99655801319044,139.7899081166855,4.997554691347746,0.26504721063458303,1.3245879309354947,1.100359652520229,ZONE_01,NORMAL,NONE,0
3.49,RUN_009_NORMAL,TRAIN001,-0.04191505641384329,-0.02970897724735581,1.0618377048321637,26.11141922807587,26.037639530536243,26.01880003647233,139.99450226837058,4.9991648929287456,0.26758602177246105,1.3377066458833542,1.099919825593337,ZONE_01,NORMAL,NONE,0
3.5,RUN_009_NORMAL,TRAIN001,0.021369761160531676,-0.014974101273713038,1.044079867205533,26.146574264172035,26.007332355516773,26.038793647051698,139.66106955155317,5.003590679599871,0.2737582801114944,1.3697743788291639,1.091769751258624,ZONE_01,NORMAL,NONE,0
3.5100000000000002,RUN_009_NORMAL,TRAIN001,-0.04169146344899375,0.043298620412218776,1.016091594047079,26.214182817139626,26.06370740206985,25.998215470448987,139.87902235368747,5.007214293438726,0.2683051237254722,1.3434612505210304,1.0992034374545419,ZONE_01,NORMAL,NONE,0
3.52,RUN_009_NORMAL,TRAIN001,0.037215847881551724,-0.019898900093747337,1.028770415819563,26.19059080025026,26.1086925129271,25.989674814270032,139.92996898756965,4.995998484868572,0.2704540742377995,1.3511881451185785,1.0964736079098052,ZONE_01,NORMAL,NONE,0
3.5300000000000002,RUN_009_NORMAL,TRAIN001,-0.007347643199859359,0.012299938155594598,1.0393272869771717,26.229230171054997,26.14232341996121,25.996016598281773,140.33593124453824,4.994604861220575,0.26486748836094887,1.322908444946879,1.0950314586314895,ZONE_01,NORMAL,NONE,0
3.54,RUN_009_NORMAL,TRAIN001,-0.04205823085569496,-0.005272170558764335,0.9817893624099336,26.201880938470023,26.106180771447324,26.023535227331536,139.54332503560784,4.984660805324198,0.266231390123756,1.3270731754968625,1.1107266439187646,ZONE_01,NORMAL,NONE,0
3.5500000000000003,RUN_009_NORMAL,TRAIN001,0.039823659420536416,-0.012416190223733923,0.9540945531933414,26.183405646954313,26.098128226801222,26.013470638989237,140.17414799348927,4.980644455913233,0.26925474046209225,1.3410621303108763,1.111722974302025,ZONE_01,NORMAL,NONE,0
3.56,RUN_009_NORMAL,TRAIN001,0.0043461401047501964,-0.008227957668017758,1.013848063052517,26.15053188220044,26.00467830968658,26.025502671215428,140.06989881034986,4.986942039469192,0.2707480022165662,1.350204594356092,1.0903436730692384,ZONE_01,NORMAL,NONE,0
3.5700000000000003,RUN_009_NORMAL,TRAIN001,0.013953324703264412,0.001717648917692503,0.9917993100085667,26.16865119839383,26.14676026859214,25.998160426151472,140.10988697620672,5.005540970979168,0.27011750558867914,1.3520842412028278,1.0950685941705807,ZONE_01,NORMAL,NONE,0
3.58,RUN_009_NORMAL,TRAIN001,0.024511538235075805,-0.021105928624866734,1.0264278827187558,26.190294456514273,26.127254029235324,26.00434666031647,140.17395308081407,5.002343669299324,0.2680336859279591,1.3407966119606896,1.1095543390718328,ZONE_01,NORMAL,NONE,0
3.59,RUN_009_NORMAL,TRAIN001,-0.014098895791125844,-5.076423030052218e-05,1.0187200146276034,26.225485239503275,26.08842210324321,26.01529744772161,139.8337854818236,4.994979467060536,0.2637799531495567,1.3175754498042258,1.1000619157914984,ZONE_01,NORMAL,NONE,0
3.6,RUN_009_NORMAL,TRAIN001,-0.018386093437985487,-0.004154388404647983,0.9670993895043334,26.148659767279728,26.111243408517943,25.96542213731645,140.0502132518682,5.014897256305779,0.265054293348356,1.3292200484847376,1.0962785258441659,ZONE_01,NORMAL,NONE,0
3.61,RUN_009_NORMAL,TRAIN001,0.010351509022310426,0.013393887563045938,1.0143158731712367,26.24201886280141,26.06696178336386,25.99278868777345,140.0654286353331,4.998810958089436,0.26505314764324006,1.3249505789151257,1.0934163998730548,ZONE_01,NORMAL,NONE,0
3.62,RUN_009_NORMAL,TRAIN001,0.04215796723270992,0.001670600051246691,0.976475474620005,26.195683817448014,26.061513335624326,26.026344830292267,139.8224131600008,5.003521593686229,0.2654842301692237,1.3283560784348758,1.0978219291664544,ZONE_01,NORMAL,NONE,0
3.63,RUN_009_NORMAL,TRAIN001,0.011580248512479342,0.023692773680308147,1.0336229262730312,26.138748032310584,26.114529844210836,26.02227182194114,139.8581597441247,4.99300231710711,0.2718309938178071,1.3572527819938394,1.116382316651856,ZONE_01,NORMAL,NONE,0
3.64,RUN_009_NORMAL,TRAIN001,-0.019834239308126438,-0.013190193163625236,1.064980412025768,26.18064705223821,26.027384463420425,26.026051929113773,139.82207763882832,4.992449359870446,0.27933651522528463,1.3945734066249134,1.0857742310139902,ZONE_01,NORMAL,NONE,0
3.65,RUN_009_NORMAL,TRAIN001,0.052798965059162525,-0.010526019094911184,0.9401979490230922,26.203892624031095,26.173906900518304,26.009566829618446,139.80948822329032,4.999460596186781,0.2668562013388553,1.3341370634416931,1.0995819643837397,ZONE_01,NORMAL,NONE,0
3.66,RUN_009_NORMAL,TRAIN001,-0.025859441513381865,-0.020881303282641223,1.0484747091531343,26.199669994077833,25.97559065656841,25.97545254282796,139.73857622666125,4.984342309701673,0.2725096860485212,1.358281557975164,1.1123535039665913,ZONE_01,NORMAL,NONE,0
3.67,RUN_009_NORMAL,TRAIN001,-0.013980600773079123,-0.04194862403382515,1.0510592888348187,26.165405533022312,25.983247553511774,26.031731989974215,140.17149093264803,4.984094813555898,0.27173235578096927,1.354339825123255,1.1056867938601354,ZONE_01,NORMAL,NONE,0
3.68,RUN_009_NORMAL,TRAIN001,-0.012122082097715797,-0.047959117880573755,1.0318326132909161,26.191862341175895,26.05750692929104,26.002573779622324,139.98455782696578,4.993246216598377,0.27775321835805955,1.3868902067144036,1.1132747591708119,ZONE_01,NORMAL,NONE,0
3.69,RUN_009_NORMAL,TRAIN001,-0.005424569444663885,-0.026800245238800844,0.9925404531056405,26.269709590780415,26.080987890873665,26.00301716801739,140.06047884765843,5.000525748151068,0.2706597302466671,1.3534409500860813,1.0944672751184907,ZONE_01,NORMAL,NONE,0
3.7,RUN_009_NORMAL,TRAIN001,0.012240820271466734,0.06657201843928356,0.9934718858661539,26.219452453127918,25.99902263161601,26.005900457405218,139.6891692739259,5.003069946156224,0.2647288246283703,1.3244568263794607,1.1115550171944,ZONE_01,NORMAL,NONE,0
3.71,RUN_009_NORMAL,TRAIN001,0.016005507678198923,0.030273332084358714,0.9349362360721235,26.1988904575592,26.036911263828156,26.017960145675723,139.93137838356387,4.997811207627749,0.274587251361732,1.3723352423273623,1.08854294089285,ZONE_01,NORMAL,NONE,0
3.72,RUN_009_NORMAL,TRAIN001,-0.026791909770802164,0.01768874716327938,1.0544739057964607,26.164295952815326,26.061264037557923,26.024359517443717,139.94622754487767,4.992556385554084,0.27089872123456676,1.352477140538072,1.0938647324939053,ZONE_01,NORMAL,NONE,0
3.73,RUN_009_NORMAL,TRAIN001,-0.025080225476487267,0.013522334110094644,1.0179005091329698,26.265502126576617,26.118974123562364,26.040943248483053,140.1834851226421,4.996401041145883,0.2638274358427596,1.3181876751276125,1.1135549882548077,ZONE_01,NORMAL,NONE,0
3.74,RUN_009_NORMAL,TRAIN001,0.027057115934459978,0.029348522960351484,0.959982081264588,26.22753783071117,26.111284888061608,25.9823231004408,139.7085544663235,4.9849643030832445,0.27279176320065013,1.3598572017303783,1.102932629638769,ZONE_01,NORMAL,NONE,0
3.75,RUN_009_NORMAL,TRAIN001,0.026038084988413073,0.02130730683402522,0.9967142673432142,26.16117206628262,26.062758995614516,26.019311738005975,139.93071516849815,5.000432015544405,0.2669291160480421,1.3347608977675975,1.0939708278345441,ZONE_01,NORMAL,NONE,0
3.7600000000000002,RUN_009_NORMAL,TRAIN001,-0.0283763319428594,0.016866970631251123,1.0277826761446889,26.21718435534833,26.029621689570643,26.033749865009344,139.98281612081917,4.993599865919646,0.267060193944028,1.3335917486713729,1.0999173787136822,ZONE_01,NORMAL,NONE,0
3.77,RUN_009_NORMAL,TRAIN001,0.03454949009849027,0.013011228666845396,0.9666175169136569,26.130995528696776,26.04001403728284,25.99798321188521,139.9253559085684,5.006015433373399,0.2673006107109956,1.3381109825693789,1.0973906172113648,ZONE_01,NORMAL,NONE,0
3.7800000000000002,RUN_009_NORMAL,TRAIN001,-0.004184160352185951,0.018927776576576807,1.0443862541548947,26.232602109566542,26.03426565314083,25.970473701555804,139.962166816595,5.0135234800675645,0.25497906961547007,1.2783435524429414,1.1168963935337903,ZONE_01,NORMAL,NONE,0
3.79,RUN_009_NORMAL,TRAIN001,0.012377443901818308,-0.031689443235060004,0.9672459474919498,26.203867558061273,26.024173316942253,25.969344439058236,139.58977675895454,5.004622079634295,0.25795830376402984,1.2909838226424741,1.0922135832371365,ZONE_01,NORMAL,NONE,0
3.8000000000000003,RUN_009_NORMAL,TRAIN001,0.010002310968033794,0.02247278320353656,1.0113597401080374,26.177946812132312,26.16844903206167,25.998954003758847,139.8770192831666,5.009986543988914,0.2643567466937159,1.3244237437482025,1.0978525800793142,ZONE_01,NORMAL,NONE,0
3.81,RUN_009_NORMAL,TRAIN001,0.01082384476347834,0.03477709191660883,1.0411503890418141,26.185751896050053,26.171437501437694,25.993716587454873,139.9719348116543,4.993149689129834,0.2699266882797306,1.3477843596717825,1.0980260963200288,ZONE_01,NORMAL,NONE,0
3.8200000000000003,RUN_009_NORMAL,TRAIN001,-0.01233607126555948,-0.004260559871410065,0.9111274149787115,26.30935319443788,26.029664641733845,25.971986317280482,139.796311590033,5.007027354741828,0.2681847299110715,1.3428082787887838,1.1085507083223363,ZONE_01,NORMAL,NONE,0
3.83,RUN_009_NORMAL,TRAIN001,0.0037075665257772306,0.003877756327803546,1.022336889200977,26.177242702057214,26.105411365438563,26.02429768854714,139.8996164171473,4.996280281394295,0.26797141575976235,1.338860300537813,1.0927294227555922,ZONE_01,NORMAL,NONE,0
3.84,RUN_009_NORMAL,TRAIN001,-0.01572801237361053,0.00993887721571691,1.0154606410056188,26.186980551784472,26.00148988203069,25.986605032500226,139.83923065831476,5.01298451005646,0.27098860307658434,1.3584616696247556,1.112233138133817,ZONE_01,NORMAL,NONE,0
3.85,RUN_009_NORMAL,TRAIN001,0.004248293583211917,-0.015504622027754975,0.9884115192034352,26.206596236495333,26.06027985896914,25.97823155690028,140.11442490429675,4.995427321154758,0.2688173063807252,1.342857316693504,1.1065777864431334,ZONE_01,NORMAL,NONE,0
3.86,RUN_009_NORMAL,TRAIN001,-0.009873505554622493,-0.07109828163249592,1.032968055323435,26.2334605751812,26.17669816534149,25.971874511258967,139.82945476267352,5.001852823067672,0.27163857220249077,1.3586961592251001,1.1143454051569506,ZONE_01,NORMAL,NONE,0
3.87,RUN_009_NORMAL,TRAIN001,-0.015116717867133301,-0.017538567959207246,0.9696933039503118,26.246367272242153,26.121033355908345,26.00011558168586,139.72232862015304,4.9933388787874735,0.2720963334847325,1.3586692007648367,1.103114616251777,ZONE_01,NORMAL,NONE,0
3.88,RUN_009_NORMAL,TRAIN001,-0.006615574772024803,-0.02058129411630506,0.950823118161329,26.280426908781813,25.9951576571702,25.999419556264154,140.01645707132982,4.997019944871121,0.2695284295506589,1.3468389381744335,1.0913396244516749,ZONE_01,NORMAL,NONE,0
3.89,RUN_009_NORMAL,TRAIN001,0.013700463532057438,0.07335793417630712,1.0058832433559175,26.17797314990804,26.041644312676535,26.001215355105415,139.97035324264755,5.007381153189942,0.2665539330795723,1.3347371408113036,1.0978951610354128,ZONE_01,NORMAL,NONE,0
3.9,RUN_009_NORMAL,TRAIN001,0.0056166226383115225,-0.013835828204394949,0.9755304505560687,26.183259193907737,26.025334672839925,25.99396231887719,139.97147349641844,5.0102501114095235,0.2678649317875596,1.342070304331325,1.0980539725850573,ZONE_01,NORMAL,NONE,0
3.91,RUN_009_NORMAL,TRAIN001,-0.0038329710726377544,0.04212850705252414,0.9557904807634472,26.240653850989798,26.142350400594044,25.974780627399227,140.08031634438487,4.99526629640116,0.26785715390755266,1.3380178131643359,1.0972450762087582,ZONE_01,NORMAL,NONE,0
3.92,RUN_009_NORMAL,TRAIN001,-0.011150244625154045,-0.014135164115955669,1.0411862663814442,26.292129767940178,26.100530170203406,25.956294736489337,140.04025879241274,4.999820908755666,0.259460488820468,1.2972559770005416,1.1094831898578235,ZONE_01,NORMAL,NONE,0
3.93,RUN_009_NORMAL,TRAIN001,0.01376940662474128,0.030148925459518403,1.0086452847130176,26.268612445330202,26.055086781310113,25.991330968864435,139.86326810439772,4.9921110214500475,0.26773626593988403,1.336569164040376,1.084031590889682,ZONE_01,NORMAL,NONE,0
3.94,RUN_009_NORMAL,TRAIN001,0.0519588019472542,-0.05285717049456175,0.9861742506987877,26.22379656868001,26.125890409384642,25.98999054458857,139.96787408651164,5.007495790192426,0.26286383204082625,1.3162895323382864,1.1001278856739205,ZONE_01,NORMAL,NONE,0
3.95,RUN_009_NORMAL,TRAIN001,0.00626905752537707,0.0029483388164621175,1.118706105469084,26.22936139060129,26.178754483676027,25.97031817940223,139.76216698124918,5.000445602317846,0.2793065606183132,1.3966572627423672,1.1132143342764018,ZONE_01,NORMAL,NONE,0
3.96,RUN_009_NORMAL,TRAIN001,0.015202826595114063,0.017677467665705156,1.0394942861754983,26.066728682530442,26.029270640469182,26.036193217449856,140.11763086160423,5.007236550707274,0.2624023622481987,1.3139106992411111,1.1201005566503852,ZONE_01,NORMAL,NONE,0
3.97,RUN_009_NORMAL,TRAIN001,-0.024437503282898027,-0.006543113744332891,0.9633338861523992,26.170085816216446,26.182165795309263,26.0012177416818,140.24708712979282,5.008187423409549,0.2661025027002288,1.3326912073610913,1.0934703349998889,ZONE_01,NORMAL,NONE,0
3.98,RUN_009_NORMAL,TRAIN001,-0.013192240927596932,0.014651426858747688,0.9911350194404719,26.301100209566204,26.108826626277658,25.995536577677367,139.89388679840664,4.992867593260699,0.27053160640153034,1.3507284905549595,1.1089216012776533,ZONE_01,NORMAL,NONE,0
3.99,RUN_009_NORMAL,TRAIN001,-0.007156078334835088,0.02387964757643979,1.0059928127249222,26.22756614134667,26.04849955226514,26.00033402346267,139.89570403328918,4.999943339279872,0.26520696684537926,1.3260198074091718,1.1048736303093778,ZONE_01,NORMAL,NONE,0
4.0,RUN_009_NORMAL,TRAIN001,0.05349186751603059,0.02817511246756846,0.9377126920129396,26.266901453268886,26.13531316552703,25.976952499956866,140.42121151040266,5.015627143169339,0.2742818678349675,1.3756955811922482,1.1157557294687879,ZONE_01,NORMAL,NONE,0
4.01,RUN_009_NORMAL,TRAIN001,0.025461697003188923,-0.04009973081606998,1.0014225070666747,26.105714579465147,26.144409348944333,26.017940170153942,140.16826512426204,4.999883885705395,0.2706979163558694,1.3534581498817382,1.0974247578018996,ZONE_01,NORMAL,NONE,0
4.0200000000000005,RUN_009_NORMAL,TRAIN001,0.024028080646815535,0.0233986185584605,0.9232848324467746,26.179639791054697,26.040963690497993,26.03995333232526,139.8794601044969,4.9946600005061725,0.27107401302671824,1.3539225300412387,1.1103327066743787,ZONE_01,NORMAL,NONE,0
4.03,RUN_009_NORMAL,TRAIN001,-0.0009048883753905414,-0.004150889345766849,0.9578310232675364,26.161572445634587,26.07886520839758,26.02665391781049,140.0711104246935,5.0088689811919025,0.27333856263819245,1.369117047762022,1.1020633464322531,ZONE_01,NORMAL,NONE,0
4.04,RUN_009_NORMAL,TRAIN001,0.006078808671905027,0.003115082711211504,1.0653097746837716,26.294864786498763,26.086249787135465,25.992815093621374,139.96683909803573,5.006536203614875,0.2691941871113871,1.3477304435758362,1.0864885741457633,ZONE_01,NORMAL,NONE,0
4.05,RUN_009_NORMAL,TRAIN001,0.021948658937423364,-0.041221038875700174,1.021399521008204,26.132103681110237,26.07667756790357,25.975460657618218,140.0164896626601,4.989252510154931,0.2679075259067076,1.336658296119438,1.1091515499711428,ZONE_01,NORMAL,NONE,0
4.0600000000000005,RUN_009_NORMAL,TRAIN001,0.004071360215643684,0.020171817625906818,0.9699456545404419,26.261663370039322,26.07519787554807,26.01215713363209,139.93218892915948,4.987695238148778,0.2724776213761799,1.359035334640078,1.1042835421300805,ZONE_01,NORMAL,NONE,0
4.07,RUN_009_NORMAL,TRAIN001,-0.0344739838408396,0.0022094842729230087,1.013079069449413,26.185445442374405,26.057024378187215,26.013017706881143,140.0911835486042,4.992763385899472,0.2700318549003625,1.348205158173049,1.1022163648640322,ZONE_01,NORMAL,NONE,0
4.08,RUN_009_NORMAL,TRAIN001,-0.0010159751503291937,0.026385739033583395,0.991893381085699,26.24426140260038,26.048865650348162,25.96160016482057,139.79733137827665,4.9909757907080134,0.26499482044854944,1.322582733521727,1.099688405622549,ZONE_01,NORMAL,NONE,0
4.09,RUN_009_NORMAL,TRAIN001,-0.0006726196222211809,0.028962247723154564,1.0342922212559778,26.19236501738243,26.06986434790928,26.007328827851232,139.9341050737885,4.988222267792685,0.2743247829458595,1.3683929908979313,1.1207106226716055,ZONE_01,NORMAL,NONE,0
4.1,RUN_009_NORMAL,TRAIN001,-0.04742422991253031,0.009329781151713123,1.0588088940005145,26.239996674443052,26.06780667183643,26.000279812682415,140.4122333761606,5.011850802729791,0.26281032324391745,1.3171661295157036,1.0902943036918074,ZONE_01,NORMAL,NONE,0
4.11,RUN_009_NORMAL,TRAIN001,-0.06122062425034188,-0.00830404650363148,0.996220866081916,26.189103707415583,26.015902104216416,25.988890295060987,140.36493361228062,5.000083805509905,0.26605205279151356,1.3302825605855133,1.110629704670502,ZONE_01,NORMAL,NONE,0
4.12,RUN_009_NORMAL,TRAIN001,-0.004822217892475148,0.04607643949206498,0.9756779346163769,26.235681040387053,26.105899248177032,26.04019934446765,140.14491312711365,5.0100096237333025,0.2667192182441064,1.336265850237596,1.105110478754099,ZONE_01,NORMAL,NONE,0
4.13,RUN_009_NORMAL,TRAIN001,-0.007146692661270369,-0.01756589002631962,0.9835403942178754,26.282197577279987,26.10872981815428,26.02261659271781,140.27691680258792,5.010365297750631,0.26607891547940654,1.333152564581142,1.11853321244087,ZONE_01,NORMAL,NONE,0
4.14,RUN_009_NORMAL,TRAIN001,-0.002759907588791313,-0.008039046817463038,0.9390745824081714,26.316874340344786,26.104116287080657,25.992313217124558,140.04418120560106,4.997907557967682,0.2668264641553322,1.3335740018677276,1.0993938587871706,ZONE_01,NORMAL,NONE,0
4.15,RUN_009_NORMAL,TRAIN001,0.006284742939487958,-0.03806268345324836,0.9533493755409804,26.264421930723366,26.106918175088033,26.013479343243148,139.49938653021619,4.990871643506903,0.2660042318529319,1.3275929778076336,1.1034115549063366,ZONE_01,NORMAL,NONE,0
4.16,RUN_009_NORMAL,TRAIN001,0.014601272500530608,-0.06537398133724918,0.9827522234142184,26.13083155952296,26.045363187691187,25.974184458760295,139.9310204871641,4.993709525281906,0.2750950564569859,1.3737448037872142,1.1047486312229633,ZONE_01,NORMAL,NONE,0
4.17,RUN_009_NORMAL,TRAIN001,0.03396579117680867,0.005573708596007291,0.9943075686964816,26.274172969255332,26.102543367902598,26.028482747989546,140.17853026929677,4.984502231406986,0.26332334026518217,1.3125357771333417,1.108715624176483,ZONE_01,NORMAL,NONE,0
4.18,RUN_009_NORMAL,TRAIN001,-0.03481255961748937,-0.041578502332557096,0.9571027422095854,26.13296394711146,26.069322090236348,25.98598893400058,139.6861717205982,4.9984371362576026,0.2683959135977392,1.3415601017467262,1.0868720379034718,ZONE_01,NORMAL,NONE,0
4.19,RUN_009_NORMAL,TRAIN001,0.013263993323881115,-0.0033932094325503184,1.0069799126341235,26.221473189836033,26.01872141985919,26.00222881420096,139.85516527344808,4.990405979161836,0.2625953783900846,1.3104575464181432,1.104366902240469,ZONE_01,NORMAL,NONE,0
4.2,RUN_009_NORMAL,TRAIN001,0.04284330109215654,-0.00906745872983516,1.0664857085031358,26.22685467505986,26.088326742770132,25.98862355662589,139.63500683017267,5.005575718818066,0.2735777070176749,1.3694139274575963,1.0886476403333163,ZONE_01,NORMAL,NONE,0
4.21,RUN_009_NORMAL,TRAIN001,0.03875738082857407,0.045105898548278664,1.0975856060062705,26.194751606158498,26.035605343730353,25.99525000038503,139.78969095681055,5.000509355583399,0.26879997765326163,1.3441368030357435,1.098842106922915,ZONE_01,NORMAL,NONE,0
4.22,RUN_009_NORMAL,TRAIN001,-0.032532231227150904,-0.006490472147827312,0.9610906383638654,26.209188733226924,26.05672009529071,25.987775519370885,139.79317591619906,5.00745055947111,0.2661735093500981,1.3328506883115374,1.095171515402956,ZONE_01,NORMAL,NONE,0
4.23,RUN_009_NORMAL,TRAIN001,0.01030415653014831,-0.02493470832902821,0.8937204597734919,26.29534783429068,26.050731515610853,25.98397268853364,140.30525964538555,4.999837178257536,0.26858008319935217,1.3428566853196233,1.0737391660690594,ZONE_01,NORMAL,NONE,0
4.24,RUN_009_NORMAL,TRAIN001,0.00967419969127594,-0.01170799710522172,1.0588555432866211,26.282595142745752,26.087421360751982,26.00926380916601,139.69875280584844,4.9982431107607885,0.2671755401437446,1.335408302887264,1.1085342387655686,ZONE_01,NORMAL,NONE,0
4.25,RUN_009_NORMAL,TRAIN001,-0.01478492492401305,0.04529964924163206,0.9973302697427875,26.303925389649763,26.152203479970755,25.992592659687865,139.96114956741727,4.996511501259231,0.2699952284685247,1.3490342643280975,1.0974119223121044,ZONE_01,NORMAL,NONE,0
4.26,RUN_009_NORMAL,TRAIN001,-0.03665709430088695,0.006425020029196806,1.0099277051601296,26.245842561401602,26.08019417125301,25.95223059651097,139.9576542598727,5.007187466965733,0.2653231016441802,1.3285225092492143,1.1066863591842193,ZONE_01,NORMAL,NONE,0
4.2700000000000005,RUN_009_NORMAL,TRAIN001,-0.009222220744565138,0.018269528882674534,0.9589495010807572,26.17737736881531,26.03817515656087,26.003010695023313,140.03626887861205,5.010058872395342,0.26721660761002103,1.3387709358079705,1.0955976068016917,ZONE_01,NORMAL,NONE,0
4.28,RUN_009_NORMAL,TRAIN001,0.03658559367538366,-0.05494603605762087,1.0351835640506033,26.25557967520445,26.062796691041225,26.00888854412127,139.72628924644783,5.010873138160768,0.2698083018778804,1.3519751723326425,1.0967248536597498,ZONE_01,NORMAL,NONE,0
4.29,RUN_009_NORMAL,TRAIN001,-0.010313266585552427,-0.060017691914825214,0.9714687590510361,26.140013960226664,26.030511398228803,25.99104867215315,139.89051646443565,4.987204796439209,0.2702453850141817,1.3477690803582878,1.0948646503252188,ZONE_01,NORMAL,NONE,0
4.3,RUN_009_NORMAL,TRAIN001,-0.004398739744471731,-0.0078009716923980975,1.0667412628962745,26.21212510380358,26.079873039406483,26.0042066476989,139.88277962771355,4.993910025421332,0.2705850861324656,1.3512775743664147,1.1147897859114595,ZONE_01,NORMAL,NONE,0
4.3100000000000005,RUN_009_NORMAL,TRAIN001,-0.009286669693639192,-0.03316003290590041,0.9747481015994961,26.182572845166764,26.061321063951322,26.010627613780816,140.22256318825285,4.995292820753207,0.27075907280603234,1.3525208525417682,1.0906875882792733,ZONE_01,NORMAL,NONE,0
4.32,RUN_009_NORMAL,TRAIN001,0.03416532185395697,0.043303861030120974,0.9912079901462753,26.19465719914034,26.216607247638873,25.996179570808753,140.14688839703956,5.0066371944380945,0.27074744176111143,1.3555342122201424,1.0949590977137786,ZONE_01,NORMAL,NONE,0
4.33,RUN_009_NORMAL,TRAIN001,0.002430028142033466,0.018093064242004447,0.993340514386395,26.265635334452938,26.128893176836925,25.98599210071523,140.396347960316,5.013929465377806,0.27479522366706194,1.3778038688893663,1.083614931531921,ZONE_01,NORMAL,NONE,0
4.34,RUN_009_NORMAL,TRAIN001,-0.05678997516733669,0.0220089860239666,0.977321392353594,26.187545903129124,26.113940914363777,25.977457741954744,140.00495959723736,5.0060900348982775,0.26904690590132374,1.3468730345528312,1.1002413226294314,ZONE_01,NORMAL,NONE,0
4.3500000000000005,RUN_009_NORMAL,TRAIN001,-0.07344332625906948,-0.022863059677861418,1.0059807936125833,26.210577814206232,26.116979743792715,26.018961204954568,140.06485636666528,5.00455704237733,0.2672637423478,1.3375366439388028,1.113684225264494,ZONE_01,NORMAL,NONE,0
4.36,RUN_009_NORMAL,TRAIN001,-0.002585941224311678,0.01710448035356976,0.9998454652373169,26.194999717710164,25.992320808438425,26.04532570543748,140.22097714334797,4.996064878954257,0.2683000284937106,1.3404443493798541,1.0854395075101384,ZONE_01,NORMAL,NONE,0
4.37,RUN_009_NORMAL,TRAIN001,-0.01653536614320144,0.019807833004160398,1.0017604253806793,26.25696303739047,26.078808436100395,26.02505756201413,139.82951183937976,5.017608607980847,0.26850228921308367,1.3472393976181316,1.0922351153412442,ZONE_01,NORMAL,NONE,0
4.38,RUN_009_NORMAL,TRAIN001,-0.01756824327798151,0.020343619140642175,1.002454698292905,26.17589957644769,26.1872936045913,26.016243457556115,140.19088990527987,5.013311250996236,0.2799106620156781,1.403279271157004,1.0984784971690023,ZONE_01,NORMAL,NONE,0
4.39,RUN_009_NORMAL,TRAIN001,0.045242304822013614,-0.023602816882101137,0.9850974699471764,26.21092392492391,26.120734115962073,25.98316302248378,140.128617779029,4.98426269365882,0.2676031258516984,1.3338042768891065,1.085810459136351,ZONE_01,NORMAL,NONE,0
4.4,RUN_009_NORMAL,TRAIN001,0.037015977901611805,0.03464467890371859,1.005611619516127,26.15666778961093,26.07494134721251,26.01302424896096,139.9813012733963,5.004937522855708,0.2594766923201398,1.2986646336995533,1.110081045735632,ZONE_01,NORMAL,NONE,0
4.41,RUN_009_NORMAL,TRAIN001,0.0076008497164813844,0.039016891757295745,0.9583590152618778,26.175319494547324,26.150018377401654,26.008040457923848,139.66114901392584,4.991881819425263,0.2617507774269515,1.306628947058028,1.086821378173724,ZONE_01,NORMAL,NONE,0
4.42,RUN_009_NORMAL,TRAIN001,0.028078016477631678,-0.04807711143499521,1.0040380399187323,26.299242114612923,26.05229982072023,25.98983359701072,139.91672206183463,4.99156353812308,0.2687235688289193,1.3413507680007413,1.1099994620006424,ZONE_01,NORMAL,NONE,0
4.43,RUN_009_NORMAL,TRAIN001,0.04434095869527891,-0.01970234637849855,1.0463172406287913,26.16375030160469,26.099493568742673,26.03390849058801,139.84494261581006,4.9951670279515215,0.2621631502985046,1.3095487243149893,1.0908172768922755,ZONE_01,NORMAL,NONE,0
4.44,RUN_009_NORMAL,TRAIN001,0.003287141383972391,0.009164331722893706,1.056632678624309,26.206401897224225,26.122612896009326,25.993555847962245,139.97630865091378,5.006301776874295,0.2652566385904167,1.327954781102906,1.1054013933971072,ZONE_01,NORMAL,NONE,0
4.45,RUN_009_NORMAL,TRAIN001,-0.01357169842033354,-0.03434343889603357,0.9918153372573759,26.24652650005995,26.067869288924047,25.99923918951842,139.65551349864347,5.005628770551768,0.2740768789454623,1.3719271105924402,1.1002183760562596,ZONE_01,NORMAL,NONE,0
4.46,RUN_009_NORMAL,TRAIN001,-0.04860107167773468,-0.03887943418309963,1.0550069132435804,26.167540220111416,26.090290120801193,25.992366392921173,139.99544746512404,5.0058294245858495,0.2634686495913313,1.318879118580185,1.1021071686434754,ZONE_01,NORMAL,NONE,0
4.47,RUN_009_NORMAL,TRAIN001,0.0224876113691171,0.025959783503119047,0.9998423169220525,26.219399888795852,26.09573430230736,25.99915638858901,139.96473625663884,5.004069711660288,0.2710794219654809,1.3565003249118417,1.0947160109338159,ZONE_01,NORMAL,NONE,0
4.48,RUN_009_NORMAL,TRAIN001,0.04621253321585493,-0.02123362825821216,1.0489164635038033,26.225717704481927,26.042280043176476,25.981384641537023,139.7139510798341,4.994294157886625,0.2787177859674349,1.3919986101562547,1.1104638055221323,ZONE_01,NORMAL,NONE,0
4.49,RUN_009_NORMAL,TRAIN001,-0.0312721196825208,-0.035935845745672886,0.9312290802036332,26.300853157318574,26.15384850092152,25.983996917270588,139.9496668643213,5.010942779996277,0.27011984362600844,1.3535550801514704,1.0990348328346806,ZONE_01,NORMAL,NONE,0
4.5,RUN_009_NORMAL,TRAIN001,-0.015069875218528903,-0.002067419433249803,0.9484287584420534,26.356750375285234,26.219860645527433,26.031139952458012,140.4056734771146,5.000334531775269,0.26079076812561863,1.304041083426728,1.0964686616239336,ZONE_01,NORMAL,NONE,0
4.51,RUN_009_NORMAL,TRAIN001,-0.02338414161136794,-0.04925215593684035,1.0007984238723167,26.275821589987675,26.12748024512704,25.999451346388394,140.07676258363148,4.991572004740426,0.26874186946952544,1.3414443921456891,1.1001280892300604,ZONE_01,NORMAL,NONE,0
4.5200000000000005,RUN_009_NORMAL,TRAIN001,0.019084525367872383,-0.0032307781633006943,1.0219525087769379,26.2333898606389,26.060065381589848,25.973939876682508,140.18256542061044,4.995200612831614,0.2687060766744954,1.3422407588760183,1.093214562717442,ZONE_01,NORMAL,NONE,0
4.53,RUN_009_NORMAL,TRAIN001,-0.00935329809359253,-0.022455356231052926,0.9847564693414945,26.293209102337194,26.13310679310827,26.02530288906865,139.75924656084027,4.993950087418132,0.28276812446731964,1.4121298999026322,1.0955904867809056,ZONE_01,NORMAL,NONE,0
4.54,RUN_009_NORMAL,TRAIN001,0.040107537047531276,-0.026999486584590827,1.0539897846201918,26.21135369030836,26.08273426623352,26.017906652761308,140.1104187113447,5.000056582951759,0.2694790063818309,1.3474102798267726,1.0988652738629259,ZONE_01,NORMAL,NONE,0
4.55,RUN_009_NORMAL,TRAIN001,-0.038519307979119594,0.007247099558850412,0.9482794695527605,26.229044276303977,26.080724160329073,25.998372810237626,139.7768422248417,5.010158872483955,0.26972184549852296,1.3513492973271712,1.0873339322576816,ZONE_01,NORMAL,NONE,0
4.5600000000000005,RUN_009_NORMAL,TRAIN001,0.0820743266710249,-0.018542728831790083,1.0475238014499344,26.185813584037366,26.15793876020883,25.988539155666995,139.7722276238712,5.012091871889238,0.27113333467161904,1.3589451829058463,1.09247789497613,ZONE_01,NORMAL,NONE,0
4.57,RUN_009_NORMAL,TRAIN001,0.04418979121515513,-0.013868043499548498,1.0070754565800535,26.224892478485632,26.12168697532426,25.99928741988802,139.8131258118367,4.990420004879582,0.27020146502806947,1.3484187964238488,1.0949099874714814,ZONE_01,NORMAL,NONE,0
4.58,RUN_009_NORMAL,TRAIN001,-0.010358164021234371,0.028281626925136406,0.9715819978943162,26.232452453643464,26.174350874054806,25.95662827078268,139.5884023061043,4.988734958579671,0.2608007285292842,1.3010657116370865,1.078305834931074,ZONE_01,NORMAL,NONE,0
4.59,RUN_009_NORMAL,TRAIN001,-0.02590971196979091,-0.009895512311072788,1.050193449125995,26.253742757575857,25.987901144802027,26.002563883990675,139.98621246932598,4.977134230053794,0.2736339435399025,1.361912866897056,1.1079672540265364,ZONE_01,NORMAL,NONE,0
4.6000000000000005,RUN_009_NORMAL,TRAIN001,-0.03355296574131199,-0.008739169666976984,0.9576121233407864,26.163519999301872,26.01583211990351,26.036971364394724,139.86325228955033,5.003280087983404,0.2639677953381986,1.3207048142844873,1.1162075306808057,ZONE_01,NORMAL,NONE,0
4.61,RUN_009_NORMAL,TRAIN001,0.00973905623385589,0.015220241547148282,1.0117215209911918,26.17303505396218,26.135580132220316,26.028345427144142,139.9856467871851,5.009390789295511,0.2787221615813996,1.3962282289983985,1.1000094332468242,ZONE_01,NORMAL,NONE,0
4.62,RUN_009_NORMAL,TRAIN001,0.00150609665860103,0.04519579249084134,1.0539582457331256,26.205175949820937,26.09539878302835,25.997910897760022,139.99420367786908,4.981902380668176,0.2764277028349494,1.3771358308360695,1.1012413501361018,ZONE_01,NORMAL,NONE,0
4.63,RUN_009_NORMAL,TRAIN001,-0.010149061608639544,-0.024434802867586876,0.938052097521235,26.18868221860508,26.023651218481916,25.986787426921364,139.88538533143694,5.0055591694031945,0.2635214133353945,1.3190720268550733,1.1036331102330856,ZONE_01,NORMAL,NONE,0
4.64,RUN_009_NORMAL,TRAIN001,-0.012026377893468552,0.0030195005137220302,0.9783812720992936,26.253380868615988,26.033071482207614,26.00997191750957,140.40742494973887,4.986164372990212,0.27096270320697124,1.3510645771397205,1.1117808623579777,ZONE_01,NORMAL,NONE,0
4.65,RUN_009_NORMAL,TRAIN001,-0.002401361036700096,-0.01674322823588001,0.9972584073440018,26.244760050222652,26.086271927630442,26.009906873061,139.78925166620812,5.005026383804619,0.2734678523738603,1.3687138162535575,1.0950045339823549,ZONE_01,NORMAL,NONE,0
4.66,RUN_009_NORMAL,TRAIN001,-0.006553112081953711,-0.002817694175159143,0.9525318124501597,26.22944443344116,26.148244288248396,26.009376669769985,140.12632341374544,4.990788720332101,0.27201293082224887,1.3575590669321558,1.109331826350993,ZONE_01,NORMAL,NONE,0
4.67,RUN_009_NORMAL,TRAIN001,-0.017562554364420366,-0.09416756161076359,1.0075361854674112,26.315999809017693,26.141928715137837,25.998456854080278,140.1628570871696,4.990845149847722,0.27375226728595314,1.3662551754439165,1.0924898456976448,ZONE_01,NORMAL,NONE,0
4.68,RUN_009_NORMAL,TRAIN001,0.0360996711505086,0.0006459836736199922,0.9861947501887681,26.279626829835063,26.03711836840775,26.015337297919327,139.9591776451376,5.0126323531499555,0.2722627089912382,1.364752863645732,1.1110078092782916,ZONE_01,NORMAL,NONE,0
4.69,RUN_009_NORMAL,TRAIN001,0.04049710845153297,-0.04902238071500587,1.052847682373562,26.293254628950393,26.12133930693029,25.986487402168468,140.15184607287213,5.0213103957155365,0.27115796721205904,1.3615683196430046,1.1086112840221047,ZONE_01,NORMAL,NONE,0
4.7,RUN_009_NORMAL,TRAIN001,-0.005134336295750603,-0.02609301570765469,1.0169009751680305,26.183225295469796,26.10234887434205,26.035692671667128,140.02260261744274,5.00293571935084,0.27037368107592674,1.3526621466271262,1.0813923898709872,ZONE_01,NORMAL,NONE,0
4.71,RUN_009_NORMAL,TRAIN001,0.016653608129759977,-0.011770382264412628,1.0027470321613605,26.30206378337145,26.116049316517216,25.974849768538313,139.98979562367725,4.993695749833398,0.2701342315886023,1.348968164168514,1.0902764801646527,ZONE_01,NORMAL,NONE,0
4.72,RUN_009_NORMAL,TRAIN001,-0.016860131397636344,-0.017896291141270712,1.0165070970967194,26.22753752146018,26.107094814561368,25.995597843991035,140.41070813376274,4.990407560246438,0.26784332485356677,1.3366473533107823,1.109032680914672,ZONE_01,NORMAL,NONE,0
4.73,RUN_009_NORMAL,TRAIN001,0.020320482234137696,-0.004105275508680121,1.0207411399130992,26.214159671919344,26.10886885710492,26.004246363354586,140.23937751497914,5.003711499797007,0.2670558929881201,1.3362706428332156,1.0943168758063082,ZONE_01,NORMAL,NONE,0
4.74,RUN_009_NORMAL,TRAIN001,-0.05613360207827928,-0.02685972086778189,0.9710870442002236,26.24924094045322,26.050079494176316,26.001644765505784,139.9195776873215,5.001161357073934,0.2801133835816042,1.400892229567547,1.1067821400128244,ZONE_01,NORMAL,NONE,0
4.75,RUN_009_NORMAL,TRAIN001,0.007529532523761667,0.050694839750356345,0.9093465342000678,26.296111333653265,26.095524410293084,25.981988293222795,140.32181150204033,5.016995093138736,0.2713521010627671,1.361372159544789,1.0792528887633652,ZONE_01,NORMAL,NONE,0
4.76,RUN_009_NORMAL,TRAIN001,0.01319876043228592,-0.10292759137429383,1.0313251541624138,26.17103093766185,26.17652907257757,26.033143343705582,140.22305594802583,4.994094466457642,0.2777696133410868,1.3872076889368004,1.1101831351059674,ZONE_01,NORMAL,NONE,0
4.7700000000000005,RUN_009_NORMAL,TRAIN001,0.0009654243044680058,-0.029308062035886272,0.9931492892895255,26.265893628419775,26.078656450943104,26.011858376111643,139.77569948470767,4.992838138350995,0.2720388601639718,1.3582459961402116,1.0942026013034907,ZONE_01,NORMAL,NONE,0
4.78,RUN_009_NORMAL,TRAIN001,-0.015395921306911853,-0.032923422120444114,1.0300164972199257,26.19776485380633,26.083049044886685,26.014239098270973,139.53318769247164,5.017766043766338,0.2715444100238843,1.3625463199924102,1.0937570109775916,ZONE_01,NORMAL,NONE,0
4.79,RUN_009_NORMAL,TRAIN001,0.0067274666331021415,0.016524936812142735,0.9654777267774478,26.23996933293516,26.15432921478668,26.027061106954054,139.91870758159405,5.009040498797997,0.27010909876366673,1.3529874148010348,1.1073505729739332,ZONE_01,NORMAL,NONE,0
4.8,RUN_009_NORMAL,TRAIN001,0.0008392113649609278,-0.02949690060132297,1.0169389252912573,26.277771766881518,26.10790650933053,26.00848541507304,139.94465502237023,5.00514551596569,0.26897283684651574,1.3462481882589095,1.112230682429789,ZONE_01,NORMAL,NONE,0
4.8100000000000005,RUN_009_NORMAL,TRAIN001,0.04920230143297831,0.00442764458224773,1.008647016816541,26.197880535608448,26.063182579784723,26.001586884337875,140.00083874126608,5.008426767914946,0.27068635921989165,1.355712807226346,1.1045656318212642,ZONE_01,NORMAL,NONE,0
4.82,RUN_009_NORMAL,TRAIN001,-0.03781764435882384,0.03187889557821296,0.9726307157435408,26.206589563171885,26.042614583792528,25.96531998865952,139.96063643012394,5.003909622287178,0.2609979484359002,1.3060101455756137,1.117374917065372,ZONE_01,NORMAL,NONE,0
4.83,RUN_009_NORMAL,TRAIN001,-0.05451761265204754,0.05022036156369984,0.9390390304188443,26.299849619987192,26.069339558344186,26.007030860921347,140.04405058000944,5.009966172625309,0.26708490781971606,1.3380863533955263,1.125283254772036,ZONE_01,NORMAL,NONE,0
4.84,RUN_009_NORMAL,TRAIN001,0.00886618144350727,-0.03442904047177568,0.9723087774643789,26.324884944383157,26.029791065450244,26.00996371345265,140.19474246584798,5.00489024560016,0.27219734206661417,1.3623178221874874,1.0988014042227707,ZONE_01,NORMAL,NONE,0
4.8500000000000005,RUN_009_NORMAL,TRAIN001,0.0054071152234435056,-0.047266643135123416,0.9868241639262162,26.226847325778603,26.09537235674853,26.00784144621848,139.91365371386993,4.979421223260618,0.2643428859308441,1.3162745764220058,1.0930097031415085,ZONE_01,NORMAL,NONE,0
4.86,RUN_009_NORMAL,TRAIN001,-0.006546885730375415,0.04045719421563125,0.9857717771039066,26.30836827454627,26.04722109616197,25.984180824128956,139.64665498276167,5.004835439833643,0.27278796654318405,1.3652588825154817,1.0882669422702003,ZONE_01,NORMAL,NONE,0
4.87,RUN_009_NORMAL,TRAIN001,-0.010592734204866689,-0.0523901138161348,1.026409558589821,26.26064760986733,26.156592273375622,26.03506551299722,140.36625324415624,5.008983007827216,0.26504032605262945,1.327582489586606,1.1096876331143668,ZONE_01,NORMAL,NONE,0
4.88,RUN_009_NORMAL,TRAIN001,0.03497178171781495,0.02530729445876563,1.0401917258131805,26.242893836615757,26.095034912113448,25.968349502634496,139.97709108085678,5.011730474969911,0.26454372310973445,1.325821839071058,1.0972188665847586,ZONE_01,NORMAL,NONE,0
4.89,RUN_009_NORMAL,TRAIN001,0.05490236349304006,0.003456467544223809,0.983954936947767,26.365311056742744,26.0663389475438,25.999809578229343,140.07684642775263,5.015212532442407,0.2704660162073131,1.3564445540826877,1.0917670383459175,ZONE_01,NORMAL,NONE,0
4.9,RUN_009_NORMAL,TRAIN001,-0.013110951380341525,-0.04754536897139937,0.9803056735229632,26.247719410504125,26.056160013505608,25.99140872980503,140.17548391498488,5.0086420315444204,0.2679044269721686,1.3418373733696263,1.0918800875061088,ZONE_01,NORMAL,NONE,0
4.91,RUN_009_NORMAL,TRAIN001,0.045155334351907876,-0.03228713481548401,0.9956147931679908,26.186914158135167,26.02033472592915,25.992750988391784,140.03986876832025,4.999556343953613,0.27159307685105155,1.357844890344556,1.083365526369994,ZONE_01,NORMAL,NONE,0
4.92,RUN_009_NORMAL,TRAIN001,0.01925828398910714,-0.02548028981167,0.9933942465023815,26.26307237848049,26.127965115334987,25.988029567036413,140.01176802852996,4.996593181586417,0.2637327788267061,1.3177654044463583,1.093361969732984,ZONE_01,NORMAL,NONE,0
4.93,RUN_009_NORMAL,TRAIN001,0.027203270904476932,-0.03924910773592541,0.9597120492171332,26.21422191592575,26.030425265048052,25.976315778669772,140.01479262001058,5.008389982830639,0.26788972063697175,1.3416961933415077,1.114758650891933,ZONE_01,NORMAL,NONE,0
4.94,RUN_009_NORMAL,TRAIN001,0.000871292904110122,-0.012116828837436628,0.9894655169180641,26.26513967636537,26.074866025078254,26.002912355794653,139.9706747261609,4.995663300961631,0.2662222859999813,1.3299569040682182,1.1127317200862579,ZONE_01,NORMAL,NONE,0
4.95,RUN_009_NORMAL,TRAIN001,0.0012398827387383373,-0.014068874685733795,0.9834547860250157,26.233969719383442,26.029895149230114,25.98322348823802,139.9451285999209,5.017388992911831,0.2740937752845129,1.375235091138164,1.0991794257723233,ZONE_01,NORMAL,NONE,0
4.96,RUN_009_NORMAL,TRAIN001,0.044608312177502905,-0.003212214619767669,1.0364691018591004,26.23416092523079,26.07162999654013,25.98125102259061,140.1639417354276,4.998188464762467,0.2559533963335669,1.27930331307121,1.1012878539634663,ZONE_01,NORMAL,NONE,0
4.97,RUN_009_NORMAL,TRAIN001,-0.021298806012917254,-0.022054913805029643,1.02939042507333,26.214366456931394,26.174305717560667,25.97091101164556,140.05260243255213,4.996837792722062,0.2633083905851338,1.3157093172166185,1.1064352585108341,ZONE_01,NORMAL,NONE,0
4.98,RUN_009_NORMAL,TRAIN001,0.0061511437807147675,-0.0414750344290726,0.9496661514772274,26.232433478562125,26.134377246570153,26.01779231218399,139.83441932030206,5.003544685177758,0.2667373099494035,1.33463204953595,1.08847030331958,ZONE_01,NORMAL,NONE,0
4.99,RUN_009_NORMAL,TRAIN001,0.02309447032324035,0.013721965028763838,1.0216268443329035,26.28336449184324,26.157671812949275,25.980335233222046,139.88312364869088,4.9982552915961715,0.2683660841122422,1.341362199998958,1.1041987269383746,ZONE_01,NORMAL,NONE,0
5.0,RUN_009_NORMAL,TRAIN001,-0.01639329250464926,0.03675599293347589,1.0019157880809038,26.34415061051005,26.06055560460186,25.982895035927044,140.15800347479416,5.0026677319949915,0.2643187912391684,1.3222990878921081,1.0978888294352231,ZONE_01,NORMAL,NONE,0
5.01,RUN_009_NORMAL,TRAIN001,-0.023657431514049334,0.006172705702708192,1.0174510627800983,26.291604023049146,26.122871857673346,26.04079928866737,139.95022461828776,4.997342183998159,0.26461802373735605,1.3223868126689156,1.094749416292697,ZONE_01,NORMAL,NONE,0
5.0200000000000005,RUN_009_NORMAL,TRAIN001,-0.01719649640761565,-0.020112958609968083,0.9814795802426521,26.223141268191313,26.086254769965976,26.009763207035867,139.904291835746,5.006092745833136,0.27164060978026555,1.3598580860946772,1.1074597613376749,ZONE_01,NORMAL,NONE,0
5.03,RUN_009_NORMAL,TRAIN001,0.03470489439557738,0.0077609005242332985,1.0368325257344795,26.31759993623427,25.998125942862895,25.990249738245904,140.03454339236902,5.002413025436216,0.2715906423523545,1.358608566890007,1.0959874854728127,ZONE_01,NORMAL,NONE,0
5.04,RUN_009_NORMAL,TRAIN001,0.0056667696771202205,0.004669911220209825,1.001125258854121,26.218123443318735,26.07444645534618,25.990079588135828,140.1159842354526,4.989028421933052,0.2625934274929932,1.3100860731753592,1.0888012213429004,ZONE_01,NORMAL,NONE,0
5.05,RUN_009_NORMAL,TRAIN001,-0.010012259908305291,0.013026831685535529,0.9184811002290783,26.20484086946171,26.16052273579779,26.001525766573938,140.06575782418903,4.993333824127596,0.26962575448104986,1.346331399706149,1.1123267575977687,ZONE_01,NORMAL,NONE,0
5.0600000000000005,RUN_009_NORMAL,TRAIN001,-0.022860447764480978,-0.011876764920956143,0.9783575445698947,26.22690898961782,26.19184507533683,26.017101096382802,139.83617884058853,5.008774594344685,0.27087421334939266,1.35674787808754,1.0881092374945998,ZONE_01,NORMAL,NONE,0
5.07,RUN_009_NORMAL,TRAIN001,0.019860487556108104,-0.0580919018011919,0.9627422635264887,26.284306242359357,26.057509977567857,25.980074682282616,139.49315974877965,5.000878573306589,0.26061253489118785,1.3032916416724571,1.0918263214123924,ZONE_01,NORMAL,NONE,0
5.08,RUN_009_NORMAL,TRAIN001,-7.721966974331534e-05,-0.05274970796301017,0.950289503044154,26.282462232176112,26.116923922073866,25.98558062550766,139.93818299820703,5.009039219533466,0.2675382079146442,1.3401093761681515,1.095392692811409,ZONE_01,NORMAL,NONE,0
5.09,RUN_009_NORMAL,TRAIN001,-0.0005424016940472254,-0.02929417752003664,1.000557352617834,26.279268911087943,26.032713744768472,25.99695720537794,140.1699826784322,4.994544978500706,0.27536653717708254,1.3753305555049256,1.0972462033567598,ZONE_01,NORMAL,NONE,0
5.1000000000000005,RUN_009_NORMAL,TRAIN001,-0.028142116283625652,0.06565815814871795,0.9584608745816428,26.23969962004454,26.112741121421045,25.992234162736125,140.27211467419679,4.994631004003293,0.2633443755062661,1.3153079826334821,1.0982418905352884,ZONE_01,NORMAL,NONE,0
5.11,RUN_009_NORMAL,TRAIN001,-0.00978316060011902,-0.00838051913991684,0.9826031704128064,26.342069850126816,26.17647345048267,25.95181619546664,140.04914475432068,4.996382675581905,0.27895141090124387,1.3937479967561042,1.0944326777667597,ZONE_01,NORMAL,NONE,0
5.12,RUN_009_NORMAL,TRAIN001,-0.023781101960531376,-0.034819176266407494,1.0473206464659315,26.406658181516477,26.089137920852103,25.983627323526875,140.1142823951459,4.998132676810624,0.2735454441287049,1.3672164228923547,1.115047487590792,ZONE_01,NORMAL,NONE,0
5.13,RUN_009_NORMAL,TRAIN001,0.024055159769981776,0.01793909699367714,0.9952167773333562,26.326294980430436,25.992637079875124,25.983666308379284,140.11371990232544,4.999156794850798,0.274735200919419,1.3734443464610127,1.1116754331968515,ZONE_01,NORMAL,NONE,0
5.14,RUN_009_NORMAL,TRAIN001,0.00036400771368084073,-0.002989435082888783,1.0038191647226327,26.293179589377186,26.04303611902103,25.96725873769666,139.78262213990277,5.001734552473024,0.2651409649923552,1.3261647258783034,1.100556397144069,ZONE_01,NORMAL,NONE,0
5.15,RUN_009_NORMAL,TRAIN001,-0.04580087872437043,-0.01198999598299153,0.990905912736941,26.29292650859568,26.179273323911072,25.994532353223864,140.09970101417866,5.010304652396713,0.2753271866391776,1.3794730841495697,1.0986906771727092,ZONE_01,NORMAL,NONE,0
5.16,RUN_009_NORMAL,TRAIN001,0.015925213890127264,0.007553368973884155,1.0184454825269613,26.26502373441723,26.129874814691753,26.013528575739517,140.0227363933727,5.000322335489983,0.2622418726842615,1.3112938932838334,1.094845344412676,ZONE_01,NORMAL,NONE,0
5.17,RUN_009_NORMAL,TRAIN001,-0.009806153866908538,0.000755792774303817,1.0076965992139775,26.201346079235314,26.045022897636027,25.967950673137846,139.94925384559048,4.980324078114715,0.2749470166834111,1.3693252473942006,1.07913882208349,ZONE_01,NORMAL,NONE,0
5.18,RUN_009_NORMAL,TRAIN001,0.0697060206282229,-0.05050981470502621,1.0058299540891262,26.23359715185965,26.060822504939207,26.01592896719462,139.63051599047864,4.992909829316821,0.27710876130287465,1.3835790580989316,1.1172905278380014,ZONE_01,NORMAL,NONE,0
5.19,RUN_009_NORMAL,TRAIN001,-0.0040358761898851335,-0.03715309254478254,1.0224210124339552,26.22714293807517,26.083944557854366,26.01489648600339,140.04970887718827,5.008182174963445,0.2586352006323068,1.2952922016248134,1.1049292616797053,ZONE_01,NORMAL,NONE,0
5.2,RUN_009_NORMAL,TRAIN001,0.012803714631938209,-0.026640676367936947,1.011727890355684,26.318537650417053,26.147026708565598,25.993522584642605,140.12560607062818,4.995808937917967,0.2606704551268101,1.302259789573662,1.1157863106206478,ZONE_01,NORMAL,NONE,0
5.21,RUN_009_NORMAL,TRAIN001,-0.009199114482547182,-0.013000208192223377,1.0072595904271788,26.331031174965336,26.144914463091347,25.992200160606174,139.9683306813782,5.006765377994743,0.26926312651345263,1.3481372993981728,1.1216405047753115,ZONE_01,NORMAL,NONE,0
5.22,RUN_009_NORMAL,TRAIN001,-0.01108470805337725,0.010005357253672971,1.0342451408134914,26.244281688706863,26.069280034326127,25.96713328525873,139.8709146193142,5.004564314574761,0.271531956767662,1.358899141106098,1.1115753359425908,ZONE_01,NORMAL,NONE,0
5.23,RUN_009_NORMAL,TRAIN001,-6.942280594578362e-05,-0.015328538698285885,1.021896222121217,26.32304501129314,26.062438574239675,26.023244510737396,139.72308592896798,4.981174547980252,0.26720811977229286,1.3310102852234038,1.1010820561665007,ZONE_01,NORMAL,NONE,0
5.24,RUN_009_NORMAL,TRAIN001,0.003947561947550145,-0.007896103998263381,1.050597836055721,26.28153750281812,26.12060783264846,26.037746537457327,139.69904622881623,4.9967575716729336,0.2688140612791025,1.3431986960685074,1.094895324193724,ZONE_01,NORMAL,NONE,0
5.25,RUN_009_NORMAL,TRAIN001,0.016272838710239487,-0.011328789027595746,0.9646277651305546,26.305165450703687,26.076357357038994,25.97915586850848,139.7947457083152,4.990703129453603,0.26951013114928224,1.3450450549461739,1.0897004218675879,ZONE_01,NORMAL,NONE,0
5.26,RUN_009_NORMAL,TRAIN001,0.06028926484215052,-0.039543846495425077,0.951042930837431,26.25539292839616,26.11801702843036,26.009144213112275,139.79746639051632,4.9998709202473925,0.2715150121882779,1.357540013850787,1.1015543511816184,ZONE_01,NORMAL,NONE,0
5.2700000000000005,RUN_009_NORMAL,TRAIN001,0.021683850081878897,0.023691855624044245,1.0133729452062772,26.244392279431754,26.14261159398447,26.02911347131859,139.93610789982603,4.995881256112623,0.2669777812567315,1.333789293179041,1.0990284709893916,ZONE_01,NORMAL,NONE,0
5.28,RUN_009_NORMAL,TRAIN001,0.03293776721189853,0.007184501354926565,0.9756591711377647,26.206969080756625,26.097500780546497,25.98795481649383,140.03105213969025,5.016003917830333,0.26514264514907715,1.3299565468516688,1.10986906129214,ZONE_01,NORMAL,NONE,0
5.29,RUN_009_NORMAL,TRAIN001,-0.05418603064296936,-0.017327515156766914,1.0071357400679941,26.28312067698435,26.067132755681648,26.009762459368115,139.8005816835429,4.982351821884625,0.2605027924054972,1.297916562347561,1.0959316127847232,ZONE_01,NORMAL,NONE,0
5.3,RUN_009_NORMAL,TRAIN001,0.05664222937383616,0.0386119690984514,0.9720671027426476,26.27684451333453,26.17425945513189,25.999014396818072,139.92634210441796,5.01660792935034,0.26404487624544604,1.324609619877234,1.1029190538404194,ZONE_01,NORMAL,NONE,0
5.3100000000000005,RUN_009_NORMAL,TRAIN001,-0.06726101418065994,-0.043295647174613344,0.9374233076005903,26.2352010108489,26.12954691039478,26.020814718256904,140.19556380971602,5.004128549174877,0.271020056660177,1.3562192029321842,1.0939557886149072,ZONE_01,NORMAL,NONE,0
5.32,RUN_009_NORMAL,TRAIN001,0.01726716470277089,0.010407594069530396,1.0031153719654062,26.30811362856894,26.113869876010472,26.005933360601304,139.9632376499756,5.0248615980626425,0.2658677344450361,1.3359485689767783,1.0934053676322084,ZONE_01,NORMAL,NONE,0
5.33,RUN_009_NORMAL,TRAIN001,0.030851443393322537,-0.07339490644858349,1.0183314202367997,26.26157640923461,26.09229206315278,25.98050001590397,139.949540292767,4.9962434063794845,0.27171069527737035,1.357532769722347,1.1022541378694348,ZONE_01,NORMAL,NONE,0
5.34,RUN_009_NORMAL,TRAIN001,0.004259283680908778,0.02161438379846238,0.9668430900111351,26.308783478679562,26.112229316187115,25.994334886828966,139.98173373283956,4.9953913046314735,0.2621955993727666,1.3097696172193556,1.0861924165309562,ZONE_01,NORMAL,NONE,0
5.3500000000000005,RUN_009_NORMAL,TRAIN001,-0.030282087287212198,-0.006875279666326189,1.0049321924918282,26.398161075766424,26.11876213010894,25.982341380769256,140.05716942035045,5.004949647412152,0.27110595912338964,1.3568716745259424,1.1040257810277623,ZONE_01,NORMAL,NONE,0
5.36,RUN_009_NORMAL,TRAIN001,0.07963392034335069,-0.01822377129057244,0.9839723900893808,26.272686257895522,26.063533176947967,25.98840501272362,139.87791029377482,4.9919336204417,0.27125845273044435,1.3541041900141009,1.0939367381062888,ZONE_01,NORMAL,NONE,0
5.37,RUN_009_NORMAL,TRAIN001,0.03114196586277121,0.007862265878859166,1.0269047468640058,26.19992034484791,26.147893311644463,26.004656509790454,139.81637618288258,4.9910301127704,0.2648199359086204,1.3217242745818518,1.091693402626746,ZONE_01,NORMAL,NONE,0
5.38,RUN_009_NORMAL,TRAIN001,0.0057445324991288755,0.018184260577994084,1.0769428043315574,26.321663271296465,26.166168885112945,25.995781682576535,139.63298272751834,5.003098683776087,0.26374033932513097,1.3195189445362212,1.086115690271271,ZONE_01,NORMAL,NONE,0
5.39,RUN_009_NORMAL,TRAIN001,0.06012274743332592,-0.0528769628579578,1.0497692627583708,26.28257819108425,26.127898449306187,26.002766524977734,140.18089545638398,5.0032651125153516,0.28239774620881364,1.4129107914595216,1.0924728662677967,ZONE_01,NORMAL,NONE,0
5.4,RUN_009_NORMAL,TRAIN001,0.08151110125601059,0.020342466406088562,0.9970123408254415,26.263852505627888,26.023606402473213,25.999325726738267,140.28093084401917,5.003185757348415,0.2721395463101087,1.3615647021099955,1.0938203941056353,ZONE_01,NORMAL,NONE,0
5.41,RUN_009_NORMAL,TRAIN001,-0.02319740179636696,-0.05989463823372518,0.9859078843016114,26.286329037148903,26.103631086502745,25.99080373474739,140.04659767037444,4.9961057825153175,0.26530028683162404,1.3254682971424492,1.105533641215502,ZONE_01,NORMAL,NONE,0
5.42,RUN_009_NORMAL,TRAIN001,0.012380724020186824,0.05939900339035523,1.0157500066831162,26.355187405570717,26.04061426832321,25.99339162272583,140.06499476010103,5.002146047628561,0.27229491890773905,1.3620589524036866,1.0975505924640057,ZONE_01,NORMAL,NONE,0
5.43,RUN_009_NORMAL,TRAIN001,-0.06160050522193075,-0.0025507352690070273,1.03132682629123,26.231414575739027,26.117216038668918,26.01242023892672,140.19278411718463,4.98685597998868,0.2615500582541819,1.3043124720712547,1.1014574671364756,ZONE_01,NORMAL,NONE,0
5.44,RUN_009_NORMAL,TRAIN001,-0.030136143273198017,-0.0002118893963668818,0.9673522555155595,26.3031266111505,26.0965090566738,25.977516497454715,140.07644851581185,5.004360943010862,0.2734800518530032,1.3685928901857547,1.1137489697955545,ZONE_01,NORMAL,NONE,0
5.45,RUN_009_NORMAL,TRAIN001,0.004123860815540828,-0.000303974319534775,0.9854329486487038,26.284010873035918,26.078265327136176,25.995910885190636,139.80998539433315,4.994733363662727,0.2764645176111999,1.3808665499815815,1.0902745192922503,ZONE_01,NORMAL,NONE,0
5.46,RUN_009_NORMAL,TRAIN001,0.04919315586485343,0.015315360189083896,1.0203976999060376,26.33200760132349,26.119554752994482,25.999714963241647,139.96831248027405,5.0068385435404785,0.27036780137005795,1.3536879288319024,1.0828520054138628,ZONE_01,NORMAL,NONE,0
5.47,RUN_009_NORMAL,TRAIN001,0.024138515440478497,0.047638482124958546,1.002369107535,26.25745630951148,26.09096730092722,25.960974495942814,140.34873286915294,5.0113332193288755,0.26416728714229487,1.323830301516172,1.1107026368419255,ZONE_01,NORMAL,NONE,0
5.48,RUN_009_NORMAL,TRAIN001,0.09508622494368117,0.0009860448484340291,0.9993170116200308,26.223714336547786,26.102469789774165,26.010549905387705,139.5072115504668,5.006028775322006,0.2726541322014471,1.3649144315108945,1.0902419394363818,ZONE_01,NORMAL,NONE,0
5.49,RUN_009_NORMAL,TRAIN001,0.021572453574167812,-0.015656716182059723,1.0110520539032664,26.30138895908309,26.045529048325943,25.98006758184723,139.82546077660504,5.010031629893118,0.2780283347756207,1.3929307512323725,1.1048406932540638,ZONE_01,NORMAL,NONE,0
5.5,RUN_009_NORMAL,TRAIN001,-0.06451117139971588,-0.0021844677449393544,0.9747516233935267,26.338103392550813,26.101164814897135,26.022489682124668,140.16539537364127,5.011944962624883,0.26515831810305657,1.3289588967147006,1.0950180787578478,ZONE_01,NORMAL,NONE,0
5.51,RUN_009_NORMAL,TRAIN001,-0.02014847552342254,0.04436582638920278,1.0010439009859038,26.3430447214685,26.1131548585419,26.019792136327045,140.30957917621578,5.011306405834028,0.2632207749687366,1.3190799557494268,1.1033185770400193,ZONE_01,NORMAL,NONE,0
5.5200000000000005,RUN_009_NORMAL,TRAIN001,0.0482034816428225,-0.02307483334411672,0.9316525544676124,26.286045134574074,26.111305872013443,26.034851448352054,139.99847444636015,5.022123772212906,0.2683967897179455,1.3479218980281225,1.1054182763103775,ZONE_01,NORMAL,NONE,0
5.53,RUN_009_NORMAL,TRAIN001,0.028740873052647383,-0.0019114090414433463,0.9981866025618614,26.27777931607617,26.124624905482733,26.01382798402684,139.80061542695123,4.977795453337892,0.26909451421779357,1.3394974493915015,1.0998703526125513,ZONE_01,NORMAL,NONE,0
5.54,RUN_009_NORMAL,TRAIN001,-0.005483189949632267,-0.01069104618285679,1.0031374998313731,26.228295571329635,26.126237495261027,25.978903837907993,140.13560501116635,5.002358131237775,0.2615249873107512,1.3082416467957922,1.09408880166193,ZONE_01,NORMAL,NONE,0
5.55,RUN_009_NORMAL,TRAIN001,0.03659864098232503,-0.019066884798052314,1.1215202203643915,26.282506000245473,26.132450950904875,25.985241148921034,139.7119206732577,5.005735666806964,0.2649321111754931,1.3261801181936337,1.0958302233414283,ZONE_01,NORMAL,NONE,0
5.5600000000000005,RUN_009_NORMAL,TRAIN001,0.025094768269244578,0.0016430636971273272,0.9922568894093182,26.26990440613652,26.114247100180286,25.990537601153527,139.85434983387486,5.002867764492876,0.26775609525789307,1.339548337712197,1.0921704102501835,ZONE_01,NORMAL,NONE,0
5.57,RUN_009_NORMAL,TRAIN001,0.024484493576434434,-0.041414677680583684,0.9999154928090954,26.225126518787537,26.113609557486903,26.01935058746234,139.9952373222711,5.013818017575726,0.26757974960901,1.3415961697280556,1.1061698458651572,ZONE_01,NORMAL,NONE,0
5.58,RUN_009_NORMAL,TRAIN001,-0.061926896093859485,0.051105611198085786,0.9889717219614704,26.347595664826855,26.013409515111526,26.008714322656793,140.11927202285045,4.974077487627486,0.2655700961703794,1.3209662367481507,1.0932086065955224,ZONE_01,NORMAL,NONE,0
5.59,RUN_009_NORMAL,TRAIN001,0.006444330683656082,0.014855573277431557,0.9994736156331689,26.249408635993234,26.040549492885336,25.99030961025981,139.83809902648844,5.00333376180722,0.26943828208429516,1.3480896534756912,1.1185943875600262,ZONE_01,NORMAL,NONE,0
5.6000000000000005,RUN_009_NORMAL,TRAIN001,-0.05037935833624129,0.01638810438645259,0.9765845362813008,26.2641531844771,26.117177416043578,25.972972405667118,140.10835603167294,4.997513628551989,0.26531593243356044,1.325919988208697,1.0891462426381513,ZONE_01,NORMAL,NONE,0
5.61,RUN_009_NORMAL,TRAIN001,-0.03972888834926487,0.05315213742285896,0.9560079106172966,26.291232915645153,26.05740876082064,25.962569104361783,140.15565979634152,5.006577171868015,0.26560808759668286,1.3297873880250726,1.0784021644189785,ZONE_01,NORMAL,NONE,0
5.62,RUN_009_NORMAL,TRAIN001,0.03443792106251444,-0.0034341622464011006,1.014059295637165,26.2647629733949,26.107365637534738,25.992458283221062,140.19969535850777,4.994982202254296,0.2697430325112506,1.3473616465757987,1.108945265583441,ZONE_01,NORMAL,NONE,0
5.63,RUN_009_NORMAL,TRAIN001,0.001325675928013218,0.033871071392399484,1.0692646004313104,26.323879800037336,26.070699796555413,26.029239595172086,139.77458291514037,4.993114611055874,0.2762386039398211,1.3792910094695974,1.0986782757470375,ZONE_01,NORMAL,NONE,0
5.64,RUN_009_NORMAL,TRAIN001,0.012238453091324887,-0.03403659586925689,0.9161318773358453,26.381482045506672,26.093018353704885,26.009570566083852,140.23886036402936,4.998133673623208,0.26423319746058865,1.3206728419168985,1.0977405857437048,ZONE_01,NORMAL,NONE,0
5.65,RUN_009_NORMAL,TRAIN001,0.03251847012613984,-0.006887623906881306,1.0771394190917052,26.23551886108107,26.063835477402595,26.030690104189834,139.51598209781537,4.9981155830479205,0.2722126571929131,1.3605503238187806,1.0978653268600065,ZONE_01,NORMAL,NONE,0
5.66,RUN_009_NORMAL,TRAIN001,-0.023544726292307347,-0.0026929576647613143,0.9660288674393874,26.30120779646692,26.168136104520393,26.021488984391105,139.66325918004407,5.00688934365124,0.27088732890134054,1.3563028804062705,1.087964925810967,ZONE_01,NORMAL,NONE,0
5.67,RUN_009_NORMAL,TRAIN001,-0.028995466484046446,0.00865286111426298,1.0309541236836783,26.267610056510232,26.159425154378972,25.996050069950897,140.3436784589025,5.002857921458483,0.26583940720761107,1.3299567841844244,1.0905501191979847,ZONE_01,NORMAL,NONE,0
5.68,RUN_009_NORMAL,TRAIN001,-0.0035850544265016056,-0.05097529899445974,1.0096973326787166,26.289016805326742,26.1507971541643,25.971285502433883,139.73271081912546,4.983085633982677,0.2713822799079023,1.3523211403265336,1.1004984031122644,ZONE_01,NORMAL,NONE,0
5.69,RUN_009_NORMAL,TRAIN001,0.00047760833936012786,0.032652058129287904,0.9913082696776452,26.261630371425817,26.153493109293898,26.026143230460463,139.87978355942872,4.987362616398076,0.262889685261036,1.3111261885075471,1.1082321949129894,ZONE_01,NORMAL,NONE,0
5.7,RUN_009_NORMAL,TRAIN001,-0.015621274607542599,0.036137595866360235,0.990373123403055,26.276168613776637,26.038144487675197,25.976697263364624,139.70094442518166,5.005903982646087,0.27051803114509076,1.3541872894867881,1.1192932665961022,ZONE_01,NORMAL,NONE,0
5.71,RUN_009_NORMAL,TRAIN001,-0.004785361142116336,-0.010734663077735379,1.0361655982578315,26.313030130307776,26.056715571988978,26.017547879192488,139.54767597628668,4.993764935246435,0.2756847113592587,1.3767046447694005,1.1058354508942545,ZONE_01,NORMAL,NONE,0
5.72,RUN_009_NORMAL,TRAIN001,0.055124113511445125,0.020122210652573868,1.0401516927197052,26.30246007456265,26.178256219639696,25.98724376947489,140.21966912995006,4.99436653455805,0.267792436942375,1.3374535852727443,1.0960281748394005,ZONE_01,NORMAL,NONE,0
5.73,RUN_009_NORMAL,TRAIN001,-0.011543446762328928,-0.012890794074065556,0.9606815676205447,26.270394742158604,26.089526991125766,25.97177901325425,140.43564747151174,4.994412220963878,0.2670623721036115,1.33381957499388,1.1073389053700315,ZONE_01,NORMAL,NONE,0
5.74,RUN_009_NORMAL,TRAIN001,-0.0028539040163406346,0.04139146347328831,1.025162965649101,26.286696112270015,26.10017526975093,26.020698384386492,140.13036842143322,4.995748352370062,0.2702548992982885,1.3501254678893617,1.0930536808481708,ZONE_01,NORMAL,NONE,0
5.75,RUN_009_NORMAL,TRAIN001,-0.0301367785693434,-0.03728802133289564,0.9755877377859081,26.22783713903931,26.125208619883576,26.007138007398822,139.74155293814056,4.997575993118843,0.2665343318776142,1.332025578333535,1.0799149373172001,ZONE_01,NORMAL,NONE,0
5.76,RUN_009_NORMAL,TRAIN001,-0.023785720868887143,0.014758439596619134,1.026961956678112,26.297100696206286,26.068554328013835,26.002106076571238,140.10490759182474,4.990411939070564,0.26512211974285144,1.3230685916764215,1.1049328789208341,ZONE_01,NORMAL,NONE,0
5.7700000000000005,RUN_009_NORMAL,TRAIN001,0.016063055061207525,-0.016522217075847806,1.0118641363692227,26.26404647546712,26.148322100471255,25.990638200186446,140.2253516125367,4.996277332500759,0.26839075650712824,1.3409546529892953,1.1037456451728405,ZONE_01,NORMAL,NONE,0
5.78,RUN_009_NORMAL,TRAIN001,1.9723439452292722e-05,-0.031975154965709414,1.008369446427548,26.294775201032053,26.084368985103715,26.031920567811405,139.7712494963934,5.02237142325977,0.27137038889859605,1.3629228863231992,1.0979818450904824,ZONE_01,NORMAL,NONE,0
5.79,RUN_009_NORMAL,TRAIN001,0.013944325649929906,-0.04619549506285266,0.9740621775913433,26.337004801499916,26.094388652667657,26.01708199088871,139.88447886389415,5.024246559767198,0.26086292423360125,1.3106396496514823,1.1077491694025046,ZONE_01,NORMAL,NONE,0
5.8,RUN_009_NORMAL,TRAIN001,-0.013865075489328558,0.010048041667173414,0.967148538473765,26.290737414907348,26.052217468706765,25.98742210916609,139.93969886840756,4.990675682938616,0.26325233454615915,1.313807024496338,1.1032040154821172,ZONE_01,NORMAL,NONE,0
5.8100000000000005,RUN_009_NORMAL,TRAIN001,0.045582120177576575,-0.03370811953185914,1.012282732760517,26.28046984974966,26.026694621742053,25.980001752386535,140.15437173098258,5.008000235248678,0.2676131297466579,1.3402066167268978,1.106053646274935,ZONE_01,NORMAL,NONE,0
5.82,RUN_009_NORMAL,TRAIN001,0.053287917155394895,0.03696164344813669,0.9998583300922915,26.295283861133974,26.139584002123367,26.034642655341163,139.7926051440376,5.002298565324818,0.2689858864203363,1.3455477137330725,1.071591696433911,ZONE_01,NORMAL,NONE,0
5.83,RUN_009_NORMAL,TRAIN001,-0.0025110955720537794,0.0014357290419698392,0.9678613349398159,26.274981113979216,26.083888998572956,25.96528938589015,140.35694980359207,5.00805046623122,0.2632821895004177,1.3185304918779432,1.0955712641381354,ZONE_01,NORMAL,NONE,0
5.84,RUN_009_NORMAL,TRAIN001,0.043078255375124934,0.017913733754932763,1.0030225847425376,26.369519129639897,26.14976578673977,26.00319909763088,140.0701616067132,4.996329672956369,0.268673817680164,1.342382967621873,1.0931061149099701,ZONE_01,NORMAL,NONE,0
5.8500000000000005,RUN_009_NORMAL,TRAIN001,0.05741058479313165,0.016904387830072278,1.0122097472636542,26.33882676551187,26.176694908007548,25.968591985062403,140.0527771694405,5.0158647077684835,0.27005213146487356,1.3545449554723141,1.0994860711818475,ZONE_01,NORMAL,NONE,0
5.86,RUN_009_NORMAL,TRAIN001,-0.003591069208075205,-0.024545051962123216,1.002498787044758,26.36369925115125,26.15257139471076,25.98440093116113,139.76399709229833,5.002000620098731,0.2750759932005886,1.3759302885636187,1.1037145824966732,ZONE_01,NORMAL,NONE,0
5.87,RUN_009_NORMAL,TRAIN001,-0.024159335890234144,0.004702542613834094,1.0100717697679216,26.34268938693178,26.095578579528784,25.964249599364116,139.99761794878373,5.0072629268446995,0.2674923223065114,1.3394043887009879,1.0831238882907295,ZONE_01,NORMAL,NONE,0
5.88,RUN_009_NORMAL,TRAIN001,0.03124190446255032,0.011149539537612186,1.0737461668151413,26.26015010908955,26.139544857563177,26.035388829943354,140.01250033531326,4.995961465301729,0.2684991468572847,1.3414113911653842,1.1033745461534958,ZONE_01,NORMAL,NONE,0
5.89,RUN_009_NORMAL,TRAIN001,0.034533642540342024,-0.03740303052643319,0.9914395147241332,26.296545603990534,26.071325406452104,25.985411597388026,140.00773124697642,4.986025929068264,0.26553438722519607,1.3239613397640804,1.1053251906946784,ZONE_01,NORMAL,NONE,0
5.9,RUN_009_NORMAL,TRAIN001,-0.05222968713239981,-0.04000599211918827,0.9788103871541596,26.30868943783533,26.10690755235873,25.988026668003897,140.06689994759267,4.991544761456968,0.27036122060568596,1.3495201344154233,1.1022672325885146,ZONE_01,NORMAL,NONE,0
5.91,RUN_009_NORMAL,TRAIN001,-0.06377936896540158,0.0056858213936289955,1.051728512569548,26.21905240231237,26.21542647809054,26.004070026939083,139.923815811488,5.000237509412481,0.2595636440157443,1.297879868887313,1.0947518751902636,ZONE_01,NORMAL,NONE,0
5.92,RUN_009_NORMAL,TRAIN001,-0.02170974223675363,0.022698001154571677,0.9978154002593563,26.301273201847994,26.149864442743866,26.002621890627744,139.5630073166206,4.996209278923441,0.26674356442718195,1.332706671684199,1.1053254171211637,ZONE_01,NORMAL,NONE,0
5.93,RUN_009_NORMAL,TRAIN001,0.05344721086103667,0.008342592527783072,1.0341985274463865,26.24541647501974,26.066320563268896,25.97446992833003,139.76346819099686,5.003335208811818,0.2662904158294614,1.3323402132886841,1.1156365220717546,ZONE_01,NORMAL,NONE,0
5.94,RUN_009_NORMAL,TRAIN001,0.013336549570403623,-0.03288832317899148,1.0473320599539686,26.27291204701832,26.141344616805235,26.011365363164934,140.31506364283788,4.99552200227478,0.27210461544164455,1.3593045933592531,1.0811808890408163,ZONE_01,NORMAL,NONE,0
5.95,RUN_009_NORMAL,TRAIN001,0.015515469552910346,-0.023288468843964717,1.018425864313804,26.322996931106015,26.06777630860302,25.996291370150594,139.50657657528623,4.994678864761578,0.27323921436307314,1.3647421290032997,1.089103635934192,ZONE_01,NORMAL,NONE,0
5.96,RUN_009_NORMAL,TRAIN001,-0.045419355390355284,-0.02576434703507403,0.9921093860268446,26.30580805655084,26.131487866786358,25.98467353135209,140.0011917783184,5.013360333450184,0.2727993013985599,1.3676411966244617,1.1084320931242795,ZONE_01,NORMAL,NONE,0
5.97,RUN_009_NORMAL,TRAIN001,-0.015612862244668882,0.023028353589573274,0.9813071760760221,26.358577757951437,26.08673145195785,26.019440723501294,140.31686433730636,5.016200238562512,0.26591483184507464,1.3338820429385738,1.0897117267250631,ZONE_01,NORMAL,NONE,0
5.98,RUN_009_NORMAL,TRAIN001,-0.048602057613671645,0.01080183030985214,1.0742869672986095,26.35479385439412,26.104243246634365,26.006129792827,140.3503995746258,4.994743268578701,0.2612316828850689,1.304785189629684,1.1048187982927122,ZONE_01,NORMAL,NONE,0
5.99,RUN_009_NORMAL,TRAIN001,-0.02796925790750541,0.00700102686484241,1.0302422737771226,26.346513673581736,26.033780829664757,25.98491648805156,140.3069465348016,4.991879986130168,0.27094415156490564,1.3525206875558713,1.1102491341713092,ZONE_01,NORMAL,NONE,0
6.0,RUN_009_NORMAL,TRAIN001,0.02309104111001136,-0.03133706638212011,0.9674370738278684,26.405323995609645,26.175876389510126,25.992659589970938,140.4565132134976,4.999525446704669,0.2624718179259444,1.3122345327635936,1.0979885417623876,ZONE_01,NORMAL,NONE,0
6.01,RUN_009_NORMAL,TRAIN001,0.0020265000442373565,-0.04221577033160729,1.0413435474624257,26.273641721765962,26.243996556706293,26.04684299372342,139.91245230391863,4.993566822883124,0.2672353797277471,1.3344577261090511,1.0919494986529674,ZONE_01,NORMAL,NONE,0
6.0200000000000005,RUN_009_NORMAL,TRAIN001,-0.0001673087313115087,0.017682557723216915,0.9778308000277568,26.334046927322778,26.07747098645017,25.99150462542415,140.00488064016088,4.994016807811955,0.2705923612984883,1.3513428003901757,1.0820026570452448,ZONE_01,NORMAL,NONE,0
6.03,RUN_009_NORMAL,TRAIN001,-0.011191230995902595,-0.00811452428172184,1.036894465244105,26.34818367018982,26.14241797159854,26.024773280168606,139.64901271527182,5.007414302542927,0.2702514448271442,1.3532609501103328,1.095102954797085,ZONE_01,NORMAL,NONE,0
6.04,RUN_009_NORMAL,TRAIN001,-0.01093130541557703,-0.05379172005007955,1.0112478057235512,26.318453403995935,26.105723769080303,26.015199907446966,139.60992687355787,5.014180066557912,0.27379629811392775,1.372863940300204,1.1090200310808753,ZONE_01,NORMAL,NONE,0
6.05,RUN_009_NORMAL,TRAIN001,0.004052407795771503,-0.06369121054403624,0.9449244862498288,26.312585243164154,26.033247360357446,26.02939650148887,140.03139674099572,4.994462708874476,0.26870501395135343,1.3420371718676305,1.1043414528506375,ZONE_01,NORMAL,NONE,0
6.0600000000000005,RUN_009_NORMAL,TRAIN001,-0.02634752201798679,0.018993582377002164,1.0670537140188334,26.27446331644492,26.09924937286543,26.0278258623472,140.32382282055542,5.004676210822328,0.2743723935886653,1.3731449910995739,1.092870162404055,ZONE_01,NORMAL,NONE,0
6.07,RUN_009_NORMAL,TRAIN001,0.016634359199356307,-0.05251831748340351,0.9529641675046012,26.269577583487244,26.117699783849673,25.970207475209154,139.93598345191384,4.994553438738582,0.2685282053794083,1.341178471576024,1.0976908038377573,ZONE_01,NORMAL,NONE,0
6.08,RUN_009_NORMAL,TRAIN001,-0.012212780782345532,-0.02059582959107818,0.9539103439580419,26.338870322335367,26.05522923967058,26.008701778283985,139.87593965594448,4.998836560835746,0.2672533080109234,1.3359556070893006,1.095545442765183,ZONE_01,NORMAL,NONE,0
6.09,RUN_009_NORMAL,TRAIN001,0.04606768204082375,0.022498120489422825,1.0009040376776057,26.3374639743429,26.1356638035188,25.983286673964002,139.90653751085156,4.99786208407682,0.2718480720247426,1.3586591718018455,1.085850900044433,ZONE_01,NORMAL,NONE,0
6.1000000000000005,RUN_009_NORMAL,TRAIN001,-0.06949269802674878,0.0113221297094719,1.0255015158242577,26.283459876467145,26.17245225366825,26.009549553966284,140.0036649740398,4.987417498760109,0.270240588516588,1.3478026400428613,1.101955587126627,ZONE_01,NORMAL,NONE,0
6.11,RUN_009_NORMAL,TRAIN001,-0.0007169671086274471,-0.004954029768466653,1.0623037604306445,26.36207953149106,26.15807860171217,25.99976570788868,140.0774469740353,4.997375631874371,0.26954977110541384,1.3470414576995096,1.1007468815659032,ZONE_01,NORMAL,NONE,0
6.12,RUN_009_NORMAL,TRAIN001,-0.02138771845236166,-0.0436477717032333,1.005590465559468,26.306849768916134,26.110953324229367,25.970132503639007,140.05313268665833,5.0027549715021395,0.2752368736360768,1.3769426379235894,1.1082860981635543,ZONE_01,NORMAL,NONE,0
6.13,RUN_009_NORMAL,TRAIN001,0.0057533595766481585,0.03680092325232556,0.9767922916880244,26.35107331237286,26.057575006646292,25.97781816431274,140.34950349339084,4.985683624797123,0.2720835366948072,1.3565224334761876,1.1025603642388775,ZONE_01,NORMAL,NONE,0
6.140000000000001,RUN_009_NORMAL,TRAIN001,-0.013569044681220143,0.02026100670488083,1.0154431951476788,26.363600492836678,26.121870747804717,26.00495858847853,139.85915970702516,4.9881893209560015,0.2693706788514545,1.343671943625494,1.1066328835355712,ZONE_01,NORMAL,NONE,0
6.15,RUN_009_NORMAL,TRAIN001,-0.02845610135146167,-0.010496376374906994,1.0032428646705136,26.326694309185346,26.14372196892117,25.995005487687237,140.38328654619562,4.992405801696881,0.276458125649898,1.3801911504207962,1.1069937712857392,ZONE_01,NORMAL,NONE,0
6.16,RUN_009_NORMAL,TRAIN001,0.006999926281592986,-0.0019812425850196627,0.9354878051410833,26.310408432453723,26.07264051782831,26.016748199481203,139.811153404333,4.983700231680824,0.26819096106922946,1.3365833548154216,1.100569734147708,ZONE_01,NORMAL,NONE,0
6.17,RUN_009_NORMAL,TRAIN001,0.02879586086282039,0.057384623403781754,1.0610085285470254,26.45006915197121,26.182437945180244,26.013654556892185,140.09912264783944,4.990658249029625,0.2754445017694677,1.3746493749056492,1.08974132310861,ZONE_01,NORMAL,NONE,0
6.18,RUN_009_NORMAL,TRAIN001,0.015889783240034563,-0.00475769548009479,1.0324895646705434,26.42674915488765,26.175716577081825,26.00215665409871,140.27996429929263,5.003560509325679,0.26639448811211563,1.3329209406198108,1.0936452055669457,ZONE_01,NORMAL,NONE,0
6.19,RUN_009_NORMAL,TRAIN001,0.03722817476293749,0.00783778759839034,1.021817128752284,26.324456082760303,26.07154735537744,25.965593467655548,139.83521181371128,5.011752341445238,0.264203334851805,1.324121682061174,1.120343148105924,ZONE_01,NORMAL,NONE,0
6.2,RUN_009_NORMAL,TRAIN001,0.004483873440117328,-0.03194411192402612,1.0188577438740234,26.32108117444997,26.145299371435083,25.991584861729958,140.11784465743162,5.006277019335583,0.2679973104415662,1.341668776507357,1.0877732654817673,ZONE_01,NORMAL,NONE,0
6.21,RUN_009_NORMAL,TRAIN001,0.02669256389592078,-0.022492378155853747,1.0538245172014067,26.352265223474575,26.101739392735865,25.99441194492706,139.8451450573802,5.004479204132931,0.2781902378891197,1.3921972603088923,1.1146639743629252,ZONE_01,NORMAL,NONE,0
6.22,RUN_009_NORMAL,TRAIN001,-0.02277305341858275,-0.004871392031110346,1.0149284563269012,26.365717457300224,26.211729524582793,26.006302954178434,139.7029576349878,5.00046862008518,0.2661281614908428,1.3307655204559206,1.0890127830669747,ZONE_01,NORMAL,NONE,0
6.23,RUN_009_NORMAL,TRAIN001,-0.02142056706679717,0.06547188827458557,1.0361830070037141,26.33650045342453,26.126716845951545,26.01592840197884,140.29375725608247,4.991152006484148,0.27677089359975215,1.3814056009268136,1.1032334000071178,ZONE_01,NORMAL,NONE,0
6.24,RUN_009_NORMAL,TRAIN001,0.015321944482649856,0.049656887025517474,1.0807174024061816,26.38493454847852,26.113110276388195,25.991410992288998,140.17266722889536,4.998800506072682,0.2638911113560062,1.319139020994486,1.1098803991866741,ZONE_01,NORMAL,NONE,0
6.25,RUN_009_NORMAL,TRAIN001,-0.0424277224081931,0.01955024843025584,1.0085888404245036,26.371207507710032,26.148539639101873,25.995597251992375,140.31146657240842,5.005202121186706,0.26830267895710186,1.342909137836162,1.1166637594146696,ZONE_01,NORMAL,NONE,0
6.26,RUN_009_NORMAL,TRAIN001,-0.03379404583780047,0.05687123015671906,1.0201269959346686,26.308492192001456,26.16562235553699,25.993327055052482,140.0484698199046,5.005742466410444,0.26911745643933865,1.3471326801507604,1.1085881204880783,ZONE_01,NORMAL,NONE,0
6.2700000000000005,RUN_009_NORMAL,TRAIN001,0.008814417261595108,-0.03336297389337495,1.0074159860581555,26.255672837987607,26.08598717960748,25.989840562430313,140.30704173948803,4.9803595198680135,0.26991658131573704,1.3442816153260597,1.1047883189721956,ZONE_01,NORMAL,NONE,0
6.28,RUN_009_NORMAL,TRAIN001,-0.029099171263832633,-0.0067824035912176835,0.9947336062678876,26.340126563713383,26.056417299979127,26.01661130020425,139.87061415801105,5.000961960050307,0.2753306313746256,1.376918013941136,1.0808969413641745,ZONE_01,NORMAL,NONE,0
6.29,RUN_009_NORMAL,TRAIN001,0.04320851364329169,-0.04369324469335363,1.0787813829890978,26.41873430954588,26.129770361896774,26.026576530495294,140.14079666223788,4.997795176456428,0.271676829110604,1.3577851460839538,1.1096694686038282,ZONE_01,NORMAL,NONE,0
6.3,RUN_009_NORMAL,TRAIN001,0.030708269974378987,-0.014866999712515979,1.0522990389663671,26.259767449091758,26.12029563100427,26.000658263262054,140.21411431321945,5.010084993593012,0.2673281386967333,1.3393366960496549,1.09731281068456,ZONE_01,NORMAL,NONE,0
6.3100000000000005,RUN_009_NORMAL,TRAIN001,-0.037802460159193044,-0.015117963247282654,0.992810919202631,26.302389363054385,26.16959590587353,26.02360181650005,140.29679615110638,5.026608731840823,0.27097891984359873,1.3621050046306278,1.1004678756163904,ZONE_01,NORMAL,NONE,0
6.32,RUN_009_NORMAL,TRAIN001,0.01699931105878408,0.030752600938044827,0.9230172070048233,26.293284314477138,26.166485394732664,26.007081265302613,140.14380457283423,4.98373275734267,0.26283866281642576,1.309917653774366,1.0945240494504274,ZONE_01,NORMAL,NONE,0
6.33,RUN_009_NORMAL,TRAIN001,-0.01828368545836706,-0.020424448841679113,1.0330096954037318,26.281541300275443,26.107669884347523,25.986319167394296,140.20678191144773,4.992169418995191,0.2683438004796782,1.3396177145315966,1.0987205287081585,ZONE_01,NORMAL,NONE,0
6.34,RUN_009_NORMAL,TRAIN001,-0.005494120689336738,0.007744447225481401,0.9146082866774349,26.23038966054414,26.12437846203329,25.953725998549846,140.1817650802015,4.978759223302129,0.2704913860078706,1.346711482910462,1.080213599188873,ZONE_01,NORMAL,NONE,0
6.3500000000000005,RUN_009_NORMAL,TRAIN001,-0.008240638952247503,-0.00229412796276646,0.981177489525201,26.341850662451005,26.092147240438752,25.99350610906677,139.90715495997924,4.992286492488638,0.274423507476081,1.370000769594194,1.102697452477981,ZONE_01,NORMAL,NONE,0
6.36,RUN_009_NORMAL,TRAIN001,-0.015222041746156663,0.010688438179623207,1.0026417482964423,26.32844083358443,26.074779897518013,25.98901276281345,140.0407252297746,4.999518847800414,0.2717811162940821,1.3587748133884996,1.0930268012736422,ZONE_01,NORMAL,NONE,0
6.37,RUN_009_NORMAL,TRAIN001,-0.008216916045214873,0.02582380627792264,0.988346599368652,26.304845111111632,26.112254146526965,26.00080548108997,140.03694037070775,5.001136407294195,0.2655616618361481,1.3281100953903096,1.1085371975857414,ZONE_01,NORMAL,NONE,0
6.38,RUN_009_NORMAL,TRAIN001,-0.027056688919603788,0.022243656964925865,1.0672326500607812,26.34339752884362,26.132902903522325,26.00992036487584,139.94032093033638,5.00321020043482,0.2635164534093658,1.318428207680146,1.0918975166998002,ZONE_01,NORMAL,NONE,0
6.390000000000001,RUN_009_NORMAL,TRAIN001,-0.06705971426146502,-0.011121992247515127,0.9595096329410019,26.32446678572961,26.18222671008056,26.004220301765187,139.9159737105996,4.984793883110746,0.25787915079735124,1.2854744134764302,1.1075065148847223,ZONE_01,NORMAL,NONE,0
6.4,RUN_009_NORMAL,TRAIN001,0.0052534900634152466,-0.0007223639007736156,0.9683273886008219,26.30018985091967,26.202302245363587,25.975244160057226,140.3862301532763,4.989119574814139,0.2778814824262045,1.386383943450948,1.0780806849632654,ZONE_01,NORMAL,NONE,0
6.41,RUN_009_NORMAL,TRAIN001,0.0015450562128642045,0.008356475558573176,1.0281842482557932,26.30399028253841,26.130854600063476,25.986862312338896,139.80168185039494,4.98956007769362,0.2598814927995167,1.2966943214038906,1.1072195834434202,ZONE_01,NORMAL,NONE,0
6.42,RUN_009_NORMAL,TRAIN001,-0.02196382227243539,0.023536405528928897,0.9986707235463689,26.35232672281224,26.102141433425924,25.99123234805711,140.02116524651024,5.007046789247278,0.26801790710430645,1.3419782012273929,1.1058379993797463,ZONE_01,NORMAL,NONE,0
6.43,RUN_009_NORMAL,TRAIN001,0.011926436286442143,0.009311760878277765,1.0142925999078682,26.325050819712867,26.13072857160146,25.994852745437946,139.9967883953738,4.990803852886926,0.2735217585159001,1.3650934462495616,1.114309764767126,ZONE_01,NORMAL,NONE,0
6.44,RUN_009_NORMAL,TRAIN001,-0.019505177903737854,0.003131077064732937,1.0006407001650088,26.38700519039216,26.202838334149334,25.985497344187554,139.8176877058459,4.989707206859037,0.2679513567975089,1.3369988161001873,1.1053813153831475,ZONE_01,NORMAL,NONE,0
6.45,RUN_009_NORMAL,TRAIN001,0.03524731234537109,0.010031019815213364,1.103793793844809,26.44688920789593,26.083696516440245,25.982258292231553,139.35803700020776,4.984532417247575,0.26998265670542443,1.3457373044428114,1.0925819827170171,ZONE_01,NORMAL,NONE,0
6.46,RUN_009_NORMAL,TRAIN001,-0.017404237718316836,-0.01223691257592055,0.9901988772103578,26.40185173684743,26.11315348789454,26.004126609799144,140.3008212955227,5.004422495058463,0.2659091846503896,1.3307219053070642,1.1070153550152384,ZONE_01,NORMAL,NONE,0
6.47,RUN_009_NORMAL,TRAIN001,0.025822485986183488,0.01730475678464959,1.1085326122684545,26.44737070345285,26.185537611835883,26.017169451338628,139.89537178618698,4.992827133696025,0.263217601002899,1.3141999803536482,1.1203500296333302,ZONE_01,NORMAL,NONE,0
6.48,RUN_009_NORMAL,TRAIN001,0.032184578669281774,-0.006487814563410178,0.9205755341361989,26.36865745314232,26.072522432019042,26.00233638806213,140.03978571701035,5.001310020699684,0.265580273173457,1.32824928152257,1.085023618340404,ZONE_01,NORMAL,NONE,0
6.49,RUN_009_NORMAL,TRAIN001,0.052096114475817565,-0.04987440456806954,0.9794550182183712,26.342652258693608,26.14312777475904,25.98086849183925,140.05635677094622,4.990388054022264,0.26726389802682815,1.3337505639845078,1.1000150727161169,ZONE_01,NORMAL,NONE,0
6.5,RUN_009_NORMAL,TRAIN001,-0.03439334544316836,0.024340538017662075,0.9752394126001857,26.372493076156395,26.125072092744233,26.000210938036492,139.95401987432135,5.008623733759415,0.2731670167374419,1.368190803311407,1.0883924887744103,ZONE_01,NORMAL,NONE,0
6.51,RUN_009_NORMAL,TRAIN001,0.001976549241833203,-0.005016195498752724,1.0479925232656861,26.38808553206601,26.115386714712994,26.00087882686189,139.56163166129014,5.0166503212923566,0.26752577772523756,1.3420832787793004,1.0906039633447384,ZONE_01,NORMAL,NONE,0
6.5200000000000005,RUN_009_NORMAL,TRAIN001,0.053083665208419215,0.04793017013580356,0.9917594205065468,26.21539575690871,26.07155247112362,26.02140306985236,139.8121279976466,5.015080759099974,0.2700719538665271,1.354432659408556,1.0929269479169268,ZONE_01,NORMAL,NONE,0
6.53,RUN_009_NORMAL,TRAIN001,-0.05279631652857843,0.050409015840650155,1.0384315471579302,26.406482828891377,26.183391513726598,25.997460257169095,139.86545053814868,5.007355967612122,0.27737859434340173,1.3889333596732947,1.0939873135126634,ZONE_01,NORMAL,NONE,0
6.54,RUN_009_NORMAL,TRAIN001,-0.02354616146805965,-0.016977602529251786,0.9716800376438419,26.305229042709243,26.021474515633532,26.03574928090648,140.19917630594972,5.010540587001695,0.26384850646078695,1.322023650441552,1.096917731371986,ZONE_01,NORMAL,NONE,0
6.55,RUN_009_NORMAL,TRAIN001,-0.028128207446640283,0.041863501695719854,1.0344150497849602,26.31801487925992,26.10532679049677,25.98986762815825,139.97578402998766,5.0141717891066415,0.26333480302485857,1.3204059404172002,1.106794382255148,ZONE_01,NORMAL,NONE,0
6.5600000000000005,RUN_009_NORMAL,TRAIN001,-0.009973583384188162,0.023028621137103508,1.0040972773169707,26.335301855743463,26.17201183918099,26.03319449537738,139.94771616418228,4.992211909512583,0.26693479456026276,1.3325950604670382,1.1080086661051816,ZONE_01,NORMAL,NONE,0
6.57,RUN_009_NORMAL,TRAIN001,0.02492034090521553,0.0066475685356168985,0.9572020509149649,26.448925182451188,26.080550401307814,26.00027627161081,139.71421065042543,5.010661049850008,0.26687671101298266,1.337228740984829,1.1127225380272008,ZONE_01,NORMAL,NONE,0
6.58,RUN_009_NORMAL,TRAIN001,-0.012897305659534598,0.0070815193836924846,1.0429105207848677,26.41161773016787,26.132995527338174,26.015963847424683,140.01562800141232,5.002954012855884,0.2632411278655758,1.3169832570037914,1.0897173186977465,ZONE_01,NORMAL,NONE,0
6.59,RUN_009_NORMAL,TRAIN001,0.02227209701810676,0.025073120590512678,0.9498992784709659,26.432150714288152,26.247212784776686,25.964887970727712,139.6852983919835,5.009027810453424,0.2765918422323728,1.3854562298865014,1.082091796614483,ZONE_01,NORMAL,NONE,0
6.6000000000000005,RUN_009_NORMAL,TRAIN001,0.014729120693741875,0.002403018114208862,0.9255515107516914,26.218702745593927,26.056690382452658,26.013276565057343,140.32704085885993,5.003979046107869,0.271974500633465,1.3609547022455102,1.0907829246827758,ZONE_01,NORMAL,NONE,0
6.61,RUN_009_NORMAL,TRAIN001,-0.04422777858304593,-0.04418984761505553,0.9802402048586499,26.29868107476336,26.10308318579066,25.9902293644144,140.08245332137955,4.997982128814418,0.2652115480052531,1.3255225772854622,1.091437028125275,ZONE_01,NORMAL,NONE,0
6.62,RUN_009_NORMAL,TRAIN001,0.006834798782498443,-0.009900077984269137,0.9637024415038252,26.286261347481055,26.17620562937434,26.012234674277764,140.34539916772553,5.006294474377718,0.2710847336300586,1.3571300040603178,1.12014174845772,ZONE_01,NORMAL,NONE,0
6.63,RUN_009_NORMAL,TRAIN001,-0.005761702656779624,0.030347287883477365,1.1066241506462247,26.329352419547575,26.018579400673595,25.96212162049053,140.32900998874456,4.9929982704291715,0.2753597212441814,1.3748706119180565,1.0988043798859932,ZONE_01,NORMAL,NONE,0
6.640000000000001,RUN_009_NORMAL,TRAIN001,0.020432972242217167,-0.015308637454276696,0.9724151553615021,26.26697058661852,26.082900438527645,26.01907995533876,139.70127586694963,4.991089670408419,0.2704117812821152,1.3496494483139059,1.0956747970365317,ZONE_01,NORMAL,NONE,0
6.65,RUN_009_NORMAL,TRAIN001,0.021112622043090175,-0.05499768806832336,0.9788415339951181,26.292354345138673,26.0602590375011,25.97984652646222,139.81894152585946,5.004275531335846,0.2704575168868498,1.353443934022714,1.1111366027354759,ZONE_01,NORMAL,NONE,0
6.66,RUN_009_NORMAL,TRAIN001,-0.015846282872317426,-0.0417152715529112,1.0034001332988063,26.36254388817381,26.0612922081743,26.008783788393412,139.90001933296944,4.991789948888738,0.2649156773089067,1.3224034152936528,1.1216227529447633,ZONE_01,NORMAL,NONE,0
6.67,RUN_009_NORMAL,TRAIN001,-0.027169322277488927,-0.012102508575743158,0.9534637256405503,26.346211489896593,26.1927022083814,26.003373749651022,139.8719125845396,5.003314233374866,0.2598652187296231,1.300187347628996,1.0829182390975536,ZONE_01,NORMAL,NONE,0
6.68,RUN_009_NORMAL,TRAIN001,0.01838443472363692,0.028656757781557317,0.976945140877957,26.396185565341877,26.08999538750623,25.999139693467914,140.07266439744657,5.003757442587812,0.263738408078564,1.3196830223193763,1.0979992448201954,ZONE_01,NORMAL,NONE,0
6.69,RUN_009_NORMAL,TRAIN001,0.05443804315936026,-0.04619542141602015,1.034844854523978,26.331660640531762,26.187506468889488,26.02457308839085,139.9011985555498,4.998658780110502,0.26364021004338806,1.3178474507235587,1.0965968572135154,ZONE_01,NORMAL,NONE,0
6.7,RUN_009_NORMAL,TRAIN001,-0.004082843777040379,0.032086075710072486,1.085955132100876,26.401503294671016,26.174641451955647,25.983551036913525,139.93450635549752,4.995520814285976,0.2652437999434331,1.3250309234777256,1.0835821649626876,ZONE_01,NORMAL,NONE,0
6.71,RUN_009_NORMAL,TRAIN001,0.006020864166677293,-0.03375160927497384,0.9637644716211174,26.410360475853658,26.128039576189384,26.0205984810768,140.24895813606267,4.98679921120234,0.26465880361369365,1.3198003130985223,1.0980332419437868,ZONE_01,NORMAL,NONE,0
6.72,RUN_009_NORMAL,TRAIN001,-0.03808772918767426,-0.027394192138496237,1.012528211672555,26.286683220428223,26.0820974800163,25.987005074057475,139.9677754983262,4.999525766909924,0.2700797937493527,1.3502708879716068,1.092683987254682,ZONE_01,NORMAL,NONE,0
6.73,RUN_009_NORMAL,TRAIN001,0.08263645518432226,0.009889339639382306,0.97090805016095,26.350249860391255,26.206374030992137,26.001769634180217,140.1447886728895,5.000940125024563,0.2684192126268597,1.3423484107531625,1.0888858272316402,ZONE_01,NORMAL,NONE,0
6.74,RUN_009_NORMAL,TRAIN001,0.010385160723378833,0.052490064604198715,0.9800694330852097,26.29004457870826,26.127472754426638,25.9916109109511,140.11335714961004,5.000950973566242,0.27138662254398294,1.3571911942241859,1.0930619136064508,ZONE_01,NORMAL,NONE,0
6.75,RUN_009_NORMAL,TRAIN001,-0.030844718321688596,0.01388964164651442,1.0154608519728479,26.404535476275367,26.199099255416083,25.977271989773847,140.21889745222944,5.009026862612301,0.2648915414477971,1.3268488467907953,1.1066790285579498,ZONE_01,NORMAL,NONE,0
6.76,RUN_009_NORMAL,TRAIN001,0.005754712446829333,-0.015877444300717056,1.0136241483647745,26.42966650832097,26.15736499081543,26.012135428578496,139.69019140902427,5.004964401344249,0.26251225568234615,1.313864494606722,1.0955411274782894,ZONE_01,NORMAL,NONE,0
6.7700000000000005,RUN_009_NORMAL,TRAIN001,0.0430677956549688,0.003441005800624463,1.0084256107816045,26.322526816814843,26.127957706971554,26.032329646739107,139.56605289173393,5.001103655555427,0.2641344295196444,1.320963661028741,1.0878902998612034,ZONE_01,NORMAL,NONE,0
6.78,RUN_009_NORMAL,TRAIN001,0.02733338095025056,-0.004292128189667366,0.9557719982527556,26.33817472004427,26.15377592473166,25.950832881486136,140.0714838147374,4.99822439492523,0.26624621481610306,1.3307583259503495,1.093039233924983,ZONE_01,NORMAL,NONE,0
6.79,RUN_009_NORMAL,TRAIN001,0.009835626718165595,0.025435964247602846,0.9878718098590394,26.389188692136216,26.190972985630136,25.987402857374132,140.17493626059098,4.993006734073237,0.26720093422394736,1.3341360639308293,1.0966265965601845,ZONE_01,NORMAL,NONE,0
6.8,RUN_009_NORMAL,TRAIN001,-0.009692268661600166,-0.026152662223946653,1.127853795376702,26.335777348307364,26.12031462820228,25.980030787157546,140.03265526261586,5.0094471470118815,0.26937929225419255,1.3494413270468446,1.0946419435403323,ZONE_01,NORMAL,NONE,0
6.8100000000000005,RUN_009_NORMAL,TRAIN001,-0.05027389049157111,0.027128752691059726,1.002437258052484,26.27073344694046,26.088251319659307,26.014283674525423,140.07951935996928,5.00028362769312,0.26520996963776305,1.326125069080696,1.101559748932,ZONE_01,NORMAL,NONE,0
6.82,RUN_009_NORMAL,TRAIN001,-0.028410898725788353,0.0036674624766188284,0.9498648517204095,26.353816675585183,26.070398476702373,25.984871847689003,140.27420908907874,4.997705151708996,0.2759791104781871,1.3792622222009019,1.089662509859149,ZONE_01,NORMAL,NONE,0
6.83,RUN_009_NORMAL,TRAIN001,0.005979507976741332,0.016890279124280122,0.9813974315684015,26.281466386010944,26.1597826380488,25.979753372024962,140.06801197813124,4.986492021092928,0.264610593990872,1.3194786156321436,1.0940988493391923,ZONE_01,NORMAL,NONE,0
6.84,RUN_009_NORMAL,TRAIN001,0.016849520379429744,0.007028656438115115,1.017831835206771,26.344496838637777,26.22460138414148,25.97052623499845,139.5683807596692,5.003805135619028,0.2743518998046707,1.372803445209448,1.0993571155428925,ZONE_01,NORMAL,NONE,0
6.8500000000000005,RUN_009_NORMAL,TRAIN001,0.003240533705006551,0.013177684995841241,0.9809693237296112,26.37298621325267,26.182233736513883,25.981076235919467,139.5676824585304,4.9991183969912,0.26559903215805925,1.3277610078844113,1.0962528681618928,ZONE_01,NORMAL,NONE,0
6.86,RUN_009_NORMAL,TRAIN001,0.008436600633468353,-0.01879980863404052,0.9951852555985085,26.40716107456795,26.077450796875134,26.005858797406468,140.16500864673063,5.0114021949966014,0.27591908289782524,1.3827414976756107,1.102369234295831,ZONE_01,NORMAL,NONE,0
6.87,RUN_009_NORMAL,TRAIN001,0.018723467030047413,0.0013921088069114888,0.9760023595933929,26.323978086886033,26.242352158815795,26.006475955962873,140.0471918448538,5.006424304037942,0.2671326880891746,1.3373795820526309,1.1025074714433414,ZONE_01,NORMAL,NONE,0
6.88,RUN_009_NORMAL,TRAIN001,-0.036126779779539396,-0.01952602588616243,1.0386198043667418,26.354885286480293,26.148958789842442,25.975656705897674,140.04041788771417,5.000541156147107,0.27159914992761414,1.358142727187603,1.109745291516782,ZONE_01,NORMAL,NONE,0
6.890000000000001,RUN_009_NORMAL,TRAIN001,-0.033174686753833414,0.023673415137140594,1.0067856568748794,26.38169468161241,26.180033739468,25.985375583688,140.0589060175666,5.002422016580166,0.2736972248793915,1.3691490236135608,1.0986742961483693,ZONE_01,NORMAL,NONE,0
6.9,RUN_009_NORMAL,TRAIN001,-0.024764838940639692,0.03154164182340024,0.9961349952181885,26.335530965090275,26.146960439786646,26.011956986544895,140.22096903393484,4.9836027580444435,0.2668552964782317,1.3299007915276833,1.1055245617195681,ZONE_01,NORMAL,NONE,0
6.91,RUN_009_NORMAL,TRAIN001,0.030072616828588805,-0.0037173161695379206,0.9696270488660133,26.329276948524004,26.142676720192902,26.019324101096093,139.7603796812506,5.0269513167761986,0.27618981148043786,1.3883927365017572,1.08451408290932,ZONE_01,NORMAL,NONE,0
6.92,RUN_009_NORMAL,TRAIN001,0.007971814981010994,0.021034405452172823,1.0039505570023577,26.29460343713807,26.061282355096285,25.97775889475301,139.94215534590668,5.0026247132573065,0.2641436264276793,1.3214114334165143,1.0998222732261551,ZONE_01,NORMAL,NONE,0
6.93,RUN_009_NORMAL,TRAIN001,0.010003569942793352,0.025218560180067007,1.0478606464482298,26.35492506727602,26.10774919829406,25.983824077706732,140.3004084407839,4.9861195014465585,0.270063649812156,1.3465696309602253,1.1072663848808018,ZONE_01,NORMAL,NONE,0
6.94,RUN_009_NORMAL,TRAIN001,-0.02108259275692408,-0.007210149662782303,1.0488686387485924,26.349110782289372,26.107746115477614,25.958448835541258,139.96915751356713,5.003278822040892,0.27078832808059944,1.3548295071415242,1.081910874132606,ZONE_01,NORMAL,NONE,0
6.95,RUN_009_NORMAL,TRAIN001,-0.015219253391929881,0.08266641876590747,0.9641111145855374,26.342781959582076,26.080934113972265,26.02058381745122,139.91357992467556,4.999843233026814,0.2680530489790031,1.3402232230298738,1.0994802351080637,ZONE_01,NORMAL,NONE,0
6.96,RUN_009_NORMAL,TRAIN001,-0.0008201148746386425,-0.009996984143479362,0.9842768659923139,26.31237890191408,26.19603850676823,25.99747031820555,140.16506685791407,5.007907717770258,0.261953919841438,1.3118410568741088,1.0997323854343022,ZONE_01,NORMAL,NONE,0
6.97,RUN_009_NORMAL,TRAIN001,-0.025536741169797948,-0.007533937843804229,0.9724612768924883,26.379489132724174,26.162515882527128,26.01648131670388,139.86982777038105,5.019886615606936,0.27896173970077787,1.4003563033903608,1.1190535957566654,ZONE_01,NORMAL,NONE,0
6.98,RUN_009_NORMAL,TRAIN001,-0.030314195042834648,0.00010230781217384823,0.9214096225689496,26.366154634887085,26.159878045754898,26.005341845996202,140.26712824711004,4.992875347812466,0.2661461236544451,1.3288344197101272,1.082938381231869,ZONE_01,NORMAL,NONE,0
6.99,RUN_009_NORMAL,TRAIN001,0.0009511577913111605,-0.05792742212746092,0.9562466716552646,26.34835020779366,26.161768410655938,26.004113788354534,140.13899136239905,4.992974000002967,0.27264047643504463,1.3612868101885993,1.1109306152563747,ZONE_01,NORMAL,NONE,0
7.0,RUN_009_NORMAL,TRAIN001,-0.016309939855479207,0.04618046590299309,1.0301464018112398,26.48198615831072,26.119022143362315,26.02013784675087,139.68937444552003,5.011463131817382,0.27736132924451384,1.3899860757007434,1.1213694867992385,ZONE_01,NORMAL,NONE,0
7.01,RUN_009_NORMAL,TRAIN001,-0.006649225242759338,0.061277022427769,1.0205298872752637,26.38696267847273,26.163693719550064,25.98854488302554,139.9416081887532,4.995857406493978,0.26529828955911566,1.325392424824092,1.088806231328747,ZONE_01,NORMAL,NONE,0
7.0200000000000005,RUN_009_NORMAL,TRAIN001,0.03903305979324517,0.006849554325377359,0.9996013120801803,26.30261473282206,26.143687242209115,25.998720479387963,140.16089145681164,4.995366063149531,0.26946824646938067,1.3460925335095575,1.0961597956758102,ZONE_01,NORMAL,NONE,0
7.03,RUN_009_NORMAL,TRAIN001,0.027243359603888222,-0.01247183231298357,1.0140638020403974,26.33885086713505,26.189114879050056,25.986323501576106,140.11523488636496,4.989886945226478,0.2623176942775924,1.3089356381776687,1.0925981182500095,ZONE_01,NORMAL,NONE,0
7.04,RUN_009_NORMAL,TRAIN001,-0.021120965340000224,0.009368378665991479,1.0185816310629963,26.386445270289283,26.045222570129454,25.99590587951612,140.15146830444758,4.979845670734809,0.27155445136844386,1.3522992590159115,1.1092566345627761,ZONE_01,NORMAL,NONE,0
7.05,RUN_009_NORMAL,TRAIN001,-0.0004292471598259543,-0.02811736779800919,1.0359452454735576,26.33313548255528,26.11234415753825,25.998752605578588,140.13801173244664,4.9845385456021845,0.2622089676400094,1.3069907062041826,1.0948469618344747,ZONE_01,NORMAL,NONE,0
7.0600000000000005,RUN_009_NORMAL,TRAIN001,-0.00020232452850340695,-0.06535332694833165,1.067229076485824,26.298531783728926,26.123136570651464,26.003398085462596,139.94978783874086,4.998190972506265,0.27133908090557285,1.3562045446703812,1.0834991486436751,ZONE_01,NORMAL,NONE,0
7.07,RUN_009_NORMAL,TRAIN001,-0.016097152015833373,0.015035703174211481,0.9643938547782109,26.321058740536564,26.12839924618271,26.019721830974568,140.25183556074134,4.99374771747449,0.2599042761537326,1.297896385804562,1.1044247535434515,ZONE_01,NORMAL,NONE,0
7.08,RUN_009_NORMAL,TRAIN001,0.0136567610497175,0.016587362719821076,0.9947998854157467,26.430092673195666,26.076271746373155,26.040281765310212,140.2016285246643,4.99136254065893,0.2705295037489443,1.35031083115553,1.0861276442096395,ZONE_01,NORMAL,NONE,0
7.09,RUN_009_NORMAL,TRAIN001,-0.005473537985606215,0.05950222796330144,0.9673358516337895,26.395834216685568,26.12288920638292,26.01538906161628,139.9369996459201,4.99587213542783,0.28198301487705585,1.4087510866882147,1.1029443899618288,ZONE_01,NORMAL,NONE,0
7.1000000000000005,RUN_009_NORMAL,TRAIN001,-0.0200630566118163,-0.009875300481133421,0.9822908861152859,26.290024713363607,26.165677387224097,25.999024452658766,140.01750099141012,4.99580784415316,0.279326620893923,1.3954621237426565,1.0907923298265987,ZONE_01,NORMAL,NONE,0
7.11,RUN_009_NORMAL,TRAIN001,0.017711079006780008,-0.018731703259125754,0.9650756194844003,26.334772906760726,26.157337783167446,25.99509095830102,140.0482644840279,4.991439122024238,0.2738308634330431,1.3668100845573674,1.0966034172574737,ZONE_01,NORMAL,NONE,0
7.12,RUN_009_NORMAL,TRAIN001,-0.023674920157902835,-0.009719961114785989,1.014100428007108,26.39572872628809,26.15165383996273,25.99417922837254,139.80245980215983,4.989624463924237,0.2802440344801281,1.3983124903108743,1.1032633750021186,ZONE_01,NORMAL,NONE,0
7.13,RUN_009_NORMAL,TRAIN001,-0.026637658257294486,-0.04028316717467095,1.0208307220683432,26.302536350751584,26.126498224659343,26.017918804438693,139.88204893022834,4.991311501124765,0.27486979961855335,1.3719607921479449,1.0856018549280018,ZONE_01,NORMAL,NONE,0
7.140000000000001,RUN_009_NORMAL,TRAIN001,0.029071430600639107,0.0206606021117677,0.9522687130972936,26.353787197533638,26.19843591796591,26.022127823902906,139.7519336881739,5.005556922348047,0.26232875016217466,1.3131014913051848,1.1128963862372452,ZONE_01,NORMAL,NONE,0
7.15,RUN_009_NORMAL,TRAIN001,0.003433459298784251,0.05113370724692416,1.0056333459893576,26.35656524552669,26.077927652941995,25.986832874256912,140.03796124391977,4.992770363019082,0.27016289047537956,1.3488612727530451,1.0921292998141872,ZONE_01,NORMAL,NONE,0
7.16,RUN_009_NORMAL,TRAIN001,-0.014355581254436782,0.04716959885794822,0.9991871778294397,26.375125816715354,26.1247614163705,26.029527839744432,140.1946196499334,5.008189436197824,0.26946938770602424,1.3495537408880065,1.0930009623487524,ZONE_01,NORMAL,NONE,0
7.17,RUN_009_NORMAL,TRAIN001,0.024898136026009186,-0.014580798347626453,0.966207174903042,26.381968673200248,26.192668989542003,26.033449221437145,140.2135891387429,5.004501824069948,0.27543793999301025,1.3784296731130885,1.0928535134728539,ZONE_01,NORMAL,NONE,0
7.18,RUN_009_NORMAL,TRAIN001,-0.020820234382202974,-0.01735507156429799,1.0192528168814543,26.400625111072056,26.05752556571451,26.009003953131547,140.02912427202733,4.989947323236012,0.26868422560469607,1.340720132351894,1.0869651788339498,ZONE_01,NORMAL,NONE,0
7.19,RUN_009_NORMAL,TRAIN001,0.0018137469548043998,0.022330845053603117,1.0197888981811711,26.405239098331496,26.082967396689146,26.028110764114178,140.02041599568588,4.995858247911283,0.26269529556494914,1.3123884590356434,1.096850366104376,ZONE_01,NORMAL,NONE,0
7.2,RUN_009_NORMAL,TRAIN001,-0.00024720910538944465,0.01561178289718118,0.9956656317046768,26.30625765594215,26.16038608992268,25.974043494093554,139.89650221435474,5.000370224540529,0.2716577137163792,1.3583891429341377,1.1066595052583001,ZONE_01,NORMAL,NONE,0
7.21,RUN_009_NORMAL,TRAIN001,0.0026381894623071873,-0.01929509220430883,0.9638471779527876,26.411717021294084,26.271084513859613,25.985025625629703,140.07726937054883,4.994972334283035,0.26573930424974074,1.327360472859077,1.091244823803955,ZONE_01,NORMAL,NONE,0
7.22,RUN_009_NORMAL,TRAIN001,-0.016887211504612806,0.02214744473206447,1.0341479257837762,26.4175982267724,26.09365032027303,26.014241097322415,139.70792256232144,5.003353148396791,0.2631022161496345,1.316393301522447,1.0979553596218277,ZONE_01,NORMAL,NONE,0
7.23,RUN_009_NORMAL,TRAIN001,0.013277739223450604,-0.0016381985578417452,1.0555564193414255,26.37068884534278,26.115165265438566,26.001514775275314,140.11916238308945,5.009949857286034,0.26192864898988866,1.3122493976260163,1.0883838809776771,ZONE_01,NORMAL,NONE,0
7.24,RUN_009_NORMAL,TRAIN001,0.07080335128612672,-0.0337318187557197,1.0451085426085756,26.416460382894673,26.24263004489824,26.016349071225008,139.89318270583993,4.995786215987107,0.2662305354348825,1.3300308392004532,1.0963191048641838,ZONE_01,NORMAL,NONE,0
7.25,RUN_009_NORMAL,TRAIN001,0.03631793565418113,-0.01436605013976887,0.9344289357159403,26.44194641511144,26.15472835868803,26.006833960490884,140.09601943787234,4.996162151863941,0.2641497375424849,1.3197349211345566,1.0958271874219947,ZONE_01,NORMAL,NONE,0
7.26,RUN_009_NORMAL,TRAIN001,0.02406251970386646,0.023969578577462188,0.9965881653691975,26.45558489547835,26.10276307729283,26.006722672091428,139.8875036320864,4.9940760538535365,0.2709640782454078,1.353215214619887,1.1142283820700798,ZONE_01,NORMAL,NONE,0
7.2700000000000005,RUN_009_NORMAL,TRAIN001,0.0007549458796835849,-0.013547565001750429,0.9747024137032779,26.307322323606968,26.283230977896824,25.978717378173965,140.03092837460485,5.0085517647721485,0.26886233731520814,1.3466109340408505,1.0930013221028296,ZONE_01,NORMAL,NONE,0
7.28,RUN_009_NORMAL,TRAIN001,-0.033746836412329895,0.002182853046276784,0.9894084528694591,26.406464413940665,26.08086495459817,26.008442374581904,139.56805854950434,5.006788715935529,0.264591587782066,1.324754176038713,1.1033739146536534,ZONE_01,NORMAL,NONE,0
7.29,RUN_009_NORMAL,TRAIN001,0.06882786488751526,0.029957813586981963,1.02323490929446,26.27106506421701,26.099464488365353,26.024513217219564,139.8864121609372,4.997853828590109,0.2733711673292478,1.3662691352626284,1.096995102977812,ZONE_01,NORMAL,NONE,0
7.3,RUN_009_NORMAL,TRAIN001,-0.01968688064598102,-0.025884371670219442,0.9946222445500976,26.334273705426124,26.193062223347532,26.007492167399793,140.25095785349063,4.9974015598152075,0.2704580055776878,1.351587258938447,1.0899868250225893,ZONE_01,NORMAL,NONE,0
7.3100000000000005,RUN_009_NORMAL,TRAIN001,0.03312508238183734,0.0348739646835106,0.9705862334869536,26.435657144844527,26.174419823449885,25.97879912765884,140.31497297277053,4.993360267752946,0.26393324524229594,1.317913780131975,1.092504387438549,ZONE_01,NORMAL,NONE,0
7.32,RUN_009_NORMAL,TRAIN001,0.036590126782389765,0.022318693664708948,0.9941596358679795,26.405421452937183,26.196099299227907,25.994622989309455,139.90783796230536,4.992497384206135,0.26972878181166826,1.346620237639861,1.0884855595455756,ZONE_01,NORMAL,NONE,0
7.33,RUN_009_NORMAL,TRAIN001,0.026059337414994686,-0.016171342894480016,0.9758678574438853,26.426883955814517,26.132411136430406,25.971196260850743,139.9578334700623,5.0173660150369,0.2670609059682867,1.3399423135502468,1.1225857621896316,ZONE_01,NORMAL,NONE,0
7.34,RUN_009_NORMAL,TRAIN001,-0.013236195849463252,0.001175923282107641,0.9526426594294135,26.417498565520173,26.24403708214655,25.97092968834659,140.1370431486717,5.004571273482467,0.26526399602741596,1.3275325744079731,1.1120458150148562,ZONE_01,NORMAL,NONE,0
7.3500000000000005,RUN_009_NORMAL,TRAIN001,-0.08823284188662318,0.03987331572634461,1.0418748523249446,26.47344719449849,26.163198470721976,25.993255572617056,140.03554983139276,5.0084828127384995,0.2780895852828981,1.3928069082909724,1.0964744729284062,ZONE_01,NORMAL,NONE,0
7.36,RUN_009_NORMAL,TRAIN001,-0.04113942541308777,0.025878078721777744,0.9193979063615682,26.403466727160477,26.12976758923714,25.998801156997686,139.90395085243026,5.000597866988334,0.26913242593319,1.3458230350589058,1.0870151560158707,ZONE_01,NORMAL,NONE,0
7.37,RUN_009_NORMAL,TRAIN001,-0.028407915963348646,-0.03600836750461797,0.97376462769659,26.520174949993507,26.18560591001889,26.019818547027064,139.68489721714795,5.0067855660217235,0.26749108032471314,1.3392704800093311,1.123134723446642,ZONE_01,NORMAL,NONE,0
7.38,RUN_009_NORMAL,TRAIN001,-0.02412750775449339,0.013127630449545184,1.0687083821341536,26.381297574663837,26.11190929659886,25.991123491072234,139.7843638953321,4.993507270822547,0.2655208910329172,1.3258804999281533,1.1032047107099954,ZONE_01,NORMAL,NONE,0
7.390000000000001,RUN_009_NORMAL,TRAIN001,0.045293482760151715,-0.01781908308303495,1.016246263348672,26.34219104616876,26.17856577915362,25.991785780619523,139.77264813796373,4.985433820881033,0.2677971919245604,1.3350851777576724,1.110532961582028,ZONE_01,NORMAL,NONE,0
7.4,RUN_009_NORMAL,TRAIN001,0.03944903974670889,-0.043933308083903194,0.9840597568731299,26.417566165553687,26.224698679122163,25.999362025047596,140.1581698378048,5.010629249099351,0.26965086031001856,1.3511204877141823,1.1076569384229178,ZONE_01,NORMAL,NONE,0
7.41,RUN_009_NORMAL,TRAIN001,0.021653773376460746,-0.010154640819986465,1.035233036843072,26.333441639896137,26.16692569583945,25.997935794207255,140.21671100897197,4.99093654234783,0.26850324110607193,1.3400826377751245,1.1127075045493555,ZONE_01,NORMAL,NONE,0
7.42,RUN_009_NORMAL,TRAIN001,0.05613194648385875,0.008277349326222283,0.958360189314892,26.35441791938703,26.18590380579807,26.01643360004572,139.8980009394428,4.985372164406916,0.2719308533231745,1.3556765068007743,1.117711128949513,ZONE_01,NORMAL,NONE,0
7.43,RUN_009_NORMAL,TRAIN001,0.02035289542503538,0.03770743647782613,0.9704678302885615,26.298363827096956,26.11225132246753,26.001529826958638,140.12319988645655,5.001987317518032,0.27926396818461113,1.396874827099184,1.102266085778952,ZONE_01,NORMAL,NONE,0
7.44,RUN_009_NORMAL,TRAIN001,0.00016915801144818312,-0.01713376620233425,1.0308885349563508,26.392805023438918,26.08152851685835,25.998116400854617,140.11634776053074,5.011802619147493,0.2659415058958555,1.3328463357888771,1.1023796647805004,ZONE_01,NORMAL,NONE,0
7.45,RUN_009_NORMAL,TRAIN001,-0.008402241823505185,0.006085313741975132,0.9503523477207455,26.433696724286673,26.046377838084297,25.99950178060339,139.8774495630117,5.015355215411769,0.26755755572255324,1.3418961825159323,1.1126297102233498,ZONE_01,NORMAL,NONE,0
7.46,RUN_009_NORMAL,TRAIN001,-0.005589654321536707,0.07424642257195588,0.947641017236507,26.393265597253627,26.136117444366775,26.002945341463416,140.2070727342091,5.00094412625814,0.2671809208559925,1.3361568568030167,1.0973712235226512,ZONE_01,NORMAL,NONE,0
7.47,RUN_009_NORMAL,TRAIN001,-0.01112334378850911,0.04570330252664402,0.9817144879415597,26.475569545343888,26.134477022635675,25.992253852841255,140.0272843494106,4.981489374192014,0.2770555727697454,1.380149391813169,1.1094627075491699,ZONE_01,NORMAL,NONE,0
7.48,RUN_009_NORMAL,TRAIN001,0.02867077247728879,-0.03274059470375353,0.9906866159342704,26.42001170729985,26.132183207715876,25.975730188591104,140.03153714344518,5.000579703727158,0.2704807355908544,1.3525604766448185,1.1076435378104048,ZONE_01,NORMAL,NONE,0
7.49,RUN_009_NORMAL,TRAIN001,0.039368082945766804,0.031594243257870726,0.9489912814760815,26.406594200194682,26.09064745119926,26.031860685358584,140.3571502183737,5.000802640505788,0.27127100112331914,1.356572738710143,1.095871658021759,ZONE_01,NORMAL,NONE,0
7.5,RUN_009_NORMAL,TRAIN001,-0.017726765985638965,-0.0474770510948264,0.9809783069272836,26.359059471136682,26.14717940017988,25.97014612646314,140.07309545080645,4.998362364825898,0.27151172836434323,1.3571140046651653,1.103565272362238,ZONE_01,NORMAL,NONE,0
7.51,RUN_009_NORMAL,TRAIN001,0.018944181988618865,-0.014471724649195054,1.0097744415188974,26.474761383002797,26.205305206958627,26.010406978656157,139.98398375847998,5.010414226395798,0.2691700702492228,1.3486535492966623,1.0837360922701755,ZONE_01,NORMAL,NONE,0
7.5200000000000005,RUN_009_NORMAL,TRAIN001,-0.02046849956201294,0.0036208925676092306,0.9364793600826535,26.322583997847637,26.1393244453448,26.029748203543516,139.97196808509042,5.005321953742514,0.2721582182011275,1.362239504453549,1.1033198887312345,ZONE_01,NORMAL,NONE,0
7.53,RUN_009_NORMAL,TRAIN001,0.037838904580241424,-0.013236376545233906,1.0205678171315302,26.480040824687073,26.220891950458743,25.964035589164087,140.07646753213115,5.003905916353421,0.2720389815156943,1.3612574690851416,1.1003595431206572,ZONE_01,NORMAL,NONE,0
7.54,RUN_009_NORMAL,TRAIN001,-0.04132956009448956,-0.002479456080760968,0.9845982463889295,26.30654822513899,26.245652808458324,26.010298613196017,139.87738686854007,4.98770889352052,0.27325191780385366,1.362901020601819,1.1032267267934317,ZONE_01,NORMAL,NONE,0
7.55,RUN_009_NORMAL,TRAIN001,0.0073581013953197445,0.007278474586838053,1.0129338275458872,26.42388311017436,26.173141940319567,26.028576433875706,139.7931758221794,5.002892865574074,0.2708931963900661,1.355249639552418,1.104583301179931,ZONE_01,NORMAL,NONE,0
7.5600000000000005,RUN_009_NORMAL,TRAIN001,-0.00432404824608124,-0.033921274741490155,0.9565439311877626,26.34174776252511,26.15792184418214,25.998758123112683,139.78194869120546,4.984376815677812,0.25912674275013786,1.2915853288858956,1.1054880391823885,ZONE_01,NORMAL,NONE,0
7.57,RUN_009_NORMAL,TRAIN001,-0.0522781006799256,0.008259860069412686,0.9844589138106392,26.318696598858,26.087014987477176,25.99742178684054,140.1230224047373,4.997533478200575,0.271800026673103,1.3583297326746415,1.0942360272004585,ZONE_01,NORMAL,NONE,0
7.58,RUN_009_NORMAL,TRAIN001,-0.06416156714993033,0.041951511056592616,0.9929468127019724,26.398942234706315,26.128336920919566,26.001187545944642,139.9012174016193,5.008708015561031,0.26133658380159364,1.3089586420463792,1.1046488755576176,ZONE_01,NORMAL,NONE,0
7.59,RUN_009_NORMAL,TRAIN001,-0.048018823941293996,0.04079849683245933,1.0345726639319206,26.485781060839898,26.08544557683999,25.9607653858452,139.9322812315433,4.985880797312791,0.26808524702229186,1.336641085171301,1.1131964363654607,ZONE_01,NORMAL,NONE,0
7.6000000000000005,RUN_009_NORMAL,TRAIN001,-0.01629280751563309,-0.010865117950911192,1.0283426729448772,26.32692115476115,26.137179032422566,25.97690058509173,139.71432396288228,4.9992905232248805,0.26637040622806574,1.3316630475235307,1.1222163819799407,ZONE_01,NORMAL,NONE,0
7.61,RUN_009_NORMAL,TRAIN001,0.000580610125683628,-0.01681543854671134,0.9754336472644648,26.383923062047025,26.12071608636049,26.012367337568847,139.98157189338167,5.004342077474752,0.2722513440684436,1.3624388567707686,1.0897111889075821,ZONE_01,NORMAL,NONE,0
7.62,RUN_009_NORMAL,TRAIN001,0.03638906563083452,-0.022658572665352907,0.9948237951556668,26.42030264021183,26.17543510887481,25.98496429881428,140.13896985106945,4.996287967558583,0.2712335517600483,1.3551609310569075,1.1026638487896097,ZONE_01,NORMAL,NONE,0
7.63,RUN_009_NORMAL,TRAIN001,0.021987285513792636,0.04344126230294399,0.988055928037727,26.384527386276893,26.202596674721608,25.98931953965885,139.72850096188898,5.010907520277214,0.27136392108506724,1.3597795128970758,1.0866926261850918,ZONE_01,NORMAL,NONE,0
7.640000000000001,RUN_009_NORMAL,TRAIN001,-0.02535331088116295,0.02250979971193439,1.019904613720086,26.3765260127554,26.175878610287896,25.992381894287988,140.330124875992,4.996184013950654,0.26241621032732826,1.31107967503891,1.0848123090336805,ZONE_01,NORMAL,NONE,0
7.65,RUN_009_NORMAL,TRAIN001,0.02200245847707142,0.009472423574094934,1.0226696920933576,26.358678544844217,26.17642910386521,25.985700171002204,140.0952699466457,4.986243952991832,0.2705945048958909,1.3492502137499547,1.1089542975313555,ZONE_01,NORMAL,NONE,0
7.66,RUN_009_NORMAL,TRAIN001,0.0654165931624647,0.024556683352257684,0.9796884200469874,26.397666205891312,26.19100135402355,25.991781887912953,140.1159445274157,4.985149108657311,0.2697844759002484,1.3449158395637033,1.0978900961585447,ZONE_01,NORMAL,NONE,0
7.67,RUN_009_NORMAL,TRAIN001,0.0010184293724095574,0.01919375680209567,1.042096175493204,26.415771289898373,26.202188281941712,25.989086497354933,140.2006984201658,4.999760269780663,0.2667657620654927,1.333764858512812,1.1091994196206478,ZONE_01,NORMAL,NONE,0
7.68,RUN_009_NORMAL,TRAIN001,-0.004911159757599946,-0.0012065586564228316,0.9856836521555685,26.441612509084425,26.064907499970925,25.991399868945784,140.1048574498005,4.993232338881751,0.2738610599687976,1.3674519009966348,1.108729754147684,ZONE_01,NORMAL,NONE,0
7.69,RUN_009_NORMAL,TRAIN001,-0.019319878070478868,0.03974215126258452,1.0337645431551428,26.369419738741136,26.16395404568004,26.00026716910377,140.04103415668166,4.97902517658365,0.26576141934709513,1.3232327978937917,1.1107128499650567,ZONE_01,NORMAL,NONE,0
7.7,RUN_009_NORMAL,TRAIN001,-0.014391192017865389,0.04094906250346812,0.984627949458779,26.45842571248739,26.14928763964991,25.975921726422378,139.92029811325284,5.0077929692945675,0.26987059641706707,1.3514560753567202,1.0942197448701003,ZONE_01,NORMAL,NONE,0
7.71,RUN_009_NORMAL,TRAIN001,0.03357499513258082,-0.014341630075361655,1.0135810973223287,26.466697783566353,26.109892362339973,25.999340715832552,140.14676859554285,5.003387377291323,0.2735743804334942,1.368798601811239,1.0822272035199167,ZONE_01,NORMAL,NONE,0
7.72,RUN_009_NORMAL,TRAIN001,-0.03710532007757305,-0.03258850777785658,0.977962437540002,26.41100238833313,26.211335252860543,25.974313684152527,139.71154325419752,4.9970690141653185,0.27298432417361607,1.3641215076808373,1.0845804505354373,ZONE_01,NORMAL,NONE,0
7.73,RUN_009_NORMAL,TRAIN001,0.020471929624219818,-0.010910273399136035,1.0600389026126567,26.396994149067474,26.223172085669887,26.017416852769053,139.8770894879919,4.998948070625258,0.2694945487878105,1.3471892547068496,1.097418405729874,ZONE_01,NORMAL,NONE,0
7.74,RUN_009_NORMAL,TRAIN001,0.021978653382709802,0.024742430921172134,1.0491628956138264,26.40830109849471,26.138674096429284,26.015652789448172,139.5079726803632,5.010531727767341,0.2738578512095886,1.3721734523838314,1.086563661141546,ZONE_01,NORMAL,NONE,0
7.75,RUN_009_NORMAL,TRAIN001,-0.014591140305619104,-0.02122708738620648,1.004418045209755,26.45133681817654,26.216028621118337,25.972765790409273,140.1335296694425,4.994311336167679,0.26970514890506514,1.3469914825993587,1.0970118619057332,ZONE_01,NORMAL,NONE,0
7.76,RUN_009_NORMAL,TRAIN001,0.08284713494177805,-0.031387709975501554,0.983714337546006,26.463284287710675,26.172784533094042,26.00478326601483,140.0339147789685,4.996809037508191,0.26833401823643527,1.3408138473947075,1.093128749818977,ZONE_01,NORMAL,NONE,0
7.7700000000000005,RUN_009_NORMAL,TRAIN001,-0.011027989419284562,-0.040177965944179724,1.0102172573075616,26.408337693689468,26.04784330525844,26.012334049858023,140.03525963720944,5.006969327281974,0.27246248489338387,1.3642113046962012,1.0860571207163536,ZONE_01,NORMAL,NONE,0
7.78,RUN_009_NORMAL,TRAIN001,-0.04210448881068876,-0.0013929712788848774,1.0549708117682484,26.444074419793807,26.13879200844207,26.009701849272755,139.89218268514514,4.9915324766708835,0.2628204384593577,1.3118767541027654,1.0813797574830295,ZONE_01,NORMAL,NONE,0
7.79,RUN_009_NORMAL,TRAIN001,0.01962480264093527,-0.010002235259844755,1.0144237550225492,26.396703469847,26.082616660465316,25.98559419559869,139.93001032126708,4.998302711208019,0.26758235577112116,1.3374576143222237,1.1079448566593988,ZONE_01,NORMAL,NONE,0
7.8,RUN_009_NORMAL,TRAIN001,-0.04469168118982745,-0.06775152806648954,1.0495451142132413,26.405068608328605,26.209531207447927,25.99955603479859,139.9086823569438,4.993036375400257,0.26709797389268647,1.3336298994418916,1.1052691377491095,ZONE_01,NORMAL,NONE,0
7.8100000000000005,RUN_009_NORMAL,TRAIN001,0.009913197672218854,0.03487871809383603,0.9882217812787238,26.38724388325211,26.162776170628586,26.001461463609182,139.9418539371456,4.993440921209974,0.26991266026489624,1.3477929229193781,1.106799928523373,ZONE_01,NORMAL,NONE,0
7.82,RUN_009_NORMAL,TRAIN001,-0.011592387085474429,0.01604882133490741,0.9951925101640514,26.426682116158638,26.184459830243078,26.074592536778418,140.09988709788215,5.004428260050715,0.2660713316533061,1.3315348913151315,1.100183671034931,ZONE_01,NORMAL,NONE,0
7.83,RUN_009_NORMAL,TRAIN001,-0.00010129333876361007,0.00997870256325305,1.007649111579936,26.36843955724888,26.14506320067569,25.976440419118646,139.9452037396458,4.988708183629493,0.2582937725921069,1.2885522571107788,1.0883902410657813,ZONE_01,NORMAL,NONE,0
7.84,RUN_009_NORMAL,TRAIN001,0.026949139548772056,-0.005935050977791385,0.9766379540682304,26.46314199421257,26.135185744198346,25.98726791910156,139.82521317745332,4.99644357655387,0.26455274080573066,1.3218228424585137,1.1089559355562546,ZONE_01,NORMAL,NONE,0
7.8500000000000005,RUN_009_NORMAL,TRAIN001,0.004753198026582695,0.02967807189239208,0.9218615120625991,26.334575080528325,26.12292828054417,26.000222744872485,139.74925772111436,4.979625712381886,0.2627378049578567,1.3083359291829202,1.1136517454673693,ZONE_01,NORMAL,NONE,0
7.86,RUN_009_NORMAL,TRAIN001,0.013049484594806829,0.0037159287555811526,0.9411880020063953,26.317654294645358,26.107877418187563,26.03040810996449,140.17336537437185,5.0110233537771585,0.26231920935538594,1.3144876842241986,1.0900353229653315,ZONE_01,NORMAL,NONE,0
7.87,RUN_009_NORMAL,TRAIN001,-0.016618425470915087,-0.002528883518710195,0.9895917021437313,26.358852289466093,26.15689403074873,26.014540216524917,140.04450857187376,4.997362188418828,0.2757494350421468,1.378019800157478,1.1023455993678535,ZONE_01,NORMAL,NONE,0
7.88,RUN_009_NORMAL,TRAIN001,-0.001225234012445804,0.024867103430543006,0.9768189218999267,26.35673012259664,26.236922183733352,25.987042524253482,139.9350926690955,4.992625725262688,0.27297281408531254,1.3628510938996805,1.1035379086628245,ZONE_01,NORMAL,NONE,0
7.890000000000001,RUN_009_NORMAL,TRAIN001,-0.030456888564630295,0.024703374847247734,1.0668416312690745,26.4961734093384,26.167272714930515,25.980085408117148,139.9396741102394,5.010360120688999,0.2612558524947639,1.3089859046363725,1.0941978024784762,ZONE_01,NORMAL,NONE,0
7.9,RUN_009_NORMAL,TRAIN001,-0.018316303757105138,-0.006034925961945919,0.9100152502404505,26.41294842105486,26.29424580196437,26.020521941035046,140.0776918376238,4.983552094465911,0.2654157094542703,1.3227130147549844,1.0969367459627186,ZONE_01,NORMAL,NONE,0
7.91,RUN_009_NORMAL,TRAIN001,0.0011740610892152898,-0.03731471847958216,0.9788321756878098,26.428440012830105,26.187246532860588,25.98455130264958,139.67431713192514,4.9927914515816685,0.26890192043514716,1.3425712096624967,1.091550862846039,ZONE_01,NORMAL,NONE,0
7.92,RUN_009_NORMAL,TRAIN001,0.03822357424653162,-0.02061573794701669,1.0433099294201584,26.46172487164112,26.190208990530426,25.965440294084665,140.00053738610697,5.0052562960162525,0.27193074812546947,1.3610830891354158,1.1013028063725347,ZONE_01,NORMAL,NONE,0
7.930000000000001,RUN_009_NORMAL,TRAIN001,0.02312690111261348,0.03149519366309361,1.0230720276462602,26.354064354001697,26.214551135002157,25.98028137282721,140.06843841743145,4.983286788388921,0.2774202164552923,1.3824644994936528,1.1018494593873316,ZONE_01,NORMAL,NONE,0
7.94,RUN_009_NORMAL,TRAIN001,0.017056229355088846,0.00972995186244902,0.9917915609289135,26.482144483636798,26.181987026154378,26.024337611562167,140.15366702779966,5.003464508959077,0.26288295528734873,1.3153255367905252,1.1034558883794245,ZONE_01,NORMAL,NONE,0
7.95,RUN_009_NORMAL,TRAIN001,0.012248469431556294,-0.018712434679408318,0.9666298623258794,26.340736790736244,26.133013616434354,26.000063589577866,139.79801978712717,4.98604554292396,0.26780329045354045,1.335279402746246,1.09516632997693,ZONE_01,NORMAL,NONE,0
7.96,RUN_009_NORMAL,TRAIN001,-0.03318972201213797,0.04995260297138214,0.9969328600824561,26.511014248362137,26.135431654295882,26.001152598800196,139.9405538426027,4.9942634737707134,0.2668684506734778,1.3328113555003316,1.1077177788823902,ZONE_01,NORMAL,NONE,0
7.97,RUN_009_NORMAL,TRAIN001,0.021405427167917532,-0.018363882361005907,1.0052594028753874,26.359311964282504,26.15605358769481,25.981919964979298,140.07113660082229,5.006639827388341,0.2690175370018429,1.3468739150193432,1.0857892419680448,ZONE_01,NORMAL,NONE,0
7.98,RUN_009_NORMAL,TRAIN001,0.027833421096592557,0.008559596672897175,0.979585842613984,26.387984356469225,26.171266707009572,25.97924711211918,140.01338344395316,5.006669254864556,0.2682948054350448,1.3432633536115066,1.0940335335862805,ZONE_01,NORMAL,NONE,0
7.99,RUN_009_NORMAL,TRAIN001,0.06360462929513537,-0.011189468761203596,0.9691741331987848,26.442375271761325,26.2290024042505,26.012155294185984,139.65029964414305,4.996686307661202,0.26644706018872316,1.3313523773615732,1.1005569902890744,ZONE_01,NORMAL,NONE,0
8.0,RUN_009_NORMAL,TRAIN001,0.005368008840241935,-0.011956213089355018,0.9986232699868702,26.427860432897937,26.220548078675264,25.98702008819778,139.89196105634497,5.005263770266042,0.2600634094301072,1.3016859611923797,1.1243815241671993,ZONE_01,NORMAL,NONE,0
8.01,RUN_009_NORMAL,TRAIN001,-0.05354468594174052,-0.03470488558465806,0.9701622681888119,26.457163330984773,26.102718905375877,25.98645763228245,140.11959172192735,4.991800335060465,0.26523560446252864,1.3240031792260154,1.0961175438310706,ZONE_01,NORMAL,NONE,0
8.02,RUN_009_NORMAL,TRAIN001,0.009944443159818002,0.023333948021955715,0.9501193973313176,26.488274948321934,26.16441405387736,26.008440059207437,140.24701069997377,5.01478826937266,0.2611742203195631,1.3097334163210959,1.101052995834664,ZONE_01,NORMAL,NONE,0
8.03,RUN_009_NORMAL,TRAIN001,0.04043579647658791,0.011209824926572133,1.0746753911209561,26.34818941198933,26.12939937465867,25.949271467305653,139.98139693803796,4.994492907259335,0.26832149607316197,1.340129809002621,1.0879872340753596,ZONE_01,NORMAL,NONE,0
8.040000000000001,RUN_009_NORMAL,TRAIN001,-0.03324866440735781,-0.031051311289576052,1.0358452976585681,26.46656553654952,26.090857135919183,25.96646093441786,140.09031091094516,5.007251781603347,0.2719839492663729,1.3618921145315601,1.0968861784308856,ZONE_01,NORMAL,NONE,0
8.05,RUN_009_NORMAL,TRAIN001,-0.0012417235779159205,0.05512451485098436,0.9983415178221202,26.401773422981314,26.192528789600452,25.988337623308272,139.92370511462357,5.003039173336229,0.26062606339541244,1.30392240475966,1.090110214608239,ZONE_01,NORMAL,NONE,0
8.06,RUN_009_NORMAL,TRAIN001,0.016832213953268955,-0.048027002827687675,1.0118735453543493,26.354820396423175,26.123309857359413,26.017609361521497,139.599726155034,4.982446623778289,0.2649597361184464,1.3201477426605397,1.098987017381896,ZONE_01,NORMAL,NONE,0
8.07,RUN_009_NORMAL,TRAIN001,-0.008575823886163616,-0.0003781671589275515,1.0880158617342897,26.46216928807075,26.12353127941788,25.983426313551114,140.053876535105,5.000388971121097,0.2726337759093954,1.3632749262124415,1.0990955158762654,ZONE_01,NORMAL,NONE,0
8.08,RUN_009_NORMAL,TRAIN001,0.02836624345884134,-0.0006984076400525893,1.1161257354475118,26.35006377017495,26.1070817749096,25.970243685764338,139.81400905838942,5.00569270133551,0.2741335870309078,1.372228495791538,1.094623529119556,ZONE_01,NORMAL,NONE,0
8.09,RUN_009_NORMAL,TRAIN001,0.007459685846553352,-0.009939688486115712,1.0261245426896541,26.39700813370844,26.03396043432365,25.958227788709795,140.04345715269162,5.002314007041988,0.2710035209600773,1.3556447088562915,1.1076815286166903,ZONE_01,NORMAL,NONE,0
8.1,RUN_009_NORMAL,TRAIN001,0.02967464460829147,0.033531553690858425,1.005630049098084,26.398381104181983,26.179534259391666,25.984222844809135,140.2771861325532,5.002309116743664,0.2792900159200717,1.3970949928524576,1.104403674085936,ZONE_01,NORMAL,NONE,0
8.11,RUN_009_NORMAL,TRAIN001,-0.05978096434797933,-0.024528378915065825,1.0004536345312163,26.322284852755523,26.178102874776187,25.983173626932984,140.11734782909727,5.002258837421608,0.27287689895613415,1.3650008793315251,1.1241759709883485,ZONE_01,NORMAL,NONE,0
8.120000000000001,RUN_009_NORMAL,TRAIN001,0.013105555760371234,-0.0122814869059924,1.0836235459115289,26.384472559803594,26.03410544164266,26.008687187202195,139.86959618036784,4.9966739541707685,0.27065647598335385,1.3523821640736704,1.115804482202662,ZONE_01,NORMAL,NONE,0
8.13,RUN_009_NORMAL,TRAIN001,0.0016041485925295021,-0.043686192172056375,1.0174917564884147,26.505426979344655,26.142125343198927,26.007568074173054,139.8131945638368,5.005027675547751,0.26778481677529514,1.340270419051836,1.0943034046724223,ZONE_01,NORMAL,NONE,0
8.14,RUN_009_NORMAL,TRAIN001,0.012697215816538964,0.02448658598094104,1.018114086923466,26.487145933872945,26.246904500040092,26.01637014222853,139.71195157359278,4.99715587870784,0.2676316602214407,1.3373971242039115,1.113798728644806,ZONE_01,NORMAL,NONE,0
8.15,RUN_009_NORMAL,TRAIN001,-0.021470909256673002,0.017761846566350395,0.9753490763265938,26.546928012031806,26.08616872337871,26.020990093670083,140.20989881870446,5.000954535474612,0.2738060851655447,1.369291783449179,1.10857273914724,ZONE_01,NORMAL,NONE,0
8.16,RUN_009_NORMAL,TRAIN001,0.025021849341997825,-0.04368355280109252,1.0077303046189703,26.337103688334498,26.04636942983219,25.985819917190632,140.18926154096903,5.002383641024978,0.27734863787272385,1.3874042889550744,1.1049061216862301,ZONE_01,NORMAL,NONE,0
8.17,RUN_009_NORMAL,TRAIN001,-0.027554174985500154,0.01532548365360918,0.9543376732399751,26.445120780967958,26.074432229523495,26.00722844588956,140.11185592073463,5.003374341094463,0.2720584893216458,1.3612104647488443,1.0925768397702442,ZONE_01,NORMAL,NONE,0
8.18,RUN_009_NORMAL,TRAIN001,0.03719040871911142,0.007862804642160232,0.9969780090906224,26.375809551179824,26.168740255059802,25.98899649030725,139.98727967674057,5.004670806176119,0.2654137510876327,1.3283084516259704,1.1036158907625566,ZONE_01,NORMAL,NONE,0
8.19,RUN_009_NORMAL,TRAIN001,-0.021875600707581086,0.028641789428993064,0.920891116085166,26.445826903104614,26.13161817345421,25.99014132743755,140.0978196982886,5.00428861104223,0.26548341839097955,1.3285556470745383,1.1107253274311342,ZONE_01,NORMAL,NONE,0
8.2,RUN_009_NORMAL,TRAIN001,0.028605797008353435,-0.0323170470899704,0.957745381227965,26.370076653104388,26.176367629799906,26.020215205869068,140.03075910889092,4.9762141026131905,0.2572490745888543,1.2801264728532493,1.0976022824528209,ZONE_01,NORMAL,NONE,0
8.21,RUN_009_NORMAL,TRAIN001,-0.01413731200693094,0.026845173657031773,1.0136149968544357,26.42880065466486,26.18966591022294,26.000262792826067,140.23649463660772,4.997415850968386,0.2768980884053424,1.3837748960997036,1.1185654157397529,ZONE_01,NORMAL,NONE,0
8.22,RUN_009_NORMAL,TRAIN001,0.003982194243929432,-0.016724281598294387,0.9151185752116969,26.320732185539942,26.190297171936187,25.983985224157227,140.15273858509156,4.979651415739498,0.27026520469942905,1.3458265092066373,1.0932214493131367,ZONE_01,NORMAL,NONE,0
8.23,RUN_009_NORMAL,TRAIN001,-0.0061221715327970634,-0.015872567629701687,0.9813354295644948,26.495488142474578,26.118961234589488,25.969186254809443,139.903097155074,5.008533800245776,0.2708300481280267,1.356461450171412,1.103642259552144,ZONE_01,NORMAL,NONE,0
8.24,RUN_009_NORMAL,TRAIN001,0.00022640454063919653,0.021455634640281218,0.9892316618885839,26.48163786875765,26.198278261477608,26.00792751668713,139.80788743441147,5.001922270044364,0.2709811111134757,1.3554264544398607,1.0897102779781407,ZONE_01,NORMAL,NONE,0
8.25,RUN_009_NORMAL,TRAIN001,0.014096545287655131,-0.03065279816222851,0.9428964168451357,26.440635261295757,26.143504435262376,26.003262110422845,139.8176367722042,4.994468566993832,0.2700134707789499,1.3485737924703727,1.0955073724797628,ZONE_01,NORMAL,NONE,0
8.26,RUN_009_NORMAL,TRAIN001,-0.05337342256268499,0.05288103356865284,1.03278470133186,26.453049843633824,26.16202948154885,26.00542243390959,140.02815863648036,5.0142539380728195,0.2720694697968888,1.3642254103584337,1.0899278872357054,ZONE_01,NORMAL,NONE,0
8.27,RUN_009_NORMAL,TRAIN001,0.05531097452533465,-0.026451814486145187,0.9884407821280219,26.488552108866813,26.17234066148952,25.97580333661455,140.2633890781069,4.996805035867074,0.26837575408239095,1.3410213195035146,1.1145979523165799,ZONE_01,NORMAL,NONE,0
8.28,RUN_009_NORMAL,TRAIN001,0.01522971310588856,-0.010073933845384709,1.0705232782385816,26.481496177722843,26.125136929681677,26.012728519205897,140.00597260822997,5.000033958730063,0.2697736118075625,1.3488772202070738,1.0859313053170234,ZONE_01,NORMAL,NONE,0
8.290000000000001,RUN_009_NORMAL,TRAIN001,0.00468680545876412,-0.029269349621972248,1.0809974554581894,26.443487416974754,26.117543952360908,26.00360186121742,140.08585310654018,4.994933059362556,0.27166291868114234,1.3569380935233597,1.098385400696415,ZONE_01,NORMAL,NONE,0
8.3,RUN_009_NORMAL,TRAIN001,-0.005362041141123056,-0.0002430965891595034,1.0719084416884421,26.45357384583685,26.18404425004463,26.02594916611925,140.0637537093715,4.998448358103781,0.27364937347813484,1.3678222615579114,1.0955103880594783,ZONE_01,NORMAL,NONE,0
8.31,RUN_009_NORMAL,TRAIN001,-0.042133137844400106,-0.013389107234015775,0.9635140111819468,26.397481682046354,26.12804572431417,25.970349593075408,140.0466015162671,4.9913495545069555,0.2670051075914243,1.3327158248275375,1.1070003884263304,ZONE_01,NORMAL,NONE,0
8.32,RUN_009_NORMAL,TRAIN001,-0.03942582198085352,0.01244740598847726,1.0062789666570695,26.385594157466638,26.16871692521323,26.02171983985961,140.02387672982616,4.981875806190366,0.27235948667627835,1.3568611372589783,1.095970843177836,ZONE_01,NORMAL,NONE,0
8.33,RUN_009_NORMAL,TRAIN001,-0.010401225953036792,-0.012249375696923432,1.050797691077512,26.368226863617625,26.23967386866766,26.006005829413702,140.00219936200878,5.004400823991472,0.26040369132693697,1.3031644474469444,1.10790894925609,ZONE_01,NORMAL,NONE,0
8.34,RUN_009_NORMAL,TRAIN001,-0.020334925515975624,0.009269266442393306,1.0549736416134916,26.367963515111196,26.098736734902296,26.01154736279886,139.84641121886432,4.998172072414015,0.2681465983158583,1.3402428390151417,1.1125695271251836,ZONE_01,NORMAL,NONE,0
8.35,RUN_009_NORMAL,TRAIN001,0.015126504615921778,0.011836312250013633,1.0096575316642524,26.4460404569507,26.15850341874345,25.976949195832063,140.34547499288377,5.000220446909142,0.2728323193930756,1.3642217420069025,1.1046132754582993,ZONE_01,NORMAL,NONE,0
8.36,RUN_009_NORMAL,TRAIN001,0.028234542280258963,0.00789219892776466,1.0191088930046255,26.401674467886373,26.20385095647477,26.00377634533621,140.09600876904705,5.010703874238488,0.2582738400084216,1.2941337307446494,1.0885563078530247,ZONE_01,NORMAL,NONE,0
8.370000000000001,RUN_009_NORMAL,TRAIN001,0.02489309227540494,-0.03354362284275867,0.9827016004188175,26.499717098207206,26.188929439611794,25.98845921432267,139.90468371790348,5.003746131783562,0.2613012207660398,1.3074849726383941,1.0831101561386036,ZONE_01,NORMAL,NONE,0
8.38,RUN_009_NORMAL,TRAIN001,0.0012187760856222488,0.008040037050674124,1.087143318327148,26.374707905478925,26.160475551995066,25.993618758796202,140.3143713886981,5.006491491472362,0.266336935641571,1.3334136021543475,1.105184427631631,ZONE_01,NORMAL,NONE,0
8.39,RUN_009_NORMAL,TRAIN001,-0.02286712667599696,-0.0017305351813576343,0.9851188895316495,26.46025865769408,26.13812800972435,25.96578011871219,140.1123293306433,5.006755074172237,0.25969678971032806,1.3002382196284255,1.1151054895901942,ZONE_01,NORMAL,NONE,0
8.4,RUN_009_NORMAL,TRAIN001,0.007545660058018704,0.03681450549892396,1.0748412598911088,26.442437207311794,26.200558253243933,26.00988479151603,139.95031871140839,4.989559449249835,0.25805156073877794,1.2875636032778373,1.098901986147057,ZONE_01,NORMAL,NONE,0
8.41,RUN_009_NORMAL,TRAIN001,0.029481104993565682,0.029847745706923643,1.0088844411590039,26.394519672993095,26.1541605696851,26.00945169860932,139.83906357359095,5.000123835698115,0.2744080343837572,1.3720741534292922,1.1158843791411392,ZONE_01,NORMAL,NONE,0
8.42,RUN_009_NORMAL,TRAIN001,-0.019200556480624787,0.061977922433642765,1.0589669886371929,26.435632259136728,26.172027741008232,25.97854570369102,140.04932131236401,4.997850226991406,0.2729181758572738,1.3640041671583563,1.0770468480329898,ZONE_01,NORMAL,NONE,0
8.43,RUN_009_NORMAL,TRAIN001,0.046097888575347794,0.057723893598618015,0.957622512201488,26.469058333116134,26.10805832560638,26.009537347169758,140.08669439242084,4.999874050789743,0.27599004885426953,1.3799154835426557,1.09884133083845,ZONE_01,NORMAL,NONE,0
8.44,RUN_009_NORMAL,TRAIN001,0.014927139738554548,-0.010020343941599587,1.0237796828822074,26.519617805624534,26.173691972445155,25.963596817549107,139.75218914106958,5.004166937767758,0.27170655041339303,1.35966493635363,1.10560258570795,ZONE_01,NORMAL,NONE,0
8.45,RUN_009_NORMAL,TRAIN001,-0.008418330662853805,-0.014451679303049103,0.9488478874039415,26.34822878264465,26.21702786236904,25.98534227546072,140.03679001254756,5.010737168728498,0.26462052778646766,1.3259439141882057,1.0940143720916815,ZONE_01,NORMAL,NONE,0
8.46,RUN_009_NORMAL,TRAIN001,0.0045901599518158925,-0.009263454167353908,1.019180519453346,26.486242509543185,26.120015917335643,25.99860948377974,140.0647636143871,4.998902124412147,0.2741912496339543,1.3706552202903957,1.0911695890497308,ZONE_01,NORMAL,NONE,0
8.47,RUN_009_NORMAL,TRAIN001,-0.0014944633448989103,0.02130283171142865,1.020475588180816,26.461035706022265,26.155607054327653,26.017071769085767,140.13391188866674,5.0013918848068,0.2633680534951624,1.3172068454680685,1.1081157878159251,ZONE_01,NORMAL,NONE,0
8.48,RUN_009_NORMAL,TRAIN001,0.024299849265949455,0.04722724809519935,0.9994676684168422,26.42527371293797,26.152246793553747,26.025504008063194,140.1879522693482,4.971816147349018,0.2618012916880879,1.3016278894116657,1.1055902816695562,ZONE_01,NORMAL,NONE,0
8.49,RUN_009_NORMAL,TRAIN001,-0.05112269573271204,0.009869409044695542,1.020505502721424,26.38573342048867,26.15824426765291,25.983611874495168,140.02208973976693,4.9901428007268755,0.2726896712914919,1.3607604000278164,1.109698751970784,ZONE_01,NORMAL,NONE,0
8.5,RUN_009_NORMAL,TRAIN001,0.032817189481769676,-0.050280151981041736,0.9764090983626078,26.427140835450988,26.101930892281345,26.012494229891956,140.28208324371977,5.010905304187684,0.2727579504911723,1.366764260875577,1.104943831855913,ZONE_01,NORMAL,NONE,0
8.51,RUN_009_NORMAL,TRAIN001,-0.030088147934126192,0.06762268541079272,0.9797163483944777,26.46270469856949,26.199692858386683,25.970861724403346,139.8561281306935,4.982115832793887,0.27422948677890424,1.3662430679001205,1.1056157415270733,ZONE_01,NORMAL,NONE,0
8.52,RUN_009_NORMAL,TRAIN001,0.05950693258553325,0.020910158023718817,1.0124221399285778,26.391855047321723,26.16485633456641,26.02788232932451,140.31193150707793,5.001471788549589,0.2629359248679542,1.3150666104232671,1.1025045981314174,ZONE_01,NORMAL,NONE,0
8.53,RUN_009_NORMAL,TRAIN001,-0.004672057876721991,0.02183519566962127,0.9952710973596736,26.39496696313631,26.165221257078233,26.010829652460174,140.01468028885108,5.0030763875873125,0.26903221226504426,1.3459887086836206,1.1112784882231201,ZONE_01,NORMAL,NONE,0
8.540000000000001,RUN_009_NORMAL,TRAIN001,-0.05340101324969533,0.018881927103773212,0.9917494092816552,26.46987030065101,26.13006273663632,25.975338280258438,139.95113080339777,5.018169876794009,0.2777421062007136,1.3937570708537437,1.1186962253479786,ZONE_01,NORMAL,NONE,0
8.55,RUN_009_NORMAL,TRAIN001,0.06132350059605171,0.0012259802499906404,1.0045813597339903,26.459146640100126,26.164434631222488,26.00254782002894,140.20061979682174,4.999335424337949,0.2712052596505167,1.3558460618375994,1.0949637399321828,ZONE_01,NORMAL,NONE,0
8.56,RUN_009_NORMAL,TRAIN001,-0.03896899616836145,0.003748371734290735,1.08455764712817,26.38347872378619,26.11510522205302,26.001865094276035,139.6848419626336,4.979864569115501,0.2685671833401725,1.3374282007428717,1.083456219379482,ZONE_01,NORMAL,NONE,0
8.57,RUN_009_NORMAL,TRAIN001,-0.04585816087128942,-0.01787914979891088,0.9163415986982802,26.427602750739137,26.07882578908481,26.001068941701817,140.22680358022717,4.991826812512643,0.2731372013966319,1.3634536054263726,1.1004922292486214,ZONE_01,NORMAL,NONE,0
8.58,RUN_009_NORMAL,TRAIN001,-0.016044833740831228,0.04886621491711198,0.9926537637744736,26.49055341679031,26.184136438853535,26.031736319473133,139.8825445691109,5.009912592685734,0.2725455121365345,1.3654291933328069,1.1174870460601678,ZONE_01,NORMAL,NONE,0
8.59,RUN_009_NORMAL,TRAIN001,0.023619825308306412,0.025108093403902663,1.005316481378117,26.43686098877243,26.1905998579083,25.986906493156546,139.75837297665367,5.014489167134964,0.2676553363255773,1.3421547845304729,1.0954913286450951,ZONE_01,NORMAL,NONE,0
8.6,RUN_009_NORMAL,TRAIN001,0.009725562551761572,0.026389999631751582,0.9622553470397195,26.510001903661014,26.153182794347597,25.99519199304674,140.28397219226326,5.000675323423042,0.2773895306302265,1.3871349807984736,1.1037957943413226,ZONE_01,NORMAL,NONE,0
8.61,RUN_009_NORMAL,TRAIN001,0.028215844994325463,0.00589675518106446,1.0154307167251262,26.49177142339889,26.119056297329045,25.992360612088103,139.9258841727748,4.987519000053847,0.2661489924629517,1.32742315675416,1.0934626505244878,ZONE_01,NORMAL,NONE,0
8.620000000000001,RUN_009_NORMAL,TRAIN001,0.0070720474858579655,-0.027360424463483808,1.0049677812178641,26.440919063708055,26.177258067542798,26.018539106067344,140.1203417176291,4.991276062617604,0.2671341765667824,1.3333404210048454,1.0864872135034138,ZONE_01,NORMAL,NONE,0
8.63,RUN_009_NORMAL,TRAIN001,0.0400018846234143,0.027009138482500028,1.027052013786616,26.443046531531742,26.195164443145266,25.994449853728568,140.0765885454284,5.003202447086576,0.26763601288873384,1.3390371546134074,1.1022406179600988,ZONE_01,NORMAL,NONE,0
8.64,RUN_009_NORMAL,TRAIN001,0.030632823991944932,0.013309818392768997,0.9935398357405573,26.477603389905997,26.23292520148934,25.991956789405034,140.4545920397661,5.01180093937911,0.2594104346381575,1.3001134600042608,1.1138758922979946,ZONE_01,NORMAL,NONE,0
8.65,RUN_009_NORMAL,TRAIN001,0.03656892541827578,-0.011553916118827856,1.0166406895405613,26.465304204952925,26.149262853124227,26.018105762980596,139.887598626854,5.011952340620908,0.2688389655936971,1.347408082857434,1.0926715661710695,ZONE_01,NORMAL,NONE,0
8.66,RUN_009_NORMAL,TRAIN001,0.04586208415307171,0.003522335958324072,0.9217139893341665,26.44346099739454,26.21262006295236,25.991774862587622,139.9887008544892,4.9986130635568085,0.26715897912806164,1.3354243631160296,1.1212980168659072,ZONE_01,NORMAL,NONE,0
8.67,RUN_009_NORMAL,TRAIN001,-0.03142695445319792,-0.010911694955048915,0.9458678754160036,26.47028086707791,26.119466355516117,26.009987209000535,139.9393724352603,4.994323475809702,0.26957003873862756,1.3463199728472586,1.1040182947163664,ZONE_01,NORMAL,NONE,0
8.68,RUN_009_NORMAL,TRAIN001,0.02420269933495235,-0.020436202953613987,1.0693103129911123,26.46110604257022,26.186848526216274,26.005424570050003,139.9735144402263,5.005351430990089,0.27969880684011117,1.3999908230633709,1.0888791034073597,ZONE_01,NORMAL,NONE,0
8.69,RUN_009_NORMAL,TRAIN001,0.012274167530131124,-0.02011435231052396,0.9485127744011601,26.440928475939792,26.191074869994136,26.02668938114151,139.96663506976188,5.02230787217705,0.2700796109277978,1.3564229560771939,1.1087323119479744,ZONE_01,NORMAL,NONE,0
8.700000000000001,RUN_009_NORMAL,TRAIN001,0.0012374881336809313,-0.016712367199599516,1.0498957858610558,26.44309231331222,26.209802439213718,26.0112098204984,139.89362888862354,5.004872549011811,0.269748600301897,1.3500573647853233,1.1090610539899763,ZONE_01,NORMAL,NONE,0
8.71,RUN_009_NORMAL,TRAIN001,-0.01729143614277523,0.008155020632092813,0.9893569768140023,26.40199505998209,26.205204252997717,26.00606459822391,140.23511695212287,4.999059631677454,0.2695173829052212,1.3473334689168466,1.0939424478158186,ZONE_01,NORMAL,NONE,0
8.72,RUN_009_NORMAL,TRAIN001,0.0053990652229124044,-0.009497593300507496,1.0469334411071245,26.43438452470326,26.160513305958666,25.984954582902432,139.7457922560143,4.991023516082857,0.26840947234466717,1.339637988411625,1.1008288235429493,ZONE_01,NORMAL,NONE,0
8.73,RUN_009_NORMAL,TRAIN001,0.013006340438210664,-0.01810634142647015,1.095438836406197,26.45722837866807,26.136420660398556,26.00376603319087,140.2754462551347,4.98608771775119,0.26290828481205136,1.310883769796401,1.0988110159885953,ZONE_01,NORMAL,NONE,0
8.74,RUN_009_NORMAL,TRAIN001,-0.07629641334234097,0.013066481127205761,0.9722852241800304,26.554565876082837,26.097610902142524,26.013009376464733,139.8962809836142,5.014628805906435,0.27081560525111514,1.358039735181228,1.1080723217885746,ZONE_01,NORMAL,NONE,0
8.75,RUN_009_NORMAL,TRAIN001,0.007166302584762579,0.06590049622863256,1.0313092889719448,26.32957159726538,26.135382569331675,25.978510362295932,140.2221639492854,4.990315302206914,0.2715544682166943,1.355142418124431,1.096855303180075,ZONE_01,NORMAL,NONE,0
8.76,RUN_009_NORMAL,TRAIN001,0.002734276927561646,-0.04189605287848186,1.016162051565798,26.409798206411182,26.13304256348057,26.023894590471578,139.58110780670984,4.995470673609043,0.27491779295156415,1.3733437723428616,1.090094612940303,ZONE_01,NORMAL,NONE,0
8.77,RUN_009_NORMAL,TRAIN001,-0.002028308431171208,-0.018530642239071513,1.02115632561984,26.43639688546388,26.1385768578497,26.04024375459118,139.9864341417719,5.0007384043092395,0.27540786600724604,1.3772426923912884,1.0998695210938647,ZONE_01,NORMAL,NONE,0
8.78,RUN_009_NORMAL,TRAIN001,-0.002224735198229308,-0.007976345033941628,0.9925299586582691,26.536890225794696,26.202547495092304,25.98811755951691,139.8670023710175,4.988062111163975,0.2776404360068892,1.3848877393730104,1.099195074833682,ZONE_01,NORMAL,NONE,0
8.790000000000001,RUN_009_NORMAL,TRAIN001,-0.024413614263336453,-0.0750499763620998,1.0086568621893692,26.377442153121546,26.254547442590876,25.9921371144151,140.0877233587497,5.005504541795014,0.26498743799916114,1.3263958244234257,1.0855632393810077,ZONE_01,NORMAL,NONE,0
8.8,RUN_009_NORMAL,TRAIN001,-0.021905980613168265,0.012162012781370175,0.9144695085557936,26.475498272096615,26.12444177143718,25.99900618071396,140.10780567304462,5.0170264400392375,0.26916404426414975,1.350403126781131,1.1104121740339938,ZONE_01,NORMAL,NONE,0
8.81,RUN_009_NORMAL,TRAIN001,-0.023794694399869656,-0.015877481253773952,0.9803442340947478,26.38919944462185,26.11224838771406,26.012674662156027,139.99777006580285,5.018303434419812,0.2710886083201252,1.3604048941649716,1.1122939762780815,ZONE_01,NORMAL,NONE,0
8.82,RUN_009_NORMAL,TRAIN001,-0.05678500612000542,0.0012641273422085533,0.9678605448688802,26.43484706310045,26.108085031790406,26.000598145088897,140.05600232660765,5.007668138670375,0.2673854638266685,1.338977667948408,1.1191174600468576,ZONE_01,NORMAL,NONE,0
8.83,RUN_009_NORMAL,TRAIN001,-0.020947778895037544,0.0066326815787136895,1.0151806492705095,26.456935773015584,26.164759680721748,25.991697483603946,139.8909805522137,5.013231219219496,0.2687665764931675,1.347388991958292,1.1006672390484433,ZONE_01,NORMAL,NONE,0
8.84,RUN_009_NORMAL,TRAIN001,0.013882891198993705,-0.021761833682295666,0.9701409630622577,26.505790399550186,26.242132082108856,25.98536800930009,140.00684742135618,4.9852041302726375,0.2611938520174132,1.3021046698790284,1.0929085317280254,ZONE_01,NORMAL,NONE,0
8.85,RUN_009_NORMAL,TRAIN001,0.02651079949588833,-0.028095983774484922,1.0114701224896545,26.469718354807984,26.057859683244832,26.02683409407982,140.24884124159942,4.982130437959138,0.2736668908240327,1.3634441466360538,1.074374049770114,ZONE_01,NORMAL,NONE,0
8.86,RUN_009_NORMAL,TRAIN001,-0.018896394917479162,0.039147704270957547,0.9810303915364982,26.51986998082053,26.186313017562675,25.967511176234655,140.3899351043542,4.992040540401026,0.2680562187011791,1.33814751086289,1.0831762814620816,ZONE_01,NORMAL,NONE,0
8.870000000000001,RUN_009_NORMAL,TRAIN001,-0.03334947276469862,-0.03247041511797654,0.9317492920555726,26.531024739259784,26.301208560158887,25.987813686991984,139.99676349427745,4.991086114946567,0.2724473979242853,1.3598084248332225,1.0881806555611517,ZONE_01,NORMAL,NONE,0
8.88,RUN_009_NORMAL,TRAIN001,-0.05136799974496393,-0.012043688334740886,0.9478290467614581,26.416263270811857,26.21857663651136,26.03486642420449,140.19414379744106,4.9974170461812655,0.2669595917154128,1.3341084142801947,1.0880480322257304,ZONE_01,NORMAL,NONE,0
8.89,RUN_009_NORMAL,TRAIN001,0.024793219909398024,0.01516704899818567,0.9851475703585981,26.47554120814874,26.140258756287782,25.987080911413106,139.73378492602993,4.989897391833436,0.2677918131246661,1.3362536698651182,1.1002370473756609,ZONE_01,NORMAL,NONE,0
8.9,RUN_009_NORMAL,TRAIN001,0.01606685943048439,0.025429185460640658,1.0303671237864054,26.51315161567332,26.179431994537,25.999025525897896,140.1626113142618,4.9998769541571075,0.27045337134103337,1.3522335785421271,1.1212752080844866,ZONE_01,NORMAL,NONE,0
8.91,RUN_009_NORMAL,TRAIN001,0.012737188578954835,0.006324519563735265,1.0401170706382725,26.39737477253812,26.226375381024916,26.027822791017467,140.23460756750387,5.000152054056996,0.27028748776038475,1.351478537110993,1.0934358326855957,ZONE_01,NORMAL,NONE,0
8.92,RUN_009_NORMAL,TRAIN001,-0.0421233013178152,-0.008980914324429457,0.9890845176804828,26.471393579819726,26.106235178156176,25.98064523515167,139.7520404917579,4.992870626217972,0.2686037791579495,1.341103919048865,1.103150043706572,ZONE_01,NORMAL,NONE,0
8.93,RUN_009_NORMAL,TRAIN001,0.015136118039521229,-0.013880000112960483,0.9999256514754911,26.442034997618066,26.17841390039167,25.988248998547146,140.13312749646664,4.994779655894696,0.26605995390925136,1.3289108450342093,1.0992332125186892,ZONE_01,NORMAL,NONE,0
8.94,RUN_009_NORMAL,TRAIN001,0.0015274049429044251,-0.030317094859174706,0.9472982294289987,26.4190383241747,26.168720368348467,26.02121729365078,139.86984559238297,5.013371888907538,0.2668376423204403,1.33775633491166,1.0968753629466272,ZONE_01,NORMAL,NONE,0
8.950000000000001,RUN_009_NORMAL,TRAIN001,0.004274816096961098,0.020966230752394368,1.0460372523589132,26.416189319055533,26.219910025437173,26.000909325802102,140.045620489331,4.993386214343647,0.2664689823085736,1.3305825428098124,1.1025435913051018,ZONE_01,NORMAL,NONE,0
8.96,RUN_009_NORMAL,TRAIN001,0.008001429726001858,0.027318350709952408,0.9957806790774572,26.48188167296317,26.18258651555763,25.985441052708673,140.1532278845416,4.992529218273995,0.27329498832114474,1.3644332144011653,1.1083321403752806,ZONE_01,NORMAL,NONE,0
8.97,RUN_009_NORMAL,TRAIN001,0.028528625018844518,0.06837326994403257,0.9566057448349518,26.49613232922595,26.190974010976362,26.020468128000946,140.0358315532129,5.019041115816198,0.2784569774496923,1.3975870188059094,1.0908256284714994,ZONE_01,NORMAL,NONE,0
8.98,RUN_009_NORMAL,TRAIN001,-0.057452373483856324,-0.003429447368193557,1.0077427626217252,26.461808038538347,26.24821147657369,26.019389400384043,139.71708747856945,4.994524725739318,0.26845587945972677,1.3408095277316991,1.0874317103182776,ZONE_01,NORMAL,NONE,0
8.99,RUN_009_NORMAL,TRAIN001,-0.01834120028415315,0.11095530938989098,1.0549592594351656,26.42961125105941,26.14116720011656,25.975324199963726,139.95138576774755,4.991239661138197,0.2758692550132726,1.3769295669108934,1.078802691469638,ZONE_01,NORMAL,NONE,0
9.0,RUN_009_NORMAL,TRAIN001,0.03801055839476819,0.03957203444421359,0.9754143656277711,26.494196352505213,26.243590164754984,26.036770062763907,140.16718985991793,5.013270525556003,0.27630488397930425,1.3851911309206169,1.093697558497309,ZONE_01,NORMAL,NONE,0
9.01,RUN_009_NORMAL,TRAIN001,-0.039676108207588205,0.045411025663495905,1.007980890678869,26.38498943617174,26.144878385756055,25.99051666136687,139.98943467099636,4.9853268493412815,0.27304956046773465,1.3612413050006333,1.1108038672275282,ZONE_01,NORMAL,NONE,0
9.02,RUN_009_NORMAL,TRAIN001,0.018298018676867023,0.0057393038271208495,0.9844341942888886,26.442814383301904,26.194284342923,26.02563419112423,140.1543868128534,5.014731430070568,0.2671841135745025,1.3398565719576019,1.0944962017554145,ZONE_01,NORMAL,NONE,0
9.03,RUN_009_NORMAL,TRAIN001,-0.04026764138415394,0.04123387542133504,0.9546973042332499,26.435683377680977,26.113397293022995,26.012202959907434,140.08218067291676,5.014476777307791,0.2627414022581997,1.3175106600610271,1.0967735741516182,ZONE_01,NORMAL,NONE,0
9.040000000000001,RUN_009_NORMAL,TRAIN001,-0.039377196538637166,-0.015077387948663392,0.985753520923706,26.432423949510476,26.161196588299045,25.97787891902723,139.91714714262963,4.9826553143876,0.270698750577615,1.3487985681636367,1.0976279967019908,ZONE_01,NORMAL,NONE,0
9.05,RUN_009_NORMAL,TRAIN001,-0.023404001486501586,0.0061707198369318665,1.0344702243805792,26.437256683614407,26.191339564833903,25.999016160902645,140.3026878141588,5.001246559171022,0.2723978275033402,1.3623286975267415,1.118424853867171,ZONE_01,NORMAL,NONE,0
9.06,RUN_009_NORMAL,TRAIN001,0.003398937861267586,0.02957630007784177,0.9850499879756769,26.48241956094125,26.219306964302927,25.994261244956228,139.88805410614273,4.989236940675588,0.2606633072286145,1.3005110015036736,1.0832555679844675,ZONE_01,NORMAL,NONE,0
9.07,RUN_009_NORMAL,TRAIN001,0.06365333922722698,0.013131915839656092,0.9619570647120526,26.523105676273513,26.28892707492868,25.97803724149389,139.83254669763457,5.002221769816204,0.27641381458414177,1.3826832007907337,1.1134310506156762,ZONE_01,NORMAL,NONE,0
9.08,RUN_009_NORMAL,TRAIN001,0.010760800673311142,-0.0030557618117570953,0.9947594767680342,26.50161130372629,26.12720746193284,26.02990660212399,139.99499459136692,5.010200813640096,0.27169929223887174,1.3612680150406333,1.1117661964799095,ZONE_01,NORMAL,NONE,0
9.09,RUN_009_NORMAL,TRAIN001,-0.012467844580508718,0.04902991076152722,0.9780693112653571,26.462351522804376,26.188340558825914,26.000039774281504,140.2295929244711,5.00611785865255,0.26407724071507316,1.322001790807416,1.103289894369592,ZONE_01,NORMAL,NONE,0
9.1,RUN_009_NORMAL,TRAIN001,-0.03145886770243819,-0.01689612940635183,0.9381023848501546,26.5225852011105,26.164374475567097,25.979717501496463,139.831675681322,4.997841181627296,0.26812372510017357,1.3400397950769636,1.085695174604459,ZONE_01,NORMAL,NONE,0
9.11,RUN_009_NORMAL,TRAIN001,-0.009329369911528515,-0.037017423357083655,1.0013106426489695,26.5140580457946,26.148412579089054,25.972841432522795,140.10810283963332,5.00227661352468,0.27662638299626297,1.3837616863461275,1.1024993974772286,ZONE_01,NORMAL,NONE,0
9.120000000000001,RUN_009_NORMAL,TRAIN001,-0.02082775856855205,0.019750498111686818,1.0281218706185027,26.478256003948903,26.142182132623358,26.027031668987263,139.69605730869694,5.014710488016404,0.2649036588721249,1.3284151564599647,1.094356035985009,ZONE_01,NORMAL,NONE,0
9.13,RUN_009_NORMAL,TRAIN001,-0.017210993064350442,-0.03253537808129007,0.996163424190932,26.542129359790668,26.19108916414062,25.976934859045965,139.8730900506508,4.998134193928242,0.2650149111529239,1.324580089334284,1.1138609350075537,ZONE_01,NORMAL,NONE,0
9.14,RUN_009_NORMAL,TRAIN001,0.017909493300513182,0.03425468319550855,1.1269881180973482,26.424199777109372,26.077157496374543,25.996183946009594,140.0103934585991,4.992513759124535,0.2778891392746,1.3873653513397148,1.1029692210664717,ZONE_01,NORMAL,NONE,0
9.15,RUN_009_NORMAL,TRAIN001,-0.020322371319231015,-0.044183085133377376,0.9991471947597445,26.46886729558205,26.107247225940053,26.023276486112454,140.01052292360245,4.990138693294458,0.26628763917245146,1.3288122517804832,1.118726760787788,ZONE_01,NORMAL,NONE,0
9.16,RUN_009_NORMAL,TRAIN001,0.00583173678678145,-0.040627866062842584,1.0635289679193036,26.546513999527345,26.14778583516897,25.99001660846305,139.99891111971624,4.992431608251347,0.28161428212280776,1.4059400434049176,1.0890082775779775,ZONE_01,NORMAL,NONE,0
9.17,RUN_009_NORMAL,TRAIN001,-0.02025679037174476,0.013871147079044509,1.0529704679502023,26.5581160851301,26.195144765943578,25.997119098208348,139.7426963810475,5.014705519103975,0.25938905033871457,1.3007597023286908,1.0995745165587212,ZONE_01,NORMAL,NONE,0
9.18,RUN_009_NORMAL,TRAIN001,0.04418631899997176,-0.02196246766084567,1.0395473989267672,26.577054971922884,26.15293556571769,25.99984163705049,139.73466546133952,5.004018318563321,0.2708425312014361,1.355300987578044,1.0943655370350334,ZONE_01,NORMAL,NONE,0
9.19,RUN_009_NORMAL,TRAIN001,0.034957327462468074,-0.014307625191220542,1.0742206126487108,26.455061062720983,26.228708417506166,25.99662783931795,139.95133618118945,5.002640479312794,0.2677471939477231,1.3394429506652932,1.1101592933211417,ZONE_01,NORMAL,NONE,0
9.200000000000001,RUN_009_NORMAL,TRAIN001,0.0023782380402619365,-0.010347338136617258,0.9934208801111664,26.369022663844007,26.23510978572629,26.013744672393834,140.6666699828236,4.99373863017949,0.26438003244881236,1.3202447810877416,1.093259233892207,ZONE_01,NORMAL,NONE,0
9.21,RUN_009_NORMAL,TRAIN001,-0.04937687921464495,0.00834033989950165,1.014809381283648,26.403476826547006,26.126832345051895,25.98572994809287,139.86145804060848,4.999311609486691,0.2672230563541225,1.335931327953681,1.1086771054911786,ZONE_01,NORMAL,NONE,0
9.22,RUN_009_NORMAL,TRAIN001,-0.04718955001258744,-0.006017353226321987,1.0025166709224231,26.470038138099746,26.226212177400164,25.983737098565946,140.32584959614243,4.993005969827322,0.27336913315488415,1.3649337138088566,1.0784307315418222,ZONE_01,NORMAL,NONE,0
9.23,RUN_009_NORMAL,TRAIN001,-0.024632503188503893,0.004053034562301499,0.916905815224164,26.531629438908215,26.167891705836173,25.974936667534735,140.34999445198494,5.02793089541645,0.2661342759051076,1.338104748152576,1.1018424057785265,ZONE_01,NORMAL,NONE,0
9.24,RUN_009_NORMAL,TRAIN001,-0.018753175121081628,0.011229784870192905,0.9702230167451072,26.44431712580345,26.096883609857905,25.96218278560577,139.96704953252697,5.00468647925286,0.27720697018567864,1.3873339756429166,1.0921031618938954,ZONE_01,NORMAL,NONE,0
9.25,RUN_009_NORMAL,TRAIN001,0.06379421156011449,0.029654955769563996,1.0855790723795036,26.537100281304465,26.2087896131837,26.020716237156897,140.13158044987824,4.988681368577864,0.26881762650667784,1.3410454848991866,1.0823165022911414,ZONE_01,NORMAL,NONE,0
9.26,RUN_009_NORMAL,TRAIN001,0.01797056800044643,-0.05451880351143249,0.9944392240913,26.373950289169155,26.252024517193433,26.013261213054257,139.9185591341944,4.988793019299908,0.27255395746935596,1.359715280405687,1.1088508314305157,ZONE_01,NORMAL,NONE,0
9.27,RUN_009_NORMAL,TRAIN001,-0.0003015545966328524,-0.002153969824124404,1.0137640751497858,26.429331393707855,26.09978943843566,25.9908078664434,140.2070255757532,4.998282587454264,0.2750624194362578,1.3748397015312885,1.116573861579592,ZONE_01,NORMAL,NONE,0
9.28,RUN_009_NORMAL,TRAIN001,0.019367765919944865,0.023697935890758737,0.939730418431317,26.496041677970325,26.167283617114414,25.996370596159466,139.98125847963888,4.990557474152448,0.2640186490455036,1.31760024230967,1.092956479744171,ZONE_01,NORMAL,NONE,0
9.290000000000001,RUN_009_NORMAL,TRAIN001,0.040774702512404136,0.016219124674575928,0.9406415894676707,26.45553577891952,26.198589496085766,25.9672837151577,139.79870255743924,4.993652535853087,0.27060482333851477,1.351306462278451,1.1003794417060486,ZONE_01,NORMAL,NONE,0
9.3,RUN_009_NORMAL,TRAIN001,-0.014138530096299354,0.009173295851449792,1.032733273313384,26.500911387740196,26.265058928037586,26.016641664557,139.8035089109687,5.007665547479309,0.2672777523252568,1.3384375919268963,1.0924231897964387,ZONE_01,NORMAL,NONE,0
9.31,RUN_009_NORMAL,TRAIN001,-0.024108511526100343,0.004385389048859402,1.056700895904961,26.54298020315872,26.210129003370973,25.990658523199244,139.8999471251077,4.988917896836928,0.2673072198776106,1.3335737732011352,1.1035503013676948,ZONE_01,NORMAL,NONE,0
9.32,RUN_009_NORMAL,TRAIN001,0.029402479358265406,-0.005342470348845043,0.9715994742814786,26.46444275595285,26.12914402335974,26.031081819581672,139.84697954753398,5.011559633742837,0.2691375823425601,1.348799043591113,1.0941848496880466,ZONE_01,NORMAL,NONE,0
9.33,RUN_009_NORMAL,TRAIN001,0.010347338214897084,-0.012096198339389162,0.9525077591441017,26.54687824605628,26.138055651614984,26.014127504454912,140.16316575081566,4.991422430252057,0.26007851693558587,1.298161743058973,1.0927957068423948,ZONE_01,NORMAL,NONE,0
9.34,RUN_009_NORMAL,TRAIN001,-0.06549283094893048,0.0369979538022748,0.962855664102624,26.466826895701686,26.12338897425326,26.006995085661757,139.85677764895297,4.990791123485764,0.27516763778417413,1.3733042041238022,1.1029025034896303,ZONE_01,NORMAL,NONE,0
9.35,RUN_009_NORMAL,TRAIN001,-0.00452792127774517,-0.04912313732746391,1.0479778517830944,26.5616954328867,26.06141127188001,25.974820038802875,140.35391404063026,5.003483495338955,0.2703164558744414,1.3525239254862884,1.1023382980364351,ZONE_01,NORMAL,NONE,0
9.36,RUN_009_NORMAL,TRAIN001,-0.032605381816854954,0.03071793369564589,0.9794295374455828,26.486403360722843,26.165699790090738,25.98999601999446,140.13535586596564,4.983936454138899,0.26649621919065586,1.3282002217145001,1.0984737399391826,ZONE_01,NORMAL,NONE,0
9.370000000000001,RUN_009_NORMAL,TRAIN001,0.048562703666646015,-0.023886296129978935,0.996565225982823,26.512986775987432,26.265800244980888,26.000037102211117,139.8792229719591,4.9770457784035145,0.2604203631074481,1.2961240688142348,1.1030161994474292,ZONE_01,NORMAL,NONE,0
9.38,RUN_009_NORMAL,TRAIN001,-0.00506513991564001,0.015397607069017757,1.0140002660910818,26.496374806004578,26.120382776438753,25.993913929976756,140.20723683481214,5.008142943281542,0.2708875961945438,1.3566438033042043,1.1136752768094818,ZONE_01,NORMAL,NONE,0
9.39,RUN_009_NORMAL,TRAIN001,-0.04575052965326445,0.03892586510045242,0.995586053030015,26.467886202077622,26.232682200079786,25.988886098979133,140.22128119880063,4.998868300881012,0.2649737137912253,1.324568698437674,1.0868536527506596,ZONE_01,NORMAL,NONE,0
9.4,RUN_009_NORMAL,TRAIN001,0.03628768310155752,0.03340977520383383,1.0074798842033827,26.567386012320316,26.178814744415206,26.009321021042474,140.02299588658272,4.998839924327789,0.26163090220800517,1.3078509993952756,1.096347073315308,ZONE_01,NORMAL,NONE,0
9.41,RUN_009_NORMAL,TRAIN001,-0.0023217261552736014,0.024182153766037752,1.0078057308242847,26.544123469898043,26.153056355647635,25.979047476535527,139.88726259738954,5.007123436978152,0.26504334496575865,1.3271047443931356,1.0974137869232508,ZONE_01,NORMAL,NONE,0
9.42,RUN_009_NORMAL,TRAIN001,-0.011386617466838684,0.013653837754984383,0.920395259645127,26.5401817852692,26.212432228245042,25.96296690580077,140.00239251193597,4.994957681510216,0.2705613427037763,1.3514424570579453,1.10431463209361,ZONE_01,NORMAL,NONE,0
9.43,RUN_009_NORMAL,TRAIN001,0.004245941786960874,0.023880940389886383,0.9610258887656911,26.46994408932695,26.219730982457772,25.999944132977685,139.69184548569243,5.000976355991416,0.26994960457384076,1.35001158978301,1.1008876673758519,ZONE_01,NORMAL,NONE,0
9.44,RUN_009_NORMAL,TRAIN001,-0.023255123069373183,0.036146980034092155,1.00861743513131,26.523766386089573,26.114820627516735,25.993240462923403,140.01122789152618,5.016031675528765,0.2719010965174997,1.3638645127427826,1.0755789739274786,ZONE_01,NORMAL,NONE,0
9.450000000000001,RUN_009_NORMAL,TRAIN001,-0.03614361262001661,-0.031214757919599486,0.9865002560891087,26.475731679532746,26.147578471184474,26.037209792502814,140.00272296600485,5.001036024193602,0.26790985052515387,1.3398268137126177,1.0978492324659954,ZONE_01,NORMAL,NONE,0
9.46,RUN_009_NORMAL,TRAIN001,-0.03267337941482821,-0.01225255067045943,0.9766815089159506,26.426984696961622,26.22088096891232,26.010189538367563,139.86690444735652,4.983364385223275,0.26484467925134625,1.3198175421970406,1.0875689271906945,ZONE_01,NORMAL,NONE,0
9.47,RUN_009_NORMAL,TRAIN001,-0.0007457160486552038,0.0577160401483053,1.0070198132599095,26.432267803988463,26.200328151183395,25.97393795378884,139.77055721001676,4.972118051940903,0.26679988678919364,1.326560533360339,1.1157412314451554,ZONE_01,NORMAL,NONE,0
9.48,RUN_009_NORMAL,TRAIN001,0.02475966319385757,-0.015889152206344757,1.0300495387644883,26.49265675705831,26.15833403155638,26.00785587171222,140.02603233328975,5.001601684565129,0.27095741604255325,1.3552210685238488,1.10254757248777,ZONE_01,NORMAL,NONE,0
9.49,RUN_009_NORMAL,TRAIN001,-0.01779329678551157,-0.02989752313071644,1.0598831348217472,26.452141810152494,26.14213001561496,26.016912613395245,140.01013567316406,4.992342703428582,0.2741430235650824,1.368615923390989,1.1024431242726402,ZONE_01,NORMAL,NONE,0
9.5,RUN_009_NORMAL,TRAIN001,-0.022586549807145116,0.03522213596371768,1.051830478415727,26.482219674905664,26.197119530187837,26.01852961649294,139.9879238751368,4.993322020522874,0.2700744908553076,1.348568902369311,1.1090560971046874,ZONE_01,NORMAL,NONE,0
9.51,RUN_009_NORMAL,TRAIN001,0.07067254837844715,0.03091314852802897,0.9423034469303685,26.571308265939972,26.259294045637123,26.01422450063408,140.09188127589704,5.006983695909495,0.27400875930529367,1.3719573903779947,1.101207484713214,ZONE_01,NORMAL,NONE,0
9.52,RUN_009_NORMAL,TRAIN001,0.016799930567913172,-0.001380469631349516,1.008508828398605,26.549956199746482,26.24748816863783,25.967333691084594,139.93240069936357,5.004317686086034,0.2676811335260316,1.3395614307358772,1.102166698607021,ZONE_01,NORMAL,NONE,0
9.53,RUN_009_NORMAL,TRAIN001,-0.023485053985367547,0.06429518613178646,0.9735532231579936,26.538253856038537,26.225622476759394,25.992915894997477,139.89531521387275,5.014996056859143,0.26783562414397616,1.343194598968448,1.0800346703347068,ZONE_01,NORMAL,NONE,0
9.540000000000001,RUN_009_NORMAL,TRAIN001,-0.026231447802204856,-0.0022264685313439746,0.9914454074394441,26.42336255810693,26.158488934021648,25.978267193990238,140.2498553508847,4.999998199617575,0.2755391346034228,1.3776951769412984,1.0970821362680514,ZONE_01,NORMAL,NONE,0
9.55,RUN_009_NORMAL,TRAIN001,0.017782723686633053,-0.039830655561555094,1.000610310464532,26.50484168921303,26.19259821808658,25.994146988614087,140.26699505042725,4.977863089170536,0.2667531176662298,1.32786049835189,1.1062677409804254,ZONE_01,NORMAL,NONE,0
9.56,RUN_009_NORMAL,TRAIN001,0.028506307869227063,0.02360476670608166,0.8808605973839494,26.54483529344841,26.14717924681471,25.99668823994779,140.15178908188312,4.99900299750337,0.2659094914688705,1.3292823449174802,1.0931748684159623,ZONE_01,NORMAL,NONE,0
9.57,RUN_009_NORMAL,TRAIN001,-0.033863932333424156,-0.0221654376417704,1.0336814521118403,26.441417345128134,26.233666809912002,26.01912304252021,139.76526929882394,5.001916265458784,0.26978586827365475,1.3494463227089146,1.1002500846235321,ZONE_01,NORMAL,NONE,0
9.58,RUN_009_NORMAL,TRAIN001,0.008380336869794126,0.0033672262242595845,1.0099051688734544,26.46498878434024,26.29534340837927,26.023835214675024,140.0238836804958,4.988344494111998,0.26960001301708364,1.3448577405462923,1.1108583262560614,ZONE_01,NORMAL,NONE,0
9.59,RUN_009_NORMAL,TRAIN001,-0.03830888586260355,0.04792752025304265,1.0101747903063987,26.552726071734142,26.19208988813429,26.012080677426493,139.95605213249377,5.004128903251113,0.26919884221386847,1.347105707044155,1.0875011331180626,ZONE_01,NORMAL,NONE,0
9.6,RUN_009_NORMAL,TRAIN001,-0.0049223464263153625,0.027602548179721118,0.9825850219482261,26.452192897678906,26.215179208563324,26.02810319285506,139.93626112399014,5.003612144290792,0.2657378521698763,1.329649144314944,1.0918746003270559,ZONE_01,NORMAL,NONE,0
9.61,RUN_009_NORMAL,TRAIN001,-0.00565107590342231,0.010542991389951725,1.031755112448655,26.53703685628407,26.14069897701125,26.020869159487486,140.39182749083804,5.013278173603594,0.2773607065235235,1.3904863762296524,1.1012584996631967,ZONE_01,NORMAL,NONE,0
9.620000000000001,RUN_009_NORMAL,TRAIN001,0.023536676714997835,-0.02950345885886688,0.9747833275776066,26.365071173793595,26.136995865961545,26.018680080272038,139.95984395242493,5.01163243888531,0.2704026674915511,1.355158779961776,1.0925350338788602,ZONE_01,NORMAL,NONE,0
9.63,RUN_009_NORMAL,TRAIN001,0.033707993903640786,0.033935552355186485,1.0099673983561968,26.53027352676548,26.116531620886846,26.022895046793376,139.84185049391044,4.996870883671259,0.2785315373204766,1.3917861290208842,1.1177342866395528,ZONE_01,NORMAL,NONE,0
9.64,RUN_009_NORMAL,TRAIN001,-0.01058411301991096,-0.018539134758905597,0.9375035792942263,26.46980419971372,26.20494691873717,25.979098390049774,140.25301913255328,5.001920054288421,0.2662137132450821,1.3315797110071632,1.10564434253339,ZONE_01,NORMAL,NONE,0
9.65,RUN_009_NORMAL,TRAIN001,-0.053787257229859095,-0.03912355937146552,0.9601871755522173,26.554881131700114,26.210582773713696,26.009982861586312,139.63174732121604,4.99738121629885,0.2606805300027127,1.3027199840903851,1.1023241042786385,ZONE_01,NORMAL,NONE,0
9.66,RUN_009_NORMAL,TRAIN001,0.020424669088957754,-0.003986094578099532,1.0595785378949178,26.437734348572832,26.19041641620218,25.986241746269318,139.59348925230225,4.997304647663338,0.2675853372753781,1.3372054496128087,1.0943419741657898,ZONE_01,NORMAL,NONE,0
9.67,RUN_009_NORMAL,TRAIN001,-0.05734930241206034,-0.0033585529014679358,1.0276273942747194,26.488963330608943,26.19658724608262,25.99439779955828,140.0656173644593,5.007080080534295,0.26235574688172747,1.313636234225195,1.0879071703566938,ZONE_01,NORMAL,NONE,0
9.68,RUN_009_NORMAL,TRAIN001,0.006296654653108702,-0.0001236147552570374,0.9478600496236806,26.47445323322322,26.218643604026997,26.0065821565389,140.66000005051504,4.996866753713923,0.2644899297009511,1.3216209364148153,1.0949770867857382,ZONE_01,NORMAL,NONE,0
9.69,RUN_009_NORMAL,TRAIN001,0.04892609692539031,0.013832899175229183,1.046223315351833,26.51419458328064,26.109978117588064,25.980192155696493,139.90202382990947,5.000936980017731,0.27104124094670007,1.3554601649602485,1.1016395717407743,ZONE_01,NORMAL,NONE,0
9.700000000000001,RUN_009_NORMAL,TRAIN001,-0.012166310202952888,0.008872952460020787,0.9556253714346294,26.501416378774188,26.201882652233415,25.99664282062796,140.41520035654614,5.01975483634902,0.26930787131910894,1.3518594895209566,1.1126659874642004,ZONE_01,NORMAL,NONE,0
9.71,RUN_009_NORMAL,TRAIN001,0.005918455851232971,-0.011076281087602361,1.0198396417952547,26.52420125766867,26.13985778446417,25.978875311744048,139.9478018426935,4.9930974438059526,0.2663765851526439,1.330044246415425,1.102978753797382,ZONE_01,NORMAL,NONE,0
9.72,RUN_009_NORMAL,TRAIN001,-0.02630322559845731,0.008198025546382298,1.0395295064999581,26.514063355168744,26.179529892069294,25.99577225076906,140.17323831278688,4.994714240498728,0.2680839051268561,1.339002498585618,1.0778727099718601,ZONE_01,NORMAL,NONE,0
9.73,RUN_009_NORMAL,TRAIN001,-0.04481739473167277,-0.004563447357276979,1.050843637953688,26.491974654582844,26.10409857927602,26.015470874583933,139.95220715416053,4.992022267483095,0.268144097576688,1.3385813059969862,1.0917010957705389,ZONE_01,NORMAL,NONE,0
9.74,RUN_009_NORMAL,TRAIN001,0.025088079548592775,0.0368200046181753,0.9825663778363559,26.473413581834226,26.145819775173248,25.996454202303394,139.66293580133384,4.9757107135317575,0.26754952963669704,1.331249061013696,1.092135157643829,ZONE_01,NORMAL,NONE,0
9.75,RUN_009_NORMAL,TRAIN001,-0.022552956699286374,0.0043998012754623145,1.0542728171454085,26.527426003624495,26.209474461252935,25.998832960475852,140.36046761474577,4.99968728870661,0.2658674649981558,1.329254185231929,1.1109616447221198,ZONE_01,NORMAL,NONE,0
9.76,RUN_009_NORMAL,TRAIN001,0.04705982362730623,-0.014427588578167014,1.0182441873901946,26.516114398547707,26.232799938688657,25.996000189271207,139.84914767486092,5.002294295645831,0.2681027849888011,1.3411290319962406,1.1274503892354129,ZONE_01,NORMAL,NONE,0
9.77,RUN_009_NORMAL,TRAIN001,-0.018739867880852246,0.03956385799730081,1.023024310227848,26.391678745152408,26.194320408046657,25.97815461874232,139.90208496264626,5.001320619700327,0.2608488876860423,1.3045889206100982,1.113642948284747,ZONE_01,NORMAL,NONE,0
9.78,RUN_009_NORMAL,TRAIN001,-0.02138530941619776,-0.046578118401802884,1.008987518189717,26.50880975043917,26.18933757097283,26.011644632204295,139.87694107292702,5.005704098771781,0.27700802591448465,1.3866202107128154,1.0974857426833147,ZONE_01,NORMAL,NONE,0
9.790000000000001,RUN_009_NORMAL,TRAIN001,-0.0033166534617250776,0.025707904462455633,0.9948412848570252,26.503058324497783,26.163501700411313,26.00189084275863,140.48293051929258,5.000283109636451,0.2749980166730555,1.3750679379538024,1.1174719321428586,ZONE_01,NORMAL,NONE,0
9.8,RUN_009_NORMAL,TRAIN001,0.0054996841793404135,-0.003896438933691995,1.0957573638680707,26.484435665933503,26.170640882115976,26.003146941999383,139.86072389465133,4.97989620718182,0.2695094302093118,1.3421289892990853,1.09566558561335,ZONE_01,NORMAL,NONE,0
9.81,RUN_009_NORMAL,TRAIN001,-0.012274262997123702,-0.004913886034783645,1.0098373424608547,26.53631715927669,26.184116331521533,26.002423665212174,140.06568823584945,5.010547052792989,0.2672879893020907,1.3392590470445547,1.1046733370667752,ZONE_01,NORMAL,NONE,0
9.82,RUN_009_NORMAL,TRAIN001,0.06641878703036476,-0.01909181320910067,0.9015681274510655,26.46985614378335,26.18455404768766,26.032665019187032,139.90212364264252,5.000283636108297,0.26821301613423365,1.3411411555672592,1.102157663943116,ZONE_01,NORMAL,NONE,0
9.83,RUN_009_NORMAL,TRAIN001,-0.036119815770899885,-0.005958000455006806,0.9545634039271307,26.52074937114302,26.12364173853633,26.006321498514776,139.90701217989061,5.0028592622239065,0.27086835976994633,1.3551162825184735,1.1014086690503622,ZONE_01,NORMAL,NONE,0
9.84,RUN_009_NORMAL,TRAIN001,0.00870753092147489,0.009485718544531983,1.0084033654273772,26.525271196466267,26.113729474371723,26.025463394791917,140.4518601870464,5.008471026853159,0.26974898622819543,1.3510299820469287,1.0978026107735712,ZONE_01,NORMAL,NONE,0
9.85,RUN_009_NORMAL,TRAIN001,-0.023561845552325694,0.02056803422716582,0.9857483385958575,26.556360282376243,26.190340648052313,26.03076383858836,139.72005095394394,5.0075128543802085,0.2725046260668121,1.3645704179076334,1.090728952290988,ZONE_01,NORMAL,NONE,0
9.86,RUN_009_NORMAL,TRAIN001,0.028901717891180474,0.00820793077605916,0.9620745537083908,26.47912791461014,26.17892337770127,26.00804907670617,140.08882197626204,4.986955452598557,0.26657644722120805,1.329404867004155,1.0968469158601386,ZONE_01,NORMAL,NONE,0
9.870000000000001,RUN_009_NORMAL,TRAIN001,0.007349676269954155,0.015803434695690573,1.095661351941182,26.54117636017003,26.190724365429915,26.016029695505125,140.21088053051076,4.9995271670957235,0.2775223919109382,1.387480737836122,1.0893775799168735,ZONE_01,NORMAL,NONE,0
9.88,RUN_009_NORMAL,TRAIN001,-0.022001912235370315,0.04305900991360089,0.9894335650334463,26.518405172842098,26.202210405276634,26.001271804770518,140.2335769777751,5.005341167618947,0.2633723626388891,1.3182685291294978,1.107039374016091,ZONE_01,NORMAL,NONE,0
9.89,RUN_009_NORMAL,TRAIN001,-0.015320813159521865,0.04535007653867029,1.030189047490349,26.51518433479458,26.176794710741873,26.013064850924483,139.9811328966169,4.997147374929356,0.26503012565570383,1.3243945966975978,1.0947431580354987,ZONE_01,NORMAL,NONE,0
9.9,RUN_009_NORMAL,TRAIN001,-0.01031801659468164,-0.0015105218099494514,0.991565970235708,26.54925417810737,26.129506562566817,25.999549887582756,139.93763414056903,5.003492676956365,0.25982959926664123,1.3000554971871463,1.1005093347096229,ZONE_01,NORMAL,NONE,0
9.91,RUN_009_NORMAL,TRAIN001,-0.005512570639264394,-0.044328163455715594,0.9966401898719687,26.445338445641898,26.194593722726932,25.982177179528673,140.17328689375424,5.006068835839405,0.2690977053856174,1.3471216367268328,1.0991615261328254,ZONE_01,NORMAL,NONE,0
9.92,RUN_009_NORMAL,TRAIN001,-0.049289370499534246,-0.06333895083517685,1.039634046170925,26.466796747868088,26.18210071390955,26.04566113243071,140.1674273019661,5.012568106838862,0.2781588881612297,1.394290371430738,1.108021856721653,ZONE_01,NORMAL,NONE,0
9.93,RUN_009_NORMAL,TRAIN001,0.044504564970282615,0.01747168374644644,1.0114858780999594,26.45326159269823,26.251411966431856,25.975230079911285,140.26289809007386,5.016402186854267,0.2747984451589169,1.3784995212393432,1.0901924482733159,ZONE_01,NORMAL,NONE,0
9.94,RUN_009_NORMAL,TRAIN001,0.056748531991411735,-0.008630577770332536,1.0310066915719396,26.513363603614987,26.225238845364384,26.025438807226976,139.83355005359962,4.979762776151775,0.27056402386369327,1.3473446546022603,1.0894702177382616,ZONE_01,NORMAL,NONE,0
9.950000000000001,RUN_009_NORMAL,TRAIN001,0.06452788070243559,-0.025311546383530708,1.0419003727111633,26.534599377008682,26.16860532310863,25.996752784679348,139.9849960943895,4.995886676791756,0.27070526073952783,1.3524128054660454,1.093114641884874,ZONE_01,NORMAL,NONE,0
9.96,RUN_009_NORMAL,TRAIN001,0.06829208088809827,0.024024627067564672,1.0199834454316155,26.5650083283009,26.16890054302933,26.014170132833968,139.88164032461734,5.004031849179804,0.2673657048478192,1.3379065024368944,1.1172692215441282,ZONE_01,NORMAL,NONE,0
9.97,RUN_009_NORMAL,TRAIN001,-0.02356636852148649,0.007677520298587764,1.0232401644573645,26.41195699184612,26.22736279821081,25.975534908851444,139.80669280527312,5.009341590822069,0.25916518698917584,1.298246950078057,1.102583733703922,ZONE_01,NORMAL,NONE,0
9.98,RUN_009_NORMAL,TRAIN001,-0.04549459317965197,0.019400983109469496,1.0137170343809025,26.464508422632033,26.175660095001444,25.998218789319075,139.90644008081352,5.0109063355652825,0.2643306569344001,1.3245361635167188,1.0946981246944123,ZONE_01,NORMAL,NONE,0
9.99,RUN_009_NORMAL,TRAIN001,-0.0032392172218039528,0.012904160352002971,1.0014347943548334,26.481527581874037,26.164057116165434,25.99616944887671,139.86718727696856,5.001488574639711,0.26392862275449164,1.3200359912269843,1.096189395907829,ZONE_01,NORMAL,NONE,0
10.0,RUN_009_NORMAL,TRAIN001,-0.00029996596985700847,0.022395871091223086,0.9711253245861409,26.4914123315504,26.154676926913,25.98384024273857,139.76909189990135,4.986424095964918,0.2768516313117881,1.3804996453802958,1.0728728235701843,ZONE_01,NORMAL,NONE,0
10.01,RUN_009_NORMAL,TRAIN001,0.03582875578526892,0.02774738601847005,0.9835132876217081,26.582422991729267,26.1985325093894,26.003300487608662,139.70576896221488,4.993333981321068,0.27366108346623114,1.366481187437073,1.116365672735304,ZONE_01,NORMAL,NONE,0
10.02,RUN_009_NORMAL,TRAIN001,-0.06274625298954477,0.025709827134582062,0.9914258605884332,26.547996668162913,26.192829245816647,25.998630912747632,139.94459989289103,5.008883617566827,0.2630918833067761,1.317796624210114,1.109307310199661,ZONE_01,NORMAL,NONE,0
10.03,RUN_009_NORMAL,TRAIN001,-0.01096599888709145,0.031218196626263323,0.9461057630237458,26.539697982561666,26.188448967829547,26.027370712210192,140.30985282627657,4.994466497645011,0.2613395116005372,1.3052514351997926,1.0883116050368522,ZONE_01,NORMAL,NONE,0
10.040000000000001,RUN_009_NORMAL,TRAIN001,-0.0316870018155764,-0.013507504527980864,0.9627838644175526,26.46937549757356,26.22642742500633,25.98908152181851,139.84146116325897,5.014328267818188,0.27235404870033475,1.3656726052528199,1.105563824070037,ZONE_01,NORMAL,NONE,0
10.05,RUN_009_NORMAL,TRAIN001,-0.04451846839653493,0.015648122845817663,1.047248050456473,26.615714384493366,26.075037063946862,25.999445843249287,139.93269818993218,5.0072867105763565,0.2711031233887344,1.3574910669401519,1.090342564111767,ZONE_01,NORMAL,NONE,0
10.06,RUN_009_NORMAL,TRAIN001,-0.01196281484102137,0.02949263000286429,1.0784484426960321,26.599640188620384,26.20223027174519,25.950694475512936,140.0411248053323,5.011592416204166,0.267043572909318,1.3383135447884023,1.1085161606026952,ZONE_01,NORMAL,NONE,0
10.07,RUN_009_NORMAL,TRAIN001,-0.030358108472889604,-0.01853761733356885,0.952365083507216,26.505640205448145,26.172650872128646,25.97076793476109,139.74399102354323,5.001740753706974,0.26851377836684354,1.3430363081892833,1.1044340644989716,ZONE_01,NORMAL,NONE,0
10.08,RUN_009_NORMAL,TRAIN001,-0.006457573408774005,-0.008696352787929717,0.9995031725863379,26.533239888899935,26.171747570331316,25.98160248859355,139.7187972319793,4.997262409217648,0.25451632983251443,1.2718848876040647,1.1201580393221855,ZONE_01,NORMAL,NONE,0
10.09,RUN_009_NORMAL,TRAIN001,0.05127610492007669,-0.016491594873086234,1.0248016661080597,26.492005583676917,26.239097935469033,25.965701076252984,139.9927654035663,5.006876657939366,0.25725002393585994,1.2880191400988004,1.1128514444025077,ZONE_01,NORMAL,NONE,0
10.1,RUN_009_NORMAL,TRAIN001,0.0011793609531045406,0.009635892923713578,1.0393273694903788,26.49752831390942,26.184362900267484,25.975150871814296,139.79895354885912,5.010583174084499,0.2680244232464159,1.3429586653621939,1.1035532734368456,ZONE_01,NORMAL,NONE,0
10.11,RUN_009_NORMAL,TRAIN001,0.008262555023171164,0.030972842836577415,1.0567918181784417,26.526390306777138,26.15254788313013,26.002238113051416,140.00389119808906,5.0069077201014744,0.26228489270683414,1.3132362541598348,1.1012059784627692,ZONE_01,NORMAL,NONE,0
10.120000000000001,RUN_009_NORMAL,TRAIN001,0.01536492899991111,-0.043924807603791235,0.9751978053608478,26.533898803949082,26.181516918869157,26.011056189813864,140.29100961666035,5.005327957743715,0.26889943612505113,1.3459298654582386,1.087082673921676,ZONE_01,NORMAL,NONE,0
10.13,RUN_009_NORMAL,TRAIN001,-0.03231006395367935,0.01490240719810471,1.0125559127962598,26.57378575941851,26.085853780444285,25.986679281473187,139.7935900335878,4.999607313893877,0.2737654860984167,1.3687199265893568,1.1050126916110248,ZONE_01,NORMAL,NONE,0
10.14,RUN_009_NORMAL,TRAIN001,0.01459314736718855,0.02954866943376947,1.037602341646168,26.601376200931522,26.237976932951895,25.995889419680225,140.1161392667944,5.008972233890111,0.27413888783224405,1.373154077381226,1.095460019010117,ZONE_01,NORMAL,NONE,0
10.15,RUN_009_NORMAL,TRAIN001,0.006443195101897385,-0.022915030343653955,1.0310589530179055,26.525719449375664,26.262680822226656,25.958309216452438,139.7487994496843,4.990811983998725,0.273678580816878,1.3658783409046384,1.0934757793859606,ZONE_01,NORMAL,NONE,0
10.16,RUN_009_NORMAL,TRAIN001,-0.006476577460381078,-0.014703346352941172,1.0256982323836024,26.518087736916517,26.177095896820738,26.034939263593348,140.14484000520392,5.018735565378891,0.2741630074902213,1.375951636402413,1.0869667403218004,ZONE_01,NORMAL,NONE,0
10.17,RUN_009_NORMAL,TRAIN001,0.047895439809280536,-0.029914522351478,0.9923700030670035,26.600883434525816,26.247791000482415,25.997128381400284,139.6867407974642,4.994023598020682,0.2710136160780433,1.3534483940786657,1.092331099683631,ZONE_01,NORMAL,NONE,0
10.18,RUN_009_NORMAL,TRAIN001,-0.04080192975111799,-0.0342622522288821,0.9890994620757991,26.600823965608992,26.25929447607983,25.996416360343947,139.792204551939,5.011516420896793,0.2708435987476698,1.3573371426187293,1.0980771861073575,ZONE_01,NORMAL,NONE,0
10.19,RUN_009_NORMAL,TRAIN001,0.009108356027920107,0.012290917873740455,0.9826772809813064,26.604239396014147,26.326439234028392,25.987165752906517,140.49805937136753,4.9886208566723855,0.26936365510678534,1.3437531478952165,1.092788739119379,ZONE_01,NORMAL,NONE,0
10.200000000000001,RUN_009_NORMAL,TRAIN001,-0.020076552236612737,-0.020553026699959388,0.9748804139568201,26.603389904346,26.188341569190147,25.99596585497846,140.01099499701505,4.988695583136215,0.2600120900492952,1.2971211651909347,1.1055959931001806,ZONE_01,NORMAL,NONE,0
10.21,RUN_009_NORMAL,TRAIN001,0.012374638978680394,-0.05750404009672052,1.0182944435288401,26.51624111447136,26.250604052751846,25.994229835153263,139.88128242483506,4.972653501676267,0.2693900205028875,1.3395832287703249,1.1147999027673474,ZONE_01,NORMAL,NONE,0
10.22,RUN_009_NORMAL,TRAIN001,-0.037373696716201756,-0.03518382358541869,1.0772697940239422,26.5372074958619,26.202518804106507,26.017515174016626,140.37951090974448,4.995505663372392,0.26576868960978,1.3276489940927154,1.1050695756875906,ZONE_01,NORMAL,NONE,0
10.23,RUN_009_NORMAL,TRAIN001,0.00856910942030161,-0.011853253972893555,1.0320898284058289,26.55601054861085,26.16790451594045,25.989976546516086,139.97151329973667,5.006117589939263,0.2735244266494646,1.3692954435279365,1.1027850610807195,ZONE_01,NORMAL,NONE,0
10.24,RUN_009_NORMAL,TRAIN001,0.00011729999939396262,0.04565493230555481,1.0386789225346296,26.498198743861476,26.224821632674434,25.972555315267048,139.72157531984413,5.00818263722968,0.2698645660955954,1.3515310343234823,1.0893590899487897,ZONE_01,NORMAL,NONE,0
10.25,RUN_009_NORMAL,TRAIN001,-0.02888238442083765,-0.006911773321022427,0.9918684113923282,26.475313038121783,26.257184725805654,26.034781022316626,139.9772055527397,4.9901990923656445,0.26305726524584283,1.3127081262699936,1.114355866128333,ZONE_01,NORMAL,NONE,0
10.26,RUN_009_NORMAL,TRAIN001,-0.017647565877178854,-0.0015171677989938082,0.9870154583813454,26.51714662471807,26.212421189017007,25.975189725276678,139.87606176806963,5.002390382760147,0.2735894780603315,1.3686013738733707,1.1004567590158376,ZONE_01,NORMAL,NONE,0
10.27,RUN_009_NORMAL,TRAIN001,0.036516383639247925,-0.018334822587089156,0.9947328421782409,26.58062704468849,26.229880982603763,25.981272425448445,139.86588803146228,4.999343622724237,0.2728735531996152,1.3641886579985991,1.0820883287730612,ZONE_01,NORMAL,NONE,0
10.28,RUN_009_NORMAL,TRAIN001,-0.008685209093411972,0.02031520746274451,0.9885087770048763,26.65777958798934,26.221758830228993,26.024010712675665,139.83582439196087,5.0130163006970285,0.2680302442654683,1.3436399835825987,1.0983774026464252,ZONE_01,NORMAL,NONE,0
10.290000000000001,RUN_009_NORMAL,TRAIN001,0.011374561496395413,0.0007011385509422191,0.9729280748337366,26.575498485757937,26.177965035790983,25.986547132401363,139.73834817714717,4.993049616742479,0.27356705659005653,1.36593388706035,1.1090626670829475,ZONE_01,NORMAL,NONE,0
10.3,RUN_009_NORMAL,TRAIN001,0.013710766721186877,0.04041550751098442,1.041334902106272,26.568185868460073,26.23244799720611,26.002321878315477,139.48168785866503,5.004690545762761,0.2652676416881789,1.3275824584536127,1.1012674526679354,ZONE_01,NORMAL,NONE,0
10.31,RUN_009_NORMAL,TRAIN001,0.03335986009593195,0.002020554617454865,1.0345788172642814,26.580496976089684,26.238903372773866,25.979651177167035,140.05283989741721,4.992519591976271,0.2665395508914145,1.3307039298619434,1.0924487616587268,ZONE_01,NORMAL,NONE,0
10.32,RUN_009_NORMAL,TRAIN001,-0.006646119952678986,0.04163610224333164,0.9825047938878273,26.545925210264816,26.270185392662185,26.032188259507837,139.84296440590705,4.985541448356331,0.27442710486846955,1.3681677058741846,1.0903084489346697,ZONE_01,NORMAL,NONE,0
10.33,RUN_009_NORMAL,TRAIN001,-0.00590222610427968,0.008004257049094993,1.0140154041671166,26.48682785151204,26.20369752460213,25.99361196150418,140.12473709026534,4.99454599773794,0.2679237262066649,1.3381573744245336,1.0888317336889408,ZONE_01,NORMAL,NONE,0
10.34,RUN_009_NORMAL,TRAIN001,-0.015804302362002892,-0.027018510107213248,1.0686196368655305,26.570597420064374,26.22797307156756,26.024057881585648,139.80001192317093,4.981681766532268,0.27810849510621893,1.3854480191883793,1.0848932405981968,ZONE_01,NORMAL,NONE,0
10.35,RUN_009_NORMAL,TRAIN001,0.0138936749063239,-0.024396388893454822,0.9982753996644922,26.5250453925393,26.165345455352856,26.01738939522891,139.8137639570241,4.993814280047797,0.2657071978417102,1.3268923988934176,1.091606159606301,ZONE_01,NORMAL,NONE,0
10.36,RUN_009_NORMAL,TRAIN001,0.02055052119495762,-0.04883970672908054,1.0239424388193406,26.593966611467668,26.271511717224406,26.018876410226248,139.59319678995664,4.981362616255782,0.2565092669981372,1.2777656733476936,1.106126168259575,ZONE_01,NORMAL,NONE,0
10.370000000000001,RUN_009_NORMAL,TRAIN001,0.00542650980479862,-0.03017438678151489,1.0085247957596832,26.59292672042677,26.23087215990518,25.987589482115816,139.66498001306297,5.006663690475175,0.2692963625810473,1.348276320511567,1.0797522679340108,ZONE_01,NORMAL,NONE,0
10.38,RUN_009_NORMAL,TRAIN001,-0.0053750613064612795,0.038424416288656685,0.9832752814883146,26.553319248624117,26.203592912169807,26.01411980866735,139.9914715565296,4.98719240525289,0.2689957486647467,1.34153355478614,1.1009172909608715,ZONE_01,NORMAL,NONE,0
10.39,RUN_009_NORMAL,TRAIN001,-0.0039046423766096574,-0.006571855145234327,0.9833965775495593,26.567272466444972,26.294896493156976,25.990014849311258,140.13057021106272,5.003482796611446,0.27070557886261054,1.354470706785815,1.1103976770900055,ZONE_01,NORMAL,NONE,0
10.4,RUN_009_NORMAL,TRAIN001,-0.02163090326288455,0.015157666804491324,1.0263867414858179,26.51066604352177,26.243409241526972,26.04603735580086,140.10513334357304,5.007662318407083,0.2703469865835237,1.3538064176092166,1.0852928059243256,ZONE_01,NORMAL,NONE,0
10.41,RUN_009_NORMAL,TRAIN001,0.0047203352786731306,0.006883331655403453,1.036804960935199,26.629776424364106,26.186261881132793,25.999977410577404,139.41380304315027,4.993629557505613,0.27546529489753896,1.3755716386673507,1.0899107669941677,ZONE_01,NORMAL,NONE,0
10.42,RUN_009_NORMAL,TRAIN001,-0.013950250738583093,0.014895702810557326,1.0400318690557129,26.41512747332507,26.273542981913703,26.04057973927314,140.00360271586007,4.990833372784646,0.2707847823556178,1.3514417286226443,1.1022303493112096,ZONE_01,NORMAL,NONE,0
10.43,RUN_009_NORMAL,TRAIN001,0.02014140254628187,-0.05573835000135662,1.0273422467982751,26.400833232925898,26.261784067821036,25.987343085237036,139.80999659388408,5.002918340477516,0.2652052691102551,1.3268003048229704,1.1150983798736116,ZONE_01,NORMAL,NONE,0
10.44,RUN_009_NORMAL,TRAIN001,0.0029336788016391933,-0.041851553276317496,1.0256814402603582,26.600326160465602,26.147017032053512,26.007812816742657,140.03637637655265,4.995818772423862,0.2736061470357379,1.3668867256117025,1.107525408508521,ZONE_01,NORMAL,NONE,0
10.450000000000001,RUN_009_NORMAL,TRAIN001,0.012175847570395412,0.08773972812719408,0.9827081128562639,26.59680947461239,26.198672765472136,26.008099085718634,139.7113393065856,4.995790710632335,0.2768647344509862,1.383158268471925,1.0980959130860346,ZONE_01,NORMAL,NONE,0
10.46,RUN_009_NORMAL,TRAIN001,0.0003965398622967198,0.040786155886977954,1.019059844471601,26.520702848736782,26.288952884252726,25.990836781645026,139.92014906110379,4.971699882432462,0.2694285964375913,1.339518121232716,1.0863871441215032,ZONE_01,NORMAL,NONE,0
10.47,RUN_009_NORMAL,TRAIN001,-0.04388732065136272,-0.06867807227223048,1.0325403585692634,26.560664141068315,26.14641476751864,25.986928530324445,139.4151574544515,4.988853915797823,0.26430109194012386,1.3185595374751273,1.107134548034916,ZONE_01,NORMAL,NONE,0
10.48,RUN_009_NORMAL,TRAIN001,-0.0627471799810934,-0.00618419491992724,0.9321689496051045,26.60702546206411,26.234769347148255,25.985745572086643,140.04243623697255,4.986829470724197,0.2689514185065653,1.341214860001617,1.079090372519878,ZONE_01,NORMAL,NONE,0
10.49,RUN_009_NORMAL,TRAIN001,-0.048524436479001794,0.009694481225547292,1.047650287927442,26.631065407169352,26.334713282996773,26.02247286746576,140.1815213414591,5.006036754984507,0.2739199024405005,1.3712530995389158,1.0999880752228404,ZONE_01,NORMAL,NONE,0
10.5,RUN_009_NORMAL,TRAIN001,-0.0033137329733464076,0.005583415177343186,1.0203203535094012,26.622349763852228,26.217302627895666,26.014430471329906,139.60862815555717,4.9974443432602165,0.261352901320626,1.3060965782994078,1.1047518392283289,ZONE_01,NORMAL,NONE,0
10.51,RUN_009_NORMAL,TRAIN001,0.02164244452049944,0.03922739018732103,0.9638805004981782,26.60549235397345,26.20332224598328,26.02145750772787,140.28710756878704,5.006979000409875,0.25971157961733027,1.3003704253072499,1.1048848008281864,ZONE_01,NORMAL,NONE,0
10.52,RUN_009_NORMAL,TRAIN001,0.0027985536568581595,-0.0013549689855471476,1.046488074541179,26.468507855668186,26.300987006488207,26.007510653036473,140.19077731523296,5.011466701832683,0.26927587547086335,1.3494670835290759,1.110006820583448,ZONE_01,NORMAL,NONE,0
10.53,RUN_009_NORMAL,TRAIN001,-0.014844718397283579,-0.04144127564301297,1.0477372149487825,26.502436678533215,26.183794594496447,26.00763652963355,139.78999453504707,5.001838947985335,0.2720335289723059,1.3606679003715767,1.1005372751136038,ZONE_01,NORMAL,NONE,0
10.540000000000001,RUN_009_NORMAL,TRAIN001,-0.03972739019810999,-0.04075565882510029,1.0185961491438562,26.46564702417263,26.237922587069274,25.997051924677375,139.87002239926193,5.013024861255204,0.27866631034489686,1.3969611417532262,1.0989945280596731,ZONE_01,NORMAL,NONE,0
10.55,RUN_009_NORMAL,TRAIN001,0.02411428607644401,-0.048571338542477825,1.0623127544797204,26.638511022851176,26.253521138693518,26.014451588065754,139.98635269179698,4.984424906648042,0.2759982269133665,1.375692436417682,1.123604265788175,ZONE_01,NORMAL,NONE,0
10.56,RUN_009_NORMAL,TRAIN001,0.054923988964917736,0.0006264426708912792,0.9734882738719143,26.558873296139907,26.178881864066366,25.99131713210822,140.18713714466116,5.013691837258409,0.27265799421999737,1.3670231599840512,1.1054933062313692,ZONE_01,NORMAL,NONE,0
10.57,RUN_009_NORMAL,TRAIN001,-0.02508617485602348,-0.036039280744183756,0.980043685020428,26.55793317931435,26.26979401975838,26.00726350529091,139.89915325551473,5.004122386805762,0.26747325763194507,1.3384689163878816,1.1023766732025286,ZONE_01,NORMAL,NONE,0
10.58,RUN_009_NORMAL,TRAIN001,0.05835806607424017,0.02181214169683975,0.9803253542531213,26.67568430166398,26.243536680740917,25.95100782384687,140.1029294177833,4.994606184889408,0.27030850993492656,1.3500845555492242,1.1021415922917777,ZONE_01,NORMAL,NONE,0
10.59,RUN_009_NORMAL,TRAIN001,-0.029035842152509577,-0.03356005036025146,0.9486116296301101,26.514137042794033,26.16230015544416,25.996624083734936,140.1612877094697,5.000460855707867,0.26560871357440846,1.3281659751637522,1.1087536713374935,ZONE_01,NORMAL,NONE,0
10.6,RUN_009_NORMAL,TRAIN001,-0.021879675183410194,0.016787849003006308,0.9690381054238382,26.53459353493006,26.262620319845617,26.001734003253546,139.88799823059063,5.011291711169634,0.2708723162004569,1.3574201929606697,1.107840266640616,ZONE_01,NORMAL,NONE,0
10.61,RUN_009_NORMAL,TRAIN001,-0.05800177795726929,0.00038253101619771523,0.967693099035863,26.597986022928577,26.081065229854506,25.97866896098308,140.27206957712082,5.006333397714707,0.27784019625851664,1.3909606537566206,1.0975078972856587,ZONE_01,NORMAL,NONE,0
10.620000000000001,RUN_009_NORMAL,TRAIN001,-0.018228018866919344,0.013613334343615436,1.015084209898626,26.62991552449163,26.22297912365848,25.960738355671136,140.13445500538478,4.989594088651234,0.26316175872818093,1.3130703557091938,1.1076184768472574,ZONE_01,NORMAL,NONE,0
10.63,RUN_009_NORMAL,TRAIN001,-0.005227381354539377,0.022332089141237212,0.9478937489335733,26.595562934279062,26.199913425739908,25.985137213500057,140.16456775346748,4.99609412728212,0.2709043717899638,1.3534637409548902,1.1024114876136102,ZONE_01,NORMAL,NONE,0
10.64,RUN_009_NORMAL,TRAIN001,-0.008983694855010162,0.008956528326776564,1.0590056873128768,26.608483683000692,26.181693427298004,26.007873679050736,140.01076584931275,5.006206953432686,0.2699408255705158,1.351379637986476,1.094030325620508,ZONE_01,NORMAL,NONE,0
10.65,RUN_009_NORMAL,TRAIN001,-0.010443618661141917,-0.04724317711520712,1.042615481554458,26.62122592159133,26.17711259341744,25.989314340779003,139.80135885904772,4.99754147113781,0.2647001421380045,1.3228499377507505,1.0916369107261858,ZONE_01,NORMAL,NONE,0
10.66,RUN_009_NORMAL,TRAIN001,0.05782825780137199,0.03448015653954873,0.9842919141279313,26.578991472908164,26.193785871714663,26.023110735151448,139.90840150032975,5.011444738276795,0.267071303674155,1.3384130795425682,1.1056193942240762,ZONE_01,NORMAL,NONE,0
10.67,RUN_009_NORMAL,TRAIN001,-0.0027496040378867295,0.00015705466083088202,1.0359338425941813,26.597382721896587,26.256111193853005,26.01018528295205,139.94877041247358,4.989090247244129,0.27426700484357747,1.3683428390059507,1.1110676172981466,ZONE_01,NORMAL,NONE,0
10.68,RUN_009_NORMAL,TRAIN001,-0.02563384077568377,-0.012415372277291148,1.0001930210218362,26.546273097166864,26.218211790046976,25.985086283481206,139.88230817379193,5.008541900179901,0.2596123262693122,1.3002792139230255,1.0826300822153827,ZONE_01,NORMAL,NONE,0
10.69,RUN_009_NORMAL,TRAIN001,0.005329334950316212,-0.01653111054056574,1.0420545112841175,26.52272292786,26.11245503385899,25.981149665123993,139.84956934820784,5.012372683785971,0.27259234655921355,1.3663344317025208,1.0776961687881217,ZONE_01,NORMAL,NONE,0
10.700000000000001,RUN_009_NORMAL,TRAIN001,0.007190215503463531,0.03372035698490691,0.9878555070415158,26.595748889552983,26.207635762309135,26.029678777257708,140.22096260128657,5.0038652554894,0.26982796161580447,1.3501827620888514,1.0932298204429534,ZONE_01,NORMAL,NONE,0
10.71,RUN_009_NORMAL,TRAIN001,0.06454542586715842,-0.004126259710485582,0.9849064000030142,26.528283642375303,26.26425534691292,25.99726719783711,140.20667603488414,4.996101401799317,0.26751550622165765,1.3365345956370775,1.0963169404260145,ZONE_01,NORMAL,NONE,0
10.72,RUN_009_NORMAL,TRAIN001,-0.054195008332117586,0.01530358236469851,1.0298591275875049,26.437512615315164,26.197071474426043,26.012145600523034,139.85386000148483,4.981560298328295,0.2731099508610087,1.3605136882875926,1.096827153548078,ZONE_01,NORMAL,NONE,0
10.73,RUN_009_NORMAL,TRAIN001,-0.013946732815584775,0.029353818784504562,1.0363162084158608,26.550050182906705,26.274302393134796,25.98355398484547,139.74117313036913,5.0024383896093845,0.27158679017796983,1.3585961852970652,1.0841462952943555,ZONE_01,NORMAL,NONE,0
10.74,RUN_009_NORMAL,TRAIN001,0.03544210267271801,0.012224835618764291,1.0407366089568302,26.600950265627088,26.269716482723002,25.969895833743347,139.97637052548893,4.997644650840392,0.2699402219659958,1.3490653063550273,1.1167701695426966,ZONE_01,NORMAL,NONE,0
10.75,RUN_009_NORMAL,TRAIN001,0.01754887158224142,0.008650870444033908,1.0163848265715392,26.606927861241484,26.16950038577027,25.9991853551112,140.30598656917854,4.99589901955528,0.2659098262455911,1.3284586402304635,1.0949386212189847,ZONE_01,NORMAL,NONE,0
10.76,RUN_009_NORMAL,TRAIN001,0.012692405925735117,-0.021128439066480664,1.0197924840359167,26.564658490805222,26.20774250496755,25.994359170670236,140.10572346650815,4.989329421548321,0.2721488671933964,1.3578403501290595,1.10385024108901,ZONE_01,NORMAL,NONE,0
10.77,RUN_009_NORMAL,TRAIN001,-0.04220291428977337,-0.03605439684184034,0.9608421610139831,26.592412213210217,26.267438071475837,25.993872975151458,140.2921049042132,4.99944412102815,0.2658444030234543,1.3290742378038467,1.1144580689351309,ZONE_01,NORMAL,NONE,0
10.78,RUN_009_NORMAL,TRAIN001,0.01206218275855873,0.001682253258389504,1.0181716888537968,26.55447943881737,26.204479292113792,26.014883232041683,140.28432836407475,5.001309230038639,0.28030219588405864,1.401877959475041,1.10466080872847,ZONE_01,NORMAL,NONE,0
10.790000000000001,RUN_009_NORMAL,TRAIN001,-0.017548981543426125,-0.015355807413156465,0.9895718008982273,26.587731046423002,26.161755207142527,26.00308212255086,140.07058791648575,4.9888634949969095,0.27134257202006373,1.3536910521894658,1.0957400116831844,ZONE_01,NORMAL,NONE,0
10.8,RUN_009_NORMAL,TRAIN001,-0.01317086485115192,0.042443872031124145,1.019556054810019,26.50987244657937,26.255186165296195,25.998512649157732,139.93664481106165,4.981759071901561,0.27054345058301404,1.347782289285482,1.1108025997035065,ZONE_01,NORMAL,NONE,0
10.81,RUN_009_NORMAL,TRAIN001,-0.014900966746262552,0.021464335070273163,1.0745238374497388,26.62083822873901,26.219578833176858,25.990971720669215,140.1713676445227,5.000493269248279,0.265484911706304,1.327555514074347,1.1167066618568977,ZONE_01,NORMAL,NONE,0
10.82,RUN_009_NORMAL,TRAIN001,0.026371932488511208,0.012972141207271425,1.0393520029486885,26.5081495456063,26.216110724802125,25.982942910167576,140.3290178312368,4.997979072842998,0.26583369609327195,1.3286312499306787,1.1061911193721694,ZONE_01,NORMAL,NONE,0
10.83,RUN_009_NORMAL,TRAIN001,0.016942986406782795,0.04976668243388209,1.0394858624141874,26.613945354224715,26.175703542521646,25.976352939583965,140.49090076882285,5.013744705307846,0.27568654430336353,1.3822219518256058,1.0868063299102098,ZONE_01,NORMAL,NONE,0
10.84,RUN_009_NORMAL,TRAIN001,-0.01133000495807837,-0.03306166103770466,1.0302835567391222,26.531317542537682,26.199733147585032,26.000858713858264,140.20507536210232,5.004024417461213,0.27411339185839106,1.3716701060125027,1.1087683984983299,ZONE_01,NORMAL,NONE,0
10.85,RUN_009_NORMAL,TRAIN001,0.027547373298859,-0.02051076890885939,1.0287234404081427,26.61348370622145,26.22589348484698,25.974601844331556,140.05838984093245,5.015728382345125,0.2620168477350995,1.3142053398375393,1.1051094477354073,ZONE_01,NORMAL,NONE,0
10.86,RUN_009_NORMAL,TRAIN001,0.005145330663772828,-0.027901836839957905,0.9817909916401741,26.511375164761315,26.227267736506956,25.979830293273064,140.10133937791605,5.016582572293685,0.2667075287164631,1.3379603404585263,1.1016822138849336,ZONE_01,NORMAL,NONE,0
10.870000000000001,RUN_009_NORMAL,TRAIN001,-0.03475710772475885,0.0033319111267240717,1.0237117498798265,26.611966553602624,26.22143660837827,25.99630496544536,139.9655861990459,4.999265865559464,0.2783899023886458,1.3917451363279882,1.102766507225119,ZONE_01,NORMAL,NONE,0
10.88,RUN_009_NORMAL,TRAIN001,-0.04709929238929846,0.05481257903835901,1.048937973022337,26.532667249470677,26.216385480912116,25.967625026981192,139.8549267791454,4.9969006200022585,0.27142460696210774,1.3562817868128254,1.0847310536267087,ZONE_01,NORMAL,NONE,0
10.89,RUN_009_NORMAL,TRAIN001,0.01546069742244438,-0.026818072887605775,1.0490648545496732,26.521683606869836,26.187514670671657,26.002668808057457,139.82506948195416,5.001945029436799,0.2661701648933473,1.3313685332726517,1.1079145202466518,ZONE_01,NORMAL,NONE,0
10.9,RUN_009_NORMAL,TRAIN001,0.0029851553948237347,-0.006195091490419189,1.002312319458409,26.493225363422702,26.200581592110574,26.009094788256782,139.76760047414106,4.991731478981841,0.26391443593783553,1.3173899976286303,1.08951393018444,ZONE_01,NORMAL,NONE,0
10.91,RUN_009_NORMAL,TRAIN001,0.04172451248950205,-0.05078006824217351,0.9686857164957232,26.506357175178803,26.215562401471768,25.952955218785323,139.8300617122539,4.989279171982342,0.26743054974705277,1.334285671804758,1.0927946427330286,ZONE_01,NORMAL,NONE,0
10.92,RUN_009_NORMAL,TRAIN001,-0.0159770658013057,0.0352660200812535,0.9470704192491957,26.608944148661394,26.21953060508102,25.98456991370858,139.82129941526821,5.011650053415499,0.2644916642708592,1.3255396633710057,1.0987766289149883,ZONE_01,NORMAL,NONE,0
10.93,RUN_009_NORMAL,TRAIN001,0.013958528454228496,-0.003424571142645267,1.0538975912677084,26.62655990605393,26.165965579749933,25.980048899095216,139.85903573134038,4.976877424346604,0.2716392563250112,1.3519152823702487,1.1056392078444575,ZONE_01,NORMAL,NONE,0
10.94,RUN_009_NORMAL,TRAIN001,-0.019671150271177874,0.0051283423369523845,1.0130369009100193,26.70103382691354,26.227100918073482,26.026718866102478,139.6422552995007,5.010784488885212,0.2711926417003307,1.358887882531822,1.0827887810040049,ZONE_01,NORMAL,NONE,0
10.950000000000001,RUN_009_NORMAL,TRAIN001,0.011507945828279994,-0.03620405236213615,0.9842784200185599,26.602029143173873,26.187705341897118,26.011100979918453,139.68264073428895,5.001916227616454,0.2774229495590785,1.3876463533127756,1.1027555205468655,ZONE_01,NORMAL,NONE,0
10.96,RUN_009_NORMAL,TRAIN001,0.018462443420809646,0.06244877999520012,1.0104210775432028,26.558916701569288,26.30508788206637,26.029783658169436,139.82673974397855,4.995467653311736,0.2663823824044139,1.330704574713367,1.0867488612317413,ZONE_01,NORMAL,NONE,0
10.97,RUN_009_NORMAL,TRAIN001,-0.024957438752589465,-0.017734991441880527,1.0379430265835563,26.7017550670344,26.34167623302969,25.993300865878208,140.09998167145778,4.991357162909667,0.26530688350649506,1.3242414133593847,1.1060480182303363,ZONE_01,NORMAL,NONE,0
10.98,RUN_009_NORMAL,TRAIN001,-0.014981973096709365,-0.001658433715069563,0.9892108136498307,26.569859915619773,26.167152156175632,25.994437345465197,139.71421296110944,5.002076751226808,0.27691953713815076,1.3851727786792325,1.0974179865464704,ZONE_01,NORMAL,NONE,0
10.99,RUN_009_NORMAL,TRAIN001,0.0017864711610347346,0.019631792118289512,0.9480097472214665,26.52433000349627,26.267425745130705,25.970635894440743,139.82979650357717,5.010156260937404,0.27074004681839714,1.3564499406536785,1.0930187270409228,ZONE_01,NORMAL,NONE,0
11.0,RUN_009_NORMAL,TRAIN001,-0.018066609455990815,0.024876614669931695,1.055744682990656,26.62166207651739,26.28845363703543,26.022825245771664,139.86214229415765,5.017581739696382,0.2632358309912313,1.3208072988154054,1.0912636952230288,ZONE_01,NORMAL,NONE,0
11.01,RUN_009_NORMAL,TRAIN001,0.07848355252331674,0.02052304415336865,0.9743512436182318,26.49306141537848,26.203119368481616,26.023353745982764,140.19099541335382,5.012232918492929,0.26803637270725506,1.3434607306367434,1.1153185079386287,ZONE_01,NORMAL,NONE,0
11.02,RUN_009_NORMAL,TRAIN001,-0.06719098273665682,-0.04691977874286515,1.032110204986915,26.62555999070684,26.212301019499343,26.001432436209882,139.79550347452226,4.9954532387571,0.2639577362741141,1.3185885285655157,1.116122033533072,ZONE_01,NORMAL,NONE,0
11.03,RUN_009_NORMAL,TRAIN001,0.015585857760059128,0.00357657824335506,1.0052506146631197,26.52806512329819,26.300890545756307,26.03099765475888,139.927814258616,4.995349740487032,0.2694832813127583,1.3461632393712808,1.0976409546824357,ZONE_01,NORMAL,NONE,0
11.040000000000001,RUN_009_NORMAL,TRAIN001,0.004880587915851575,0.012112052629723634,0.9291706487003382,26.560195519307538,26.093488844884398,26.006352367720424,140.11191623666272,5.037469856650801,0.27166096778818405,1.3684839364615613,1.095024125649671,ZONE_01,NORMAL,NONE,0
11.05,RUN_009_NORMAL,TRAIN001,-0.06097188045776899,0.04802570511761066,0.9796676430138543,26.499695134853653,26.23572671051631,26.022908500166324,140.51529870247117,4.997216360112776,0.26556194734639776,1.3270705079028264,1.089670777163449,ZONE_01,NORMAL,NONE,0
11.06,RUN_009_NORMAL,TRAIN001,0.009471280955559788,0.05211459698877654,1.0205966416746217,26.59475972517911,26.291171035018305,25.958965565259117,140.28281167831895,4.996442563391467,0.26062870847926534,1.302216372287548,1.1019511583900408,ZONE_01,NORMAL,NONE,0
11.07,RUN_009_NORMAL,TRAIN001,-0.01908093397494283,-0.02647769418734282,1.0477465395045862,26.53973252606297,26.166238692322896,25.96630996573635,139.79549089337903,4.994233292273086,0.26890277366600257,1.3429631846273244,1.0857929725583417,ZONE_01,NORMAL,NONE,0
11.08,RUN_009_NORMAL,TRAIN001,-0.031173113083964015,0.0037956900386350383,0.9855126153071053,26.589800052192917,26.187078573306977,26.017564424252996,140.3232848008274,4.994057951048155,0.27136510217329546,1.355213046145541,1.0912612405785214,ZONE_01,NORMAL,NONE,0
11.09,RUN_009_NORMAL,TRAIN001,0.012786750049265544,-0.019427264593156416,1.0098227581676655,26.59006534470063,26.194979155452533,25.96321636452953,139.8501590666403,4.9899341273432585,0.2674458309004097,1.3345370788256286,1.1020982017735446,ZONE_01,NORMAL,NONE,0
11.1,RUN_009_NORMAL,TRAIN001,0.009009807914805315,-0.007018245943417276,1.0461113484344249,26.559975327871726,26.18145472379295,26.030805674701774,139.93829834221268,4.9945941302623815,0.27300503944574284,1.363549367547757,1.112886257448086,ZONE_01,NORMAL,NONE,0
11.11,RUN_009_NORMAL,TRAIN001,0.01911375869858074,-0.013545690191259192,1.0111879309926821,26.535873376917113,26.170837629637745,25.987314488696427,139.57120014064793,5.0007222692919395,0.2610408978302027,1.3053930309754564,1.0878985360601807,ZONE_01,NORMAL,NONE,0
11.120000000000001,RUN_009_NORMAL,TRAIN001,0.018889662381593248,-0.041716651324748395,0.9697549624177795,26.561292931452044,26.217090459702053,25.999446351410224,139.42894772749153,4.9923585369817625,0.26432439486820697,1.3196021492528314,1.106628759220816,ZONE_01,NORMAL,NONE,0
11.13,RUN_009_NORMAL,TRAIN001,-0.026734891044655117,0.059171878364746446,0.9781758804274404,26.57315032558486,26.242602089304278,26.030316972472118,140.1657664409243,5.017884638251418,0.2742539885210823,1.3761748759791197,1.075461391430293,ZONE_01,NORMAL,NONE,0
11.14,RUN_009_NORMAL,TRAIN001,-0.012056753062335735,0.0005906857822543467,1.042273936880771,26.5769978489787,26.159892650317207,26.015168145424784,140.13944858730648,4.987926521044961,0.272942788910243,1.3614185755333774,1.087309149317436,ZONE_01,NORMAL,NONE,0
11.15,RUN_009_NORMAL,TRAIN001,-0.006491583742307408,-0.0007258087516939983,0.9392464584833069,26.582643245110138,26.169928415853544,26.01921217871606,140.2757461216472,4.998203839185614,0.27040817555645236,1.3515551812134377,1.0803119280840283,ZONE_01,NORMAL,NONE,0
11.16,RUN_009_NORMAL,TRAIN001,0.024781248274042437,0.02676630391256099,1.0255070940893727,26.579477844628435,26.1462075166756,25.99622164092248,139.90623269743563,4.984470649883704,0.2611695161339933,1.3017917878142182,1.1099027076488508,ZONE_01,NORMAL,NONE,0
11.17,RUN_009_NORMAL,TRAIN001,0.022786374248157874,0.0178503403588415,0.9422665249880525,26.484374076500835,26.19607567469622,25.990230587711387,139.79799155660558,4.994665492054579,0.26143623382852915,1.3057865354760665,1.1006413017566588,ZONE_01,NORMAL,NONE,0
11.18,RUN_009_NORMAL,TRAIN001,0.009773998711963673,-0.021551640236368356,1.0547616435090446,26.58705388255481,26.187494822989386,25.979561228329157,140.00487880079683,5.010901161001298,0.2650088825012409,1.3279333170011245,1.0917837167925593,ZONE_01,NORMAL,NONE,0
11.19,RUN_009_NORMAL,TRAIN001,0.044572911927465896,-0.00905958719989131,1.0039955707107158,26.568810484881528,26.258626114468548,25.991232731431666,139.88352734906692,4.9880954132935145,0.26286496692451483,1.3111955358317238,1.097635505430494,ZONE_01,NORMAL,NONE,0
11.200000000000001,RUN_009_NORMAL,TRAIN001,0.021837172663472453,-0.017282614024895653,0.9656053013874186,26.66718311631944,26.19699922155629,25.955747867522565,139.91817922854156,4.997607800544618,0.27214043582653197,1.360051164930288,1.1179277480491459,ZONE_01,NORMAL,NONE,0
11.21,RUN_009_NORMAL,TRAIN001,0.02298875141222197,0.04474691009888341,1.056746304442626,26.53198981350094,26.18888084018645,25.992614237172596,140.02977585521293,5.000672790282142,0.26613269134302925,1.3308425082036421,1.0922668253938572,ZONE_01,NORMAL,NONE,0
11.22,RUN_009_NORMAL,TRAIN001,-0.01905995406148834,-0.02345595907890644,0.9792838779335444,26.555883831396624,26.29848022097997,26.054131799631584,139.93214137237408,5.000324642099792,0.27592719578414465,1.3797255565049524,1.1076138790355299,ZONE_01,NORMAL,NONE,0
11.23,RUN_009_NORMAL,TRAIN001,0.004191229490340979,0.035252098078933064,1.0367124801416425,26.657245100737445,26.165024239533665,25.98110028620944,140.0596020756767,4.993622030867095,0.26893205835794287,1.3429450514226589,1.1048318961440062,ZONE_01,NORMAL,NONE,0
11.24,RUN_009_NORMAL,TRAIN001,-0.010693289655573632,0.007251838756250291,1.040319990767228,26.67563967469842,26.27042944907503,25.98586899196672,139.83987319162628,5.008626413625032,0.27227745414906834,1.363736048685602,1.0967915452552077,ZONE_01,NORMAL,NONE,0
11.25,RUN_009_NORMAL,TRAIN001,-0.05638754812621673,-0.02077020154913295,1.021344438223828,26.522686074732356,26.223952365210287,25.992003745338774,140.08271070112582,5.005227311891968,0.2673034457487858,1.3379145072246554,1.096790771158046,ZONE_01,NORMAL,NONE,0
11.26,RUN_009_NORMAL,TRAIN001,0.01690484114990323,-0.030596052709564045,1.042960323795317,26.47398737491933,26.296848504160526,26.01102888651351,140.29612545869855,5.003345566851085,0.2777730786404988,1.3897947016065175,1.102083368116581,ZONE_01,NORMAL,NONE,0
11.27,RUN_009_NORMAL,TRAIN001,0.026604237488848194,0.006863787242667809,1.0382069988498173,26.556883196475162,26.21097305742404,25.977795413941223,139.93508438135615,5.000495608619911,0.26974982329418795,1.3488828068085839,1.0985166551014904,ZONE_01,NORMAL,NONE,0
11.28,RUN_009_NORMAL,TRAIN001,0.022460267766494922,0.008317687263954144,0.9772535334138868,26.575882884621834,26.246975883817434,25.983364737792208,140.20854978145164,5.004655881709275,0.2613421236892109,1.307927396459602,1.0955828261751899,ZONE_01,NORMAL,NONE,0
11.290000000000001,RUN_009_NORMAL,TRAIN001,0.04655528530652002,-0.005002126194821951,1.043902146136271,26.61665948204548,26.225188971848524,26.01140289837195,140.06420148489622,4.986951573644909,0.26636276619128224,1.328338216018026,1.104063531983346,ZONE_01,NORMAL,NONE,0
11.3,RUN_009_NORMAL,TRAIN001,0.028006668427781118,-0.006734089548388919,1.0541553817661558,26.652086224129565,26.24625379610808,25.992577619351373,139.94838760973508,5.001156455540232,0.2768453490963753,1.3845469048196266,1.0971807454823639,ZONE_01,NORMAL,NONE,0
11.31,RUN_009_NORMAL,TRAIN001,-0.008179076331349983,0.027204985913115317,0.9413550856101458,26.625604465687477,26.2935392915157,25.998171547448017,140.22214652515743,4.990570384761021,0.2761538207645997,1.3781650795464144,1.1006162122003762,ZONE_01,NORMAL,NONE,0
11.32,RUN_009_NORMAL,TRAIN001,0.007943107472421973,-0.04250715469649528,0.9813823245187103,26.65031140952888,26.253592711175646,25.98981060607838,140.0035238589766,5.003787279473593,0.26827443212635177,1.3423881908818407,1.0958245956963788,ZONE_01,NORMAL,NONE,0
11.33,RUN_009_NORMAL,TRAIN001,-0.020518816794794784,0.020116101949751813,1.0488797225040658,26.59580223847619,26.285712966747464,25.998989295090187,140.3008661094058,4.9951739328441285,0.263482528140267,1.3161410563261313,1.0997740159453104,ZONE_01,NORMAL,NONE,0
11.34,RUN_009_NORMAL,TRAIN001,-0.021570147453905928,-0.08533218407356573,0.9974412994662656,26.62194757268064,26.209618748005244,26.00619551625896,139.60646932906687,4.986840799067972,0.2751573880231085,1.3721660887586145,1.1011042239441022,ZONE_01,NORMAL,NONE,0
11.35,RUN_009_NORMAL,TRAIN001,-0.015543219715830716,-0.022145013495782455,1.0324569259888008,26.58496844098761,26.282161439810565,25.987276804699643,139.5827185947977,4.980400396084184,0.27388044528859357,1.3640342781950239,1.1018373158236887,ZONE_01,NORMAL,NONE,0
11.36,RUN_009_NORMAL,TRAIN001,-0.03191555647011689,-0.008542908149919225,0.961745037173507,26.518131652647497,26.234585081507674,25.974926691360952,139.53296436786704,4.997301024552426,0.2661479946837416,1.3300216465156356,1.0998277963284544,ZONE_01,NORMAL,NONE,0
11.370000000000001,RUN_009_NORMAL,TRAIN001,-0.008084922480991182,0.06339297212403945,1.0075848240667795,26.494235035041125,26.282402352687683,26.02569740351791,140.05694214892188,4.9966142751484295,0.2670461007926617,1.3343263593433399,1.1007313184109624,ZONE_01,NORMAL,NONE,0
11.38,RUN_009_NORMAL,TRAIN001,0.04826515438580655,0.010441205690615605,0.9505773033232542,26.606573414583377,26.256365072387712,25.98833812955104,139.85424716772704,4.996007546970932,0.2652321770607449,1.325101958295012,1.0934480626433567,ZONE_01,NORMAL,NONE,0
11.39,RUN_009_NORMAL,TRAIN001,0.05327387774740748,-0.035168892505577566,1.0473400942297826,26.541634628906223,26.18862830926369,26.001592269977174,140.14278616279944,5.005878023843556,0.2661823967298584,1.3324766101240049,1.1076463550029985,ZONE_01,NORMAL,NONE,0
11.4,RUN_009_NORMAL,TRAIN001,-0.0014703959137853978,-0.05232956713696858,1.0198964223640858,26.54236765863813,26.203362017458325,25.983327202241853,140.08183120111624,5.008452844720496,0.27398942035571106,1.372263091803881,1.0907980591343251,ZONE_01,NORMAL,NONE,0
11.41,RUN_009_NORMAL,TRAIN001,-0.02773235399010941,-0.02897765252526365,1.0049429668394332,26.63239980310922,26.21474719608019,26.005513480292862,139.56178382725705,4.997825353553932,0.26815614480670347,1.340197579226222,1.1010252091029507,ZONE_01,NORMAL,NONE,0
11.42,RUN_009_NORMAL,TRAIN001,-0.027850794748041693,0.01619441604461053,0.9923688802239772,26.64726301471147,26.228387798644448,26.005119784983975,139.76838023753623,5.000084138010159,0.268887893721586,1.3444620923002637,1.101170238176054,ZONE_01,NORMAL,NONE,0
11.43,RUN_009_NORMAL,TRAIN001,0.01565809063262913,-0.01814725163589211,0.9629809676129722,26.564403071884975,26.13895704533192,25.985814345180305,139.75407213105498,5.003329068236191,0.27237003568128143,1.362756916840684,1.1156567630655172,ZONE_01,NORMAL,NONE,0
11.44,RUN_009_NORMAL,TRAIN001,0.045814454273381745,-0.013618877888872222,0.9778418706702859,26.575850733381486,26.22758393523145,26.03236609878248,139.89936540753203,5.015114984177982,0.2704221876730588,1.3561983654533476,1.093827343462401,ZONE_01,NORMAL,NONE,0
11.450000000000001,RUN_009_NORMAL,TRAIN001,-0.011228946913476156,0.033394191648813736,1.0183842961574436,26.582452917543534,26.182432418904924,25.99753326378445,139.75335761340745,4.98552782721417,0.2608994181412525,1.3007213092471999,1.0983431994109973,ZONE_01,NORMAL,NONE,0
11.46,RUN_009_NORMAL,TRAIN001,-0.035420891158929366,0.006601221972472447,1.028991059239361,26.54808761368271,26.181006055219836,25.994631554859417,140.01392378046904,4.992896084724065,0.27132302102435407,1.3546876493680027,1.0942561320923414,ZONE_01,NORMAL,NONE,0
11.47,RUN_009_NORMAL,TRAIN001,-0.0025830555433694496,0.005046099485176578,0.9676225167332863,26.653656186392542,26.35825150852088,25.99065828993011,140.10078709508775,5.003724911787121,0.2700976544890686,1.351494362382223,1.1050295326801347,ZONE_01,NORMAL,NONE,0
11.48,RUN_009_NORMAL,TRAIN001,0.005145519012432167,-0.021650899109199456,0.9660557811684791,26.555041599217752,26.217283862004386,26.019621042045433,140.0806091490316,5.001698655382225,0.26694029332538327,1.3351549061929062,1.1088834916308343,ZONE_01,NORMAL,NONE,0
11.49,RUN_009_NORMAL,TRAIN001,0.000739182767084056,-0.031150833119670224,0.9851615413832765,26.631426112417888,26.317718532169756,26.00059565296387,140.18637543876943,5.00511009710238,0.2650818746071132,1.3267639671548892,1.1072433761964815,ZONE_01,NORMAL,NONE,0
11.5,RUN_009_NORMAL,TRAIN001,-0.027634362101771802,-0.024164574314106197,1.0192023332802715,26.62127196100042,26.245233783846768,25.992869122583485,139.57456511482206,5.015594198427059,0.27140648230667275,1.361264778072844,1.0963861255849578,ZONE_01,NORMAL,NONE,0
11.51,RUN_009_NORMAL,TRAIN001,-0.015616090629716877,-0.03008173289609517,1.0318033477843978,26.64998321242289,26.18379402448842,26.01049522906745,139.83235669982142,4.990747040499615,0.272348450869879,1.3592222251635036,1.1159916561706833,ZONE_01,NORMAL,NONE,0
11.52,RUN_009_NORMAL,TRAIN001,-0.00947435043621018,-0.0027177759314543763,0.9486679337246955,26.54564214169029,26.27216224433653,26.02626596295151,139.8860712290317,5.003396619513912,0.27840020251727926,1.3929466321469435,1.104666939452992,ZONE_01,NORMAL,NONE,0
11.53,RUN_009_NORMAL,TRAIN001,-0.05275156239704084,0.01804660021805696,1.071161164184939,26.690403157128788,26.170453397875615,26.001391832687702,139.96830189433587,4.99577976975248,0.2660172543133842,1.3289636175039055,1.099450623244241,ZONE_01,NORMAL,NONE,0
11.540000000000001,RUN_009_NORMAL,TRAIN001,0.01599295083662895,0.015897033956341258,0.9897684445384336,26.599673236518175,26.2216531716655,26.033222493733934,139.91202946883712,5.020078031945225,0.27466323783000285,1.378830886413344,1.107332319711057,ZONE_01,NORMAL,NONE,0
11.55,RUN_009_NORMAL,TRAIN001,-0.020215250778255086,0.01564798249091044,0.9619656415924236,26.5185915711136,26.298078193128525,25.99469076692456,139.96992537767406,4.9986293684850605,0.272949287966057,1.3643723269342185,1.1135400743436508,ZONE_01,NORMAL,NONE,0
11.56,RUN_009_NORMAL,TRAIN001,0.02857619519214644,0.003887714487076971,0.980611342931915,26.569158824059457,26.174615628870328,25.985487314706802,139.6627786061448,4.984351573819885,0.2608088989953513,1.2999632461737107,1.0888658771162427,ZONE_01,NORMAL,NONE,0
11.57,RUN_009_NORMAL,TRAIN001,0.03741613095306981,-0.01858283441570104,1.0982993830786463,26.644339788991157,26.152228266628597,26.03676321034101,140.02516645481919,4.9823585531198376,0.26622164965847417,1.3264117132015716,1.1052603629538555,ZONE_01,NORMAL,NONE,0
11.58,RUN_009_NORMAL,TRAIN001,-0.03150760209751173,-0.025347971046553015,0.9721667728232981,26.636032868441593,26.123064611480775,26.02393959996765,140.04197018921263,4.987648240609493,0.2714828753313753,1.3540610855021402,1.096503594467827,ZONE_01,NORMAL,NONE,0
11.59,RUN_009_NORMAL,TRAIN001,0.027105189776421602,-0.025425345618108705,1.0010628238717263,26.652512921019113,26.234414341834693,25.989054458931435,139.92985262555578,5.008550291230031,0.27102367136928823,1.3574356881668808,1.1028241269334857,ZONE_01,NORMAL,NONE,0
11.6,RUN_009_NORMAL,TRAIN001,0.06535489782928526,0.04948047814410579,0.9915083633575136,26.58498341271094,26.125901175773176,25.993826425803366,140.4156923103759,4.992795208749696,0.26493841102231325,1.3227832291659631,1.1049860773583213,ZONE_01,NORMAL,NONE,0
11.61,RUN_009_NORMAL,TRAIN001,-0.044741243040018405,-0.00043071371296295023,1.0234027683015277,26.574232802705737,26.234740982789102,25.987050817069445,139.72511856145857,4.9980005923282755,0.26556129786793903,1.3272755240434249,1.1018067254934263,ZONE_01,NORMAL,NONE,0
11.620000000000001,RUN_009_NORMAL,TRAIN001,-0.051814650912134476,-0.013744619715269975,1.0162369637034332,26.581568204279993,26.27247648009964,26.004694853875918,139.83493093634016,4.99187858692377,0.26709458917066753,1.3333037603642566,1.0972447439578943,ZONE_01,NORMAL,NONE,0
11.63,RUN_009_NORMAL,TRAIN001,-0.012496087879853499,0.0028436290170901725,1.0643530271859911,26.630767007297706,26.288664400187436,25.97391110631491,139.98418290891078,4.987526768252461,0.2681155201132079,1.3372333335485553,1.0847989280806611,ZONE_01,NORMAL,NONE,0
11.64,RUN_009_NORMAL,TRAIN001,-0.022853990675971624,0.0014816680562811113,0.9863514819214834,26.569267976290906,26.311865549837933,25.991424641808944,139.90850337047883,4.998032003308601,0.26102079472546563,1.304590285566922,1.1096673602468334,ZONE_01,NORMAL,NONE,0
11.65,RUN_009_NORMAL,TRAIN001,-0.05488840738255665,-0.039760135159801036,0.9698270238321888,26.68430383551261,26.26640263903377,26.005316363288138,140.2086392191168,4.977123337471971,0.27179514375667563,1.3527579530028995,1.0855380446625755,ZONE_01,NORMAL,NONE,0
11.66,RUN_009_NORMAL,TRAIN001,0.004632189323181545,-0.046818681460693706,0.9731304268901612,26.631860238433077,26.23323862604932,25.982082920379227,140.29964543298564,5.001735329923733,0.2689438821061171,1.345186116897009,1.1183594084561768,ZONE_01,NORMAL,NONE,0
11.67,RUN_009_NORMAL,TRAIN001,0.010805817998995654,-0.02304435773894243,1.0095601817926263,26.630153437677706,26.155340788591385,25.99425107718389,140.22995577420997,4.98691775553283,0.2695771688776462,1.3443591699622062,1.1068557194924744,ZONE_01,NORMAL,NONE,0
11.68,RUN_009_NORMAL,TRAIN001,0.0007523970564643889,0.005323971125390099,0.972458299547327,26.61499803608248,26.261648904270395,25.97780335957886,139.93540131264797,4.9951924156038965,0.2656380023810904,1.3269129347901927,1.10621686437166,ZONE_01,NORMAL,NONE,0
11.69,RUN_009_NORMAL,TRAIN001,0.0007133322549989166,0.04938604716846791,0.9954795369887864,26.54897685820831,26.266109269338695,26.01769019050839,140.1283083824908,4.999980430618759,0.2569192648189036,1.2845912963434767,1.0932324096592196,ZONE_01,NORMAL,NONE,0
11.700000000000001,RUN_009_NORMAL,TRAIN001,0.0014635419584099344,-0.0455286807484746,1.0132692022639278,26.643000014032516,26.10562528075142,25.981234834608504,140.13257189802204,4.982737554380411,0.2708789470098391,1.3497187019569468,1.0921958284369269,ZONE_01,NORMAL,NONE,0
11.71,RUN_009_NORMAL,TRAIN001,0.0016337344765877122,0.012912988879063534,1.04860914268319,26.604530564180518,26.156051680895924,26.01350446830251,140.19121486093354,5.00008766713746,0.2654095126674353,1.3270708310294066,1.1029905449073993,ZONE_01,NORMAL,NONE,0
11.72,RUN_009_NORMAL,TRAIN001,-0.027110456301048025,0.010691862406410417,1.0064062451162963,26.68100869577269,26.154354703739994,25.97853795145624,140.23635087856945,5.018659285850061,0.27722481274421873,1.3912968807468178,1.092957972093757,ZONE_01,NORMAL,NONE,0
11.73,RUN_009_NORMAL,TRAIN001,-0.024514537009534192,-0.010905366705137955,0.9828743794095018,26.65101169015847,26.35016987465044,26.031365361796002,140.15619644790138,4.990260397823873,0.2717010948176994,1.3558592135141543,1.1066163367171036,ZONE_01,NORMAL,NONE,0
11.74,RUN_009_NORMAL,TRAIN001,0.02887264410565558,0.02138769457974775,1.0106563120469256,26.61385225644475,26.305548122668814,25.960716185456157,140.22458856455498,4.997881549294287,0.26972093701218836,1.3480332945515827,1.0985030912063007,ZONE_01,NORMAL,NONE,0
11.75,RUN_009_NORMAL,TRAIN001,0.003983877800941926,-0.0246725769605786,1.0354242204281336,26.65350667269963,26.19516064726491,25.96722736069746,139.69885760500827,4.997088885257417,0.2672417865498273,1.335430961244477,1.1040601992194548,ZONE_01,NORMAL,NONE,0
11.76,RUN_009_NORMAL,TRAIN001,-0.021426802577510336,-0.032664694639140526,0.9663762939230582,26.65221055225058,26.20836334683338,26.002651211769564,140.07372973143933,5.000750388792769,0.2715089628294073,1.35774855142988,1.1065195489260877,ZONE_01,NORMAL,NONE,0
11.77,RUN_009_NORMAL,TRAIN001,0.05617251773970815,0.02893064442402487,0.9875158643560108,26.647016426635687,26.183219687513656,25.991579090426537,140.058320753252,4.9990860561123185,0.2657876578212694,1.32869537410106,1.1087373199169772,ZONE_01,NORMAL,NONE,0
11.78,RUN_009_NORMAL,TRAIN001,0.03431699683042042,-0.08719000947574343,0.9954454420073313,26.595807548938765,26.181821172541795,26.005583587565198,139.95758593359932,4.994369644968514,0.2641750946521517,1.3193880736873906,1.0700260408600477,ZONE_01,NORMAL,NONE,0
11.790000000000001,RUN_009_NORMAL,TRAIN001,-0.015675762695421182,-0.0033917520467575185,0.9299064946599771,26.567767417038972,26.19739680906063,26.00847828095288,140.14654945427168,5.007153372377235,0.26041109049118255,1.303918269957358,1.1057868283827053,ZONE_01,NORMAL,NONE,0
11.8,RUN_009_NORMAL,TRAIN001,0.0028078968117853467,-0.011715276758543775,1.0054882219632253,26.66540135698499,26.1936908351776,26.017571594431345,140.09964571654058,4.993715768953685,0.2762779069420584,1.3796533405100757,1.0830213011070522,ZONE_01,NORMAL,NONE,0
11.81,RUN_009_NORMAL,TRAIN001,0.014771371714425524,-0.01240754414702321,0.9570062929154244,26.590116614217056,26.220929455429903,25.99202033328114,139.6505666550313,5.012239724322171,0.27343462535130364,1.3705198911909544,1.1262286875968148,ZONE_01,NORMAL,NONE,0
11.82,RUN_009_NORMAL,TRAIN001,-0.01568338990597376,-0.0365779018449686,0.9822713027996238,26.691893950812535,26.290260578366567,25.999091485964627,140.5723469125363,4.9831863515456645,0.2620594731099976,1.305891189694988,1.1128065987882176,ZONE_01,NORMAL,NONE,0
11.83,RUN_009_NORMAL,TRAIN001,0.02789740238611903,0.04752114080542985,0.9571370104854969,26.543907996542902,26.230294710120628,26.00814014688218,140.51096724074893,4.995110609922393,0.276103353709102,1.3791667915474908,1.1070240127010083,ZONE_01,NORMAL,NONE,0
11.84,RUN_009_NORMAL,TRAIN001,-0.01093809469393898,0.0765943782806404,0.9775349588695603,26.65649827055592,26.24642166062485,26.001812566253484,139.75432281125305,5.022297770471737,0.2693572249585096,1.352792190369577,1.104502029144171,ZONE_01,NORMAL,NONE,0
11.85,RUN_009_NORMAL,TRAIN001,-0.04923039171737518,-0.05385626624861334,0.97097532449368,26.6142003848617,26.27242501973833,25.966096318400204,139.96031883259718,5.00070479338169,0.27146108951778103,1.3574967715681836,1.0738400785566615,ZONE_01,NORMAL,NONE,0
11.86,RUN_009_NORMAL,TRAIN001,-0.01035678867979007,-0.00930266984855195,1.0000332928447118,26.60684571061787,26.24607217667118,25.975097274064108,140.0091491686583,5.014957093429594,0.2654619092810524,1.331280084984377,1.1102202027821282,ZONE_01,NORMAL,NONE,0
11.870000000000001,RUN_009_NORMAL,TRAIN001,-0.030906929917853133,-0.03208737523469971,1.0029217869005236,26.614305766158665,26.22126308011911,25.990835131424884,140.14592440901936,5.001562997663618,0.26842415686401405,1.3425403306501074,1.0907486856187654,ZONE_01,NORMAL,NONE,0
11.88,RUN_009_NORMAL,TRAIN001,-0.013146774175030695,-0.04607526541939961,0.9885952745015679,26.53273321067249,26.21448894079312,26.004456948559465,140.14293818723746,5.0009235843854025,0.26588675441090187,1.3296793409091687,1.0888335520262784,ZONE_01,NORMAL,NONE,0
11.89,RUN_009_NORMAL,TRAIN001,-0.010270060368606818,0.013712884000102494,0.9599199758042172,26.636782923695723,26.2548300263067,25.996800097665762,140.08526148256485,5.006375221823039,0.27225520899549965,1.3630117323273225,1.093072645805639,ZONE_01,NORMAL,NONE,0
11.9,RUN_009_NORMAL,TRAIN001,-0.014596739886996618,-0.04638934304940544,1.0240474369333727,26.706929304610327,26.280746083128886,25.985449816267455,140.06707617413846,4.995340125708149,0.2703988978810074,1.3507344645322565,1.1100077690298717,ZONE_01,NORMAL,NONE,0
11.91,RUN_009_NORMAL,TRAIN001,0.028927009052763866,-0.04240630463322443,0.9775654649003606,26.658683803882305,26.236207931423884,25.99565973625152,139.75743224516285,5.001686183462444,0.2730055092640677,1.3654878836952156,1.0990922489674586,ZONE_01,NORMAL,NONE,0
11.92,RUN_009_NORMAL,TRAIN001,-0.006427519312103337,0.011866220402770314,1.0505809453072268,26.658050314058507,26.23796496970956,25.993582099576468,139.79466344421854,4.995267526087867,0.27033426445453856,1.350391972418606,1.098176995827849,ZONE_01,NORMAL,NONE,0
11.93,RUN_009_NORMAL,TRAIN001,-0.023624839498611352,0.017475581437514813,0.9666586518982228,26.616836932496785,26.244447308529264,26.02704084047666,139.93397948010468,5.002921770220217,0.2652826601269974,1.3271883956112862,1.0918682863885822,ZONE_01,NORMAL,NONE,0
11.94,RUN_009_NORMAL,TRAIN001,-0.02656336593883027,-0.00880515336747427,0.9942534297572867,26.705126093234856,26.277393332344705,26.006694424750968,140.30089652409782,4.981813180548191,0.26326682198383955,1.3115461237601262,1.0982887080237138,ZONE_01,NORMAL,NONE,0
11.950000000000001,RUN_009_NORMAL,TRAIN001,-0.008161098415183948,-0.04200393282646974,0.9853622525860253,26.577954602397558,26.222570526159362,25.980671778300927,139.58448815874314,4.997649283212601,0.27913426689317566,1.3950151688587542,1.1010681803444091,ZONE_01,NORMAL,NONE,0
11.96,RUN_009_NORMAL,TRAIN001,0.04818282187770762,-0.02909816682223096,1.0074550857407445,26.517051933708224,26.243336339657503,25.972804192018696,139.97264506345329,5.012249231993803,0.2779805734742917,1.3933079159057156,1.090842963161493,ZONE_01,NORMAL,NONE,0
11.97,RUN_009_NORMAL,TRAIN001,0.009569145216882237,-0.006205250522736465,1.0261615390460035,26.630142475170405,26.227071770700814,26.016498186014992,139.7680866620721,5.003355974972821,0.2592432089044272,1.297086058243093,1.0976068878250171,ZONE_01,NORMAL,NONE,0
11.98,RUN_009_NORMAL,TRAIN001,0.009644745899858217,0.029987700624676063,1.0031375978097667,26.5920987532684,26.22692172894111,26.004355769755033,140.05242954186627,4.996587349519071,0.2750096713541357,1.3741098448834717,1.0835098381858952,ZONE_01,NORMAL,NONE,0
11.99,RUN_009_NORMAL,TRAIN001,0.0028104007487012852,-0.007615158715080754,0.9417081723239978,26.64414694209108,26.229494392436578,25.99572419450798,139.54455761455165,4.987968092473391,0.2801097851474475,1.397178670705045,1.1022575120966072,ZONE_01,NORMAL,NONE,0
12.0,RUN_009_NORMAL,TRAIN001,-0.004409556933983267,-0.017846467112781532,0.9594335529818818,26.56072854134405,26.232520805604107,25.997112898395994,140.12152619476336,4.999320930374813,0.27122229594385866,1.3559273008964443,1.0771497452507672,ZONE_01,NORMAL,NONE,0
12.01,RUN_009_NORMAL,TRAIN001,-0.014652486194890875,-0.00585610471707453,0.9914559202456072,26.63172231615817,26.170903287001376,26.001788854067268,140.10750627661352,5.013945735901604,0.26108514848857767,1.3090667669715412,1.104346946380141,ZONE_01,NORMAL,NONE,0
12.02,RUN_009_NORMAL,TRAIN001,0.00813978197283305,0.044616351851496996,0.9496661556045836,26.69241027036398,26.220172881415564,25.991336792592506,139.79580964627817,4.992774846488331,0.2722331337006441,1.3591987423212706,1.102626155059907,ZONE_01,NORMAL,NONE,0
12.030000000000001,RUN_009_NORMAL,TRAIN001,-0.016757680075030704,-0.03438106247517577,1.02089359211587,26.68922215488951,26.31344876690002,25.993350767203534,140.48792699086013,4.999036529059662,0.2760929720637913,1.3801988527635416,1.0971145335318675,ZONE_01,NORMAL,NONE,0
12.040000000000001,RUN_009_NORMAL,TRAIN001,0.0007696518803762242,-0.03324746155514398,0.9842045782413945,26.628708596399672,26.23303655303162,25.995397706062487,140.063291424383,4.989748426013852,0.2738453462535431,1.3664193854398352,1.0912538182058058,ZONE_01,NORMAL,NONE,0
12.05,RUN_009_NORMAL,TRAIN001,0.010154663166540902,0.045046669199072006,1.0206853524233677,26.489379686554173,26.216447860678247,25.9841189233565,139.98787248582315,5.012554615765853,0.2721374987484543,1.3641040754745386,1.1101755319079958,ZONE_01,NORMAL,NONE,0
12.06,RUN_009_NORMAL,TRAIN001,0.00665365365165262,-0.011797177921256716,0.991337137047801,26.57581512155295,26.256554872352684,26.04487732994967,140.2328728628307,4.995527544055153,0.2695722178502085,1.3466554393827528,1.103342489467602,ZONE_01,NORMAL,NONE,0
12.07,RUN_009_NORMAL,TRAIN001,-0.022727904991669847,0.014725228869511837,0.995575865481241,26.640979381881777,26.235760380658,25.986305263550765,140.3922783619326,5.004910796207221,0.2663407128374722,1.3330115091497916,1.0897225647260766,ZONE_01,NORMAL,NONE,0
12.08,RUN_009_NORMAL,TRAIN001,0.009944168557492023,0.0013679305827273341,0.9226732979684111,26.64753959755362,26.22262007543595,25.951880552664086,139.5844916844961,5.024582267779763,0.27198652854901145,1.3666186884223372,1.1074972445211162,ZONE_01,NORMAL,NONE,0
12.09,RUN_009_NORMAL,TRAIN001,0.0015944796558860837,0.012759354434870154,1.041675178123773,26.657482620586975,26.1950081370308,26.005550472410366,140.12040168888444,5.004452885857644,0.27502989029335323,1.3763741281756827,1.0907691082338065,ZONE_01,NORMAL,NONE,0
12.1,RUN_009_NORMAL,TRAIN001,-0.041063472478312484,0.0485906624437623,1.0131662673103534,26.558308816854726,26.290077125631708,26.002752077236142,139.91357242175934,5.006477955677312,0.2678875598934521,1.3411731632067534,1.0913620004109885,ZONE_01,NORMAL,NONE,0
12.11,RUN_009_NORMAL,TRAIN001,0.05868728005796582,-0.02543581010673242,0.9314393913204926,26.613021967084023,26.28421933875072,25.999689647573742,139.9317785663914,5.0016504193192795,0.2714400229257305,1.3576481044865147,1.1092198573663086,ZONE_01,NORMAL,NONE,0
12.120000000000001,RUN_009_NORMAL,TRAIN001,0.010803410315077238,-0.0065788149717109804,1.046033544085862,26.680763995522504,26.228857943338323,25.977471104420907,139.78478859204705,4.9786613136649835,0.270327199785215,1.3458675716020352,1.1008991383295716,ZONE_01,NORMAL,NONE,0
12.13,RUN_009_NORMAL,TRAIN001,-0.05134964639917918,-0.008185789594794908,0.9804763582368348,26.65435802282214,26.16892361740254,25.96167526957744,139.66942169730538,4.999379062515666,0.27427529304283776,1.3712061574037118,1.0971398225752491,ZONE_01,NORMAL,NONE,0
12.14,RUN_009_NORMAL,TRAIN001,-0.03473537243003203,0.02224401773484705,1.051162666132985,26.686075117343727,26.219162695470285,25.961931397765674,140.07917199544602,5.0000708513286085,0.25606553171481167,1.280345801157191,1.0994018872672824,ZONE_01,NORMAL,NONE,0
12.15,RUN_009_NORMAL,TRAIN001,0.0067287868342653,-0.04533217594704713,0.9536443080249212,26.619382351079032,26.168131862831785,25.987386481062668,139.8499602931654,5.007315651376097,0.2701008875404797,1.3524804016320189,1.1072607062922029,ZONE_01,NORMAL,NONE,0
12.16,RUN_009_NORMAL,TRAIN001,-0.037346890346450855,0.01559340066683431,0.9385356794228955,26.63888375745673,26.21755348833217,26.006236445327065,139.96072150470204,5.01336777849566,0.2682861040305815,1.345016909365052,1.0878148991232734,ZONE_01,NORMAL,NONE,0
12.17,RUN_009_NORMAL,TRAIN001,-0.02462587841820731,-0.028955893892726174,1.0810103341913742,26.70196588145413,26.261269525747622,25.99915739785337,140.0696874657429,5.009952548263975,0.2636515862196316,1.3208819362348823,1.0854188091560988,ZONE_01,NORMAL,NONE,0
12.18,RUN_009_NORMAL,TRAIN001,-0.04997203909915181,-0.018618629491109418,0.9814778712913419,26.60025445889066,26.32905550303547,25.97057131404306,140.21219469967699,5.001043047536988,0.26423477274416207,1.3214494731497077,1.1000275190689557,ZONE_01,NORMAL,NONE,0
12.19,RUN_009_NORMAL,TRAIN001,0.014712500907333925,0.01797776661130072,1.0395618114191874,26.494994763925664,26.268377095821307,25.977431214741266,140.3605171314646,5.009632942646821,0.2620014042807698,1.3125308659046722,1.1106402516239955,ZONE_01,NORMAL,NONE,0
12.200000000000001,RUN_009_NORMAL,TRAIN001,-0.018137139091776854,0.0020705533896549005,1.016493301661255,26.731611257828853,26.145592465505434,26.00191588192929,140.1023213937235,5.017513957577443,0.2693406738184925,1.3514205902275997,1.108320548479739,ZONE_01,NORMAL,NONE,0
12.21,RUN_009_NORMAL,TRAIN001,0.09096609616819053,-0.0028539284770299407,1.0291818040798593,26.631938406412996,26.23747756679445,25.98725155260342,139.88101516137218,5.015051466865506,0.2728289585746528,1.3682512689032007,1.0944011979858201,ZONE_01,NORMAL,NONE,0
12.22,RUN_009_NORMAL,TRAIN001,0.007032240990241632,0.015832053283740048,0.9454945960191707,26.592481828502894,26.189608423629842,26.01295714245004,139.88878666584614,4.989764719956921,0.2721431281736359,1.3579301797395227,1.0733400628139216,ZONE_01,NORMAL,NONE,0
12.23,RUN_009_NORMAL,TRAIN001,-0.0006801948529773637,0.021366275606883894,1.0016343767686464,26.6309376308785,26.275976218588504,26.004648610826074,140.05930182474222,5.003784889749261,0.2687226570086059,1.344630370672936,1.1025682553400447,ZONE_01,NORMAL,NONE,0
12.24,RUN_009_NORMAL,TRAIN001,0.006890399772753476,-0.030995325591436043,1.036225296226773,26.595237893426212,26.228756488176153,25.984295346825338,140.06390973959955,4.98098176230022,0.2790104668067198,1.3897460466551423,1.1105762829485981,ZONE_01,NORMAL,NONE,0
12.25,RUN_009_NORMAL,TRAIN001,-0.011132552695709948,-0.012737154668056128,0.9349928518659943,26.599758368119076,26.27935633322282,25.997632823679485,140.29672854476615,5.0084135484111885,0.262123829793234,1.3128245404978616,1.08598283319123,ZONE_01,NORMAL,NONE,0
12.26,RUN_009_NORMAL,TRAIN001,0.00495878514892434,-0.018226322874153784,1.007601265331169,26.66787343372872,26.290727219544863,26.01555088874254,140.1401467236358,5.023077985726358,0.27509631286893116,1.3818302331264187,1.0916538947414935,ZONE_01,NORMAL,NONE,0
12.27,RUN_009_NORMAL,TRAIN001,0.029195898806169004,-0.0060509309754408335,0.9926589227186239,26.66518936567451,26.10274451176486,26.03551139985259,140.07544489014956,4.991816991438634,0.27764342944951786,1.385945188687397,1.1034917058243778,ZONE_01,NORMAL,NONE,0
12.280000000000001,RUN_009_NORMAL,TRAIN001,-0.0563054717894513,-0.040172396534308916,0.9716488699230127,26.669416573967204,26.300163101328653,26.008689802309146,140.27055166559197,5.006756422886072,0.271184029080661,1.357752379383723,1.0940314597532375,ZONE_01,NORMAL,NONE,0
12.290000000000001,RUN_009_NORMAL,TRAIN001,-0.0353781521034031,0.03142122285089218,1.066571802774724,26.57899264901234,26.17513197142747,25.97468343968412,140.02480186525608,4.985349372369343,0.2707919928889744,1.349992691791692,1.0916248915549627,ZONE_01,NORMAL,NONE,0
12.3,RUN_009_NORMAL,TRAIN001,-0.001232484799806364,0.007870005677951684,0.9782349507887513,26.613239106162055,26.262408326745074,26.03438073735743,139.90104989468983,4.990612501828481,0.26754048219274174,1.3351908751763168,1.0960509446391844,ZONE_01,NORMAL,NONE,0
12.31,RUN_009_NORMAL,TRAIN001,0.0480125270221188,-0.0194423395912778,1.0492511581739128,26.636202344873084,26.217121537454524,26.030909180305912,139.91847067216338,4.996779914557549,0.2748072019489515,1.3731511070742808,1.131025729148489,ZONE_01,NORMAL,NONE,0
12.32,RUN_009_NORMAL,TRAIN001,-0.01374252829585075,0.013699954276477471,0.9812844668244806,26.48765156655507,26.192090246854043,26.007217539871505,139.9100903814108,4.993699127300617,0.27004717302640713,1.3485343322719678,1.0961945000441538,ZONE_01,NORMAL,NONE,0
12.33,RUN_009_NORMAL,TRAIN001,0.0042066630854969925,0.03566596700938936,0.9758578874012653,26.591868116568765,26.27527850545122,25.96565412989197,139.8531988709909,4.990095956228735,0.26781639389749307,1.3364295041996421,1.1036762748374067,ZONE_01,NORMAL,NONE,0
12.34,RUN_009_NORMAL,TRAIN001,0.05929641603815168,0.05103930188215172,0.9488862640366912,26.71751876957607,26.190176168886648,26.00377528379735,140.0603008530497,5.012165276095079,0.2735101929128804,1.3708782915760056,1.1066290373615615,ZONE_01,NORMAL,NONE,0
12.35,RUN_009_NORMAL,TRAIN001,-0.01669858610069318,-0.024025351182809077,0.9875954230257635,26.632777887256218,26.264532599970327,25.997481674965748,140.11375946955226,5.0094760242796905,0.26879937382564373,1.346544018520956,1.1071714838392805,ZONE_01,NORMAL,NONE,0
12.36,RUN_009_NORMAL,TRAIN001,-0.034411656847449776,0.004946529435293059,0.9116624477941878,26.619782143766766,26.18224447273463,26.01777542171958,140.34741618275538,5.015225075444791,0.2650237469611109,1.3291537413476986,1.0796973358920399,ZONE_01,NORMAL,NONE,0
12.370000000000001,RUN_009_NORMAL,TRAIN001,-0.014720603887525165,-0.03225877016132816,1.0037788483571326,26.622756581593514,26.253302574499294,26.00945488593636,140.1179051075858,4.997134952404944,0.27251927697818723,1.3618156041918235,1.1000808000735396,ZONE_01,NORMAL,NONE,0
12.38,RUN_009_NORMAL,TRAIN001,0.026513432804074748,0.041861241068745045,1.019782759819559,26.63667949900328,26.18240094210358,26.005678621837955,140.04080380260956,4.996148185761226,0.27449785455410614,1.3714319580258463,1.0984594647922346,ZONE_01,NORMAL,NONE,0
12.39,RUN_009_NORMAL,TRAIN001,0.0344594120548256,-0.019707146814765892,0.9903249708029069,26.658519506831073,26.27199790665406,25.98446835901311,139.9623997501579,5.0091056002362,0.26780172310861877,1.3414471109762864,1.113424249165942,ZONE_01,NORMAL,NONE,0
12.4,RUN_009_NORMAL,TRAIN001,0.03510847654926323,-0.04874520187463154,0.9840513529454017,26.689943977732717,26.262263853577988,26.003001648081714,140.11209908771644,4.989484297004622,0.27428305403813985,1.368530991057769,1.0819729861573413,ZONE_01,NORMAL,NONE,0
12.41,RUN_009_NORMAL,TRAIN001,0.019758112569019187,0.007370317561638294,1.044915060368287,26.587166053873105,26.21267608556061,25.99377786792405,139.8164168179227,5.014920675734988,0.2650111481963391,1.3290098863900899,1.1005007595253493,ZONE_01,NORMAL,NONE,0
12.42,RUN_009_NORMAL,TRAIN001,-0.007968666747004072,0.03369533759956861,1.021262327239948,26.63131617856054,26.208952105279486,26.016723356835506,139.73529849488085,4.99962084791807,0.26589918788474454,1.3293951231930528,1.0887478148893892,ZONE_01,NORMAL,NONE,0
12.43,RUN_009_NORMAL,TRAIN001,0.05775572361700688,-0.0072319638570460245,1.0333458473398651,26.602294100645377,26.276566396281797,26.022093625161855,140.07798926050347,5.0167908500986504,0.26990360008398473,1.35404991131002,1.110391028653642,ZONE_01,NORMAL,NONE,0
12.44,RUN_009_NORMAL,TRAIN001,-0.0029065188706311525,-0.0018990742671225387,0.9826940441618216,26.64370176775169,26.305643186390697,26.004445036468464,139.69807250292064,5.0015379356500445,0.27008785479857417,1.3508546517334097,1.097883571874942,ZONE_01,NORMAL,NONE,0
12.450000000000001,RUN_009_NORMAL,TRAIN001,-0.0029970171559558214,0.002780003661194758,1.0208566997602386,26.664606324812656,26.305830151327868,26.026181238193,139.89736067334243,5.0072282383069044,0.26552947104584457,1.3295666655234484,1.1027257817649865,ZONE_01,NORMAL,NONE,0
12.46,RUN_009_NORMAL,TRAIN001,0.014814639988651741,0.003649635043380386,0.9672719813601902,26.690917929859094,26.19874280051467,25.98404667172744,140.24264490092187,4.999979854900237,0.2693617810006762,1.3468034786834306,1.109793090035528,ZONE_01,NORMAL,NONE,0
12.47,RUN_009_NORMAL,TRAIN001,0.04584058879985806,-0.003290499891688156,1.057968205658063,26.63066633503142,26.234853226365363,26.008557611905093,140.04270209684915,5.007175656507983,0.27150615139248496,1.3594789918446217,1.1060425361502664,ZONE_01,NORMAL,NONE,0
12.48,RUN_009_NORMAL,TRAIN001,0.02167830822487156,-0.008410941583741728,0.9933161385929115,26.757451636426318,26.3004501723522,26.0179684474965,140.01614059051596,4.987219339560298,0.2646674238693243,1.319954494872697,1.1145662045840061,ZONE_01,NORMAL,NONE,0
12.49,RUN_009_NORMAL,TRAIN001,0.02233530006480942,-0.006809437694806231,0.9821199368262121,26.625084996671728,26.282840971809605,25.99310838195218,140.11890477564427,5.000011719835244,0.26674929586329676,1.3337496055742828,1.086131965858406,ZONE_01,NORMAL,NONE,0
12.5,RUN_009_NORMAL,TRAIN001,0.012323909308951633,0.061495308954705376,1.013413354862883,26.66270478763962,26.23998163991353,26.007293436035336,139.79295171974087,5.006108926615702,0.2725880036759714,1.3646052384906342,1.099724512788765,ZONE_01,NORMAL,NONE,0
12.51,RUN_009_NORMAL,TRAIN001,-0.020285062224991646,-0.0031879917923825335,1.0079567906140643,26.629213418856995,26.157535201381155,25.98755805498365,139.9386755115015,5.000813470384138,0.2669532328294434,1.3349833226960734,1.0985167425450364,ZONE_01,NORMAL,NONE,0
12.52,RUN_009_NORMAL,TRAIN001,0.00047620890652062733,-0.005584964996748847,0.9735266692264964,26.670756261168922,26.30767650393117,26.01351745030651,139.89540700775603,5.003569485488487,0.2665439362359986,1.3336711058924315,1.1103895099154706,ZONE_01,NORMAL,NONE,0
12.530000000000001,RUN_009_NORMAL,TRAIN001,0.018514414903350915,0.0394774419375395,0.9874926852414361,26.61356366191904,26.203856453354465,25.991023873627572,139.88385994312435,5.008062865817881,0.26347360060450886,1.3194923553107725,1.1076022869445807,ZONE_01,NORMAL,NONE,0
12.540000000000001,RUN_009_NORMAL,TRAIN001,-0.03887229179314419,-0.009526135479952813,1.0432944134796678,26.570936964437138,26.22174419841124,26.008968638042735,139.90204905440285,4.984120585166093,0.2691824103436836,1.3416375925585797,1.0820067679586503,ZONE_01,NORMAL,NONE,0
12.55,RUN_009_NORMAL,TRAIN001,0.0682695533547581,0.048358431978473275,0.9846844338088245,26.683831803876817,26.2547668916416,26.00745094297856,139.9121102618459,4.988842677211607,0.2704456878953167,1.3492109896400064,1.1002942836468557,ZONE_01,NORMAL,NONE,0
12.56,RUN_009_NORMAL,TRAIN001,-0.03399825470488665,0.021733970304421285,1.0744923163652742,26.66215991103816,26.16844520772138,25.979244397455613,139.9375488412848,4.999750337988628,0.2662973577034428,1.3314203041832668,1.1088887241470105,ZONE_01,NORMAL,NONE,0
12.57,RUN_009_NORMAL,TRAIN001,-0.04451640751578639,-0.012530180902051519,1.0168028806201366,26.604318737663803,26.200322756389948,25.983463891353022,139.7470680702523,4.989529681776012,0.2730399199189161,1.362340784745177,1.1114916285681449,ZONE_01,NORMAL,NONE,0
12.58,RUN_009_NORMAL,TRAIN001,-0.03841289124489415,0.022102883947908356,0.9837679005650964,26.708085597927646,26.23604181593914,26.004158326161647,140.15225563773288,4.993273300296417,0.2760343012530704,1.3783147064129342,1.102729109608817,ZONE_01,NORMAL,NONE,0
12.59,RUN_009_NORMAL,TRAIN001,-0.007852091980694005,-0.049562145988775355,0.9180870182417837,26.706365079235102,26.294614189016265,25.96252987522734,139.9123560502968,5.007539814159939,0.27155390229022386,1.3598169774087938,1.0880690883284947,ZONE_01,NORMAL,NONE,0
12.6,RUN_009_NORMAL,TRAIN001,-0.0018326769558834111,0.012221066543666666,0.9783039980587686,26.60973552549815,26.221909064840876,26.018468564380726,140.10613407347432,4.997026819132559,0.2690260270439288,1.3443302721831933,1.1138692518758941,ZONE_01,NORMAL,NONE,0
12.61,RUN_009_NORMAL,TRAIN001,-0.013170340183120573,-0.024976721353713066,0.9515308994472436,26.621655870671642,26.256897455993247,26.00258278871306,139.45431241805343,5.004570167823553,0.26862440782315505,1.3443496977410294,1.0979642490939219,ZONE_01,NORMAL,NONE,0
12.620000000000001,RUN_009_NORMAL,TRAIN001,0.05387164980329937,0.014795525922138618,0.9531160721226434,26.598574080782416,26.20985429784404,26.00127608352946,140.0189351485135,5.002469237489491,0.26928451235551326,1.3470874891908138,1.0848172982931141,ZONE_01,NORMAL,NONE,0
12.63,RUN_009_NORMAL,TRAIN001,-0.014735482402992602,-0.03852825456583011,1.000721889499163,26.575530570825293,26.149459598672067,25.988948752315203,140.07235139109892,4.985204383564973,0.2668792139880124,1.330447427455414,1.085337595209839,ZONE_01,NORMAL,NONE,0
12.64,RUN_009_NORMAL,TRAIN001,0.036972797533585115,-0.015515507455308284,1.0788667544407062,26.6724482323793,26.319091830913692,26.033662345383714,140.16639295357047,4.989995062067903,0.26718661505312574,1.333259889765735,1.0851058071252027,ZONE_01,NORMAL,NONE,0
12.65,RUN_009_NORMAL,TRAIN001,0.023295221576758632,0.005342689085999166,1.0088393484868354,26.708139460849065,26.26210854138532,25.989786492610435,139.97348841728743,5.000674524599464,0.268404309615493,1.3422025933869028,1.0990122802067563,ZONE_01,NORMAL,NONE,0
12.66,RUN_009_NORMAL,TRAIN001,0.0030799464418829617,0.04488004940897629,1.0168620965650272,26.67341135274811,26.19985626886397,25.986846929823297,139.97167132187204,5.0048265219837464,0.2663148719757227,1.3328597344628028,1.1130956469275,ZONE_01,NORMAL,NONE,0
12.67,RUN_009_NORMAL,TRAIN001,-0.03506709590293587,-0.0037154680123026606,0.996871812678407,26.678246066709956,26.133894430769892,26.046190235562744,139.88339795827082,4.984443295710437,0.2644738960239463,1.3182551379269782,1.1117060836913013,ZONE_01,NORMAL,NONE,0
12.68,RUN_009_NORMAL,TRAIN001,-0.07509212382215986,0.021064425065957675,0.9762048767672281,26.719039510919863,26.283353903698693,25.99849478908482,139.74125305020695,4.9975760743988875,0.2700609038876118,1.3496499118992662,1.106107497097443,ZONE_01,NORMAL,NONE,0
12.69,RUN_009_NORMAL,TRAIN001,-0.004566995229647863,0.02836309714871044,1.0465191966501677,26.541000473392348,26.16421448207928,25.97867733085416,139.8649852903591,4.997803840475203,0.26784080639846936,1.3386158108542456,1.0988367095290281,ZONE_01,NORMAL,NONE,0
12.700000000000001,RUN_009_NORMAL,TRAIN001,0.017402278393420987,-0.01052640910264735,0.9553531876416919,26.62251177825447,26.17601803388532,25.965820292212026,140.25388911312695,4.999239364731402,0.2659071430688097,1.329333456992858,1.1005880555802563,ZONE_01,NORMAL,NONE,0
12.71,RUN_009_NORMAL,TRAIN001,0.020312445072212942,0.01958043058893372,1.0208737555364185,26.63869138994625,26.204889234768615,26.01481745780709,139.98265507387745,5.001350746876534,0.26841092253622323,1.3424171678963597,1.1043819840230171,ZONE_01,NORMAL,NONE,0
12.72,RUN_009_NORMAL,TRAIN001,0.008718022690792757,-0.0007118094938316796,0.9869487962162588,26.64565432178747,26.241217589624835,26.014985586028608,140.2030695510235,4.9857915297687105,0.26771318672473116,1.3347621387795539,1.097070705455824,ZONE_01,NORMAL,NONE,0
12.73,RUN_009_NORMAL,TRAIN001,-0.02031902759444249,-0.03819364746532633,0.9951798146629978,26.714031673216713,26.29152824419634,26.001706622681187,139.98851339182272,4.990296094248986,0.2785248674322157,1.3899215580982027,1.1058905958067875,ZONE_01,NORMAL,NONE,0
12.74,RUN_009_NORMAL,TRAIN001,-0.02113005268641265,0.005510252108790733,1.002886572399397,26.660877397335586,26.25733384844233,25.975148669912354,139.7374553285111,4.995633661433795,0.26973431404948667,1.3474938189093701,1.094576970583638,ZONE_01,NORMAL,NONE,0
12.75,RUN_009_NORMAL,TRAIN001,-0.05977335663405017,0.006379541047830821,1.0573627931592298,26.704995132750074,26.289221797647656,26.003656041651563,140.07239032020647,5.012529597412804,0.268235677900105,1.344539274556364,1.0936588639340017,ZONE_01,NORMAL,NONE,0
12.76,RUN_009_NORMAL,TRAIN001,0.0313177858214026,-0.011346764571990926,1.0763755734315306,26.6045362222691,26.20500216991657,25.96830955706413,140.14439951078617,5.004698172412747,0.2613723381695275,1.3080896631562806,1.0804388332677817,ZONE_01,NORMAL,NONE,0
12.77,RUN_009_NORMAL,TRAIN001,0.019448248277189446,-0.022255052770846214,0.9478235869561679,26.647601891532524,26.199780105802148,26.02049015958276,140.22097587691079,5.00753900157118,0.2658390002138662,1.3311991617096242,1.0949145042613695,ZONE_01,NORMAL,NONE,0
12.780000000000001,RUN_009_NORMAL,TRAIN001,0.026112957089431715,0.02690926127620914,0.9808199451062155,26.64880999087522,26.227306987977126,25.9900861160222,139.77301304092182,5.024476163480215,0.2740825091003931,1.3771210338017743,1.1031429489740274,ZONE_01,NORMAL,NONE,0
12.790000000000001,RUN_009_NORMAL,TRAIN001,-0.035181737812419,-0.03183864879939258,1.0060610460175683,26.60933904748969,26.227274110386222,26.019018562631555,139.69208100035314,4.984233747608094,0.26373515511404827,1.3145176605500948,1.1103527358474363,ZONE_01,NORMAL,NONE,0
12.8,RUN_009_NORMAL,TRAIN001,0.008043638069434936,0.014511409928094122,0.9910620657267462,26.66035589381357,26.25422490999339,26.024826234945714,139.99813067586257,5.008737985108151,0.26926629280789477,1.3486843088961562,1.107058448250454,ZONE_01,NORMAL,NONE,0
12.81,RUN_009_NORMAL,TRAIN001,0.011265745180983189,-0.04425848856870028,1.0155548869092648,26.684472980798365,26.186147122979914,25.99614689717546,139.88216154679495,4.9904451037246735,0.2677913151144693,1.3363978573329944,1.1005736708002263,ZONE_01,NORMAL,NONE,0
12.82,RUN_009_NORMAL,TRAIN001,-0.004954864815258946,-0.01788306460154461,1.0107585158942187,26.629089177451043,26.19433375871888,25.9914600606596,140.11430210786662,5.0057155048868465,0.27109175192038504,1.35700818583481,1.1068222184356582,ZONE_01,NORMAL,NONE,0
12.83,RUN_009_NORMAL,TRAIN001,0.03954666893782659,0.04113076783269709,0.9675103446541005,26.776287578904586,26.28852240479575,25.996319987143274,139.97166845518802,4.9866012187082,0.2735995853874835,1.3643320259312837,1.0877760640586411,ZONE_01,NORMAL,NONE,0
12.84,RUN_009_NORMAL,TRAIN001,0.023244130459924683,0.004630740366868062,0.9375671433286561,26.718587583986782,26.332853740796814,26.01328266826098,140.0315178933936,5.00066466998343,0.26633761183565763,1.3318650857943337,1.1111219741135467,ZONE_01,NORMAL,NONE,0
12.85,RUN_009_NORMAL,TRAIN001,-0.01227986611838407,-0.014270588783445448,0.9730732786880003,26.615539649808117,26.3057027556322,26.002909363286097,140.2694887878612,5.000992452349227,0.2703114908745664,1.3518257256469735,1.108380646932434,ZONE_01,NORMAL,NONE,0
12.86,RUN_009_NORMAL,TRAIN001,0.0021775187160885277,-0.03630707398171883,1.013680883928773,26.6833006217579,26.23588328791835,25.995273931233662,139.69175844737467,5.005180461076785,0.2652330139844736,1.3275390992275928,1.1208765708211643,ZONE_01,NORMAL,NONE,0
12.870000000000001,RUN_009_NORMAL,TRAIN001,-0.05521082779274375,-0.017271647392876524,1.0116777630102243,26.66279307293373,26.260437776650416,25.981844175122493,140.00515555870726,5.004062281896209,0.2731833055832146,1.36702627551269,1.1016394608204636,ZONE_01,NORMAL,NONE,0
12.88,RUN_009_NORMAL,TRAIN001,0.007644791502374584,-0.022981797610288738,1.0122527125819627,26.63220279731451,26.346431144772872,25.99454769194645,140.37641991895418,4.994203503888589,0.2795374243257321,1.3960667840355625,1.1026618397047179,ZONE_01,NORMAL,NONE,0
12.89,RUN_009_NORMAL,TRAIN001,-0.001007709630215329,-0.006195974021415001,0.9552006672864028,26.667687572950502,26.23585224085211,26.006573476852484,139.57015146463783,4.9817902396874585,0.2670775997260497,1.3305245795543883,1.0850915497278708,ZONE_01,NORMAL,NONE,0
12.9,RUN_009_NORMAL,TRAIN001,-0.025062129878224995,-0.0039011901639292566,1.0178068977049788,26.731805381040353,26.215189294592097,25.98473068731283,140.0482212564469,4.993836180826734,0.2721749337797122,1.3591970318232471,1.1021949110594327,ZONE_01,NORMAL,NONE,0
12.91,RUN_009_NORMAL,TRAIN001,-0.011776382309234095,0.04033169587541338,1.018347641022209,26.660701234992068,26.325184082109867,25.978478169397324,139.99028467346358,4.999550872997703,0.26011867327743976,1.3004765400672282,1.1031460389227608,ZONE_01,NORMAL,NONE,0
12.92,RUN_009_NORMAL,TRAIN001,-0.01232970087184427,-0.02897993550020568,1.0180891726861268,26.667419908108176,26.21292594151722,26.007310771189847,140.021447515049,4.992096033167606,0.26749905033083726,1.3353809480326744,1.081451938619965,ZONE_01,NORMAL,NONE,0
12.93,RUN_009_NORMAL,TRAIN001,0.03472382211366061,-0.03246872513651404,1.0023409317461316,26.695055102355653,26.307348130963888,26.01536244284559,140.0280759685379,4.9936349340807595,0.2685438110944458,1.3410097564124088,1.1113633869732997,ZONE_01,NORMAL,NONE,0
12.94,RUN_009_NORMAL,TRAIN001,0.020002046447214705,0.008088416796731966,0.9902401061485478,26.709600078110093,26.235578101292123,25.996871642284816,139.75529577308308,4.992308168565664,0.2703988614694682,1.3499144448848814,1.0884300827396611,ZONE_01,NORMAL,NONE,0
12.950000000000001,RUN_009_NORMAL,TRAIN001,0.01957110160212237,0.016087507494749888,1.0226780555690467,26.640420223289606,26.242847932379952,26.00122500195506,140.26433779635926,4.998509643647561,0.2713240976325288,1.3562161185701676,1.0895813134046806,ZONE_01,NORMAL,NONE,0
12.96,RUN_009_NORMAL,TRAIN001,0.0003328959844315193,0.0006645195822519974,1.0658269257513369,26.76121348178243,26.16751564664014,25.996144563080065,140.00687623335108,5.006059720518463,0.266609424246308,1.334662699830061,1.0867517528956159,ZONE_01,NORMAL,NONE,0
12.97,RUN_009_NORMAL,TRAIN001,0.0022640933134631678,0.012494473251650413,1.0323570082459972,26.691383671016666,26.272433323839692,25.987402083330256,140.1547977197538,4.999593515034985,0.2745173140802886,1.3724749832406333,1.0889964194698105,ZONE_01,NORMAL,NONE,0
12.98,RUN_009_NORMAL,TRAIN001,-0.025851235950414223,0.006810420536811761,0.9568117465392224,26.59340903829177,26.24338831261206,25.99104513607419,140.11162498669844,4.996961542319073,0.2734549288784258,1.366443763163091,1.0947346345336575,ZONE_01,NORMAL,NONE,0
12.99,RUN_009_NORMAL,TRAIN001,-0.0002584442285376931,0.045008388830349924,0.9835949115206092,26.68666020430989,26.197881499071038,26.001996894231667,140.03984377696125,4.9961183656088295,0.26665988437812227,1.3322643457126637,1.1012994062640964,ZONE_01,NORMAL,NONE,0
13.0,RUN_009_NORMAL,TRAIN001,-0.010247143560870715,-0.003044837033932662,0.9682212895737763,26.651760772885662,26.206642692896562,26.023919132004426,140.03368513696523,4.9883255302314,0.2663654428264457,1.3287175388225514,1.097329519910531,ZONE_01,NORMAL,NONE,0
13.01,RUN_009_NORMAL,TRAIN001,-0.06587200422686335,0.0008698761978394192,1.084460505214433,26.60901604782719,26.194479353048543,25.987277807354847,140.30006637675385,4.982588142253346,0.2692962594744107,1.3417923492103792,1.1045953676389704,ZONE_01,NORMAL,NONE,0
13.02,RUN_009_NORMAL,TRAIN001,0.004245664589757847,0.015423640473835277,1.0296477315359094,26.680029616315917,26.243199910645572,26.013396610848133,139.92327128393725,5.00275375003727,0.2659613165778578,1.3305389738747277,1.085186716659818,ZONE_01,NORMAL,NONE,0
13.030000000000001,RUN_009_NORMAL,TRAIN001,0.006817969740223108,-0.06683045908673377,0.9858432255420541,26.714472650461193,26.28108559370644,25.98655634314282,139.8606540116666,4.99916705237752,0.2584106918745575,1.2918382168013671,1.0975609186010569,ZONE_01,NORMAL,NONE,0
13.040000000000001,RUN_009_NORMAL,TRAIN001,0.035404846066039414,-0.04092893652839465,0.9881545803907223,26.64156627126114,26.299811533843815,25.980118573347102,140.0683277888828,4.984768355296857,0.2702976856011576,1.3473713496946291,1.092056451365483,ZONE_01,NORMAL,NONE,0
13.05,RUN_009_NORMAL,TRAIN001,-0.03780245527653998,-0.011645900251130412,1.0430555551644487,26.702250164112584,26.126401008247612,25.99306769377954,139.96543609352562,4.994243569365509,0.26547266556566446,1.3258351528436403,1.0891656826253002,ZONE_01,NORMAL,NONE,0
13.06,RUN_009_NORMAL,TRAIN001,-0.015695856101562197,-0.01311320804113208,1.0289067028584826,26.618393259933992,26.252184114277004,26.008648515985715,139.8036201226316,5.013681159683266,0.27108737553000334,1.3591456673227602,1.1038230117307495,ZONE_01,NORMAL,NONE,0
13.07,RUN_009_NORMAL,TRAIN001,-0.015215620014612333,-0.0016288361356325675,1.0098795085379348,26.69502439597658,26.215527661693844,25.986261557102182,139.8710978982176,4.987817238441106,0.2782045159937577,1.387633280685829,1.105004600568378,ZONE_01,NORMAL,NONE,0
13.08,RUN_009_NORMAL,TRAIN001,-0.0017610542122452253,-0.020307426596697292,1.0352648652890808,26.682628245052932,26.250733708207957,25.97744657515348,139.81158717112973,5.0026229753970135,0.28038308070566687,1.4026508414507641,1.089773527106491,ZONE_01,NORMAL,NONE,0
13.09,RUN_009_NORMAL,TRAIN001,-0.051521893218665314,-0.004817175777523599,0.9562092512714963,26.755282734595486,26.29786104953404,26.013861889341573,140.10762368159774,4.998911197870228,0.2620771114440177,1.3101002071029837,1.1026901744752204,ZONE_01,NORMAL,NONE,0
13.1,RUN_009_NORMAL,TRAIN001,-0.031918432309063605,0.08289778398485097,0.9659710462304716,26.67797008834126,26.242316033695833,25.98254694716672,140.10822363183738,4.9927773924311625,0.26781829541607594,1.3371571306328343,1.0748502239580833,ZONE_01,NORMAL,NONE,0
13.11,RUN_009_NORMAL,TRAIN001,-0.020977773297387897,0.011160693363227406,1.0641268809012836,26.638417980060677,26.23580931950621,25.991715519898687,140.31347192157065,4.997079520372016,0.2648971450964533,1.3237120987665012,1.110163419793026,ZONE_01,NORMAL,NONE,0
13.120000000000001,RUN_009_NORMAL,TRAIN001,-0.020427809870792894,0.0018080742777001188,1.0153465306045306,26.682939791843417,26.25882226990728,26.024350983759803,140.2256501499014,4.982496859110831,0.27357088790958234,1.363066089753655,1.1021260594844131,ZONE_01,NORMAL,NONE,0
13.13,RUN_009_NORMAL,TRAIN001,-0.008439766959435336,0.05715040492151312,1.002209777929579,26.7007387737496,26.213886689718386,25.946213444562073,139.54930489020455,4.990636638938287,0.26158156572124047,1.305458545959266,1.0908168254170731,ZONE_01,NORMAL,NONE,0
13.14,RUN_009_NORMAL,TRAIN001,0.0026047793712258294,-0.014784313811150517,1.0076336033140867,26.65256046113726,26.315281440205812,26.035086317087686,140.10025265200608,4.989514685223143,0.2661416853936025,1.3279178476214173,1.0990218775727272,ZONE_01,NORMAL,NONE,0
13.15,RUN_009_NORMAL,TRAIN001,-0.010888171568177459,-0.019451580577457113,0.9884928184511276,26.604480935820817,26.20206974050272,25.993107865351945,140.11555521864818,5.005627687055471,0.27268189466139153,1.3649440416758047,1.0835306196537495,ZONE_01,NORMAL,NONE,0
13.16,RUN_009_NORMAL,TRAIN001,0.0006594291902680635,0.010335158337263397,0.9594937102122488,26.76050262142625,26.297496690646707,25.989116524983114,140.1979649399569,5.015504461145083,0.2707473841598309,1.3579347130969934,1.1029616663584292,ZONE_01,NORMAL,NONE,0
13.17,RUN_009_NORMAL,TRAIN001,-0.0039072330286522615,0.019530220999654617,1.0722074291661998,26.70353461168913,26.121632723929224,25.979480541687433,139.81227854410824,5.024827306887775,0.26028403512972614,1.3078823272667848,1.1131278342148985,ZONE_01,NORMAL,NONE,0
13.18,RUN_009_NORMAL,TRAIN001,0.008382975184383279,-0.03064111892084496,0.9914122357847271,26.734410211744002,26.311751874051588,26.013048507559077,139.57780314592347,4.999067118623207,0.2686276257986261,1.342887531283731,1.1025628696330065,ZONE_01,NORMAL,NONE,0
13.19,RUN_009_NORMAL,TRAIN001,0.03887087149843212,-0.005906870662737144,0.9813351022525414,26.72089494480991,26.22536604349691,26.02783946581966,140.1888265603049,5.0091139918246155,0.27169898391536823,1.360971181895002,1.093969175293392,ZONE_01,NORMAL,NONE,0
13.200000000000001,RUN_009_NORMAL,TRAIN001,0.010643655771501686,-0.00042908440212133757,0.9618672201462687,26.720033162804764,26.250972175403824,26.013165895013337,140.15354688358607,4.994141282662298,0.27395471303851116,1.3681685419655318,1.1032428685821545,ZONE_01,NORMAL,NONE,0
13.21,RUN_009_NORMAL,TRAIN001,0.016206982095327838,0.037466207053944094,1.0559407027443921,26.604873401781482,26.258340609447185,26.01220839199356,140.27003625420338,5.012960287934091,0.26522768749763864,1.3295758646862559,1.0808645400358317,ZONE_01,NORMAL,NONE,0
13.22,RUN_009_NORMAL,TRAIN001,0.04042156053114772,0.006831772959377955,1.0657778690281952,26.652026194947286,26.244425775334697,25.993334063764365,139.96778798041348,5.00391363822325,0.27020912505486955,1.3521031260344334,1.0915051271268523,ZONE_01,NORMAL,NONE,0
13.23,RUN_009_NORMAL,TRAIN001,0.031559609047437584,-0.03590935300302564,1.0118655863598929,26.6799498601374,26.231644548498497,25.969865884767046,140.31793194451026,5.008425358354909,0.2654265394879606,1.3293690111518923,1.0927209832218496,ZONE_01,NORMAL,NONE,0
13.24,RUN_009_NORMAL,TRAIN001,-0.009410777632132855,-0.023630594436728252,1.0388146461430432,26.597309929461204,26.1438385998683,26.010663135661616,140.03949868917692,4.9828058290769155,0.2704286456643118,1.3474934319655085,1.1012158663431657,ZONE_01,NORMAL,NONE,0
13.25,RUN_009_NORMAL,TRAIN001,-0.017077570872017882,0.07464969105774584,0.9999811810143754,26.739096574112217,26.251966709643067,26.005834136127216,140.06883806949153,4.99702420170352,0.2773792646429038,1.386070898471316,1.0969677307827543,ZONE_01,NORMAL,NONE,0
13.26,RUN_009_NORMAL,TRAIN001,-0.014496993775573948,0.04365343760160768,0.9576985059735921,26.688068979229225,26.237646570124966,26.002486400738672,140.01560334114143,4.992423338757385,0.27169217144541447,1.35640233768176,1.103621090640515,ZONE_01,NORMAL,NONE,0
13.27,RUN_009_NORMAL,TRAIN001,-0.016664869966938774,-0.012026901318616317,1.0245397810101935,26.650171198949092,26.242893684203324,25.985423427852357,140.26804815688214,4.9955092101951815,0.26245281439549256,1.3110854515543295,1.0980712026170818,ZONE_01,NORMAL,NONE,0
13.280000000000001,RUN_009_NORMAL,TRAIN001,-0.016900107762388424,0.009212292645062964,1.0568726913407869,26.742361272026628,26.342355431922353,26.010189378771667,139.99285252017862,4.99689975009307,0.2646443662159167,1.3224013674078532,1.1048628815471002,ZONE_01,NORMAL,NONE,0
13.290000000000001,RUN_009_NORMAL,TRAIN001,0.04816187743431545,-0.004665900622023542,0.9633549487455771,26.666085045929936,26.278862990831982,26.00859620580851,139.76438382460373,4.999391829339411,0.2698093609623934,1.3488827146746771,1.0965628455546619,ZONE_01,NORMAL,NONE,0
13.3,RUN_009_NORMAL,TRAIN001,0.009328071327103105,-0.015900252132957794,0.9842580956350013,26.7011324580361,26.25953565716044,26.00335949729627,140.36356233606466,5.011342389503937,0.2627150913580578,1.3165552736850346,1.0815132054778607,ZONE_01,NORMAL,NONE,0
13.31,RUN_009_NORMAL,TRAIN001,-0.013578635717321192,-0.012739394773480182,1.0459364106421407,26.677461696840385,26.27714800398582,25.967490056980544,139.66347684092793,5.001186243048291,0.27739009944010673,1.3872795492776593,1.1103403323314667,ZONE_01,NORMAL,NONE,0
13.32,RUN_009_NORMAL,TRAIN001,-0.02216450480254692,-0.023803806525432236,1.0784186320826268,26.679854131263678,26.22543514348732,26.01550935409093,139.86356645210915,4.997901859812504,0.2654551851317603,1.3267189634668972,1.0949853182997709,ZONE_01,NORMAL,NONE,0
13.33,RUN_009_NORMAL,TRAIN001,-0.016896813314105426,0.008104859540957424,0.9853616829436648,26.71663848860171,26.33621095389744,26.00464077710447,139.74021599792016,4.999374061392804,0.2642936206790893,1.321302671814628,1.1190648543220199,ZONE_01,NORMAL,NONE,0
13.34,RUN_009_NORMAL,TRAIN001,-0.07757423928999885,-0.018408911170010155,0.9646651053115524,26.65032711345677,26.170944398001918,25.992506444821593,139.58573059775864,4.992005164733155,0.2761914638062988,1.3787492137762538,1.0931588870231026,ZONE_01,NORMAL,NONE,0
13.35,RUN_009_NORMAL,TRAIN001,0.0017363707145247747,0.015118084854169841,0.9709857268676003,26.70574961005903,26.210357072613107,26.001482964416784,140.0597333822296,4.992034559369021,0.27032792397911465,1.3494863388662217,1.0790587025978502,ZONE_01,NORMAL,NONE,0
13.36,RUN_009_NORMAL,TRAIN001,0.014307112452111024,-0.0064309991841543,1.0531920704896442,26.63883972188793,26.23031022750487,25.997592803348766,140.05955618498,5.008615056963069,0.2714295118066296,1.3594859397388201,1.083322312332521,ZONE_01,NORMAL,NONE,0
13.370000000000001,RUN_009_NORMAL,TRAIN001,-0.046743240348430956,0.01681763526685212,0.9428319537942105,26.726856540719318,26.301874054567254,25.978909011815343,139.9413944704489,4.994401846690475,0.2691022074316733,1.3440045617452323,1.0955185894887849,ZONE_01,NORMAL,NONE,0
13.38,RUN_009_NORMAL,TRAIN001,-0.02948621763398917,-0.005885822782106041,0.9586969249779622,26.731234042777253,26.18488787551702,26.02900920566319,139.8830006294416,5.018759043391721,0.27251632876574233,1.3676937894649805,1.1025918265607495,ZONE_01,NORMAL,NONE,0
13.39,RUN_009_NORMAL,TRAIN001,0.03842060169493031,-0.04304807124680407,0.9628419438607961,26.678774395626867,26.21582037419181,26.004547088807648,140.30419450986895,4.996993181548535,0.2735113572043988,1.3667343870264665,1.0967433289162534,ZONE_01,NORMAL,NONE,0
13.4,RUN_009_NORMAL,TRAIN001,0.012658845660181547,-0.0008565248792513526,1.0499072084219772,26.740244208033765,26.226976856823732,26.000196215016572,140.0047162334805,5.01184857937957,0.2716288903231618,1.3613628680845873,1.1049054741096864,ZONE_01,NORMAL,NONE,0
13.41,RUN_009_NORMAL,TRAIN001,-0.006117685250819969,-0.0019170082431160613,0.9844493177313017,26.63169521292205,26.272642725618457,26.025756502369852,140.18303885604743,4.98742986743711,0.2645888842754747,1.3196185040273638,1.0901848564183199,ZONE_01,NORMAL,NONE,0
13.42,RUN_009_NORMAL,TRAIN001,-0.02109553586181381,0.03560678061171914,0.9813932821519913,26.676922170987748,26.34181988472821,25.986479451136507,139.79800134988125,4.998761469005916,0.2658526021993252,1.3289337443089444,1.0901933871343656,ZONE_01,NORMAL,NONE,0
13.43,RUN_009_NORMAL,TRAIN001,0.05112905019978703,-0.005969972016314443,0.9831326179757295,26.70874615392116,26.28990358235907,26.003582851781584,139.95535414229005,4.994718033628399,0.26843300632630185,1.340747177519066,1.094680571365773,ZONE_01,NORMAL,NONE,0
13.44,RUN_009_NORMAL,TRAIN001,0.029400279287477654,-0.0020606588371070507,0.9741283795232566,26.73468059030986,26.281142217965414,26.006935688888394,140.05251066105976,4.992010086803852,0.26885495802927406,1.3421266623693624,1.0927612908624051,ZONE_01,NORMAL,NONE,0
13.450000000000001,RUN_009_NORMAL,TRAIN001,0.06306299758026897,0.042076072052060876,1.027433534444702,26.671537015030697,26.114625090998103,26.026135148100238,139.94925528733373,4.990420716762146,0.266734194661404,1.3311158509071377,1.1204157395940588,ZONE_01,NORMAL,NONE,0
13.46,RUN_009_NORMAL,TRAIN001,0.008958431524188527,0.00789029137996214,0.94085847941633,26.613416659065503,26.210095007349082,25.991640152673703,139.72557485733455,5.0132156157956365,0.2766443142835343,1.3868775963872901,1.1071988401025017,ZONE_01,NORMAL,NONE,0
13.47,RUN_009_NORMAL,TRAIN001,-0.04757700769016934,-0.05200400459409034,0.9961513841311257,26.718028229905553,26.247891570307655,26.020703977970744,140.27037871724812,4.9895812263779105,0.27165756977689404,1.3554575101622377,1.1091781468207424,ZONE_01,NORMAL,NONE,0
13.48,RUN_009_NORMAL,TRAIN001,0.04229267795877195,0.03291892095588367,1.043518469514989,26.68985740055146,26.259085878262944,26.012831205564137,140.03323318205238,5.000207512374634,0.2646016157911047,1.3230629870651482,1.0884176119866935,ZONE_01,NORMAL,NONE,0
13.49,RUN_009_NORMAL,TRAIN001,-0.03201714405714761,0.0016409784283367146,0.9779710932174818,26.659148822140807,26.317663827931753,25.99683270942138,139.88495703389364,4.994023536804172,0.2680508876718932,1.3386524420946861,1.1073186255827479,ZONE_01,NORMAL,NONE,0
13.5,RUN_009_NORMAL,TRAIN001,0.028652989540247475,-0.0251911451763704,0.9615005761862848,26.59801873021944,26.29125483914744,25.98863410819411,139.8899347554722,4.980878483889206,0.2673457730057405,1.3316168085230204,1.0950019757969796,ZONE_01,NORMAL,NONE,0
13.51,RUN_009_NORMAL,TRAIN001,-0.002801281838467979,-0.02315687534826533,1.006215750755455,26.64335311105392,26.271846280157565,25.9755873526033,140.4094740870123,4.994126235278159,0.27742992508978875,1.3855200673421684,1.0881381725998727,ZONE_01,NORMAL,NONE,0
13.52,RUN_009_NORMAL,TRAIN001,-0.029383495339740766,0.006964460389066636,0.9673793086348079,26.720686383752096,26.240589222066728,26.011537692594715,140.10639112005666,5.006174498473001,0.2664964363699369,1.334127663689111,1.111849743711028,ZONE_01,NORMAL,NONE,0
13.530000000000001,RUN_009_NORMAL,TRAIN001,-0.01491213471630817,0.044527501655211646,0.9175080597602299,26.749992758033045,26.231735720419962,26.02929694278237,140.06352959503857,5.009312419582733,0.2802866478622639,1.4040433861796509,1.108484714776511,ZONE_01,NORMAL,NONE,0
13.540000000000001,RUN_009_NORMAL,TRAIN001,-0.0037426643643248252,0.05231594913718521,0.9889170021168544,26.74737582413603,26.250592614743436,25.98212393177505,140.20955397103242,5.015124966000129,0.26672014269483096,1.3376348465639636,1.0966971994162207,ZONE_01,NORMAL,NONE,0
13.55,RUN_009_NORMAL,TRAIN001,-0.011923221115617019,-0.029504081240315626,1.0179201836463356,26.675172289632712,26.27439332313055,25.964564830262866,139.79170944254142,5.0110620952801375,0.2674990701750694,1.3404544510769718,1.1078915802706717,ZONE_01,NORMAL,NONE,0
13.56,RUN_009_NORMAL,TRAIN001,-0.019355425195263162,-0.03970359872780355,1.0570339648487845,26.649716508980767,26.28343578591963,26.025979954236757,140.2530405020772,5.001745351936785,0.2741864072926583,1.3714105882403,1.0895143703479706,ZONE_01,NORMAL,NONE,0
13.57,RUN_009_NORMAL,TRAIN001,-0.00961849665722357,-0.01344397859123454,0.930755056285822,26.71139752833385,26.256235920688425,25.960778818439387,140.12425804090907,5.000881576231697,0.2655481072196141,1.3279746369977672,1.1057164640626471,ZONE_01,NORMAL,NONE,0
13.58,RUN_009_NORMAL,TRAIN001,0.022431346388998543,0.012274828216401247,1.0162405855848113,26.675937314406394,26.236379547147404,25.981045675149172,139.81138724875947,5.0116497761045045,0.26762851276141547,1.3412603760599293,1.1041607913179137,ZONE_01,NORMAL,NONE,0
13.59,RUN_009_NORMAL,TRAIN001,-0.010256419026019769,-0.014109514223439408,0.9806807378240353,26.644009485169512,26.31141842243334,25.985374280296284,139.7809347414553,4.9903598301048895,0.2700707799008764,1.3477503713024326,1.0949137477197062,ZONE_01,NORMAL,NONE,0
13.6,RUN_009_NORMAL,TRAIN001,0.03077967370182061,0.033277427465980614,0.9713998529191826,26.61975483281307,26.22243539143802,25.97404026802421,140.04180899683115,4.995300852752319,0.2720196457787469,1.358819968523958,1.0829548965030755,ZONE_01,NORMAL,NONE,0
13.61,RUN_009_NORMAL,TRAIN001,0.006551748148419125,-0.07498282312298182,0.9520644694279996,26.754707037483243,26.254578854397177,26.022453075772063,139.7984948789324,5.003749167431167,0.26673863252209806,1.3346932104041762,1.1010993453954028,ZONE_01,NORMAL,NONE,0
13.620000000000001,RUN_009_NORMAL,TRAIN001,-0.041537521647588886,0.05223984283308669,0.9851152228923286,26.62578031795397,26.28080923848206,26.01520349862875,140.12098131527017,4.995228322942924,0.27044636826542495,1.350941358596503,1.0979584051106488,ZONE_01,NORMAL,NONE,0
13.63,RUN_009_NORMAL,TRAIN001,0.004046220675929882,0.023462727303030867,0.9872645060099585,26.6648852311136,26.190095299495496,25.97455017869318,139.77822399312393,4.997256853982157,0.27440252966684753,1.371259922127696,1.1162512581584594,ZONE_01,NORMAL,NONE,0
13.64,RUN_009_NORMAL,TRAIN001,0.004604223937504099,0.009975087215379902,1.1026749308392232,26.775373972156352,26.21310928377146,25.98394628142541,139.92759693644715,5.016149920190051,0.26883589040690326,1.348521130208809,1.1089204702732884,ZONE_01,NORMAL,NONE,0
13.65,RUN_009_NORMAL,TRAIN001,0.06965669494045429,0.0038149814213873975,0.9809834870442097,26.688954639342796,26.255924108478016,26.015439764460424,140.0128940297531,5.0014442839094,0.26344088763852197,1.3175849216277042,1.1043421345380209,ZONE_01,NORMAL,NONE,0
13.66,RUN_009_NORMAL,TRAIN001,0.0004661562973137443,0.019696761513599444,0.988352278427581,26.678908633491186,26.264741508695842,26.013662801030613,140.40794336705304,4.979281605438755,0.26874836431326593,1.3381737869167982,1.1088791630978805,ZONE_01,NORMAL,NONE,0
13.67,RUN_009_NORMAL,TRAIN001,-0.01677953388399351,0.05290463814797441,1.060914453645582,26.73699021308302,26.252170090574417,25.97823742945806,140.13389820782595,5.002706220370163,0.27431617827283145,1.3723232513936643,1.1055613014362573,ZONE_01,NORMAL,NONE,0
13.68,RUN_009_NORMAL,TRAIN001,0.024784676650403806,0.017914567422901796,0.9634498557121213,26.66796516159936,26.318414009210112,25.99272212474382,139.98578593922815,5.00858291941748,0.2679077759333736,1.3418383105190204,1.095108282562194,ZONE_01,NORMAL,NONE,0
13.69,RUN_009_NORMAL,TRAIN001,0.004715596036767925,-0.04424791054881207,0.964860350547233,26.7137020076734,26.158774732433933,26.00263112370107,140.19090237077546,4.999682928576009,0.2683015798786601,1.3414228286293093,1.1152558519031224,ZONE_01,NORMAL,NONE,0
13.700000000000001,RUN_009_NORMAL,TRAIN001,-0.003406683952328467,0.01284790134205056,0.9548561714254243,26.72778501891831,26.231796346838184,25.987560448242366,139.92440815770877,5.012764864000979,0.2696306507062054,1.351595052117787,1.0984930532840482,ZONE_01,NORMAL,NONE,0
13.71,RUN_009_NORMAL,TRAIN001,-0.02635972687221681,-0.01118657769283724,1.0058497960654054,26.63996718320829,26.26593451061816,26.012234178496374,139.9988841942919,4.996700359080047,0.26444596412165605,1.321357243883948,1.1013402441917015,ZONE_01,NORMAL,NONE,0
13.72,RUN_009_NORMAL,TRAIN001,0.059025074022543894,0.037205904239021786,0.9774756502978147,26.702323230173093,26.19088960196464,25.983908249123193,139.87637903931952,4.993022684295766,0.2672933222153229,1.3346016211818847,1.0996464509840824,ZONE_01,NORMAL,NONE,0
13.73,RUN_009_NORMAL,TRAIN001,-0.03604615366705067,-0.00607893844169313,0.9581446957583035,26.71650165724301,26.263328998325953,26.02760438565664,140.23657324645154,4.993656734850595,0.2726878126041625,1.3617093319224531,1.1060284565811676,ZONE_01,NORMAL,NONE,0
13.74,RUN_009_NORMAL,TRAIN001,-0.007273640756862501,0.034370973664706005,0.9060590776042863,26.732545163593503,26.289694459407833,25.995890130720255,139.90258889282697,4.9979567087885295,0.2651638134428873,1.3252772603248286,1.0812113416215305,ZONE_01,NORMAL,NONE,0
13.75,RUN_009_NORMAL,TRAIN001,0.023274278894567114,0.012160688339602313,1.0202799466071324,26.74439279502225,26.260094579356082,26.013398033158193,140.13331239602854,5.0225909723525,0.2699721554382577,1.355959710690739,1.0868294843810575,ZONE_01,NORMAL,NONE,0
13.76,RUN_009_NORMAL,TRAIN001,-0.04037420553860652,-0.0021796227416103616,0.9727788664370957,26.770716069458274,26.161324534958993,26.005907909397393,140.18489869268234,5.008618507860988,0.2732814423672925,1.3687624900957673,1.0914128088255637,ZONE_01,NORMAL,NONE,0
13.77,RUN_009_NORMAL,TRAIN001,0.035137391863649385,0.02449035009753851,0.980204381039816,26.630063222153307,26.25392114259475,25.986411278414668,140.33694309367726,5.01309891352027,0.27827973931750666,1.3950438588272966,1.0942346278667154,ZONE_01,NORMAL,NONE,0
13.780000000000001,RUN_009_NORMAL,TRAIN001,-0.015364319466205908,0.01001640394205664,1.0048169388232335,26.69587097304198,26.267020021174172,25.994560207875338,139.9248067568041,4.990559414138112,0.2612829329339003,1.3039480007068933,1.093656336061887,ZONE_01,NORMAL,NONE,0
13.790000000000001,RUN_009_NORMAL,TRAIN001,-0.03488486680334907,0.0002748960058357409,1.0047295842727628,26.695086647606917,26.29914791660578,25.97514378913979,139.73644087425237,4.9934928401112835,0.27335175345902396,1.364980023729501,1.1046134372347018,ZONE_01,NORMAL,NONE,0
13.8,RUN_009_NORMAL,TRAIN001,0.05586688158455514,0.0038869458894107223,1.0240218328267576,26.783303207772832,26.339269444909718,26.011959440277735,139.69963777171455,5.011822365122115,0.26098874061121696,1.3080292072403517,1.0837964316456072,ZONE_01,NORMAL,NONE,0
13.81,RUN_009_NORMAL,TRAIN001,0.002154714278779813,0.005078750241195743,1.0363538985383058,26.69077222188811,26.314078737899084,26.001331810253742,140.05564245848007,4.979905143521416,0.2755582722529747,1.3722540573324633,1.0905230385235658,ZONE_01,NORMAL,NONE,0
13.82,RUN_009_NORMAL,TRAIN001,0.0002684654051810795,0.029746438697382596,1.0256345504160946,26.747314473458182,26.266864927823484,26.00525294440119,139.8728675315637,4.998536893755,0.26633721047653763,1.3312963727467642,1.0997180088238103,ZONE_01,NORMAL,NONE,0
13.83,RUN_009_NORMAL,TRAIN001,-0.009252443901019322,-0.01576877274238611,0.9276258053437498,26.73700246915776,26.22493696892956,26.016049099757968,139.6373810161259,5.001560521479651,0.26406358413278425,1.3207299975589541,1.1001456917968322,ZONE_01,NORMAL,NONE,0
13.84,RUN_009_NORMAL,TRAIN001,-0.007276517485387526,-0.042204996297932534,0.995178348933447,26.713885398695183,26.286428075704098,26.003323184617056,140.2737958042762,5.005701063518033,0.26174283938213394,1.3102064094633774,1.105056778667153,ZONE_01,NORMAL,NONE,0
13.85,RUN_009_NORMAL,TRAIN001,0.008605588750277752,0.02265525299506594,0.9476870887881392,26.641355040509374,26.314370181631887,26.030725617335708,140.3465578373788,4.997364234990049,0.26745864641487826,1.336588273932562,1.1033809466292788,ZONE_01,NORMAL,NONE,0
13.86,RUN_009_NORMAL,TRAIN001,-0.0012159743993471206,0.01063190651077299,1.0093255361848468,26.700618410326513,26.327111984895794,26.009105800169543,140.0240431499628,4.9943669195306395,0.2704171761840514,1.3505625992065151,1.097216860049051,ZONE_01,NORMAL,NONE,0
13.870000000000001,RUN_009_NORMAL,TRAIN001,0.0021062828928271994,-0.028572501644250466,1.0131897269514747,26.731154676811435,26.18988013197305,26.003966144403353,140.02902342338368,4.987056917796231,0.26903730403891724,1.3417043482525302,1.080690275067208,ZONE_01,NORMAL,NONE,0
13.88,RUN_009_NORMAL,TRAIN001,0.017096162450360133,-0.04606226737476722,0.9771425656810092,26.58950289336081,26.2700697082222,26.02346360508582,139.9402824643182,4.996962560532824,0.27018244548827264,1.3500915646180989,1.0930142822173763,ZONE_01,NORMAL,NONE,0
13.89,RUN_009_NORMAL,TRAIN001,-0.03626476041161421,0.03423787520177556,0.9909803082656443,26.64510841098702,26.269624461870976,26.015238667026722,139.98375896274752,4.985191400990314,0.2648216464515161,1.3201865946861953,1.0860296895778738,ZONE_01,NORMAL,NONE,0
13.9,RUN_009_NORMAL,TRAIN001,0.030078173311967906,0.00472735952116734,1.0048765012467542,26.73945761861992,26.303728703417462,25.993497987732972,139.6713286545351,5.004884220389935,0.2657617901760574,1.3301069900347307,1.1060845597798927,ZONE_01,NORMAL,NONE,0
13.91,RUN_009_NORMAL,TRAIN001,-0.061729866947310405,0.0027090974551217564,0.9991454788548695,26.70403591099338,26.29335056276936,25.94978459361881,140.2964507254186,5.0015132420393575,0.2778947102655529,1.3898940732858533,1.0836060746637155,ZONE_01,NORMAL,NONE,0
13.92,RUN_009_NORMAL,TRAIN001,-0.020084658128821552,0.012991395994716059,0.9812605932543249,26.734676885629725,26.25151851411305,26.024645861540087,140.04335114374916,4.999540655479178,0.2729555283504471,1.3646522611258598,1.09468607344594,ZONE_01,NORMAL,NONE,0
13.93,RUN_009_NORMAL,TRAIN001,-0.06127321801942151,-0.009742669754322364,1.0330506302923301,26.755390419531995,26.21999950576188,25.993601365536495,140.14750728217984,5.021277335859464,0.26462308852651245,1.3287459169633096,1.1028129154774893,ZONE_01,NORMAL,NONE,0
13.94,RUN_009_NORMAL,TRAIN001,-0.010442737753256683,-0.012149507297122848,0.9939251644418113,26.648064073494204,26.29106571645766,25.99589560701759,140.27224068487214,4.9946009333000925,0.27408370993887177,1.3689387534630408,1.097609986416776,ZONE_01,NORMAL,NONE,0
13.950000000000001,RUN_009_NORMAL,TRAIN001,-0.028418670350087258,0.04998997407617018,0.9759427572936802,26.69031793853473,26.28868050190894,25.992171413669453,140.4748467409338,4.998915744598436,0.2764469966424794,1.3819352440630412,1.104519086015291,ZONE_01,NORMAL,NONE,0
13.96,RUN_009_NORMAL,TRAIN001,0.030841479281059674,-0.07432100441921559,0.997600990387386,26.780401014125967,26.249177234659744,26.02588272010833,140.04898292710246,5.004007487234875,0.2658430626777718,1.3302806760690202,1.0987761287109734,ZONE_01,NORMAL,NONE,0
13.97,RUN_009_NORMAL,TRAIN001,-0.05908306939043117,0.0523714014699881,1.0032023009942208,26.68239883482217,26.224409963567958,26.038303461707763,139.7547766021434,5.008867203885407,0.2710402483226055,1.3576046107560553,1.0813963922724277,ZONE_01,NORMAL,NONE,0
13.98,RUN_009_NORMAL,TRAIN001,0.049949822878217746,-0.011246574829342503,0.9805682636391494,26.751514432900127,26.232126986906508,25.98980832968024,140.17228543248277,5.012152798647796,0.2727428427444549,1.3670288025727755,1.1065172042845899,ZONE_01,NORMAL,NONE,0
13.99,RUN_009_NORMAL,TRAIN001,-0.009489470855616475,0.010709497279905219,1.034469536915063,26.71569005442737,26.361187464366246,25.9834938852021,140.27742527993982,4.992495638882026,0.2697978129105323,1.3469644043357414,1.1134741634862069,ZONE_01,NORMAL,NONE,0
14.0,RUN_009_NORMAL,TRAIN001,-0.01914927237688258,0.016551827084370446,1.0321311557495279,26.737662881444034,26.322776559262532,26.009550851769717,140.18839374266113,5.012599881371526,0.27196452727062487,1.3632493571339972,1.0975082786740278,ZONE_01,NORMAL,NONE,0
14.01,RUN_009_NORMAL,TRAIN001,-0.013317511049085106,-0.007587404440087217,0.9886391239254361,26.70979008843502,26.29722722966511,26.006927805481116,140.40053596860145,4.9865248045434125,0.2725390754224216,1.3590228598012333,1.1039725857597025,ZONE_01,NORMAL,NONE,0
14.02,RUN_009_NORMAL,TRAIN001,0.023779017051655815,-0.018643643280497647,1.0067537054242275,26.702824324759444,26.266466972956795,25.980757016621766,139.77416159495854,4.988137390546906,0.2671539081401958,1.332600398224844,1.1017805349785321,ZONE_01,NORMAL,NONE,0
14.030000000000001,RUN_009_NORMAL,TRAIN001,0.04515942871542483,5.0745763170608234e-05,1.0565278685183779,26.670695249440495,26.21545356295041,26.009547475768922,139.97865674226648,4.991994536259308,0.275935741738757,1.3774697151185344,1.1052046829181443,ZONE_01,NORMAL,NONE,0
14.040000000000001,RUN_009_NORMAL,TRAIN001,0.03117358252696807,0.003794883952495886,0.9394173093724996,26.666151458670758,26.256696597682996,26.00955609824829,139.6751127697394,4.99327407036761,0.26999618471042913,1.3481649482127696,1.0971306425897744,ZONE_01,NORMAL,NONE,0
14.05,RUN_009_NORMAL,TRAIN001,0.013343197760429115,-0.026739698677124595,0.9580770912699041,26.69267671960351,26.196636704350965,26.00498900908588,139.98164974836325,5.005816067526441,0.26420387845585214,1.3225560198771074,1.0997375931058349,ZONE_01,NORMAL,NONE,0
14.06,RUN_009_NORMAL,TRAIN001,-0.0012377484745860774,-0.035243374798550185,1.0080458136465054,26.74540002141675,26.27332654947703,26.013909117651934,139.7963648737156,4.988370742529426,0.27494676075860075,1.3715363771214417,1.09355292315484,ZONE_01,NORMAL,NONE,0
14.07,RUN_009_NORMAL,TRAIN001,0.030777706053336417,0.018422863663547753,0.9748586927942476,26.62010210194583,26.24454131639806,25.981349189937443,140.11317159292224,5.005964926209505,0.26995031742735864,1.3513618208604798,1.1050102653408596,ZONE_01,NORMAL,NONE,0
14.08,RUN_009_NORMAL,TRAIN001,-0.03626327597333679,-0.013041185518332757,1.025168917987183,26.66839769763024,26.27227177838996,26.008293788434543,140.05409508396207,5.006906299372918,0.262542674937522,1.3145265729988953,1.1116137580748817,ZONE_01,NORMAL,NONE,0
14.09,RUN_009_NORMAL,TRAIN001,0.019310494157961502,0.010846769700096579,0.9731184457342168,26.752979528746682,26.30495972895913,25.980996486402876,140.19437437167886,5.008837116903254,0.26622013080088447,1.3334532724223094,1.113267308584858,ZONE_01,NORMAL,NONE,0
14.1,RUN_009_NORMAL,TRAIN001,0.03383983386672645,-0.046989164151157954,0.9301832848138551,26.730538364015263,26.274202013525617,26.012718818641243,140.23563894845046,5.012772449629934,0.26530759441798785,1.329926599976082,1.112780798182005,ZONE_01,NORMAL,NONE,0
14.11,RUN_009_NORMAL,TRAIN001,-0.02417909643120337,0.06290579253643608,1.007249688002308,26.7457122246929,26.245548737663345,26.023493957251485,140.32662405415468,4.993083804922119,0.2636352043228049,1.3163526691115308,1.0956358902042824,ZONE_01,NORMAL,NONE,0
14.120000000000001,RUN_009_NORMAL,TRAIN001,-0.017058127850861214,-0.021907279897773625,0.9849492151313054,26.740250096006577,26.266305704605745,25.99932504801689,139.7055925592629,5.006971001373558,0.27119635739571535,1.3578722971584862,1.0898898218107238,ZONE_01,NORMAL,NONE,0
14.13,RUN_009_NORMAL,TRAIN001,0.01733986714341537,-0.034845662212843166,0.989240107386934,26.69948229961051,26.378375580782112,26.055067753885247,139.565998555311,4.99064859946679,0.2697670575790413,1.3463125880891194,1.099161763703222,ZONE_01,NORMAL,NONE,0
14.14,RUN_009_NORMAL,TRAIN001,-0.02099774805103264,0.016710440375837618,0.9709262274546334,26.703668221451036,26.208029411679888,25.973928462214452,139.9900036045315,5.003092487110228,0.27065472868976465,1.3541106397086187,1.1091602937530578,ZONE_01,NORMAL,NONE,0
14.15,RUN_009_NORMAL,TRAIN001,-0.00991681803037723,-0.0051737546292976635,1.0221650236183553,26.75620883643311,26.229854571267737,26.000039370214694,139.47847858118564,5.0106788767394645,0.2812751977653778,1.409379691993694,1.1104265546322587,ZONE_01,NORMAL,NONE,0
14.16,RUN_009_NORMAL,TRAIN001,-0.028423870991322164,-0.0023540655058698428,1.0508799479690372,26.77307887584411,26.24208956814055,26.00459841555874,139.96923388596565,5.007726654809394,0.2701323441034548,1.352748939893014,1.0997608401338324,ZONE_01,NORMAL,NONE,0
14.17,RUN_009_NORMAL,TRAIN001,0.023839396505690155,-0.025939961226014725,1.052990803998609,26.8021602938106,26.227315258803642,25.99130260646616,140.1977157320521,4.995931290514909,0.26416136437331833,1.3197320260177712,1.1209834888898849,ZONE_01,NORMAL,NONE,0
14.18,RUN_009_NORMAL,TRAIN001,-0.02975977552921959,0.025093842516455474,1.0532255454889863,26.775556197735508,26.32927185635905,26.03080321702119,140.3507003210756,5.001671993483097,0.26975618501292664,1.349231955648,1.1205469344729972,ZONE_01,NORMAL,NONE,0
14.19,RUN_009_NORMAL,TRAIN001,0.00390962603888165,0.0475263232801856,1.0007508909065137,26.658665289768372,26.251480605415082,25.996059422410934,140.01397079096589,4.993035617848672,0.26284386607378735,1.3123887852394662,1.109757074997161,ZONE_01,NORMAL,NONE,0
14.200000000000001,RUN_009_NORMAL,TRAIN001,0.0201514117628593,-0.04129625500433393,0.9849369631480123,26.68404064694857,26.28920222424088,26.012252936933876,140.0001515395624,4.996708269293946,0.2734278965118757,1.3662394315565387,1.1117261978668866,ZONE_01,NORMAL,NONE,0
14.21,RUN_009_NORMAL,TRAIN001,-0.019122010992678337,0.0247540724899866,1.06725672890681,26.685434345484534,26.319731883695788,25.99742257158749,140.0095960224348,5.003098303289788,0.27232510329101284,1.3624692622184826,1.1072544323774365,ZONE_01,NORMAL,NONE,0
14.22,RUN_009_NORMAL,TRAIN001,-0.07113054056563461,-0.008004867452710736,0.9888187626167069,26.75600672161917,26.274743542658154,25.98665122322286,139.96131799973037,5.004331711122019,0.27301386700660235,1.3662519522371896,1.0933371621093568,ZONE_01,NORMAL,NONE,0
14.23,RUN_009_NORMAL,TRAIN001,-0.006258925095990857,0.010826170247499623,1.1031960858323406,26.73085029979335,26.273290374014874,25.99355265119804,139.89264807518677,5.018698151237365,0.27007251246575664,1.3554124190119232,1.111660705824772,ZONE_01,NORMAL,NONE,0
14.24,RUN_009_NORMAL,TRAIN001,-0.01583582476559401,-0.002788545731809029,1.0404135840828093,26.65618358049274,26.251651888835603,25.97558291296295,140.38147937235033,4.995764257516245,0.27735714831491176,1.3856109281182682,1.0991492854470086,ZONE_01,NORMAL,NONE,0
14.25,RUN_009_NORMAL,TRAIN001,0.0088133619995355,-0.04293639034594472,0.9678741012865346,26.659031819700072,26.349384285571766,26.026045482252638,139.94116525601856,5.005336087948131,0.2689365561564203,1.3461178498982198,1.101250755058224,ZONE_01,NORMAL,NONE,0
14.26,RUN_009_NORMAL,TRAIN001,-0.02287708726554051,0.010198738750769282,0.9852367977013118,26.68936728686818,26.279952981552015,25.971549338487513,139.65564983646627,5.00121825902118,0.2639443468692495,1.3200432869279104,1.0849132402051096,ZONE_01,NORMAL,NONE,0
14.27,RUN_009_NORMAL,TRAIN001,0.04086267305667768,-0.008758372846981747,0.9641204616322414,26.69570985340769,26.27435667644723,26.027113532821332,140.10689894946853,4.986933526346401,0.27005732201999383,1.3467579132168332,1.1039214828915178,ZONE_01,NORMAL,NONE,0
14.280000000000001,RUN_009_NORMAL,TRAIN001,-0.007803419516974062,0.026315547216902803,0.9602465779982484,26.72069888480857,26.270094631587,26.0298705137384,140.16297325884287,4.9973059826981405,0.26570477997459846,1.327808086598554,1.0943969045876403,ZONE_01,NORMAL,NONE,0
14.290000000000001,RUN_009_NORMAL,TRAIN001,0.006237811585561842,-0.016271111942583794,0.9236482279372542,26.71286936144888,26.275247747363366,25.960189225641685,139.83793534552794,5.00059269970918,0.2670434798665618,1.3353756759256643,1.095461270165175,ZONE_01,NORMAL,NONE,0
14.3,RUN_009_NORMAL,TRAIN001,-0.012041134161046622,-0.04834996908926363,0.948400922221597,26.758109431984234,26.310986621009416,25.99537538738074,139.74134821507923,4.985762574312771,0.26491217818674,1.3207892234831244,1.1172285365372927,ZONE_01,NORMAL,NONE,0
14.31,RUN_009_NORMAL,TRAIN001,0.021217233361905227,0.0019390358978441447,1.0256857939078496,26.733260133609253,26.241401359028398,26.031219654722086,139.78109176059544,4.973886454601463,0.2788518540049357,1.3869774594756543,1.0929962373029691,ZONE_01,NORMAL,NONE,0
14.32,RUN_009_NORMAL,TRAIN001,-0.019061494338364873,0.019275486904190366,1.0055179831427208,26.73063080312423,26.247772088459403,25.966896949262676,140.39928247180615,4.985460680487805,0.2642246595151929,1.3172816508282723,1.114218894230423,ZONE_01,NORMAL,NONE,0
14.33,RUN_009_NORMAL,TRAIN001,-0.021419829360678554,0.02011236047791618,1.0575629922738048,26.81534974329185,26.231353309278738,26.01402239162431,140.41318875515384,4.981295219661001,0.2758736154999359,1.3742079221204275,1.0917420008018697,ZONE_01,NORMAL,NONE,0
14.34,RUN_009_NORMAL,TRAIN001,-0.027064373470167873,0.0006272556016005472,0.9492702181384265,26.771328977045627,26.2840047217802,25.989343551969657,139.65649908854962,4.992318993446996,0.27429133162632374,1.3693498246159648,1.0988187430067446,ZONE_01,NORMAL,NONE,0
14.35,RUN_009_NORMAL,TRAIN001,-0.023520785186459364,-0.033624979083530154,1.0583821222520653,26.716524676899407,26.24571193703642,25.995467803927,140.08529203478923,4.997562488461924,0.2697641946093485,1.3481634197098222,1.095190113856525,ZONE_01,NORMAL,NONE,0
14.36,RUN_009_NORMAL,TRAIN001,-0.03809291168578325,0.022438518132362202,1.0690718649340687,26.736898054986504,26.23869141336613,25.982497530632827,140.01715056163712,4.996619003756604,0.26885912469709927,1.3433866117948927,1.1005354666900027,ZONE_01,NORMAL,NONE,0
14.370000000000001,RUN_009_NORMAL,TRAIN001,0.01211579535125769,0.039247859913838466,1.0055707341868272,26.624033383977185,26.30939071245535,26.00669948463341,139.64028529029315,4.994788768015077,0.27415286045679277,1.3693356281287934,1.090309916283058,ZONE_01,NORMAL,NONE,0
14.38,RUN_009_NORMAL,TRAIN001,-0.011824089502059506,-0.010101245393281054,0.9673065485668274,26.773807051996787,26.234681822013506,25.988696534398358,140.2590654496965,4.983344763548876,0.27690254344824966,1.3799008399062003,1.0995019568447169,ZONE_01,NORMAL,NONE,0
14.39,RUN_009_NORMAL,TRAIN001,-0.023403316716569315,0.0026406574617678846,0.9617841347279096,26.79103255112972,26.30912768790038,25.992009816376584,140.20860207949138,5.002493254662886,0.2722289270068896,1.3618233710760803,1.1087977432853746,ZONE_01,NORMAL,NONE,0
14.4,RUN_009_NORMAL,TRAIN001,0.01789561209716533,0.012018024848219112,1.0634280810282613,26.75763800386249,26.276571123342386,25.99487842876363,139.80237673901112,5.017549484138866,0.26262021703870664,1.3177099345269994,1.083577596329153,ZONE_01,NORMAL,NONE,0
14.41,RUN_009_NORMAL,TRAIN001,0.01978088385826149,0.022322494244621117,0.9711661656562549,26.804512328294795,26.245520418860192,25.999959902527745,140.091491704274,4.9938319338611254,0.2695390939182503,1.3460329346329516,1.1233764816118401,ZONE_01,NORMAL,NONE,0
14.42,RUN_009_NORMAL,TRAIN001,-0.01706997032319008,0.0319037547345038,0.9344375371667792,26.668205097333015,26.243929532561467,26.011734157833175,140.0859478105448,4.998181829775675,0.26665647897711114,1.332797568015356,1.0908625784720123,ZONE_01,NORMAL,NONE,0
14.43,RUN_009_NORMAL,TRAIN001,-0.02387142624483114,-0.03176158199528689,0.9107133325282764,26.69921110720745,26.21920089551643,25.97340771342335,140.0206259635232,4.996765573683146,0.273139129952994,1.3648122013748876,1.102695248450453,ZONE_01,NORMAL,NONE,0
14.44,RUN_009_NORMAL,TRAIN001,-0.004626429118243965,0.011061302715559765,0.9561128880504735,26.715493166249214,26.205410412036706,26.025583871789994,140.02630932151808,4.999446753787402,0.2674072452432091,1.3368882841703933,1.1121596198524029,ZONE_01,NORMAL,NONE,0
14.450000000000001,RUN_009_NORMAL,TRAIN001,-0.02175438682884804,0.05202283912973462,1.010631277202587,26.74188827981703,26.302836980521207,25.97754936539119,140.0618968584819,4.993252839319866,0.2596459982966206,1.296478118212642,1.10414518703649,ZONE_01,NORMAL,NONE,0
14.46,RUN_009_NORMAL,TRAIN001,-0.04172132332021257,-0.028251977335770444,1.0360420199007565,26.783906160541907,26.272746422114334,26.008904144889247,139.99967332139238,4.990928083725171,0.27316263841613553,1.363335083495555,1.0972278683514967,ZONE_01,NORMAL,NONE,0
14.47,RUN_009_NORMAL,TRAIN001,0.035100635580886906,0.02580680534210443,0.9699588878669527,26.786105768208703,26.34387752129686,26.02495698328884,139.7327825413155,5.011035147615403,0.2635469984392636,1.3206432722276917,1.1006530953424616,ZONE_01,NORMAL,NONE,0
14.48,RUN_009_NORMAL,TRAIN001,-0.01875980052702356,0.0004924697636099171,0.984790168336916,26.76095899733663,26.287466871980367,26.017223181481913,139.87258857036784,4.994074875739056,0.27268387381081977,1.3618036832178142,1.1052042626613672,ZONE_01,NORMAL,NONE,0
14.49,RUN_009_NORMAL,TRAIN001,-0.022415011349893103,-0.00030226019451446584,1.0393144278594184,26.713519360972263,26.278212118746684,26.016689501189965,139.7458056420943,4.999977936539899,0.2677013373056629,1.33850078011054,1.1005526157154748,ZONE_01,NORMAL,NONE,0
14.5,RUN_009_NORMAL,TRAIN001,-0.002394042548944591,-0.00025644459973068155,0.960187336482893,26.720411015302275,26.305475884583696,26.000389092124063,140.02330636669143,4.998247767325203,0.2709142547537557,1.3540965689595306,1.0857395367306444,ZONE_01,NORMAL,NONE,0
14.51,RUN_009_NORMAL,TRAIN001,-0.019084726447502108,0.013487106629052639,1.0149978471446832,26.695527073542788,26.35331318067366,26.006671917694653,139.7048983397313,5.018278134027201,0.2667592514112483,1.3386721184065322,1.1107781609079184,ZONE_01,NORMAL,NONE,0
14.52,RUN_009_NORMAL,TRAIN001,0.02918588623799491,-0.04654951816846285,0.9895573422307985,26.711697675096076,26.346384350289274,26.009687067204304,140.2657483771134,5.004971611704708,0.26046627033233255,1.3036262888199286,1.0968846732417494,ZONE_01,NORMAL,NONE,0
14.530000000000001,RUN_009_NORMAL,TRAIN001,-0.05590976953804565,-0.04960721796575622,0.9865570165159312,26.688372477866835,26.240275374808988,25.98266586411139,140.06209026968548,4.992324872407733,0.2653969748011249,1.3249479183614241,1.095060500837399,ZONE_01,NORMAL,NONE,0
14.540000000000001,RUN_009_NORMAL,TRAIN001,-0.029414801485889736,-0.02399250033994363,1.0079691246856688,26.761593829906435,26.35957580887983,25.99851558477259,140.2710234090896,4.9883839094862825,0.26598610122052835,1.3268407874754733,1.0846714607261512,ZONE_01,NORMAL,NONE,0
14.55,RUN_009_NORMAL,TRAIN001,0.04515686647115846,-0.042532844457952176,0.9937421755666466,26.65306251453254,26.37665760612491,25.995370503598167,140.22731265832005,5.000717400602868,0.269215725563409,1.3462717633408658,1.0982219261165345,ZONE_01,NORMAL,NONE,0
14.56,RUN_009_NORMAL,TRAIN001,-0.0015847071389270657,0.015952110665603758,1.0234181803281788,26.759052556095856,26.259494304044505,26.015139882515076,140.05930797539423,5.018360972387571,0.26429851719971403,1.32634536377495,1.1119377415421825,ZONE_01,NORMAL,NONE,0
14.57,RUN_009_NORMAL,TRAIN001,0.004330524594608482,0.011305817589197733,1.086714767749125,26.723206349991806,26.25105971103515,25.980312010452845,139.87515218737613,4.992928208350055,0.2839962412176456,1.417972843840969,1.099939486855461,ZONE_01,NORMAL,NONE,0
14.58,RUN_009_NORMAL,TRAIN001,-0.016711354731828137,0.021437421101064145,0.996131926696401,26.715096494109357,26.190391843561287,25.981663728415754,139.57350466295122,4.995903914849292,0.2732516439022396,1.3651389575102033,1.101663666300799,ZONE_01,NORMAL,NONE,0
14.59,RUN_009_NORMAL,TRAIN001,0.009912038335714123,-0.031742678572972215,1.0405053386221723,26.768644220451243,26.34093791517656,25.99435219622522,140.49962410304602,5.004650036164271,0.2670591570236978,1.336537619856649,1.1038205434590118,ZONE_01,NORMAL,NONE,0
14.6,RUN_009_NORMAL,TRAIN001,0.031905116614884946,0.016281274956734156,0.9620344043705306,26.7296658220321,26.28493393180896,26.011436867946983,140.06759138545422,4.996124160553808,0.27057987641947157,1.3518506579389853,1.105028231614623,ZONE_01,NORMAL,NONE,0
14.61,RUN_009_NORMAL,TRAIN001,-0.07638107190463696,-0.0516343211066524,0.9757768964648076,26.6925043435605,26.30972360003023,25.985226069977003,140.19817547324993,4.990789832080854,0.2672183485335652,1.333630616806755,1.0902197943026883,ZONE_01,NORMAL,NONE,0
14.620000000000001,RUN_009_NORMAL,TRAIN001,0.01906033088710071,0.0017879456355609374,1.0739170877464992,26.728770059275508,26.308897193740734,26.010744976631972,139.95072966975619,5.005241803249677,0.27275958589868243,1.3652276815771565,1.106015670426816,ZONE_01,NORMAL,NONE,0
14.63,RUN_009_NORMAL,TRAIN001,-0.027377950620112827,-0.024002588717682925,1.0300322238917015,26.79142914641308,26.227028068269032,26.00864926120414,139.80993710716209,5.028224474676139,0.2659255413350906,1.337133315382604,1.1026948125003957,ZONE_01,NORMAL,NONE,0
14.64,RUN_009_NORMAL,TRAIN001,0.029256872978856485,-0.03060513080446635,1.0346364877988548,26.722688326892918,26.2176476871288,26.007550571158728,140.1398840724641,5.014463862120291,0.27564576337009944,1.3822157191659246,1.1036163833134804,ZONE_01,NORMAL,NONE,0
14.65,RUN_009_NORMAL,TRAIN001,0.04465270943602086,0.008250143907382206,1.0408685853198119,26.7968879129562,26.248995863434512,25.999265964129396,139.88440598290944,4.970504515201827,0.2659267317346805,1.3217900208000946,1.108433926966359,ZONE_01,NORMAL,NONE,0
14.66,RUN_009_NORMAL,TRAIN001,-0.02657556376366976,0.01597166807754696,0.975510483125726,26.665148369452456,26.282849602651584,25.993217963690267,139.7871709002866,4.999523127492335,0.2699645200432926,1.3496938615588092,1.0912320138938703,ZONE_01,NORMAL,NONE,0
14.67,RUN_009_NORMAL,TRAIN001,-0.017432185885378176,-0.006097098176080139,0.9597372860233295,26.72674166531062,26.23245647599157,26.018590602351697,139.854491404072,4.997640690405277,0.2792633868470382,1.395658065447148,1.0896181573525547,ZONE_01,NORMAL,NONE,0
14.68,RUN_009_NORMAL,TRAIN001,0.009335468959306373,-0.029996432172129193,1.0282225700609815,26.75850503677688,26.35441056913286,25.979874148933842,139.831289038745,5.001382741869356,0.2710679321576681,1.3557144777675747,1.081138745682062,ZONE_01,NORMAL,NONE,0
14.69,RUN_009_NORMAL,TRAIN001,-0.020220458898178324,0.02660818862074739,0.9658402138175235,26.8000775640896,26.279834848932794,26.014385384252083,139.98394183175054,4.992923533202607,0.2753879269055086,1.3749908610063932,1.11193747869957,ZONE_01,NORMAL,NONE,0
14.700000000000001,RUN_009_NORMAL,TRAIN001,-0.015585406377793511,0.01976053165061069,1.041640713767442,26.766287033481657,26.25880762449733,26.01860164717865,140.2693418401832,4.990864488907063,0.26960633978261994,1.3455687072052893,1.1062083873875894,ZONE_01,NORMAL,NONE,0
14.71,RUN_009_NORMAL,TRAIN001,0.0003978438057370745,-0.022168862769558532,0.9652185528936955,26.748347632249782,26.2946491879783,26.005221931825197,140.1981028707852,4.999192159617761,0.2700563945825277,1.350063810451613,1.0880619192984522,ZONE_01,NORMAL,NONE,0
14.72,RUN_009_NORMAL,TRAIN001,0.007965896342706301,0.02312911965504024,1.0606772780958102,26.72872200354958,26.283047905549445,26.01467581350473,139.9751832072256,4.999754288395068,0.26877410958603387,1.3438045070123388,1.0972190313668586,ZONE_01,NORMAL,NONE,0
14.73,RUN_009_NORMAL,TRAIN001,-0.01920645429104346,0.04869397742780126,1.0106112730831762,26.717414237859924,26.333027958528213,25.988863102114806,140.08376606457884,4.999052725560754,0.26589796603836624,1.3292379518451556,1.0966482793174086,ZONE_01,NORMAL,NONE,0
14.74,RUN_009_NORMAL,TRAIN001,-0.0017372091790565365,-4.227439554665757e-05,0.9650572828834603,26.83932416913561,26.278328726329505,26.00773923685782,139.77866465130478,4.988690766737591,0.270298281304588,1.3484345402092381,1.0967714544379983,ZONE_01,NORMAL,NONE,0
14.75,RUN_009_NORMAL,TRAIN001,-0.013879519218338862,-0.05036838935683596,1.0243272413102291,26.79237346179226,26.230051737339014,26.023777406746124,139.87854655266528,4.977107731103813,0.27075347005009526,1.3475691890095138,1.1172101914723798,ZONE_01,NORMAL,NONE,0
14.76,RUN_009_NORMAL,TRAIN001,0.02839346283469341,0.029606495216508183,1.026316001222174,26.743702033048848,26.234530515998763,25.99751826381268,140.120409135043,4.998296705747654,0.2713929415560836,1.3565024457429384,1.0919526401717095,ZONE_01,NORMAL,NONE,0
14.77,RUN_009_NORMAL,TRAIN001,0.007829795389686037,0.04831970762243365,0.9472040178896418,26.736383695536865,26.324309140397162,26.00826108794343,139.91759327786326,5.006310226642553,0.27527187592460184,1.3780964075484141,1.0806417316933739,ZONE_01,NORMAL,NONE,0
14.780000000000001,RUN_009_NORMAL,TRAIN001,0.005759864903335688,-0.029480185972245162,1.0540493542419005,26.693025167198773,26.32552573217641,26.00753466072841,140.13780042010148,5.000204490925559,0.26918419762892787,1.3459760338703584,1.09379561517975,ZONE_01,NORMAL,NONE,0
14.790000000000001,RUN_009_NORMAL,TRAIN001,-0.005604107905365095,-0.045277043638087155,1.050736639507327,26.76941028813071,26.2295707621915,25.987647571914096,140.08519176555606,4.986812371510847,0.2720853320657761,1.3568385000522494,1.0936213231793441,ZONE_01,NORMAL,NONE,0
14.8,RUN_009_NORMAL,TRAIN001,-0.0010837483645475988,-0.004774551740072756,1.0746887870362436,26.630218156357905,26.374268777824774,25.98979012475041,140.14674453551615,5.012251715462964,0.2755084343813832,1.3809176228526037,1.075983269115176,ZONE_01,NORMAL,NONE,0
14.81,RUN_009_NORMAL,TRAIN001,-0.014433390943826806,0.007322591728492685,1.085160084535639,26.676919277389707,26.324268261261476,26.022707297898915,140.25784189960942,5.002773624068605,0.27533484240864026,1.3774378873890314,1.1019920157194334,ZONE_01,NORMAL,NONE,0
14.82,RUN_009_NORMAL,TRAIN001,-0.07903566166190218,-0.021355785794198272,0.9581242433490331,26.783980210743437,26.234968800232117,26.023468878537628,139.91206344245154,4.980082398838067,0.2702161074959558,1.3456984808231447,1.1072226672579046,ZONE_01,NORMAL,NONE,0
14.83,RUN_009_NORMAL,TRAIN001,-0.0405808633276712,0.06583867442758803,0.9818514045567689,26.75302770725219,26.253478041672775,25.959737102504693,139.72144715992286,4.999444954410261,0.26177796069170445,1.3087445047559494,1.086310316120735,ZONE_01,NORMAL,NONE,0
14.84,RUN_009_NORMAL,TRAIN001,-0.056803725941582534,-0.0012879857127179332,0.9774076234357472,26.741531543725117,26.345571380074105,25.961488829907324,139.8760646324424,4.989791577994358,0.25840168821819126,1.2893705676106546,1.1053639581835257,ZONE_01,NORMAL,NONE,0
14.85,RUN_009_NORMAL,TRAIN001,-0.0007574882094679448,0.055347881693068784,1.017580955974457,26.767467461067987,26.26725374451871,25.999207431323228,139.5677179933604,4.996298105987782,0.25611597891676285,1.2796317803750288,1.1193038641444797,ZONE_01,NORMAL,NONE,0
14.86,RUN_009_NORMAL,TRAIN001,0.016637969815859542,-0.04825521470421932,0.977201081972662,26.739594191674087,26.189579623873872,26.009521946289055,139.93798347745593,5.009450317490465,0.26534707367233384,1.3292429824530387,1.095185527411814,ZONE_01,NORMAL,NONE,0
14.870000000000001,RUN_009_NORMAL,TRAIN001,-0.011729045027360491,-0.060787794855409596,1.0078769853154326,26.800528538307564,26.27459648706797,25.968992949335195,139.83473437508107,5.00890833157063,0.2661599841663882,1.333170962221729,1.0791945852476048,ZONE_01,NORMAL,NONE,0
14.88,RUN_009_NORMAL,TRAIN001,0.021191609848306696,0.019256569893202024,1.0213228277372877,26.800541411627233,26.216734096432628,26.011211271114423,139.81526398422358,4.999069393378361,0.26333504107699396,1.316430144052034,1.0950661592351518,ZONE_01,NORMAL,NONE,0
14.89,RUN_009_NORMAL,TRAIN001,0.07843123550687871,0.007641523553133296,1.0788743904692542,26.76823518319217,26.422973315801816,26.023009696220612,139.88180416527413,4.9826594538536275,0.26418137573082334,1.3163258293172442,1.09542084813486,ZONE_01,NORMAL,NONE,0
14.9,RUN_009_NORMAL,TRAIN001,0.010946526683049611,-0.026577733910317137,1.0252246846457087,26.716260663327834,26.321497722763887,26.02844592840487,139.8427699825538,5.0166240931824815,0.2770126409450819,1.3896682886812057,1.0945478404723996,ZONE_01,NORMAL,NONE,0
14.91,RUN_009_NORMAL,TRAIN001,0.006940163446346644,0.06250129228837575,0.9885375409172521,26.659503797763854,26.318971603612507,26.049398027916045,139.90211409324684,4.994899572291461,0.27341467288069565,1.3656788326299962,1.115888154038401,ZONE_01,NORMAL,NONE,0
14.92,RUN_009_NORMAL,TRAIN001,0.08676493462640955,-0.02869442579276414,1.0077357646220797,26.71971591029701,26.29517660507619,25.960826837718027,139.9655201860493,4.997097809555061,0.2799635865777539,1.3990054252428727,1.1026581942179305,ZONE_01,NORMAL,NONE,0
14.93,RUN_009_NORMAL,TRAIN001,0.032999275655769114,-0.017727037783918348,1.0330154051420524,26.788849620003035,26.319938061356105,26.007752344404665,140.1183721366784,5.013133575519031,0.2673491081444696,1.3402567904241092,1.0971584363773657,ZONE_01,NORMAL,NONE,0
14.94,RUN_009_NORMAL,TRAIN001,0.01086774787186315,0.01602162954582123,1.000914946772114,26.723787173975705,26.271591887830446,26.007921567860105,140.04165034684263,4.995353466310678,0.27290206383959825,1.3632422705644751,1.1053287144161719,ZONE_01,NORMAL,NONE,0
14.950000000000001,RUN_009_NORMAL,TRAIN001,-0.01650669748009914,0.019302284849965635,1.0306249169588693,26.732270682615976,26.307827866484978,25.96740048318835,139.8258802930366,4.976623467778465,0.27708120063249414,1.3789288055479036,1.117842785028287,ZONE_01,NORMAL,NONE,0
14.96,RUN_009_NORMAL,TRAIN001,-0.005436794075000879,-0.021162943293418657,0.9910943446569636,26.762714967759518,26.253646310943658,26.0105721514082,140.352612801608,4.9911476517306435,0.2687712652533476,1.3414770694219198,1.087654847637202,ZONE_01,NORMAL,NONE,0
14.97,RUN_009_NORMAL,TRAIN001,0.012893118544072883,0.008561501270553183,1.059291170419774,26.821115445265583,26.20116424841746,26.03188378895926,140.11133689282303,4.990605200617652,0.27449277199963146,1.3698850554733162,1.0899798121487032,ZONE_01,NORMAL,NONE,0
14.98,RUN_009_NORMAL,TRAIN001,-0.050454913543509144,0.009685765563444975,0.9875896766864162,26.818079209778475,26.241403127589866,26.03218613480978,140.2698628012996,5.005547357578502,0.2708579550737428,1.3557923212984897,1.0754130754791118,ZONE_01,NORMAL,NONE,0
14.99,RUN_009_NORMAL,TRAIN001,0.02934914433255171,-0.011824763718996495,0.9674309614058603,26.711292636515537,26.2009073659917,26.029148003871626,140.1135771772809,4.988275625041052,0.2689178882995026,1.341436547341921,1.1251588718784173,ZONE_01,NORMAL,NONE,0
15.0,RUN_009_NORMAL,TRAIN001,0.006311079750947897,-0.01678833729266122,0.9436233364937515,26.710039619435637,26.297092432223458,25.99496748454666,140.2193012178969,5.031644194822278,0.2664804191729062,1.340834654165161,1.098665672470066,ZONE_02,NORMAL,NONE,0
15.01,RUN_009_NORMAL,TRAIN001,-0.013174215488701544,-0.03506293260426107,0.9529472443766993,26.745888341995936,26.216778808392593,25.998686623249064,139.99442747200177,5.004563978318352,0.2638712455944828,1.3205605306161436,1.098364442319601,ZONE_02,NORMAL,NONE,0
15.02,RUN_009_NORMAL,TRAIN001,0.05019615311372091,-0.010639582968948246,1.0201292006794724,26.77787680202057,26.241120020038636,25.98570828540558,140.017178607552,5.006915261647591,0.275100248467861,1.3774036325367776,1.1130144944360338,ZONE_02,NORMAL,NONE,0
15.030000000000001,RUN_009_NORMAL,TRAIN001,0.043671546674830704,0.010684500945595289,1.0148861464923584,26.794540518969747,26.239255343393353,25.98479717496656,139.9886717555363,4.991883656741455,0.2731402987935307,1.3634845935449036,1.1081374505390933,ZONE_02,NORMAL,NONE,0
15.040000000000001,RUN_009_NORMAL,TRAIN001,-0.013773101975984827,0.024102561845408686,1.0425870637496089,26.795483200983327,26.22850563645658,25.988507233195747,139.64445860562287,5.007213322829496,0.27127478145918077,1.3583306998700697,1.0926783564034142,ZONE_02,NORMAL,NONE,0
15.05,RUN_009_NORMAL,TRAIN001,-0.018052872406085618,0.013532279709367758,0.9913421212838286,26.749556959785174,26.31511927854151,25.995682416787037,140.4394343293546,5.014406388315259,0.2778874155145993,1.3934404315888236,1.0941913109444519,ZONE_02,NORMAL,NONE,0
15.06,RUN_009_NORMAL,TRAIN001,-0.022329791627889332,0.04174343091519964,1.0458269208811202,26.74773173814154,26.35659199908177,25.99247334315548,140.27942794877902,5.022617492525956,0.2726834540469357,1.3695846862185372,1.1156893842983693,ZONE_02,NORMAL,NONE,0
15.07,RUN_009_NORMAL,TRAIN001,0.058981305408510404,-0.045291901594883964,1.0226246575974398,26.779457201561435,26.27327168473295,25.985528928032817,140.3127260655629,4.984029020431344,0.2564395417876304,1.2781021182556662,1.1079234401994886,ZONE_02,NORMAL,NONE,0
15.08,RUN_009_NORMAL,TRAIN001,0.003953335693902357,-0.024818569557850525,1.0323111508242868,26.80200636647643,26.332538102572883,26.0208023575674,139.76342339416377,5.003670801884274,0.2678429069656857,1.3401977330760075,1.0929338792696512,ZONE_02,NORMAL,NONE,0
15.09,RUN_009_NORMAL,TRAIN001,-0.03403110155928353,-0.00665158587142853,1.021381557568688,26.782388217908935,26.376535278455357,25.998768718885472,140.40991479075157,4.98855780477176,0.26456104013728254,1.3197780416153755,1.0958860177163787,ZONE_02,NORMAL,NONE,0
15.1,RUN_009_NORMAL,TRAIN001,-0.042805551290426076,0.02972972887760534,1.0012425721234084,26.855292804984092,26.2933307976056,25.99766456007068,140.1798418331752,5.003079486098041,0.27406947133083237,1.3711913497810226,1.1005257128488106,ZONE_02,NORMAL,NONE,0
15.11,RUN_009_NORMAL,TRAIN001,0.04124274623825223,0.06916531965565909,1.0444751121497367,26.7314697626838,26.3241030206961,26.033067125063855,139.66656420126264,5.014036279063696,0.26475184484750514,1.3274753550144336,1.0851858156648884,ZONE_02,NORMAL,NONE,0
15.120000000000001,RUN_009_NORMAL,TRAIN001,0.014091819848473592,-0.02047357507244694,1.0443132360556244,26.778517643462113,26.29295270030914,26.03105457721268,139.96013276337686,5.009212684041932,0.2660469868623182,1.3326859411418617,1.0893684541917679,ZONE_02,NORMAL,NONE,0
15.13,RUN_009_NORMAL,TRAIN001,0.03334046153937874,-0.0027144497391338365,1.0401045997690812,26.809192016037034,26.353600801773947,25.98722937532468,140.3222474019606,4.985833153764737,0.27100920050450994,1.3512066568506609,1.0814112853712452,ZONE_02,NORMAL,NONE,0
15.14,RUN_009_NORMAL,TRAIN001,0.012518842057577575,0.004048873086828884,0.9655887591766997,26.800376996848865,26.38273839815905,26.025040883327744,140.07421646292664,5.005702746613406,0.27550649706675806,1.3791036290769092,1.1113876719327034,ZONE_02,NORMAL,NONE,0
15.15,RUN_009_NORMAL,TRAIN001,-0.03969981722365289,0.04232053122658514,1.0018859411474386,26.71373002243688,26.269159954990787,26.00497017929775,139.6089450383417,4.97871123695332,0.281763362176366,1.4028184174292213,1.0897946765760402,ZONE_02,NORMAL,NONE,0
15.16,RUN_009_NORMAL,TRAIN001,0.043959794036853565,0.015894647270385136,1.0015062118955242,26.69108763788391,26.297070097880983,26.007423683287143,139.88439701095803,4.994984968754465,0.2685175096201685,1.3412409244001242,1.0996921597025682,ZONE_02,NORMAL,NONE,0
15.17,RUN_009_NORMAL,TRAIN001,0.008754990859441255,-0.04139700882968071,0.9613333011588922,26.760697754587152,26.24784895010001,25.987723951767308,140.2551697356335,5.013973975307589,0.26222678421544904,1.3147982716848605,1.0947181183762984,ZONE_02,NORMAL,NONE,0
15.18,RUN_009_NORMAL,TRAIN001,-0.028317918339300224,-0.022075967170392615,0.9784680003736674,26.842188103648514,26.275884004027862,25.991902327899684,140.1826826225169,5.00715521211643,0.2676219959059016,1.340024871677237,1.0899689901481953,ZONE_02,NORMAL,NONE,0
15.19,RUN_009_NORMAL,TRAIN001,0.015388202740394683,0.014580983972372938,1.0381896011861056,26.767492515255203,26.23054319382341,25.983223577288022,139.91094438407268,4.986052172221372,0.26423844818695946,1.3175066885669937,1.0884730583424274,ZONE_02,NORMAL,NONE,0
15.200000000000001,RUN_009_NORMAL,TRAIN001,-0.026607853730292317,0.04356178801714241,0.9662020915933816,26.712405120845965,26.21648145801542,25.95765940709422,140.04097349513538,5.010031929351454,0.27573676649714346,1.381450004246815,1.0954832421032186,ZONE_02,NORMAL,NONE,0
15.21,RUN_009_NORMAL,TRAIN001,0.03481385683037188,-0.06334107531141044,1.0510061003773155,26.761805036969562,26.2793109479602,25.979611667521503,139.8451245800653,5.000339331091667,0.259670859955939,1.2984424141760782,1.1025639356361787,ZONE_02,NORMAL,NONE,0
15.22,RUN_009_NORMAL,TRAIN001,0.00630071761859888,-0.05968696332700505,0.9996604370645119,26.76816276807374,26.38251773113333,26.018269174263576,139.99198772783976,5.00508449660312,0.27135170460056407,1.3581382098231127,1.1030431115073662,ZONE_02,NORMAL,NONE,0
15.23,RUN_009_NORMAL,TRAIN001,-0.02242299963872589,0.0022931340340960303,0.9989650114718385,26.882230328305504,26.34740737922921,25.99036305117845,139.75268231187988,5.007384556266233,0.26527559888272567,1.3283369369996365,1.0780546690002693,ZONE_02,NORMAL,NONE,0
15.24,RUN_009_NORMAL,TRAIN001,0.03509125152636379,0.044453617811263606,0.9850942227371849,26.707274976935416,26.376137987288423,26.039802631192554,139.76076333758002,4.995954931911107,0.27356557614123517,1.3667212893239071,1.100855179616749,ZONE_02,NORMAL,NONE,0
15.25,RUN_009_NORMAL,TRAIN001,0.008763657706776418,-0.005280485153244189,0.9771471347945506,26.69904794369539,26.2129111191955,25.983886492042416,140.14546656881313,4.998211961983906,0.27538295539573493,1.3764223817854428,1.0910034116889,ZONE_02,NORMAL,NONE,0
15.26,RUN_009_NORMAL,TRAIN001,-0.01611687511808549,-0.010971993191438786,0.9920916627500086,26.75894407101089,26.272869170175422,25.99651919803596,140.02158717518418,4.995158831363444,0.2710810164422009,1.3540927332962387,1.10423692850283,ZONE_02,NORMAL,NONE,0
15.27,RUN_009_NORMAL,TRAIN001,-0.030590490411249824,-0.00022252545342517832,0.9599602400593491,26.806114491160056,26.29820211507184,26.01285816727661,139.8560676308525,5.000769051223953,0.26443493383986216,1.3223780332088364,1.1016924886663386,ZONE_02,NORMAL,NONE,0
15.280000000000001,RUN_009_NORMAL,TRAIN001,-0.014478774553180068,0.007156325317849839,1.0479167811617442,26.866004790515728,26.358429230008728,25.97561692025251,140.20023827900027,4.995660692305851,0.2720097910508792,1.358868621075205,1.1013959189664422,ZONE_02,NORMAL,NONE,0
15.290000000000001,RUN_009_NORMAL,TRAIN001,0.03593114900775492,0.018859292611038015,0.9916874666241295,26.818588534438454,26.226463916427353,25.978858236883475,140.1817735126893,4.984814632287214,0.25920134006414725,1.2920706326602152,1.1132345045111338,ZONE_02,NORMAL,NONE,0
15.3,RUN_009_NORMAL,TRAIN001,-0.03050116502165859,-0.001382024885477049,1.028519004693503,26.72660929221816,26.19894067960586,26.000749253830715,140.12481431808146,4.970599979953852,0.2647066510703227,1.3157508745037974,1.1036811285483972,ZONE_02,NORMAL,NONE,0
15.31,RUN_009_NORMAL,TRAIN001,0.03636015672485423,-0.002813113649838201,1.02621235524698,26.771369287944733,26.26705618271098,26.017407230500012,140.51126337896017,4.9872351481681125,0.2688918578238938,1.341026924395546,1.1068322145743088,ZONE_02,NORMAL,NONE,0
15.32,RUN_009_NORMAL,TRAIN001,0.017448034025091177,0.005124367803990485,0.998159614401316,26.754858480016576,26.3133639387019,26.005592961546675,140.2939939848095,5.009372538885092,0.26466872021348054,1.325824218939271,1.0792287953909174,ZONE_02,NORMAL,NONE,0
15.33,RUN_009_NORMAL,TRAIN001,0.029055081349687588,0.04220737541381605,0.964917362260468,26.75471812057062,26.241110521656942,25.997664297309733,140.0718668477863,4.978840199904636,0.2616410250837663,1.302668853631313,1.1005679255702674,ZONE_02,NORMAL,NONE,0
15.34,RUN_009_NORMAL,TRAIN001,-0.03618485737110986,0.015212996618531607,0.9909305861236656,26.858746438678164,26.308277041033158,26.01444024178032,140.51504372235416,5.001273712658195,0.2628433850693768,1.3145517122935697,1.1145872249516844,ZONE_02,NORMAL,NONE,0
15.35,RUN_009_NORMAL,TRAIN001,-0.0570560994584596,0.08129528756404356,0.9935205254713454,26.870755695926718,26.275872214564867,26.037456703098645,139.8057163157586,5.017961082129376,0.28177486987494227,1.4139353309545293,1.1020295984306971,ZONE_02,NORMAL,NONE,0
15.36,RUN_009_NORMAL,TRAIN001,-0.03322546201750695,-0.0031728143931211796,0.9638842397455641,26.76871048090399,26.21394016518289,25.99073907005423,140.14027861388257,5.015071091665191,0.27446722032260135,1.376472622249579,1.1031910452580616,ZONE_02,NORMAL,NONE,0
15.370000000000001,RUN_009_NORMAL,TRAIN001,-0.04754181798974443,-0.02873070680162953,0.9529564948937521,26.85138851949249,26.364828369286382,26.010512306893823,140.1306181350768,5.006598564112755,0.27572331769299646,1.380435966454161,1.1044280528148716,ZONE_02,NORMAL,NONE,0
15.38,RUN_009_NORMAL,TRAIN001,-0.03859529042378275,0.06776014726410079,1.0387031050430657,26.772181430780815,26.31558992656084,25.98998850500974,140.08153105950004,4.999689461064805,0.26350527200046253,1.3174445313557275,1.0867816437750808,ZONE_02,NORMAL,NONE,0
15.39,RUN_009_NORMAL,TRAIN001,0.021303655730029396,0.029523930199196316,0.9552516795249903,26.80437419729617,26.329594136975835,26.017763589279763,139.9773989960748,5.009341135804286,0.26510548850088045,1.3280038288749505,1.095544522314501,ZONE_02,NORMAL,NONE,0
15.4,RUN_009_NORMAL,TRAIN001,-0.01057908755529979,-0.0019252445563832565,0.9309242991031447,26.739035228884834,26.302462521165587,26.032468590289252,140.07925562619351,4.991481379786334,0.2750345923074639,1.372830046299832,1.106610232324188,ZONE_02,NORMAL,NONE,0
15.41,RUN_009_NORMAL,TRAIN001,0.03361152049340319,0.01011136898756972,0.9569429392581259,26.741690662534857,26.214803975432044,26.007922971922113,140.04580523134297,4.995756095657633,0.26420028597761336,1.3198801891471519,1.0837033655960076,ZONE_02,NORMAL,NONE,0
15.42,RUN_009_NORMAL,TRAIN001,-0.04221003501979638,-0.030327512484101905,0.9725880873634742,26.85545694732249,26.323377392117653,26.046417563601,139.8233785402482,4.98751114974139,0.25928389916386235,1.2931813380281858,1.1143663248160713,ZONE_02,NORMAL,NONE,0
15.43,RUN_009_NORMAL,TRAIN001,0.010445281754479204,-0.059435268341491466,0.9382750287069632,26.811187665349944,26.279538059016478,25.99649636713371,139.92196419270743,5.01288655418801,0.2666294491843986,1.3365831807670272,1.0906212684060885,ZONE_02,NORMAL,NONE,0
15.44,RUN_009_NORMAL,TRAIN001,-0.017710267693891005,-0.03220289520236371,1.0612373335061862,26.708666614222157,26.304685455163504,25.983763956574517,139.95023764512098,4.991559983037434,0.2641173877995539,1.3183577837646328,1.0896218364038774,ZONE_02,NORMAL,NONE,0
15.450000000000001,RUN_009_NORMAL,TRAIN001,-0.04657868223490658,-0.04323892539512138,0.9761479668782379,26.80035982345232,26.348642775351184,26.007155797538932,139.9982234367032,4.978600897637588,0.2624930988055806,1.3068483773371358,1.1150288214950042,ZONE_02,NORMAL,NONE,0
15.46,RUN_009_NORMAL,TRAIN001,-0.012197686696529497,-0.016965131404215485,0.9351620641418829,26.849370475672842,26.342338065225366,25.989996467010787,140.04784380875458,5.000644891861098,0.27260221909304533,1.363186894417637,1.1183988258970874,ZONE_02,NORMAL,NONE,0
15.47,RUN_009_NORMAL,TRAIN001,-0.021616898113654755,-0.031971270838405494,1.0057048712227985,26.705712876036202,26.306867474495036,26.02042647453555,140.05532241451152,4.999090374667592,0.2748285941159653,1.3738929795285484,1.1140639819865719,ZONE_02,NORMAL,NONE,0
15.48,RUN_009_NORMAL,TRAIN001,-0.03028087229772343,0.014617231030389304,0.9823528081081632,26.807824416052483,26.254120608404282,26.02206906727971,139.9619425599057,5.004419133705823,0.2663316867924638,1.332835389296352,1.0853160306379812,ZONE_02,NORMAL,NONE,0
15.49,RUN_009_NORMAL,TRAIN001,-0.03981242169918236,0.04135003426131186,0.9984330067896693,26.836649706425977,26.305736957343864,25.996288020528382,139.92591359209314,4.992361051084495,0.2677790269651945,1.3368495845183417,1.102509887811099,ZONE_02,NORMAL,NONE,0
15.5,RUN_009_NORMAL,TRAIN001,0.01765381017626378,0.00304454495789519,1.0177345737506664,26.839484392245936,26.29619479080093,25.98968245849449,139.8120877772013,4.991674248617817,0.26986039649848526,1.3470551919232825,1.122353242094832,ZONE_02,NORMAL,NONE,0
15.51,RUN_009_NORMAL,TRAIN001,0.019299432424285282,0.02361514744254835,0.9503139768391877,26.811130402008715,26.24919701592397,26.005137854079308,139.65767743876603,4.989775420468392,0.2606660822268834,1.3006652100454958,1.1060381089719729,ZONE_02,NORMAL,NONE,0
15.52,RUN_009_NORMAL,TRAIN001,-0.06501254334633878,0.010884857055121017,1.0701105086608302,26.804423888526514,26.361868524228342,26.040949616003473,140.11197606817916,5.009683967005691,0.27424364064618895,1.3738739695984832,1.1011007013264844,ZONE_02,NORMAL,NONE,0
15.530000000000001,RUN_009_NORMAL,TRAIN001,0.03449283516829655,0.010379658391544148,1.0299508858861302,26.802475770999372,26.252939849694254,25.996173758323806,140.15150190886965,5.001755111248493,0.26875613878904014,1.344252390867491,1.0960315577136814,ZONE_02,NORMAL,NONE,0
15.540000000000001,RUN_009_NORMAL,TRAIN001,-0.002366507854772395,-0.00037680242738870746,1.0437997017370895,26.721673714198168,26.27222415025086,25.974038006701033,140.25711925476728,5.002962510788855,0.263478825079136,1.3181746842576119,1.101469081897192,ZONE_02,NORMAL,NONE,0
15.55,RUN_009_NORMAL,TRAIN001,-0.022823567738092358,-0.03236703156741196,0.9732879556962095,26.700297214942278,26.336624550606146,26.00325129473781,140.2472003539749,5.004601133851526,0.2621882106622859,1.312147416362979,1.0781834347304506,ZONE_02,NORMAL,NONE,0
15.56,RUN_009_NORMAL,TRAIN001,-0.021938331940555774,0.02364441191644199,0.9893547746818394,26.863378408071785,26.341799648530568,25.997192177974835,140.06184007737295,4.9819057670596125,0.2667681788179679,1.3290139285212241,1.1087343168078236,ZONE_02,NORMAL,NONE,0
15.57,RUN_009_NORMAL,TRAIN001,0.03937953351970622,0.04131840641327291,0.9780751882365359,26.80986840291136,26.396030401134784,26.019079231697184,139.909648469029,5.004891981090827,0.2616928760162553,1.3097445766823521,1.0963478768056558,ZONE_02,NORMAL,NONE,0
15.58,RUN_009_NORMAL,TRAIN001,-0.0635584361336096,-0.009314013527757372,0.9893782295328574,26.84480290714123,26.296017731032748,25.969164077685868,139.76363159291398,4.9951082862649665,0.27183509155892827,1.3578457183435984,1.1193950826751506,ZONE_02,NORMAL,NONE,0
15.59,RUN_009_NORMAL,TRAIN001,-0.016124556697029103,0.010790574499408692,0.9878909514044533,26.764956359370267,26.279861957709976,26.023784175193512,139.96207364393345,5.010552184887175,0.26584566609463717,1.3320335830932706,1.0985219285886911,ZONE_02,NORMAL,NONE,0
15.6,RUN_009_NORMAL,TRAIN001,-0.021202346209536687,0.008717011930422654,0.9578606783416891,26.769853058687723,26.299675204828546,25.983630165820895,140.40462652952218,5.008813933192323,0.26297884542044603,1.3172121050767602,1.0970400395792166,ZONE_02,NORMAL,NONE,0
15.610000000000001,RUN_009_NORMAL,TRAIN001,-0.003859472039470819,0.018997394154159755,0.9492295233896952,26.780984351176933,26.240596216705168,26.00190300247181,139.73075295789903,5.007665970979219,0.2730431196528526,1.3673087388955973,1.085631457967779,ZONE_02,NORMAL,NONE,0
15.620000000000001,RUN_009_NORMAL,TRAIN001,-0.0043073109569044055,-0.016208901716810664,0.9860698157270524,26.85417621285339,26.255396728704383,25.98457814225202,139.79285589812605,4.993752683552537,0.2615749248030147,1.3062404826851077,1.1010823430547871,ZONE_02,NORMAL,NONE,0
15.63,RUN_009_NORMAL,TRAIN001,0.002500983198548082,0.02529365758323385,1.0123411417874384,26.75737239120945,26.298556105920323,26.01926219293503,140.45007919107175,5.005824393740007,0.26115262869542016,1.307284199212861,1.10133613405678,ZONE_02,NORMAL,NONE,0
15.64,RUN_009_NORMAL,TRAIN001,-0.029035868398531048,-0.05883692810242613,0.9895112835259723,26.83691799553304,26.22804402825375,26.000896178711518,139.6964034265374,5.00172953359233,0.2724283863926869,1.362613106009205,1.105286779115885,ZONE_02,NORMAL,NONE,0
15.65,RUN_009_NORMAL,TRAIN001,-0.004616170229210118,-0.0367389260501313,1.0514620171273943,26.708123590834425,26.290349060261196,25.975516435037665,140.04474966687164,4.983558932727736,0.2740844301979965,1.365915910434817,1.0850773871790453,ZONE_02,NORMAL,NONE,0
15.66,RUN_009_NORMAL,TRAIN001,0.038348464663925,-0.004927593295405146,1.0444131328345476,26.890124959013935,26.273923844777524,25.975384944623816,140.3683142021805,5.008604735239531,0.2597731037211662,1.3011007973857027,1.0958039265743582,ZONE_02,NORMAL,NONE,0
15.67,RUN_009_NORMAL,TRAIN001,-0.007206742789944876,-0.022840389349253747,1.0335333252596308,26.76361714993159,26.303745095501224,25.969792492779703,140.5452105582121,4.993734460246931,0.27044982972919046,1.3505546344865733,1.0999202399411265,ZONE_02,NORMAL,NONE,0
15.68,RUN_009_NORMAL,TRAIN001,-0.032619140067597786,0.019160400309376466,0.9515908859830134,26.659791231438245,26.35421369690608,25.99085958393226,140.10141439244913,5.015943004028386,0.26712422046502765,1.3398798648480916,1.0958802215160632,ZONE_02,NORMAL,NONE,0
15.69,RUN_009_NORMAL,TRAIN001,0.006250897965466844,-0.0015472682994086204,1.0132510332480809,26.812063197699704,26.244759888986614,26.00731716834671,139.85331174384763,5.015626196470716,0.26970990255753735,1.3527640527151485,1.0992023711773768,ZONE_02,NORMAL,NONE,0
15.700000000000001,RUN_009_NORMAL,TRAIN001,-0.03695527678138254,-0.002086185125978314,1.043198014370972,26.810906561813837,26.37141793969639,25.988449345180864,139.90487121884453,4.99556960509506,0.27194329273109047,1.358511647476904,1.1061893345949803,ZONE_02,NORMAL,NONE,0
15.71,RUN_009_NORMAL,TRAIN001,0.011469157557734113,-0.0298914506743477,1.0239989675864951,26.828057179532188,26.280315132961753,25.985333972841776,140.0272347427639,4.9955329739247425,0.2737298939776459,1.367426711314254,1.0926330654566705,ZONE_02,NORMAL,NONE,0
15.72,RUN_009_NORMAL,TRAIN001,0.008042717528807608,-0.016115027490273902,0.9928311120044847,26.790984342106245,26.190726566083995,25.9936768854044,139.77707139866354,4.998706004848947,0.2730996919827378,1.3651450702365093,1.12220862359824,ZONE_02,NORMAL,NONE,0
15.73,RUN_009_NORMAL,TRAIN001,-0.00755755102175839,0.006775183701224761,0.986288075748463,26.75127826966454,26.16385162350834,26.003513658138488,140.05881664775785,4.997004605998341,0.2620021448544531,1.3092259246191467,1.0869773577048694,ZONE_02,NORMAL,NONE,0
15.74,RUN_009_NORMAL,TRAIN001,0.02282260681505609,0.0498791577254601,1.000404021905926,26.82286620684694,26.265727594260714,25.96221862659739,140.14812649620347,4.9789971004536415,0.2724703582118474,1.3566291234963532,1.0992035972999137,ZONE_02,NORMAL,NONE,0
15.75,RUN_009_NORMAL,TRAIN001,0.004768788698137536,-0.03456048185484774,0.9889403493261952,26.731059267993064,26.300048239098636,26.01874062943428,140.13324725847988,5.001637494749012,0.26833361193825317,1.3421074545717981,1.1017481617948979,ZONE_02,NORMAL,NONE,0
15.76,RUN_009_NORMAL,TRAIN001,-0.014946029984098094,0.027384604042371776,0.9638540353853854,26.862854114648073,26.255696337826887,26.015302778876453,140.2306719936806,5.014018335831558,0.26266333616535,1.3169987836837533,1.0912333352120793,ZONE_02,NORMAL,NONE,0
15.77,RUN_009_NORMAL,TRAIN001,0.03287396115408994,0.015670703350125634,1.0723651820244924,26.78723216800287,26.381195633892354,26.009383987308016,140.08670561703298,5.002211124045811,0.26459010682945905,1.3235355756947895,1.0860694397806536,ZONE_02,NORMAL,NONE,0
15.780000000000001,RUN_009_NORMAL,TRAIN001,0.011644202073583385,0.034698367436171114,0.9625925480261076,26.78775855370148,26.29106297390872,26.015244261774235,140.05232610761652,4.995418903495318,0.26970046650618984,1.3472668086665265,1.1167485510481192,ZONE_02,NORMAL,NONE,0
15.790000000000001,RUN_009_NORMAL,TRAIN001,-0.017559895511863925,-0.003488380652840997,0.9748651070734714,26.801474318232685,26.383943604035313,25.99430046800791,140.22048867324384,5.008716018898763,0.27302138542988663,1.3674865867046067,1.0971191010979797,ZONE_02,NORMAL,NONE,0
15.8,RUN_009_NORMAL,TRAIN001,0.04750135826569031,0.017228947549479862,0.9917430552247226,26.777693136545327,26.36233538792428,26.001777663187106,139.914074029901,5.01880558581064,0.26958419866822014,1.3529906821223487,1.0865009293623547,ZONE_02,NORMAL,NONE,0
15.81,RUN_009_NORMAL,TRAIN001,0.012627114175427721,-0.00021418264260398106,0.9462587631170469,26.857364440659463,26.33706134145717,26.026191319748495,140.10098188044552,4.999913530245905,0.2713884795178706,1.3569189306942648,1.0993266604586551,ZONE_02,NORMAL,NONE,0
15.82,RUN_009_NORMAL,TRAIN001,0.008611227589866488,0.030224678355632167,1.0014965360155945,26.820495532941475,26.226579415268866,26.00629442123294,140.08225637331972,4.98572291233845,0.2766079385527086,1.3790905369769453,1.103365186753901,ZONE_02,NORMAL,NONE,0
15.83,RUN_009_NORMAL,TRAIN001,-0.028519305973186724,-0.019640437637914378,0.9170243661451928,26.86118995240357,26.408566062973726,26.016600011970137,140.2517717960454,4.99451800625944,0.27142778746257684,1.3556509718810004,1.1195361904303034,ZONE_02,NORMAL,NONE,0
15.84,RUN_009_NORMAL,TRAIN001,0.04940577608053211,0.0004149767302942937,1.0231544113678548,26.672598673826013,26.34928560067141,26.002513831534227,140.0819846161197,5.004869068699708,0.2687923699953858,1.345270618492394,1.0861566890558183,ZONE_02,NORMAL,NONE,0
15.85,RUN_009_NORMAL,TRAIN001,0.017855570646973604,-0.023284894593439142,0.9681501310336835,26.706772786206475,26.305298625180335,26.04057813172553,140.12382332664927,5.0055778467140986,0.2722645902245079,1.3628416012724887,1.0928760341221873,ZONE_02,NORMAL,NONE,0
15.860000000000001,RUN_009_NORMAL,TRAIN001,0.008227323057919192,-0.012580232935061409,1.0528949057404215,26.837210494231357,26.331491886775417,25.984832596587026,140.03209574718028,4.9964241610108315,0.2706688175557049,1.3523762196675566,1.1070551615956357,ZONE_02,NORMAL,NONE,0
15.870000000000001,RUN_009_NORMAL,TRAIN001,-0.028759071419359898,0.005240497093726563,1.0033417670905769,26.862953049811583,26.341411507799815,26.00266138808114,140.11194533450993,5.003160442221263,0.26670355544644414,1.3343606784094146,1.089464662017677,ZONE_02,NORMAL,NONE,0
15.88,RUN_009_NORMAL,TRAIN001,-0.026626227141451374,-0.04546497424337653,1.0246779168369777,26.78633253372335,26.350116887201715,26.017785838721935,140.14481716161274,5.014310585902554,0.2609801362191893,1.3086354597541716,1.089069583520836,ZONE_02,NORMAL,NONE,0
15.89,RUN_009_NORMAL,TRAIN001,-0.005112794323146811,-0.018418387474388506,0.9727597510519566,26.770240762429694,26.34316323194859,25.975326327897577,139.8823942392919,5.005182206861396,0.26790698753539416,1.3409232871059926,1.094846764351406,ZONE_02,NORMAL,NONE,0
15.9,RUN_009_NORMAL,TRAIN001,0.0005346753146738918,-0.007333489908518352,0.9867209087343058,26.885377045098338,26.26408355897751,25.993908951202133,139.95224524520492,5.00998787802598,0.26848253885947326,1.3450942651476,1.1062391654368093,ZONE_02,NORMAL,NONE,0
15.91,RUN_009_NORMAL,TRAIN001,0.00883561430113508,0.05570446561318575,0.9531740913141346,26.774025093418693,26.229171268299236,26.04113922164653,139.8245018011981,4.988109191822005,0.2644100672806242,1.3189062870127564,1.0903622496941006,ZONE_02,NORMAL,NONE,0
15.92,RUN_009_NORMAL,TRAIN001,-0.011352669235746609,-0.046400311302296306,1.0014682314951722,26.853393127272206,26.30658454158909,25.982053609811867,140.04726777330924,4.9857722695827436,0.26780467853738077,1.335213139916194,1.0996227448521072,ZONE_02,NORMAL,NONE,0
15.93,RUN_009_NORMAL,TRAIN001,0.016321459269388553,-0.02029291851616404,1.0709504618803072,26.847011353240777,26.29071843497287,26.014193093844774,140.06738183757193,4.9936406908645115,0.26653459982420874,1.3309780232054578,1.0953495106578446,ZONE_02,NORMAL,NONE,0
15.94,RUN_009_NORMAL,TRAIN001,0.017990745002845344,-0.024079940414713567,1.063696629031669,26.752343556948727,26.246346443955943,26.03912856261306,139.94622235179762,4.992306626673974,0.2625990683289045,1.3109750689768016,1.0804496723689143,ZONE_02,NORMAL,NONE,0
15.950000000000001,RUN_009_NORMAL,TRAIN001,-0.017848591326361893,-0.021593419227133266,1.0169171747648358,26.72730419572328,26.328574491727768,26.000613650701503,140.04524558332582,4.994696488138205,0.26688413294120883,1.3330052415412654,1.111420095852781,ZONE_02,NORMAL,NONE,0
15.96,RUN_009_NORMAL,TRAIN001,0.033646883941026405,-0.035421957384224864,0.9897218599291777,26.87470423328082,26.330130246900314,25.99836294508378,140.34887656772725,5.006915380379222,0.26378436417515494,1.320745990092137,1.1051280967560648,ZONE_02,NORMAL,NONE,0
15.97,RUN_009_NORMAL,TRAIN001,-0.01711911730403295,0.0028821989242011833,1.0072653549475494,26.739531440299157,26.28315306382738,26.015753193900952,140.30226281319932,4.999224351090655,0.2693467052156001,1.3465246075998645,1.0971195735009733,ZONE_02,NORMAL,NONE,0
15.98,RUN_009_NORMAL,TRAIN001,0.01835105570107943,0.020481643294360943,0.9967079961342751,26.773081560215278,26.277179131538333,26.026865918818004,140.11773583163128,5.004811146312453,0.26702333975968834,1.3364013871548654,1.1116159342616787,ZONE_02,NORMAL,NONE,0
15.99,RUN_009_NORMAL,TRAIN001,0.03482440510183654,-0.009472622904819301,1.0203569931205467,26.83145310205213,26.2945322279382,25.979490697506183,140.04518988943,5.008547037756771,0.2686940575821181,1.345766826165765,1.0934506005708922,ZONE_02,NORMAL,NONE,0
16.0,RUN_009_NORMAL,TRAIN001,0.0013866579888041524,0.00030011056244780044,1.0389145363265104,26.80404359360129,26.314086441831552,26.02256068237185,140.17371327862955,4.992956432005625,0.27110066563799645,1.3535938122182405,1.1080551899795785,ZONE_02,NORMAL,NONE,0
16.01,RUN_009_NORMAL,TRAIN001,0.011907584900848586,-0.06082382147429962,1.0240963755444767,26.809742963683743,26.343202504278455,26.022746362860964,139.69517779818588,5.007874456850113,0.26846363888645847,1.344432199772528,1.1102049818808222,ZONE_02,NORMAL,NONE,0
16.02,RUN_009_NORMAL,TRAIN001,-0.005239207988140967,0.021576479875349205,1.0166979701161791,26.86016534367208,26.349281613060725,26.023404234837145,140.17098966706743,5.023136248107001,0.28296668324410434,1.4213802036100724,1.0993875351978504,ZONE_02,NORMAL,NONE,0
16.03,RUN_009_NORMAL,TRAIN001,-0.027680680430814918,-0.016949821818351803,0.9715197424228365,26.862894185210582,26.291404957265957,26.012931100822637,139.8743192238184,5.008436702648898,0.26797160764246736,1.3421188349843634,1.1008486421005486,ZONE_02,NORMAL,NONE,0
16.04,RUN_009_NORMAL,TRAIN001,-0.019291911167647467,-0.04010555801854177,1.0511496174694903,26.76269361889446,26.34523252294923,25.98200837453118,140.19040952457246,4.9928942039364825,0.26929596426951335,1.3445662591447394,1.1099260689006218,ZONE_02,NORMAL,NONE,0
16.05,RUN_009_NORMAL,TRAIN001,0.014691582345049348,0.03418500153919065,1.0191347811836078,26.85825934323668,26.29164012787022,25.974971255773358,139.79867105056968,4.987393077769511,0.27010392535435546,1.347114447590685,1.0903640783475375,ZONE_02,NORMAL,NONE,0
16.06,RUN_009_NORMAL,TRAIN001,-0.0024648920988699008,0.07455710280522808,0.9829876435450859,26.864622756513334,26.3478148007431,26.01951570730507,139.88484368734836,5.008904761133089,0.2678351973149755,1.3415609950300014,1.0880084629710007,ZONE_02,NORMAL,NONE,0
16.07,RUN_009_NORMAL,TRAIN001,0.007842808552031913,-0.02520023158814711,1.0345319091472696,26.79807637183665,26.3899821461992,26.0005894256984,139.98574587696194,4.985337965792999,0.2710028189113478,1.351040641955667,1.0922364081279248,ZONE_02,NORMAL,NONE,0
16.080000000000002,RUN_009_NORMAL,TRAIN001,-0.02993111752477904,-0.0038054773707842226,0.9759356802303513,26.851126620978317,26.303277791004465,25.996335684034815,139.91517382195454,5.0001538388518245,0.26554650589505807,1.3277733808448633,1.1093594289086075,ZONE_02,NORMAL,NONE,0
16.09,RUN_009_NORMAL,TRAIN001,-0.0037291506654437614,-0.01795024098396025,0.9678588843743766,26.828757552959242,26.262885137445,26.012785675543473,139.92864626776733,4.996254337346116,0.27322689632467034,1.3651110658417518,1.0878064557224865,ZONE_02,NORMAL,NONE,0
16.1,RUN_009_NORMAL,TRAIN001,-0.012680920407073177,-0.04600858337632413,1.0020106225035474,26.8419497778864,26.399493018303918,25.977685309991774,140.15623032380074,4.993234340537516,0.2799316930305405,1.3977645426449012,1.0961711597672135,ZONE_02,NORMAL,NONE,0
16.11,RUN_009_NORMAL,TRAIN001,-0.0031206087736001275,0.007743401215814112,0.9458169896400119,26.860150912560254,26.390093069167577,26.03564867866944,139.8982748378949,4.987695100225539,0.26410600909683757,1.3172802475124186,1.1005211025268518,ZONE_02,NORMAL,NONE,0
16.12,RUN_009_NORMAL,TRAIN001,0.07049077418229738,-0.00956418006544786,1.0077874679932908,26.764035245332376,26.256189397639137,25.99930032367762,139.8125471398676,5.01582750417652,0.2649667621641288,1.3290275733554358,1.074750584084411,ZONE_02,NORMAL,NONE,0
16.13,RUN_009_NORMAL,TRAIN001,0.028639715803933943,-0.002246706036719519,1.0372060669869438,26.782521890597803,26.36385895720881,26.023125498321857,139.75612239842613,5.0197156970306285,0.2684143516019098,1.347363734044405,1.1057963149278884,ZONE_02,NORMAL,NONE,0
16.14,RUN_009_NORMAL,TRAIN001,-0.005521152686674418,-0.04426504507021131,0.9499730535038379,26.722748667544423,26.3702012897368,26.029933665071116,139.98410160159733,4.979366085193868,0.27027359058525025,1.3457911506837676,1.098234642621888,ZONE_02,NORMAL,NONE,0
16.15,RUN_009_NORMAL,TRAIN001,0.0051096959341693894,-0.018087836223059633,1.0261190991143219,26.763504676970534,26.307636086360933,26.004789300421503,140.28254903702802,4.983260054517392,0.27292894166619336,1.3600758927268488,1.1077564093051735,ZONE_02,NORMAL,NONE,0
16.16,RUN_009_NORMAL,TRAIN001,-0.023123262109468093,-0.031912566410653896,1.0441727093401005,26.906277451445476,26.3211892633752,26.023605371311824,140.18315255329122,5.005388093575575,0.2653298826189331,1.3280790353306124,1.0862072992008691,ZONE_02,NORMAL,NONE,0
16.17,RUN_009_NORMAL,TRAIN001,0.01059970718509395,0.0003325152306589686,1.0393264626008074,26.797384207076895,26.216326814050895,25.985787775672772,140.08655656814489,5.009090199496126,0.26669147910039065,1.3358816742508928,1.100770313612888,ZONE_02,NORMAL,NONE,0
16.18,RUN_009_NORMAL,TRAIN001,-0.042980721086184066,0.028427585087466217,1.0491586329264748,26.834374883602173,26.320795031212935,26.033834615270525,139.9893836622283,5.007172016301316,0.28364547957408837,1.4202617078737416,1.091915504744725,ZONE_02,NORMAL,NONE,0
16.19,RUN_009_NORMAL,TRAIN001,-0.05711472975955472,0.001198508260747254,0.9951123709584784,26.8050207360532,26.4086094158837,25.962396118540607,139.48548421572323,4.987362167864234,0.2639006781616301,1.3161682583370289,1.1005982104853156,ZONE_02,NORMAL,NONE,0
16.2,RUN_009_NORMAL,TRAIN001,0.03533646079766586,-0.007607259729630946,0.9577235484533858,26.805794560871508,26.329779672271798,25.987475030453215,139.80301223236373,5.007864312157485,0.2760649625417045,1.3824958737496948,1.098200486772305,ZONE_02,NORMAL,NONE,0
16.21,RUN_009_NORMAL,TRAIN001,-0.057988453070837845,0.008240449479565039,1.0766640922151016,26.851745786862775,26.251299448667254,25.981345243403428,140.12198696807775,4.975778008135766,0.26591577771477093,1.323137878769476,1.0933635155847128,ZONE_02,NORMAL,NONE,0
16.22,RUN_009_NORMAL,TRAIN001,0.03402943487805232,-0.004607417468848213,1.0341925737512558,26.83342626423084,26.325345382621247,26.044237027458625,140.0870218700483,4.992422710525083,0.2702380759790797,1.34914270776656,1.0965242142571456,ZONE_02,NORMAL,NONE,0
16.23,RUN_009_NORMAL,TRAIN001,-0.000549095025492845,-0.011374262345385761,1.0210691604917534,26.803938415784575,26.322573174548516,26.01239808828529,140.23630541479133,4.994764708479628,0.2715156313934533,1.356156693484584,1.1077011403399202,ZONE_02,NORMAL,NONE,0
16.240000000000002,RUN_009_NORMAL,TRAIN001,0.04484257192688204,0.036778707203223085,0.9554201691501721,26.843256910877532,26.306044544549053,26.008663923137984,139.94716188751983,5.002203053020577,0.26919931672697617,1.3465896440027334,1.106191342023833,ZONE_02,NORMAL,NONE,0
16.25,RUN_009_NORMAL,TRAIN001,-0.019724558711521144,0.057522622444042396,0.9859088976504553,26.771603383438194,26.310378645776037,25.994949447842778,140.1387142362106,5.001696832199163,0.271657404052629,1.3587479772934825,1.1008997923890007,ZONE_02,NORMAL,NONE,0
16.26,RUN_009_NORMAL,TRAIN001,-0.007014552808552271,0.014227682667467968,1.0165079667705703,26.822066469324408,26.308440442581972,26.013755650204107,140.13439341039737,5.01093309115326,0.2599245496549577,1.3024645270691362,1.0735926626110694,ZONE_02,NORMAL,NONE,0
16.27,RUN_009_NORMAL,TRAIN001,-0.02972465092013108,0.014557592926204444,0.9799310747138994,26.784685313261374,26.278887035174915,25.99038669487431,139.99149417579673,5.012104071009771,0.27390750551047105,1.3728529234491633,1.1000787225062336,ZONE_02,NORMAL,NONE,0
16.28,RUN_009_NORMAL,TRAIN001,0.026357467164444297,-0.006201064589321206,1.0237295398314856,26.798726149504223,26.318928505974192,25.99779057836128,139.47354493172796,5.022328852861945,0.26335981721575624,1.3226796086871406,1.089558489030906,ZONE_02,NORMAL,NONE,0
16.29,RUN_009_NORMAL,TRAIN001,-0.045276541722762874,-0.0038097796033924026,0.9821462159909707,26.819085406591288,26.285243607292635,25.97008621530616,139.83539480937435,5.006568919795677,0.2708994450989705,1.356276742222401,1.0923178523909487,ZONE_02,NORMAL,NONE,0
16.3,RUN_009_NORMAL,TRAIN001,-0.011896911545792904,0.009054395766483578,0.9643690549270086,26.788224083283712,26.38500679577165,25.990983177963933,140.14523146373892,5.006731515819587,0.26126835218657457,1.3081004929787743,1.0952939720147756,ZONE_02,NORMAL,NONE,0
16.31,RUN_009_NORMAL,TRAIN001,0.054651229164226905,-0.08390195070267469,0.9966551802567755,26.795274865927457,26.31123359923634,26.013930811632864,139.92690200433472,4.99111935450822,0.27469058153710796,1.371013478010978,1.103535808535663,ZONE_02,NORMAL,NONE,0
16.32,RUN_009_NORMAL,TRAIN001,-0.012629472122449355,0.05983206581490621,0.9966128290594692,26.862802367290932,26.347673556888704,26.03485309711892,139.9919941340046,4.988813536378772,0.26548070602650936,1.3244337398724433,1.100735119471039,ZONE_02,NORMAL,NONE,0
16.330000000000002,RUN_009_NORMAL,TRAIN001,-0.023244203910173757,0.021080435376283336,1.0007523165193364,26.866296030420095,26.253446909319578,26.031745152492444,140.16306424335437,5.00924702927894,0.2729199471402098,1.3671234344430614,1.092308421724306,ZONE_02,NORMAL,NONE,0
16.34,RUN_009_NORMAL,TRAIN001,0.0120815320316133,0.0059673954829097325,1.0400317277159659,26.827121188779763,26.311320134589376,26.019229899315587,139.79925265769822,5.010375484337896,0.27907379610331906,1.3982645063171824,1.1065488054224244,ZONE_02,NORMAL,NONE,0
16.35,RUN_009_NORMAL,TRAIN001,0.012648279183689685,0.016712489959123177,0.9409731717616295,26.821148620514865,26.27069887965596,26.025286659152837,140.17504621332344,4.996176578877471,0.26879272497675794,1.3429359171015314,1.113882376180689,ZONE_02,NORMAL,NONE,0
16.36,RUN_009_NORMAL,TRAIN001,-0.03670554694177287,-0.010465443129278114,1.001301067698018,26.89674141311876,26.281347663727498,25.98699607207207,140.19575587040777,5.008861473151892,0.2781849413950961,1.393389835364914,1.0842288677094318,ZONE_02,NORMAL,NONE,0
16.37,RUN_009_NORMAL,TRAIN001,0.10385732779872918,0.005964429240034905,0.9929654727705817,26.796789562657395,26.31652949129188,25.987395890038922,139.85638382174398,5.001184646684967,0.2768145456080244,1.3844006554739272,1.106543249710651,ZONE_02,NORMAL,NONE,0
16.38,RUN_009_NORMAL,TRAIN001,-0.03207181542035409,0.025694619758137013,0.9904272751821762,26.826979880157214,26.300030327653012,26.009581097652436,140.10077793966647,4.988769416934184,0.27227889586060616,1.3583366285459995,1.1085009766990759,ZONE_02,NORMAL,NONE,0
16.39,RUN_009_NORMAL,TRAIN001,0.02750055189310545,-0.06126179008299851,0.9630956688018426,26.7706142206754,26.30750466542727,26.05121490442286,139.9976755097174,4.999767435848642,0.2700557104898684,1.3502157471722125,1.1021766738817416,ZONE_02,NORMAL,NONE,0
16.4,RUN_009_NORMAL,TRAIN001,0.003008387561238465,-0.03361407042484965,0.9756280066933724,26.841869089179276,26.289726738107497,25.9843269025447,140.34139081178745,4.99354566801756,0.2725215844154548,1.3608489772990762,1.0987118570408592,ZONE_02,NORMAL,NONE,0
16.41,RUN_009_NORMAL,TRAIN001,0.05517165168801829,0.022613479963511606,0.9912285149053718,26.819622679978856,26.228613793787495,25.998928888371047,139.85722771219696,4.993814613573293,0.2695281219518871,1.3459734741722984,1.1198629700285994,ZONE_02,NORMAL,NONE,0
16.42,RUN_009_NORMAL,TRAIN001,-0.026700642056986437,0.016802565574838543,1.0918082514674041,26.83785114808456,26.23471008972556,26.009486989705472,139.88022821045394,5.010266673300452,0.2631901770384609,1.3186529727558467,1.1023352087674037,ZONE_02,NORMAL,NONE,0
16.43,RUN_009_NORMAL,TRAIN001,-0.004305243723384617,-0.10332937468874061,0.968780627319076,26.85490892218436,26.263443108204296,25.987810188473123,140.2050024521812,5.00407125477022,0.2791958015081208,1.3971156847793191,1.0929750642773555,ZONE_02,NORMAL,NONE,0
16.44,RUN_009_NORMAL,TRAIN001,0.03217484713799356,-0.008459015725075071,0.9071669243262064,26.774111138340288,26.36242864315404,26.009506440644685,140.25905374734634,5.002247423374662,0.263263610214711,1.3169097158648495,1.111708678578656,ZONE_02,NORMAL,NONE,0
16.45,RUN_009_NORMAL,TRAIN001,-0.004978006116434755,-0.06197798270283842,1.0678653660564184,26.899980957885816,26.246343992594877,26.006911338544192,140.1462435712343,4.9898097536865675,0.2693669586999347,1.344089877841821,1.0894738789828033,ZONE_02,NORMAL,NONE,0
16.46,RUN_009_NORMAL,TRAIN001,-0.02004845666472564,0.00952724514761627,1.0431154300036138,26.803764336657146,26.405717527510763,26.035215420896765,140.0551991890264,5.000345890307631,0.2761632733988196,1.3809118891936902,1.1119469896399212,ZONE_02,NORMAL,NONE,0
16.47,RUN_009_NORMAL,TRAIN001,-0.006439902343230558,0.024893940442555867,0.9747347872501533,26.8514725445712,26.23307097004434,26.01691332522586,139.7362311447001,5.0041470143755165,0.26509339070394866,1.326566299621847,1.0937267997897901,ZONE_02,NORMAL,NONE,0
16.48,RUN_009_NORMAL,TRAIN001,0.008071340530179185,0.05130312965491489,0.9652561378471103,26.818882919125,26.322314957962092,25.998862187510902,139.73324562211286,4.995669631325521,0.2649243300127423,1.323474430043917,1.0892130316211432,ZONE_02,NORMAL,NONE,0
16.490000000000002,RUN_009_NORMAL,TRAIN001,-0.006136146060321838,-0.0009106356324530451,1.018565546131917,26.834963107514437,26.35031559045775,25.97102369952266,139.88062424650803,4.999098363810205,0.27015876081845314,1.3505502191765215,1.0957024347557325,ZONE_02,NORMAL,NONE,0
16.5,RUN_009_NORMAL,TRAIN001,-0.037468598242973994,-0.013637968644421225,1.0141744832021655,26.784327786052664,26.299769972486914,25.99063471459867,139.96690942346982,4.983872108025068,0.2572720614888892,1.2822110514285852,1.0971246991500598,ZONE_02,NORMAL,NONE,0
16.51,RUN_009_NORMAL,TRAIN001,0.024891021746761846,-0.005375191104810855,1.006412391660526,26.783674533850697,26.27630800464336,25.996447511112276,140.27494268631622,4.994733223384732,0.2673470631375778,1.3353272584275953,1.0791875240975162,ZONE_02,NORMAL,NONE,0
16.52,RUN_009_NORMAL,TRAIN001,0.002829985111125951,0.02246761299490525,1.0731542140830657,26.83698789823791,26.304058387705417,26.004555060742934,139.98310608139442,4.990215399193448,0.27519632679267986,1.3732889477623036,1.1113249675915757,ZONE_02,NORMAL,NONE,0
16.53,RUN_009_NORMAL,TRAIN001,-0.016674420465469946,-0.01578893075138331,1.0161485821820164,26.764937199793888,26.24780885516778,26.00186204854141,139.86041426887073,5.003488724305378,0.26952149234518497,1.3485477479070913,1.0892578089324552,ZONE_02,NORMAL,NONE,0
16.54,RUN_009_NORMAL,TRAIN001,-0.0019698636133033106,0.002819129397340861,1.004800868466762,26.847656780131718,26.260190796283954,26.02661099767017,140.1761930894445,4.997049180132297,0.2712666002082993,1.3555325421681577,1.0924380129828488,ZONE_02,NORMAL,NONE,0
16.55,RUN_009_NORMAL,TRAIN001,-0.038744489937950106,0.011739526252342406,0.9299040108211528,26.752733821541383,26.435732524199498,25.977943452526343,139.82955944438385,5.006803612340622,0.27029857055512113,1.353331859465887,1.1026944216343384,ZONE_02,NORMAL,NONE,0
16.56,RUN_009_NORMAL,TRAIN001,0.05278178508339071,-0.039027844801569726,0.9525628943673732,26.855971911009018,26.416182103345008,25.988000603215145,140.27381177036432,5.013839918393434,0.2763647087411274,1.3856484087214394,1.0879995340027941,ZONE_02,NORMAL,NONE,0
16.57,RUN_009_NORMAL,TRAIN001,-0.016959402353729155,0.018052325257944375,1.019253754058942,26.816651522084744,26.230472487000103,25.99261874604683,139.93556703864485,5.004169199420081,0.2715288794389983,1.358776455241684,1.0993013349099252,ZONE_02,NORMAL,NONE,0
16.580000000000002,RUN_009_NORMAL,TRAIN001,0.06847909376755863,0.01681567806704838,1.0307347246810556,26.93580109828753,26.342794761133725,26.011880835307718,140.06576239759977,4.999116593406026,0.27223920939426177,1.3609555490585918,1.100663227368102,ZONE_02,NORMAL,NONE,0
16.59,RUN_009_NORMAL,TRAIN001,0.041975394784574946,0.033466796242004125,0.9847283611141231,26.77238796322374,26.230445413100227,25.980900530320334,139.6063501592318,5.020769566052977,0.27096601954990585,1.3604579443906835,1.1068602786681878,ZONE_02,NORMAL,NONE,0
16.6,RUN_009_NORMAL,TRAIN001,0.035542082251700385,-0.03219655145806732,0.9953874750652157,26.762010696088936,26.30311644589087,25.98974220897863,139.5345093513875,5.0028812675216585,0.26628374773804464,1.3321859734041264,1.0890443156141703,ZONE_02,NORMAL,NONE,0
16.61,RUN_009_NORMAL,TRAIN001,-0.027393486759833306,-0.0242305903532541,0.9787744252335657,26.785450225290724,26.34919954070553,25.99344739358184,139.99726823473014,4.996967678681317,0.2787425379778854,1.3928674529490928,1.0915753009343143,ZONE_02,NORMAL,NONE,0
16.62,RUN_009_NORMAL,TRAIN001,0.1075746508397693,-0.01374348202099327,0.9550992561681513,26.808269541755966,26.377674629047526,25.966684165791328,140.40085678142464,5.004410820008891,0.26953009503447106,1.3488393239085317,1.1058105230859079,ZONE_02,NORMAL,NONE,0
16.63,RUN_009_NORMAL,TRAIN001,-0.05331951770283611,-0.013799708103048708,1.1376514500762396,26.81092490212201,26.348248099339223,25.986664510676952,140.0062031287902,5.008357631980332,0.2743460580354201,1.3740231735654156,1.083900924798473,ZONE_02,NORMAL,NONE,0
16.64,RUN_009_NORMAL,TRAIN001,0.03802346992898037,0.043307304017055945,0.9542675554164903,26.83198637666423,26.325039023542676,26.01318625564682,139.80281401406026,4.997983600720803,0.25922899334285715,1.2956222575589624,1.101621549386556,ZONE_02,NORMAL,NONE,0
16.65,RUN_009_NORMAL,TRAIN001,-0.005968109167706111,-0.008095237635252201,1.0171873629956165,26.776688738901584,26.38334994872559,25.970114334655484,139.88668512439006,5.00227063470642,0.2690346972739105,1.3457843658904138,1.1055499831825704,ZONE_02,NORMAL,NONE,0
16.66,RUN_009_NORMAL,TRAIN001,-0.04458718440130591,-0.02117923097678574,1.0330696383048568,26.828416289361062,26.47775915930019,26.016274866643084,139.962789500673,5.014341440512751,0.2675331256382428,1.341502438597745,1.103164043078369,ZONE_02,NORMAL,NONE,0
16.67,RUN_009_NORMAL,TRAIN001,0.00520284144957165,-0.023488610084323524,0.9461263974653535,26.94639094853858,26.262190797722496,25.98867169722877,140.33266142359807,5.001124205153476,0.2765182979443193,1.382902353017176,1.0930518055591671,ZONE_02,NORMAL,NONE,0
16.68,RUN_009_NORMAL,TRAIN001,0.0006562695369795138,-0.024968569735744815,0.9755458594756209,26.829604436777263,26.366718139403535,26.035804319818123,140.28069825374143,5.0082781390925275,0.27728737810419996,1.3887323140055485,1.0968436995718969,ZONE_02,NORMAL,NONE,0
16.69,RUN_009_NORMAL,TRAIN001,0.009566353352858523,0.015287983794293374,0.9827246259652227,26.82812574451373,26.31460810367196,25.990008223549346,139.7408935162942,4.990550181791364,0.2792252351945548,1.3934875482609217,1.0902874975471182,ZONE_02,NORMAL,NONE,0
16.7,RUN_009_NORMAL,TRAIN001,-0.0058766937260532085,-0.032854358405229496,1.0294511108624755,26.87081131319044,26.319625635839348,25.97633178841864,139.96324453946303,5.002334411423721,0.26980535308176423,1.3496566021072363,1.1250490431833668,ZONE_02,NORMAL,NONE,0
16.71,RUN_009_NORMAL,TRAIN001,-0.025728688621166083,0.055020990042942086,1.0570659012918742,26.756997665175852,26.29684673438104,26.00738128595239,140.15542926456436,4.980993880020472,0.2744644627559166,1.3671058092703277,1.102262362124643,ZONE_02,NORMAL,NONE,0
16.72,RUN_009_NORMAL,TRAIN001,-0.005128511752236549,0.03658507218877758,0.9854581611770601,26.92329394883637,26.28578187167654,26.011955992477752,139.84084707588227,5.001528255122957,0.26924784681861513,1.3466507134943213,1.084550786813809,ZONE_02,NORMAL,NONE,0
16.73,RUN_009_NORMAL,TRAIN001,0.03382138852900488,-0.007467137899115487,1.0034788020920509,26.82612560496392,26.318693161620068,26.010914922875063,140.07855759351568,5.00105633195055,0.27040974032549236,1.3523343440759075,1.114998472921848,ZONE_02,NORMAL,NONE,0
16.740000000000002,RUN_009_NORMAL,TRAIN001,0.00018417672505812853,0.007040295851524125,0.99977726198699,26.91210621536296,26.260551047648658,26.027112603131442,140.06201914118088,5.009425441934629,0.26721901967439493,1.338613755725744,1.1090447105565442,ZONE_02,NORMAL,NONE,0
16.75,RUN_009_NORMAL,TRAIN001,0.029247708034258597,0.024692538447989423,0.9890216395894849,26.81862884579266,26.286834379384427,26.00792717064372,139.99092860157273,4.993262748760542,0.26846682075684947,1.34052537536335,1.1040622600098215,ZONE_02,NORMAL,NONE,0
16.76,RUN_009_NORMAL,TRAIN001,0.015927660794823873,0.007981201936718488,0.9928029990237642,26.843458006889275,26.324215831290207,26.003850517275076,139.80370160968903,5.007357866011408,0.2741657749879102,1.372846149976826,1.0996173082495753,ZONE_02,NORMAL,NONE,0
16.77,RUN_009_NORMAL,TRAIN001,0.03227133239098926,0.006298710573661224,1.0283581129083952,26.911728400572382,26.30863770161507,25.97343526278954,139.89958467384017,4.998410497147167,0.27452678444272505,1.3721975611065744,1.0942190964280383,ZONE_02,NORMAL,NONE,0
16.78,RUN_009_NORMAL,TRAIN001,-0.0348462179580015,-0.043797932914999664,1.0586720515514494,26.798406373630126,26.23148711119004,25.98662363529175,140.35093390231336,4.976502097650901,0.2725903634904999,1.3565465157098944,1.0930039574694088,ZONE_02,NORMAL,NONE,0
16.79,RUN_009_NORMAL,TRAIN001,0.04097401358303872,0.012115593652092737,1.028207267568956,26.79662202291045,26.314213148538506,26.0200532194796,140.17691092788868,5.0100507315275715,0.2652899960577032,1.3291163388158425,1.0889460541602274,ZONE_02,NORMAL,NONE,0
16.8,RUN_009_NORMAL,TRAIN001,-0.01972278364916966,0.023468038725609947,0.9565853211994716,26.8119247264293,26.265439574934053,25.990178623771694,139.94602675431068,4.995343269503845,0.2575844499201714,1.2867227482375783,1.1161910612996588,ZONE_02,NORMAL,NONE,0
16.81,RUN_009_NORMAL,TRAIN001,-0.04228488858325561,-0.03194932138095048,0.9504174090016932,26.92526684608844,26.33165906578833,26.004599874866113,140.15193798044888,4.997340104757958,0.2699605834698614,1.3490848504777968,1.1069440859864033,ZONE_02,NORMAL,NONE,0
16.82,RUN_009_NORMAL,TRAIN001,0.031691964921632225,-0.0027535500472468995,1.0243945513759984,26.828363233566524,26.360020407407244,26.012946644436507,140.06732575354374,5.002041345489104,0.2582490486929884,1.291772418995557,1.1000980886314498,ZONE_02,NORMAL,NONE,0
16.830000000000002,RUN_009_NORMAL,TRAIN001,0.025757603255338175,-0.039385993716985875,0.9892921389722925,26.888818483065794,26.272080599818267,26.021542911808293,139.8434994577201,5.010240475334986,0.26770686230214313,1.3412757570311273,1.1136494461256556,ZONE_02,NORMAL,NONE,0
16.84,RUN_009_NORMAL,TRAIN001,0.06353145597448008,-0.04094173483917229,1.0634949647832825,26.780376515209067,26.327394228803104,25.980847781367256,140.12652177074776,4.9821703367472105,0.26308236574814914,1.310721158751709,1.1015524783054973,ZONE_02,NORMAL,NONE,0
16.85,RUN_009_NORMAL,TRAIN001,0.000766954752274543,-0.04191526995381866,0.9630605810446559,26.821245053283285,26.328901934411647,26.005722027245206,140.07833111293155,4.998787892455971,0.26612306700021565,1.3302927652239274,1.1084226667016996,ZONE_02,NORMAL,NONE,0
16.86,RUN_009_NORMAL,TRAIN001,0.02114287187649142,0.013366447022893498,0.9852799292401855,26.85574028220014,26.378449630386413,25.963455719052355,139.88230665580036,4.994724493874044,0.26792391930966164,1.3382061622706998,1.1077864462668567,ZONE_02,NORMAL,NONE,0
16.87,RUN_009_NORMAL,TRAIN001,-0.013736025345658863,-0.019686489677804016,1.0094818220480108,26.92899739763555,26.359866778122925,26.019912502295664,140.08253997462535,4.983337839621739,0.27242873540116336,1.3576044257249158,1.1025668838100198,ZONE_02,NORMAL,NONE,0
16.88,RUN_009_NORMAL,TRAIN001,-0.02966386170050047,0.03392437580933576,1.0142029893484947,26.94675139666687,26.376193006113823,25.999281494743546,139.91804813663396,5.000281033188234,0.26383166361283356,1.31923246351775,1.0929223311628014,ZONE_02,NORMAL,NONE,0
16.89,RUN_009_NORMAL,TRAIN001,0.026409417454927142,0.018406169358420873,1.0265821478849269,26.78068206337324,26.391307529233085,25.968953187110177,139.85107324031281,5.00445346970498,0.2729030064007176,1.3657303972749912,1.108250952954569,ZONE_02,NORMAL,NONE,0
16.9,RUN_009_NORMAL,TRAIN001,0.030337989237614098,-0.03583914500348312,1.000043514303487,26.87588433888228,26.387603881533387,26.014872073434834,139.76541110191536,5.008188581425748,0.26834237306892267,1.3439092087164666,1.0844842988623236,ZONE_02,NORMAL,NONE,0
16.91,RUN_009_NORMAL,TRAIN001,-0.045007601783645226,0.02478640029112743,0.9560093563655492,26.834387570758206,26.322591728896853,25.99929488418256,140.03999376631822,4.989592090723749,0.27041960930101444,1.3492835437449482,1.1100635342943685,ZONE_02,NORMAL,NONE,0
16.92,RUN_009_NORMAL,TRAIN001,0.04892872259773983,-0.01916469453883625,1.038646307336982,26.851939498507075,26.27675273593653,26.033832023507006,139.8626003885123,5.000684257642395,0.26305442107513266,1.3154521023736498,1.098153974070687,ZONE_02,NORMAL,NONE,0
16.93,RUN_009_NORMAL,TRAIN001,-0.017679645215616043,-0.006211488975028995,0.9996786689319556,26.91147151431361,26.331120663807596,25.98461047823935,139.7258478510333,5.007313243105174,0.2703818842921333,1.3538867899117297,1.0957357263650476,ZONE_02,NORMAL,NONE,0
16.94,RUN_009_NORMAL,TRAIN001,0.06142619475856722,0.04950490358553019,1.0454260576007985,26.819701777204017,26.312687950823516,26.021381152487113,139.92104783020142,5.005534826922087,0.26925761047556,1.347778346649237,1.095296944081137,ZONE_02,NORMAL,NONE,0
16.95,RUN_009_NORMAL,TRAIN001,0.016500021244643476,-0.0009204255649374384,1.0443793254902276,26.857887991180593,26.299569524295492,25.995161962043827,139.69954455473217,5.009786981279761,0.26556401059880425,1.3304191229943299,1.1142450970193696,ZONE_02,NORMAL,NONE,0
16.96,RUN_009_NORMAL,TRAIN001,0.0005549442255228019,-0.03863183129809932,1.0109553080235965,26.780896466867873,26.428968639180514,25.987872934836474,140.01670085688897,4.9831340049518635,0.27254812881138957,1.358143848666036,1.1077397168345728,ZONE_02,NORMAL,NONE,0
16.97,RUN_009_NORMAL,TRAIN001,-0.040542273672243494,-0.012146255038170031,1.0558700502291511,26.85798641051345,26.32849882072819,26.001377863492404,139.69520115430672,5.00223232559405,0.26686655666152276,1.3349285163522453,1.1017784310133147,ZONE_02,NORMAL,NONE,0
16.98,RUN_009_NORMAL,TRAIN001,0.002093555492301736,0.025614025605873992,0.9474799126335713,26.870538224504735,26.24734106047943,26.00419990630832,140.23613581234062,4.997376024353865,0.2678574318379663,1.3385843078120523,1.0997626874744888,ZONE_02,NORMAL,NONE,0
16.990000000000002,RUN_009_NORMAL,TRAIN001,-0.0364108347300629,-0.03131531707253395,0.9728892995768943,26.788223328286314,26.383778321421715,25.983894915984326,140.05784318656285,5.002633465912382,0.27227106968030923,1.362072364982477,1.0894487313861858,ZONE_02,NORMAL,NONE,0
17.0,RUN_009_NORMAL,TRAIN001,0.016104972046100525,0.028929089995386514,0.9918397607967806,26.836551743154438,26.295192669890522,26.00955347638451,139.68210610906223,5.007477441326469,0.27591361104890577,1.3816311830823214,1.10538577170236,ZONE_02,NORMAL,NONE,0
17.01,RUN_009_NORMAL,TRAIN001,-0.02630102430133087,-0.025888518834780255,0.931169833744003,26.86469833456039,26.277791536520645,26.023533183021275,140.057610275512,5.0082625667708625,0.27440987857091187,1.3743167227988358,1.093139915867948,ZONE_02,NORMAL,NONE,0
17.02,RUN_009_NORMAL,TRAIN001,-0.01243683582979998,-0.014641022805841846,0.9657844138569586,26.83393438949589,26.32745747672026,25.97159019789923,139.94782298484952,4.997795846300758,0.2657173099528354,1.3280008679724917,1.1033456221316162,ZONE_02,NORMAL,NONE,0
17.03,RUN_009_NORMAL,TRAIN001,-0.03204452480638225,0.017579247443367245,1.0833232012097418,26.905539241057678,26.371852211107893,26.041806543398692,140.21232279407874,4.989015112876102,0.2698424709149237,1.3462481654903844,1.0740831249917984,ZONE_02,NORMAL,NONE,0
17.04,RUN_009_NORMAL,TRAIN001,-0.031835614907510024,0.036465831624998085,1.0205291263393743,26.756827582861344,26.28348919772616,25.998794040033534,139.991225394952,4.997527208117064,0.2730826565185308,1.3647380060162444,1.090493462791147,ZONE_02,NORMAL,NONE,0
17.05,RUN_009_NORMAL,TRAIN001,0.04056673442676633,-0.012910654254391335,0.9922675554596498,26.927379200625527,26.226492911670363,26.011116736788775,139.92109867723647,4.994928287960485,0.2626532256688425,1.3119340268173705,1.1176404482269457,ZONE_02,NORMAL,NONE,0
17.06,RUN_009_NORMAL,TRAIN001,0.0008105554116996829,-0.016773104781003707,0.9862004373854336,26.927717935389204,26.325842600754807,25.992548810747973,139.82261164611666,5.003752620840045,0.25977332304830847,1.2998414460273011,1.1073979951372444,ZONE_02,NORMAL,NONE,0
17.07,RUN_009_NORMAL,TRAIN001,0.0361696654609839,0.015564835591364998,1.000288704660939,26.842898929408147,26.325294108052063,25.94557168827996,140.03366243364184,4.997109768128954,0.26808508961258426,1.339650619992771,1.0958036897102494,ZONE_02,NORMAL,NONE,0
17.080000000000002,RUN_009_NORMAL,TRAIN001,-0.05660071043770447,-0.019641668936478795,1.0014178319054765,26.76977747716104,26.30864378486191,26.033380129503886,140.2171172200734,5.009516124302732,0.2701077367089915,1.35310906234261,1.1029836003150626,ZONE_02,NORMAL,NONE,0
17.09,RUN_009_NORMAL,TRAIN001,0.0035844562847765485,0.03212209104710073,1.009948882981077,26.777613959960732,26.29699196042315,26.01036075118743,140.26536898161615,5.017671572305209,0.27487867819632916,1.3792509294185527,1.1065764549625745,ZONE_02,NORMAL,NONE,0
17.1,RUN_009_NORMAL,TRAIN001,0.027060024786895304,0.017930098628439948,0.9689104747514645,26.841206324690322,26.22264609457813,25.989823519655168,140.20800496414475,5.00915857011051,0.26200814792706256,1.3124403596276277,1.1106537857901964,ZONE_02,NORMAL,NONE,0
17.11,RUN_009_NORMAL,TRAIN001,0.005257171735344102,-0.04883580080220798,1.0787139963255346,26.964203201490545,26.33075627692847,25.999554201083928,140.34815209570235,4.9929031724320385,0.2729203562481575,1.362664912532708,1.084236918661558,ZONE_02,NORMAL,NONE,0
17.12,RUN_009_NORMAL,TRAIN001,0.017838765089511033,0.056407113427428025,0.9854764955991607,26.879441423504936,26.313186784432276,26.009206237466675,139.87079273246206,4.9973925437257485,0.2625111709818713,1.311871368509519,1.104793249639589,ZONE_02,NORMAL,NONE,0
17.13,RUN_009_NORMAL,TRAIN001,-0.04543008537836041,-0.011190451958132388,0.9578657777941137,26.959355150963074,26.37355109868195,26.01369419937536,139.9404088061262,4.991549077578129,0.27245637489729313,1.3599793667988644,1.0875037204683082,ZONE_02,NORMAL,NONE,0
17.14,RUN_009_NORMAL,TRAIN001,0.0017950769367996453,-0.025243829327629645,0.9866434323337844,26.89652902421308,26.368648816247195,25.997815373084137,140.31806399301132,5.0043341657801435,0.2812805534213713,1.4076218836561154,1.1074054805862648,ZONE_02,NORMAL,NONE,0
17.150000000000002,RUN_009_NORMAL,TRAIN001,-0.03865812450776017,0.05359179657782032,1.0135135201814236,26.909985001118315,26.351698746329035,26.00839305022171,140.13734709522143,4.998381671673984,0.2659493504946332,1.329316359105975,1.1196974411699583,ZONE_02,NORMAL,NONE,0
17.16,RUN_009_NORMAL,TRAIN001,0.07454918094658719,-0.024890552576751504,1.0728998636095113,26.82202273847952,26.281103899044684,26.009692901909936,139.9977248648869,4.989878918616733,0.2610580637242321,1.3026481287124496,1.0935503181172572,ZONE_02,NORMAL,NONE,0
17.17,RUN_009_NORMAL,TRAIN001,-0.02393855905904979,-0.0036816262870342123,0.9613885362105565,26.88097311133341,26.359393431196057,26.01155240463586,139.9809265767889,4.996046013551614,0.274888023113543,1.3733532120495002,1.0984994372923775,ZONE_02,NORMAL,NONE,0
17.18,RUN_009_NORMAL,TRAIN001,0.011023109682233303,-0.031188575452961848,0.9382212722570169,26.851997943889145,26.307050022911532,25.97462480874853,139.93462918397879,5.0090785882195386,0.26594232322916456,1.3321259969885677,1.1150204987366341,ZONE_02,NORMAL,NONE,0
17.19,RUN_009_NORMAL,TRAIN001,-0.014049685332579937,0.018052602003650706,1.0335179661306482,26.776928495306024,26.322246148010258,25.999774692925026,140.15938698449963,5.008162820584867,0.26794900444942515,1.3419322418963402,1.114810549009375,ZONE_02,NORMAL,NONE,0
17.2,RUN_009_NORMAL,TRAIN001,-0.04017100976599365,-0.02767364312906949,1.0054431504633763,26.84481542725047,26.334962170144376,26.002920743436245,139.64311288163844,4.988299655049186,0.2696261068999459,1.3449758160412553,1.1025823019398773,ZONE_02,NORMAL,NONE,0
17.21,RUN_009_NORMAL,TRAIN001,-0.07164806704228675,0.016267785525696472,0.9427429865640008,26.83908652593062,26.27031538139167,25.97673536231469,139.86389823136767,5.001244039240943,0.26659424060447684,1.3333028567191054,1.0967248561178435,ZONE_02,NORMAL,NONE,0
17.22,RUN_009_NORMAL,TRAIN001,0.01807450379048893,0.014288366559642085,1.0079570816788348,26.869220939224547,26.43707165145538,26.009796577772562,140.32290898847364,4.980259939404132,0.2714048756151861,1.3516668293852727,1.1001080045496854,ZONE_02,NORMAL,NONE,0
17.23,RUN_009_NORMAL,TRAIN001,0.03933071385085214,0.00795694034367569,1.0353770384761611,26.868294504419897,26.197172067341103,25.975784840551604,139.67326711657125,5.010322683023719,0.2769865921533425,1.3877922055593315,1.116087007385615,ZONE_02,NORMAL,NONE,0
17.240000000000002,RUN_009_NORMAL,TRAIN001,0.003515719580851268,0.035991245488333067,1.0057916110698824,26.98958644781162,26.333580991944803,25.98028807110139,140.37156008680086,5.011329731558607,0.2665846122994059,1.335943393592037,1.0950477701863404,ZONE_02,NORMAL,NONE,0
17.25,RUN_009_NORMAL,TRAIN001,0.006054806311540016,-0.02111073194282957,0.9959053642730782,26.78416366756356,26.28793160362194,25.983326972229985,140.12622472135655,5.005107441006529,0.2649068448868913,1.325887220516942,1.097743160429051,ZONE_02,NORMAL,NONE,0
17.26,RUN_009_NORMAL,TRAIN001,0.04381068381374545,-0.01575724568786865,0.9915977248578552,26.834617982729252,26.295922949165174,25.984997678119456,140.21498857052276,4.984173000470422,0.26229437370850783,1.3073205356132438,1.0992203123127298,ZONE_02,NORMAL,NONE,0
17.27,RUN_009_NORMAL,TRAIN001,-0.0007863838780475298,-0.0016934434379039813,0.9716761188676624,26.824604473437564,26.28831711954641,26.014807895937835,139.9125766660355,4.994496488497867,0.2708216240896031,1.352617650524812,1.0923244220911361,ZONE_02,NORMAL,NONE,0
17.28,RUN_009_NORMAL,TRAIN001,-0.037971775179684815,-0.0068738507595283715,1.0516271023974038,26.836317525847214,26.37798327717203,25.993476280172402,139.9993973384535,5.001225503858698,0.2581614776699799,1.291123766236951,1.0954692034599811,ZONE_02,NORMAL,NONE,0
17.29,RUN_009_NORMAL,TRAIN001,-0.009778738978980675,0.00321722376084508,0.975193290788872,26.86171328013478,26.348673618861284,26.00102749770933,140.15351648689045,5.0064299380852395,0.26909751568579765,1.3472178587937398,1.1190513074893367,ZONE_02,NORMAL,NONE,0
17.3,RUN_009_NORMAL,TRAIN001,-0.025998337757876935,-0.025839722862425387,0.9824955144647505,26.877949078654538,26.315617730936783,25.992639228109507,139.88393372547716,4.9934340804358,0.2692074618513693,1.344269714716248,1.100065595173738,ZONE_02,NORMAL,NONE,0
17.31,RUN_009_NORMAL,TRAIN001,0.03388333654326162,0.013787577544205773,1.0442613233263507,26.944596009710928,26.341611238967648,25.991524507976607,139.46144114626506,5.016485263137734,0.26550959073482544,1.331924949142983,1.0894780632667653,ZONE_02,NORMAL,NONE,0
17.32,RUN_009_NORMAL,TRAIN001,-0.0031657579644812084,0.01639327529502227,0.9963675057161616,26.87066903235906,26.30928919609602,25.960213459441082,140.00511259824913,5.000441981506719,0.26888851927638246,1.3445614401348016,1.098485203614387,ZONE_02,NORMAL,NONE,0
17.330000000000002,RUN_009_NORMAL,TRAIN001,-0.0007354822185143776,0.025342696430950492,0.973591972811731,26.90801900112843,26.331796007300074,26.010701505988944,140.00682579072318,4.998848327537783,0.268071497851138,1.3400487586937095,1.0765783422275188,ZONE_02,NORMAL,NONE,0
17.34,RUN_009_NORMAL,TRAIN001,0.05467836220534229,0.0063638659839982585,1.049217628414845,26.96248426215452,26.342304673845014,25.96406954941164,139.87793462423812,4.989028350116472,0.2726289471786343,1.3601535465366126,1.1120435363739782,ZONE_02,NORMAL,NONE,0
17.35,RUN_009_NORMAL,TRAIN001,0.005550250679756322,0.009598797702267419,0.992166640317705,26.81466225934521,26.341868770347574,26.004781635914313,139.67601514638088,4.994503909024653,0.25865302909940907,1.291843564918066,1.0970193929952885,ZONE_02,NORMAL,NONE,0
17.36,RUN_009_NORMAL,TRAIN001,0.007187181379371439,-0.006630474578225479,0.9518154796666055,26.86950500974706,26.3951371041279,25.998071420204816,139.72492986005568,5.0166423923660135,0.27247723092915277,1.3669208276336917,1.1008131188687917,ZONE_02,NORMAL,NONE,0
17.37,RUN_009_NORMAL,TRAIN001,-0.024349504758190973,0.027166846965567436,0.9247024788745255,26.875271339456923,26.432901372675833,26.033055696121092,139.82125744017043,5.020898736594162,0.2664134095167657,1.337634751254472,1.1009045816597796,ZONE_02,NORMAL,NONE,0
17.38,RUN_009_NORMAL,TRAIN001,0.044552613948838096,-0.014685417783319062,1.0257294605090348,26.89947908631636,26.29723603913736,26.00882261995049,140.063034412854,5.00351516931119,0.26605281978333556,1.3311993196239358,1.1107647431617218,ZONE_02,NORMAL,NONE,0
17.39,RUN_009_NORMAL,TRAIN001,5.2803345921002745e-06,0.03311698158341204,0.9959917241749643,26.871195251014743,26.361184084994356,25.99094240181904,139.75743594831826,4.995034936324029,0.26775558476550876,1.3374485002995864,1.1001293095559523,ZONE_02,NORMAL,NONE,0
17.400000000000002,RUN_009_NORMAL,TRAIN001,-0.00026172436121529136,0.020456682469565755,1.0565047568968005,26.90803018362053,26.317658813560723,26.038740855443525,139.72925115067343,4.999121311332658,0.2686960307425689,1.3432440535556713,1.0965055092099414,ZONE_02,NORMAL,NONE,0
17.41,RUN_009_NORMAL,TRAIN001,0.004903923675130303,-0.06871970957845817,0.9490917522233013,26.873007647821655,26.39950547079881,26.00837277916953,139.9385967987087,5.001712933515628,0.26504456793534353,1.3256768434002693,1.090515891258367,ZONE_02,NORMAL,NONE,0
17.42,RUN_009_NORMAL,TRAIN001,0.016624964055779335,0.03510911747495042,1.0236616501830982,26.897578384004422,26.304401913843083,25.998165034127137,139.8931012860115,5.001796141490644,0.2587262145278916,1.2940957815280887,1.0923026119834702,ZONE_02,NORMAL,NONE,0
17.43,RUN_009_NORMAL,TRAIN001,0.011889212736965043,-0.009358168906289292,0.9755707854385369,26.848648144028267,26.28160311568217,25.985107014153467,139.57115108284185,4.989442875173518,0.2681088483660191,1.3377137832508113,1.0973661516344118,ZONE_02,NORMAL,NONE,0
17.44,RUN_009_NORMAL,TRAIN001,-0.035768032643373804,0.05199606522090866,1.0185514372963704,26.86099581574181,26.21848610949257,25.988706104414646,139.55177818120163,5.0026887692886355,0.2703304864765041,1.3523792886923405,1.094137554154997,ZONE_02,NORMAL,NONE,0
17.45,RUN_009_NORMAL,TRAIN001,-0.10278142326218238,-0.03283982816992567,0.9678422376991853,26.91458978240047,26.330351470871665,25.998652565429456,139.97112789665732,5.000335060442095,0.2616228682730755,1.3082020008392832,1.0832767249372588,ZONE_02,NORMAL,NONE,0
17.46,RUN_009_NORMAL,TRAIN001,0.02664162218976417,-0.03282099048501211,0.9940091625726932,26.828144049942363,26.340443046025108,25.998193485658398,140.0239060693173,5.005692913411347,0.27182001366029357,1.3606475161027072,1.105436254211257,ZONE_02,NORMAL,NONE,0
17.47,RUN_009_NORMAL,TRAIN001,0.005855916553588698,-0.019754213709896037,1.0207272243043644,26.85282551607514,26.33680479325235,26.042681467424458,140.25971390205154,4.992523646774751,0.2786587867697532,1.391210582329556,1.1064605226696667,ZONE_02,NORMAL,NONE,0
17.48,RUN_009_NORMAL,TRAIN001,-0.029630271795634745,0.006396400255293595,1.055568230722976,26.851068824801555,26.349279062188916,25.993762026338867,140.12823192782912,4.984836507582132,0.2644309227347231,1.3181449173816777,1.1052400797102833,ZONE_02,NORMAL,NONE,0
17.490000000000002,RUN_009_NORMAL,TRAIN001,0.021856401780791512,0.03272213697529442,0.9683327999576228,26.84626173170656,26.41115964628257,26.042319683428996,139.59616443084792,5.012891184305712,0.27217401432293853,1.364378716996555,1.108569064427407,ZONE_02,NORMAL,NONE,0
17.5,RUN_009_NORMAL,TRAIN001,-0.03962687724627814,-0.019269664336534962,0.9139811185838115,26.83431117514936,26.26654007700599,25.977701853039495,139.99907794724228,4.996280856023779,0.26636313867930744,1.3308250505338306,1.098688468710308,ZONE_02,NORMAL,NONE,0
17.51,RUN_009_NORMAL,TRAIN001,-0.034269749852921326,-0.02067268362011459,0.9830219154080148,27.01374485998021,26.27592773967178,26.007656462830997,140.12475368257856,4.9941192508028305,0.26254703050634415,1.3111911792928512,1.084648341157347,ZONE_02,NORMAL,NONE,0
17.52,RUN_009_NORMAL,TRAIN001,-0.05186490965052713,-0.027167286062228766,0.9885104019630939,26.833056022820273,26.48540892727849,25.99061513086187,139.82072354929036,5.007779841286373,0.27442328235964425,1.3742513813802648,1.091387460191145,ZONE_02,NORMAL,NONE,0
17.53,RUN_009_NORMAL,TRAIN001,0.0013793334386393288,-0.016452032896816765,1.0334628844147697,26.799131289246365,26.280757749931112,26.012815699773796,140.17560702873422,5.0108825066252685,0.26782476416203205,1.3420384255805644,1.0920716530717594,ZONE_02,NORMAL,NONE,0
17.54,RUN_009_NORMAL,TRAIN001,-0.02131113553219053,0.03678486432264426,1.0214841562508128,26.902880381859703,26.33892961691899,25.99688356258642,140.17273240319804,4.994479781514533,0.2663794286516824,1.330426670612221,1.1193382453552874,ZONE_02,NORMAL,NONE,0
17.55,RUN_009_NORMAL,TRAIN001,0.031018167154051587,-0.019539879416906877,0.9676877393062759,26.9197364450715,26.296399726289746,25.987583661730866,139.74473797319143,4.979651464525186,0.2727163024897018,1.3580321350927371,1.078275616349075,ZONE_02,NORMAL,NONE,0
17.56,RUN_009_NORMAL,TRAIN001,0.021484906607568535,-0.004858560584841918,0.9511198811835591,26.896848772980313,26.382312357693895,26.017804278006672,140.02395898423293,4.984318305004182,0.2719410026951998,1.3554405176148758,1.0996889862238215,ZONE_02,NORMAL,NONE,0
17.57,RUN_009_NORMAL,TRAIN001,-0.006073750897598721,0.025367392967296502,1.0018600333585574,26.87447643442339,26.299224433123292,25.982431139799345,140.10596480974206,5.02368346707081,0.27555415658645976,1.384296860726039,1.1091219378684634,ZONE_02,NORMAL,NONE,0
17.580000000000002,RUN_009_NORMAL,TRAIN001,0.013426962484876924,-0.013720796431116804,0.9501720280651493,26.810078669409783,26.35803185478718,25.967855086271285,139.88285721444217,4.996270046578531,0.2790551704916304,1.3942349896701982,1.0977631551832265,ZONE_02,NORMAL,NONE,0
17.59,RUN_009_NORMAL,TRAIN001,-0.010273544007865724,0.002910056045692209,0.9536776865024837,26.93518252580889,26.40696147919669,25.986128747489882,139.73891530489428,5.000365142578635,0.26801928035425204,1.3401942670224125,1.1030563613669513,ZONE_02,NORMAL,NONE,0
17.6,RUN_009_NORMAL,TRAIN001,-0.01481470347050181,0.04166874318229396,0.9596896118912983,26.777661474497627,26.312764632561667,25.984733382214404,140.09330575581546,4.981445532678018,0.26370766979391785,1.313645393627842,1.1065722093352188,ZONE_02,NORMAL,NONE,0
17.61,RUN_009_NORMAL,TRAIN001,-0.0488043527336166,-0.023885336781368904,1.0289119508901539,26.961563198048,26.42461985244224,26.015227376036133,140.432826069744,5.011755819950497,0.2690642490707948,1.348484316221166,1.0785352887870971,ZONE_02,NORMAL,NONE,0
17.62,RUN_009_NORMAL,TRAIN001,0.03874113174277336,-0.006057847856514089,0.9645187597720126,26.909285759431796,26.25029204590514,25.97330468643786,139.9449241813602,4.989065850903148,0.27180109176507905,1.3560335451633487,1.1015723761526535,ZONE_02,NORMAL,NONE,0
17.63,RUN_009_NORMAL,TRAIN001,0.05981510164226614,0.00493158898025243,0.9728791958452331,26.95886734226859,26.29030236206621,26.00795942603894,140.37169362701727,5.0127386120665545,0.26938010087361114,1.350332032971534,1.1133936372809745,ZONE_02,NORMAL,NONE,0
17.64,RUN_009_NORMAL,TRAIN001,0.012052078897127092,-0.005579756711416735,0.9858049935884088,26.87019842383333,26.318642456294576,26.037200625908973,139.81775321319645,4.995013644933728,0.2775996408634147,1.386613993941459,1.0954746911868007,ZONE_02,NORMAL,NONE,0
17.650000000000002,RUN_009_NORMAL,TRAIN001,0.03032981379225424,0.006522628598243566,1.055633778340872,26.884973118817353,26.331721193239883,25.99532189846162,140.2341069472246,4.986504673603881,0.2686614889611673,1.3396817703222383,1.0914760929773835,ZONE_02,NORMAL,NONE,0
17.66,RUN_009_NORMAL,TRAIN001,0.002866338353775751,-0.040324778448721496,0.9854207812819603,26.878007082923386,26.321051519584383,26.014048341470737,139.3756977729362,5.001669239242396,0.2813465733455731,1.4072025014688077,1.090736500093053,ZONE_02,NORMAL,NONE,0
17.67,RUN_009_NORMAL,TRAIN001,0.002908040300806242,0.026027574239008512,0.928118186985698,26.87511290690955,26.32951121272877,26.02351697555137,139.66614322793285,5.019874067524147,0.26516078932710796,1.331073770067383,1.0863423655146291,ZONE_02,NORMAL,NONE,0
17.68,RUN_009_NORMAL,TRAIN001,-0.06527429371925132,-0.0015728181708642118,0.9736945299915782,26.82407060609295,26.343778080215444,26.025477902196187,140.0921072512031,4.976864351830987,0.263644838839413,1.3121245999641002,1.0969834681364632,ZONE_02,NORMAL,NONE,0
17.69,RUN_009_NORMAL,TRAIN001,-0.031198893884837223,0.006432848037448891,0.933411897551135,26.95143836070153,26.36981410983225,25.97080840876512,140.31096179353852,4.99191497792106,0.26826493441694427,1.339155744166955,1.0943317462205926,ZONE_02,NORMAL,NONE,0
17.7,RUN_009_NORMAL,TRAIN001,-0.0247488120419405,0.038815858399363405,0.9698583344930329,26.938025499091466,26.360541265199235,26.023920936795417,140.30241394761228,5.011931171175875,0.2721948014456976,1.3642216099977198,1.0924948127861396,ZONE_02,NORMAL,NONE,0
17.71,RUN_009_NORMAL,TRAIN001,-0.0057888476982873895,0.0030969141878664907,1.0168256698332618,26.879368031701624,26.352883915125382,26.021725771011834,140.02229990556367,4.998356316850982,0.2673287701299445,1.3362044468550123,1.0934425976101387,ZONE_02,NORMAL,NONE,0
17.72,RUN_009_NORMAL,TRAIN001,0.029930270657091734,0.009592501795139274,1.0372717166582457,26.899966609145956,26.28697885830043,25.985322364343986,140.2241756675505,5.008102686734202,0.2635291562127362,1.3197810752618013,1.0884960148493594,ZONE_02,NORMAL,NONE,0
17.73,RUN_009_NORMAL,TRAIN001,-0.05403675973329913,-0.01837918931510036,1.0462212815939638,26.971042963366642,26.315916144653684,25.991675563529842,139.97008576767814,5.003444013608396,0.26076113750953356,1.3047037524537914,1.1131153606123367,ZONE_02,NORMAL,NONE,0
17.740000000000002,RUN_009_NORMAL,TRAIN001,-0.05268101289906214,-0.005243244862959796,0.9619959324745185,26.844087459316732,26.424957381141567,25.982290521935862,139.69965661362346,4.989849134490378,0.26776420933739786,1.3361030082097152,1.1112842660710573,ZONE_02,NORMAL,NONE,0
17.75,RUN_009_NORMAL,TRAIN001,-0.061445696603025644,-0.019277599115712554,0.9661921609273628,26.911736246802015,26.3433803547039,26.014193959970555,140.12896996564564,5.009454428090911,0.2733293010338581,1.369230677391054,1.1057753669426107,ZONE_02,NORMAL,NONE,0
17.76,RUN_009_NORMAL,TRAIN001,0.011557342903656058,0.036911773031881694,1.0068762959153494,26.921114566236042,26.38076833196663,26.005578039890082,140.12996841792204,4.995588124138119,0.26878526425559374,1.3427404740585702,1.1076602296677758,ZONE_02,NORMAL,NONE,0
17.77,RUN_009_NORMAL,TRAIN001,0.06391327174526916,-0.015680291065291577,1.0278768824043782,26.90169759850453,26.420656686924247,25.98089843407913,139.80465919878637,5.005984825553416,0.2645448284557665,1.3243073969281984,1.099855709092255,ZONE_02,NORMAL,NONE,0
17.78,RUN_009_NORMAL,TRAIN001,-0.011877204526707718,-0.01755901424775391,0.9973925840573805,27.004162788364937,26.311088177750666,26.029685374196518,140.0636208257303,5.000362155637698,0.2622737198458632,1.311463583135578,1.0862840726031833,ZONE_02,NORMAL,NONE,0
17.79,RUN_009_NORMAL,TRAIN001,-0.005044705445981989,-0.006898872549084339,1.02391714053617,26.883696624767076,26.38105772216939,26.014943758253587,139.74096342029213,4.991191242990649,0.2699390796164457,1.3473175703225593,1.0822807758460167,ZONE_02,NORMAL,NONE,0
17.8,RUN_009_NORMAL,TRAIN001,0.05066118955036074,-0.003906403307976113,0.9777642159580263,26.93529129611033,26.295433194797408,25.984839234962347,140.1978455701988,5.000562059893653,0.2722932149653429,1.3616191199221606,1.1067719701979941,ZONE_02,NORMAL,NONE,0
17.81,RUN_009_NORMAL,TRAIN001,-0.024267127944014817,0.0054188727131771145,0.9681633319254983,26.911600789054877,26.313327066893784,25.97605653357029,140.2393847196943,4.992798463178168,0.26431651711481235,1.3196791004434412,1.1284795549418607,ZONE_02,NORMAL,NONE,0
17.82,RUN_009_NORMAL,TRAIN001,0.03172391264877946,0.00044882200030309124,1.0946196314718788,26.963294947325988,26.35653960973397,26.00051088879789,140.17506377088156,4.993727441832931,0.26575914887541924,1.3271287546573443,1.105513844946568,ZONE_02,NORMAL,NONE,0
17.830000000000002,RUN_009_NORMAL,TRAIN001,0.009531157562135134,0.011277827311364778,0.8885672782590454,26.929031818043605,26.264036453802827,26.011338557890845,140.24477750752757,4.991367588023691,0.26614179313833775,1.328411520089205,1.1053230195917318,ZONE_02,NORMAL,NONE,0
17.84,RUN_009_NORMAL,TRAIN001,0.03359184132341398,0.03634415391638306,0.9780774969999801,26.898772084311503,26.320952214252,26.00383971931446,140.1004979759234,5.004043616231111,0.2713282701852265,1.3577384983234126,1.0850009047335238,ZONE_02,NORMAL,NONE,0
17.85,RUN_009_NORMAL,TRAIN001,-0.050790081575167054,0.07107351625363337,1.020976447960188,26.809694915152896,26.36183776043982,26.010660531306556,140.14671693817874,4.9990994320927955,0.2633062613025579,1.3162941813440945,1.0956681468209872,ZONE_02,NORMAL,NONE,0
17.86,RUN_009_NORMAL,TRAIN001,0.0007436638526420825,0.03804569633368731,1.051265026475009,26.929264357053228,26.366914380905616,25.98259238291911,140.06482066880463,5.017953395255153,0.2718698456987731,1.364230215291653,1.0787804947930058,ZONE_02,NORMAL,NONE,0
17.87,RUN_009_NORMAL,TRAIN001,-0.015284725824007592,0.0028445513485768703,1.0505881472836291,26.900288209978015,26.344875113357716,25.97572819512044,139.79319805118723,4.975511268446279,0.27635706525844955,1.3750176923081594,1.1142965733605303,ZONE_02,NORMAL,NONE,0
17.88,RUN_009_NORMAL,TRAIN001,0.06423720583240948,-0.023661998078972128,1.03609512553078,26.908282648157225,26.372137645087097,25.999537149827386,139.98711824879626,5.004450826705851,0.2833260501661499,1.4178912859812922,1.0938939945191255,ZONE_02,NORMAL,NONE,0
17.89,RUN_009_NORMAL,TRAIN001,0.0204432653370942,-0.017561746774342444,1.0488406773419776,26.8211222961776,26.35988772056761,26.005846381330603,140.07908949603316,5.000460761530788,0.2727118278890149,1.3636847945643567,1.1000247113505721,ZONE_02,NORMAL,NONE,0
17.900000000000002,RUN_009_NORMAL,TRAIN001,0.006303983832434191,-0.013384753685176944,1.044237592681086,26.85661450957403,26.440394744361736,26.00675944328315,139.6056489710012,4.994824701559678,0.2676839295311643,1.3370343034328198,1.103377249083134,ZONE_02,NORMAL,NONE,0
17.91,RUN_009_NORMAL,TRAIN001,0.021630675627080605,0.05985948145549104,1.0198785795249588,26.840684520131024,26.392327335886744,26.01799907392204,140.15979591406548,4.998696635981167,0.2642553090144911,1.3209321242109007,1.0981458707450518,ZONE_02,NORMAL,NONE,0
17.92,RUN_009_NORMAL,TRAIN001,-0.03245128775188454,-0.05064898490986878,1.044766604586377,26.878621207774906,26.36045465399212,25.990012892069743,140.0866414463749,4.9975766278001315,0.2663444437651142,1.331076767104961,1.0982062528965906,ZONE_02,NORMAL,NONE,0
17.93,RUN_009_NORMAL,TRAIN001,-0.0789195274163831,0.022213015885087443,1.113279119216107,26.962417560759334,26.33051609631529,26.00323909220286,140.3862980751474,4.991442703751198,0.2672173508298154,1.3338000961152061,1.1169282309371948,ZONE_02,NORMAL,NONE,0
17.94,RUN_009_NORMAL,TRAIN001,-0.003049554488226453,-0.03494345100026761,1.0045509747082646,26.82338379396495,26.390080269257677,26.025481108061395,140.16344263495898,4.995249141701142,0.27275884322019844,1.3624983774870925,1.1050709199046724,ZONE_02,NORMAL,NONE,0
17.95,RUN_009_NORMAL,TRAIN001,0.02713108687408736,0.008853704793385202,0.9786148375310185,26.902236447609,26.339316640655174,26.00463782337403,140.05820825745158,5.001246973340805,0.26809015425145777,1.3407850725325727,1.086534912751779,ZONE_02,NORMAL,NONE,0
17.96,RUN_009_NORMAL,TRAIN001,-0.04174154511396371,-0.0019110312766776872,1.0504173887532509,26.861112198139562,26.43368253626526,25.97039906369461,139.9041591121022,4.983434228175823,0.2799234820212083,1.3949802615746492,1.0971082801028373,ZONE_02,NORMAL,NONE,0
17.97,RUN_009_NORMAL,TRAIN001,0.03420225423445307,0.03200915857421739,1.023436386799602,26.878228439246225,26.343565186798845,25.957984748634797,139.9775837630293,5.01269890160905,0.2697708708867404,1.3522801481800804,1.1114135341942937,ZONE_02,NORMAL,NONE,0
17.98,RUN_009_NORMAL,TRAIN001,-0.023251804190607666,-0.045842143505392556,1.0288463221926778,26.992805317290962,26.278207468096138,25.98998279808024,140.06947591981802,4.990962172386958,0.2676655914197353,1.3359088416254818,1.1089345126512573,ZONE_02,NORMAL,NONE,0
17.990000000000002,RUN_009_NORMAL,TRAIN001,-0.0068736383852816855,0.00986905499321587,0.9259668293035157,26.834084735512906,26.36570823323268,25.977884316446392,140.12833453000331,5.021380954501806,0.28101283469980526,1.4110724961321663,1.1092953826430276,ZONE_02,NORMAL,NONE,0
18.0,RUN_009_NORMAL,TRAIN001,-0.025355929916806182,0.016554806890637527,0.9478286663438995,26.92177724724622,26.421254205847745,25.99010333062003,139.94023515134919,5.013293974743031,0.2632468494902221,1.319733844419416,1.089822864014591,ZONE_02,NORMAL,NONE,0
18.01,RUN_009_NORMAL,TRAIN001,0.03710157874402241,0.008753090715955794,1.0092543784371366,26.822417039172507,26.363663097786105,26.01436931857927,139.95219175803547,4.9910808934386885,0.25927303621899184,1.2940526972564472,1.0891177341252651,ZONE_02,NORMAL,NONE,0
18.02,RUN_009_NORMAL,TRAIN001,-0.041501951340903516,-0.009944480960102668,0.9918749589673828,26.90867419197255,26.367978455662463,25.99045092745483,139.82350114944248,4.99953364359382,0.2646147654263716,1.3229504223408313,1.0997717652523906,ZONE_02,NORMAL,NONE,0
18.03,RUN_009_NORMAL,TRAIN001,0.04426670389841443,-0.008222826699821991,1.0252446060037506,26.977073925037256,26.250877682589714,25.99262319731435,139.76727118373432,5.013070007610283,0.2676399726923643,1.3416979199417265,1.1006134256897195,ZONE_02,NORMAL,NONE,0
18.04,RUN_009_NORMAL,TRAIN001,-0.01866299659963914,0.008784693269023033,0.9974540400341977,26.876189156240752,26.40880012975534,25.99365912975393,140.32597349463794,4.995044137955065,0.271755264791351,1.3574295423544642,1.0908901170757628,ZONE_02,NORMAL,NONE,0
18.05,RUN_009_NORMAL,TRAIN001,0.02889352608548963,-0.021562955544133136,1.0476502417605846,26.941548395782906,26.328498752513042,25.97413563242692,139.60182922385982,5.014840039340309,0.2758432740151479,1.383309895113884,1.10373944002388,ZONE_02,NORMAL,NONE,0
18.06,RUN_009_NORMAL,TRAIN001,-0.022089478511625474,-0.056346499590001875,0.8552733063506135,26.899956369832342,26.357183068614752,25.975415885591538,140.17528987504937,5.005132155895507,0.2761969065242746,1.3824020182035122,1.101252422448366,ZONE_02,NORMAL,NONE,0
18.07,RUN_009_NORMAL,TRAIN001,0.029037765086759516,-0.027397115383896574,0.9692375729645688,26.84705604999308,26.14736805261766,25.983500378363555,140.0601415378057,4.9860713670004335,0.2744844713496204,1.3685991632825931,1.0867701563407064,ZONE_02,NORMAL,NONE,0
18.080000000000002,RUN_009_NORMAL,TRAIN001,-0.035834586560832056,0.032700447213003,0.9948779877520895,26.890688167485084,26.38868263411007,26.003988468439683,139.84072864875202,5.0029271918038605,0.2695391689049541,1.3484848373708085,1.0933634638092828,ZONE_02,NORMAL,NONE,0
18.09,RUN_009_NORMAL,TRAIN001,0.028318029981829262,-0.01025602128604177,0.9942023624378535,26.89844304595694,26.432417466844797,26.03044031376838,139.90340305481737,4.998396511877204,0.2730647896264561,1.3648860919853607,1.1042477791248526,ZONE_02,NORMAL,NONE,0
18.1,RUN_009_NORMAL,TRAIN001,0.018096644443266405,0.0571232676970925,1.0216703456986989,26.93983964541378,26.343301802845367,25.981226346421806,140.3529586586086,5.0029346369897585,0.2643497778377586,1.3225246598250702,1.09977835635666,ZONE_02,NORMAL,NONE,0
18.11,RUN_009_NORMAL,TRAIN001,0.03510973605930754,-0.015291063909550163,0.9537163588810403,26.854163404450716,26.36329113327131,25.987998451764636,140.29630829417638,4.996481525961546,0.26915486677701084,1.3448273194739757,1.0712979169629913,ZONE_02,NORMAL,NONE,0
18.12,RUN_009_NORMAL,TRAIN001,0.020044061511876158,-0.01360928005390723,1.0227131301791665,26.967703422976317,26.311922042249297,25.985977297789432,140.050429682355,5.016036896536506,0.26437280241059286,1.3261037313322892,1.1040620090922968,ZONE_02,NORMAL,NONE,0
18.13,RUN_009_NORMAL,TRAIN001,-0.02818809242194032,-0.049149765019702495,1.015565544258044,26.908737878843063,26.387393337153572,25.995655175415834,140.1070166839121,5.008034094072716,0.2614791783107819,1.3094966398705148,1.0966687762854785,ZONE_02,NORMAL,NONE,0
18.14,RUN_009_NORMAL,TRAIN001,-0.007926028969884105,-0.040396496696697565,0.9955703682022593,26.893475402186,26.28593205092514,25.972778872399328,139.90212215758834,4.992931178589805,0.26675500908503286,1.331889401905667,1.1066818298645893,ZONE_02,NORMAL,NONE,0
18.150000000000002,RUN_009_NORMAL,TRAIN001,0.010465987297298238,-0.006085229910551368,0.9531405663808628,26.91885128876279,26.394917923210688,26.013153359111797,139.89701195599116,5.006361252852138,0.26709251321104627,1.33716160906668,1.1014639799741972,ZONE_02,NORMAL,NONE,0
18.16,RUN_009_NORMAL,TRAIN001,-0.013469177571998775,0.01732284258656792,0.914658624117366,26.914781071778005,26.317811228320785,25.997332396502255,140.0412722323377,5.00977200513375,0.26576454667000243,1.3314197858644403,1.087081278612943,ZONE_02,NORMAL,NONE,0
18.17,RUN_009_NORMAL,TRAIN001,-0.016197326291665697,-0.08529830094055627,0.959824890984036,26.927591739385047,26.310769961068832,25.97271098124106,140.0579457115072,4.997153776958623,0.2696152090046328,1.3473086600029893,1.107306685544479,ZONE_02,NORMAL,NONE,0
18.18,RUN_009_NORMAL,TRAIN001,-0.0272202246635506,-0.07696095322222898,1.0379998683294536,26.939846798103055,26.26954164154173,26.05602077146417,139.78546823009202,5.010086966149491,0.2747057522790402,1.3762997090195102,1.0959646743930467,ZONE_02,NORMAL,NONE,0
18.19,RUN_009_NORMAL,TRAIN001,0.035086079877793296,0.03689938549427277,0.9876584889238891,26.896922327386367,26.223196380613185,25.987652526335665,139.79045957681512,4.997155532882844,0.27192978242660676,1.3588754168087458,1.0872165093096322,ZONE_02,NORMAL,NONE,0
18.2,RUN_009_NORMAL,TRAIN001,0.0021921291806043025,0.005514780475024008,0.9918142442441434,26.865979511686184,26.36512697375715,26.004347304736203,139.65153801165775,4.9961925539146606,0.26733047667642584,1.3356345370052156,1.0905311794219763,ZONE_02,NORMAL,NONE,0
18.21,RUN_009_NORMAL,TRAIN001,-0.0031194311245899818,0.043540091260443045,0.9652266750385307,26.953949465519283,26.429105428109953,26.00026997229706,140.1346359902146,5.012719060759784,0.2735965580983233,1.3714626817377367,1.093273709789447,ZONE_02,NORMAL,NONE,0
18.22,RUN_009_NORMAL,TRAIN001,0.035085932223599584,0.020383703132137596,0.9946755840915581,26.910515024409264,26.41299229259078,26.00521948948992,140.313252945342,5.010043882248663,0.2647832241025056,1.3265755720368348,1.103223064551577,ZONE_02,NORMAL,NONE,0
18.23,RUN_009_NORMAL,TRAIN001,-0.027848890321032244,0.044661088697734316,0.9983679840814437,26.85559368745886,26.315225615509082,25.988435728153274,139.51744357929599,4.9894002893206055,0.2651915138666965,1.3231466160118648,1.1055530602583243,ZONE_02,NORMAL,NONE,0
18.240000000000002,RUN_009_NORMAL,TRAIN001,0.004926277141486679,-0.006400258599647973,1.0005697470036097,26.835287335515243,26.352206949869554,26.00231320229671,139.90171619241204,5.007297666117124,0.2744197691704847,1.374101469703768,1.0891102851781125,ZONE_02,NORMAL,NONE,0
18.25,RUN_009_NORMAL,TRAIN001,0.03381880011374755,-0.002948420335748958,1.0571248432541356,26.972439095052952,26.316854044476422,25.96299558663984,139.98186799143386,4.997051884548281,0.2637058330528766,1.3177517300232513,1.0924145088002222,ZONE_02,NORMAL,NONE,0
18.26,RUN_009_NORMAL,TRAIN001,-0.012081683312018586,-0.0474535134233834,1.0089729445857558,26.84607427810336,26.450047172022742,26.000468268615638,140.57558340910742,5.002582374759664,0.2788218924882258,1.3948294850587324,1.1082532501832776,ZONE_02,NORMAL,NONE,0
18.27,RUN_009_NORMAL,TRAIN001,0.0327230318492544,-0.004668361551810055,0.9875728120930711,26.911768884740788,26.26080911154283,25.995865484429984,139.87114312952775,5.010156920915451,0.2695752629383321,1.350614369318087,1.1001548512382804,ZONE_02,NORMAL,NONE,0
18.28,RUN_009_NORMAL,TRAIN001,-0.011522646465498464,-0.012472306850869594,1.0156388458319519,26.83670265337444,26.363489709193985,25.996709079168777,139.74774932605203,4.99400858540386,0.2758259424334464,1.377477124589742,1.105699739899326,ZONE_02,NORMAL,NONE,0
18.29,RUN_009_NORMAL,TRAIN001,-0.044454031528735845,0.027209065833192284,0.9938846955819964,26.992984637193455,26.349503867275793,25.99164347699387,140.21323930588287,5.008170591428658,0.27737294937772516,1.389131047931353,1.102251797112004,ZONE_02,NORMAL,NONE,0
18.3,RUN_009_NORMAL,TRAIN001,-0.011151646354115453,-0.007124556432883997,0.9749820311852131,26.855881172977437,26.323123345743955,26.02537702515983,140.10738515377474,5.0007319010457625,0.26676966334656765,1.3340435657284193,1.1000202864453499,ZONE_02,NORMAL,NONE,0
18.31,RUN_009_NORMAL,TRAIN001,0.001981252076599065,-0.0764536826939931,1.0220597953551773,26.911043448212425,26.39025110454878,25.999003342920506,140.07188865247772,5.002808743290067,0.27687886602670586,1.3851720117906432,1.0946418617640492,ZONE_02,NORMAL,NONE,0
18.32,RUN_009_NORMAL,TRAIN001,-0.04178812009924342,0.016442403363820496,1.0608479191726474,26.890635528792416,26.3546040621709,25.987737717886933,140.09908204523552,4.9904005376694185,0.2731292138204625,1.3630241755028616,1.103129907780142,ZONE_02,NORMAL,NONE,0
18.330000000000002,RUN_009_NORMAL,TRAIN001,0.03348836305845141,0.0035438684782557565,1.0293304098518823,26.907260072871022,26.352088145186926,26.011399360612593,139.81182330647297,5.019593463674827,0.27267704773550105,1.3687279265072698,1.0943244384279505,ZONE_02,NORMAL,NONE,0
18.34,RUN_009_NORMAL,TRAIN001,0.050267578071266875,-0.0215776834108697,0.9447847173207633,26.894433891193394,26.310618596420134,26.00286874558824,139.46624312181515,4.982984960242519,0.2704483389824166,1.3476400056719526,1.1135902130912259,ZONE_02,NORMAL,NONE,0
18.35,RUN_009_NORMAL,TRAIN001,-0.04341090412858697,0.06595528923247097,0.963380008387398,26.91430900676941,26.325992118272925,25.99315592018085,139.57479898962993,4.984325114120619,0.26448807282766024,1.3182945437802702,1.0932704248672245,ZONE_02,NORMAL,NONE,0
18.36,RUN_009_NORMAL,TRAIN001,-0.019471060222772837,-0.05290288658698193,0.9895394452088632,26.934422483499713,26.336503132330805,26.016027420947676,139.99099928809343,4.985314513929178,0.27158559408790073,1.3539396039804898,1.1026682279436555,ZONE_02,NORMAL,NONE,0
18.37,RUN_009_NORMAL,TRAIN001,-0.0180842836463013,0.011050257507553275,0.9988944944740894,26.966750261824995,26.28864336916389,26.013307418725343,140.1976944697861,4.99180800028397,0.26925876333531584,1.3440880489637976,1.1110338620208353,ZONE_02,NORMAL,NONE,0
18.38,RUN_009_NORMAL,TRAIN001,-0.028745405279623167,-0.007563690508163812,1.0625061009389098,27.018587257419014,26.24768140119474,25.984447584784775,140.00177813972752,4.988598771508656,0.27565245568107116,1.3751195017739357,1.104132017900477,ZONE_02,NORMAL,NONE,0
18.39,RUN_009_NORMAL,TRAIN001,0.005387760527087665,-0.024825138523965288,1.053611141056435,26.96557049660841,26.347545350769412,26.013716392776267,139.83570598069582,5.011374003025804,0.26271229075016234,1.3165495441407198,1.0846749355047414,ZONE_02,NORMAL,NONE,0
18.400000000000002,RUN_009_NORMAL,TRAIN001,0.054962539381566464,-0.004241245379400525,0.994543721238253,26.931924472398396,26.35571925264552,25.99396969465545,140.10747982374397,4.999527614870429,0.2692511695668804,1.346128657585779,1.1004079850226336,ZONE_02,NORMAL,NONE,0
18.41,RUN_009_NORMAL,TRAIN001,-0.0540373300230756,-0.02640797855006403,0.9947426000948437,26.935908272949927,26.326118520168617,26.020834882642845,139.96744305611907,4.994699805701428,0.26967217219978856,1.346931546089366,1.105007541277001,ZONE_02,NORMAL,NONE,0
18.42,RUN_009_NORMAL,TRAIN001,0.009162923177497864,0.002723469771218176,1.005470170169005,26.9537561953657,26.353802138371943,25.998170623468692,140.14897440060042,5.017265922818274,0.2713643015822105,1.3615068629978058,1.1005455283182042,ZONE_02,NORMAL,NONE,0
18.43,RUN_009_NORMAL,TRAIN001,0.016586700555772146,-0.013867096340833565,1.0248245782059122,26.89612775920911,26.43041485601454,26.007497527172045,140.11187547850236,4.9975502404317,0.2668602205906477,1.3336473595744478,1.0974213417954717,ZONE_02,NORMAL,NONE,0
18.44,RUN_009_NORMAL,TRAIN001,0.004112278858089311,-0.02858640350841558,1.0010005180713348,26.97379969725563,26.248427637486902,26.0042546298953,139.77067581108946,4.998198184308541,0.2663296358920133,1.3311683025430159,1.093538868771603,ZONE_02,NORMAL,NONE,0
18.45,RUN_009_NORMAL,TRAIN001,-0.04251852908914884,0.014531828665967157,0.9334434084685008,26.87094107905745,26.405698118461537,25.98507475958396,139.79607952584098,4.992379290248428,0.2719723655805959,1.3577892054444411,1.1080855102333966,ZONE_02,NORMAL,NONE,0
18.46,RUN_009_NORMAL,TRAIN001,0.020284334220803314,0.05154468546424821,0.9987376726583121,26.985688972716236,26.339365860607003,25.981468156857535,140.0529035131124,4.999294659765082,0.262786576487152,1.313747528490167,1.0984769912509544,ZONE_02,NORMAL,NONE,0
18.47,RUN_009_NORMAL,TRAIN001,-0.013238799013390163,0.06727042254876803,1.054910447810701,26.96950468310656,26.39392278197963,26.029260479592537,139.9909942430062,5.001246298756396,0.26662727388879115,1.3334686666838245,1.1161104538764337,ZONE_02,NORMAL,NONE,0
18.48,RUN_009_NORMAL,TRAIN001,-0.036683257842911085,-0.004114248526331715,0.8718528651642841,26.888944163105798,26.406737829014997,25.995880359568154,140.32138152454053,5.002473802855416,0.2656723747249315,1.3290190947038572,1.0807025664097178,ZONE_02,NORMAL,NONE,0
18.490000000000002,RUN_009_NORMAL,TRAIN001,0.00686414767017326,-0.03452069554174725,0.9968796757667601,26.952108611473058,26.273716705773296,25.99978280033972,139.76358037693348,4.999884703071982,0.2760396124139801,1.380166235550578,1.0982875955275666,ZONE_02,NORMAL,NONE,0
18.5,RUN_009_NORMAL,TRAIN001,-0.020835846273617318,0.002061930689928056,1.038165516497517,26.852119985008585,26.32023152011768,25.99566442340316,139.86417826866983,4.9982675732555855,0.26415246801406833,1.320304715270151,1.0823681352000432,ZONE_02,NORMAL,NONE,0
18.51,RUN_009_NORMAL,TRAIN001,-0.021510700440329933,-0.04424363077711556,1.057021096791588,26.94467996242488,26.32898319106591,25.98870065928103,139.94377874358955,4.988255828011917,0.2694782306121557,1.3442263543734252,1.1217695828688148,ZONE_02,NORMAL,NONE,0
18.52,RUN_009_NORMAL,TRAIN001,0.03402394919400708,0.016582081169282847,1.006427408485013,26.939397423467415,26.381645270534328,26.000669524350567,140.03666672331713,5.011850137443799,0.256927592754553,1.287682591060011,1.0810000529392219,ZONE_02,NORMAL,NONE,0
18.53,RUN_009_NORMAL,TRAIN001,0.045251041658046796,0.013549437406071944,1.0216639898671147,26.920018851589262,26.304018128355263,26.027144610587015,139.9870024209222,5.004639198503947,0.26417599751136006,1.3221055524492336,1.1088459630162608,ZONE_02,NORMAL,NONE,0
18.54,RUN_009_NORMAL,TRAIN001,-0.02086000504665275,-0.006640464254003359,0.9773248032748496,26.90263626175282,26.380181952668007,26.01826849571836,139.73717918060146,4.977457194698827,0.2594203656881552,1.2912537656459087,1.09524923917449,ZONE_02,NORMAL,NONE,0
18.55,RUN_009_NORMAL,TRAIN001,-0.003722810362504105,-0.005015982699794881,0.9348180218638531,26.80692997012659,26.401996458861003,26.002068913048554,139.83853556029584,5.001754493884479,0.2742694027845844,1.3718282179128072,1.09852207809469,ZONE_02,NORMAL,NONE,0
18.56,RUN_009_NORMAL,TRAIN001,-0.014010753238481555,-0.027550042246584017,0.9823181464783902,26.925212629552295,26.4117896875456,25.997827050248407,139.7831653098759,4.98001498193061,0.268074710196191,1.3350160730537377,1.0925935764416033,ZONE_02,NORMAL,NONE,0
18.57,RUN_009_NORMAL,TRAIN001,0.006107507701555494,0.018727724621199007,1.0579264538579032,26.923904201738996,26.335592053457784,26.001893796705847,139.87134336191028,4.998681536128516,0.2703654263138454,1.3514706645225338,1.0695260752250813,ZONE_02,NORMAL,NONE,0
18.580000000000002,RUN_009_NORMAL,TRAIN001,-0.007763954303958157,-0.00854037492981445,1.0223038578749375,27.00206650301123,26.342393519443437,25.993395696935803,140.06357011945516,5.006384456426307,0.25842381412046844,1.2937689661831144,1.1082265269959668,ZONE_02,NORMAL,NONE,0
18.59,RUN_009_NORMAL,TRAIN001,0.017309141449923817,0.018202202855676423,1.0053774559327906,26.85421477405013,26.406266424632996,25.99003649115598,140.51633109752453,5.019807518485545,0.2771702742733634,1.3913414266981303,1.0932636463940313,ZONE_02,NORMAL,NONE,0
18.6,RUN_009_NORMAL,TRAIN001,0.03361228351555339,0.038555875728828286,1.001812372359185,26.983018649275667,26.3810893672122,26.015236871393437,140.0163535053271,5.002052905033585,0.28422202103409705,1.421693585988122,1.1005579532343497,ZONE_02,NORMAL,NONE,0
18.61,RUN_009_NORMAL,TRAIN001,0.04798431155613656,-0.005100335599089038,1.0190809444622684,26.905876403874093,26.393947514840775,26.004040611712593,139.9537652182518,4.987232734057788,0.26003790220847867,1.296869537989843,1.098635004314922,ZONE_02,NORMAL,NONE,0
18.62,RUN_009_NORMAL,TRAIN001,-0.0037529109368356745,0.007929987947821005,0.9954355870677013,26.8797989781373,26.381313810575783,26.021090302657004,140.12615549751104,4.988205786970471,0.2630263287089855,1.3120294549917588,1.1069434598343573,ZONE_02,NORMAL,NONE,0
18.63,RUN_009_NORMAL,TRAIN001,0.00369546302844515,-0.05323396296252551,0.9877668869096579,26.873825179726843,26.396193877560044,26.03348265484333,140.5662257090359,5.012614676463169,0.2688378225774318,1.3475804150400361,1.094523636936118,ZONE_02,NORMAL,NONE,0
18.64,RUN_009_NORMAL,TRAIN001,0.003937709785931014,0.021766956121556855,0.9771035494609797,27.066830968777257,26.3458651345816,25.933313408620773,139.89008704986733,4.986729714465667,0.2621231479324882,1.3071372906442185,1.0946368328641023,ZONE_02,NORMAL,NONE,0
18.650000000000002,RUN_009_NORMAL,TRAIN001,-0.030254901350125395,-0.006334634724895688,1.0237523921146883,26.889548513628124,26.312518701116332,26.000747165640007,139.88439539809738,4.985710156468707,0.27072530006686024,1.3497578781563835,1.102226021878058,ZONE_02,NORMAL,NONE,0
18.66,RUN_009_NORMAL,TRAIN001,-0.01801584573226486,0.013406078457000745,1.062280629616264,26.948106043140314,26.325070109670758,26.048617020527228,140.22367578084655,4.993356070554417,0.26905469066180426,1.3434858729272612,1.1243177262350925,ZONE_02,NORMAL,NONE,0
18.67,RUN_009_NORMAL,TRAIN001,0.0035360345623999504,-0.08207046216562637,1.0401427676009631,27.015323756675677,26.348733317184568,25.979834233826914,140.2400355018034,5.009328491772662,0.26800604534276345,1.3425303189028208,1.1075119848410546,ZONE_02,NORMAL,NONE,0
18.68,RUN_009_NORMAL,TRAIN001,0.0041647303842323865,-0.027637309080387407,0.9704071418692779,26.836483833349067,26.309953243547852,25.977306167302988,139.97624599445572,5.002774725373967,0.2743123966591829,1.3723231248633183,1.0971882415367167,ZONE_02,NORMAL,NONE,0
18.69,RUN_009_NORMAL,TRAIN001,0.02296950767446064,0.017673194773811355,1.0043015752327253,26.93051199706731,26.394901802732647,26.00607558946094,140.44295521234756,5.007180373923834,0.27346113713773085,1.36926923890694,1.1029372650334512,ZONE_02,NORMAL,NONE,0
18.7,RUN_009_NORMAL,TRAIN001,0.014546704801130567,0.021220432981834368,0.9872144473462557,26.909029032115107,26.39189433419909,25.99580240835731,140.1073860201653,5.0095414198535195,0.2687047275599018,1.3460874624217838,1.0870645668225944,ZONE_02,NORMAL,NONE,0
18.71,RUN_009_NORMAL,TRAIN001,-0.02045407121701146,-0.01740500604504002,1.0533094281253628,26.933578748962052,26.3219988542125,25.969985678000207,140.0941514909615,5.0133812490436105,0.2698286301030233,1.3527537946136214,1.1104834951125728,ZONE_02,NORMAL,NONE,0
18.72,RUN_009_NORMAL,TRAIN001,0.023005052642130326,-0.014753210294673694,1.0433646100141571,26.965869936859352,26.32559294015187,25.980934299872068,139.846714812134,5.005703958126426,0.2689555939562526,1.3463120812270575,1.0989134666935918,ZONE_02,NORMAL,NONE,0
18.73,RUN_009_NORMAL,TRAIN001,0.0028237497407430446,0.023459494792335372,0.9786638365348649,26.867263305149464,26.46672211604475,25.99781491151241,140.00014076850135,5.002265484536909,0.2684781187760626,1.3429988269068984,1.0860540273815542,ZONE_02,NORMAL,NONE,0
18.740000000000002,RUN_009_NORMAL,TRAIN001,-0.0742743219374927,-0.034084246734278116,1.0611947053529651,27.02869157366605,26.39161287860285,26.018595878355914,140.16567664301905,5.0024225601027466,0.26433027716193325,1.3222917417930666,1.1091284550913258,ZONE_02,NORMAL,NONE,0
18.75,RUN_009_NORMAL,TRAIN001,-0.0078075319857634756,-0.02357326194384987,1.0119513587457813,26.932978814263876,26.40348738597456,25.97145372517787,140.08379799276074,4.982246600668496,0.2625765803792051,1.3082212750094528,1.109009049251925,ZONE_02,NORMAL,NONE,0
18.76,RUN_009_NORMAL,TRAIN001,-0.04259401010215493,0.025563151703770045,0.9902479363549969,26.983226241405465,26.25394419856047,26.004720754377434,139.6046555444779,5.010499886603078,0.2632211630203281,1.3188696074648845,1.0959347327589761,ZONE_02,NORMAL,NONE,0
18.77,RUN_009_NORMAL,TRAIN001,-0.018786558677323414,0.00902245733094972,0.9519274630939745,27.053622180942337,26.39206479660423,26.004096393537203,139.8577267308263,5.001488954222607,0.2640982576534922,1.3208845184833773,1.0886468360103025,ZONE_02,NORMAL,NONE,0
18.78,RUN_009_NORMAL,TRAIN001,-0.0389416620145902,-0.016901591877819547,1.0201326578212557,26.995463545501124,26.289161715651836,26.000071850533306,140.3420859255745,5.008642830709993,0.2683715365725654,1.3441771726208045,1.0819111215559478,ZONE_02,NORMAL,NONE,0
18.79,RUN_009_NORMAL,TRAIN001,0.0419668891713334,0.08724238182742482,1.0484632949743016,26.936935296022536,26.38060487182522,25.97334266119349,140.01256912112933,5.009355851012884,0.2675476028992884,1.3402411500080222,1.1010635796811774,ZONE_02,NORMAL,NONE,0
18.8,RUN_009_NORMAL,TRAIN001,-0.04029242679630959,0.007895690770712647,1.0523803569088446,26.97255085832994,26.393612946399887,26.01531119053338,139.97052951901637,5.001239941266877,0.2621909618754434,1.3112799107706485,1.1053432126681866,ZONE_02,NORMAL,NONE,0
18.81,RUN_009_NORMAL,TRAIN001,-0.006463341379352665,0.004402276411871769,0.9973649258981271,26.941087444322743,26.315013199370334,25.990684450722824,140.15057173987105,5.0069229123118415,0.2614653030885603,1.3091366168086727,1.095528390434713,ZONE_02,NORMAL,NONE,0
18.82,RUN_009_NORMAL,TRAIN001,0.0068979584373406976,0.0029769374708743905,1.0410273555765064,26.845761401195396,26.41730724675254,26.00590437190933,139.95766665261817,4.983796023083128,0.2654047702845027,1.3227232386511958,1.0900241213823414,ZONE_02,NORMAL,NONE,0
18.830000000000002,RUN_009_NORMAL,TRAIN001,-0.008429661735826733,-0.002150914728157,1.040120404505457,26.9637431383991,26.405730648690646,25.98815783129608,139.74951238601574,5.012847939906614,0.26822294290796556,1.3445608267918845,1.0946020066141606,ZONE_02,NORMAL,NONE,0
18.84,RUN_009_NORMAL,TRAIN001,-0.05226988674439386,0.025933490328528125,1.0131912960224543,26.970832541759155,26.280813242610588,26.00432049132108,140.24970136233745,5.019546536159867,0.2609000923073031,1.3096001546249127,1.1022605680352333,ZONE_02,NORMAL,NONE,0
18.85,RUN_009_NORMAL,TRAIN001,0.009825962282085817,0.03248126246583067,1.0347707870516063,26.961323626373225,26.325533353681905,26.004577214489974,140.4630103686138,4.998351895841171,0.2659625727484798,1.3293745297201591,1.0867614313115903,ZONE_02,NORMAL,NONE,0
18.86,RUN_009_NORMAL,TRAIN001,0.03382435899914612,-0.006850164201215907,1.0703719454148533,26.929598113897068,26.32298882343297,25.998735922982352,139.96942531377272,4.997620630058669,0.2643419621328554,1.3210808433453454,1.0993683366209135,ZONE_02,NORMAL,NONE,0
18.87,RUN_009_NORMAL,TRAIN001,-0.011988986433762509,-0.03973338429201724,0.9922257030554705,26.972251669133996,26.233815018731253,26.023247335283884,139.48041562739095,5.003702095256341,0.27388851330333697,1.3704565278825513,1.0951658829909043,ZONE_02,NORMAL,NONE,0
18.88,RUN_009_NORMAL,TRAIN001,0.008509810304990055,-0.011924963389039587,1.0057062745066891,26.94773243096968,26.34677442365528,26.036005945085947,140.11126584641696,4.987631441465138,0.2671294275289003,1.332343131683726,1.1150267743880498,ZONE_02,NORMAL,NONE,0
18.89,RUN_009_NORMAL,TRAIN001,-0.0019998353782985498,-0.03334946662840576,0.9999737208502602,26.960282805053918,26.405579363577104,26.01392683840269,139.92534084511658,4.995067019408011,0.2689770171868708,1.34355822752888,1.1070256230244346,ZONE_02,NORMAL,NONE,0
18.900000000000002,RUN_009_NORMAL,TRAIN001,0.003071593368726413,0.044718191946419655,0.9861154283983083,26.91039799205759,26.38389347772189,26.02494340049834,140.27822433408443,5.003418862868784,0.2682387710477403,1.342110926813005,1.1007110109781553,ZONE_02,NORMAL,NONE,0
18.91,RUN_009_NORMAL,TRAIN001,0.0531103284821847,-0.059236253650387184,0.9753054300779137,26.931281442540186,26.38477792493119,26.00604590248682,139.93989565372567,5.013176757154698,0.2694024276766989,1.3505619887498765,1.096414898836072,ZONE_02,NORMAL,NONE,0
18.92,RUN_009_NORMAL,TRAIN001,-0.03301786975204654,0.011626188876320687,1.065182994536826,27.01671655479383,26.42023062124733,26.00354469543237,140.1169128400306,4.992768495493118,0.2733720338318459,1.364883278064519,1.1033438524442991,ZONE_02,NORMAL,NONE,0
18.93,RUN_009_NORMAL,TRAIN001,0.032961312393498206,0.0013550661154015516,0.9988029723468973,26.930236125227086,26.364690975135247,26.009298595027,139.92515744420515,5.005286367201839,0.25923684503932665,1.2975546463517573,1.106184550797604,ZONE_02,NORMAL,NONE,0
18.94,RUN_009_NORMAL,TRAIN001,-0.03987771605766494,-0.0460696039767593,0.9320552700550995,26.949376439228814,26.299953140030954,25.99984465705973,140.17238054401574,4.982491539769756,0.25974641386041586,1.2941843095450556,1.10562913514747,ZONE_02,NORMAL,NONE,0
18.95,RUN_009_NORMAL,TRAIN001,-0.01690488784312734,0.04319915105057424,1.0119797096519478,26.955140917901574,26.349591923446344,25.993541817480924,140.37694513765643,4.9994706332939405,0.271127621825102,1.3554945831894227,1.1113815521218604,ZONE_02,NORMAL,NONE,0
18.96,RUN_009_NORMAL,TRAIN001,-0.02754031156746513,0.025035152529394304,0.9927374160399652,26.947334405772946,26.380332152904213,26.01052235037419,140.1820045084293,4.991242553629562,0.27641700140624376,1.3796642999655264,1.1132312408224527,ZONE_02,NORMAL,NONE,0
18.97,RUN_009_NORMAL,TRAIN001,0.042848265427473435,-0.024001300621543823,0.9583839282331329,26.927578610268824,26.328952066740055,26.036653723451685,139.7167448844854,5.009154371956703,0.2734675013972975,1.3698409302123484,1.0909036208531553,ZONE_02,NORMAL,NONE,0
18.98,RUN_009_NORMAL,TRAIN001,0.007681025694273947,-0.006933185533412467,1.0194978601978428,26.920730910339415,26.39299887086927,25.98223412628221,139.84924887209638,4.986687300091554,0.2751271264648714,1.3719729474530573,1.1146415939303558,ZONE_02,NORMAL,NONE,0
18.990000000000002,RUN_009_NORMAL,TRAIN001,0.02038729715495635,-0.007566043818656331,1.0124974147142287,26.934674180514424,26.364649356340074,25.99085524201618,139.99393630061496,4.9993361505308105,0.2735429984054625,1.3675334006530204,1.0974344891504086,ZONE_02,NORMAL,NONE,0
19.0,RUN_009_NORMAL,TRAIN001,0.007795530606430675,0.07291034153700697,0.9464635036127906,26.885206801130714,26.30558554084723,26.031673481398546,140.42102918643735,5.004495934878808,0.26666790292050707,1.3345384361283341,1.0958494337063713,ZONE_02,NORMAL,NONE,0
19.01,RUN_009_NORMAL,TRAIN001,0.01292002043647553,-0.004810735975098527,0.9913199760597955,27.006166983748145,26.346475603678467,25.9936249801229,140.13470655924786,5.001418620575949,0.2716533572738589,1.358652159411449,1.106518019298541,ZONE_02,NORMAL,NONE,0
19.02,RUN_009_NORMAL,TRAIN001,-0.03781620874707738,-0.029444506763261255,1.0121816456623338,26.93032457533149,26.39244277070019,26.01896516354147,139.821497541213,4.997893459589639,0.2739923697752164,1.3693846728770198,1.0981306178874313,ZONE_02,NORMAL,NONE,0
19.03,RUN_009_NORMAL,TRAIN001,0.06053355810152354,-0.013563349974372212,0.9341579254227929,26.919907779499756,26.38217587656184,26.007082777607145,140.2299012976265,5.0030521696783605,0.2639525782423052,1.3205685192673624,1.1105587216713773,ZONE_02,NORMAL,NONE,0
19.04,RUN_009_NORMAL,TRAIN001,0.03484880128897887,0.02391683502582272,0.986357245140221,27.032539479781015,26.352786877395438,25.997668117992117,139.73504092008113,5.0121545212922936,0.267595773621406,1.3412313666352393,1.0860801294834856,ZONE_02,NORMAL,NONE,0
19.05,RUN_009_NORMAL,TRAIN001,0.021999194053476664,-0.02753318896024009,0.9886377297462415,26.911480899747822,26.32127005138,25.975111621876174,139.78308225495996,4.9929460806460515,0.2730372258018922,1.3632601464380287,1.1094214588398557,ZONE_02,NORMAL,NONE,0
19.06,RUN_009_NORMAL,TRAIN001,0.006491626393024378,-0.04090987962758682,1.085637602359895,26.926807710017833,26.382141702275277,25.990982551546473,140.29277881129704,4.988422055883749,0.2665381602392512,1.3296048372721576,1.0978793772661475,ZONE_02,NORMAL,NONE,0
19.07,RUN_009_NORMAL,TRAIN001,0.00897617991505639,-0.003091665040204961,0.9584235864906145,26.92129761388963,26.360023030918885,25.98498681656653,139.97752166950028,5.01751506092479,0.2663289429487299,1.3363094824054313,1.0947111504042204,ZONE_02,NORMAL,NONE,0
19.080000000000002,RUN_009_NORMAL,TRAIN001,-0.012604014003665202,-0.050179671992876325,1.0175637529888804,26.886693947164932,26.3161502087495,25.982230592220937,139.97568558165221,4.997417783392207,0.2706927742562561,1.3527648839039863,1.0952420347623362,ZONE_02,NORMAL,NONE,0
19.09,RUN_009_NORMAL,TRAIN001,-0.023824704501561593,0.0533056033398515,1.0771880701327026,27.022007146376332,26.404775436301904,26.00542740912059,140.29001562604583,4.9908759757854515,0.262708281547495,1.3111444510152732,1.0921717882974964,ZONE_02,NORMAL,NONE,0
19.1,RUN_009_NORMAL,TRAIN001,0.03168363180611838,0.02436318950191516,0.9510245539155969,27.004175140277855,26.291696977275645,26.026412599935323,139.61690671236485,4.992512482484733,0.2805200699451926,1.4004999507888642,1.0804396079870948,ZONE_02,NORMAL,NONE,0
19.11,RUN_009_NORMAL,TRAIN001,0.03077663197811021,0.05552943291655743,1.043819630206698,27.025976169869583,26.427935363334765,25.995304024458164,140.21879332035383,4.9861559132194,0.2580960378663467,1.2869070853857827,1.0921217169406463,ZONE_02,NORMAL,NONE,0
19.12,RUN_009_NORMAL,TRAIN001,0.029623918211784447,0.030052110047137624,1.0448783394044974,26.945395592172193,26.390785045771047,25.98488633718622,139.90242417030768,4.999595544780772,0.2591412321606271,1.295601349779271,1.1024807677217956,ZONE_02,NORMAL,NONE,0
19.13,RUN_009_NORMAL,TRAIN001,0.016414539944716016,0.03226954000152821,1.0292466601133863,27.03785701228429,26.48481724673658,25.993573054164237,139.79792882287788,4.9985979825065225,0.2739299484397535,1.3692656876190676,1.0912948760713135,ZONE_02,NORMAL,NONE,0
19.14,RUN_009_NORMAL,TRAIN001,-0.06267359846700439,-0.027151485433571827,0.9650125686249535,26.971376417043516,26.350245681392924,25.986569513742158,139.85725750122577,5.004051801351938,0.27726050525267926,1.3874259307534182,1.10810599617559,ZONE_02,NORMAL,NONE,0
19.150000000000002,RUN_009_NORMAL,TRAIN001,0.04458674517017345,0.011767935243976799,0.957990353623897,26.940873276301904,26.31850486414577,25.982478381358675,139.5725641999617,5.004842626170514,0.2764714096165105,1.3836958957661603,1.1152205055152202,ZONE_02,NORMAL,NONE,0
19.16,RUN_009_NORMAL,TRAIN001,-0.02691340908741565,-0.01042900110709429,1.0121352109169874,26.9516802917666,26.44412467432567,26.030659501712105,140.1840903492261,4.992908884903971,0.2605333395995519,1.3008192261003062,1.105121145306701,ZONE_02,NORMAL,NONE,0
19.17,RUN_009_NORMAL,TRAIN001,-0.005745193041642099,0.0080056477952444,1.0206828734253426,26.993177025279774,26.36977353184034,26.003111456224175,139.8489791422114,4.9992243901026665,0.26840492044125447,1.3418164246934852,1.0941509755046679,ZONE_02,NORMAL,NONE,0
19.18,RUN_009_NORMAL,TRAIN001,-0.059956652606773644,-0.013737778966319255,0.9863555010498977,26.903324253086776,26.303387641859846,25.976787485391483,140.40295559025083,5.0076284019171275,0.2743493735245981,1.3738397149099482,1.0967253636425711,ZONE_02,NORMAL,NONE,0
19.19,RUN_009_NORMAL,TRAIN001,0.014757198599439336,-0.009144486762503618,0.9447371841216837,27.043646200076488,26.32149810209011,25.99536100174533,140.11755059308823,4.993146362787095,0.2737000893390658,1.3666246055778595,1.085114319656467,ZONE_02,NORMAL,NONE,0
19.2,RUN_009_NORMAL,TRAIN001,-0.035735419722716696,-0.016837625036266332,1.0271247003507191,26.959981808057723,26.500102953341724,26.000573820852235,139.79708327181706,4.997392580921826,0.26549220318284833,1.3267687664785561,1.1020078228916619,ZONE_02,NORMAL,NONE,0
19.21,RUN_009_NORMAL,TRAIN001,0.0024072676099273983,0.00839826781769923,0.9682483784342115,26.94335203910567,26.31448311284187,26.014611932095935,140.24182537590104,5.016804056168582,0.2695588118786296,1.352323740808693,1.0921849941059731,ZONE_02,NORMAL,NONE,0
19.22,RUN_009_NORMAL,TRAIN001,0.05275482786834846,-0.008826585254045598,1.067435560868229,26.981178401187524,26.395339709446198,26.04731925186204,140.19254345655708,5.003152398779926,0.26714321758176307,1.3365582298619856,1.1005466971650455,ZONE_02,NORMAL,NONE,0
19.23,RUN_009_NORMAL,TRAIN001,-0.007302569010740352,0.026357229811489805,1.0543913746697966,26.921604354211585,26.377578665732997,25.992444727225216,139.76976876818918,5.0018060762504755,0.2719985610546931,1.36048405541475,1.0968074828592977,ZONE_02,NORMAL,NONE,0
19.240000000000002,RUN_009_NORMAL,TRAIN001,0.02467091806157058,-0.00855435153764513,0.9362054262270277,27.016355988077855,26.36357972934291,25.98833934504185,140.07594265723006,4.981624387308365,0.2615926001606757,1.3031560764998282,1.092812223074271,ZONE_02,NORMAL,NONE,0
19.25,RUN_009_NORMAL,TRAIN001,-0.005013900109891336,-0.03920348325780571,1.0003668800779868,26.955158328142055,26.35332163301605,25.983351820842792,140.15354791396695,5.007090618425766,0.2625202301613434,1.3144625815878355,1.086651293617094,ZONE_02,NORMAL,NONE,0
19.26,RUN_009_NORMAL,TRAIN001,0.05491993607169848,0.02498037181845019,0.9741275757348827,26.944856809513375,26.325352163087288,26.010697333593182,140.2063052463228,4.997912648006892,0.2684346879944663,1.341613122291327,1.1105917935905054,ZONE_02,NORMAL,NONE,0
19.27,RUN_009_NORMAL,TRAIN001,-0.040801344352887105,0.013479971483709802,1.0049802840015307,27.047186675385806,26.280103750464324,25.98358901903424,140.09879764528813,4.9907478361586834,0.26922336395890917,1.3436259211212875,1.1106409320087072,ZONE_02,NORMAL,NONE,0
19.28,RUN_009_NORMAL,TRAIN001,-0.07349363960861904,-0.02405830071481366,1.0309929633771662,26.971888900180936,26.451258310540357,25.999621238574083,140.0957367601246,4.997927602907775,0.2701780373480261,1.3503302705611473,1.1092863644547093,ZONE_02,NORMAL,NONE,0
19.29,RUN_009_NORMAL,TRAIN001,-0.00128031839634126,0.035438888708847795,1.0316489363115025,26.977564574860384,26.334739221602845,25.96658295043044,140.22999982473428,4.998521254822432,0.2587973711417456,1.2936041603441848,1.0907502305589707,ZONE_02,NORMAL,NONE,0
19.3,RUN_009_NORMAL,TRAIN001,-0.003887423983610341,0.03868406217753649,0.9932627726510034,27.037543168965204,26.307353182724366,25.990300093399803,139.87902982539921,5.021999249654681,0.2669375855264357,1.3405603542183924,1.0932804482833787,ZONE_02,NORMAL,NONE,0
19.31,RUN_009_NORMAL,TRAIN001,-0.020784108531313312,0.027768914133180993,0.9836651208759425,26.976274741142856,26.43789109092861,25.979832004422857,139.56801816410027,4.983933789714101,0.2765211295441974,1.3781630011052355,1.0940554135301095,ZONE_02,NORMAL,NONE,0
19.32,RUN_009_NORMAL,TRAIN001,0.028510853227822232,-0.019122228255044282,0.9503562596431043,26.9896206950196,26.394595995062108,25.952013186603097,140.07976704989437,4.995229639774855,0.26995776374116376,1.3485010229271988,1.118869430037226,ZONE_02,NORMAL,NONE,0
19.330000000000002,RUN_009_NORMAL,TRAIN001,0.06389254367838977,-0.028770781226347575,1.0203651874494373,26.951249881602063,26.378086201278812,26.018017258375306,139.89540401967295,4.9971496953782415,0.264047891322309,1.3194868396865433,1.1077060035170905,ZONE_02,NORMAL,NONE,0
19.34,RUN_009_NORMAL,TRAIN001,-0.007601879841779424,0.021737030952633952,0.9856033283517908,26.931229929369543,26.357778672673437,25.986706791459795,140.03505611259465,5.009201208614395,0.26594398613371456,1.3321669367647329,1.0868178140483233,ZONE_02,NORMAL,NONE,0
19.35,RUN_009_NORMAL,TRAIN001,0.03426506793188081,0.015001108024776536,1.0008650337233789,26.925556597556504,26.415310059882746,26.013970929270954,139.99125466188605,4.996343295181527,0.26955293316625806,1.3467789903217475,1.113489810060389,ZONE_02,NORMAL,NONE,0
19.36,RUN_009_NORMAL,TRAIN001,0.009288140986918303,0.06547378096217421,0.8851573194422844,26.85985683245213,26.444492744378543,26.00102756064402,140.24917058605385,5.009424433403713,0.2624619388444742,1.3147832492860203,1.0873906803496445,ZONE_02,NORMAL,NONE,0
19.37,RUN_009_NORMAL,TRAIN001,0.0006767734979490307,-0.0015832019293748711,1.069878991898403,27.024573189358534,26.394255204702738,25.98920214592181,139.9556108594842,5.006824523036336,0.2652705482350921,1.3281630861427525,1.1012645695824272,ZONE_02,NORMAL,NONE,0
19.38,RUN_009_NORMAL,TRAIN001,-0.008766253936380678,0.0043101494548157876,1.01944165538448,26.96603843031223,26.375732624946465,26.03332006453785,139.80267931053476,5.005697729134299,0.25635768246738605,1.2832490689731262,1.1069418697183693,ZONE_02,NORMAL,NONE,0
19.39,RUN_009_NORMAL,TRAIN001,0.0014832172834423267,0.016295447306792908,1.0319247168869563,26.97090185744661,26.377093338836968,26.020358224687257,140.13316906780182,5.001504835474263,0.27006763245009047,1.3507445696042133,1.1022125919347938,ZONE_02,NORMAL,NONE,0
19.400000000000002,RUN_009_NORMAL,TRAIN001,0.009411450675338945,-0.037021544555483565,0.9238874340653452,27.035866747076266,26.315204562039167,26.011123836036727,139.9836809968952,4.989416476914342,0.26686134804076445,1.331482406966163,1.109335191002973,ZONE_02,NORMAL,NONE,0
19.41,RUN_009_NORMAL,TRAIN001,0.009165884901680754,-0.038691463477712844,1.0275685442472766,26.976609543733225,26.401399120494148,26.006395942516274,140.1393327313403,5.002696956484658,0.2656957076177508,1.3291951078503594,1.117513829784254,ZONE_02,NORMAL,NONE,0
19.42,RUN_009_NORMAL,TRAIN001,0.06223783004352935,0.00915260558413522,0.9398297796721117,26.874886315299143,26.38629296814635,26.021452189514072,139.84627712283023,5.01061305217569,0.2674903154941623,1.3402904661456427,1.1132593279522858,ZONE_02,NORMAL,NONE,0
19.43,RUN_009_NORMAL,TRAIN001,-0.0007394306497453563,-0.008818936368586381,0.9105768019791466,26.989736072987622,26.332749899211016,26.04838099397306,139.91365696874985,4.985789165822738,0.27635738111749,1.377859636670727,1.0991213848555255,ZONE_02,NORMAL,NONE,0
19.44,RUN_009_NORMAL,TRAIN001,-0.03361603090971362,-0.034484587110546784,1.002575373613541,26.910306982978117,26.386282442841015,26.011158456891167,139.7468875120674,4.9937723069748925,0.279006986161705,1.3932973609468495,1.1041876000010817,ZONE_02,NORMAL,NONE,0
19.45,RUN_009_NORMAL,TRAIN001,-0.02415274718524431,-0.025343257032942063,1.0541819176537857,26.984904224248243,26.369453404135566,26.006341879603227,140.21648665266747,4.999036659609177,0.26676887426635026,1.3335873821001563,1.1108425061662472,ZONE_02,NORMAL,NONE,0
19.46,RUN_009_NORMAL,TRAIN001,0.008511317576829477,-0.002144618323020028,1.0721541544494664,26.934309747523933,26.375220143702258,25.977460498649403,139.74421315205421,4.993496278704753,0.266656171046631,1.3315465978150098,1.0926860984058813,ZONE_02,NORMAL,NONE,0
19.47,RUN_009_NORMAL,TRAIN001,0.03021196051432159,0.02250392147194167,0.9788596609367244,27.035516513489988,26.316013751670717,25.986973166233092,139.90410783465634,4.99447016795726,0.25828969560178566,1.2900201793738801,1.1123083239457414,ZONE_02,NORMAL,NONE,0
19.48,RUN_009_NORMAL,TRAIN001,-0.02361487464836407,-0.006199932442052115,0.9854810440301829,26.967647298550215,26.454758686868875,25.990956265863613,140.1389561394168,4.99328142619677,0.2761344938252245,1.37881723914974,1.1127815332155988,ZONE_02,NORMAL,NONE,0
19.490000000000002,RUN_009_NORMAL,TRAIN001,0.028026806991013998,0.017717610402951008,0.9878995028276739,26.85386728372731,26.481412881442047,25.98379975185996,139.93620405456662,5.004113512886504,0.2666818257723033,1.3345061279884274,1.120281875208914,ZONE_02,NORMAL,NONE,0
19.5,RUN_009_NORMAL,TRAIN001,0.019392579585383866,0.019499037400414917,0.9835220824116392,26.994918723212045,26.41233037975102,25.994385747273174,140.1461251434457,5.002223377216738,0.2659582127250434,1.330382389055994,1.1136309785574046,ZONE_02,NORMAL,NONE,0
19.51,RUN_009_NORMAL,TRAIN001,0.00992333498372348,0.022005221190743024,1.0634380114164073,27.04625886396349,26.374232263226872,26.018941216621183,139.96115676308946,5.00106945214749,0.278588275474622,1.393239314202582,1.0946286302694666,ZONE_02,NORMAL,NONE,0
19.52,RUN_009_NORMAL,TRAIN001,0.02024013741240554,0.006358207980964332,0.9961490178341403,27.082794704587684,26.41215694198137,25.984705529682874,139.92202833964387,5.004919499054343,0.26909094451208665,1.3467785152074927,1.0980111330272362,ZONE_02,NORMAL,NONE,0
19.53,RUN_009_NORMAL,TRAIN001,-0.023117563042259204,-0.03910256933998303,1.046815385325716,26.95966402547125,26.35519145466943,26.026313021581682,139.97774925880407,4.990287924233373,0.26741333314351906,1.334469527165099,1.1039903016077002,ZONE_02,NORMAL,NONE,0
19.54,RUN_009_NORMAL,TRAIN001,-0.014516444949137525,-0.016781885374896686,0.9286747928923168,26.996372181614497,26.336610439682236,26.036142530606465,139.94740694090956,5.011811136147958,0.2689253424509846,1.3478030260882476,1.0963540860889112,ZONE_02,NORMAL,NONE,0
19.55,RUN_009_NORMAL,TRAIN001,0.026896509544366162,-0.021196073365714246,1.0041072908567805,27.02048833346824,26.379995823633376,25.97660221199217,139.80511973005173,4.984082702480039,0.2723431634547973,1.3573808501137492,1.0938963543823808,ZONE_02,NORMAL,NONE,0
19.56,RUN_009_NORMAL,TRAIN001,-0.023152669595882906,-0.007422294338089451,1.0635761648706734,27.010543336491153,26.43709403143687,26.006068041994684,139.8524486231435,4.994927564578024,0.2667974371140251,1.3326338727996159,1.078509813780542,ZONE_02,NORMAL,NONE,0
19.57,RUN_009_NORMAL,TRAIN001,0.019812897960005675,0.03896095558757406,1.0673748161700896,26.937807374057545,26.4777615296898,25.981444006325177,140.11931566105727,5.004049319459752,0.27066600538003244,1.354426040022841,1.1070028289311815,ZONE_02,NORMAL,NONE,0
19.580000000000002,RUN_009_NORMAL,TRAIN001,-0.023918614161952314,-0.004876795814257397,1.0239996164851097,26.998421376187668,26.40137193235581,25.983997983019147,140.359494436787,4.98584715164657,0.2698787904778287,1.3455743987937037,1.1028106749619309,ZONE_02,NORMAL,NONE,0
19.59,RUN_009_NORMAL,TRAIN001,0.07204018243343845,0.010870582990094777,0.9853758436004486,27.018330223014278,26.466673593454544,26.02076668300224,139.9298774802544,5.002760419406003,0.26493354849499845,1.325399070183559,1.0962427301988156,ZONE_02,NORMAL,NONE,0
19.6,RUN_009_NORMAL,TRAIN001,-0.047705810358980735,-0.013264805235367903,1.0503554396778036,26.94675609603383,26.402890484054524,26.020546555179443,139.83918092271483,4.980996799578833,0.26943487678546924,1.3420542589633393,1.0992014010796192,ZONE_02,NORMAL,NONE,0
19.61,RUN_009_NORMAL,TRAIN001,0.04019699106184999,-0.003815588272507771,0.9681780847974171,26.982532827943388,26.277260379708913,25.98999008511607,140.19569284830743,5.01240680735426,0.2618924985213196,1.3127117423832781,1.1062753138139896,ZONE_02,NORMAL,NONE,0
19.62,RUN_009_NORMAL,TRAIN001,0.01198731916713015,0.04391393027807789,0.970266544606933,26.962324722390342,26.386670021461637,26.005946025974417,140.00294109628305,5.000155184135648,0.2667217349852752,1.3336500659082782,1.1187852293722713,ZONE_02,NORMAL,NONE,0
19.63,RUN_009_NORMAL,TRAIN001,-0.004792907583856018,0.028750004107388507,1.0024816004021333,26.935296908312978,26.428318338365106,25.989029288281827,139.96301031683856,5.0082676312038465,0.2752846093056826,1.3786989981542475,1.0989841048002293,ZONE_02,NORMAL,NONE,0
19.64,RUN_009_NORMAL,TRAIN001,-0.015241964456058433,-0.041617929910729004,0.9294307301740558,27.0579369603163,26.414643199824393,26.021347033839618,140.57536171013055,5.015781739240212,0.2707871530804545,1.3582092576417875,1.1127802532742723,ZONE_02,NORMAL,NONE,0
19.650000000000002,RUN_009_NORMAL,TRAIN001,-0.04241396630987341,-0.025239381635916575,0.9604110476771361,27.064039103153167,26.42475581137754,26.006173078675452,140.1088869475195,4.991001563819203,0.26353407668531237,1.3152989888560438,1.0774891084659244,ZONE_02,NORMAL,NONE,0
19.66,RUN_009_NORMAL,TRAIN001,0.01388473145144167,0.0005047747988744726,0.9565919291399558,27.02836556988133,26.275933145920355,26.025761610676284,140.36248957291446,4.991030792507079,0.26438006691429305,1.3195290548943186,1.092065423765659,ZONE_02,NORMAL,NONE,0
19.67,RUN_009_NORMAL,TRAIN001,-0.023174936626927097,0.02305257439031669,0.9798693169719697,26.998947805962196,26.364631828381636,26.014518161156595,139.80268616913523,5.013601846059019,0.26520026778717626,1.3296085521531331,1.0958743743838921,ZONE_02,NORMAL,NONE,0
19.68,RUN_009_NORMAL,TRAIN001,-0.04086184904455803,-0.03390623498123337,0.9719777639168666,26.984783373969645,26.38894478821165,25.991131520421305,139.7602605259364,4.990351874223184,0.2716440962461748,1.3555996248237614,1.0897103083663033,ZONE_02,NORMAL,NONE,0
19.69,RUN_009_NORMAL,TRAIN001,0.021706690117206058,0.00760358966899139,1.018394675302541,26.992805394325043,26.393242091207327,26.013126573210343,140.14387332624563,5.004633361094428,0.26697957725688853,1.3361348990707116,1.0925114895666121,ZONE_02,NORMAL,NONE,0
19.7,RUN_009_NORMAL,TRAIN001,-0.018749607006775488,-0.0034131536429313145,0.9841836216728513,27.044802629734342,26.258285287574747,25.99884820962931,139.8340315943679,5.002271841174506,0.2654633524425954,1.3279198527873786,1.112790492817194,ZONE_02,NORMAL,NONE,0
19.71,RUN_009_NORMAL,TRAIN001,-0.035300959783591976,-0.005009109877895449,0.9662707112845631,26.907443647692137,26.34871653200366,25.975706040732675,139.41323464592034,5.023027763863231,0.26090259601668786,1.3105209834558156,1.083005162405705,ZONE_02,NORMAL,NONE,0
19.72,RUN_009_NORMAL,TRAIN001,-0.02543910854610574,0.01185457286689951,0.9175331864391625,27.00181468675869,26.384600266822478,26.003718972322705,139.97396726861516,5.00509652767767,0.268927235214553,1.3460067711703152,1.097804581519135,ZONE_02,NORMAL,NONE,0
19.73,RUN_009_NORMAL,TRAIN001,0.0312244386509062,-0.012004929291731957,0.9416597194446096,26.951029483185266,26.320686539573042,25.990679155414288,139.9030009480385,5.007644158221603,0.27073147188450847,1.355726873629195,1.112846385936079,ZONE_02,NORMAL,NONE,0
19.740000000000002,RUN_009_NORMAL,TRAIN001,-0.057808732705274306,0.029710699282430395,1.0450656846598234,27.018789568717892,26.46621396103436,26.011117068894023,140.26668741964278,4.993884784475696,0.2715073841612822,1.3558765946358247,1.088057555332998,ZONE_02,NORMAL,NONE,0
19.75,RUN_009_NORMAL,TRAIN001,0.010892215858698533,0.016881087415097557,1.011256165983663,26.921332033261294,26.378447158804665,26.009929707282804,139.9568510299654,4.994572414124165,0.2777734700437662,1.3873597108561397,1.0879342553644158,ZONE_02,NORMAL,NONE,0
19.76,RUN_009_NORMAL,TRAIN001,0.02422883312481672,0.07120927904500007,0.9965536912992873,26.98598635703201,26.379348375811986,26.001901514289916,140.06673114861326,5.0013280595352665,0.27056183461621536,1.353168495305418,1.0914185810875474,ZONE_02,NORMAL,NONE,0
19.77,RUN_009_NORMAL,TRAIN001,0.003394147311821339,0.018869989208616805,0.9626275767730965,26.932152890769324,26.357110822300363,25.992046750553566,139.9867546026757,5.0034922496911705,0.2694581081100876,1.3482315555452686,1.0947493015784142,ZONE_02,NORMAL,NONE,0
19.78,RUN_009_NORMAL,TRAIN001,-0.0018778457628516418,-0.02265241642155175,1.0287738959350017,26.960893859235778,26.45475581004438,26.00471642937408,140.2385480078335,4.987556901397696,0.27216561066300043,1.357441469785366,1.0925779634182222,ZONE_02,NORMAL,NONE,0
19.79,RUN_009_NORMAL,TRAIN001,-0.03082401498741122,0.023065232151417918,1.031922401896557,26.999551664216966,26.443543071048506,25.972295383136768,140.1176280819742,5.0007853166438885,0.27197040233999514,1.3600655945835785,1.1113752224862248,ZONE_02,NORMAL,NONE,0
19.8,RUN_009_NORMAL,TRAIN001,-0.01788934993849699,0.026304594424530432,0.9905579892693938,26.97340198198151,26.35378851750526,26.031112235445672,139.57704215950199,5.001504644380102,0.2747896004745053,1.374361463000591,1.1071416969155268,ZONE_02,NORMAL,NONE,0
19.81,RUN_009_NORMAL,TRAIN001,-0.04185490570509324,-0.04135637603171156,0.9827029190844533,26.968773127577332,26.371675469654445,26.017519487070732,139.86254140356462,5.023131244426661,0.2661132126115965,1.3367215928240654,1.1021338804883185,ZONE_02,NORMAL,NONE,0
19.82,RUN_009_NORMAL,TRAIN001,-0.0050965790064129435,-0.0476041158062703,0.9809714233776361,27.089193558236843,26.364282650347704,26.037681921498493,140.00428937759,4.988416591749279,0.2668827954038403,1.3313225646449451,1.1291191569012389,ZONE_02,NORMAL,NONE,0
19.830000000000002,RUN_009_NORMAL,TRAIN001,-0.04359480590901792,-0.01913849857067371,1.0886012685201054,26.98387975783041,26.334134321366935,26.017916381030815,140.31204014412256,5.003496678258352,0.26889203925412186,1.345400425218113,1.0976594743301542,ZONE_02,NORMAL,NONE,0
19.84,RUN_009_NORMAL,TRAIN001,0.022217847016603995,-0.06280420812326482,1.0531681439431324,27.00418730144849,26.249201510358397,25.99519778640812,140.03627631347044,5.002411857348108,0.2691381913209475,1.3463400795291314,1.1061933314341825,ZONE_02,NORMAL,NONE,0
19.85,RUN_009_NORMAL,TRAIN001,0.011463957886098716,-0.025473171675062647,0.9832013884489632,27.058453934392517,26.384166116238116,25.991188246496918,140.15242552357145,5.010784313780797,0.2649737312381031,1.3277262160518557,1.107187050451607,ZONE_02,NORMAL,NONE,0
19.86,RUN_009_NORMAL,TRAIN001,-0.026107868871131795,0.03817174520934928,1.0011591245058737,26.95895593242927,26.402688414024524,26.021541801825855,140.1604127742922,5.0116061190067525,0.2639539824769957,1.3228333937179126,1.101879553642062,ZONE_02,NORMAL,NONE,0
19.87,RUN_009_NORMAL,TRAIN001,0.019088950299885735,0.01326057536966372,0.9838767579047153,26.899715249473616,26.342311935562893,25.9671313753717,139.95403193833482,4.986108632233361,0.2697609557617943,1.3450574301634046,1.1190268556909273,ZONE_02,NORMAL,NONE,0
19.88,RUN_009_NORMAL,TRAIN001,-0.03387742371428416,0.013395611730333339,1.002101823065741,27.005630150059844,26.352355393002014,25.995699796282057,139.88873387878874,4.995531981471815,0.2726229716370038,1.3618967736965357,1.085689830895303,ZONE_02,NORMAL,NONE,0
19.89,RUN_009_NORMAL,TRAIN001,-0.02046494394334021,0.04475715433757877,0.9716871876009835,26.960706010756528,26.288800570058402,25.988534391841434,140.01353550698752,4.987398953696328,0.2627628218552918,1.310503022791377,1.084270292097555,ZONE_02,NORMAL,NONE,0
19.900000000000002,RUN_009_NORMAL,TRAIN001,-0.03797917561794477,0.03762718197625504,0.9607487373248986,26.961645835729062,26.387734537925766,26.001255901394114,140.12379689955418,5.00116295050665,0.26315326240169545,1.316072346228314,1.095781110006772,ZONE_02,NORMAL,NONE,0
19.91,RUN_009_NORMAL,TRAIN001,0.030105702716538566,0.0006419840251551723,1.0446548454975213,26.959517095187042,26.408064505476847,25.995814999236323,140.07931320525748,4.998202317732073,0.2695115752000204,1.3470733798203638,1.0963772049108917,ZONE_02,NORMAL,NONE,0
19.92,RUN_009_NORMAL,TRAIN001,-0.0001246390121409113,0.010969002816442383,0.9727509678417678,27.04266180993745,26.33396555569252,26.003755996043623,140.05455439772803,4.990991763950222,0.26885635730212903,1.3418598649805842,1.096026394467928,ZONE_02,NORMAL,NONE,0
19.93,RUN_009_NORMAL,TRAIN001,-0.015200013263752714,-0.009166982905278016,0.9758181687165652,27.03372970964196,26.32015078854552,25.995357449142425,140.2130229107409,5.004647014067171,0.26716756409735637,1.337079351915434,1.0960104659168943,ZONE_02,NORMAL,NONE,0
19.94,RUN_009_NORMAL,TRAIN001,-0.009663088110297504,-0.012465875288372907,1.0866665824166863,26.980193458901805,26.38884028364644,26.03172220673308,139.69609738456325,5.0079608870603485,0.27047100161098603,1.3545081971518544,1.0913679920148447,ZONE_02,NORMAL,NONE,0
19.95,RUN_009_NORMAL,TRAIN001,-0.012279527127761624,-0.03659985585680316,1.0174350549543687,27.069628830698612,26.34973286846852,25.998204839767524,140.2859089933849,4.988035245749948,0.2738937676052944,1.3661917664064538,1.1123659839847104,ZONE_02,NORMAL,NONE,0
19.96,RUN_009_NORMAL,TRAIN001,-0.016848190837364815,0.00730105786836396,0.9914069961520252,27.012425810863434,26.321211110877876,25.970165988916182,139.9798613898718,5.003431903776236,0.27540887144320186,1.3779895339619241,1.09202694347315,ZONE_02,NORMAL,NONE,0
19.97,RUN_009_NORMAL,TRAIN001,0.019453863922249254,0.004888552932118078,1.0183046748725928,27.031128313888228,26.36615201372683,26.00689733721828,140.23796442774776,5.017880750989517,0.27095974893280556,1.3596437084628772,1.102154533842381,ZONE_02,NORMAL,NONE,0
19.98,RUN_009_NORMAL,TRAIN001,0.004551437149851554,-0.019996914405828285,1.040712614785402,27.01802130203178,26.45365159381894,26.018323948091055,140.13192873197104,4.98857273808121,0.27073936925117525,1.350603036571715,1.1012990351981296,ZONE_02,NORMAL,NONE,0
19.990000000000002,RUN_009_NORMAL,TRAIN001,-0.02855051838499992,-0.029718111644792936,1.1057225653341691,27.01732387436283,26.269842056464032,25.992058944122874,139.96604564264385,5.005942401752223,0.266130858740202,1.332235750182308,1.1089615160873678,ZONE_02,NORMAL,NONE,0
20.0,RUN_009_NORMAL,TRAIN001,0.004639598884996501,0.0010859233057786916,0.934804068138361,26.9764758416636,26.39904017179721,25.991935789097177,140.29127048640424,5.007003291770451,0.2742255267406799,1.37304811507807,1.108981453658899,ZONE_02,NORMAL,NONE,0
20.01,RUN_009_NORMAL,TRAIN001,0.000633311306659345,0.008544610913388477,1.0251555426691317,26.95515530611418,26.350293862237777,25.987011552467706,139.88871143662124,4.990381946551605,0.2647393033776114,1.3211502401182804,1.080616670375196,ZONE_02,NORMAL,NONE,0
20.02,RUN_009_NORMAL,TRAIN001,-0.01401223760229364,-0.0016049363707441933,0.9834712962903742,26.955194765488894,26.346562124377815,26.02355459962071,139.84109040128268,5.004089434800344,0.2732359036301151,1.3672968985635838,1.0888124675128223,ZONE_02,NORMAL,NONE,0
20.03,RUN_009_NORMAL,TRAIN001,0.0015305692454113539,-0.05051840413007802,0.9065596053145242,26.95192856325851,26.48095937778777,26.024798661843967,139.77000033558522,4.999838435827616,0.26273879897275415,1.3136515456871616,1.0954762212383429,ZONE_02,NORMAL,NONE,0
20.04,RUN_009_NORMAL,TRAIN001,0.026784648669294038,0.017491231392643043,0.9383523690245731,26.989997838448097,26.451542780904905,25.957374338745566,140.1107048949726,4.9909613871713,0.27238565936084963,1.3594663082891953,1.1022835607077774,ZONE_02,NORMAL,NONE,0
20.05,RUN_009_NORMAL,TRAIN001,0.032453714630647376,0.05328406567717671,1.0005917961017015,27.07068312860035,26.317337351417947,26.021484321625238,140.03619842353032,4.997988086670941,0.2748740371118651,1.3738171628202478,1.0961698552422523,ZONE_02,NORMAL,NONE,0
20.06,RUN_009_NORMAL,TRAIN001,-0.016804584359306353,-0.015430875731004158,0.9809718595113526,27.03484434775121,26.37899288664577,25.98837961820796,139.82312504978069,4.986512471962409,0.2575943645122599,1.2844975113476151,1.0909329691124565,ZONE_02,NORMAL,NONE,0
20.07,RUN_009_NORMAL,TRAIN001,0.006270527218274431,-0.048327274965515414,1.035213962252807,26.91866027087529,26.385148478455484,25.997149394589325,140.28132884214904,5.009362340744963,0.2580421728025469,1.2926267427610825,1.096083448443978,ZONE_02,NORMAL,NONE,0
20.080000000000002,RUN_009_NORMAL,TRAIN001,-0.00708895757867682,-0.0017706076160088774,1.0065796583599687,27.024431831740266,26.35998153490809,26.025402365594594,140.0754036846697,5.001017943880839,0.2680459087282572,1.3405023993338598,1.0957171260618963,ZONE_02,NORMAL,NONE,0
20.09,RUN_009_NORMAL,TRAIN001,-0.00986881512848169,0.01590636118754517,0.9869258214699632,27.069514886323642,26.3670813636002,26.03053571038502,139.89344903181635,5.003194474832237,0.26997372973557016,1.3507310729628563,1.0903546959085344,ZONE_02,NORMAL,NONE,0
20.1,RUN_009_NORMAL,TRAIN001,0.0423335364519119,0.10327116304142424,0.9489137250027286,26.991150852503644,26.399342777189194,26.01604414847595,140.13102187680448,4.9921745220892895,0.27226504391392475,1.3591946154826167,1.1001675696535658,ZONE_02,NORMAL,NONE,0
20.11,RUN_009_NORMAL,TRAIN001,0.023206663443387853,-0.005273098202662428,0.9913127129972721,27.00048255418137,26.292567975344678,25.988736341800625,140.07361603602078,4.9984688668120345,0.2804870809453054,1.402005941648096,1.1032912824551264,ZONE_02,NORMAL,NONE,0
20.12,RUN_009_NORMAL,TRAIN001,0.0011413228045433865,0.010533620156709406,1.0334110404359103,26.943811042133138,26.26836217297285,26.042265365146008,139.9439194274368,5.020570475770046,0.2636722797563205,1.3237852630235627,1.1113408831123264,ZONE_02,NORMAL,NONE,0
20.13,RUN_009_NORMAL,TRAIN001,-0.004852682984441376,0.017263988192738288,1.0569663866546581,27.018118129387073,26.407418247149835,26.022481088345057,139.75567527156377,4.9949941624201735,0.26703204280526777,1.3338234949914465,1.0963527926322947,ZONE_02,NORMAL,NONE,0
20.14,RUN_009_NORMAL,TRAIN001,-0.02919034236216368,0.011331916016557808,0.9963788402712073,26.95500413598053,26.416147898670093,26.015838952956564,139.89907611695241,5.025309999022368,0.26161712003068327,1.3147071292056276,1.1101016962236072,ZONE_02,NORMAL,NONE,0
20.150000000000002,RUN_009_NORMAL,TRAIN001,-0.021454300987462687,0.007008907747772203,0.9524856084350226,27.039376336741178,26.406957194991975,26.01125885544031,139.86679850448647,5.008009390243222,0.27215645463530036,1.3629620804288878,1.0929406137958055,ZONE_02,NORMAL,NONE,0
20.16,RUN_009_NORMAL,TRAIN001,-0.009670685154617848,0.048425289102802166,0.9694234914134775,26.96388939575444,26.344189020429145,25.97075970381498,140.01138586036586,4.997885038415467,0.26612850784568326,1.3300796876577736,1.1004124527339454,ZONE_02,NORMAL,NONE,0
20.17,RUN_009_NORMAL,TRAIN001,-0.01827167414817958,-0.017880049464985618,1.0341178217817029,26.976008779540546,26.341709341923007,25.98792743711028,139.86572397113525,5.001058103092346,0.27248144921701145,1.3626955595490806,1.1168641049911205,ZONE_02,NORMAL,NONE,0
20.18,RUN_009_NORMAL,TRAIN001,0.029083741927657798,-0.018697415479300747,0.9279679192421513,27.02555835008007,26.33856109540396,25.992746403311223,139.82456989475085,4.9765866108244925,0.2751007312438708,1.3690626157362746,1.1057732782186604,ZONE_02,NORMAL,NONE,0
20.19,RUN_009_NORMAL,TRAIN001,0.047325636665203855,0.030831056278009746,0.9807581567918274,27.044844996574557,26.387262004505917,26.00966255856212,139.89353510929456,5.0244293345564275,0.27245090666480654,1.3689103276731491,1.093407284314995,ZONE_02,NORMAL,NONE,0
20.2,RUN_009_NORMAL,TRAIN001,0.07508991234908478,0.06891169698765101,0.9504802441710204,27.01691353072846,26.430826748000783,26.00434138662306,139.86586875041777,5.000700643320313,0.2685791117090116,1.3430837367056525,1.0797059872697643,ZONE_02,NORMAL,NONE,0
20.21,RUN_009_NORMAL,TRAIN001,-0.06225802893691139,0.015324359145545271,0.9983518252363021,27.107802893482997,26.341112885957305,25.997021654456557,140.14026803338288,4.97776548375156,0.27864672513183175,1.3870380505216406,1.0889480302320975,ZONE_02,NORMAL,NONE,0
20.22,RUN_009_NORMAL,TRAIN001,-0.0390722057568282,-0.012863647006456,0.9510333280291982,27.036011213150683,26.418709244849488,25.997286290032335,139.6095627096291,4.9994966536106835,0.27106884747602844,1.355207795854509,1.1028311309767433,ZONE_02,NORMAL,NONE,0
20.23,RUN_009_NORMAL,TRAIN001,-0.044126163642021606,0.020855604107200703,0.9882750547429386,26.999068112971827,26.37029425788577,26.014090057341306,140.08977870706872,5.001867968423038,0.2669184182755604,1.335090686554668,1.0951953793107299,ZONE_02,NORMAL,NONE,0
20.240000000000002,RUN_009_NORMAL,TRAIN001,-0.013547020604007814,-0.015613173288534081,1.0560093794906131,27.00880374182495,26.364725193517575,26.019746457233126,139.88641942176778,4.991260252057023,0.26945007841510965,1.3448954663069848,1.0992751439989958,ZONE_02,NORMAL,NONE,0
20.25,RUN_009_NORMAL,TRAIN001,0.006361057034588667,-0.03361113447701813,0.9918799094082796,27.04895886017453,26.404421634211772,25.98449122872503,140.04842952884567,5.0038678197135615,0.2662079702262974,1.3320694955666355,1.0842164864938744,ZONE_02,NORMAL,NONE,0
20.26,RUN_009_NORMAL,TRAIN001,0.01437402126923607,0.020191378703539067,0.9740717108329817,26.996645890788628,26.314438530781896,25.970162296620988,139.72298399780138,4.985361464874841,0.2725821010712383,1.3589203026951706,1.0928167333983843,ZONE_02,NORMAL,NONE,0
20.27,RUN_009_NORMAL,TRAIN001,-0.006026862387306612,0.00045361047226313595,1.0217770792267042,27.05017023830863,26.31300416872706,26.02703851111068,139.91549319660928,4.999506582254203,0.2755367636053002,1.377547863297719,1.0895266052389763,ZONE_02,NORMAL,NONE,0
20.28,RUN_009_NORMAL,TRAIN001,-0.013835664875911938,0.0009093463086516538,1.0149367265818,27.00272082768413,26.341052865187446,26.017084572308118,140.1270983129821,5.003313989231111,0.2733862098294424,1.3678370481025208,1.106953068202136,ZONE_02,NORMAL,NONE,0
20.29,RUN_009_NORMAL,TRAIN001,-0.013519106042674785,-0.03298651498224356,0.9581432804044318,27.03069993285498,26.471655662579867,25.996155467371526,139.72320054968844,5.017578767770803,0.27219172038526196,1.3657433969680977,1.1037501270474712,ZONE_02,NORMAL,NONE,0
20.3,RUN_009_NORMAL,TRAIN001,-0.04990611401837987,0.03541989038864168,0.9353180507253195,26.964006640633254,26.397086833057774,25.965138864866653,139.70657611446944,5.014107059908093,0.26793505902172654,1.3434550710377307,1.0920225213872798,ZONE_02,NORMAL,NONE,0
20.31,RUN_009_NORMAL,TRAIN001,0.02032153590812533,-0.029593854575103537,0.9485142222415437,26.97045640414867,26.395215309932123,25.969594237216526,139.9726291467025,5.0005597688384436,0.2694812435094255,1.347557064749789,1.0863915995579363,ZONE_02,NORMAL,NONE,0
20.32,RUN_009_NORMAL,TRAIN001,-0.012758043392906915,0.04059979666841249,1.0210867223822768,27.019919590251053,26.425490759672556,26.04235564763989,140.12163502191302,5.0063529684667465,0.2673475480730801,1.3384361909079707,1.1017983065283885,ZONE_02,NORMAL,NONE,0
20.330000000000002,RUN_009_NORMAL,TRAIN001,-0.043788515150620703,-0.04873659572898897,1.0022396330428152,27.102309282068923,26.374699645272923,26.03136939808864,139.70169267650863,5.00110463511337,0.27112282048156017,1.3559135941953406,1.1049436595016897,ZONE_02,NORMAL,NONE,0
20.34,RUN_009_NORMAL,TRAIN001,-0.03279405700163449,0.06769644533972904,0.9600729079366368,27.039541413263635,26.30305817026814,25.989451953746975,139.85157757179263,5.001517243422789,0.263686951308011,1.3188348338326024,1.1019404828403623,ZONE_02,NORMAL,NONE,0
20.35,RUN_009_NORMAL,TRAIN001,-0.02680497014440435,0.009202650825163222,0.9426230345053589,26.99179723759155,26.38524890498548,25.978664171143073,140.02967890156899,5.005941714174073,0.26623213180746425,1.3327425342684753,1.1088920397016695,ZONE_02,NORMAL,NONE,0
20.36,RUN_009_NORMAL,TRAIN001,-0.026436104620116366,-0.021462378730466313,1.0422249611655539,27.020178085544043,26.362576819945364,26.021628389045375,139.9939746517394,4.992440018897355,0.28076419922274964,1.401698424073325,1.0892633789567596,ZONE_02,NORMAL,NONE,0
20.37,RUN_009_NORMAL,TRAIN001,-0.05682620430675117,-0.05183540605599352,1.0360819800432493,27.067129045831667,26.36624919762541,25.997050324894563,140.08664312476648,4.984160316276204,0.2654383495420197,1.3229872882051865,1.0848549727569194,ZONE_02,NORMAL,NONE,0
20.38,RUN_009_NORMAL,TRAIN001,0.000689002053571165,-0.004572005989428335,1.0724017796974363,26.996994786382963,26.437015037046702,25.951960459242212,140.14081473395103,4.99727632101257,0.2703686090771181,1.3511066480861866,1.0844562601710088,ZONE_02,NORMAL,NONE,0
20.39,RUN_009_NORMAL,TRAIN001,0.05016392881408518,0.030560597714772427,0.9982233886790953,27.051051327041343,26.451863444227318,25.966019412525455,140.03680108648336,4.988862062200321,0.2656950777613515,1.3255160935569705,1.0922197669189233,ZONE_02,NORMAL,NONE,0
20.400000000000002,RUN_009_NORMAL,TRAIN001,0.01120975750318101,-0.015608217086474816,1.0589004963760114,27.054072543346994,26.399747448322657,26.01069836914795,140.4399737932838,4.989090325675258,0.27374551378790074,1.3657410945362187,1.0860064224203847,ZONE_02,NORMAL,NONE,0
20.41,RUN_009_NORMAL,TRAIN001,-0.03351120532982715,-0.05984457752846276,1.006768939149695,26.984215053698446,26.405093449855613,26.004156053450014,140.16258332602433,5.008852322458466,0.26534738882467657,1.329085884772771,1.1022163621325527,ZONE_02,NORMAL,NONE,0
20.42,RUN_009_NORMAL,TRAIN001,-0.016666471037190708,0.049011639193046186,0.9245407368095279,27.070054307618673,26.43077208491347,25.99738231881418,140.05846630051886,4.988693804226195,0.27773126045570484,1.3855162182753062,1.0758271527130607,ZONE_02,NORMAL,NONE,0
20.43,RUN_009_NORMAL,TRAIN001,-0.03130810908190677,-0.025763742085349376,0.9740633833546204,27.071345712449517,26.36650803482597,26.005122096817765,139.92604630180278,4.980310321145192,0.2677573055602581,1.3335144724437804,1.1064113359305199,ZONE_02,NORMAL,NONE,0
20.44,RUN_009_NORMAL,TRAIN001,0.02700039354622055,-0.0014142856427872236,0.9577832130787922,27.019711434801014,26.37410820401947,26.03365256630409,139.7685471826805,4.997093266923585,0.26525526846632036,1.3255053160690573,1.1025511922800941,ZONE_02,NORMAL,NONE,0
20.45,RUN_009_NORMAL,TRAIN001,0.0422122034009631,-0.03720227509517567,0.9789643545840214,27.034072133808692,26.35385590855341,26.00148571136009,139.79603136545856,5.009800486277103,0.26704898951574063,1.3378621575357665,1.101066029296005,ZONE_02,NORMAL,NONE,0
20.46,RUN_009_NORMAL,TRAIN001,0.024728193300954476,0.007078446405881259,1.0093738669353054,26.984378410867233,26.406312189548256,25.983543687713944,140.25032788790205,4.994905799179399,0.27020947654889776,1.3496708814073193,1.1115316270749105,ZONE_02,NORMAL,NONE,0
20.47,RUN_009_NORMAL,TRAIN001,-0.018354301020312193,0.03890259342762662,1.0853372197157232,27.007307670754436,26.45536581495402,26.01110582147422,140.26722162639905,4.98872949630342,0.26392637093968896,1.316657271559144,1.096301625702324,ZONE_02,NORMAL,NONE,0
20.48,RUN_009_NORMAL,TRAIN001,-0.013928548667299426,0.029685981838148013,1.0014336515506246,27.014066297484625,26.4265821083843,26.00975677496787,139.53964807119897,5.003264028860883,0.26420386503143434,1.3218816941977911,1.1064318538708164,ZONE_02,NORMAL,NONE,0
20.490000000000002,RUN_009_NORMAL,TRAIN001,0.03264529359906421,-0.021903851305436553,1.0278566211372213,27.104399649126602,26.3715987060394,26.021323947839356,140.22008599074223,4.995078895312628,0.2675176303023548,1.3362716692473384,1.0928412351947567,ZONE_02,NORMAL,NONE,0
20.5,RUN_009_NORMAL,TRAIN001,-0.008167614409744065,-0.06083992286114998,1.0081401333629372,26.94379128431848,26.38592143620628,25.973455923887826,140.12830712891918,4.999692887679838,0.26398553547671977,1.3198466041733092,1.1018027029430402,ZONE_02,NORMAL,NONE,0
20.51,RUN_009_NORMAL,TRAIN001,0.027161969507870493,0.039271905699239246,0.9977079052779402,27.037088734443785,26.38650903639715,26.002573749943316,139.94640095869414,5.002409789714474,0.2737946920419588,1.3696332478425544,1.1093798204554677,ZONE_02,NORMAL,NONE,0
20.52,RUN_009_NORMAL,TRAIN001,-0.06162672323591952,-0.05673669086981295,0.9933386110961994,27.022793745117667,26.33733977842826,26.000225525535786,139.69297434801027,5.0081528222400005,0.2718931807700751,1.3616826006214624,1.1007990706235748,ZONE_02,NORMAL,NONE,0
20.53,RUN_009_NORMAL,TRAIN001,-0.02368069285809292,-0.0314993937854694,0.9729979712924373,27.077571189804168,26.405776684177585,25.996969839576156,140.06079845485576,5.001135359057825,0.26996758489672806,1.350144434626472,1.1042108344448798,ZONE_02,NORMAL,NONE,0
20.54,RUN_009_NORMAL,TRAIN001,0.025647759716046336,-0.020595623181279818,0.9310747271565223,27.031450410201906,26.373974839773535,25.986176402923615,140.15925386120077,5.002018138582934,0.2646169350895162,1.323618709093983,1.0891248998989942,ZONE_02,NORMAL,NONE,0
20.55,RUN_009_NORMAL,TRAIN001,0.01284625531321699,0.003820880852752085,1.0192625580921275,27.081352101873453,26.27594934506165,26.040500202787186,140.10999226054867,4.993719488860254,0.2702320914450896,1.3494632615648101,1.104377252093406,ZONE_02,NORMAL,NONE,0
20.56,RUN_009_NORMAL,TRAIN001,0.019290340805816774,0.04375300621443941,0.9694552419682738,27.033038429587954,26.395181156809198,26.006627548164886,139.94283523853528,4.993321581328735,0.2769117449461438,1.382709392162978,1.0918021685015078,ZONE_02,NORMAL,NONE,0
20.57,RUN_009_NORMAL,TRAIN001,0.004178545260835801,-0.023675509095403054,0.8999078736708666,27.056950674133482,26.299124074518225,26.04032816556879,140.10731457851622,4.979243577525656,0.2691984951910723,1.340404878259718,1.083249045388681,ZONE_02,NORMAL,NONE,0
20.580000000000002,RUN_009_NORMAL,TRAIN001,-0.0009777378083939614,-0.0028836692865462474,0.9780544070507026,26.967196402873373,26.322965700202648,26.007565992009603,140.09981415684095,5.020694514266239,0.26867256447565824,1.3489228705967797,1.109920854095781,ZONE_02,NORMAL,NONE,0
20.59,RUN_009_NORMAL,TRAIN001,-0.006123177198200497,-0.014854402320441867,0.9675943414611764,27.066184328048656,26.383269686562937,26.038360536674336,140.05359532217562,4.99157228084124,0.27346826812801256,1.3650366268774474,1.0993733068006963,ZONE_02,NORMAL,NONE,0
20.6,RUN_009_NORMAL,TRAIN001,0.060122878057091274,-0.04263076988341953,0.9525927269474381,26.942677881283778,26.41484687860109,25.98734906677496,140.06094906404454,4.9994821274772905,0.273741284755966,1.3685646606901236,1.1156274357395395,ZONE_02,NORMAL,NONE,0
20.61,RUN_009_NORMAL,TRAIN001,-0.07812591521458218,-0.03403384274433785,0.9828870500147159,27.0600340633684,26.40698744556498,25.995933867645146,139.99742354842485,5.000128217230534,0.2691124246689375,1.3455966281944807,1.0980055046326835,ZONE_02,NORMAL,NONE,0
20.62,RUN_009_NORMAL,TRAIN001,0.03145756349607211,-0.03301234446551842,1.040249079798328,27.009327209839494,26.28876039156939,26.00668309496941,139.66582757312042,4.997370504424019,0.27873032143091125,1.392918687007462,1.1119781219835592,ZONE_02,NORMAL,NONE,0
20.63,RUN_009_NORMAL,TRAIN001,-0.04323339824953703,-0.040833176133760966,0.9953991933736409,26.99629760816497,26.371072648831845,25.97156757436944,140.13702594916512,5.016011999668441,0.2687108199198,1.3478566971584625,1.1032852673762061,ZONE_02,NORMAL,NONE,0
20.64,RUN_009_NORMAL,TRAIN001,-0.03608921367210843,-0.032844430003749925,0.9549687966969258,27.0232313262219,26.40018165363766,25.986316536675123,140.11847333447417,4.98809917961434,0.2735661779563983,1.364575227834541,1.1148483060577437,ZONE_02,NORMAL,NONE,0
20.650000000000002,RUN_009_NORMAL,TRAIN001,0.03529445677622485,-0.007332073520810337,1.0487606473180993,26.944465188661912,26.383522469290146,25.990151079799542,139.88074878706252,5.022934043608642,0.26185353285804897,1.3152730246318884,1.0834856363097958,ZONE_02,NORMAL,NONE,0
20.66,RUN_009_NORMAL,TRAIN001,0.015793521086256902,0.018329827091523573,1.0477775509403315,27.003929748513805,26.301619721655495,26.03927738208905,139.6557628360255,4.993522692119655,0.27418107483389315,1.3691294189328027,1.0897046174087706,ZONE_02,NORMAL,NONE,0
20.67,RUN_009_NORMAL,TRAIN001,-0.0031820105021520386,0.021221784971174145,1.0261212189969495,27.036346241790337,26.407135461164355,25.9847698307918,139.94974162632684,4.9881951724535405,0.26401985724452215,1.3169825773389983,1.1050992691156876,ZONE_02,NORMAL,NONE,0
20.68,RUN_009_NORMAL,TRAIN001,-0.015356843892136327,0.027417690328588245,1.0083376309806549,27.099847109823052,26.444494003933638,25.967088451897894,140.03028617016213,4.982936350421638,0.263538657819765,1.3131963577914365,1.0975558332099578,ZONE_02,NORMAL,NONE,0
20.69,RUN_009_NORMAL,TRAIN001,0.014416679687500126,-0.0017779979070575843,1.0210075572326116,27.013955456569523,26.456880786308496,25.98449175504128,139.87347085966525,4.980295778044373,0.2645586324598174,1.3175802402848218,1.09093040537882,ZONE_02,NORMAL,NONE,0
20.7,RUN_009_NORMAL,TRAIN001,0.025279896470587353,-0.002201607521955622,1.1054837049115482,27.018122572963364,26.374072948263166,26.008365421639986,140.14024468186457,5.005642393119419,0.27345492420763673,1.368817561221004,1.1003935975250272,ZONE_02,NORMAL,NONE,0
20.71,RUN_009_NORMAL,TRAIN001,-0.008812863854143356,-0.008278265812513839,1.0184859719299413,27.005172056199456,26.42246584271944,25.982984643893076,140.06032555013567,5.00631695655055,0.28123106378343077,1.4079318433277388,1.106205610522939,ZONE_02,NORMAL,NONE,0
20.72,RUN_009_NORMAL,TRAIN001,-0.007961439870229764,-0.0020269017854591784,1.0175481836641471,26.966208464553162,26.358343881364902,26.052115491542676,139.6192229090893,4.995234783087186,0.265990247652805,1.3286837370372662,1.120708542070169,ZONE_02,NORMAL,NONE,0
20.73,RUN_009_NORMAL,TRAIN001,-0.014460353447403292,0.03712893536690436,1.0827701055326933,27.047481362180044,26.394400160564512,25.998000185591874,140.00894639971312,5.006723471781162,0.2698146121120064,1.3508871514907121,1.0971488496165813,ZONE_02,NORMAL,NONE,0
20.740000000000002,RUN_009_NORMAL,TRAIN001,0.027953329386635493,-0.0039354946475965566,0.9575394595723682,27.00923146625232,26.336569560048865,26.008014364182582,139.88024918561402,5.011320583999497,0.26618485418442395,1.3339376389233084,1.1219839790823554,ZONE_02,NORMAL,NONE,0
20.75,RUN_009_NORMAL,TRAIN001,-0.03914868985057966,-0.0067191586890270145,0.9962547358172404,26.89021907351009,26.49738657189143,25.99985596538516,140.34021697450095,4.97841065905528,0.2747014629988283,1.3675766914514464,1.100061954486332,ZONE_02,NORMAL,NONE,0
20.76,RUN_009_NORMAL,TRAIN001,-0.040775905105493115,-0.010237137336278868,1.0526798367591461,27.075765389851615,26.404786440488046,25.992192022229872,139.61290363655,4.99864803649223,0.2657298177145671,1.328289831556359,1.0851244369633433,ZONE_02,NORMAL,NONE,0
20.77,RUN_009_NORMAL,TRAIN001,0.007816457394133305,0.02284907728383298,0.9806337632227912,27.046862884439,26.463824223123396,25.985137452025217,139.71763109250873,4.99782135311301,0.26550358244902733,1.3269394736917495,1.0945196750763195,ZONE_02,NORMAL,NONE,0
20.78,RUN_009_NORMAL,TRAIN001,-0.006175767479067513,-0.00666829342295687,0.959389470556399,26.990009216500063,26.41484762109185,25.987464015360988,140.1539695570525,4.985301202784997,0.2774224264549629,1.383034356285459,1.1034574487972144,ZONE_02,NORMAL,NONE,0
20.79,RUN_009_NORMAL,TRAIN001,-0.051594084384767515,0.015919605620700942,1.0019432574833778,26.982580370843586,26.35781089610216,26.0262536071936,140.01221613537325,5.00087215970597,0.27117699520887073,1.356121485692761,1.1123324304626636,ZONE_02,NORMAL,NONE,0
20.8,RUN_009_NORMAL,TRAIN001,0.04128784630958706,0.035561138531850014,0.9859126645971387,27.102166558654325,26.38358114991002,26.019709479733404,140.122238452345,5.012215697894926,0.2669969625063352,1.3382463667645164,1.094984077088673,ZONE_02,NORMAL,NONE,0
20.81,RUN_009_NORMAL,TRAIN001,0.011040121380075641,0.028243483070545968,0.9952361852327862,27.019157081538086,26.379572294497823,26.01955811219503,139.9373257182951,5.027911389355885,0.2765004811042438,1.390219918106409,1.1186010658277643,ZONE_02,NORMAL,NONE,0
20.82,RUN_009_NORMAL,TRAIN001,0.009847134419508336,-0.010246913974673068,1.046561929168562,27.129009513896428,26.35887245395137,26.018895844431757,140.22093701552356,5.001851537327981,0.27377057006366795,1.3693597467481151,1.104167407709372,ZONE_02,NORMAL,NONE,0
20.830000000000002,RUN_009_NORMAL,TRAIN001,-0.02679061858948572,-0.003906294222231366,1.0758686814406837,27.04768700605846,26.374844786612588,26.006631372390157,140.17677817739715,4.994487530952622,0.2646490647953918,1.3217864541988569,1.0855618714118134,ZONE_02,NORMAL,NONE,0
20.84,RUN_009_NORMAL,TRAIN001,-0.021101069338342535,-0.03516365084976744,0.9547660992032654,26.957790686806604,26.37955610472019,25.999394429771204,140.348599437442,5.00041715797274,0.2746478164254174,1.3733536536534046,1.0938159127899478,ZONE_02,NORMAL,NONE,0
20.85,RUN_009_NORMAL,TRAIN001,0.010365540580009895,0.042259391853884914,0.9244616349465271,26.999826700732115,26.393320066278743,25.979847464209428,140.37635765319436,5.0070526623280704,0.2768466538636468,1.3861857752845905,1.0982970777003622,ZONE_02,NORMAL,NONE,0
20.86,RUN_009_NORMAL,TRAIN001,0.004602741463895226,-0.00807079069726237,0.9835642708316288,27.052411360052258,26.431201023649802,25.99679648476943,139.93556233678075,4.992891031548521,0.26288263548494784,1.312544353062635,1.0896956592755362,ZONE_02,NORMAL,NONE,0
20.87,RUN_009_NORMAL,TRAIN001,-0.020739075490163496,0.006087978456189223,1.038245916637092,27.075456212916436,26.422171924444974,25.969579409614564,140.09463740825066,4.999468228245729,0.2727205803352362,1.3634578765747505,1.0992231101036345,ZONE_02,NORMAL,NONE,0
20.88,RUN_009_NORMAL,TRAIN001,0.04524446830842536,-0.04888167193725322,0.9899993228391393,27.046368166201926,26.361732870359237,26.016286396935296,140.09133815083402,4.987066461655442,0.2683006726371526,1.33803328614834,1.1107231471483507,ZONE_02,NORMAL,NONE,0
20.89,RUN_009_NORMAL,TRAIN001,-0.04461819906011095,0.04279788979113973,1.1625927971837364,27.013813426568493,26.373367450802853,26.011764140062624,139.79214547046516,5.007365610090084,0.26840557176588015,1.3440048296170344,1.104451697855783,ZONE_02,NORMAL,NONE,0
20.900000000000002,RUN_009_NORMAL,TRAIN001,-0.014903914092913003,-0.02930333942512169,1.0341659923910842,27.09310354101171,26.434507996677606,26.017772334640483,140.06578251293328,4.999637251357114,0.27252358829152457,1.3625190838958157,1.1073993518386107,ZONE_02,NORMAL,NONE,0
20.91,RUN_009_NORMAL,TRAIN001,-0.015013761399489336,0.09042237499490674,0.951608636350385,27.13598967476025,26.374207120270132,26.019172594416723,139.67446803544095,4.996020015948088,0.2698827165408146,1.3483394537963538,1.1053891912781895,ZONE_02,NORMAL,NONE,0
20.92,RUN_009_NORMAL,TRAIN001,-0.04878283489539822,0.007802214896211027,0.9671948418367576,27.02616179544826,26.398379817430996,26.013676956492287,140.3697865781829,5.0115346988492595,0.26816906573067195,1.3439385780672504,1.1178996427132726,ZONE_02,NORMAL,NONE,0
20.93,RUN_009_NORMAL,TRAIN001,0.029922491294112456,-0.02225707834442509,1.0160985471372634,27.031567312640888,26.364423269753242,25.98670004712367,139.77729245475913,5.000463428946674,0.2756492943733242,1.3783742157287637,1.0990478392797849,ZONE_02,NORMAL,NONE,0
20.94,RUN_009_NORMAL,TRAIN001,0.040821739993396645,0.025451874831958685,0.9530277268658023,26.966927240846044,26.305814093030428,26.00187558524528,140.02858164735213,4.998336039023207,0.26907062005823035,1.3449053772793733,1.0898887575712748,ZONE_02,NORMAL,NONE,0
20.95,RUN_009_NORMAL,TRAIN001,-0.017558661558983203,-0.016402565361532784,0.9556288134551709,27.04168992473455,26.329221496528028,26.010653573622108,140.06955661294396,5.004430155138622,0.2723391834266918,1.3629024219663648,1.0888697430260523,ZONE_02,NORMAL,NONE,0
20.96,RUN_009_NORMAL,TRAIN001,-0.04889936055834082,0.032624271312444705,0.9760129563992557,27.049347174724065,26.513000394250977,25.991677694726146,139.82985139025092,5.013206580602508,0.2673837647565023,1.34045004902357,1.096671884895673,ZONE_02,NORMAL,NONE,0
20.97,RUN_009_NORMAL,TRAIN001,0.0384679578536826,-0.017100286011010754,0.9977041184996407,27.09481049544086,26.420231669694743,25.97992056122591,139.99915409976492,4.992275416500693,0.27165994280333405,1.356201254105069,1.097703828062924,ZONE_02,NORMAL,NONE,0
20.98,RUN_009_NORMAL,TRAIN001,0.008952410140077567,-0.0102543381637168,1.029951554207997,26.954650922936576,26.358813092111845,26.011346758995654,139.9596382446341,4.997358068380029,0.2676954164616226,1.3377698493228416,1.1008673879855806,ZONE_02,NORMAL,NONE,0
20.990000000000002,RUN_009_NORMAL,TRAIN001,0.031782571238868074,-0.0493091149688595,0.9837070428434429,27.036680183431205,26.43426512099158,25.987618427131675,140.06863271387155,4.99309042057452,0.2727036568867429,1.3616340168568366,1.094678698093231,ZONE_02,NORMAL,NONE,0
21.0,RUN_009_NORMAL,TRAIN001,-0.025964772918880403,-0.009786583850834831,0.9842862674881775,27.068932811315204,26.46347163561534,25.98679119914166,139.98787986641568,5.009114581412553,0.25834673877101905,1.2940884162382913,1.1118993438316518,ZONE_02,NORMAL,NONE,0
21.01,RUN_009_NORMAL,TRAIN001,0.007879728653395734,-0.035598591729402204,0.9272784056061429,27.04311114046717,26.360843346009727,25.97173649878713,140.0785579008407,4.987578754824366,0.2686458004499138,1.3398920868967763,1.0950394962403285,ZONE_02,NORMAL,NONE,0
21.02,RUN_009_NORMAL,TRAIN001,-0.04732329808880769,0.048891378317188455,0.976699566188921,27.086945758889513,26.346037259320713,25.996939890478128,139.89626717947598,5.004900324895104,0.2703534594884608,1.3530921172303128,1.0935614895223822,ZONE_02,NORMAL,NONE,0
21.03,RUN_009_NORMAL,TRAIN001,-0.0030419272715905897,0.010238915968396519,0.9951090682048948,27.05153520509178,26.445387273233834,25.994472485371166,139.91158904386322,4.996541294711429,0.27540305759842687,1.3760627499803302,1.083628299694824,ZONE_02,NORMAL,NONE,0
21.04,RUN_009_NORMAL,TRAIN001,-0.00974194682195988,0.05996027210535085,0.9373502015535616,27.094894634368686,26.40450089243921,26.003694021284367,140.06707539487914,5.001689992994305,0.2690973348527888,1.3459414468746314,1.093585037095072,ZONE_02,NORMAL,NONE,0
21.05,RUN_009_NORMAL,TRAIN001,-0.007802094486686073,-0.04892392409559158,1.00916261396919,27.114413088514404,26.371569737410155,26.000061714324698,140.23422875452704,4.988571252199062,0.2635266184885964,1.3146213131814417,1.1045112753367805,ZONE_02,NORMAL,NONE,0
21.06,RUN_009_NORMAL,TRAIN001,-0.011409120966754139,0.02700529579331244,0.955255909105219,27.06539782984833,26.423354398003706,25.985571956913027,140.34002978666766,5.0024662931879655,0.2692235850501541,1.3467819095446194,1.1191852787166248,ZONE_02,NORMAL,NONE,0
21.07,RUN_009_NORMAL,TRAIN001,-0.0264172891814521,-0.03154969140321112,1.064893696418842,27.09271895322778,26.36498251130851,26.00678525673303,139.99453888785018,4.981836243096924,0.2728201952080418,1.3591455363362004,1.0995579551046797,ZONE_02,NORMAL,NONE,0
21.080000000000002,RUN_009_NORMAL,TRAIN001,0.0119694653815507,-0.021346038478073003,1.099177367372485,27.082368632287473,26.374555923101823,25.982444157443414,140.05156803864335,4.994327534845949,0.27866861253829794,1.3917623246973385,1.1128908696591298,ZONE_02,NORMAL,NONE,0
21.09,RUN_009_NORMAL,TRAIN001,0.05119222611810083,0.043734254136349626,1.0610180769088096,27.058435006827953,26.453208448663787,25.99876396667685,139.942740899134,4.99514187179161,0.26269552764694015,1.3122014296816211,1.0902594410901751,ZONE_02,NORMAL,NONE,0
21.1,RUN_009_NORMAL,TRAIN001,0.05206745805898857,0.0045219158202125615,0.9860188613201173,27.076664406853126,26.323429552356842,26.02536319311056,139.64968737336196,4.9997740186577,0.27445734907793135,1.372224723149508,1.104382289670856,ZONE_02,NORMAL,NONE,0
21.11,RUN_009_NORMAL,TRAIN001,-0.02483282076528829,0.022949013826667638,0.9871526165117762,27.06308260863216,26.343740366719494,26.01195816819439,139.87812765032248,5.002635750572804,0.26148812483417466,1.3081298416456864,1.1059526630637533,ZONE_02,NORMAL,NONE,0
21.12,RUN_009_NORMAL,TRAIN001,-0.03709790302590786,0.018659045864244328,0.99273130646104,27.103576518694844,26.396680136783925,26.005686151041807,140.14307343164137,5.0148959308105265,0.2666997821559255,1.3374716522818046,1.1132395067855767,ZONE_02,NORMAL,NONE,0
21.13,RUN_009_NORMAL,TRAIN001,0.04531692719271376,2.381911535060097e-05,1.0000304072198862,26.981827738532804,26.435382877907312,26.001249630416616,139.94106956052102,4.990478356950753,0.2761422484202925,1.378081914181188,1.090194857878903,ZONE_02,NORMAL,NONE,0
21.14,RUN_009_NORMAL,TRAIN001,0.01980572455679642,-0.036374737297996985,0.9146062532698479,27.07988582039171,26.485457544669206,25.968933087559368,139.84206877541314,4.9993851186948595,0.27116878692351837,1.3556771979999749,1.0961951513186508,ZONE_02,NORMAL,NONE,0
21.150000000000002,RUN_009_NORMAL,TRAIN001,0.009381897651171879,0.04825381644664911,1.002184501319749,27.075600332410858,26.328790298582383,26.013540254258345,139.8548455947671,4.997508060123717,0.25990249356016615,1.298864806413183,1.0998855737629876,ZONE_02,NORMAL,NONE,0
21.16,RUN_009_NORMAL,TRAIN001,-0.03551133700149429,0.0025040722738940997,0.994750214571956,27.076569284030352,26.445405315239856,26.00230349420781,139.79280180904405,5.005671882034605,0.2681249632482778,1.342145589403466,1.102961345129906,ZONE_02,NORMAL,NONE,0
21.17,RUN_009_NORMAL,TRAIN001,0.015251422019043856,-0.027816825406910103,1.0009105766752615,27.018869121796218,26.435568951170712,26.00912764201997,139.76058610530262,5.0026920071378,0.2671769077267317,1.3366037807763143,1.1015659218372973,ZONE_02,NORMAL,NONE,0
21.18,RUN_009_NORMAL,TRAIN001,-0.001461850709216471,-0.033885574878667835,1.0764885591063114,27.021868980499868,26.386720132274426,26.03074502114787,139.69522670337804,4.997324124332096,0.25856156063154334,1.2921159245689673,1.0993735409225973,ZONE_02,NORMAL,NONE,0
21.19,RUN_009_NORMAL,TRAIN001,0.01454714676236999,0.014894880885312073,1.017892659726032,27.097647424698575,26.4624968562012,26.029082266716408,140.10645403859294,5.001968772222237,0.26545748720443413,1.3278100613491635,1.097318264496224,ZONE_02,NORMAL,NONE,0
21.2,RUN_009_NORMAL,TRAIN001,-0.03646366737627481,-0.05969879027250168,1.0322054434299448,27.076981290758667,26.49771091894141,25.97624652278405,139.99719092829196,4.989921645941081,0.26497271730715605,1.3221930976748049,1.0865862813858953,ZONE_02,NORMAL,NONE,0
21.21,RUN_009_NORMAL,TRAIN001,0.07432620761256124,0.01593688620586502,1.003225102939375,27.036657864033042,26.436974394054566,25.990591895717984,140.3376216126114,4.997313441610134,0.26542423595156706,1.326408102049866,1.086729873612191,ZONE_02,NORMAL,NONE,0
21.22,RUN_009_NORMAL,TRAIN001,0.03493010941646876,0.0330790003131865,1.0596180463523999,27.105836052872334,26.2531638002638,26.01335556053869,140.1564733895812,4.995195791970185,0.2748033641067356,1.3726966080052163,1.089065842285422,ZONE_02,NORMAL,NONE,0
21.23,RUN_009_NORMAL,TRAIN001,-0.05795727510287197,0.05549786157920562,0.9763552669126194,27.076362588974916,26.332589679171956,26.021946490905567,140.0110895913414,5.0071710627985375,0.2791285006223171,1.3976441511184097,1.0961277709649118,ZONE_02,NORMAL,NONE,0
21.240000000000002,RUN_009_NORMAL,TRAIN001,0.03533602237756408,-0.0084476789100652,1.0763683910017836,27.086821851311548,26.414477892797297,25.999726492047913,139.94856804055254,5.012744886693149,0.2668905446089859,1.3378542127954438,1.1080717033853853,ZONE_02,NORMAL,NONE,0
21.25,RUN_009_NORMAL,TRAIN001,-0.05405517503878735,0.040139526767065975,1.0209741551555076,27.073523227794894,26.414018187792358,26.02085562236965,139.95157547978502,4.999907186083751,0.27730989030525377,1.386523713309335,1.1160015176655054,ZONE_02,NORMAL,NONE,0
21.26,RUN_009_NORMAL,TRAIN001,-0.019113422097710414,-0.014927303564059231,0.9220713123859045,27.028268260608957,26.42646496309107,26.028497826429216,139.8999828977634,4.993792379625002,0.2801738366300263,1.3991299703333255,1.114602805712224,ZONE_02,NORMAL,NONE,0
21.27,RUN_009_NORMAL,TRAIN001,-0.006698371116244299,0.011022804729028524,1.041867566076038,27.04665392918128,26.395098467964033,26.007205787944784,139.77182228091166,5.009113356670072,0.2678521235670615,1.3417016497722105,1.084602285920081,ZONE_02,NORMAL,NONE,0
21.28,RUN_009_NORMAL,TRAIN001,0.014351522557753611,0.011556764744670867,1.0327828284424976,27.07310956963992,26.397112392720583,25.99979536464129,140.2263674520278,5.004493570880393,0.2721358429149213,1.3619020762738403,1.0866545083720118,ZONE_02,NORMAL,NONE,0
21.29,RUN_009_NORMAL,TRAIN001,0.021629955207694868,0.033894389371811516,0.9251273995164839,27.090882894831736,26.34215353416321,25.985907410820317,140.03389669222787,5.003310056047953,0.27715319476817113,1.3866833664494076,1.1001256137797624,ZONE_02,NORMAL,NONE,0
21.3,RUN_009_NORMAL,TRAIN001,0.012633218998540805,0.03518149760509665,1.0369123238933844,27.106343359629573,26.36778652145708,25.999223605758637,140.216905791476,5.004356988949811,0.2709934635084948,1.3561480330684517,1.1033947174608087,ZONE_02,NORMAL,NONE,0
21.31,RUN_009_NORMAL,TRAIN001,0.009033141051350562,0.014092950654113513,1.005588880242948,27.09231422416137,26.466447152225815,25.996514704861177,139.66744348069213,4.997732701157965,0.2701636601836186,1.3502057591641987,1.0868077467729593,ZONE_02,NORMAL,NONE,0
21.32,RUN_009_NORMAL,TRAIN001,-0.04772382246008776,0.014707033085296627,0.9868153795403826,27.11781564764628,26.38880759425799,26.03034079247031,140.2370014420366,5.014850545199041,0.27062402467914026,1.3571390377061452,1.10096512043956,ZONE_02,NORMAL,NONE,0
21.330000000000002,RUN_009_NORMAL,TRAIN001,0.011262581170603865,0.04023239042355368,0.9266314712756034,27.079042987627542,26.395740480588472,26.000176663544696,140.04439507096936,4.986394442596705,0.2651444282961748,1.3221147037415264,1.0887914309289721,ZONE_02,NORMAL,NONE,0
21.34,RUN_009_NORMAL,TRAIN001,0.04631213371151671,0.04410407759762734,0.9111013913452434,27.03305554584558,26.420411083947506,25.99327761909908,139.93164774617912,4.988623720360677,0.2634011710695888,1.3140093299685314,1.096048762346793,ZONE_02,NORMAL,NONE,0
21.35,RUN_009_NORMAL,TRAIN001,-0.03359211471448538,-0.01825639274744301,0.9780972004199152,27.059292690552347,26.44519128310703,25.967265067953022,139.80389332156565,5.007369453732163,0.26855871469071174,1.344772704475841,1.1163552311742948,ZONE_02,NORMAL,NONE,0
21.36,RUN_009_NORMAL,TRAIN001,0.03736230004622184,-0.01861212506869505,0.9832564924288433,27.00538014803006,26.40305678389567,26.003109506485536,139.75194415327266,4.995832835575338,0.2748864062248504,1.3732865342714085,1.1042639697439076,ZONE_02,NORMAL,NONE,0
21.37,RUN_009_NORMAL,TRAIN001,-0.04473455331098422,0.027363902318390018,0.9291758633864404,27.083372768680004,26.43452294424835,26.019837633002336,139.80680021927233,4.977029136855464,0.26272064037110526,1.3075682819803167,1.115893807451457,ZONE_02,NORMAL,NONE,0
21.38,RUN_009_NORMAL,TRAIN001,-0.04617264287931866,-0.03946055682640297,0.9453319046036472,26.971597872807642,26.391241004253434,25.980648213266768,140.13445931470656,4.99744981862856,0.26436754000297014,1.3211635148391216,1.0994511533364757,ZONE_02,NORMAL,NONE,0
21.39,RUN_009_NORMAL,TRAIN001,0.07276542498693984,-0.013567251248669842,0.9673672031951979,27.113284312541225,26.413749077431202,25.98734028724989,140.253547306744,5.0038784282721425,0.2653523770463665,1.3277910353930493,1.101778644881435,ZONE_02,NORMAL,NONE,0
21.400000000000002,RUN_009_NORMAL,TRAIN001,-0.034243825214286025,-0.005558349615749265,1.0245029374111165,27.073700137858697,26.402841585437123,25.957853646949633,139.87559146697518,5.017017912913573,0.2587861971230953,1.2983349865813523,1.0995726577424205,ZONE_02,NORMAL,NONE,0
21.41,RUN_009_NORMAL,TRAIN001,0.01661106842371684,-0.023130623303591023,1.0582080325867664,27.03572153558421,26.349529125001006,25.996293350460096,139.60552184362933,5.013185898450622,0.26975515775638503,1.3523327528986324,1.1136166484100862,ZONE_02,NORMAL,NONE,0
21.42,RUN_009_NORMAL,TRAIN001,-0.027284987392789437,0.026992640552352926,1.0216195642062358,26.94411916314313,26.35156299870128,26.021712438474577,140.04508118939648,4.985365322533431,0.26859682812945807,1.3390533126990722,1.1228784627297996,ZONE_02,NORMAL,NONE,0
21.43,RUN_009_NORMAL,TRAIN001,-0.011558330797547752,-0.003253714967682683,0.9980440400414208,27.09321721534748,26.33891790848505,26.02510952152072,139.99431281926857,4.981636258129233,0.2681550072149747,1.335850706741024,1.0806348053553527,ZONE_02,NORMAL,NONE,0
21.44,RUN_009_NORMAL,TRAIN001,0.03351617528623608,-0.011345933451916536,1.0152136896471176,27.132110053843235,26.342850408472646,26.001179698489366,139.7409082123383,4.994249941225376,0.26915118748852596,1.3442083022953109,1.1133395651501912,ZONE_02,NORMAL,NONE,0
21.45,RUN_009_NORMAL,TRAIN001,0.0019152280854366178,-0.021625307280335293,1.0406479017977046,27.035293341741404,26.40274090980171,25.998039381290134,140.05447559921916,5.020056255595217,0.26885908753375565,1.3496877442474522,1.097898440603478,ZONE_02,NORMAL,NONE,0
21.46,RUN_009_NORMAL,TRAIN001,-0.07068746058885762,-0.024559143416567376,0.9831510318547861,27.06136978279438,26.394475904085056,25.986276975957168,139.91429343654124,4.997096023360056,0.26665984202909204,1.3325248361933966,1.0970821555280574,ZONE_02,NORMAL,NONE,0
21.47,RUN_009_NORMAL,TRAIN001,-7.681961337433022e-06,0.021103709549997008,1.0629319119542635,27.000856173992965,26.41361338768508,26.032378544123432,140.01792844293067,5.003509612998958,0.2656294052862487,1.3290792828449414,1.1072548112163754,ZONE_02,NORMAL,NONE,0
21.48,RUN_009_NORMAL,TRAIN001,0.017536117808655015,-0.0033576502277515813,0.9875840251711032,27.083140601350546,26.34124177421747,25.97808483823143,140.138545386701,5.018417049340048,0.2658944291659678,1.3343691366510324,1.0985028039023619,ZONE_02,NORMAL,NONE,0
21.490000000000002,RUN_009_NORMAL,TRAIN001,-0.03471257759889771,-0.013959632146731675,1.05675167197939,27.08580352399545,26.545350663480665,25.992144219392955,139.62409378976085,4.998157656175696,0.27786837402105874,1.3888299410224465,1.1221910239153643,ZONE_02,NORMAL,NONE,0
21.5,RUN_009_NORMAL,TRAIN001,0.03118231191806167,0.015059846446010036,0.9922267523592041,27.1376813975292,26.444609238414106,25.987335660058555,140.12121190044573,4.981626282531441,0.26814082042145043,1.3357773584310408,1.1007602888911407,ZONE_02,NORMAL,NONE,0
21.51,RUN_009_NORMAL,TRAIN001,0.03519267051581618,0.03278045654563621,0.9810367819479575,27.066996467105024,26.38931373656097,25.98700719588323,139.95338595004182,5.000811667730816,0.27595893947207595,1.3800186843265794,1.0832299384768318,ZONE_02,NORMAL,NONE,0
21.52,RUN_009_NORMAL,TRAIN001,-0.026062493049982906,0.05544464416471737,1.032939521639594,27.116672429931523,26.393417500105972,26.019901672437534,139.808299705458,5.003735228085144,0.26577098397760845,1.329847635131612,1.109305685164019,ZONE_02,NORMAL,NONE,0
21.53,RUN_009_NORMAL,TRAIN001,0.012774517060782762,-0.03343286456372589,0.9676290289332625,27.026106678274257,26.33710473558965,26.01166616597033,139.65176070103607,5.001011640143202,0.27274451867132593,1.3639985126605558,1.0907236091693293,ZONE_02,NORMAL,NONE,0
21.54,RUN_009_NORMAL,TRAIN001,-0.03675104887951041,0.011153073902947713,1.054516398159473,27.08996351743019,26.454220362527188,26.02483601081302,140.12721510141918,5.003959628180515,0.27300532450254583,1.36610762208906,1.0860875330303454,ZONE_02,NORMAL,NONE,0
21.55,RUN_009_NORMAL,TRAIN001,-0.03027756837929109,-0.06287260582512118,0.9839185173503119,27.126477130226686,26.46190838988601,26.036767994064583,139.82760310391683,5.020355321041027,0.27201227577370646,1.3655982760690064,1.0921700828173353,ZONE_02,NORMAL,NONE,0
21.56,RUN_009_NORMAL,TRAIN001,0.02477076721757134,6.147777193393097e-05,0.952848841067693,27.068466885906926,26.447616668398005,25.965140461180955,139.9842118398688,4.996997434145272,0.27193579142137664,1.3588624519848829,1.096371895317181,ZONE_02,NORMAL,NONE,0
21.57,RUN_009_NORMAL,TRAIN001,-0.03261799212968832,-0.007995796148269873,0.9658858139275726,27.088294394815478,26.452439451167688,26.002917057401554,140.20324580229396,5.010248148214641,0.26874769581186725,1.3464926452783597,1.1041358315989294,ZONE_02,NORMAL,NONE,0
21.580000000000002,RUN_009_NORMAL,TRAIN001,0.036552510035145924,-0.018306057611537193,0.945030221143468,27.161911668938465,26.395566040149802,25.993311266685893,140.11758949772224,5.013855304404891,0.27104595471573545,1.358985197788978,1.1178132462202197,ZONE_02,NORMAL,NONE,0
21.59,RUN_009_NORMAL,TRAIN001,0.02073559180510407,-0.029916009809118602,0.9708370684469403,27.054034484870137,26.476261045074132,25.99388523817466,139.91510368665053,5.000699202061752,0.2726903381397603,1.3636423563454487,1.1042314174842804,ZONE_02,NORMAL,NONE,0
21.6,RUN_009_NORMAL,TRAIN001,0.01846863545755426,0.001886036810713044,0.9593768014820334,27.034397714210684,26.343769144611514,25.989137502144246,139.96990485705828,5.011338214107634,0.2685502352941568,1.3457960565372047,1.107695868360398,ZONE_02,NORMAL,NONE,0
21.61,RUN_009_NORMAL,TRAIN001,-0.021726330462131502,-0.030579370457345868,0.9789465347391929,27.064058089169027,26.43640555537076,25.996788312368533,139.99734493649467,5.014265520546857,0.27227810748634423,1.365274726368527,1.1141384235380987,ZONE_02,NORMAL,NONE,0
21.62,RUN_009_NORMAL,TRAIN001,0.03929994012787131,0.005890376516901889,0.9872971352719072,27.079495609187777,26.451021328930615,25.983074280496258,140.1064036512943,5.000021998376379,0.2761906883069445,1.3809595172814362,1.1043098887389815,ZONE_02,NORMAL,NONE,0
21.63,RUN_009_NORMAL,TRAIN001,0.01609999869619609,0.010277486272283707,0.9890830184274411,27.058605898555875,26.410162392103047,25.999278338402,139.75470099007586,4.9974036153985635,0.2732301770458447,1.3654414746048937,1.09545102444299,ZONE_02,NORMAL,NONE,0
21.64,RUN_009_NORMAL,TRAIN001,-0.01648970684844699,0.0066994746822930445,0.9588816194972113,27.03077937305342,26.390840508840117,26.00515694409305,140.02944680316565,4.996198914304336,0.2755490639857413,1.3766979343231367,1.090879328441266,ZONE_02,NORMAL,NONE,0
21.650000000000002,RUN_009_NORMAL,TRAIN001,0.06524650152579331,0.002426395037460628,0.9929776628398919,27.14775220885537,26.41414662392254,26.043089188562035,139.85576654611057,5.001922764724951,0.2727992089278944,1.3645205733353931,1.1024912874422947,ZONE_02,NORMAL,NONE,0
21.66,RUN_009_NORMAL,TRAIN001,-0.004549494253444906,-0.020573215614179047,0.9736398375357893,26.99038873835243,26.419421930958322,26.00647980742091,139.92334814303902,4.998326327920378,0.2707751876045589,1.3534227491514461,1.123726480809577,ZONE_02,NORMAL,NONE,0
21.67,RUN_009_NORMAL,TRAIN001,0.03530212427236973,-0.007580914853458625,1.0298805552782218,27.09172057155258,26.389187901837957,25.989400275929576,140.23025825726498,4.993721501412326,0.2754327828051658,1.3754346096879877,1.0915533386466416,ZONE_02,NORMAL,NONE,0
21.68,RUN_009_NORMAL,TRAIN001,-0.01674083636643729,-0.0720323520153024,1.0252831584312825,27.08800881952681,26.351910756734608,25.99383672511463,140.10640408739124,5.005355173329937,0.26651855868323826,1.334020046493585,1.1019369530317544,ZONE_02,NORMAL,NONE,0
21.69,RUN_009_NORMAL,TRAIN001,0.007293460693377496,0.09453898564904126,0.9724770328832941,27.06525629927944,26.35839535229784,26.00923144352476,140.11600527913194,4.998174767088418,0.2697088877124738,1.34805215702397,1.110572228715118,ZONE_02,NORMAL,NONE,0
21.7,RUN_009_NORMAL,TRAIN001,-0.011375294982884712,0.008020941983252207,1.0206133707285427,27.02691779460697,26.37110800485959,25.989495265665802,140.13916553846892,4.99340119448322,0.26430372249216005,1.3197745235987135,1.1147122671631016,ZONE_02,NORMAL,NONE,0
21.71,RUN_009_NORMAL,TRAIN001,-0.009213486245991186,0.023713952530841423,1.0267393057792662,27.15472495097695,26.35502239993298,26.041019633528666,139.89599581815403,5.0102897370905195,0.2649450057848897,1.3274512433774213,1.1042888864869433,ZONE_02,NORMAL,NONE,0
21.72,RUN_009_NORMAL,TRAIN001,0.04046237965518003,-0.000992532355525935,0.9631090730939349,27.065257854306353,26.318722906473294,26.014497782871057,140.16525469401583,5.013933608886283,0.27441036826662035,1.3758753680788698,1.0958617981372383,ZONE_02,NORMAL,NONE,0
21.73,RUN_009_NORMAL,TRAIN001,0.05804906648088681,0.011622157424162593,1.0520243822740318,27.093119813548757,26.354503160578968,25.992760843793548,139.79867365558522,5.0121587690942295,0.2660162253386097,1.3333155565522592,1.1015409737639859,ZONE_02,NORMAL,NONE,0
21.740000000000002,RUN_009_NORMAL,TRAIN001,-0.04912033240069815,-0.0180973566243091,1.0291845945021472,27.129219112285128,26.34150879787644,25.98336229990153,140.1459375162078,5.0008396561868125,0.2683213272595545,1.3418319339602596,1.1082242542343919,ZONE_02,NORMAL,NONE,0
21.75,RUN_009_NORMAL,TRAIN001,-0.030262321023706414,0.03741323875432558,1.0282551103108057,27.17370656407304,26.426755785359273,26.005768865549914,139.79616177732066,5.0132356821380055,0.27235006822075775,1.3653550800370229,1.0843679660389942,ZONE_02,NORMAL,NONE,0
21.76,RUN_009_NORMAL,TRAIN001,0.022875908578272455,-0.03348561978039734,1.0292236505773171,27.103816119305293,26.389293361420535,26.025918889346023,139.7816083034113,5.010613215776098,0.2708264728117494,1.3570067038525775,1.0952873871066968,ZONE_02,NORMAL,NONE,0
21.77,RUN_009_NORMAL,TRAIN001,-0.018068803513855734,-0.06972110663885701,0.9908832966553675,27.091760556512426,26.433604241752207,25.980640057339826,140.19221384712313,4.9880470096580325,0.2683953915037732,1.3387688299963927,1.0877203719093456,ZONE_02,NORMAL,NONE,0
21.78,RUN_009_NORMAL,TRAIN001,-0.017454848477931842,-0.0021591892843519185,0.965885020720901,27.149011453063512,26.415427758266777,25.972688929977174,139.937435881218,4.979344934411957,0.2662170450805614,1.3255864948760128,1.1009025463986575,ZONE_02,NORMAL,NONE,0
21.79,RUN_009_NORMAL,TRAIN001,0.034083239408453224,-0.048217660031355025,1.097773129320311,27.133948525995784,26.37882167570338,25.97706508106637,140.36520769631844,5.001516689624092,0.2714178955255686,1.3575011343337795,1.0806983775697334,ZONE_02,NORMAL,NONE,0
21.8,RUN_009_NORMAL,TRAIN001,-0.00997414424351124,0.011115763086435585,0.9537627240438503,27.16061443129307,26.392334305582345,25.99802401494746,140.13873920241824,4.985064790408864,0.2653632914178965,1.3228532007143625,1.1114448634164948,ZONE_02,NORMAL,NONE,0
21.81,RUN_009_NORMAL,TRAIN001,-0.031076587755849712,-0.04366194146775248,0.938291442440203,27.097245905169846,26.475782189418748,26.0072227978938,139.94428309907534,5.000930585026523,0.26340480313273873,1.3172691362294031,1.1039966254003897,ZONE_02,NORMAL,NONE,0
21.82,RUN_009_NORMAL,TRAIN001,-0.001715972439484775,0.06042293232807608,1.0024714004760948,27.14978023625432,26.439577078989227,26.03875098178546,140.01071681262752,4.998619414838253,0.26667226774034003,1.3329931749258084,1.0982321828661565,ZONE_02,NORMAL,NONE,0
21.830000000000002,RUN_009_NORMAL,TRAIN001,0.0044499145778447505,0.03384593598833331,1.007698199859894,27.0865213599986,26.446957881519513,26.000179903111253,139.68560912232147,4.992174490532263,0.2796190997135617,1.3959073366556398,1.0850854006383104,ZONE_02,NORMAL,NONE,0
21.84,RUN_009_NORMAL,TRAIN001,0.010977460569289329,-0.007528990114623434,0.9639060828987132,27.133776270134003,26.31211222158774,25.97123128205131,140.1615403051614,4.981658773674778,0.26517931887401314,1.3210328804658291,1.0888267689169957,ZONE_02,NORMAL,NONE,0
21.85,RUN_009_NORMAL,TRAIN001,0.015256202947908203,0.021578100095995388,0.9761470142354154,27.071956831412702,26.4184372511098,25.995300625399313,139.90345732507987,5.009952682709317,0.26600497117941807,1.3326723189743401,1.0902042618422072,ZONE_02,NORMAL,NONE,0
21.86,RUN_009_NORMAL,TRAIN001,0.020254639887351593,0.038548968369631155,0.9591967131506327,27.200189231611628,26.43929225636123,25.999481391893966,139.8543128290527,5.01319571328447,0.26332081207583113,1.3200787663171423,1.0894287328579104,ZONE_02,NORMAL,NONE,0
21.87,RUN_009_NORMAL,TRAIN001,-0.0376841246391715,-0.010055838756715453,0.9784943697895055,27.080541316516744,26.454307158090696,26.002799167614,139.82049636483438,4.983160413706004,0.2645456474980046,1.3182733982302792,1.0931197734545384,ZONE_02,NORMAL,NONE,0
21.88,RUN_009_NORMAL,TRAIN001,0.016148859134194758,0.025087794469216242,1.0919725979869477,27.06290457112754,26.4140402792349,25.99681779063764,139.89297734974738,5.0080202464388615,0.2653415257929961,1.3288357333923038,1.1075294196441943,ZONE_02,NORMAL,NONE,0
21.89,RUN_009_NORMAL,TRAIN001,0.016136518386967395,0.021973323474053195,1.008084695286393,27.087769434038183,26.462385993616824,26.0070299204696,139.92820002121056,4.997422917344784,0.266931742207654,1.3339708058753001,1.1198855292466023,ZONE_02,NORMAL,NONE,0
21.900000000000002,RUN_009_NORMAL,TRAIN001,-0.002426299786314395,-0.052171531138139604,0.9832708196187057,27.083675696116675,26.40186486669069,25.99294056432285,139.8539544330998,4.973706607983283,0.2735331964159586,1.3604738665168425,1.0816814811499211,ZONE_02,NORMAL,NONE,0
21.91,RUN_009_NORMAL,TRAIN001,-0.03850241738073796,0.007556183980534982,1.0658888966130489,27.085270269832538,26.388609560293315,26.00304708785258,140.1281395043876,5.006368600118892,0.26507063051497054,1.327041281423865,1.0817252278144551,ZONE_02,NORMAL,NONE,0
21.92,RUN_009_NORMAL,TRAIN001,-0.001762904148139808,-0.035598185113675136,1.0403365206320327,27.06761955422436,26.34936196989117,25.978270426641576,140.06100616391393,5.000690248355805,0.2660662764394756,1.3305150340072256,1.1061935964999443,ZONE_02,NORMAL,NONE,0
21.93,RUN_009_NORMAL,TRAIN001,0.021029622223782303,-0.04037471363663051,0.9746023252916524,27.101642409017977,26.44013451848817,25.985016434625656,140.02747455124242,5.002293307582655,0.2665801760366872,1.3335122305225267,1.0820472881664895,ZONE_02,NORMAL,NONE,0
21.94,RUN_009_NORMAL,TRAIN001,-0.025512302712104095,0.028902226642413695,1.063999532352908,27.08687839910901,26.485798174878948,26.024545563681595,140.1605639537598,5.004659777593858,0.2649214249040891,1.3258415994403465,1.1048204844407103,ZONE_02,NORMAL,NONE,0
21.95,RUN_009_NORMAL,TRAIN001,-0.007599300103142019,-0.005046727319686069,0.9773053272187158,27.072628526752617,26.383307472814902,25.985239311988348,139.81354054368913,5.006119308052927,0.2729881525560966,1.3666112613807733,1.1011594263141604,ZONE_02,NORMAL,NONE,0
21.96,RUN_009_NORMAL,TRAIN001,0.005855721195931837,0.01823392283584887,0.9976129030200134,27.023284622816995,26.379157773304563,25.955591309754638,140.08600598610144,5.012183586435825,0.26483366800990527,1.3273949639348415,1.1049187387707593,ZONE_02,NORMAL,NONE,0
21.97,RUN_009_NORMAL,TRAIN001,0.0184008056200348,0.0718447071401391,1.0280212023168036,27.059530489794852,26.44344200002807,25.991742021757396,139.99577506177792,5.003916752299534,0.27179891953155877,1.36005916670088,1.1030446191822263,ZONE_02,NORMAL,NONE,0
21.98,RUN_009_NORMAL,TRAIN001,0.009662294611397018,-0.0406665370346812,1.0562746152365263,27.079237064088144,26.36258475401923,26.033254724800347,140.2623845769177,5.00893355278539,0.2738907690675894,1.3719006629808435,1.1017917483453599,ZONE_02,NORMAL,NONE,0
21.990000000000002,RUN_009_NORMAL,TRAIN001,-0.017585711264589878,-0.007121772367470798,1.0081086574943583,27.11744611285081,26.370164880643692,26.030498150222144,140.19408917046042,4.987136026852411,0.25920793149165255,1.2927052135879122,1.102284583109636,ZONE_02,NORMAL,NONE,0
22.0,RUN_009_NORMAL,TRAIN001,-0.014954690540383753,0.0357915983629764,0.9871011953560278,27.118764024323653,26.38906398053968,25.996268224883764,140.22676976670542,5.004470570411055,0.26514356566366704,1.3269031712976727,1.0923995656810561,ZONE_02,NORMAL,NONE,0
22.01,RUN_009_NORMAL,TRAIN001,0.014485708810049484,0.021200401358407287,1.048843376822532,27.098864163221286,26.411920250266153,25.984536148658513,139.9600484342716,5.020103269414863,0.2631714125783314,1.321147668701009,1.1080467820624174,ZONE_02,NORMAL,NONE,0
22.02,RUN_009_NORMAL,TRAIN001,0.006038555636120105,-0.04426450938564279,1.0042871921899372,27.053460371833822,26.4999564974195,25.974864249291908,139.99100535781258,5.016738255558673,0.2706786138346136,1.3579237569856992,1.1309542568951314,ZONE_02,NORMAL,NONE,0
22.03,RUN_009_NORMAL,TRAIN001,-0.07879658325620656,-0.019305182227756915,0.9939382807166265,27.078636716921327,26.31241621028876,25.955790169081194,140.02451427526958,4.986788478670886,0.2687843546822708,1.340370723176537,1.087346780121786,ZONE_02,NORMAL,NONE,0
22.04,RUN_009_NORMAL,TRAIN001,-0.019187141809019412,-0.013149693008628784,0.9210795635886659,27.06278211514129,26.343796116891834,26.0046366469242,140.0298976676806,4.9974832746732245,0.2673426164047265,1.3360402540900003,1.082334542032926,ZONE_02,NORMAL,NONE,0
22.05,RUN_009_NORMAL,TRAIN001,0.023459169822351994,-0.018721580942541612,0.9940081861151308,27.165574861621476,26.395682728476743,26.011561703315863,139.71411369679916,5.003810571423244,0.26956608991864184,1.3488576504321288,1.1219568885671252,ZONE_02,NORMAL,NONE,0
22.06,RUN_009_NORMAL,TRAIN001,-0.0005336134868211582,-0.03801626222425853,1.0509891614189812,27.153227602008744,26.422269279763754,26.015448076026903,139.89473836642324,5.0058624983837605,0.27209509075461813,1.3620706108028688,1.1005119596234665,ZONE_02,NORMAL,NONE,0
22.07,RUN_009_NORMAL,TRAIN001,-0.009170141775065201,0.004144788903913926,0.9868909449983996,26.977443869625656,26.403740152189226,25.971579518073906,140.21149610027456,5.008211819720367,0.27462979214876343,1.3754041710867848,1.1021152447790783,ZONE_02,NORMAL,NONE,0
22.080000000000002,RUN_009_NORMAL,TRAIN001,-0.012768838828577949,0.030818940933196273,1.0559569305409535,27.063481452325405,26.426068921881654,26.013966713154225,139.79071307108453,4.997317275156769,0.26572942226829305,1.3279342324187686,1.0904615147860008,ZONE_02,NORMAL,NONE,0
22.09,RUN_009_NORMAL,TRAIN001,0.0012145902821931696,-0.01750295779985992,1.0162964054419839,27.12131739946507,26.329101596615192,25.994145207800894,140.23284002044488,4.9980416119217015,0.2771323889630825,1.3851192120487568,1.1046958578626573,ZONE_02,NORMAL,NONE,0
22.1,RUN_009_NORMAL,TRAIN001,0.01589099538964615,-0.003931095415008461,1.01807828804618,27.12098210917245,26.44156861728716,25.995014703694597,140.01149657850007,4.991953712075201,0.2685640615749536,1.3406593641090825,1.1062219184042585,ZONE_02,NORMAL,NONE,0
22.11,RUN_009_NORMAL,TRAIN001,-0.003884004396420139,0.028196123866067034,1.049894582321158,27.085366802990613,26.424817618043843,26.052982457061653,140.0517106868024,5.010343925974179,0.2653088726374722,1.329288698526216,1.101891959146245,ZONE_02,NORMAL,NONE,0
22.12,RUN_009_NORMAL,TRAIN001,-0.02806717878937762,-0.01492233664677572,1.0466881159305796,27.10594452271447,26.44868816126803,26.01987754575877,139.90123431812532,5.003988589031932,0.2669603890317705,1.335866740438505,1.0880550190503095,ZONE_02,NORMAL,NONE,0
22.13,RUN_009_NORMAL,TRAIN001,0.010818725898970568,0.00021026626849036714,1.016164668194674,27.14542744036158,26.34724868220574,25.987811498286245,140.0071019903187,4.997602673221927,0.26794389502317933,1.3390771260413363,1.1039614340805561,ZONE_02,NORMAL,NONE,0
22.14,RUN_009_NORMAL,TRAIN001,0.03899421457800792,-0.04562491309584659,1.0365902562967446,27.057832186778484,26.479135587294,25.963452852427753,140.3075308581055,5.002244654517787,0.267558150900017,1.3383913301122734,1.0972895510614011,ZONE_02,NORMAL,NONE,0
22.150000000000002,RUN_009_NORMAL,TRAIN001,0.01262315570726065,-0.0591343907967604,1.0156206007021287,27.11300926757646,26.44844873754186,26.006614674549063,140.27845181657776,4.994056200736362,0.2670938694493986,1.3338817949024375,1.1029202630379427,ZONE_02,NORMAL,NONE,0
22.16,RUN_009_NORMAL,TRAIN001,0.031417342678786146,0.021974952663320498,1.042470436211596,27.10232144956286,26.47289803515449,26.03422730085929,140.24414282107918,4.988998198340301,0.27060301893989736,1.3500379739565942,1.093701716190058,ZONE_02,NORMAL,NONE,0
22.17,RUN_009_NORMAL,TRAIN001,-0.00861634538042612,-0.020273833984807556,1.0325383565831532,27.001369129563667,26.452049156818358,25.997072871367,140.23250595837044,5.006157853915123,0.2728306299848697,1.3658332010873662,1.1008978568917558,ZONE_02,NORMAL,NONE,0
22.18,RUN_009_NORMAL,TRAIN001,0.06544210923069066,0.025937966615365588,0.9813470761296715,27.14519497029798,26.47015272047462,25.991203756422312,139.99584730400468,5.005894807263505,0.2578636993526704,1.2908385535712905,1.0965053362209605,ZONE_02,NORMAL,NONE,0
22.19,RUN_009_NORMAL,TRAIN001,-0.012599030879588465,-0.0003779601203548992,1.0110033918092645,27.12953033502642,26.372553456692177,26.003031005696236,140.1814676292318,4.989914603256288,0.26717984869193745,1.3332046286837043,1.1073085221558907,ZONE_02,NORMAL,NONE,0
22.2,RUN_009_NORMAL,TRAIN001,0.005095882825664109,-0.03015102372295659,0.9636620554136505,27.087570430608174,26.410931602924713,26.013411833879918,139.84106729577695,4.989929729733584,0.2830820996118107,1.412559784808378,1.097119989080971,ZONE_02,NORMAL,NONE,0
22.21,RUN_009_NORMAL,TRAIN001,0.0004074250586537102,0.0676154868370121,0.8954148347919986,27.070076436136315,26.343231655582002,25.994224117722965,139.92873466586818,4.996018764577783,0.26713513879532247,1.3346121660995214,1.1001559685225368,ZONE_02,NORMAL,NONE,0
22.22,RUN_009_NORMAL,TRAIN001,-0.020081522787552694,0.0020398646405958777,0.9502898514749123,27.1128216067319,26.385176642549894,25.93638321623925,139.55360370645985,4.993535927319249,0.26602199706575813,1.328390399805079,1.125782677503836,ZONE_02,NORMAL,NONE,0
22.23,RUN_009_NORMAL,TRAIN001,0.041705009230650555,0.011829040174671136,0.9831967998720912,27.072657641001577,26.412096743564167,26.024672307836937,139.85223104240134,4.990928006906055,0.2685761094630223,1.3404440267048643,1.121417433334698,ZONE_02,NORMAL,NONE,0
22.240000000000002,RUN_009_NORMAL,TRAIN001,-0.0008923273330433567,0.029373183653714375,0.9946747152242207,27.111013480194927,26.519771319972275,25.999944202803,140.02001213407155,5.020263153005268,0.268018282901163,1.3455223099804503,1.0889907326808517,ZONE_02,NORMAL,NONE,0
22.25,RUN_009_NORMAL,TRAIN001,0.004118612546265811,0.06654959366744854,1.00296796624783,27.113221466133098,26.413861924350453,26.05962872036665,139.85412348171045,5.009805227768634,0.2657828867296585,1.331520495389682,1.1002695161422107,ZONE_02,NORMAL,NONE,0
22.26,RUN_009_NORMAL,TRAIN001,-0.0743993815658592,0.009390023650547901,0.9769828737078277,27.057882466332494,26.334295650897168,25.976045583853605,140.1225506539069,4.9883495039857575,0.2712150303728148,1.352915362233713,1.0918995765825161,ZONE_02,NORMAL,NONE,0
22.27,RUN_009_NORMAL,TRAIN001,-0.00471162396331702,-0.027245410942520802,0.9960517035315977,27.03723304350667,26.41101858946837,26.019315453155752,139.75893741390317,4.988311229305603,0.2760780849619973,1.3771634113811175,1.108366773708452,ZONE_02,NORMAL,NONE,0
22.28,RUN_009_NORMAL,TRAIN001,-0.009434304741640283,-0.000782814182689827,1.029251799175409,27.088058563646943,26.36164977315178,25.99045891767561,139.7179188107305,4.99691697103836,0.27209350781174424,1.3596286668938633,1.1002452803932832,ZONE_02,NORMAL,NONE,0
22.29,RUN_009_NORMAL,TRAIN001,-0.01845227512622645,-0.058044600333051144,0.9940698431062023,26.981499554699226,26.406934921806734,25.99184942009862,140.21904074654535,4.990676971502452,0.2668970016423883,1.3319967198597193,1.093702968766056,ZONE_02,NORMAL,NONE,0
22.3,RUN_009_NORMAL,TRAIN001,-0.005133170619864357,-0.07474609860555878,1.0010428162859049,27.224365654106656,26.39711440834659,26.00637037524119,139.98482405190748,5.012264700255251,0.26203250342321227,1.31337626722768,1.1061123838995608,ZONE_02,NORMAL,NONE,0
22.31,RUN_009_NORMAL,TRAIN001,-0.005496014972303573,0.056261298585886216,0.9874473914217561,27.152953294526473,26.473716271009568,25.98964441792505,139.79747029100358,4.989268539586767,0.2636668273197188,1.3155046064789297,1.112238980774679,ZONE_02,NORMAL,NONE,0
22.32,RUN_009_NORMAL,TRAIN001,0.007930859986964016,-0.034244276406294336,1.0087011166857238,27.041987192535657,26.38198804003109,26.009917312613734,140.01706168056882,4.998516778622959,0.26500206435154566,1.3246172650309223,1.087624441503282,ZONE_02,NORMAL,NONE,0
22.330000000000002,RUN_009_NORMAL,TRAIN001,0.022576025235425932,0.017849512461747666,0.9500831563429224,27.10023124225958,26.436718406469183,25.987759337993406,139.39470959604273,4.984066971216299,0.2771622854321811,1.381395392489358,1.0852752084100188,ZONE_02,NORMAL,NONE,0
22.34,RUN_009_NORMAL,TRAIN001,-0.008205064042760056,-0.002028961644882904,0.9713296589989403,27.118767233009848,26.383436651082523,25.9937874614091,140.12293624350448,4.9912337483231,0.2693366709066718,1.3443222814903726,1.091106242583944,ZONE_02,NORMAL,NONE,0
22.35,RUN_009_NORMAL,TRAIN001,0.06610106077161926,0.025045294197469873,1.0037074875486756,27.07751656203717,26.449124409828304,26.01211540652128,140.1230305518441,4.982954748116954,0.2687719410960955,1.339278420045399,1.1104004182824814,ZONE_02,NORMAL,NONE,0
22.36,RUN_009_NORMAL,TRAIN001,0.016635022803254296,-0.006043955585148411,1.0235168964051424,27.039623402813604,26.34310652912368,25.977378907640023,139.9157603056281,4.9948081675930025,0.27578187371773416,1.3774775553194405,1.1000243556093476,ZONE_02,NORMAL,NONE,0
22.37,RUN_009_NORMAL,TRAIN001,-0.019344568226683574,-0.04110531842875958,0.9831120876009097,27.12361574848224,26.407739259101984,26.002550944245236,140.1979777908001,4.984264959784952,0.27162755171243774,1.3538636881124786,1.0980515666195152,ZONE_02,NORMAL,NONE,0
22.38,RUN_009_NORMAL,TRAIN001,-0.062403781118504455,-0.002028493372864937,0.9666619161512576,27.067058067562066,26.494760238343737,25.998576240743528,139.53519401664573,4.988354542883585,0.2686219319384762,1.339981434503463,1.093856987572221,ZONE_02,NORMAL,NONE,0
22.39,RUN_009_NORMAL,TRAIN001,0.00115850673447921,0.0368209947831725,1.0363784027979366,27.16457416540616,26.517909737164345,26.017126148358656,140.20641881436677,5.007912272586687,0.2716842762874144,1.3605710214885747,1.1010853310466289,ZONE_02,NORMAL,NONE,0
22.400000000000002,RUN_009_NORMAL,TRAIN001,0.003551688950987316,0.017519166424758603,0.988925436335486,27.085786116772958,26.42917335273073,26.014518144646587,140.22344491626322,4.99242177308181,0.2673571633636297,1.3347597235659754,1.0931971659610489,ZONE_02,NORMAL,NONE,0
22.41,RUN_009_NORMAL,TRAIN001,0.0637108851240873,-0.016168831222535814,0.9581970274979179,27.100204924573102,26.43688232212519,26.006222634396067,140.18767216357898,5.023887008730192,0.2754821334224139,1.3839911112381427,1.1035270279721967,ZONE_02,NORMAL,NONE,0
22.42,RUN_009_NORMAL,TRAIN001,-0.01903639572544713,-0.015705295016881164,1.0174154784707246,27.069164114503227,26.40860495414935,26.002562876275093,140.0811464765299,5.009851513628886,0.26466305132894324,1.3259225883019459,1.096438070372684,ZONE_02,NORMAL,NONE,0
22.43,RUN_009_NORMAL,TRAIN001,-0.008361595909519329,-0.011187147486435263,0.9601385965958265,27.08846513923605,26.294349822091053,26.015272732001343,139.6020580620984,4.981377161357006,0.26777937829246296,1.333910079308453,1.0881428018085741,ZONE_02,NORMAL,NONE,0
22.44,RUN_009_NORMAL,TRAIN001,-0.04214702579822623,0.04544467202799674,0.9585888825635256,27.14936558427744,26.385685806492265,25.98906792436772,139.54641141577338,5.018141002420629,0.2689833670266071,1.349796463045374,1.0847458325033643,ZONE_02,NORMAL,NONE,0
22.45,RUN_009_NORMAL,TRAIN001,0.014834973980040312,-0.02197242113109596,1.0828912825834147,27.063801319755797,26.374452143557214,25.9729702151406,140.4145693846647,5.019655265483597,0.2749482291716688,1.3801453262969579,1.1012669158920163,ZONE_02,NORMAL,NONE,0
22.46,RUN_009_NORMAL,TRAIN001,0.04262334998352675,-0.030056981346379005,1.010637818372244,27.057799966762435,26.49202408954668,26.011868852075953,140.0688404758237,4.987337105508746,0.26718327019557275,1.332533037417549,1.0935586248460565,ZONE_02,NORMAL,NONE,0
22.47,RUN_009_NORMAL,TRAIN001,0.04324573241111907,0.03772690893460634,0.9537480327363935,27.12441412933295,26.402037769327514,26.021424987507487,139.96058776235668,5.010689543181766,0.274434621322901,1.3751066873497078,1.0854373465410745,ZONE_02,NORMAL,NONE,0
22.48,RUN_009_NORMAL,TRAIN001,0.03404894708474292,-0.029780927324230815,0.9959745316507521,27.090993471057978,26.481863670828844,26.01420331425213,140.17199322172854,4.996233566332395,0.26725859737068647,1.3352863750743387,1.106300651073908,ZONE_02,NORMAL,NONE,0
22.490000000000002,RUN_009_NORMAL,TRAIN001,0.029923649748849656,-0.05087089545784737,1.053097051340115,27.17704816827933,26.409107982737904,25.988800749922692,140.00670345013913,4.990438071704346,0.26849364306629236,1.339900898368623,1.0986339328918375,ZONE_02,NORMAL,NONE,0
22.5,RUN_009_NORMAL,TRAIN001,0.01023960422312771,-0.024320290672938217,0.9956194324447268,27.140764217550466,26.404852544512195,25.97220366908344,139.92198929948606,4.992584655588726,0.2615897990576343,1.3060092168336832,1.0923089275207996,ZONE_02,NORMAL,NONE,0
22.51,RUN_009_NORMAL,TRAIN001,-0.03898144185994389,0.005667847226292873,0.9292111977183783,27.08836742177896,26.47760990481414,26.008932166919124,140.2346402185948,4.991472716002616,0.2696536541518696,1.3459688574694626,1.0854861740504596,ZONE_02,NORMAL,NONE,0
22.52,RUN_009_NORMAL,TRAIN001,-0.008212991227138082,0.020498055288071273,1.0374926353617646,27.089525841078597,26.4537937269968,25.990697600158093,140.1462503062781,4.998893107421015,0.2721515347009453,1.3604564309906064,1.1017170106991008,ZONE_02,NORMAL,NONE,0
22.53,RUN_009_NORMAL,TRAIN001,-0.006302782511675881,-0.029446693190508903,1.0309073225125427,27.032795495245143,26.40926090671901,26.011547101155305,139.86392232070517,4.984569713888713,0.26720745349949243,1.3319141800388965,1.0990906788594552,ZONE_02,NORMAL,NONE,0
22.54,RUN_009_NORMAL,TRAIN001,0.013127596964344753,0.0262856897561769,1.0339592820110617,27.034773451100524,26.419032614073814,25.996808904704334,140.27343437826437,5.003065587490248,0.2696226777840767,1.3489399408284857,1.0944249432377988,ZONE_02,NORMAL,NONE,0
22.55,RUN_009_NORMAL,TRAIN001,-0.009740013335885733,0.015382861100819384,0.9198540310026889,27.126265012153592,26.414473951639806,25.99161947969377,139.79880399234247,4.997624338111363,0.2664477738712118,1.331605879534361,1.0855541661444577,ZONE_02,NORMAL,NONE,0
22.56,RUN_009_NORMAL,TRAIN001,-0.011918532799028356,0.043163988086795065,0.9987312359517092,27.220596258961084,26.569993542618693,26.027779592973054,140.18521501562128,5.001148966388839,0.2695310452411914,1.347964908317688,1.1009054387391501,ZONE_02,NORMAL,NONE,0
22.57,RUN_009_NORMAL,TRAIN001,0.02060318216822732,-0.05064306148047883,1.056287373771227,27.115246909496463,26.381649408805508,25.969717018920072,140.05699516935888,4.988396314384017,0.27274220077485556,1.3605461891222752,1.1143607745260509,ZONE_02,NORMAL,NONE,0
22.580000000000002,RUN_009_NORMAL,TRAIN001,0.023325428492208835,0.0013397881119295205,1.034027133039812,27.150534825522953,26.468575669232447,26.021666005819654,140.22128548351512,4.999767704375236,0.26369658351389974,1.3184216620068832,1.1031804788317514,ZONE_02,NORMAL,NONE,0
22.59,RUN_009_NORMAL,TRAIN001,-0.016014822143873224,-0.018502773148857947,1.0036584334136045,27.168944025669262,26.403725673701317,26.004961820885057,140.07846266844376,4.994459913457304,0.26802563491105347,1.338643289342199,1.0976092722803374,ZONE_02,NORMAL,NONE,0
22.6,RUN_009_NORMAL,TRAIN001,-0.047061066554774655,-0.0446625560075868,1.0352994641198916,27.106866678556244,26.460942906386443,26.017062774125286,139.7795305805061,5.004294546818866,0.26643826060264203,1.3333355345977056,1.0993789932103046,ZONE_02,NORMAL,NONE,0
22.61,RUN_009_NORMAL,TRAIN001,-0.0017497506044579722,0.050926379163754976,1.0542560631817406,27.09167896892485,26.346434343861233,26.026807208403234,139.9499126411733,4.995826212583734,0.2662423387294336,1.3301004547241018,1.1030599203908462,ZONE_02,NORMAL,NONE,0
22.62,RUN_009_NORMAL,TRAIN001,0.01560779217383668,-0.03377107760138112,0.9848965883683056,27.071008662296588,26.4433060043043,25.993339836172954,140.0129714528077,4.992842869945277,0.27300700460486915,1.3630810763865384,1.1148616073631292,ZONE_02,NORMAL,NONE,0
22.63,RUN_009_NORMAL,TRAIN001,0.043908193929976094,-0.003465704188198913,0.9814884378082479,27.18050836731393,26.453709421390176,26.028940996343216,139.973810949978,4.989361426580727,0.26447540489417554,1.319563383458319,1.1155840715432863,ZONE_02,NORMAL,NONE,0
22.64,RUN_009_NORMAL,TRAIN001,0.01590964983614772,-0.001824320058142579,1.0660314305633278,27.104827125417074,26.497120043730853,26.020867962823313,139.81785032241282,4.999125245944819,0.2659417849232306,1.3294762909613496,1.1019513367794378,ZONE_02,NORMAL,NONE,0
22.650000000000002,RUN_009_NORMAL,TRAIN001,-0.0316877996513697,-0.01947926350397182,1.0399999740696715,27.115490305785404,26.394226918599397,25.98748422730908,140.02645157225285,5.008309042010551,0.25628205891024075,1.2835397529452395,1.100557401931687,ZONE_02,NORMAL,NONE,0
22.66,RUN_009_NORMAL,TRAIN001,-0.0330847740859006,-0.003299868161991598,0.9557908021121458,27.210332648329825,26.420945658687405,25.994473945017855,139.7646239881935,5.0096628589303345,0.2741521864504418,1.3734100261553224,1.1068462270941932,ZONE_02,NORMAL,NONE,0
22.67,RUN_009_NORMAL,TRAIN001,0.02339036078087893,-0.016348195305698338,0.9643239833377266,27.1601384661654,26.422008924986706,26.007895962888533,139.7284151173951,5.0008158780988445,0.2703277013045497,1.3518590609737537,1.1212436694247225,ZONE_02,NORMAL,NONE,0
22.68,RUN_009_NORMAL,TRAIN001,-0.032747548929314495,-0.05679465700486425,0.8930510602765211,27.122359871225587,26.430526859946106,26.012247569343092,140.32109322639445,5.005407422152842,0.2700979379466081,1.35195022330613,1.1022667990382693,ZONE_02,NORMAL,NONE,0
22.69,RUN_009_NORMAL,TRAIN001,0.02310437242035885,9.903278369975143e-05,0.975460163775633,27.119600237646587,26.459706807069363,25.994370214101327,139.8192785443232,5.012042436455873,0.2745452115844177,1.3760322511868581,1.1080185035362569,ZONE_02,NORMAL,NONE,0
22.7,RUN_009_NORMAL,TRAIN001,-0.003276915804867189,0.03456724358261508,1.0303011763652277,27.146380399024835,26.430846045862847,25.994002349987927,140.28926890736884,5.000641530385781,0.2647785763811149,1.3240627454078269,1.0954852967748165,ZONE_02,NORMAL,NONE,0
22.71,RUN_009_NORMAL,TRAIN001,0.03670193094008474,-0.010174504722618891,1.025232648813713,27.12272056750514,26.482566439457948,25.99861955317745,139.90739203982085,4.999828887909614,0.26784562466528417,1.3391822917016836,1.1107262331253152,ZONE_02,NORMAL,NONE,0
22.72,RUN_009_NORMAL,TRAIN001,0.020264121636855512,0.005609384768936472,1.0086205782804742,27.149901770666087,26.41314202944687,26.009722115846426,140.17861229648113,5.000541859792893,0.2663892754547571,1.3320907229114123,1.099527046212505,ZONE_02,NORMAL,NONE,0
22.73,RUN_009_NORMAL,TRAIN001,0.02081218558767924,-0.07047347723241047,0.9728340565709607,26.994715559768846,26.400607300107296,25.977839182829165,139.8596557061729,5.008564086386994,0.2687030363725264,1.3458163778785739,1.103268417740852,ZONE_02,NORMAL,NONE,0
22.740000000000002,RUN_009_NORMAL,TRAIN001,0.032612682655690894,-0.001303105635178321,0.9640601986498156,27.098774325102767,26.372273039327354,26.009074839840007,140.0868789526534,5.008574368777938,0.27085702599395867,1.3566075579967611,1.085457213681883,ZONE_02,NORMAL,NONE,0
22.75,RUN_009_NORMAL,TRAIN001,-0.033835330779334975,0.012864876051366485,0.9884781744259327,27.152605100141745,26.388810542256614,26.001196581745166,139.7514837059783,5.000128402507221,0.2655022551853567,1.327545367082022,1.0909848940012552,ZONE_02,NORMAL,NONE,0
22.76,RUN_009_NORMAL,TRAIN001,-0.009310361787350613,0.011473781198881646,1.0380137401812901,27.097145244542048,26.433475108414903,25.985998375391652,139.9622324092104,5.000627425517433,0.26605440720626294,1.3304389653554214,1.104919862999496,ZONE_02,NORMAL,NONE,0
22.77,RUN_009_NORMAL,TRAIN001,0.010732143046866358,0.004887737891242249,0.9727155868847549,27.023606019570007,26.4556473497963,25.976475121677687,139.6341374939272,5.020776813051853,0.25934773400697736,1.3021270894197714,1.1190270384606873,ZONE_02,NORMAL,NONE,0
22.78,RUN_009_NORMAL,TRAIN001,-0.06415880220913162,0.03226521311936439,0.9888954036514138,27.14877412626803,26.492422190460623,26.028314403370548,140.00391107702518,4.990188312219356,0.27621978974761796,1.378388766402251,1.1018919205872908,ZONE_02,NORMAL,NONE,0
22.79,RUN_009_NORMAL,TRAIN001,0.001646529879798786,-0.001955664106648373,0.9713508484556018,27.139790719499203,26.419626870026864,25.970477664377086,140.2760586905858,5.002158789425421,0.25999696811731765,1.3005461192920014,1.0931637497261921,ZONE_02,NORMAL,NONE,0
22.8,RUN_009_NORMAL,TRAIN001,-0.003663558373759412,0.046108555246243604,0.9455271406035569,27.075460551481743,26.417791246630895,26.000422351073137,139.98253049011288,5.010200356088478,0.26984592663218565,1.3519821577016018,1.1016514901654368,ZONE_02,NORMAL,NONE,0
22.81,RUN_009_NORMAL,TRAIN001,-0.016686274649817767,0.012821465893978768,1.0861011568051515,27.041488720408257,26.447555636518143,26.022752971340385,139.62180662063372,5.010766300723354,0.27336368344417,1.3697615328436537,1.0958537990039243,ZONE_02,NORMAL,NONE,0
22.82,RUN_009_NORMAL,TRAIN001,-0.026257965362490115,0.023379791121732788,1.0552651294837236,27.02770922813545,26.37604252604554,25.99181867615443,140.17165762256613,4.995669271699266,0.2666872280533025,1.3322811903405378,1.1098584784931949,ZONE_02,NORMAL,NONE,0
22.830000000000002,RUN_009_NORMAL,TRAIN001,0.033909885597712235,-0.0067265131992533,1.0196749918393395,27.084441273602632,26.41169382240216,26.01473893266504,140.1095289434129,5.00753481778881,0.2774015986240862,1.389098163620388,1.08737824839965,ZONE_02,NORMAL,NONE,0
22.84,RUN_009_NORMAL,TRAIN001,0.008459413502206631,-0.002073792851700917,1.015005104737798,27.110331010788464,26.50711652423802,26.014058372963095,140.179440865108,4.997373282637082,0.2682594081964841,1.3405923993371447,1.1016171041214573,ZONE_02,NORMAL,NONE,0
22.85,RUN_009_NORMAL,TRAIN001,0.01336397787600136,-0.0210687486633463,1.0149154692173417,27.05057298365966,26.412015434961948,25.992580758491922,140.22000635117732,4.999235348677614,0.26577641202608476,1.328678833845509,1.1064307444843575,ZONE_02,NORMAL,NONE,0
22.86,RUN_009_NORMAL,TRAIN001,0.036470189144009124,-0.015159123147795463,1.0416327460222954,27.086552102454245,26.442682156161357,26.04013215607446,140.42723605244385,5.006429515090918,0.269571644095669,1.3495914354321419,1.103124935970587,ZONE_02,NORMAL,NONE,0
22.87,RUN_009_NORMAL,TRAIN001,0.006447730531205012,0.005569252656300765,1.0287861265908786,27.12350797572193,26.488788534800474,26.003067044306214,140.11300681653265,5.010899151768034,0.26705242128067785,1.3381727512729482,1.1080635934797933,ZONE_02,NORMAL,NONE,0
22.88,RUN_009_NORMAL,TRAIN001,0.0021186556862175846,0.036089624959477005,1.0618721354405627,27.083346374842264,26.3907550157562,26.006321650574762,140.21066010237493,5.005030156064347,0.2700611809537244,1.351664354655741,1.0960300968355376,ZONE_02,NORMAL,NONE,0
22.89,RUN_009_NORMAL,TRAIN001,-0.008469720403057926,-0.0024294870449910757,0.9952130396426584,27.150396629262335,26.48588547703489,26.014375663366874,139.78423801264785,5.01165630092487,0.26091776835001945,1.3076301777746306,1.0847460806084444,ZONE_02,NORMAL,NONE,0
22.900000000000002,RUN_009_NORMAL,TRAIN001,0.018332964817933246,-0.03110658901657049,1.069782035698099,27.137997706005393,26.47566487967521,25.96672148453805,139.90059201536576,4.994050152965939,0.2771977130160741,1.3843392810897333,1.1004051595572604,ZONE_02,NORMAL,NONE,0
22.91,RUN_009_NORMAL,TRAIN001,-0.04841397972018148,0.028516133053500564,1.0007560578639023,27.19705191210746,26.409136774117286,25.98765914370776,139.80835215689456,5.009567334754231,0.26828382841701237,1.343985903280674,1.1002930802478497,ZONE_02,NORMAL,NONE,0
22.92,RUN_009_NORMAL,TRAIN001,0.03115268994481491,-0.00972245068458434,0.9919037457898806,27.14630799137304,26.374629699010093,26.01439982109679,139.93246157860148,4.9987348338732795,0.2690579911817437,1.344949552852152,1.0925126168458281,ZONE_02,NORMAL,NONE,0
22.93,RUN_009_NORMAL,TRAIN001,0.0072492728673177916,-0.02155223044928911,0.9661842544766026,27.07531059749462,26.46940183576496,25.982622223394564,140.2376344744391,5.015237394943535,0.26813423555202304,1.3447568450051042,1.0921967011404863,ZONE_02,NORMAL,NONE,0
22.94,RUN_009_NORMAL,TRAIN001,0.013097194933945724,-0.0011155654540989446,0.8848889623459364,27.107271398173335,26.441521209791464,25.974532204168757,139.6384215401065,5.012829545119669,0.26718164009415707,1.3393360193775206,1.1127015380301106,ZONE_02,NORMAL,NONE,0
22.95,RUN_009_NORMAL,TRAIN001,0.03703050409116821,-0.004772844917270164,0.9832680938288825,27.19963660355014,26.448629929379567,25.9928370061618,139.84323938235977,4.992992509733195,0.2697356333807341,1.3467879970781444,1.1149672171178056,ZONE_02,NORMAL,NONE,0
22.96,RUN_009_NORMAL,TRAIN001,-0.00808229369588505,-0.03224726533998933,0.9823560886752554,27.097653848651436,26.50636948783226,26.01229732097529,140.05228565431,4.996655379575516,0.2668926285885328,1.3335704884059427,1.099745887016861,ZONE_02,NORMAL,NONE,0
22.97,RUN_009_NORMAL,TRAIN001,0.009534052226891108,0.03687464345837957,0.9901848023316678,27.135230965791642,26.469812974016687,26.019969406937435,140.41737442843382,5.004364548800017,0.27210489481081535,1.361712089146202,1.1169787634467538,ZONE_02,NORMAL,NONE,0
22.98,RUN_009_NORMAL,TRAIN001,0.004129808449096846,-0.018395678578920095,1.0788675021338556,27.080547628590693,26.37819438598369,26.029426408054412,139.86289645791337,5.008831145975646,0.2695436559015457,1.3500986588798043,1.090364650760606,ZONE_02,NORMAL,NONE,0
22.990000000000002,RUN_009_NORMAL,TRAIN001,0.021220901774579855,0.034449878911958096,0.9882962928716904,27.049151430132454,26.4438233995228,25.968536647564765,139.8294767829888,4.996446406564466,0.2631475805650469,1.314802783310362,1.1017841824863546,ZONE_02,NORMAL,NONE,0
23.0,RUN_009_NORMAL,TRAIN001,0.03127477897370909,0.014326130496048495,1.0262375547717248,27.06598394789763,26.425342504305448,25.94703679228203,140.19552889435923,4.994485196453786,0.2724895874590645,1.3609452107520967,1.0898493674684469,ZONE_02,NORMAL,NONE,0
23.01,RUN_009_NORMAL,TRAIN001,-0.02028563886023828,-0.04385251318420788,1.0469707774138217,27.150800856129614,26.4111905736669,26.012685206778087,140.2721776973842,5.00403144417005,0.26803239361667053,1.3412425257139833,1.1072343501117186,ZONE_02,NORMAL,NONE,0
23.02,RUN_009_NORMAL,TRAIN001,-0.03173314265182695,-0.027696222704248014,1.0271250526767681,27.119457299140137,26.496270629335303,26.008995272237126,140.01840378610117,5.000529685510895,0.2618214482275625,1.3092459241653802,1.1144968418788923,ZONE_02,NORMAL,NONE,0
23.03,RUN_009_NORMAL,TRAIN001,0.012717205967397276,0.0034139567361130834,1.0133096031132978,27.112740234441624,26.43912417607823,26.03615871108981,139.82092527285604,5.003681876825456,0.2736912671041782,1.3694640330545715,1.1002850227788965,ZONE_02,NORMAL,NONE,0
23.04,RUN_009_NORMAL,TRAIN001,-0.0034497676928289937,0.01414059052576714,1.0008509532669485,27.20128978979286,26.38302792007286,26.017711187027675,139.89853593460626,5.023969465390637,0.2690930733629096,1.3519153839233806,1.096859642219718,ZONE_02,NORMAL,NONE,0
23.05,RUN_009_NORMAL,TRAIN001,0.0343329790136922,0.00020392554364572816,1.0463325432449848,27.049527128652198,26.411732946815036,26.023406039429396,140.16665649872547,4.999927920779925,0.2714808092813036,1.3573844782815194,1.0908285188281606,ZONE_02,NORMAL,NONE,0
23.06,RUN_009_NORMAL,TRAIN001,0.06589195044598194,-0.011219911353645562,0.9261756448237554,27.137164911605613,26.454678665383867,25.976135843740103,139.85793606925122,5.003501127863138,0.27148444977333647,1.3583727506381924,1.0978087450725111,ZONE_02,NORMAL,NONE,0
23.07,RUN_009_NORMAL,TRAIN001,0.017967677050737256,0.005013900609322643,0.9882648484029842,27.033381258840336,26.435843504018656,25.956651553535707,140.25128734207067,5.004143005383682,0.272072856858073,1.3614914836010816,1.0929997123254824,ZONE_02,NORMAL,NONE,0
23.080000000000002,RUN_009_NORMAL,TRAIN001,0.0329192466037189,-0.004815902821993262,1.0343651322392644,27.19935154886249,26.369478494781287,26.0067559604718,140.20095986911892,4.998795568676281,0.2644235291456298,1.3217991657469175,1.0925761225874038,ZONE_02,NORMAL,NONE,0
23.09,RUN_009_NORMAL,TRAIN001,0.04222824765011629,-0.02437534811305884,1.0331252249279759,27.17917801743109,26.51934441675491,25.993884086693996,140.23018186027716,4.999516749690507,0.2705273760746076,1.3525061479348235,1.1126814164343894,ZONE_02,NORMAL,NONE,0
23.1,RUN_009_NORMAL,TRAIN001,0.035390737510986335,-0.010082519532203578,1.0639822553932492,27.101831610159028,26.394859872156335,26.027779201322964,140.0708521464512,4.998482151567197,0.2687405555421596,1.3432948702797376,1.1205856013868924,ZONE_02,NORMAL,NONE,0
23.11,RUN_009_NORMAL,TRAIN001,0.002790519264832937,0.0493832898229105,1.0035748893960574,27.17742912844072,26.423570645547287,26.000208847263014,139.96710159559998,4.99230823247953,0.26706177301602396,1.3332546880084761,1.0980991170652958,ZONE_02,NORMAL,NONE,0
23.12,RUN_009_NORMAL,TRAIN001,0.024073593182598666,0.028284549336444344,1.0434788144485658,27.15682819929891,26.424996287281342,26.002072294305613,140.17276175222196,4.995517479412396,0.2663640131270839,1.3306260834627808,1.110167415361884,ZONE_02,NORMAL,NONE,0
23.13,RUN_009_NORMAL,TRAIN001,-0.022841836855901364,0.014013076448690473,0.9685075088375812,27.07909855961844,26.45734221275158,26.01042465151031,139.89934771469302,5.0044941458914955,0.2754373195359663,1.3784244531777885,1.1039769554890788,ZONE_02,NORMAL,NONE,0
23.14,RUN_009_NORMAL,TRAIN001,0.02211884152034272,-0.02445250296717276,0.997687571018627,27.195870753470725,26.402142459640164,26.02085487241389,140.1729794349825,4.993143465406981,0.27629461915901105,1.3795786721809264,1.0995977429527675,ZONE_02,NORMAL,NONE,0
23.150000000000002,RUN_009_NORMAL,TRAIN001,0.0410864921620214,0.032728143682871344,0.9704899221492042,27.162727806728928,26.45234084505524,26.01565386495887,140.22322541254175,4.996016516580374,0.26915422417018875,1.3446989494616395,1.0932647910749003,ZONE_02,NORMAL,NONE,0
23.16,RUN_009_NORMAL,TRAIN001,-0.04267095889671028,0.019550526128393253,1.029460586398332,27.16965748632602,26.432250241911767,26.003289403640853,139.9302437352036,5.000702645756402,0.2801860945046095,1.401127344093354,1.0886735775982337,ZONE_02,NORMAL,NONE,0
23.17,RUN_009_NORMAL,TRAIN001,-0.0022162507669607596,0.010951992844834574,0.9358548468253826,27.080600197601772,26.4275877340716,26.036613987691478,140.10602628869734,5.011243074404659,0.2670767939717457,1.3383867341251106,1.096793732215828,ZONE_02,NORMAL,NONE,0
23.18,RUN_009_NORMAL,TRAIN001,-0.04008666503423476,0.08886260671350141,1.0568816605859628,27.186935332420223,26.357069771514542,26.00599292307286,139.8582242468138,5.00460818246761,0.27440016884235724,1.3732653302589548,1.121393226753589,ZONE_02,NORMAL,NONE,0
23.19,RUN_009_NORMAL,TRAIN001,-0.011208995111291685,-0.021818280913385557,0.9832258360312748,27.209925929785147,26.42701479294541,26.011547438922516,139.63932112794652,5.008067641749711,0.26517556954606675,1.328017189226207,1.0963298991654242,ZONE_02,NORMAL,NONE,0
23.2,RUN_009_NORMAL,TRAIN001,0.009576627545026506,0.018926657987218615,0.9160954794069374,27.16626647233446,26.452581163638484,26.040103844228927,139.5896898696722,5.023303634183697,0.26850202091702596,1.3487671774581635,1.0989589666686217,ZONE_02,NORMAL,NONE,0
23.21,RUN_009_NORMAL,TRAIN001,-0.03875361749523479,0.02071418612162039,0.9332112655870475,27.115868055888246,26.40225915715862,25.971889533767936,139.6945414329902,4.995470702070852,0.2743160613011154,1.3703378473371939,1.093536158105863,ZONE_02,NORMAL,NONE,0
23.22,RUN_009_NORMAL,TRAIN001,-0.009066655694362062,-0.010715237033110727,0.9339376873272855,27.0982191187628,26.37145176686347,25.985033595396295,140.42175533845844,4.995170668724156,0.265748832387724,1.327460772790851,1.1127596442392338,ZONE_02,NORMAL,NONE,0
23.23,RUN_009_NORMAL,TRAIN001,-0.00574034430352864,-0.009416541747059531,0.9848227859959937,27.216656114397544,26.448076588956557,25.984062823510154,140.30693798764358,4.981411677119761,0.26667860771694735,1.3284359305192415,1.0825969870611656,ZONE_02,NORMAL,NONE,0
23.240000000000002,RUN_009_NORMAL,TRAIN001,0.010430122029041717,-0.052441842094212286,0.9827237412059897,27.055958379480494,26.431683103219445,26.01476671255141,139.96533867913348,4.999803619638285,0.2660357422645325,1.3301264671273676,1.1007020141911605,ZONE_02,NORMAL,NONE,0
23.25,RUN_009_NORMAL,TRAIN001,0.014241319335998903,0.005914738780186769,0.9665254970121973,27.048627719024598,26.439248851146452,25.998980854894437,139.74668993214902,5.00273156093991,0.26384297550998265,1.319935580716086,1.0910266259297579,ZONE_02,NORMAL,NONE,0
23.26,RUN_009_NORMAL,TRAIN001,-0.005158785565711121,0.0008145165136807067,0.9894235888319196,27.162202371033473,26.482193350172317,25.98393993508843,140.0138954643208,4.982610263857001,0.2663788378221971,1.327261931407179,1.1115559369935084,ZONE_02,NORMAL,NONE,0
23.27,RUN_009_NORMAL,TRAIN001,-0.03213666048654569,-0.03677517096021356,1.0652093237425624,27.17027712803625,26.433579186313505,25.988165645070474,139.7101168037746,5.008611969035355,0.2628435501472667,1.3164813512513445,1.1061910513906559,ZONE_02,NORMAL,NONE,0
23.28,RUN_009_NORMAL,TRAIN001,0.051876042181585556,0.01570612331812951,1.0322378014109714,27.123853814859174,26.512653853704858,26.00497290960315,140.25381208456199,5.018347695640248,0.26908978817848,1.3503861184257975,1.100025924160461,ZONE_02,NORMAL,NONE,0
23.29,RUN_009_NORMAL,TRAIN001,0.03109883072745567,0.02416095603224682,1.0430782748638183,27.096464911352196,26.590748957844134,25.92844630680378,139.79354722870247,4.987278515906571,0.2694938495425433,1.344040885992484,1.1213852881720752,ZONE_02,NORMAL,NONE,0
23.3,RUN_009_NORMAL,TRAIN001,0.030339424761409845,-0.012183191771264944,1.0170216033121127,27.165158720712864,26.316589914267976,26.01298487871145,140.03714819903874,4.9942659604318544,0.2635817191740026,1.3163972078628294,1.0892215449170066,ZONE_02,NORMAL,NONE,0
23.31,RUN_009_NORMAL,TRAIN001,0.004946111947383259,0.006152385454003557,1.0121731380637855,27.192891520519698,26.54534762252884,25.981984928674283,139.97805147870736,4.993666252504996,0.2605025355172995,1.3008627203047227,1.1043516961413133,ZONE_02,NORMAL,NONE,0
23.32,RUN_009_NORMAL,TRAIN001,-0.005700687270140687,0.0059427378434190915,0.9915948311309586,27.20478793923488,26.50871821515871,26.003176509950496,139.71841508827873,4.992759657859135,0.2617778147080479,1.3069937125968651,1.0924869757747928,ZONE_02,NORMAL,NONE,0
23.330000000000002,RUN_009_NORMAL,TRAIN001,0.018408179200468573,0.06349310417874827,0.9697480677053282,27.158993828421476,26.384915007781938,25.987101026635273,140.03362347926188,4.994369096328861,0.2643433612055893,1.320228314024893,1.095648840288369,ZONE_02,NORMAL,NONE,0
23.34,RUN_009_NORMAL,TRAIN001,-0.005590114719693983,-0.07220271668586638,1.0235050360821791,27.187296570008876,26.30058787800249,25.995119992000937,139.8703285033899,4.979675670652644,0.2681580890539167,1.335340311950494,1.1068280856917796,ZONE_02,NORMAL,NONE,0
23.35,RUN_009_NORMAL,TRAIN001,0.018060957812927672,-0.023582420943991923,1.0009077818292855,27.258413358996076,26.461670205580127,26.02292143540893,139.89997262166526,5.002552670954069,0.2720321130636379,1.360854973791781,1.0979333306264984,ZONE_02,NORMAL,NONE,0
23.36,RUN_009_NORMAL,TRAIN001,-0.013465399632460963,-0.021880496685095164,0.9630683446020767,27.16927652188358,26.43760902568841,26.014617670956497,139.84261929470583,5.00864620834383,0.2688876464638107,1.3467630909314616,1.1042119930640266,ZONE_02,NORMAL,NONE,0
23.37,RUN_009_NORMAL,TRAIN001,-0.05281514683053652,0.004804399102693607,0.9833188573709623,27.18634417811502,26.486685742791796,26.020650538119234,140.24271591826687,5.008453551998622,0.26788506518177396,1.3416899062370382,1.0987229962719143,ZONE_02,NORMAL,NONE,0
23.38,RUN_009_NORMAL,TRAIN001,0.03882644196503268,-0.014015894758085979,1.0096839750904958,27.124891802969756,26.466218333815554,26.007448207007318,140.14473683877972,5.0065096885111835,0.27247378591687366,1.36414264905815,1.0858792466379923,ZONE_02,NORMAL,NONE,0
23.39,RUN_009_NORMAL,TRAIN001,0.050118406919226435,0.018051378504856656,1.0169411352072228,27.129593957995397,26.415908483600294,25.9754154067044,140.18069370174038,5.008733478710628,0.2612128980039463,1.3083457873033904,1.0929912623340379,ZONE_02,NORMAL,NONE,0
23.400000000000002,RUN_009_NORMAL,TRAIN001,0.01903482019092557,-0.015175894487811203,1.0320561732374305,27.1253715728206,26.410660902686747,25.99858090747137,140.2160061846879,5.000385616179449,0.27243770158238284,1.3622935642975365,1.0971123433717884,ZONE_02,NORMAL,NONE,0
23.41,RUN_009_NORMAL,TRAIN001,0.015192223640236539,-0.053034179331865584,1.007685868468404,27.08780104051105,26.3802867985685,26.00777478181543,140.01104244762308,4.989521446337246,0.2679464566387905,1.3369245918693182,1.096338973631451,ZONE_02,NORMAL,NONE,0
23.42,RUN_009_NORMAL,TRAIN001,-0.011743793131351552,0.0050896897814883746,0.9501987350607252,27.263291996959772,26.405759393228706,26.02526319734848,139.7992934363345,4.994896490314264,0.26054989248349136,1.3014197435175499,1.0876330961889427,ZONE_02,NORMAL,NONE,0
23.43,RUN_009_NORMAL,TRAIN001,0.07054883810482061,-0.0037566853643655044,1.0310456359944007,27.105585907979094,26.38791404191688,25.986672570533983,139.98445969326173,4.999501721696336,0.26680339503526196,1.3338840328332198,1.091852415919088,ZONE_02,NORMAL,NONE,0
23.44,RUN_009_NORMAL,TRAIN001,0.022529254561561334,0.005289857220978261,0.9333951603089599,27.141225075792576,26.5256127252088,26.00013912730997,139.88915609096873,5.00838973958614,0.2666875455405562,1.335675166760733,1.1236460194726834,ZONE_02,NORMAL,NONE,0
23.45,RUN_009_NORMAL,TRAIN001,-0.027261147338335196,0.04920051276456391,1.0046948833976073,27.198796609899127,26.41725206918465,25.985055502984164,139.669180609716,4.999370887457485,0.26903677914038787,1.3450146412897843,1.0944222292510928,ZONE_02,NORMAL,NONE,0
23.46,RUN_009_NORMAL,TRAIN001,-0.0069912105755940285,0.01106997921158063,1.0394573480984413,27.181260408161037,26.395398429684647,26.007018464673596,140.08988274168323,5.008919446169228,0.27176356859826933,1.3612418235122163,1.1108801806230757,ZONE_02,NORMAL,NONE,0
23.47,RUN_009_NORMAL,TRAIN001,0.021358750667255816,-0.012086812611723743,1.0043895915400014,27.142336851255628,26.486668014876425,25.957560656198865,140.03328136423602,4.997269336015372,0.27457194748104646,1.3721099736770568,1.0921928945844785,ZONE_02,NORMAL,NONE,0
23.48,RUN_009_NORMAL,TRAIN001,-0.038786527879938394,0.014632037764149832,1.028322321179787,27.19875014887537,26.44371393703909,25.979300238101267,140.20307088154252,4.9989305172200975,0.26656864316909235,1.3325581252719305,1.1012236781962088,ZONE_02,NORMAL,NONE,0
23.490000000000002,RUN_009_NORMAL,TRAIN001,-0.06497943723189278,-0.010725457776381817,1.01425444120412,27.121025642439825,26.426103294778127,25.99242897323997,140.14273974834646,4.997603374560878,0.27384859981847093,1.3685866865715617,1.0900601085828234,ZONE_02,NORMAL,NONE,0
23.5,RUN_009_NORMAL,TRAIN001,0.02380567236699669,-0.028190709476813097,1.0606212581616383,27.140911896400947,26.502148066211728,25.976585296053784,139.98486688339995,4.994787124114777,0.2742106804085878,1.3696239757995665,1.0873576798568365,ZONE_02,NORMAL,NONE,0
23.51,RUN_009_NORMAL,TRAIN001,-0.010683462154724998,-0.024635295404880412,0.9991915023562176,27.12255215472464,26.309265908237514,25.9766179407574,139.74900615508048,5.005072698274113,0.26598412879938566,1.3312699012280305,1.1020184190382298,ZONE_02,NORMAL,NONE,0
23.52,RUN_009_NORMAL,TRAIN001,-0.03759253051348435,0.026663372850061977,1.0224967320057798,27.11527500677993,26.40750057028265,26.01639520984387,139.82644106453714,5.013218138418434,0.26168378276488785,1.311877886286885,1.1155377400444724,ZONE_02,NORMAL,NONE,0
23.53,RUN_009_NORMAL,TRAIN001,-0.03258133205075612,-0.022038433268471047,1.0082087702855944,27.145895092013067,26.487165283466357,26.003211633716,139.7577578880677,5.015346817692877,0.27064617052345546,1.357384410055576,1.1073936757881855,ZONE_02,NORMAL,NONE,0
23.54,RUN_009_NORMAL,TRAIN001,-0.034354176616249336,-0.02279235832793931,1.096323431657328,27.176088582231735,26.461483955758823,26.01158868046643,139.87820936373438,4.984011347153635,0.26613732359258585,1.3264314406865467,1.0961843317243327,ZONE_02,NORMAL,NONE,0
23.55,RUN_009_NORMAL,TRAIN001,-0.004282514346229813,-0.017533348098015756,0.9805437745658276,27.266735864335452,26.44255852442229,26.01349239510572,140.21840589599276,5.010996791378982,0.2698370408634126,1.3521525459617598,1.105209027107008,ZONE_02,NORMAL,NONE,0
23.56,RUN_009_NORMAL,TRAIN001,0.0026824091936295306,0.0217433845579296,0.94698067749327,27.14994804011292,26.458452853397535,25.988191057809832,139.87665551576129,5.001861799453224,0.26880350461935315,1.3445179813146908,1.100127297874914,ZONE_02,NORMAL,NONE,0
23.57,RUN_009_NORMAL,TRAIN001,0.03135738203238409,-0.006251721749144119,0.9744015242467526,27.09603625999256,26.449093909047246,26.012583104273105,139.91551776999444,5.023029244181259,0.26932312567494154,1.352817936399536,1.0944381269544228,ZONE_02,NORMAL,NONE,0
23.580000000000002,RUN_009_NORMAL,TRAIN001,0.006726787892257752,-0.06950582102716452,0.9832654115629405,27.20293988065527,26.49355936790917,25.984430004304258,140.14850173732665,5.001112735815465,0.2711932944575816,1.3562682387795648,1.1025890179646702,ZONE_02,NORMAL,NONE,0
23.59,RUN_009_NORMAL,TRAIN001,-0.028706399489153534,0.007564064508298373,0.9475910579831345,27.108937068292523,26.50008230647116,25.99197371141325,139.95020242363896,4.999942740742353,0.26334296934082413,1.3166997678811896,1.1117448784150172,ZONE_02,NORMAL,NONE,0
23.6,RUN_009_NORMAL,TRAIN001,0.014742089078851939,0.01505598157764278,0.9029009201202839,27.06542651608112,26.458259538263036,25.966175875153546,140.0861799128462,5.015874321652721,0.26377352387411734,1.323054845132036,1.107877114625019,ZONE_02,NORMAL,NONE,0
23.61,RUN_009_NORMAL,TRAIN001,0.05953797879418088,0.038621227916778786,0.9695812598948441,27.19202935474226,26.602889702443704,25.99253852907012,140.0642169730247,5.007858379413064,0.26781772136137055,1.3411932200748526,1.0815019251794329,ZONE_02,NORMAL,NONE,0
23.62,RUN_009_NORMAL,TRAIN001,0.0024467685770331493,0.008742182010896339,1.0449650650469373,27.123905631862968,26.473135221229242,26.008140923766273,140.13269778505006,4.996144911252266,0.26880288044196904,1.342978143250095,1.103719991464142,ZONE_02,NORMAL,NONE,0
23.63,RUN_009_NORMAL,TRAIN001,-0.019985755707920706,-0.031589217479294496,0.9991113693322244,27.21409363772088,26.477087991251015,25.989266830808255,140.36510578655958,4.997149423655902,0.27023852622490424,1.3504222955744005,1.0877625511108047,ZONE_02,NORMAL,NONE,0
23.64,RUN_009_NORMAL,TRAIN001,-0.03439486479568015,-0.0011008973722196817,1.0183658264042459,27.20230271891308,26.523797663662194,26.028890964926283,139.53566359387855,5.004511235338501,0.27725651067652596,1.387533322751423,1.1134242008493207,ZONE_02,NORMAL,NONE,0
23.650000000000002,RUN_009_NORMAL,TRAIN001,0.02817444433631875,-0.03189153169674627,0.9977082642088786,27.216439367258083,26.38425720371952,26.021611740580354,139.9759035925673,5.005645024665468,0.26618044799280577,1.3324048351584137,1.0965717404105173,ZONE_02,NORMAL,NONE,0
23.66,RUN_009_NORMAL,TRAIN001,-0.048791998523255255,0.0615725028441413,0.9482018121917312,27.144287048496185,26.430300484431015,26.013445468805507,139.6542757304709,5.012500700029596,0.2624381609661477,1.3154714655572952,1.1148435427693102,ZONE_02,NORMAL,NONE,0
23.67,RUN_009_NORMAL,TRAIN001,0.023602602730741613,-0.007952713248596095,0.9604763801273901,27.157348635658074,26.521465234282378,25.976107765919927,139.9162427076323,4.993169991085859,0.27090146261340786,1.3526570536625357,1.0930691164527793,ZONE_02,NORMAL,NONE,0
23.68,RUN_009_NORMAL,TRAIN001,0.025780988051471405,-0.03789707599485036,0.9858595855327301,27.150465586294455,26.47677891415517,25.997965212720345,139.72572226610245,5.005445538300843,0.2592537909485718,1.2976807311911083,1.0947369678252954,ZONE_02,NORMAL,NONE,0
23.69,RUN_009_NORMAL,TRAIN001,0.004921435348349896,0.004588561929748161,1.0305112848074802,27.203367991597034,26.47778566559015,26.000864841579208,139.8451173839262,4.980412548019965,0.26918836456310036,1.3406691086510378,1.101385281179198,ZONE_02,NORMAL,NONE,0
23.7,RUN_009_NORMAL,TRAIN001,0.008111517015916605,0.0001345213193825846,1.015941325345014,27.249730430766693,26.50687055594527,25.930419350440093,139.89740639211746,4.986139809907132,0.2768627893370601,1.3804765757954471,1.1044164656335365,ZONE_02,NORMAL,NONE,0
23.71,RUN_009_NORMAL,TRAIN001,-0.0386353499820316,-0.04939081949389884,0.9939375148409861,27.02810395009881,26.45566655402501,25.999069127631614,140.0535581794208,5.00174029085236,0.26937122597194396,1.3473249141401678,1.0874730154071397,ZONE_02,NORMAL,NONE,0
23.72,RUN_009_NORMAL,TRAIN001,-0.025547753758289205,0.01458545130212603,0.9972087126001443,27.181971917246305,26.43405030199457,25.997269877119656,140.06618903990136,4.990848040147929,0.2647238475830851,1.3211964958904594,1.0981521568428925,ZONE_02,NORMAL,NONE,0
23.73,RUN_009_NORMAL,TRAIN001,-0.010373036866442456,0.014150040008114054,1.0573477331420849,27.142710073975728,26.51563682581182,25.994813528428935,140.2224326058991,4.999626225427848,0.2684247633021059,1.3420234861594713,1.1092710631013218,ZONE_02,NORMAL,NONE,0
23.740000000000002,RUN_009_NORMAL,TRAIN001,-0.0469716499014592,-0.02109258588054682,1.035348519267939,27.14785751142828,26.42114135597716,26.013529772605278,139.79253745029268,4.998991539341538,0.26580415594504075,1.3287527266910775,1.1068883291517222,ZONE_02,NORMAL,NONE,0
23.75,RUN_009_NORMAL,TRAIN001,-0.03500925840833421,0.02557958298440082,0.9890443662718297,27.18138638898959,26.491819366534113,26.00790656561379,139.867793839589,4.996924988312428,0.2611142530296593,1.3047683357684388,1.10349593124095,ZONE_02,NORMAL,NONE,0
23.76,RUN_009_NORMAL,TRAIN001,-0.021308948592212697,0.023304295887717128,0.9368436643092769,27.183208323026612,26.39856666527275,25.9695885615245,139.68389246035974,5.006954509961096,0.26862125731751,1.344974415797327,1.0906218662548157,ZONE_02,NORMAL,NONE,0
23.77,RUN_009_NORMAL,TRAIN001,-0.007917866600518747,-0.02589566280124292,1.0266240089103598,27.174618478909835,26.451174164236914,25.994868450018004,140.2098662944961,4.999128599158635,0.27151262681062077,1.35732653772166,1.0950456013842156,ZONE_02,NORMAL,NONE,0
23.78,RUN_009_NORMAL,TRAIN001,-0.026048058034915986,0.0664220555920331,0.9987620724549101,27.185470307160564,26.472633158152895,25.993564016567934,139.6961386175049,4.988761070084108,0.27527444751993935,1.3732784473763842,1.1026394951591318,ZONE_02,NORMAL,NONE,0
23.79,RUN_009_NORMAL,TRAIN001,-0.009399112037337889,0.02962245696040077,0.9551621588398914,27.209747092893565,26.44612608974981,26.01850792217715,139.7581768815836,4.999129618104656,0.2636745443819775,1.3181432243601945,1.0913293057951334,ZONE_02,NORMAL,NONE,0
23.8,RUN_009_NORMAL,TRAIN001,0.020171217602110932,-0.020187698872933754,0.9947610024656959,27.135255368243783,26.46487829149576,25.979670095875235,139.94664421366403,5.008369511722078,0.26262682913928354,1.315332204021431,1.1089701369659095,ZONE_02,NORMAL,NONE,0
23.81,RUN_009_NORMAL,TRAIN001,0.017558252940294512,-0.06609213592165229,1.030204580186972,27.18190837533442,26.43553361085322,25.977246356680393,139.93299958315853,4.995513441696647,0.26709624875158966,1.3342829008653174,1.1021795804071308,ZONE_02,NORMAL,NONE,0
23.82,RUN_009_NORMAL,TRAIN001,-0.0638575180419161,0.0024680187498810195,0.9856496693722681,27.139707375549225,26.414075192040173,26.003371111881393,140.23710734101562,4.990357096776149,0.28048927591197603,1.399741648616933,1.0808110951771643,ZONE_02,NORMAL,NONE,0
23.830000000000002,RUN_009_NORMAL,TRAIN001,-0.03142197605744752,-0.008267573013914217,0.9300230434531717,27.125888503622562,26.397155514517454,25.97070195139283,139.86655869809962,5.004147211221452,0.2619991272157222,1.3110822017990107,1.0941873329558274,ZONE_02,NORMAL,NONE,0
23.84,RUN_009_NORMAL,TRAIN001,-0.050347395332629316,-0.0015685092801364122,0.9939733687043177,27.20237173865271,26.42687534249757,25.99419094580334,139.73061860181338,5.001678241047414,0.2785993890400584,1.3934645021307634,1.1136134806903766,ZONE_02,NORMAL,NONE,0
23.85,RUN_009_NORMAL,TRAIN001,0.002373760515754136,0.020222234863585955,1.0706130418893947,27.186057279933934,26.46462839324159,25.989937312294575,140.0149802507031,4.998860541083703,0.2616242728431375,1.3078232541052766,1.111615481122698,ZONE_02,NORMAL,NONE,0
23.86,RUN_009_NORMAL,TRAIN001,-0.025492295737049687,0.015730337274925486,1.002378619094217,27.233876656941213,26.39663973301837,25.99869172184521,139.82542932101887,4.995398051109796,0.26817265491342224,1.3396291577154493,1.0893371211270677,ZONE_02,NORMAL,NONE,0
23.87,RUN_009_NORMAL,TRAIN001,-0.006262181991041363,-0.03579974591938917,1.0547168515957437,27.08930035048818,26.397031971489294,26.024145714690942,139.9462238646846,5.001599262994244,0.2730790369893155,1.3658319101449383,1.1184290445295506,ZONE_02,NORMAL,NONE,0
23.88,RUN_009_NORMAL,TRAIN001,0.02510014472779558,-0.03227477976197675,1.034160312907199,27.175509206808258,26.544963351913037,26.00014836118401,140.22881048700214,4.987625362658215,0.27404026839904466,1.3668101930567398,1.0961229097777514,ZONE_02,NORMAL,NONE,0
23.89,RUN_009_NORMAL,TRAIN001,0.03539006905977699,-0.006405471786753239,1.0354849286183463,27.175136910955906,26.515724320277993,25.991972751002386,139.81148918886834,4.995962955246155,0.27074408239770026,1.352627406011023,1.1072723095123194,ZONE_02,NORMAL,NONE,0
23.900000000000002,RUN_009_NORMAL,TRAIN001,-0.008876825786066802,0.07953828933336625,0.9821210245467599,27.1477946887291,26.444086878716938,25.995675074651373,139.88312419556885,5.001352950150688,0.2765527138830777,1.3831377314513098,1.103707025250877,ZONE_02,NORMAL,NONE,0
23.91,RUN_009_NORMAL,TRAIN001,-0.024278057118503255,0.06831017090066885,0.9939603546802283,27.210982514519376,26.45075215271159,25.988200389342914,140.25754126524558,5.006376108485596,0.27235579531586374,1.3635155466769333,1.0990172089096564,ZONE_02,NORMAL,NONE,0
23.92,RUN_009_NORMAL,TRAIN001,0.019983446056207655,0.015712611049354272,0.9949544935650931,27.23474749106656,26.426115225354593,26.013449069534886,140.0090493950793,5.021067596899793,0.26739023781862514,1.3425844588384284,1.1028485493223592,ZONE_02,NORMAL,NONE,0
23.93,RUN_009_NORMAL,TRAIN001,0.03192666205958676,-0.057038047628486986,0.9884076369024822,27.17976900800926,26.394843645167253,26.02486453965192,140.2622853062702,5.0210558595174914,0.27782447023234474,1.3949721841774574,1.1049851345140966,ZONE_02,NORMAL,NONE,0
23.94,RUN_009_NORMAL,TRAIN001,0.0295559586319703,-0.008090055068414394,1.1284769492694298,27.167809760624532,26.517654534027827,26.031362536431267,139.8710078444584,4.99598493293691,0.2741829670265362,1.3698139721325124,1.093564406352134,ZONE_02,NORMAL,NONE,0
23.95,RUN_009_NORMAL,TRAIN001,0.008926048278187966,0.013948066419006531,1.0522890279468602,27.145119879339656,26.446220522515528,25.9973020681567,140.06505889782997,4.998257772897703,0.2715876228506162,1.3574649469359024,1.097845542344794,ZONE_02,NORMAL,NONE,0
23.96,RUN_009_NORMAL,TRAIN001,0.013323381904059512,-0.06485054443283637,0.951105891388721,27.16103079284281,26.496936382660905,26.016357185803464,140.19846383207042,5.0063924252668395,0.27032405342923743,1.3533482934555627,1.1157337132059055,ZONE_02,NORMAL,NONE,0
23.97,RUN_009_NORMAL,TRAIN001,0.051866549514447885,0.009876774709683211,0.9625912142238664,27.11703163733409,26.40352272248288,26.001316447389375,139.8069705311386,5.000926298159645,0.2729527568662862,1.3650166199677862,1.0932702164180985,ZONE_02,NORMAL,NONE,0
23.98,RUN_009_NORMAL,TRAIN001,0.0005694765991052528,-0.021432310984800203,0.9961781772206636,27.179822188993178,26.41392602041116,26.01596389093369,140.10095131859975,5.007567785665,0.26450016574847035,1.324502509305093,1.0984009153378116,ZONE_02,NORMAL,NONE,0
23.990000000000002,RUN_009_NORMAL,TRAIN001,-0.00786632377984602,-0.027310109677183902,1.0312196925699908,27.156207745132733,26.42614524283564,25.98974985211084,139.62653222207683,4.989802891641251,0.26401283818797594,1.317372023420776,1.0988022193900255,ZONE_02,NORMAL,NONE,0
24.0,RUN_009_NORMAL,TRAIN001,-0.0023297196035993064,0.03140116497442904,0.9912074515312573,27.193460193564142,26.416247906891645,25.982663838572662,139.6550662616658,5.010553871615518,0.2631109851845096,1.3183317654808178,1.1057490493360067,ZONE_02,NORMAL,NONE,0
24.01,RUN_009_NORMAL,TRAIN001,-0.030880199420995774,0.04328219596794698,0.9826494201014592,27.15243442224814,26.5548265817048,26.02717890733891,139.73403366009288,4.995496825455456,0.26658350202377096,1.331717038078546,1.1064506054921304,ZONE_02,NORMAL,NONE,0
24.02,RUN_009_NORMAL,TRAIN001,-0.021355708067428925,0.025332311394574748,0.9574099380589246,27.135299582127537,26.433538664876284,25.99180821572633,139.71253384046128,5.002956000831561,0.26680673205526295,1.3348223411981361,1.0972591346815488,ZONE_02,NORMAL,NONE,0
24.03,RUN_009_NORMAL,TRAIN001,0.0238482123659042,0.023444305619061787,0.9515446962058524,27.1447865831452,26.3594349012036,25.990892837435588,140.2125879215767,5.001804881692536,0.2620823503886855,1.3108847795795808,1.092588624679963,ZONE_02,NORMAL,NONE,0
24.04,RUN_009_NORMAL,TRAIN001,0.057808657075362486,-0.04444636309880613,0.9578431575737194,27.107793712261333,26.49178359760446,25.992514074849137,139.8273906111107,4.988129016960798,0.2688724589847729,1.3411705145235477,1.1030880127841816,ZONE_02,NORMAL,NONE,0
24.05,RUN_009_NORMAL,TRAIN001,-0.002592420967002164,0.036171435422060076,1.0685303580282908,27.171281548082035,26.50864414315176,25.984583297268728,140.1325357456544,5.002442386206399,0.26627489266100274,1.3320248094299592,1.1126176325812125,ZONE_02,NORMAL,NONE,0
24.060000000000002,RUN_009_NORMAL,TRAIN001,-0.03093540408528333,-0.021947592092806823,0.9093281539952958,27.073167049867227,26.47330911964727,25.97966799156917,139.92648390509657,4.993211032128196,0.2660006733483212,1.328197496716366,1.0947351951089612,ZONE_02,NORMAL,NONE,0
24.07,RUN_009_NORMAL,TRAIN001,0.03363045542444186,-0.028494216673778546,0.9762941457559098,27.213857174976827,26.499862588418278,26.001408462139665,140.14399210702857,4.996464141491915,0.27863453591163195,1.3921874672637102,1.1109244734721364,ZONE_02,NORMAL,NONE,0
24.080000000000002,RUN_009_NORMAL,TRAIN001,-0.007119302773396103,-0.008465493354429606,1.0509202922868666,27.204564699470517,26.47002403014018,26.018574881895958,140.06540957312592,5.001997358374543,0.27014207466716716,1.3512499438709886,1.118206240224176,ZONE_02,NORMAL,NONE,0
24.09,RUN_009_NORMAL,TRAIN001,0.0027666695424677255,-0.047430863232258216,0.9854544723362919,27.16316457020792,26.39388890849459,26.010323657353002,140.09380245289276,4.989112332535038,0.25696164687091383,1.2820105213921897,1.0868367865103528,ZONE_02,NORMAL,NONE,0
24.1,RUN_009_NORMAL,TRAIN001,-0.08621894271263027,0.04328553821649769,0.9830668115010229,27.067764154409137,26.37155396466235,25.98190790902592,140.12462839519057,5.000540317902813,0.26777676381153404,1.339028503637115,1.0978169087895058,ZONE_02,NORMAL,NONE,0
24.11,RUN_009_NORMAL,TRAIN001,0.0054138107666553345,0.0013820370701148495,1.0395018628148411,27.1867123317534,26.471469506288297,26.00372105992466,139.83555254250822,4.990552586454138,0.271708222781715,1.355974173964145,1.1034807747723276,ZONE_02,NORMAL,NONE,0
24.12,RUN_009_NORMAL,TRAIN001,0.021733051949111067,-0.04879255049473316,1.000748530724535,27.19027432256309,26.531631486503485,25.999308852546957,139.71019822584572,5.002629747739781,0.27791801599702015,1.3903209342595133,1.0936281264141905,ZONE_02,NORMAL,NONE,0
24.13,RUN_009_NORMAL,TRAIN001,0.03629311820283776,-0.004621044255321011,1.0980781925845693,27.106891839356738,26.41601658279545,25.965605992449134,140.33265049119564,4.982806613847209,0.2707965113264304,1.349326647644088,1.0877355408943008,ZONE_02,NORMAL,NONE,0
24.14,RUN_009_NORMAL,TRAIN001,-0.007346525195914452,-0.016645108733361526,0.9184853211164143,27.185975941055023,26.496893970007402,26.01331150195148,139.98503830366482,5.002377968666992,0.2648978309309886,1.3251190733968512,1.1017417665841347,ZONE_02,NORMAL,NONE,0
24.150000000000002,RUN_009_NORMAL,TRAIN001,0.03059383039074528,-0.001588393895738193,1.0265318025556769,27.173742006076584,26.45063358724646,25.991041461160712,140.1948142194754,4.981806161958425,0.2773862050493237,1.381884305556984,1.1049683495331857,ZONE_02,NORMAL,NONE,0
24.16,RUN_009_NORMAL,TRAIN001,0.06317453328214423,0.056022938639774915,1.032513253279112,27.169255496795436,26.3656842693373,25.965461687734162,140.0167877563465,5.0058321982444,0.26522668003310484,1.3276802547431814,1.0991133003084994,ZONE_02,NORMAL,NONE,0
24.17,RUN_009_NORMAL,TRAIN001,0.005426590906974072,-0.017401288833382343,0.9723934471894857,27.250740716246263,26.457927380300454,25.99013132068063,140.24181280307644,4.990401621449298,0.27191971016442035,1.3569885625085463,1.0978299064327461,ZONE_02,NORMAL,NONE,0
24.18,RUN_009_NORMAL,TRAIN001,0.01425591387535844,-0.02120554132800269,0.9308400736076249,27.154264367682412,26.406217057593615,25.967857921876973,140.1783230228334,4.993756686443023,0.2708742609163837,1.3526801516365032,1.094432124477945,ZONE_02,NORMAL,NONE,0
24.19,RUN_009_NORMAL,TRAIN001,0.003346751705915788,-0.017837464617510755,0.9220186985464099,27.110095623718095,26.3967310414968,26.01455008326337,140.1636636933754,5.0090775998073,0.27612792069256775,1.3831461822225077,1.1019486314175833,ZONE_02,NORMAL,NONE,0
24.2,RUN_009_NORMAL,TRAIN001,0.008301297118945932,-0.04142337760844106,1.0030219478347542,27.191471619630374,26.463257985122173,26.001201423867215,139.97770570076787,4.999140290590702,0.2649102779076284,1.324323643679605,1.0934250876739875,ZONE_02,NORMAL,NONE,0
24.21,RUN_009_NORMAL,TRAIN001,-0.0397869999619503,0.0018598082059196072,1.0346362646980758,27.15829224344719,26.355686001343116,25.977260552861285,139.9670972287053,5.029844165377624,0.2785148786013276,1.400886437103745,1.0894046080592834,ZONE_02,NORMAL,NONE,0
24.22,RUN_009_NORMAL,TRAIN001,-0.021674111435550352,0.04575628071427967,1.0257452283026487,27.118840824851773,26.472764798021068,26.023682318892757,139.9105586666625,4.998937284724152,0.2661661510510602,1.3305478964206654,1.1053395414583194,ZONE_02,NORMAL,NONE,0
24.23,RUN_009_NORMAL,TRAIN001,0.00809937296408536,0.0008826323885866388,1.0487109165586885,27.207509833980048,26.43001350523899,25.990025864669096,140.1277606803444,5.00844889354506,0.2656301702237254,1.3303951321492036,1.0928234887668953,ZONE_02,NORMAL,NONE,0
24.240000000000002,RUN_009_NORMAL,TRAIN001,-0.011211584926298722,0.04790078698152609,1.0206222282111213,27.192801815536196,26.47203812693922,26.013165983198537,139.8029658604131,5.001961751988551,0.2656149832689575,1.3285959870664044,1.0847618461933806,ZONE_02,NORMAL,NONE,0
24.25,RUN_009_NORMAL,TRAIN001,0.022814948883675343,-0.04412560360574606,0.9835556543395095,27.13611963342317,26.477823376971436,25.96867317355722,139.9561970503741,4.995742332343498,0.27034566059402265,1.3505772609949265,1.109481605536389,ZONE_02,NORMAL,NONE,0
24.26,RUN_009_NORMAL,TRAIN001,0.016904266938582328,-0.013752849046638751,1.0533384608859782,27.13176742244174,26.469060656397534,25.98663012551737,139.61065103461064,4.994612169037752,0.2630999885961971,1.3140824047162598,1.096076098414415,ZONE_02,NORMAL,NONE,0
24.27,RUN_009_NORMAL,TRAIN001,0.015663502304046194,-0.04635703888783856,1.024468706855768,27.142080502250924,26.44879672662728,25.982913675933812,140.0369118492778,5.012979454727677,0.2688770783224196,1.3478752694774938,1.1086264491476956,ZONE_02,NORMAL,NONE,0
24.28,RUN_009_NORMAL,TRAIN001,0.02190938587540843,-0.0019609330160999866,1.0046801199584574,27.163524865365723,26.418703689166897,26.02805544561671,139.9563562420361,4.983668503952117,0.2627966471402167,1.3096913732969162,1.0891271901602402,ZONE_02,NORMAL,NONE,0
24.29,RUN_009_NORMAL,TRAIN001,0.00678359768404066,-0.016881063346248944,1.0043701917277428,27.106403643214048,26.535397622690297,26.016612805255676,139.66481958404205,4.981026034447601,0.2710191161128938,1.3499532731913013,1.1195545515809848,ZONE_02,NORMAL,NONE,0
24.3,RUN_009_NORMAL,TRAIN001,-0.07693908311304005,-0.06557118104696892,0.9998140651853862,27.28470649913397,26.40364507893438,26.000507931073116,140.03211488470257,4.987273219107984,0.26825338367817403,1.3378529163532562,1.1069806440925676,ZONE_02,NORMAL,NONE,0
24.310000000000002,RUN_009_NORMAL,TRAIN001,-0.035200094664348376,-0.0006619843628048374,1.0181183281189192,27.1608980405736,26.45667192538618,25.990141514041266,139.62657185697532,4.9965409984979905,0.261618607703155,1.3071880993587761,1.0964951162822294,ZONE_02,NORMAL,NONE,0
24.32,RUN_009_NORMAL,TRAIN001,-0.02199019880635384,0.09019227668235841,1.0461494775099678,27.228694206854232,26.516820832980745,25.972623517300757,139.61210431908117,4.99747495385051,0.26895714640472046,1.3441066028166953,1.1126257933230836,ZONE_02,NORMAL,NONE,0
24.330000000000002,RUN_009_NORMAL,TRAIN001,-0.005329311564056948,0.023749460390372856,1.0505659591429943,27.168671027455048,26.47584333265352,26.007611099546068,140.11553250834552,5.001732790447594,0.2743577057816456,1.3722639333200302,1.078763696312261,ZONE_02,NORMAL,NONE,0
24.34,RUN_009_NORMAL,TRAIN001,-0.01408952418599139,0.037933976596697505,1.046011900099245,27.231927870546855,26.443193291915545,26.03202751162188,139.89187308304898,4.984086980161598,0.28124252668176775,1.4017372155023493,1.1051516249229825,ZONE_02,NORMAL,NONE,0
24.35,RUN_009_NORMAL,TRAIN001,-0.03371031570166966,0.00021477008449176708,1.0609095237211186,27.152816875796972,26.495807389419095,26.034396896765923,140.20669926324447,5.0060106887398526,0.2763143684032711,1.3832326816791767,1.1022850198791694,ZONE_02,NORMAL,NONE,0
24.36,RUN_009_NORMAL,TRAIN001,0.004045326960423066,-0.018362637936067024,1.0732901752102306,27.138146058761265,26.480884021810642,26.008546167606767,140.05955316819544,5.006914581056677,0.2719309050531669,1.3615348135506402,1.101191495865582,ZONE_02,NORMAL,NONE,0
24.37,RUN_009_NORMAL,TRAIN001,-0.04279109807154713,-0.009893210880152064,0.9413123310170521,27.179696364225837,26.42988471855633,26.003349106050102,140.01370878462978,5.015565755822265,0.27088139686645357,1.358623458012685,1.1073531564711399,ZONE_02,NORMAL,NONE,0
24.38,RUN_009_NORMAL,TRAIN001,-0.06220184473653278,0.00734512790354875,0.9747957941709412,27.217787646621026,26.472369801285108,26.003814101181547,140.19451910726335,4.997602280545131,0.2589692334097607,1.2942252314796443,1.114814786786825,ZONE_02,NORMAL,NONE,0
24.39,RUN_009_NORMAL,TRAIN001,0.0060728959660580895,0.02543021517730117,1.0262231816423624,27.297755229888296,26.515026166059158,26.007752436338333,140.18559473241143,5.0122138407970995,0.2714090697789844,1.3603602960640913,1.102871479617248,ZONE_02,NORMAL,NONE,0
24.400000000000002,RUN_009_NORMAL,TRAIN001,0.006427072713188851,0.029349290755157922,0.9985694768126087,27.1069262330408,26.37376619324562,26.02124107585985,140.453354103378,4.994340659033171,0.2714389072386485,1.3556583708655157,1.107489862327379,ZONE_02,NORMAL,NONE,0
24.41,RUN_009_NORMAL,TRAIN001,-0.028787642736391658,-0.013631049718823191,1.0300007621971488,27.204833523504735,26.452489723494935,26.014898762657626,140.3930834591653,4.984244878673573,0.2680044531115728,1.3357998228830685,1.113335799196136,ZONE_02,NORMAL,NONE,0
24.42,RUN_009_NORMAL,TRAIN001,-0.05578300276465643,-0.01320558003353435,0.9827868823404647,27.211595385023198,26.49440053035109,26.042460021419426,140.10154871719686,5.004835729532608,0.26121435966163764,1.3073349603015452,1.0938387410843133,ZONE_02,NORMAL,NONE,0
24.43,RUN_009_NORMAL,TRAIN001,0.0003949099092889885,0.015223512453268405,0.9397800740070119,27.076914692267128,26.470298544796464,26.04594153315052,139.74250104572428,5.0036538445791185,0.25932596162695687,1.2975773448938996,1.1007738471651194,ZONE_02,NORMAL,NONE,0
24.44,RUN_009_NORMAL,TRAIN001,-0.010939741210063879,0.006407161302795545,0.9869340854010054,27.178462732771784,26.42229836233327,26.029291579969453,140.50423763459753,4.999597803985185,0.26723396519474846,1.3360623455379177,1.1170006213634043,ZONE_02,NORMAL,NONE,0
24.45,RUN_009_NORMAL,TRAIN001,-0.0075855920735096154,0.006344994064671717,1.0123773216103031,27.268127104618525,26.473334362816693,25.973717589529567,139.76216539449027,4.986317631262566,0.2648858759490525,1.3208051135171894,1.1093950087158144,ZONE_02,NORMAL,NONE,0
24.46,RUN_009_NORMAL,TRAIN001,-0.0173027755662449,-0.02616963851713376,0.9751897563068669,27.145974480183586,26.429884143258775,26.034236598436767,140.3528321391533,5.008061177662893,0.2690070558165379,1.3472037927521983,1.0884848832956207,ZONE_02,NORMAL,NONE,0
24.47,RUN_009_NORMAL,TRAIN001,-0.017400485198154746,-0.03136089566632911,0.9699627796632151,27.256056533890135,26.57461942322635,26.058128309478395,140.15791181340003,5.008557796192694,0.2703521196835184,1.3540742167581064,1.0958878785934205,ZONE_02,NORMAL,NONE,0
24.48,RUN_009_NORMAL,TRAIN001,-0.01538870110943451,0.016365131515322477,0.9702741988865505,27.124529888772724,26.362119856874468,26.011708929932166,140.0844284570617,5.018396394979135,0.2644828872048047,1.3272799676822649,1.1083115647683695,ZONE_02,NORMAL,NONE,0
24.490000000000002,RUN_009_NORMAL,TRAIN001,-0.03478626680469269,-0.05248799124148596,1.0177421375596123,27.164061887426683,26.406270006480703,26.04069291159526,139.9792986040913,5.006923584774301,0.2717818978218429,1.3607911941189046,1.1118186028350643,ZONE_02,NORMAL,NONE,0
24.5,RUN_009_NORMAL,TRAIN001,-0.02453088016678906,-0.03380235846073626,1.0432795227091873,27.1881540352253,26.505430121032116,25.969291904905692,140.1687330547381,4.994282760945135,0.28821600186310403,1.4394322095334313,1.08430025647351,ZONE_02,NORMAL,NONE,0
24.51,RUN_009_NORMAL,TRAIN001,0.004023111399293902,-0.02108493038304889,1.0050930508843479,27.167528135642897,26.429314753483315,26.001306117137684,139.87772581367165,4.995946601332797,0.27253612262331955,1.3615759155603917,1.1176004265398265,ZONE_02,NORMAL,NONE,0
24.52,RUN_009_NORMAL,TRAIN001,0.05266814066290319,-0.0010331588956105848,0.972885473709957,27.164252908524755,26.513894027100168,25.97477275940971,139.9325949093254,5.005713670230654,0.26459408781597443,1.3244822424426335,1.109051596927158,ZONE_02,NORMAL,NONE,0
24.53,RUN_009_NORMAL,TRAIN001,0.05868138480170968,0.012013288633875768,1.0100540677835936,27.24974390052138,26.489151403344277,25.982852485857734,140.1651436351822,5.009171714651415,0.2724497059462188,1.3647473606908946,1.1002004930623088,ZONE_02,NORMAL,NONE,0
24.54,RUN_009_NORMAL,TRAIN001,0.022982677997934544,-0.04099305192099628,0.999191007687043,27.21771982546551,26.4726525605292,25.999965418155703,139.9308736688934,5.001244280615259,0.27428363658902105,1.3717594687571957,1.102802994863358,ZONE_02,NORMAL,NONE,0
24.55,RUN_009_NORMAL,TRAIN001,0.03581442753607371,-0.030488115920956824,1.019580669569171,27.22336360915367,26.459602005010016,25.994860281126982,140.23280633602025,4.996188259307652,0.26549708997105875,1.326473443793751,1.0853093160634775,ZONE_02,NORMAL,NONE,0
24.560000000000002,RUN_009_NORMAL,TRAIN001,-0.01574625209842314,-0.036432030383093825,0.9936456039119874,27.240256285401774,26.36013163682763,25.975274038339087,139.9011807371125,4.999391096395609,0.26829287979167327,1.3413010344568288,1.100961648889612,ZONE_02,NORMAL,NONE,0
24.57,RUN_009_NORMAL,TRAIN001,-0.012960568244682303,-0.03782172283291108,0.9619414856954367,27.213473339112205,26.446419815702136,26.00527568739596,140.03348543429888,4.993935514031702,0.2734313299872441,1.3654984294722199,1.1118707055033497,ZONE_02,NORMAL,NONE,0
24.580000000000002,RUN_009_NORMAL,TRAIN001,0.014478782768027894,-0.028795276767433712,1.0141556266740346,27.239173132717,26.421132340958323,26.03208454974902,140.23229296148077,5.022559987329174,0.2686500848758247,1.3493111668899036,1.1201180230878072,ZONE_02,NORMAL,NONE,0
24.59,RUN_009_NORMAL,TRAIN001,0.02850960741631616,0.04905181170792302,1.031552948308237,27.21208739236482,26.4629253019345,25.995094072062443,139.7414104996965,5.005177587353099,0.26476625084980854,1.32520210464097,1.1095916689024998,ZONE_02,NORMAL,NONE,0
24.6,RUN_009_NORMAL,TRAIN001,-0.025003140085246747,-0.04439864783036571,1.0307725298118873,27.20334295699937,26.498194791347313,26.008396236200603,140.12850499205814,5.0012543126364255,0.26971967983063994,1.348936711955904,1.088703320667486,ZONE_02,NORMAL,NONE,0
24.61,RUN_009_NORMAL,TRAIN001,0.03679367081411762,-0.025012051025972103,1.0060862998842761,27.12994593303247,26.44411596582212,25.991944797530646,139.7571682470322,4.991305286204431,0.26799813193684047,1.3376604926292646,1.0779523312727037,ZONE_02,NORMAL,NONE,0
24.62,RUN_009_NORMAL,TRAIN001,-0.0119919480896476,-0.011733950395211948,1.0149578232072607,27.14504499089163,26.467339934231976,26.04054037229126,140.0936597830418,4.991973998687532,0.27381224741487786,1.3668636196172679,1.1063088618052057,ZONE_02,NORMAL,NONE,0
24.63,RUN_009_NORMAL,TRAIN001,-0.026208147300030255,-0.049318581327128255,0.9457837074071866,27.261809923018994,26.495998641129475,25.974320342361196,140.0366117421209,5.00422347828918,0.2743249813196476,1.3727835122010215,1.119941631660211,ZONE_02,NORMAL,NONE,0
24.64,RUN_009_NORMAL,TRAIN001,-0.04679135058742878,-0.03267523217813122,0.992569480476696,27.268717045157018,26.517558368149324,25.9756748983674,139.86721599665958,5.010361711089369,0.27677177711059264,1.3867267147450744,1.1012311252278577,ZONE_02,NORMAL,NONE,0
24.650000000000002,RUN_009_NORMAL,TRAIN001,-0.014981608313468054,0.01760163056408948,0.942790619328038,27.186762959861966,26.475707863764644,25.96545373788261,140.16323109885485,4.99654157371275,0.26125774238073657,1.3053851712596858,1.0917324860381927,ZONE_02,NORMAL,NONE,0
24.66,RUN_009_NORMAL,TRAIN001,0.003285279115079021,0.022651877927367937,0.9826822036608418,27.21334382096789,26.42569708451755,25.97802042332217,139.93361410980316,4.997510828049359,0.27347239753676444,1.3666812678625992,1.0961837298941606,ZONE_02,NORMAL,NONE,0
24.67,RUN_009_NORMAL,TRAIN001,-0.026435727687130962,-0.0267698979952632,0.9500895753505829,27.265983608330423,26.493776657387745,26.005969105822402,139.85269633908297,4.982657338418144,0.26327233378560144,1.311795825939298,1.080386973225473,ZONE_02,NORMAL,NONE,0
24.68,RUN_009_NORMAL,TRAIN001,0.07732924960277093,-0.029273720582365992,0.9678183636202748,27.307699160155373,26.487988709530615,25.978855187043017,139.7960720106146,5.0008773754871285,0.27283937340037984,1.3644362495800442,1.0904541572999187,ZONE_02,NORMAL,NONE,0
24.69,RUN_009_NORMAL,TRAIN001,0.044573475081809866,0.013218577385438019,1.0201577870659393,27.247674931363946,26.492612062268837,26.013974311053346,140.3322602760361,4.9941332468349895,0.2722154111743424,1.3594800352466403,1.097663319653413,ZONE_02,NORMAL,NONE,0
24.7,RUN_009_NORMAL,TRAIN001,0.029666007202275337,-0.019258612928737647,1.0504041827939306,27.26177806157364,26.461357730086092,26.02185599220099,139.83246857690585,4.98193992233715,0.26831712664950386,1.3367398051019566,1.1015302654800752,ZONE_02,NORMAL,NONE,0
24.71,RUN_009_NORMAL,TRAIN001,0.058796458492164756,0.02853140929677014,0.9920862648380759,27.207739145149645,26.487110193692402,26.005140154515704,140.30796838936527,4.984096251235208,0.26984240090698147,1.3449204987847945,1.10440585825304,ZONE_02,NORMAL,NONE,0
24.72,RUN_009_NORMAL,TRAIN001,-0.045571420251884175,0.001501190943957538,0.9993913890723558,27.196704289417916,26.417793259112443,25.958714580589202,139.80754184855343,4.991927881454685,0.2587744567742434,1.2917834257796357,1.0742379334929881,ZONE_02,NORMAL,NONE,0
24.73,RUN_009_NORMAL,TRAIN001,0.004382843537893723,0.0016303048622439012,1.0450251834155677,27.18285689793935,26.452958972222472,25.99929851904263,139.69145591679788,5.014969077242709,0.26792065517790037,1.343613800871777,1.1064653394756514,ZONE_02,NORMAL,NONE,0
24.740000000000002,RUN_009_NORMAL,TRAIN001,-0.031503299341672196,-0.03358940385637113,1.0198870848761294,27.165704709847375,26.45795702647512,26.002718284438366,139.76049246722502,5.001855845144754,0.26264990108058994,1.3137369429466403,1.1054001512373874,ZONE_02,NORMAL,NONE,0
24.75,RUN_009_NORMAL,TRAIN001,-0.005433576945670383,-0.039564791471895434,1.030804857487596,27.23989765775863,26.507446950303333,26.029046954590367,139.8715256058985,5.009326202296045,0.27004603554222195,1.3527486816678216,1.1028857646551724,ZONE_02,NORMAL,NONE,0
24.76,RUN_009_NORMAL,TRAIN001,0.0009793507619742226,0.026579175189065853,0.9843768376967723,27.166412360610906,26.50573860488355,26.00289850611667,139.85406215891547,5.002267663459441,0.26905298436200364,1.3458750434313094,1.0871180730314227,ZONE_02,NORMAL,NONE,0
24.77,RUN_009_NORMAL,TRAIN001,-0.023984523608222355,0.026839583943207113,1.0282509834237594,27.351531530034,26.43763988950907,26.009723146417702,139.99241852358207,5.001668322441924,0.26954336154539915,1.3481664929661337,1.1112839553525469,ZONE_02,NORMAL,NONE,0
24.78,RUN_009_NORMAL,TRAIN001,-0.008467012110400043,0.009542616109874818,0.9538922694276774,27.225658687691407,26.480585052640482,26.012479687299304,139.8685005545022,5.00778394608371,0.2656160774874712,1.330147928663485,1.0950180077066614,ZONE_02,NORMAL,NONE,0
24.79,RUN_009_NORMAL,TRAIN001,0.033696730718805766,-0.026804115052963547,0.9739762098043655,27.217681747196497,26.60626264778897,26.004782644016444,140.05307913625512,4.993321805349316,0.27413752957274107,1.368856904080161,1.099343243181814,ZONE_02,NORMAL,NONE,0
24.8,RUN_009_NORMAL,TRAIN001,-0.01578885362647785,0.05515275642916917,0.9309948509208449,27.16872971771673,26.56443999539963,25.997508099880054,140.27623363422722,4.994621100254735,0.2748889079621819,1.3729659399338956,1.0999014783887218,ZONE_02,NORMAL,NONE,0
24.810000000000002,RUN_009_NORMAL,TRAIN001,-0.019242484584031244,0.04021090174591361,1.0092954764289677,27.2499963327629,26.451987569641116,25.99603411717515,139.90458545228782,5.0104151757066875,0.2707618387290296,1.3566292257701766,1.1020862745660378,ZONE_02,NORMAL,NONE,0
24.82,RUN_009_NORMAL,TRAIN001,0.06242081081424344,-0.042172590058278274,1.0971600466536102,27.194824005400594,26.41155111129146,26.007107869377386,140.37063794249946,5.0188219767806945,0.26918818534628947,1.3510075805056725,1.10641450082804,ZONE_02,NORMAL,NONE,0
24.830000000000002,RUN_009_NORMAL,TRAIN001,-0.011692683608314953,0.0213462733526164,1.035255537075516,27.32715666065356,26.476678708586135,26.01138612257668,139.97942678932358,5.0048337466175665,0.2653632527016318,1.328098962233332,1.1054070255929422,ZONE_02,NORMAL,NONE,0
24.84,RUN_009_NORMAL,TRAIN001,-0.015067688272451842,-0.013970308933713883,1.0398377995363401,27.25527405884385,26.466459659550992,26.024940937696872,139.80555044907143,4.999328132237779,0.26891791229982887,1.3444088842231863,1.1030948221471208,ZONE_02,NORMAL,NONE,0
24.85,RUN_009_NORMAL,TRAIN001,0.03507885835008706,0.027787254955196725,0.9869538378251921,27.27212511337699,26.459768681951157,26.009948806779985,140.17758556474467,5.0107840003592745,0.27760255899378355,1.3910064610648423,1.109491896796163,ZONE_02,NORMAL,NONE,0
24.86,RUN_009_NORMAL,TRAIN001,-0.0036600844655003744,-0.006084417370257254,0.9682445076798603,27.236291896394864,26.422999110637747,25.96814920365011,140.15073689449088,4.986366125219774,0.2722175194939356,1.357376217895914,1.0797661123093867,ZONE_02,NORMAL,NONE,0
24.87,RUN_009_NORMAL,TRAIN001,-0.006046354049470861,-0.04488647820770252,0.8941048501904809,27.20978142952603,26.528307230643836,26.007915861010222,139.9943613719589,5.002471122176602,0.27314570201688737,1.3664034864861343,1.0967831967638346,ZONE_02,NORMAL,NONE,0
24.88,RUN_009_NORMAL,TRAIN001,-0.006959325069165541,-0.018259982416970532,1.0439450911544557,27.209786154633743,26.52053006836907,25.983119009457447,140.25925063103784,5.005625441889389,0.26385751554704645,1.3207718928560208,1.1113098680136388,ZONE_02,NORMAL,NONE,0
24.89,RUN_009_NORMAL,TRAIN001,-0.014409583129981699,-0.012884281002865077,0.9581420980424981,27.247372894957376,26.429725443312993,26.011773856558108,140.11130005802426,5.00965104870695,0.2676082698652709,1.340624049773207,1.098885171910237,ZONE_02,NORMAL,NONE,0
24.900000000000002,RUN_009_NORMAL,TRAIN001,-0.013046859270896697,-0.023692097235274767,0.9708391435644566,27.121707492495673,26.479386873775542,26.010169166532823,140.2860165786266,4.987744562949318,0.2686839295677707,1.3401268088535057,1.1099965186954672,ZONE_02,NORMAL,NONE,0
24.91,RUN_009_NORMAL,TRAIN001,-0.014838287660055067,-0.052398342466209724,1.0556647908450818,27.265169230874488,26.51340985036998,26.03926445228776,139.7902986555722,5.011012800572044,0.26522170078450885,1.3290293376206623,1.1059021470848294,ZONE_02,NORMAL,NONE,0
24.92,RUN_009_NORMAL,TRAIN001,-0.011353890726400043,0.021935948788614597,0.981156947735909,27.199756804834365,26.485522070638137,26.030266903695065,139.80842327581655,4.975519841451124,0.26591648989124195,1.3230727716229116,1.099071482163673,ZONE_02,NORMAL,NONE,0
24.93,RUN_009_NORMAL,TRAIN001,-0.025204364475587285,-0.005375654254393189,1.0025946563562194,27.252450640477402,26.39372828821558,26.008697868973428,139.8584624945504,4.990850696895978,0.27068081742864575,1.3509275463001298,1.104074844687187,ZONE_02,NORMAL,NONE,0
24.94,RUN_009_NORMAL,TRAIN001,0.03657506806733669,0.0657566162903538,1.0292501217789471,27.162760380801576,26.387056480873103,25.97288325336299,140.46620492113829,4.999091279995194,0.263549719015263,1.3175091021743848,1.1018031823566816,ZONE_02,NORMAL,NONE,0
24.95,RUN_009_NORMAL,TRAIN001,-0.029001574812152223,0.029452734913726516,0.9926747271789448,27.15609370703567,26.414127968500253,25.966004122179456,140.20512031219894,4.991126573332176,0.2672149959565726,1.3337038671116994,1.1106398715383625,ZONE_02,NORMAL,NONE,0
24.96,RUN_009_NORMAL,TRAIN001,-0.024319898514072753,0.01338709966076294,0.9995561536399442,27.195212158467303,26.451351195405426,25.990451693935537,139.92128986682923,4.999662597490683,0.2744808831059398,1.3723118049909797,1.108155879264461,ZONE_02,NORMAL,NONE,0
24.97,RUN_009_NORMAL,TRAIN001,-0.0002354611266299766,0.03186031588743905,0.9329824158272852,27.15405400216928,26.489562241595394,25.987495292728813,139.98838832535168,5.004073539904516,0.27065317601100886,1.354368396567809,1.0829839830129984,ZONE_02,NORMAL,NONE,0
24.98,RUN_009_NORMAL,TRAIN001,-0.045710374858379504,0.03867736737144075,1.0183767091881029,27.255105799688565,26.45740024321871,25.97100171789037,140.29091928898237,4.997232070371604,0.2631540816605154,1.3150420163231156,1.1007004970924659,ZONE_02,NORMAL,NONE,0
24.990000000000002,RUN_009_NORMAL,TRAIN001,0.038988144661446664,0.026412719380943972,1.0110166188085508,27.285162732558234,26.47250750281904,25.98644486121811,139.6864650451518,4.98195227437818,0.263997384931434,1.3152223722890495,1.1096058093541554,ZONE_02,NORMAL,NONE,0
25.0,RUN_009_NORMAL,TRAIN001,-0.04255528350664384,-0.012596696129719556,0.9817643605027009,27.227001043688247,26.505143531933285,26.01904902994991,140.01421364846817,5.003035237208395,0.2692132446063417,1.3468833490887304,1.0847904018887113,ZONE_02,NORMAL,NONE,0
25.01,RUN_009_NORMAL,TRAIN001,0.016988698596497615,-0.0006495865786229921,1.034365182218885,27.272492922773846,26.461517757526963,26.014866668823295,140.1393050587232,5.0138274839816575,0.26727676544871176,1.3400795924364701,1.1003547236629965,ZONE_02,NORMAL,NONE,0
25.02,RUN_009_NORMAL,TRAIN001,0.03882807378303713,0.007775638605659241,1.076946016338465,27.23304109997501,26.41268997646474,25.977716793611076,139.9233390575604,4.986403097141367,0.2727255725490332,1.3599196396281517,1.1000162192162561,ZONE_02,NORMAL,NONE,0
25.03,RUN_009_NORMAL,TRAIN001,-0.008018945506684173,-0.012650553104441386,1.0459971807732096,27.230671202020638,26.490582113077068,26.038779845061242,140.23053667663115,5.015373858032667,0.27544525073226445,1.3814609098418527,1.1010448740160295,ZONE_02,NORMAL,NONE,0
25.04,RUN_009_NORMAL,TRAIN001,-0.05755118909796014,0.041490497242465695,1.0113847658671329,27.30551102286879,26.48944082689785,26.022021538072565,140.45331445433015,4.98188992319006,0.2661199899677514,1.3257804963797806,1.08985260890409,ZONE_02,NORMAL,NONE,0
25.05,RUN_009_NORMAL,TRAIN001,-0.02496662761573174,-0.03252166574603604,0.9744598919564063,27.15761373792508,26.544169948089426,25.962218010803436,140.28340127945378,5.006388293270932,0.2744302251501069,1.3739042665112013,1.090621622130197,ZONE_02,NORMAL,NONE,0
25.060000000000002,RUN_009_NORMAL,TRAIN001,0.028943945983205425,0.04930975634797717,0.9922400131430993,27.2857296698507,26.479142241045405,25.978874080467747,140.15839098031807,5.005146608538375,0.26327766095603855,1.3177432918380325,1.097614310360015,ZONE_02,NORMAL,NONE,0
25.07,RUN_009_NORMAL,TRAIN001,0.025333465403721684,0.0160411841004504,1.0353859676673018,27.15385410670071,26.447375664677395,25.99872059977626,140.2424680341484,5.004308100861311,0.2673426279126151,1.337864878568651,1.0996544023506947,ZONE_02,NORMAL,NONE,0
25.080000000000002,RUN_009_NORMAL,TRAIN001,0.02547367337172831,-0.022003405553030708,0.9178834471503148,27.212573141301483,26.376714361200065,25.980152932744932,140.00334710563038,5.003304871403148,0.2718108916271186,1.3599527581783954,1.1133785574806425,ZONE_02,NORMAL,NONE,0
25.09,RUN_009_NORMAL,TRAIN001,0.04113444023380198,0.024002020820552687,1.0151463003479284,27.15719146751351,26.54665659391749,25.98513650488236,140.067053334584,4.989353472835069,0.2662167619941055,1.3282495259821974,1.1060631103787573,ZONE_02,NORMAL,NONE,0
25.1,RUN_009_NORMAL,TRAIN001,-0.0055983310523942155,0.028053036453954676,0.9917477570770012,27.143474431064305,26.445682624515285,26.031397925777632,140.18799433272605,5.006275840117107,0.27304835395730126,1.3669553776001815,1.078755025742627,ZONE_02,NORMAL,NONE,0
25.11,RUN_009_NORMAL,TRAIN001,-0.040716693936142516,-0.012159306736102434,0.9550453527353627,27.245790633976764,26.48149551543898,26.024957017446447,139.91248710589744,4.999161964063331,0.25955484121236927,1.297556689777374,1.0992024564344949,ZONE_02,NORMAL,NONE,0
25.12,RUN_009_NORMAL,TRAIN001,0.013483820694969674,-0.013590757928457316,1.010250453184845,27.187142497157062,26.4270552429334,26.018157658554298,139.93796379343263,4.978043436844479,0.27435954075082003,1.365773711170285,1.0824016738996947,ZONE_02,NORMAL,NONE,0
25.13,RUN_009_NORMAL,TRAIN001,-0.008424623289387022,0.01622260865828246,0.9981968524468104,27.14060593149081,26.3975172615737,25.99923607856756,139.93081000683415,5.004474702678583,0.26463111925029287,1.3243397418296101,1.1121946820496482,ZONE_02,NORMAL,NONE,0
25.14,RUN_009_NORMAL,TRAIN001,0.03257110645470821,0.013078925546727247,1.017875124266407,27.250877653520032,26.50095301314966,26.014898971130233,139.93015078889502,5.016514158332009,0.26507782373370103,1.329766655819948,1.1023127684404008,ZONE_02,NORMAL,NONE,0
25.150000000000002,RUN_009_NORMAL,TRAIN001,-0.00610346996735721,-0.0017136296212497404,1.0636370660755847,27.224213551993262,26.495757856802918,26.013808895925788,140.19248693719825,5.002361274452614,0.26653161418183174,1.3332874252005402,1.1080860541396287,ZONE_02,NORMAL,NONE,0
25.16,RUN_009_NORMAL,TRAIN001,-0.04019069107886805,0.0018349771969793415,1.0632624773776314,27.36489334340646,26.41135299174281,25.974936248372952,140.34037147789402,4.971941000196599,0.2669758644716897,1.3273882466297247,1.0774100509843791,ZONE_02,NORMAL,NONE,0
25.17,RUN_009_NORMAL,TRAIN001,-0.002609313719521128,0.0228962852854754,0.9607733061974426,27.232075090108292,26.48062366791497,25.985135967863506,140.2566492403329,4.9810039748285995,0.2631271449398076,1.3106373548304826,1.1043198291312506,ZONE_02,NORMAL,NONE,0
25.18,RUN_009_NORMAL,TRAIN001,0.00863011020307509,-0.02052933184313887,0.9260284865806622,27.248804469792454,26.536490273758943,25.963930547794458,139.92217964700416,5.012746548734246,0.2653948442983918,1.330357089808626,1.089011225531305,ZONE_02,NORMAL,NONE,0
25.19,RUN_009_NORMAL,TRAIN001,-0.007379318178959116,-0.03301344413722754,1.0252913293490307,27.194081679756817,26.43851191848266,26.002777844491963,139.97098013053693,5.000376302499563,0.2593500041563271,1.2968476148364612,1.1038982581607932,ZONE_02,NORMAL,NONE,0
25.2,RUN_009_NORMAL,TRAIN001,0.005535345318635856,0.024484398941552205,1.001233850221449,27.22919154623678,26.4365709554788,26.0043239173735,139.83932625530235,4.999522119132113,0.2645900225728532,1.3228236703546445,1.0823269934964181,ZONE_02,NORMAL,NONE,0
25.21,RUN_009_NORMAL,TRAIN001,0.06137217454001854,0.06290714908598409,1.006376826400728,27.203775680584585,26.552098384929394,26.007556104521623,140.01622782007757,4.995019832578687,0.272761616809688,1.3624496855306198,1.101592269767523,ZONE_02,NORMAL,NONE,0
25.22,RUN_009_NORMAL,TRAIN001,-0.030723823222077864,0.039924341995808396,1.0226853612886113,27.237923470370387,26.486261034886347,25.98118902071554,140.09514631208253,4.993721491219711,0.2706246245625175,1.3514240037311094,1.1116218052883209,ZONE_02,NORMAL,NONE,0
25.23,RUN_009_NORMAL,TRAIN001,0.00983350474824881,-0.01834562530947686,1.0040793871414353,27.307772968529147,26.49513936523625,26.040840760920926,139.94156526611283,5.000634209738089,0.2620123008480944,1.310227674993169,1.1106304450135165,ZONE_02,NORMAL,NONE,0
25.240000000000002,RUN_009_NORMAL,TRAIN001,-0.02771549318161236,-0.017626064262673536,1.0769805247962527,27.263098323092407,26.48667217253179,25.97657273937961,140.0940767158148,5.013022831665458,0.2686643101509162,1.3468203208401925,1.0886610141791666,ZONE_02,NORMAL,NONE,0
25.25,RUN_009_NORMAL,TRAIN001,0.013697431148079567,0.023403726057977404,0.9925074878830991,27.275261439703538,26.47458460618333,25.995955249303723,139.90564754034878,4.993225702095818,0.2725408208271,1.360857831424167,1.0927027027548577,ZONE_02,NORMAL,NONE,0
25.26,RUN_009_NORMAL,TRAIN001,0.01994496749251669,0.0160095373448793,1.006988432929,27.217425619543967,26.45282322350623,25.99782980479786,139.8676813642746,4.992575725149379,0.26689812620683845,1.332509105988117,1.107563514550356,ZONE_02,NORMAL,NONE,0
25.27,RUN_009_NORMAL,TRAIN001,0.03553360746891528,-0.0385002815337031,1.000306585684673,27.27796216988119,26.46367866136129,25.98097170535743,140.07439471657145,5.010944376163571,0.2704107741955853,1.3550133482094053,1.0909469793038276,ZONE_02,NORMAL,NONE,0
25.28,RUN_009_NORMAL,TRAIN001,0.021530827419818474,0.04476701158062316,0.9673891615029504,27.173191732400777,26.459361475108476,25.992532120082355,140.00743655171686,4.9849931735386575,0.27142793715543106,1.3530664138275035,1.1109696022545965,ZONE_02,NORMAL,NONE,0
25.29,RUN_009_NORMAL,TRAIN001,0.027090765684384073,-0.023363852440025187,1.0091355177411232,27.316794402510407,26.42028899183156,25.97170254714068,140.29582440539193,5.005430887921664,0.2639636119596384,1.3212516165901425,1.0939066227149437,ZONE_02,NORMAL,NONE,0
25.3,RUN_009_NORMAL,TRAIN001,-0.023289184673879745,0.014779123564691013,0.9755658704276995,27.278736103975348,26.450948062184672,26.016933407594927,139.96186497999145,4.993989160554953,0.26618224361179327,1.3293112393294935,1.1007489822507552,ZONE_02,NORMAL,NONE,0
25.310000000000002,RUN_009_NORMAL,TRAIN001,0.006229978948672745,-8.43193190687789e-05,1.003193720478055,27.291645518197704,26.51009552736377,26.010789804028988,140.1243692743349,5.004013488511883,0.2670967036067884,1.3365555075854296,1.1123131251319698,ZONE_02,NORMAL,NONE,0
25.32,RUN_009_NORMAL,TRAIN001,0.0008484192805637288,0.03755676911977193,1.0421803291311516,27.200557439646033,26.415671026663755,26.000140793537255,140.11752531832576,5.011866729458478,0.2739334443566418,1.3729179158570184,1.1083143858936502,ZONE_02,NORMAL,NONE,0
25.330000000000002,RUN_009_NORMAL,TRAIN001,0.0017977815622888644,0.014259493375908273,1.0358993519107373,27.218538149974087,26.522490074152508,26.02354048417708,139.99219904124965,4.998643597952211,0.2620728698676923,1.310008873161103,1.098658119256985,ZONE_02,NORMAL,NONE,0
25.34,RUN_009_NORMAL,TRAIN001,0.023749818581116924,0.08504399110006186,0.942150210695651,27.247949462145677,26.423508438885943,26.010870589153345,140.18528210422303,5.008427209261792,0.2657761399488367,1.3311204508923238,1.089741773450559,ZONE_02,NORMAL,NONE,0
25.35,RUN_009_NORMAL,TRAIN001,0.022541179042360217,-0.009900915216945742,1.0346947066895413,27.308908019786458,26.443012247466275,26.01300908390795,139.9876113901632,4.999435514952731,0.2633419750229754,1.3165612225076584,1.0895022585634317,ZONE_02,NORMAL,NONE,0
25.36,RUN_009_NORMAL,TRAIN001,0.029200234964914598,-0.017918841848227965,1.0292655059229854,27.19090847381247,26.496554669786317,26.031135725560173,140.19903644348332,4.988973019407742,0.2696445519510721,1.345249394514188,1.1116727976009817,ZONE_02,NORMAL,NONE,0
25.37,RUN_009_NORMAL,TRAIN001,-0.0005308134005065262,0.04550358427909956,1.0254456309893287,27.235284468610107,26.410037619038214,26.021814930151283,139.95777179437826,5.007228232612992,0.2675223584263177,1.3395455059674704,1.1030320079731217,ZONE_02,NORMAL,NONE,0
25.38,RUN_009_NORMAL,TRAIN001,-0.04623265903447262,-0.04565511466473332,0.9594489679635244,27.150216119357584,26.408142674066283,25.97339382757898,140.09478533146546,4.9959778922102664,0.2693900132207603,1.3458665504331497,1.0986802122433919,ZONE_02,NORMAL,NONE,0
25.39,RUN_009_NORMAL,TRAIN001,-0.027087142969294757,0.009062453038282878,0.9016614869330654,27.281780586635048,26.39553150572252,25.98467950597244,140.09252229236205,4.99343076635799,0.26984993595721446,1.347476972508488,1.1092418562235553,ZONE_02,NORMAL,NONE,0
25.400000000000002,RUN_009_NORMAL,TRAIN001,-0.02098816418990373,-0.06090846346889266,1.05071002170193,27.300219527416445,26.38406008564142,26.04212856260666,139.79622784454043,5.006009231868398,0.2631133674912613,1.3171479466892364,1.098647306384038,ZONE_02,NORMAL,NONE,0
25.41,RUN_009_NORMAL,TRAIN001,0.01846657404412705,2.6043633927229006e-05,1.091147477214944,27.20881914386447,26.51307720717671,25.962672485205353,139.8620445648424,5.004959781247337,0.27516932359741314,1.3772113976380866,1.0928447489997917,ZONE_02,NORMAL,NONE,0
25.42,RUN_009_NORMAL,TRAIN001,0.004184756029423952,0.021727900060485965,0.9862843936116885,27.19874990145513,26.41439154183638,26.014663458535324,139.91467157970035,4.997307691664462,0.26979804024154386,1.348263821695065,1.107202611243171,ZONE_02,NORMAL,NONE,0
25.43,RUN_009_NORMAL,TRAIN001,-0.03130610535766381,0.00467778324913394,1.013599748501686,27.21384430280994,26.474676229492573,26.016453699639992,140.029235442796,5.015086452058233,0.26868008056378545,1.3474538319733549,1.0850571028784826,ZONE_02,NORMAL,NONE,0
25.44,RUN_009_NORMAL,TRAIN001,-0.009523255954663027,0.013893554702989499,1.0448347035065961,27.221275547754704,26.457975627437342,26.00500784403659,140.52889013713647,5.001180062785244,0.26751235763661085,1.3378774695608942,1.1064993348224763,ZONE_02,NORMAL,NONE,0
25.45,RUN_009_NORMAL,TRAIN001,0.0205191313768339,0.01847548637182714,0.9919877958473422,27.151445562025277,26.491730310523586,25.989727205003966,140.06078066468538,4.988046265637716,0.2695486773223705,1.3445212733254357,1.0977538995421785,ZONE_02,NORMAL,NONE,0
25.46,RUN_009_NORMAL,TRAIN001,0.04076427141572679,-0.003598446722242165,0.9795206772922943,27.260577827249673,26.465205501928132,26.02723961739797,139.63663403426503,4.997313067561006,0.2620649262321711,1.3096204804094396,1.0857823641130073,ZONE_02,NORMAL,NONE,0
25.47,RUN_009_NORMAL,TRAIN001,0.03550912553047617,0.03455741587785444,0.9782848038700785,27.243838123367066,26.439262011654648,25.97960706260821,139.9754235134353,5.009576923823577,0.26608314164607827,1.3329639662086739,1.096796797336514,ZONE_02,NORMAL,NONE,0
25.48,RUN_009_NORMAL,TRAIN001,-0.03640780446886287,-0.010370854562683387,0.9940858111631213,27.193542445664626,26.45820709759926,25.98588134934074,140.19041316192235,4.9973564089626,0.2768856283018689,1.3836961691439809,1.0903452618448253,ZONE_02,NORMAL,NONE,0
25.490000000000002,RUN_009_NORMAL,TRAIN001,-0.0049101444759349,-0.021351570110991498,0.9615656485825824,27.264430371472173,26.469879746816574,26.00054391754357,140.29800415132527,4.984195783481921,0.2703667195429224,1.3475606635396729,1.0889715048444566,ZONE_02,NORMAL,NONE,0
25.5,RUN_009_NORMAL,TRAIN001,0.025042302688122076,-0.00937708719630876,0.9602863132547828,27.197945432352853,26.49179982265812,25.99820876709411,140.0517020828434,4.985991039115227,0.2776832603721096,1.3845262479276388,1.0940704693157877,ZONE_02,NORMAL,NONE,0
25.51,RUN_009_NORMAL,TRAIN001,-0.029676892514893253,-0.03421411025532957,1.029994351804072,27.297521485061846,26.425035216087213,25.993634691204917,139.81865868606826,4.996524452896121,0.2632794239084976,1.3154820795032118,1.1232436749631545,ZONE_02,NORMAL,NONE,0
25.52,RUN_009_NORMAL,TRAIN001,-0.040917427286108,0.03210330138616263,0.9242947126078261,27.23867725314608,26.448698557886615,25.986835133648135,140.360047184998,4.997840534333266,0.26156979346940445,1.3072841163585702,1.1044178538875662,ZONE_02,NORMAL,NONE,0
25.53,RUN_009_NORMAL,TRAIN001,0.026909939443000047,0.03774401355964338,1.0121280658217415,27.254491774390786,26.489298734889644,26.009072587499055,139.7518236108668,5.000041991132816,0.2739750057261313,1.3698865331515104,1.0853025397971714,ZONE_02,NORMAL,NONE,0
25.54,RUN_009_NORMAL,TRAIN001,-0.007707914030609574,0.029384210204448164,1.1142305299905846,27.2438670817578,26.466626109293944,26.000685095157035,140.01034539401405,4.989763688981901,0.2693255872553266,1.3438710358003554,1.097989596446197,ZONE_02,NORMAL,NONE,0
25.55,RUN_009_NORMAL,TRAIN001,-0.004927835831578278,0.0011098679166924922,0.9214699666101092,27.331417317745387,26.496715931943452,25.990537836454397,139.9987867065245,4.993885255365648,0.2706239289764122,1.3514648486644252,1.088356022128276,ZONE_02,NORMAL,NONE,0
25.560000000000002,RUN_009_NORMAL,TRAIN001,-0.015233507707974861,0.017942422776281833,1.0145232037845107,27.294622232599938,26.491682308760545,26.006011232382967,139.74216727658106,5.002330411637059,0.2651871871925864,1.3265539312699646,1.1224259608196754,ZONE_02,NORMAL,NONE,0
25.57,RUN_009_NORMAL,TRAIN001,0.038738497928499725,0.025506534491876454,0.995655254301647,27.241189052318543,26.431346692280414,26.022605476492064,140.01988402273696,5.014709369950106,0.27505146137290365,1.3793031405651697,1.1072772125218533,ZONE_02,NORMAL,NONE,0
25.580000000000002,RUN_009_NORMAL,TRAIN001,0.002313161373987179,-0.009280076674180066,1.0162787673224574,27.26606242765919,26.469811676645588,26.013462009700014,139.7919084419719,5.003301350281556,0.2717775770966364,1.3597851184638508,1.1077693060277547,ZONE_02,NORMAL,NONE,0
25.59,RUN_009_NORMAL,TRAIN001,-0.052652875056260956,0.04700783302518333,1.0492671460284388,27.322534447047996,26.518314692663584,26.001280850678338,139.9364825153159,5.004494627803375,0.26940995527240175,1.348260673837482,1.0891034168487894,ZONE_02,NORMAL,NONE,0
25.6,RUN_009_NORMAL,TRAIN001,-0.061718628051673635,-0.006471255958552501,1.0072224638929157,27.241906835435017,26.491926533988476,26.004544365450027,139.8119262933666,4.99434841298546,0.2759815111876355,1.3783478224132961,1.0992877220505202,ZONE_02,NORMAL,NONE,0
25.61,RUN_009_NORMAL,TRAIN001,0.04773388565051693,0.006059756153100204,1.036453805950508,27.258328118044297,26.482349776132963,26.020140630706607,140.12156168321917,5.008926871665854,0.2662763624721898,1.3337588272763885,1.1049850902865663,ZONE_02,NORMAL,NONE,0
25.62,RUN_009_NORMAL,TRAIN001,-0.018284660536992587,-0.05883044998597809,0.9186199939936995,27.265536283032407,26.48114181753812,25.963268843168155,139.93544641272157,5.016981030680863,0.2695459594894425,1.3523069656552051,1.105103485210493,ZONE_02,NORMAL,NONE,0
25.63,RUN_009_NORMAL,TRAIN001,-0.02680001181486848,-0.0038902528698643623,1.0328827193824013,27.232523095151993,26.441553995508976,25.979921182267418,139.86994361766625,5.008064009539041,0.2700851588857136,1.3526037637261759,1.1245026572012151,ZONE_02,NORMAL,NONE,0
25.64,RUN_009_NORMAL,TRAIN001,0.03825919495136047,0.012596431494577873,0.9953774282731332,27.237346784437523,26.579158324548658,26.013269420769152,139.88197020417826,5.000866330246674,0.2664678190492003,1.332569944377409,1.1185717078861896,ZONE_02,NORMAL,NONE,0
25.650000000000002,RUN_009_NORMAL,TRAIN001,0.036649440886026195,-0.01127641337803087,0.9438019665639928,27.17206729369153,26.52223376412725,26.020211382005176,139.97071427145823,4.999864924036296,0.2672146581285179,1.336037196365127,1.1130339964342313,ZONE_02,NORMAL,NONE,0
25.66,RUN_009_NORMAL,TRAIN001,0.003092782336451473,0.023681851788972866,0.9884398893760661,27.307366422284318,26.541428700783218,25.98880110110936,139.95825292122242,4.994536600181348,0.2616173800319251,1.306657579813003,1.1037013441685835,ZONE_02,NORMAL,NONE,0
25.67,RUN_009_NORMAL,TRAIN001,0.05700854105291977,0.02999584540378016,0.9634762048985269,27.26530597527534,26.4936894951459,26.014385744704867,139.86390970102428,4.994786549233104,0.27264410510729437,1.3617991089176105,1.0953682987662485,ZONE_02,NORMAL,NONE,0
25.68,RUN_009_NORMAL,TRAIN001,-0.04358964380696102,0.049763896583151,1.0728512309796947,27.321945431758955,26.502125776299316,26.03638293099452,140.07522221294067,4.983214135603842,0.26233829494677813,1.3072878996889947,1.1105401864807212,ZONE_02,NORMAL,NONE,0
25.69,RUN_009_NORMAL,TRAIN001,-0.01286097961167406,-0.010557214007320442,0.9996025586575699,27.259515853949093,26.469417493852383,26.000048191913304,140.0361050106567,5.003563208114807,0.2643848675291963,1.3228663959513938,1.1041287921275413,ZONE_02,NORMAL,NONE,0
25.7,RUN_009_NORMAL,TRAIN001,-0.022563678111053604,0.02074770332916106,0.9989653336228768,27.28467303393115,26.446738878831976,25.989112959968683,140.10348235430214,5.010851971017522,0.2671011206251455,1.3384041767454993,1.1018233576019105,ZONE_02,NORMAL,NONE,0
25.71,RUN_009_NORMAL,TRAIN001,-0.060961069058916816,-0.010803829675879364,0.9763872102495204,27.290400743122213,26.485669881879765,25.96282779409514,140.04046612750426,4.9845387684404985,0.2685988444444393,1.3388413532916266,1.1134784786739622,ZONE_02,NORMAL,NONE,0
25.72,RUN_009_NORMAL,TRAIN001,0.013419796624971116,-0.007597700144057743,1.0250481861565153,27.261156469546183,26.496383133531154,25.99543102989673,140.0474106348933,5.013750009987834,0.2735082703159573,1.3713020930283861,1.1033655458540552,ZONE_02,NORMAL,NONE,0
25.73,RUN_009_NORMAL,TRAIN001,0.016709872501567382,0.05114130836843854,1.0418146821838883,27.256405904233954,26.51300793422476,25.98760346268556,140.01909232447673,4.985100320957853,0.2744721587043286,1.3682712464509434,1.105179040033022,ZONE_02,NORMAL,NONE,0
25.740000000000002,RUN_009_NORMAL,TRAIN001,0.024084864022748377,0.009273086496105363,1.0392449497759368,27.320304823896592,26.452699353219984,25.974803028503562,139.93287069266208,5.021315848876036,0.2755059293557347,1.383402289533272,1.093702977838953,ZONE_02,NORMAL,NONE,0
25.75,RUN_009_NORMAL,TRAIN001,0.006728507555937145,0.03749954651208955,0.9764896354006253,27.19952206492617,26.313499957815832,25.968708456081977,140.08571157344264,5.0093734056368735,0.26157678078321783,1.310335769187558,1.107739146119652,ZONE_02,NORMAL,NONE,0
25.76,RUN_009_NORMAL,TRAIN001,-0.055763146105484974,-0.0005461336888159217,1.0646641485949995,27.19685205072275,26.480549895835946,26.0005602009535,139.7852789250232,5.004858043502494,0.26874907444126783,1.3450509669012298,1.0937961674497516,ZONE_02,NORMAL,NONE,0
25.77,RUN_009_NORMAL,TRAIN001,-0.041956019906504306,0.0025686632097543065,1.051474500783173,27.317180934538296,26.47941991555991,26.01446176308723,140.12366192771225,4.980114743700022,0.2675036603223065,1.3321989227648412,1.0958332015002274,ZONE_02,NORMAL,NONE,0
25.78,RUN_009_NORMAL,TRAIN001,-0.0022864884074752577,-0.02654958120567357,0.9958975896549496,27.257571005924326,26.42278062283261,26.005601859009754,140.12010641998233,4.9919441502318564,0.2761065646991791,1.3783085504906807,1.1003814918705903,ZONE_02,NORMAL,NONE,0
25.79,RUN_009_NORMAL,TRAIN001,-0.007565235473031065,0.07489935602599258,1.0320487413632513,27.30446949836401,26.394968309155228,25.993706579956715,140.18069698650626,5.004111018878401,0.26880174174611804,1.3451137577654555,1.0957386157724853,ZONE_02,NORMAL,NONE,0
25.8,RUN_009_NORMAL,TRAIN001,0.0379160858106,-0.008134000604829446,0.9123080034927097,27.353960645919113,26.512297561914416,25.969496975518414,140.05640230377392,5.002177900112716,0.2691046832364195,1.3461094993020504,1.10450207252164,ZONE_02,NORMAL,NONE,0
25.810000000000002,RUN_009_NORMAL,TRAIN001,0.024474984122297337,0.03948866054058314,1.0146254276074882,27.34927633868763,26.55431833136071,26.017383711226085,140.02666795592825,4.9801988857420545,0.26948899366314816,1.342108785960958,1.0921073069981184,ZONE_02,NORMAL,NONE,0
25.82,RUN_009_NORMAL,TRAIN001,0.013189046287135393,0.0062301667922376874,1.0365424317761671,27.206098189945692,26.49644249606704,25.97590289476713,140.0683599900539,5.006052440776312,0.2712947338836485,1.3581156647279986,1.1068721616765058,ZONE_02,NORMAL,NONE,0
25.830000000000002,RUN_009_NORMAL,TRAIN001,0.006802624312466335,-0.035234258905203986,0.9616066119886026,27.247679017434795,26.53766956895799,25.989143614035196,140.18041468194258,5.007800717905509,0.2735370375837023,1.3698189731854105,1.118310577854319,ZONE_02,NORMAL,NONE,0
25.84,RUN_009_NORMAL,TRAIN001,0.0053429848483850595,-0.015578347508263904,0.992507743648557,27.19242620942158,26.530712556489252,26.011849907356822,140.164432796093,5.000740716917785,0.2653177131796081,1.3267850912167807,1.101940021217255,ZONE_02,NORMAL,NONE,0
25.85,RUN_009_NORMAL,TRAIN001,0.03548502234961305,-0.047564707131628074,0.9659343203625481,27.263410839012963,26.457351606905913,26.00597137050234,140.0959431432723,5.005634454191457,0.2737938386377609,1.370511872030512,1.1042021037851057,ZONE_02,NORMAL,NONE,0
25.86,RUN_009_NORMAL,TRAIN001,0.003616913544844729,0.020078713170350964,0.9452848224024127,27.222361680353924,26.511854225941313,26.029818286720495,140.0113908195309,5.01926060057417,0.2675607359802075,1.3429570603660834,1.0930030979250789,ZONE_02,NORMAL,NONE,0
25.87,RUN_009_NORMAL,TRAIN001,0.010558516761200624,0.00940580256447485,1.030988573380845,27.262728305482867,26.47405437188449,26.01739763852599,139.87389116003118,4.993459850963262,0.2741237184621257,1.3688257823373813,1.1041641151446233,ZONE_02,NORMAL,NONE,0
25.88,RUN_009_NORMAL,TRAIN001,0.028885044406786464,0.04215991081995073,0.999089278988915,27.291832097564857,26.51047204231352,26.006846322097612,140.22878936114444,4.998532581878282,0.26838906998996914,1.3415515109648715,1.1047768079058076,ZONE_02,NORMAL,NONE,0
25.89,RUN_009_NORMAL,TRAIN001,-0.015440002845238566,0.04609075353668642,0.9947948645030015,27.315457740318326,26.45394223501363,25.974375300008138,139.86469436819496,5.007984633491712,0.2717605377438522,1.3609725970106563,1.116868801437614,ZONE_02,NORMAL,NONE,0
25.900000000000002,RUN_009_NORMAL,TRAIN001,-0.008946118939046987,-0.015402427408678124,0.9906757759825685,27.30053538698906,26.549023769908185,25.996854260613752,140.11795819930816,5.006501507521176,0.26936098980108547,1.3485562015065307,1.1004747613770975,ZONE_02,NORMAL,NONE,0
25.91,RUN_009_NORMAL,TRAIN001,0.030662424965847312,-0.038070247871980545,0.9564661250471675,27.286405292271944,26.510720880601653,26.000293769286007,139.78881986161997,5.011255949021992,0.26501095232592475,1.3280377113992738,1.092458528208438,ZONE_02,NORMAL,NONE,0
25.92,RUN_009_NORMAL,TRAIN001,-0.00036383848180856246,-0.05437342535794397,1.00005676413037,27.379762066112576,26.61754067853568,26.009351769128177,140.23939966376477,5.0058375757911895,0.2703321273082777,1.353238720823344,1.0858557036906076,ZONE_02,NORMAL,NONE,0
25.93,RUN_009_NORMAL,TRAIN001,-0.018638027911209772,0.04966467151611268,1.012704094481602,27.306358511723868,26.51604481096723,25.998538210302158,139.94357589904402,4.986849906364485,0.2591854697269998,1.292519035439124,1.093253097854012,ZONE_02,NORMAL,NONE,0
25.94,RUN_009_NORMAL,TRAIN001,-0.02952553265530982,0.004927003014719579,0.998659210437542,27.342232544083085,26.400969655968385,25.99112839848637,139.68177765660997,4.999838946081057,0.27359836452441083,1.367947758533231,1.1086205020467734,ZONE_02,NORMAL,NONE,0
25.95,RUN_009_NORMAL,TRAIN001,0.007427617691594119,0.021049172124098105,1.0427194901100139,27.343558339289597,26.466971390529935,25.96820419250894,139.816060394145,4.984171366884015,0.2615593189184339,1.3036564680949427,1.1142744306665395,ZONE_02,NORMAL,NONE,0
25.96,RUN_009_NORMAL,TRAIN001,0.016158081240468077,0.008172795414479888,0.9725197026307921,27.30883226507029,26.443615703408824,25.98634483063469,140.1692264984917,5.0035818550182585,0.27281419451253797,1.3650481534543568,1.084618235099507,ZONE_02,NORMAL,NONE,0
25.97,RUN_009_NORMAL,TRAIN001,-0.024864844580543718,0.02494554859692717,1.0023617348954976,27.221465583785317,26.427433526765622,25.98540000987119,140.09185177966071,4.990993445061919,0.2708130857804756,1.3516263359673448,1.0895765726771742,ZONE_02,NORMAL,NONE,0
25.98,RUN_009_NORMAL,TRAIN001,-0.006676251846904672,-0.03065581903528676,1.0299579194251063,27.31477449755664,26.502448941892137,25.99477498085114,140.08673387993215,5.014361627495406,0.27119788179289955,1.3598842519203505,1.0853019093813714,ZONE_02,NORMAL,NONE,0
25.990000000000002,RUN_009_NORMAL,TRAIN001,0.010423993325050618,0.018442624211566058,1.0724237028833652,27.245963340335027,26.495986000232058,26.0230308706203,140.29782287613983,5.003020808131104,0.2661965872584449,1.331787065107487,1.115486570985575,ZONE_02,NORMAL,NONE,0
26.0,RUN_009_NORMAL,TRAIN001,0.06361112345728566,0.02694865206230575,1.051056687974108,27.21114417782452,26.396976728931758,25.995328374229,140.08102735466764,5.001009473080084,0.2748175345689656,1.3743650937479106,1.0852334641478134,ZONE_02,NORMAL,NONE,0
26.01,RUN_009_NORMAL,TRAIN001,-0.03823166891624698,0.04072185378664047,0.9986183961594787,27.28265314204423,26.53624738856656,26.00101790926423,139.91319961998096,5.012186642881168,0.2720519162595244,1.363574980846214,1.106851524249382,ZONE_02,NORMAL,NONE,0
26.02,RUN_009_NORMAL,TRAIN001,0.022830985218417234,-0.014393138890310233,1.024149092521373,27.301076839760558,26.458326690182094,26.017689897553097,139.88823224386527,5.000679789342264,0.27506777122359805,1.3755258442572684,1.0976272858306024,ZONE_02,NORMAL,NONE,0
26.03,RUN_009_NORMAL,TRAIN001,-0.03769041366703486,0.09867871993700636,1.0717999624105095,27.24973433178115,26.494786008482492,26.00833231298072,139.51433039532736,5.00058483314295,0.26564633216024147,1.3283870195805578,1.1125107708947708,ZONE_02,NORMAL,NONE,0
26.04,RUN_009_NORMAL,TRAIN001,-0.006164066807065685,0.03460967844700448,0.9528159450457129,27.225695823924493,26.484704587883332,25.992870756380334,140.05411877380158,5.006954541777143,0.2682490799726765,1.3431109492967326,1.1029405289621792,ZONE_02,NORMAL,NONE,0
26.05,RUN_009_NORMAL,TRAIN001,0.008177925806597819,-0.019197709544730535,0.9515890696688656,27.228274613567457,26.517041995439246,26.021957324258917,139.73503521669832,4.992813961271893,0.27625819538650703,1.3793057748415307,1.1138463521628743,ZONE_02,NORMAL,NONE,0
26.060000000000002,RUN_009_NORMAL,TRAIN001,0.013884429003614175,-0.002943110741350182,0.9797588340031651,27.327987768578254,26.344124727367998,25.992229396316514,140.11626937641637,5.004755186862575,0.27300094264247,1.3663028837082738,1.0947542795583247,ZONE_02,NORMAL,NONE,0
26.07,RUN_009_NORMAL,TRAIN001,-0.009126546002349767,-0.02455188306102049,1.0010783080586552,27.211117303346427,26.5233892571102,25.992811004557414,139.6393724570252,5.000496032953204,0.2639132899012967,1.319697359195063,1.101185287883418,ZONE_02,NORMAL,NONE,0
26.080000000000002,RUN_009_NORMAL,TRAIN001,0.029168620177804295,0.004293906490975304,0.9561659410471365,27.314947320831823,26.563666092106875,26.022823291755792,139.97624194705722,5.007132073290293,0.2715660514593043,1.3597670862786848,1.0833642187383516,ZONE_02,NORMAL,NONE,0
26.09,RUN_009_NORMAL,TRAIN001,0.012567500345933158,-0.02211783341219992,0.9549372686162108,27.237111309957328,26.445909877461155,26.01393457280128,139.66024105930978,4.996409987979163,0.27281158291919594,1.3630785177338762,1.1035149593620956,ZONE_02,NORMAL,NONE,0
26.1,RUN_009_NORMAL,TRAIN001,0.03700772544689104,0.03299681649738863,0.9969504128723976,27.25599406284991,26.375858528755863,25.95945842327886,140.01571572474532,4.999079804857921,0.2688204717242761,1.3438549913292084,1.1131150270640668,ZONE_02,NORMAL,NONE,0
26.11,RUN_009_NORMAL,TRAIN001,-0.0015460553219198115,0.012121109256602258,0.9978284211014972,27.26203103513265,26.46312962724784,25.993568698496258,140.2219989772035,5.001529029081593,0.26408679363931425,1.3208377645841103,1.0893406562440673,ZONE_02,NORMAL,NONE,0
26.12,RUN_009_NORMAL,TRAIN001,-0.003311784974695325,0.001645455565083962,0.9557351784044273,27.32014865868892,26.518548639459354,26.00818379032814,139.99607253799616,4.995432354408218,0.26272060699671146,1.3124030203611385,1.1021607907407698,ZONE_02,NORMAL,NONE,0
26.13,RUN_009_NORMAL,TRAIN001,-0.017800717653529925,-0.00698795555439508,1.020461349782619,27.179665038045055,26.536186842030343,25.964158036437798,139.95289125714183,4.996915357086121,0.2737045161880511,1.3676783002438992,1.117233964090784,ZONE_02,NORMAL,NONE,0
26.14,RUN_009_NORMAL,TRAIN001,-0.028642276705599004,-0.04770508540716508,1.0073595032205462,27.283895302066174,26.602538093733795,26.00627201117172,139.65081790112131,5.005232098118798,0.25949293582785227,1.2988223716406475,1.0939410969516141,ZONE_02,NORMAL,NONE,0
26.150000000000002,RUN_009_NORMAL,TRAIN001,-0.00586881820524585,-0.02321422491108073,1.022227117695652,27.208095521220642,26.493533619716644,25.97297943779837,139.96513555492913,5.011087488229457,0.26791720118657886,1.3425565347475195,1.1114592665011391,ZONE_02,NORMAL,NONE,0
26.16,RUN_009_NORMAL,TRAIN001,-0.00480853594912224,0.010627718315955624,0.9776377714002564,27.300935351654925,26.422296590480393,26.006617568419692,139.98977762614228,4.993933678439023,0.26075783533055136,1.3022073357740975,1.1001307327854177,ZONE_02,NORMAL,NONE,0
26.17,RUN_009_NORMAL,TRAIN001,0.011968759679178452,0.0527269240156842,1.0464494492124579,27.292740432393146,26.509292175014355,26.00361432926485,139.99723306932432,4.999756094523256,0.2721793098428023,1.3608301631896846,1.102680232235925,ZONE_02,NORMAL,NONE,0
26.18,RUN_009_NORMAL,TRAIN001,0.016654404472920537,-0.025092713469134047,1.0008162501202957,27.273030192859967,26.452474792201475,25.981094690938605,140.38782036247065,4.995249427590662,0.2661338075539438,1.329404749846361,1.0871571030778495,ZONE_02,NORMAL,NONE,0
26.19,RUN_009_NORMAL,TRAIN001,-0.0002558107915708564,0.02684412008905531,1.0569096112498744,27.302887440537226,26.447544481654347,25.988624515077152,140.09552727649745,5.015516469705661,0.2726346423163274,1.367403538749852,1.117392329979677,ZONE_02,NORMAL,NONE,0
26.2,RUN_009_NORMAL,TRAIN001,-0.01029380295228408,-0.02817745685021651,1.0477801671655427,27.339685915706127,26.461934233262262,26.015777460216306,140.20029247238193,4.988452040762943,0.26593734302495126,1.3266156815278929,1.089163021883366,ZONE_02,NORMAL,NONE,0
26.21,RUN_009_NORMAL,TRAIN001,0.05998445114818585,-0.014086389210420268,1.0096915589203272,27.368789693043578,26.433503272259237,25.989414415116634,140.03413626816783,4.993408976097862,0.2615002531848404,1.3057777115050455,1.0850077016305488,ZONE_02,NORMAL,NONE,0
26.22,RUN_009_NORMAL,TRAIN001,0.003161934481498147,-0.03164077676668119,1.0884484560161694,27.312938676068484,26.499750127057535,25.973471141619815,140.08932750779587,5.0174630299634435,0.26722724675373577,1.3408028311857878,1.089633028761816,ZONE_02,NORMAL,NONE,0
26.23,RUN_009_NORMAL,TRAIN001,0.0074887377512727485,0.02744758233062242,1.0306881452749186,27.300356443380934,26.57364315911996,25.966318550096,139.7270676907338,4.980422484089069,0.2673193383290661,1.331363243045894,1.0889490860257753,ZONE_02,NORMAL,NONE,0
26.240000000000002,RUN_009_NORMAL,TRAIN001,0.03525459504152689,0.059258995911568434,0.9139504879485244,27.237907221854485,26.498914870278814,26.00950888027357,140.23582034058657,4.999364954248198,0.27530415801129865,1.3763459593204947,1.110888498696321,ZONE_02,NORMAL,NONE,0
26.25,RUN_009_NORMAL,TRAIN001,0.031868641573883284,0.020543017870964336,1.0076080147430608,27.296860411755105,26.44450132012688,26.019841691339764,139.95033637653717,5.005811350776154,0.27518290570249127,1.377513712905095,1.112081656683007,ZONE_02,NORMAL,NONE,0
26.26,RUN_009_NORMAL,TRAIN001,0.01319331843762405,-0.0231104814691002,0.980481797227356,27.272056178519225,26.462600028031215,26.01994780228534,139.94010230575586,4.989903296929965,0.26929197764953156,1.3437409271101879,1.1196090084160006,ZONE_02,NORMAL,NONE,0
26.27,RUN_009_NORMAL,TRAIN001,0.002969514468517876,-0.029849089772186473,1.0120525821261475,27.29389735901306,26.45497457835505,25.97465104459112,139.93824360796398,5.002458500229022,0.2680578499881448,1.340948270226311,1.0981185806426323,ZONE_02,NORMAL,NONE,0
26.28,RUN_009_NORMAL,TRAIN001,0.026277023860703064,-0.0248016113335096,1.0967863004910547,27.238923896005915,26.509776708843383,26.020012751684536,139.93128931433552,5.005215652528401,0.2732120729547359,1.3674853440127754,1.1021885442923653,ZONE_02,NORMAL,NONE,0
26.29,RUN_009_NORMAL,TRAIN001,-0.008966897156182685,0.01655720379216319,0.9776327910970836,27.25768400094666,26.51099962236194,26.010984846344186,140.0598462030732,5.0137324195030155,0.2760728382879495,1.3841553394685058,1.1068235533571606,ZONE_02,NORMAL,NONE,0
26.3,RUN_009_NORMAL,TRAIN001,-0.03463368031982816,-0.011988391192028701,1.0202063266626578,27.267099376841223,26.390786702351956,26.019199870182373,140.38152822434972,4.9943568178236175,0.27374873487361917,1.3671988603866498,1.091244837432819,ZONE_02,NORMAL,NONE,0
26.310000000000002,RUN_009_NORMAL,TRAIN001,-0.01962352302077344,-0.09064434210026077,1.0139604229447967,27.280946298628894,26.546306015141873,25.962464288738484,139.4322433258492,5.012131001131525,0.2830912631776984,1.4188904963224256,1.0955497308555107,ZONE_02,NORMAL,NONE,0
26.32,RUN_009_NORMAL,TRAIN001,-0.04606528371647904,0.0027091123579014646,0.9016481758608071,27.296447056505954,26.4029281590693,25.990688578864894,140.55435402363037,4.990975306910834,0.26518795902890496,1.3235465552033467,1.1054703824595102,ZONE_02,NORMAL,NONE,0
26.330000000000002,RUN_009_NORMAL,TRAIN001,-0.028092583219760586,0.0020868055994967523,0.9816163929859616,27.28257246362849,26.516659334677282,26.00855219567417,140.04481298072943,5.000511372469222,0.26696048036268066,1.334938918053431,1.1051189450566985,ZONE_02,NORMAL,NONE,0
26.34,RUN_009_NORMAL,TRAIN001,-0.02809078790693205,0.08009908344327786,1.0470450531551734,27.312562133304063,26.457035906794538,26.004738995536236,140.20564766592213,5.006768398329472,0.2697722141264462,1.3506869964356623,1.106070251563828,ZONE_02,NORMAL,NONE,0
26.35,RUN_009_NORMAL,TRAIN001,0.027762089976642354,0.057609388995544866,1.0999048116181178,27.295957231353942,26.430437344467023,25.97261008045482,140.28544191449873,4.998824535181897,0.2659182882058899,1.3292788634371733,1.0971556766078787,ZONE_02,NORMAL,NONE,0
26.36,RUN_009_NORMAL,TRAIN001,-0.017542310107524807,-0.011345053810098957,1.000455101455929,27.339351130546483,26.503184578134228,26.000817167580355,139.9293867882401,5.010289559134812,0.27176733706200434,1.3616330513956316,1.1112065150275894,ZONE_02,NORMAL,NONE,0
26.37,RUN_009_NORMAL,TRAIN001,0.0019576982213860535,0.02196223554149936,0.9154353967877256,27.249449977847163,26.48185917644898,25.988408538101154,139.85044201776648,4.994784419460888,0.2675525942287829,1.3363675290402661,1.0894939523150946,ZONE_02,NORMAL,NONE,0
26.38,RUN_009_NORMAL,TRAIN001,-0.007877931181821065,0.03453495062125905,1.0092407032574524,27.260733694897503,26.429537496876076,26.015430212186295,139.90822911224475,4.9909119625491165,0.27773606429205827,1.3861562457065442,1.088771934520584,ZONE_02,NORMAL,NONE,0
26.39,RUN_009_NORMAL,TRAIN001,-0.006600590080966521,0.039065429823835054,1.0457404755229933,27.352676837366243,26.428368431177773,26.018309270473758,139.75559364658395,4.994091222048302,0.27366068486826217,1.3666864241203145,1.0824827191541648,ZONE_02,NORMAL,NONE,0
26.400000000000002,RUN_009_NORMAL,TRAIN001,0.03199583759860312,0.001726198934598801,0.9648131981019268,27.282869025982436,26.544789504020233,26.013588378783822,140.2039385410663,5.002246079571014,0.2646088154115664,1.323638409512438,1.0953888480805662,ZONE_02,NORMAL,NONE,0
26.41,RUN_009_NORMAL,TRAIN001,-0.0344158473414979,0.03308800430776883,1.0247805757402444,27.350236363762832,26.441379992506924,26.004860482122737,140.36966949497528,4.9909525392319045,0.28019797531588697,1.3984547963904645,1.1006566811251954,ZONE_02,NORMAL,NONE,0
26.42,RUN_009_NORMAL,TRAIN001,-0.001483471388855515,-0.04013297152510006,1.0282529213958713,27.216073153234518,26.510394257731967,25.994428453996495,140.30095659104032,5.00143718507322,0.26358828387901995,1.3183202445421662,1.0954072546180604,ZONE_02,NORMAL,NONE,0
26.43,RUN_009_NORMAL,TRAIN001,-0.009735828184249702,0.00995672393196943,1.0346475939563762,27.31902800711776,26.545872566125617,25.994279926659683,140.09131055665188,4.997182181683723,0.27221268848056623,1.3602963965033075,1.1109748448378614,ZONE_02,NORMAL,NONE,0
26.44,RUN_009_NORMAL,TRAIN001,-0.03604539399318099,0.019323544406470237,0.9921544006197154,27.32172081239506,26.55944033618285,25.994796926064165,140.10349875629083,4.991163190138752,0.27382701150813216,1.3667153003050896,1.1047493493294032,ZONE_02,NORMAL,NONE,0
26.45,RUN_009_NORMAL,TRAIN001,0.028745084679653293,-0.042886976517577266,0.9642191585562212,27.337679106731077,26.454633458184734,25.97305383615506,140.1533302428587,5.001920543816069,0.2668423152096587,1.3347240584066347,1.1252534227140267,ZONE_02,NORMAL,NONE,0
26.46,RUN_009_NORMAL,TRAIN001,0.01892709219635263,0.007672093162446237,1.0233064157697942,27.233655452991687,26.509386763529402,25.95939122528487,140.32017329431662,5.011155057451347,0.2665473851604811,1.335710277197377,1.080856826202809,ZONE_02,NORMAL,NONE,0
26.47,RUN_009_NORMAL,TRAIN001,0.030763735715877157,0.02091060143748039,0.9596241170667451,27.216321893551797,26.51956474437818,26.011963140279946,139.82192700110724,4.9953359043280985,0.2619125762473073,1.3083412959232448,1.1095131394240194,ZONE_02,NORMAL,NONE,0
26.48,RUN_009_NORMAL,TRAIN001,0.00714361396033779,0.012189230315499547,1.0264906212676774,27.284945308766698,26.542909204982166,25.989880915902795,140.19768534806485,5.003191348264142,0.2628762576607453,1.3152202179922963,1.0875067589693248,ZONE_02,NORMAL,NONE,0
26.490000000000002,RUN_009_NORMAL,TRAIN001,0.02662393065397348,-0.0037944723187097206,0.9853808192349056,27.257259758859433,26.452147696929703,25.984809134522493,139.88328504882588,5.009390613364008,0.2662410366577807,1.3337053499257896,1.1122444550151196,ZONE_02,NORMAL,NONE,0
26.5,RUN_009_NORMAL,TRAIN001,0.054765686724842194,-0.06642907220577987,1.0047126744264128,27.215468988885046,26.461323404617403,25.981356761588195,140.04670239923607,5.01508488703929,0.2663881150522993,1.33595900988567,1.1181655720269874,ZONE_02,NORMAL,NONE,0
26.51,RUN_009_NORMAL,TRAIN001,0.044613688230215866,-0.025378860481938183,1.0357408038718248,27.392449276964193,26.423138817623975,26.021140555841896,139.8073756048436,5.016340800844293,0.27079797431937724,1.358414927364277,1.1041415582142933,ZONE_02,NORMAL,NONE,0
26.52,RUN_009_NORMAL,TRAIN001,-0.012246591100045487,-0.015059724562347816,0.9539649514452367,27.355750934869608,26.470405840078378,25.98676883710837,139.68116970176735,5.000317612892076,0.2684739051342324,1.3424547964446185,1.0939077270359134,ZONE_02,NORMAL,NONE,0
26.53,RUN_009_NORMAL,TRAIN001,-0.04406696265921161,-0.01008169489973941,0.99861682846483,27.25792412309225,26.47747293331546,25.98099234278951,139.8918728705768,4.991148699132294,0.26818450594687154,1.338548747984165,1.113709394989344,ZONE_02,NORMAL,NONE,0
26.54,RUN_009_NORMAL,TRAIN001,-0.033426397992295756,-0.03434682617681486,0.988469891041199,27.22294570140892,26.40939021517453,26.007018446372907,140.06149230119746,5.01914384763404,0.26029017096554313,1.3064338102013182,1.1133017434737909,ZONE_02,NORMAL,NONE,0
26.55,RUN_009_NORMAL,TRAIN001,-0.06030152208069181,0.037097061398350915,0.9763674002584952,27.309962278088914,26.480076032714532,26.004991076281634,140.1370392712642,5.001767703586372,0.276274054137586,1.3818586413242506,1.099993037357804,ZONE_02,NORMAL,NONE,0
26.560000000000002,RUN_009_NORMAL,TRAIN001,0.010896025917513078,-0.007207978824046571,0.9467223662949201,27.288497530837464,26.40508276668701,26.02555710227673,139.93573971538655,5.00182381978442,0.2661746222997934,1.3313585660412277,1.101132621388796,ZONE_02,NORMAL,NONE,0
26.57,RUN_009_NORMAL,TRAIN001,0.008740067051948526,0.007755917842347467,1.02277911921447,27.286747406431424,26.537589934268155,26.004416085121317,140.1293263112342,4.995113793942924,0.2708373600485399,1.3528634330935478,1.0991044584026965,ZONE_02,NORMAL,NONE,0
26.580000000000002,RUN_009_NORMAL,TRAIN001,-0.07733412240263392,0.0034436396232429517,1.0462481374524217,27.23043220567884,26.485662655126035,26.012790168554695,139.68590851557437,5.016611559884263,0.2715024271124763,1.362022214389083,1.1061110936801253,ZONE_02,NORMAL,NONE,0
26.59,RUN_009_NORMAL,TRAIN001,0.020850857875658785,-0.0025694676896806843,0.9873064152160552,27.325200252916385,26.505736942507603,26.00518578969422,140.17716451178381,5.007695494187484,0.27125034133815634,1.3583391121159025,1.098255694055453,ZONE_02,NORMAL,NONE,0
26.6,RUN_009_NORMAL,TRAIN001,0.00022050797916850094,0.004446048885646915,1.027612287820403,27.248975280834923,26.464282440214163,26.016848791570812,139.65023693080613,5.0018161020287835,0.26969337973914115,1.3489566893897995,1.100128813194743,ZONE_02,NORMAL,NONE,0
26.61,RUN_009_NORMAL,TRAIN001,0.003393430352711822,0.02030312239571217,0.9616473319051864,27.25776015430182,26.497725526762565,25.97188040075329,140.05250778963634,5.014446151560617,0.2656848020772778,1.33226213330455,1.112631690898486,ZONE_02,NORMAL,NONE,0
26.62,RUN_009_NORMAL,TRAIN001,0.025112480546936794,0.04645199399707432,0.9934697840821604,27.281867169848336,26.538179741957585,26.02424354252051,139.8678672314545,5.005959840085272,0.26447603062388414,1.3239563879683267,1.1126012388286293,ZONE_02,NORMAL,NONE,0
26.63,RUN_009_NORMAL,TRAIN001,0.04597296358135411,0.05413488546426476,1.0297521642397323,27.26018076834885,26.41095095392384,25.97891571506929,139.89027560051844,4.9897442518841695,0.2760305408346662,1.3773218044742543,1.1075963562138103,ZONE_02,NORMAL,NONE,0
26.64,RUN_009_NORMAL,TRAIN001,-0.0011481512569203392,0.014901816135365507,1.0382700744430362,27.26068511740789,26.495694009422994,26.017283430829387,139.84758491877383,5.001886785255883,0.2737128571784107,1.3690807232753235,1.117076170398651,ZONE_02,NORMAL,NONE,0
26.650000000000002,RUN_009_NORMAL,TRAIN001,0.03176792592529359,-0.027759946224108947,0.897954066095376,27.355877774536754,26.406612729498544,25.973607394881366,139.86725033172038,5.000363084355058,0.2668457860678136,1.3343258178692026,1.1021153516866893,ZONE_02,NORMAL,NONE,0
26.66,RUN_009_NORMAL,TRAIN001,-0.04221050903101321,-0.068953796924865,1.019171513228099,27.31327061222908,26.42413148499007,25.991236053884393,140.03351677860564,4.998025027100092,0.2663259442398921,1.3311037346770442,1.083102556589983,ZONE_02,NORMAL,NONE,0
26.67,RUN_009_NORMAL,TRAIN001,0.004421499425211512,-0.014892124367978895,0.9705222942126508,27.273579269259667,26.52819002486809,26.02796599375523,139.40864475927376,5.0121876226864215,0.27144504400252095,1.3605334897890065,1.0909474053771706,ZONE_02,NORMAL,NONE,0
26.68,RUN_009_NORMAL,TRAIN001,-0.023352115689092054,0.010762103862900904,1.0078623063401009,27.395057674596455,26.476782888170977,26.006670948795136,140.1219282789031,4.991982781947453,0.2698074606628411,1.3468741980698675,1.0803668059675196,ZONE_02,NORMAL,NONE,0
26.69,RUN_009_NORMAL,TRAIN001,-0.025671899198289265,0.013912751291110284,1.0246336531183065,27.343438721419535,26.5142262528756,25.99954061929858,140.01664551231056,5.000508119416968,0.2810597891806313,1.405441757839368,1.0924381470504736,ZONE_02,NORMAL,NONE,0
26.7,RUN_009_NORMAL,TRAIN001,0.01954874719359712,0.004845955824296526,1.0314075098071278,27.244757497833774,26.68978716771575,26.00115038405151,140.15311060951407,5.011434618000865,0.27101503907011715,1.358174148794842,1.0898928375025538,ZONE_02,NORMAL,NONE,0
26.71,RUN_009_NORMAL,TRAIN001,0.010420618121432775,0.0018416098584722624,0.93696898962524,27.28694137984006,26.422270158471473,25.95351300265916,140.08316305590688,5.0006622559808065,0.27192135434554476,1.359786853270948,1.1077284771961027,ZONE_02,NORMAL,NONE,0
26.72,RUN_009_NORMAL,TRAIN001,0.02132253975819913,0.03580925148484485,1.0043012633783757,27.394589308440544,26.528014727310072,25.989135617395636,140.28121905594062,4.987781445539497,0.27002179457100806,1.3468096968525516,1.0922473945897881,ZONE_02,NORMAL,NONE,0
26.73,RUN_009_NORMAL,TRAIN001,-0.006396170790842782,0.010033288673392394,0.9374613590640609,27.25233574571139,26.526908230381462,26.01674703879368,139.87061278877988,5.000156916200167,0.26276736926468447,1.3138780787805353,1.1132402071025755,ZONE_02,NORMAL,NONE,0
26.740000000000002,RUN_009_NORMAL,TRAIN001,-0.019294553672609537,0.03709271471124438,0.9739205406074046,27.299076315342802,26.447456342559803,26.006664108948584,140.18360701401915,4.999918366286687,0.27134775322353766,1.3567166149929937,1.1023564748498358,ZONE_02,NORMAL,NONE,0
26.75,RUN_009_NORMAL,TRAIN001,-0.020894422831783933,0.03250006400220174,1.0155081116652522,27.330421628959936,26.498285876744664,26.0011738896068,140.28651391869334,4.988615423251211,0.2662026066208369,1.327982429098382,1.10207972494387,ZONE_02,NORMAL,NONE,0
26.76,RUN_009_NORMAL,TRAIN001,-0.011434288372950886,-0.03210561453515948,1.0510424667621312,27.431825552886508,26.434486877670487,25.988621365768115,140.2054000311981,4.994888973806699,0.27155309420933926,1.3563775560693203,1.1214198825759085,ZONE_02,NORMAL,NONE,0
26.77,RUN_009_NORMAL,TRAIN001,0.05519700780472904,0.04757725667482291,0.9420260224202647,27.312070185234102,26.46739333365934,26.017715917448285,139.91206584636225,4.984306273700258,0.2675255687394547,1.3334293706432938,1.1025657622034841,ZONE_02,NORMAL,NONE,0
26.78,RUN_009_NORMAL,TRAIN001,0.0012104480030153465,-0.0351622912184117,0.9543562743730044,27.380583605937986,26.429934812328092,25.992386915953972,140.14096538007706,4.988826003850058,0.27222014767475217,1.3580589514917063,1.1027728481916614,ZONE_02,NORMAL,NONE,0
26.79,RUN_009_NORMAL,TRAIN001,-0.010114011032088893,-0.014415898700155026,1.053895789726779,27.23784650843918,26.502167100934987,25.986678836514436,140.19636408524917,4.9958911540230355,0.27069371128962416,1.3523563176814988,1.0982424095636243,ZONE_02,NORMAL,NONE,0
26.8,RUN_009_NORMAL,TRAIN001,-0.013197395889841281,0.038144212610044616,1.0195787886421361,27.300211191509785,26.624411880360675,25.978996481940126,139.96730561084863,5.004743248543707,0.2608732827037215,1.305603800336884,1.1240069618452475,ZONE_02,NORMAL,NONE,0
26.810000000000002,RUN_009_NORMAL,TRAIN001,-0.032469627089175106,-0.006664524375515932,0.961917520578352,27.312787947073463,26.496866713919147,26.030187698312783,140.42418838811116,5.009455541570982,0.26591042870197024,1.3320664706226002,1.11326152566349,ZONE_02,NORMAL,NONE,0
26.82,RUN_009_NORMAL,TRAIN001,-0.02050951199041813,0.05244616372615789,1.0464554568140805,27.381522859513094,26.455084196102415,26.00156029536953,140.09103664509934,5.005648532163247,0.28513918672581423,1.427306551496294,1.1136187605809642,ZONE_02,NORMAL,NONE,0
26.830000000000002,RUN_009_NORMAL,TRAIN001,-0.04843001833185082,-0.00710961337546491,0.9851295231193897,27.34129934421921,26.476251788997104,25.983585233665647,140.04115008677073,4.998397020550737,0.2777227303052416,1.3881684676969355,1.1020152026674874,ZONE_02,NORMAL,NONE,0
26.84,RUN_009_NORMAL,TRAIN001,0.004017652880617454,-0.012637042921010153,0.9815926156586169,27.30213599843547,26.46084613420901,26.064989094186704,140.17991747765527,4.9998693659941935,0.2764633135573292,1.3822804522765375,1.0844301761321065,ZONE_02,NORMAL,NONE,0
26.85,RUN_009_NORMAL,TRAIN001,-0.006965976985358205,0.02827157202002172,0.956791888966582,27.319315056117517,26.415265759555115,26.029900120215693,139.98399274993346,4.990718101031196,0.2612554531115274,1.3038523188368067,1.096904316784213,ZONE_02,NORMAL,NONE,0
26.86,RUN_009_NORMAL,TRAIN001,0.05018630483162865,-0.041963901678696874,1.021165616633185,27.342917253283662,26.54529851969559,25.981168074948826,140.11743704081627,4.982154881841719,0.27387838304240314,1.3645045231056252,1.0910578832567548,ZONE_02,NORMAL,NONE,0
26.87,RUN_009_NORMAL,TRAIN001,-0.009802394222236667,-0.008669850139444426,1.0164416133961198,27.274228223488045,26.407980829702613,26.02186428174174,140.03323810601756,4.998109220086537,0.2726207126017812,1.3625880972415247,1.083047118433262,ZONE_02,NORMAL,NONE,0
26.88,RUN_009_NORMAL,TRAIN001,0.03512051531628863,0.009840854153851615,1.0980960100892063,27.295610007124107,26.530299726059802,25.98119496992559,139.82301488995765,5.006053668535121,0.26960736826609777,1.3496689549725982,1.1116753174349943,ZONE_02,NORMAL,NONE,0
26.89,RUN_009_NORMAL,TRAIN001,-0.05042693077878358,0.010721053791054558,1.0016709315948502,27.30861789496121,26.492803538767213,26.01271719038664,140.0832826491755,4.987392149419612,0.26257338031430555,1.3095564156261374,1.0950336992381982,ZONE_02,NORMAL,NONE,0
26.900000000000002,RUN_009_NORMAL,TRAIN001,0.008097146080948737,-0.0033319623191913877,0.9798618628897076,27.312854862307564,26.401248225575795,25.977331364285345,139.8724384413294,4.9969511903184305,0.2732952364608967,1.3656429571416346,1.118226641613453,ZONE_02,NORMAL,NONE,0
26.91,RUN_009_NORMAL,TRAIN001,0.013903718657152004,-0.06412075528280228,1.0454921230040506,27.207497608727987,26.425417523464972,26.01228596764285,140.2639359077498,5.026066753947136,0.26780851930582705,1.346023495306827,1.1217790452037724,ZONE_02,NORMAL,NONE,0
26.92,RUN_009_NORMAL,TRAIN001,0.02226862419500573,0.017557825462089553,1.0128762183486353,27.22740226721481,26.493267387655425,25.982413434179705,140.11887709477668,4.990883039703086,0.26417172052960847,1.3184501595604066,1.097497811153664,ZONE_02,NORMAL,NONE,0
26.93,RUN_009_NORMAL,TRAIN001,-0.010898138178725252,-0.012567633419093404,1.0674806473971952,27.391849978071505,26.475661109551435,25.97550615716371,139.62707842854124,5.012635570960928,0.27961387077682587,1.4016024347899896,1.1022626163052052,ZONE_02,NORMAL,NONE,0
26.94,RUN_009_NORMAL,TRAIN001,-0.02077778139543928,0.022606138916596165,0.9741859227351282,27.28234979203032,26.585870838640894,26.01632160700592,140.102208114659,4.995951779493511,0.2699924958155687,1.348869489919685,1.1000182552219082,ZONE_02,NORMAL,NONE,0
26.95,RUN_009_NORMAL,TRAIN001,-0.028625984501603932,0.025622065950083414,1.0198115482581978,27.207363645416724,26.460471998651485,26.021597825144156,139.99720374021783,4.99908728075917,0.2722171410128625,1.3608372472420263,1.098606289926113,ZONE_02,NORMAL,NONE,0
26.96,RUN_009_NORMAL,TRAIN001,-0.010956227364689675,0.004453303875185192,0.9310572422804299,27.387600673917124,26.39739047641551,26.00115411199082,139.55408886209216,4.988094960097664,0.27202098774403743,1.3568665180068216,1.0813275530671547,ZONE_02,NORMAL,NONE,0
26.97,RUN_009_NORMAL,TRAIN001,-0.030634023793759006,0.008476415294602226,1.0396618569565035,27.254001673691292,26.489382270189328,26.00975690371483,139.63325520086667,5.014136993612683,0.2690027782006547,1.3488167815604903,1.0947338520049512,ZONE_02,NORMAL,NONE,0
26.98,RUN_009_NORMAL,TRAIN001,-0.0018869807706153716,0.03531448097997964,1.0004618469814381,27.353370107490115,26.448200095898244,25.99388317178115,140.2683530708865,5.018245330353397,0.2743315314620803,1.3766629267282804,1.0834001783960785,ZONE_02,NORMAL,NONE,0
26.990000000000002,RUN_009_NORMAL,TRAIN001,0.06009219401724835,0.018140221443621006,0.9565382872053708,27.29126984866934,26.493735130401834,26.018323067226987,139.70782114088402,4.98708171193965,0.26591280191240385,1.3261288713879802,1.1079289582650758,ZONE_02,NORMAL,NONE,0
27.0,RUN_009_NORMAL,TRAIN001,0.03424829124202086,0.00040305694610688955,0.978855101717433,27.316107587645295,26.43692058069149,25.97083054371819,139.87818586678762,5.00079215740135,0.26947690436581656,1.3475979899533692,1.1063281062424886,ZONE_02,NORMAL,NONE,0
27.01,RUN_009_NORMAL,TRAIN001,-0.0176931782386578,0.0036389323977950878,1.016173519400474,27.35295937820907,26.515568309228073,25.996890744747486,139.71740454343876,4.985447785951127,0.2665851384381757,1.3290462881940779,1.1082777525965506,ZONE_02,NORMAL,NONE,0
27.02,RUN_009_NORMAL,TRAIN001,0.005181695501594217,0.007262107168242351,0.94761376755925,27.376323432391985,26.607112844242494,25.980709051608265,139.85342233959784,5.004907942293653,0.2811322536073061,1.4070410489141199,1.1076377368940433,ZONE_02,NORMAL,NONE,0
27.03,RUN_009_NORMAL,TRAIN001,-0.025727612794978254,-0.011872117461894382,1.0213949114663528,27.28515375588964,26.492441533068714,25.998616195825328,139.80098041456267,5.001900801857057,0.2677901105057135,1.3394595684679182,1.096929789835427,ZONE_02,NORMAL,NONE,0
27.04,RUN_009_NORMAL,TRAIN001,0.004154564449283889,0.012702698126243729,0.9556370500952451,27.372010697729447,26.531207495204168,26.023552339278694,139.68849442682455,4.984902328344283,0.26703526012784257,1.3311446899613038,1.0982800239617718,ZONE_02,NORMAL,NONE,0
27.05,RUN_009_NORMAL,TRAIN001,-0.017173701678300998,0.022362321955977718,1.03267210050061,27.20669027164946,26.541677502985376,26.02390766980916,139.68399392193623,5.005706223880052,0.27467941929550777,1.3749644787392818,1.108193071749714,ZONE_02,NORMAL,NONE,0
27.060000000000002,RUN_009_NORMAL,TRAIN001,-0.010198083180216406,0.05211771113353372,1.0935413043780684,27.363790457924498,26.53368860110394,25.993778885155713,139.98532633591267,5.009409986923821,0.2711735494202118,1.3584194866551893,1.1098752409905954,ZONE_02,NORMAL,NONE,0
27.07,RUN_009_NORMAL,TRAIN001,-0.0010989526995387787,0.031738848617874585,1.0155238734782772,27.336928203300808,26.47264887402013,25.9809631391638,140.06649483774885,4.977853721378692,0.26839728021484527,1.3360424001253872,1.120227899177835,ZONE_02,NORMAL,NONE,0
27.080000000000002,RUN_009_NORMAL,TRAIN001,-0.0529125293692209,-0.006984156739592811,0.9807207695338968,27.279391495251243,26.455718874609214,25.992208996766536,139.59811309519944,4.994694808609199,0.269717311660801,1.3471556563442322,1.1046477469122324,ZONE_02,NORMAL,NONE,0
27.09,RUN_009_NORMAL,TRAIN001,-0.03068285911930191,-0.004556551313901702,0.9619698436907743,27.30406195573986,26.52841839297267,25.98150604952507,140.3333254781506,5.000170224566566,0.25952394936817225,1.297663924192656,1.1006699284048624,ZONE_02,NORMAL,NONE,0
27.1,RUN_009_NORMAL,TRAIN001,-0.0341165975111898,0.013758630909514005,1.0125531348684174,27.2578294156943,26.60291903658178,25.97926841384356,139.91766022350302,4.995269317431006,0.2630960538224678,1.31423564519655,1.0958820650886227,ZONE_02,NORMAL,NONE,0
27.11,RUN_009_NORMAL,TRAIN001,-0.04243529353087596,0.007631275199790455,0.9510346887386918,27.26271051536098,26.555112486101496,25.997934739230576,140.0011880901313,4.9886268778985725,0.26537317852907094,1.3238477710834997,1.1072742423998765,ZONE_02,NORMAL,NONE,0
27.12,RUN_009_NORMAL,TRAIN001,0.025269312395217885,0.029362423720082763,0.9651100471883876,27.362140127160853,26.406726373142625,26.016328452440966,140.0855343282216,4.985304085824694,0.27304761238746406,1.361225377659902,1.093714276522503,ZONE_02,NORMAL,NONE,0
27.13,RUN_009_NORMAL,TRAIN001,-0.053267940722197094,0.017290858701382562,1.021219523003048,27.355873616830067,26.426685903300072,25.976503696669933,139.90611270395524,5.002573051619239,0.26550198003929026,1.3281930504961024,1.1039522523395309,ZONE_02,NORMAL,NONE,0
27.14,RUN_009_NORMAL,TRAIN001,-0.048642032380455315,0.012880313211548332,1.0231034320549222,27.36293650698327,26.544408364696476,26.009066566892823,139.9039342383453,5.003440634258227,0.26785229439213354,1.3401830537408979,1.0938165632164845,ZONE_02,NORMAL,NONE,0
27.150000000000002,RUN_009_NORMAL,TRAIN001,0.03228266344198746,0.054382819582960686,0.9520782982698028,27.328040263002272,26.472482456589017,25.988267601355954,140.02547592230317,4.9905219124243505,0.2731080375039185,1.3629516456225166,1.1005840243764269,ZONE_02,NORMAL,NONE,0
27.16,RUN_009_NORMAL,TRAIN001,0.05376747187259056,0.019603848835498552,0.9980173337415529,27.332619821680577,26.408725933919854,25.993095028620473,140.27720182279907,4.99880617988708,0.26926416131232933,1.3459993535901835,1.095643840799347,ZONE_02,NORMAL,NONE,0
27.17,RUN_009_NORMAL,TRAIN001,0.022530359191476945,-0.07249776962830289,1.0761939482044358,27.23755011972007,26.515028360042407,25.982387662821836,140.11164010499894,5.0073726489528205,0.2650146825902821,1.3270272731734918,1.099035575156145,ZONE_02,NORMAL,NONE,0
27.18,RUN_009_NORMAL,TRAIN001,0.03804791680210029,-0.052581551209898644,1.0658615882038345,27.350429604869934,26.53052984387258,25.993792043921353,139.89037024276408,5.008708566129245,0.2726418504950029,1.3655835720596499,1.1089786760255465,ZONE_02,NORMAL,NONE,0
27.19,RUN_009_NORMAL,TRAIN001,0.010064208467963603,-0.017663300269765404,1.024117698606606,27.31841087999921,26.54152001732892,26.01351801973996,139.63055749681203,4.998235027842188,0.2672565978065314,1.335811288578537,1.0915961595041244,ZONE_02,NORMAL,NONE,0
27.2,RUN_009_NORMAL,TRAIN001,0.024642622389016922,-0.023017418559358467,1.0106373811253269,27.339171571684943,26.441055110232913,26.03155406667922,140.13193795887094,5.019906691894405,0.2646352079306903,1.3284440512021394,1.1003795110397123,ZONE_02,NORMAL,NONE,0
27.21,RUN_009_NORMAL,TRAIN001,0.024080248712741982,-0.0035344988689682316,1.0253635939332362,27.34198315306091,26.523654634050718,25.961184974465393,140.13749430992863,5.007669669041976,0.2710237299439642,1.357197312031013,1.10196078847526,ZONE_02,NORMAL,NONE,0
27.22,RUN_009_NORMAL,TRAIN001,-0.0019847387652982143,0.030765678323777444,1.016367808639459,27.42792510682677,26.544218651575473,26.005554360508466,139.65747443491279,4.9903542080413406,0.27681468353487215,1.3814033208258811,1.1068490028864562,ZONE_02,NORMAL,NONE,0
27.23,RUN_009_NORMAL,TRAIN001,0.03245331437342819,0.06242992045546264,1.0420034916864507,27.280168279155937,26.513445307037827,26.002823300607513,139.82152885655015,5.0051255834537525,0.2638920741603208,1.3208129716504966,1.1116590278715512,ZONE_02,NORMAL,NONE,0
27.240000000000002,RUN_009_NORMAL,TRAIN001,0.04454537703409824,0.049771316782699054,1.0351923185257212,27.246561304209916,26.448908856189924,25.988988253934917,139.85162538529656,5.008253807418736,0.2754556172655725,1.3795516439451816,1.102228113828479,ZONE_02,NORMAL,NONE,0
27.25,RUN_009_NORMAL,TRAIN001,0.01160568550064274,0.07171492422208141,0.9875379782763146,27.36819847784855,26.535038581669273,26.01069042096141,140.09328639004164,5.008437680290965,0.2607063637300982,1.3057315755974654,1.100689535001674,ZONE_02,NORMAL,NONE,0
27.26,RUN_009_NORMAL,TRAIN001,0.08649486993411125,-0.00040914776506235955,0.9806902187254023,27.398093474804366,26.50502415817262,25.991894028029492,139.99154180689695,4.9846467554299165,0.2672405546220059,1.3320997635158731,1.09988962052112,ZONE_02,NORMAL,NONE,0
27.27,RUN_009_NORMAL,TRAIN001,0.03716244330554936,-0.03211629152923147,1.04207217043539,27.288404518065317,26.479289168011967,25.97192744792048,139.8945288180942,4.998346890399325,0.2677856228942306,1.3384854354870237,1.118476960364897,ZONE_02,NORMAL,NONE,0
27.28,RUN_009_NORMAL,TRAIN001,0.07582813531026579,-0.031494354128733894,1.0445454936027292,27.3411884894902,26.56307270885376,25.98000953246354,139.88613423751875,5.009594505133927,0.26428012355966257,1.3239362548006008,1.1150473398821361,ZONE_02,NORMAL,NONE,0
27.29,RUN_009_NORMAL,TRAIN001,0.010215119025156975,0.03255751681117486,1.0391777934922337,27.326229418751176,26.472750537960632,26.02853310636241,139.85131208083288,4.984594649924566,0.2557909477894677,1.2750141898505147,1.0976415887174868,ZONE_02,NORMAL,NONE,0
27.3,RUN_009_NORMAL,TRAIN001,0.030200282352371932,0.04612188129115318,1.0220135284878422,27.36148596125149,26.47472177357379,26.02566948681092,140.00190830005252,5.020065168887195,0.2719076424826861,1.3649940851815647,1.0962196258290178,ZONE_02,NORMAL,NONE,0
27.310000000000002,RUN_009_NORMAL,TRAIN001,-0.052400867727585995,-0.012866889696647964,0.88600568193611,27.270031527348763,26.587360015641252,26.015160784589604,139.71528880733757,5.00014454593763,0.2631543946963081,1.3158100113802633,1.1080987025597913,ZONE_02,NORMAL,NONE,0
27.32,RUN_009_NORMAL,TRAIN001,-0.03951066367228443,-0.02339893243181167,1.0296374656325977,27.404340018211848,26.431575978783524,25.980208079343118,139.95071834806197,4.986973952734097,0.266590792211828,1.3294813367991343,1.0967529415937856,ZONE_02,NORMAL,NONE,0
27.330000000000002,RUN_009_NORMAL,TRAIN001,-0.02691213633416008,0.017488731748714022,1.0443476449549576,27.361996368345785,26.544731694557328,25.975906074978003,140.18472908466498,4.988974179072149,0.26344417026418854,1.3143161630751234,1.1196640138888905,ZONE_02,NORMAL,NONE,0
27.34,RUN_009_NORMAL,TRAIN001,0.0038586410425594736,-0.026440387369627692,0.9826740003534593,27.349219164876978,26.61374325525252,25.978640976432732,140.47499148837193,4.987211118563237,0.2728825037566184,1.3609226567963815,1.1235593363710588,ZONE_02,NORMAL,NONE,0
27.35,RUN_009_NORMAL,TRAIN001,-0.0009694841896521344,0.031099581582537054,1.0233636938665878,27.329246595564026,26.550801657889068,25.982896518006758,140.01046884455832,4.999380012449471,0.2715022617257253,1.3573429806064161,1.1046433584232287,ZONE_02,NORMAL,NONE,0
27.36,RUN_009_NORMAL,TRAIN001,0.034022027878355884,0.0009434643754341995,1.03004582901077,27.35903218510539,26.500664264834928,26.019753149223757,139.98545400147162,5.0146874474904575,0.2582204989884936,1.2948950949623212,1.10180092610695,ZONE_02,NORMAL,NONE,0
27.37,RUN_009_NORMAL,TRAIN001,-0.0444034617223296,0.014387904803304588,1.035973444398923,27.371652270643896,26.52757819577474,26.01020479106031,139.83727120611545,4.995441328370918,0.27699245841385295,1.3836995744076237,1.09835237157995,ZONE_02,NORMAL,NONE,0
27.38,RUN_009_NORMAL,TRAIN001,0.028455994858919215,0.016895657164437028,1.0328099392408965,27.27402803909578,26.44824981787627,25.99775173006977,140.05346579786104,5.006844290714468,0.2613253566665691,1.3084153700449335,1.0915871680306846,ZONE_02,NORMAL,NONE,0
27.39,RUN_009_NORMAL,TRAIN001,-0.012969753584412448,0.016189299110017957,0.8838110477534098,27.32809432639088,26.541781386475964,25.990136165104033,140.34014998152387,4.993782403880529,0.2742273771432938,1.3694318506404903,1.1155827487308316,ZONE_02,NORMAL,NONE,0
27.400000000000002,RUN_009_NORMAL,TRAIN001,-0.010156031112010022,-0.043166482068837136,1.0700972390925252,27.355016186870753,26.458765366067723,25.961364609199702,139.8426115843061,4.985423555658767,0.27168300291057834,1.3544548423825067,1.07892959297047,ZONE_02,NORMAL,NONE,0
27.41,RUN_009_NORMAL,TRAIN001,0.02220004960027649,0.014960988337479521,0.9371233548717967,27.295279178088798,26.46297682024642,26.009078101372207,139.89610769449715,5.01160171619242,0.26746463988449976,1.3404262482659466,1.1045405406277589,ZONE_02,NORMAL,NONE,0
27.42,RUN_009_NORMAL,TRAIN001,-0.002762576361119615,0.02781711136806938,1.0047519702358403,27.275839823224008,26.532916634986407,25.98549758283884,139.98301865289255,5.006389054062673,0.2693567695732875,1.3485047828293883,1.1086778472887842,ZONE_02,NORMAL,NONE,0
27.43,RUN_009_NORMAL,TRAIN001,0.006149449447587213,-0.019266964646791354,0.9883228118189084,27.31042475953734,26.499519674766976,25.991299076972435,140.24385177700776,4.999943378333953,0.2689565221050514,1.344767381758881,1.116306781628839,ZONE_02,NORMAL,NONE,0
27.44,RUN_009_NORMAL,TRAIN001,0.014127204106822125,0.05858196618820547,0.9756785146454323,27.334241302095673,26.463370259711745,26.020789573061865,140.15660241745059,4.9927005761289625,0.27146154247313947,1.3553261995025003,1.0824128685079974,ZONE_02,NORMAL,NONE,0
27.45,RUN_009_NORMAL,TRAIN001,-0.010798503734578795,0.03013240158048603,0.9882138848828058,27.364542583905486,26.473780844767102,25.98135332552332,140.00760602334697,5.007429413420908,0.2655678724628157,1.3298123758299158,1.109882744764706,ZONE_02,NORMAL,NONE,0
27.46,RUN_009_NORMAL,TRAIN001,0.0030306320856755354,0.01777751225561099,0.9910543269180871,27.209888629104814,26.529950473528373,26.005370832994117,140.16882961671766,5.00295179965672,0.26800513688564703,1.3408167818992933,1.0922670869156677,ZONE_02,NORMAL,NONE,0
27.47,RUN_009_NORMAL,TRAIN001,0.0040583992636736834,-0.0530135192132416,0.9666912416219193,27.35373371362005,26.55186902707368,26.010237118211634,140.1949257036979,4.995325909276802,0.264734850123742,1.3224368559116393,1.1006197186422342,ZONE_02,NORMAL,NONE,0
27.48,RUN_009_NORMAL,TRAIN001,-0.06824320451702444,-0.013818572362281603,1.011945675040569,27.357740141240207,26.51520899549484,26.004210024633835,139.85537782504792,4.993603132641446,0.2692956296720934,1.3447554999372162,1.1089026391196932,ZONE_02,NORMAL,NONE,0
27.490000000000002,RUN_009_NORMAL,TRAIN001,-0.004859759583256597,0.04923888553235297,1.0257878826536049,27.22211495011211,26.49127129792764,26.001600008642896,139.90450920437314,4.993900374679834,0.27273804795032064,1.3620266398485528,1.0920152014156685,ZONE_02,NORMAL,NONE,0
27.5,RUN_009_NORMAL,TRAIN001,-0.00029709689034258287,0.005540094805275009,1.040746403488404,27.36649583513259,26.584582334590333,25.997219768041127,139.7876488026728,4.997773213480116,0.26405472779703876,1.3196856454768238,1.0900323298611803,ZONE_02,NORMAL,NONE,0
27.51,RUN_009_NORMAL,TRAIN001,-0.022599842183351506,-0.05072343425405696,1.020016624731373,27.34533445269108,26.475995518385357,25.982701815607836,139.66536072042237,4.995135282067425,0.2665268004839514,1.3313374247139307,1.1141538117550944,ZONE_02,NORMAL,NONE,0
27.52,RUN_009_NORMAL,TRAIN001,0.02682609287948711,0.026290682367172982,1.003064030601154,27.29083281775818,26.48207170037853,26.024585750681535,140.53989516617045,5.011265508080061,0.2720639407891425,1.3633846424689657,1.0995025118455763,ZONE_02,NORMAL,NONE,0
27.53,RUN_009_NORMAL,TRAIN001,0.0019210148714238514,-0.00942274949352704,0.9620299293815148,27.325253876977712,26.436190352554767,26.001040083351157,139.6156357704525,5.017108921299791,0.2716849965256031,1.3630732198519058,1.114267268824127,ZONE_02,NORMAL,NONE,0
27.54,RUN_009_NORMAL,TRAIN001,0.058949970192829604,0.05060931862207443,0.9709311429329001,27.32031055719957,26.51197561092582,26.009856769202038,139.91057863710617,5.004323141101574,0.26442421310743053,1.3232642087210889,1.0978365527351583,ZONE_02,NORMAL,NONE,0
27.55,RUN_009_NORMAL,TRAIN001,0.045216511622578476,-0.07454212801093407,0.9254516631536405,27.359995646400318,26.54774551448246,25.96674205652862,139.8137742205529,4.995722200933081,0.2657310374820033,1.3275184434258243,1.1055445604641125,ZONE_02,NORMAL,NONE,0
27.560000000000002,RUN_009_NORMAL,TRAIN001,-0.020369356726517303,0.008399252514347318,1.071559359924092,27.33084782015829,26.532032162757485,26.00896825440886,140.0354528050405,5.015379228450143,0.2733193713690371,1.3708002978973193,1.0990790165034934,ZONE_02,NORMAL,NONE,0
27.57,RUN_009_NORMAL,TRAIN001,0.030068235410346287,-0.010851151027571053,0.9945660864966036,27.316431378895835,26.489095137873644,25.98983010507029,139.94121456506159,4.992997013379865,0.26901595191729455,1.343195844474593,1.106533452112222,ZONE_02,NORMAL,NONE,0
27.580000000000002,RUN_009_NORMAL,TRAIN001,-0.011176042368129645,0.041999943353258115,1.0153658473039848,27.38529088890686,26.491364894341512,25.992205080918154,139.78370627422382,4.9965459178246485,0.26656690378867787,1.3319137749524743,1.100342845354861,ZONE_02,NORMAL,NONE,0
27.59,RUN_009_NORMAL,TRAIN001,-0.009179144629029369,-0.05863084040541465,0.9777878328592946,27.283012370846734,26.4851800510737,25.99872028036669,139.75742333767616,4.992794215630017,0.26231785348758563,1.3096990615492998,1.110886056929127,ZONE_02,NORMAL,NONE,0
27.6,RUN_009_NORMAL,TRAIN001,0.025618400904527844,0.001230611650984075,0.9527446547794401,27.311656769200436,26.465020226016293,26.033837647729545,139.88728507115633,4.999441930897386,0.2665524252424784,1.3326133715396373,1.0926759062023446,ZONE_02,NORMAL,NONE,0
27.61,RUN_009_NORMAL,TRAIN001,0.010493787166750652,0.034109217215420894,0.921201596737998,27.378810477352474,26.53727166368677,25.966036730599434,140.06792310079993,5.010781818745785,0.2744329958607349,1.3751238661229075,1.084797647021038,ZONE_02,NORMAL,NONE,0
27.62,RUN_009_NORMAL,TRAIN001,0.014778018852700258,0.01384145919050872,0.9520855867700758,27.30010821131348,26.58657530886466,26.02499096972625,140.05606694412688,5.0017811665780085,0.2744238503468456,1.3726080463246741,1.1013414247608828,ZONE_02,NORMAL,NONE,0
27.63,RUN_009_NORMAL,TRAIN001,-0.0013844087003373699,-0.03625191645379038,1.032436236196997,27.341644403309328,26.542108915283503,26.006000244244305,140.09868116853704,4.986736980675455,0.2688217274634027,1.340543249550809,1.0800169082811657,ZONE_02,NORMAL,NONE,0
27.64,RUN_009_NORMAL,TRAIN001,0.05187240187962748,0.02380564329351877,1.0252697358562726,27.37667618798114,26.524371069064877,25.995114334656506,139.9877831739783,4.998474594133165,0.2650690414052066,1.3249408691551572,1.1005324156759018,ZONE_02,NORMAL,NONE,0
27.650000000000002,RUN_009_NORMAL,TRAIN001,0.010284871756475777,0.013787181562795032,1.0222615367944932,27.318334887755956,26.553120369195753,26.015104798198717,139.9036957178901,5.00044193888342,0.2714278591186934,1.357259250118455,1.1095349451194272,ZONE_02,NORMAL,NONE,0
27.66,RUN_009_NORMAL,TRAIN001,-0.023345171620916483,-0.057858942289804864,1.0162130213666196,27.384336724555002,26.441965942252725,25.98806278873371,140.07928415289766,5.000962065730952,0.2673993240315016,1.3372538758836383,1.0996468022848525,ZONE_02,NORMAL,NONE,0
27.67,RUN_009_NORMAL,TRAIN001,-0.010899270636077527,-0.037702058335269496,1.0726402326188975,27.363520227290138,26.493607190417297,25.98184753083175,139.70442806853958,5.015606865581704,0.2703257774518732,1.355847825331327,1.1125136121616164,ZONE_02,NORMAL,NONE,0
27.68,RUN_009_NORMAL,TRAIN001,0.006932348130015231,-0.014853915429582459,0.9470972435172484,27.371201773239292,26.511008556559414,25.977258718190416,140.14392537696048,5.000540271147865,0.26475221096694446,1.3239040928156411,1.095992237556257,ZONE_02,NORMAL,NONE,0
27.69,RUN_009_NORMAL,TRAIN001,-0.02213400652292696,-0.0018704184929691444,1.032862153420867,27.431362893293915,26.467548348999276,26.00188717430167,139.88627258848726,4.995162579564586,0.2716090901015725,1.3567315631449612,1.1156155899804217,ZONE_02,NORMAL,NONE,0
27.7,RUN_009_NORMAL,TRAIN001,-0.03969743597403261,0.026169434474750043,0.9719728627595645,27.337550126116852,26.501632366286607,25.99430579960018,140.23539054869576,5.009117521106268,0.2655006564512055,1.3299239900949495,1.1039824342941396,ZONE_02,NORMAL,NONE,0
27.71,RUN_009_NORMAL,TRAIN001,-0.026955045812926903,-0.0056756876106592346,1.0853013058741794,27.279589237643265,26.561940470107924,25.992699614754212,140.26855979876666,5.003287159681043,0.26380278396274137,1.319881081688896,1.0910462113355504,ZONE_02,NORMAL,NONE,0
27.72,RUN_009_NORMAL,TRAIN001,0.00247365772387501,-0.015503727412882596,1.034920606320067,27.27628985266806,26.539374732253652,25.996507365842714,139.70985759334195,4.995880267694705,0.2698765879575714,1.3482711204900055,1.1090483695915991,ZONE_02,NORMAL,NONE,0
27.73,RUN_009_NORMAL,TRAIN001,0.0009902982966650067,-0.019326004060432042,1.030525965451688,27.305872434279504,26.48639905732526,26.01294977791332,139.877856757379,4.9908117955585976,0.27139853720586354,1.3544990207843726,1.090557900520087,ZONE_02,NORMAL,NONE,0
27.740000000000002,RUN_009_NORMAL,TRAIN001,0.03466238930040299,-0.02153640568441647,1.0200297842637227,27.43577428387902,26.482916008641425,26.01181772082342,139.9942988684725,4.9967991989792555,0.27464402695853557,1.3723410539108476,1.0894030721103807,ZONE_02,NORMAL,NONE,0
27.75,RUN_009_NORMAL,TRAIN001,-0.055950938008779406,-0.01293994785271232,0.9631797030644846,27.38913836758978,26.551874530333272,25.985213124718225,139.6404160354268,5.006753189900773,0.26991300941424423,1.3513878208804848,1.1079635348175767,ZONE_02,NORMAL,NONE,0
27.76,RUN_009_NORMAL,TRAIN001,0.061338104473097635,0.043752415381240445,1.0056414091288204,27.396922400816287,26.487172315085182,26.000184841130686,139.88388241223348,4.996978591493725,0.2696098802184488,1.347234799506776,1.102954698918171,ZONE_02,NORMAL,NONE,0
27.77,RUN_009_NORMAL,TRAIN001,0.030601519922329103,-0.008381552429507612,1.0032337505752564,27.414487649299236,26.360862542176132,26.018553612542956,140.10598941731672,4.995359844631787,0.2700328612055654,1.3489113115973101,1.0931510999641534,ZONE_02,NORMAL,NONE,0
27.78,RUN_009_NORMAL,TRAIN001,-0.014947942080697836,0.004362168133241758,0.9899976533559447,27.37063082207599,26.590854631516006,25.984279438526368,139.92860547983267,5.00221122253359,0.2729072958242003,1.365139937883109,1.0820739002145736,ZONE_02,NORMAL,NONE,0
27.79,RUN_009_NORMAL,TRAIN001,0.030227684343994934,0.011676610853459498,0.9053080678583487,27.415857582330553,26.475253340645267,25.997471058239974,140.3851457477671,4.9939300265009985,0.2723495651194569,1.3600946709545447,1.10789084418731,ZONE_02,NORMAL,NONE,0
27.8,RUN_009_NORMAL,TRAIN001,-0.026974289801525667,0.02069032523995755,0.9232028964466927,27.274506089932597,26.464046066618494,26.01760434250297,139.84065663802983,4.98632640089787,0.2751238907316993,1.3718575198732128,1.1018227140676822,ZONE_02,NORMAL,NONE,0
27.810000000000002,RUN_009_NORMAL,TRAIN001,-0.00028193322095789814,0.006709515956103596,1.0549074069072724,27.40777804201401,26.458606608074692,26.015758628932705,140.25891596258185,4.999566797582556,0.2644246894838058,1.322008898004313,1.1064413951470542,ZONE_02,NORMAL,NONE,0
27.82,RUN_009_NORMAL,TRAIN001,-0.009737575080142611,0.008881644725538432,0.9781266399376559,27.39230114985853,26.47243889887781,26.019589342021497,140.06502953680248,4.989154095727816,0.2655716568537512,1.324977919501115,1.0861927648150205,ZONE_02,NORMAL,NONE,0
27.830000000000002,RUN_009_NORMAL,TRAIN001,-0.031621081982040056,-0.03055083457072687,1.077659253546883,27.382350264693198,26.498920532432024,25.991010576580077,139.8744820704631,4.991803327206405,0.2683402404420989,1.3395017050622362,1.1093712693941777,ZONE_02,NORMAL,NONE,0
27.84,RUN_009_NORMAL,TRAIN001,-0.007673148096774604,-0.014847499747415862,0.9664383780861618,27.31855521253322,26.446415772252376,25.98531613004256,139.9311737119169,5.01992264656368,0.2682878298569777,1.3467841528964657,1.1176629887055645,ZONE_02,NORMAL,NONE,0
27.85,RUN_009_NORMAL,TRAIN001,0.056378205558190425,-0.0305727835299282,1.0067705427674127,27.365325295011328,26.527000662590964,25.97200982630916,139.89214359029253,4.995999874363329,0.2600759141008213,1.299339234172631,1.081799582634246,ZONE_02,NORMAL,NONE,0
27.86,RUN_009_NORMAL,TRAIN001,0.042347794911800365,0.013798897813202256,1.0572482051642262,27.332154062217914,26.544745793860542,25.982005524811466,140.13839345573902,5.009974545242309,0.25912886245399835,1.2982290048321272,1.0949293926664394,ZONE_02,NORMAL,NONE,0
27.87,RUN_009_NORMAL,TRAIN001,-0.0272106121989573,-0.012231385120830949,1.0353534828641169,27.30498725264541,26.544086704840815,25.992524360271073,140.0880064332777,5.007760820961917,0.27064040794795957,1.3553024314909423,1.1122798997217813,ZONE_02,NORMAL,NONE,0
27.88,RUN_009_NORMAL,TRAIN001,-0.0038572342035638066,0.08029038547267633,1.0134816019489559,27.282471659434332,26.507638476458304,25.983763005810538,140.27139975033816,5.0076601487551615,0.28132550526075184,1.4087825215226775,1.0883676795535895,ZONE_02,NORMAL,NONE,0
27.89,RUN_009_NORMAL,TRAIN001,0.0233700737814802,-0.001024990213642845,1.0304927853479113,27.441338158754327,26.54919840696505,26.002523542547557,140.35956581256775,4.990307679909552,0.27053730628802736,1.3500643972711857,1.1058283680891672,ZONE_02,NORMAL,NONE,0
27.900000000000002,RUN_009_NORMAL,TRAIN001,0.05292944376129131,0.04518053670795443,0.9473986470983738,27.3812594545894,26.506184594422546,25.96796486236356,139.57798345088474,5.003634524570515,0.27386179702762115,1.370304342568328,1.0998908254854227,ZONE_02,NORMAL,NONE,0
27.91,RUN_009_NORMAL,TRAIN001,0.008530003806720544,0.00631634273436947,1.002127882341028,27.257539611790357,26.467715939514164,25.989258952938446,139.93114677832637,5.004513503212656,0.2609266548823685,1.3058109677069216,1.0989661429410087,ZONE_02,NORMAL,NONE,0
27.92,RUN_009_NORMAL,TRAIN001,0.00804485635759317,0.032923217657154606,1.0488484868783292,27.318612720909687,26.5596923349258,26.012109486078813,139.71081844568164,5.000178084013986,0.2745597237371642,1.372847513383503,1.095967422729379,ZONE_02,NORMAL,NONE,0
27.93,RUN_009_NORMAL,TRAIN001,0.010335308596255989,-0.0023737742653532315,1.0046864242305353,27.35208952458271,26.41888722502596,25.980016528497966,140.40457184021133,4.990721479290552,0.26708213368271033,1.332932541305053,1.1100493859001896,ZONE_02,NORMAL,NONE,0
27.94,RUN_009_NORMAL,TRAIN001,0.00881732534330511,0.005901293483384065,1.0758090776745983,27.413552093739938,26.49945964408265,25.988304768592418,140.26917641391478,5.002271742788843,0.26973784154574354,1.3493019827251274,1.0970661468413452,ZONE_02,NORMAL,NONE,0
27.95,RUN_009_NORMAL,TRAIN001,-0.01822331111285527,0.03248357764061074,1.077046504020358,27.313505440180304,26.47103411289978,25.978736798376428,140.30904711583662,5.011170512030565,0.2678896979728326,1.342440954958233,1.1023443748587158,ZONE_02,NORMAL,NONE,0
27.96,RUN_009_NORMAL,TRAIN001,-0.03621750374587596,-0.00021723907441454566,0.9888182778542601,27.402127903944912,26.505514129045856,25.963927773195763,140.0197013974256,4.988847335818963,0.26596760266251923,1.3268717659570655,1.106493674892544,ZONE_02,NORMAL,NONE,0
27.97,RUN_009_NORMAL,TRAIN001,0.03141320445313341,0.02181116526862046,1.0695858095979913,27.451615605952316,26.4884825035663,25.999923416809303,140.18304826125353,5.0003241054370156,0.2661024065674612,1.3305982780740775,1.0875034892314863,ZONE_02,NORMAL,NONE,0
27.98,RUN_009_NORMAL,TRAIN001,0.046793133832583066,0.024948882222624313,0.8665067913639077,27.348374414127584,26.622723291659995,26.067303415880925,140.08140055099025,5.013577344740495,0.2718632061871,1.3630072114081588,1.0982651055485018,ZONE_02,NORMAL,NONE,0
27.990000000000002,RUN_009_NORMAL,TRAIN001,-0.03987592994383586,-0.01653124987037653,0.9967237642522213,27.372410671584323,26.56270525154436,25.996205977203534,139.7746077351259,4.995210584285392,0.2745602273696259,1.371486153780559,1.0980998342130845,ZONE_02,NORMAL,NONE,0
28.0,RUN_009_NORMAL,TRAIN001,-0.03498275165055131,-0.04999928338647234,1.0334453006136504,27.355926269540515,26.484165739595085,26.040927063670726,139.9604159141372,4.997406234644629,0.2756815039036202,1.377692466384159,1.0972350414727066,ZONE_02,NORMAL,NONE,0
28.01,RUN_009_NORMAL,TRAIN001,0.018450419559420696,-0.015222506903632627,0.9751972369627137,27.300383024928664,26.486178829436792,26.03115450822171,139.9706780869761,4.99853988775492,0.26825686895870005,1.340892659654307,1.0958976923519799,ZONE_02,NORMAL,NONE,0
28.02,RUN_009_NORMAL,TRAIN001,-0.01996238407084365,0.08254940791884266,0.9880678712628512,27.311570804362844,26.49432946987265,25.954785023002096,140.0765870577733,5.010653956685048,0.2689092197520426,1.3474110459396615,1.0853409543865074,ZONE_02,NORMAL,NONE,0
28.03,RUN_009_NORMAL,TRAIN001,0.0008519786329746725,0.066991610595664,0.9879970591404742,27.311995417943074,26.561718299237768,25.96868527288311,139.91997406666655,5.0105252350212774,0.27122205951178796,1.3589649734782563,1.0963532798760152,ZONE_02,NORMAL,NONE,0
28.04,RUN_009_NORMAL,TRAIN001,-0.046863344130940066,0.020731777423480036,0.9583935113771722,27.356934389499063,26.555237586014126,25.97567197304294,140.08702351781886,4.996015104002713,0.26683923529219716,1.3331328498603507,1.0738673939417018,ZONE_02,NORMAL,NONE,0
28.05,RUN_009_NORMAL,TRAIN001,0.004315863779115678,-0.0006581113270265176,1.0324313549534325,27.25211454486212,26.51860975702627,26.025467786127763,140.1663064550292,4.999577317519771,0.2717677050765517,1.3587236539351304,1.0975003576826516,ZONE_02,NORMAL,NONE,0
28.060000000000002,RUN_009_NORMAL,TRAIN001,-0.049615284669053496,0.029485701272236896,1.0819816054091826,27.475126507217485,26.618652789543344,25.97627972243419,140.19480923486742,5.004604338689695,0.2683968864420245,1.343220222378561,1.1113053374746493,ZONE_02,NORMAL,NONE,0
28.07,RUN_009_NORMAL,TRAIN001,0.00033487022269656597,0.007664006954395952,0.9176554165239714,27.41093914811471,26.476337107705206,25.971499191542982,139.81319163061494,5.0078699207246355,0.2695444898000677,1.3498437427668273,1.0831537404158438,ZONE_02,NORMAL,NONE,0
28.080000000000002,RUN_009_NORMAL,TRAIN001,0.012442311077974832,-0.007345945488246273,0.9541606808918288,27.379729522537378,26.509119768062575,25.9892618185561,140.07365285713362,4.994011336342527,0.27086374045502565,1.352696590436538,1.08946606531595,ZONE_02,NORMAL,NONE,0
28.09,RUN_009_NORMAL,TRAIN001,0.05430931481779589,-0.019718024307815624,0.9636826083273564,27.423632697010554,26.508115193227262,25.97929771244905,139.85770914138402,5.008065956701641,0.2695605644357612,1.3499770860200146,1.0934400931974868,ZONE_02,NORMAL,NONE,0
28.1,RUN_009_NORMAL,TRAIN001,0.0012487433670773848,0.020793146077184677,1.0432861545851035,27.431251893765758,26.538711943378495,26.02123052999139,139.7226539565373,5.0025238626362185,0.2594706471556768,1.2980081040499356,1.1083176142353695,ZONE_02,NORMAL,NONE,0
28.11,RUN_009_NORMAL,TRAIN001,-0.008583801331923836,-0.024698785861330026,0.9625575381042684,27.372493780605943,26.56196702967907,25.987946480052763,139.71213782979223,5.010966090776277,0.27277966181768193,1.3668896356218245,1.0871465998633538,ZONE_02,NORMAL,NONE,0
28.12,RUN_009_NORMAL,TRAIN001,-0.007599328850298135,0.01614713698131326,0.9879590159394775,27.34703899480886,26.48685356342444,25.99425642559065,140.03012570128243,5.004573180355559,0.2708325409884043,1.3554012709981158,1.0798631977370259,ZONE_02,NORMAL,NONE,0
28.13,RUN_009_NORMAL,TRAIN001,-0.015237376584558664,-0.005486020258981161,1.1032483418012324,27.368851951707235,26.528811847974207,25.99456022158343,140.09397185661692,4.981447453333182,0.2727938554165423,1.3589082563496748,1.1061984566597052,ZONE_02,NORMAL,NONE,0
28.14,RUN_009_NORMAL,TRAIN001,-0.050739929647616935,-0.03215558943264087,0.9812608147322602,27.369501366691015,26.492495625461196,26.006571260609768,140.17121948375905,5.006377888144025,0.2730716225155916,1.3670997328416696,1.1098016333174805,ZONE_02,NORMAL,NONE,0
28.150000000000002,RUN_009_NORMAL,TRAIN001,-0.025782824674662908,0.011921940978871372,0.996398615898451,27.321305645755277,26.559682264757257,25.97992238480894,139.92068919500707,5.008140145821033,0.268577591479228,1.3450742181550426,1.1007586742622324,ZONE_02,NORMAL,NONE,0
28.16,RUN_009_NORMAL,TRAIN001,0.0463432884763192,-0.018008401859848554,0.9623681965019609,27.398155507108726,26.566472089400452,25.990431250666543,140.00735844857883,4.990961474162186,0.2657288128399723,1.3262422674591559,1.1076833696620223,ZONE_02,NORMAL,NONE,0
28.17,RUN_009_NORMAL,TRAIN001,-0.015884141352641275,0.04771365370821645,0.9922924180222125,27.32218574324615,26.525617177191723,25.994091220990885,140.23772096675754,4.979918099637816,0.261586414296221,1.3026789191731072,1.1100667788895264,ZONE_02,NORMAL,NONE,0
28.18,RUN_009_NORMAL,TRAIN001,-0.032005463168992,-0.0263200821571343,0.972344026297933,27.431745675796215,26.443346601428864,25.966655806134767,140.02110545913857,5.007296643346054,0.26662415754087454,1.3350662490893905,1.0955014108536176,ZONE_02,NORMAL,NONE,0
28.19,RUN_009_NORMAL,TRAIN001,-0.04339222328991201,0.03509948115783458,1.0292942412998336,27.380838970587792,26.6195333404941,25.9532217354147,139.98022635110792,5.002269592200335,0.2722861800885615,1.3620488790333953,1.1029507105740433,ZONE_02,NORMAL,NONE,0
28.2,RUN_009_NORMAL,TRAIN001,0.03584358609887211,0.04487856760285067,0.9974948777277897,27.306152612115675,26.48502990667046,26.006871275233514,140.09017102886006,4.999731795814296,0.26277344777074735,1.3137967619151527,1.102634025729233,ZONE_02,NORMAL,NONE,0
28.21,RUN_009_NORMAL,TRAIN001,0.004886861021766913,0.003951384617180488,0.9644273085328182,27.389935520830978,26.568934057717307,26.014343954809867,140.24655987436125,5.0170089930056765,0.26848547360555836,1.3469940355704744,1.1101576761055063,ZONE_02,NORMAL,NONE,0
28.22,RUN_009_NORMAL,TRAIN001,-0.02825550915767288,0.0061077743278965995,0.9420998740853044,27.35939516792393,26.491672550422408,25.99386603968614,139.9648275833325,5.006178126579893,0.26837378941822077,1.343526994332855,1.0990739784275776,ZONE_02,NORMAL,NONE,0
28.23,RUN_009_NORMAL,TRAIN001,-0.007904183890270497,-0.05413770898898741,0.9923827626107653,27.334824105797736,26.52525402519665,26.0218479741148,139.94041696221896,4.992122191347641,0.2677462684076936,1.336622088168569,1.097529194139884,ZONE_02,NORMAL,NONE,0
28.240000000000002,RUN_009_NORMAL,TRAIN001,-0.015480016528825509,0.019897478890028523,0.9698805570595479,27.394435065528267,26.488253453276485,25.98968740789343,140.0673026849914,4.988987890030343,0.264980776891173,1.321985887000894,1.1098117542883474,ZONE_02,NORMAL,NONE,0
28.25,RUN_009_NORMAL,TRAIN001,0.019666179281115092,-0.011724477805484856,0.9226836758252724,27.4473813758069,26.57437096902235,26.012530530799452,139.9525397293071,5.007396067006158,0.25805274018588054,1.29217227628694,1.1008748313380992,ZONE_02,NORMAL,NONE,0
28.26,RUN_009_NORMAL,TRAIN001,0.04288789209392481,0.013265674045586682,1.0106051841195134,27.362735990937278,26.534132729983558,25.99382348181585,139.98300210942034,4.998167912699055,0.2705045295857018,1.3520270600150068,1.1090534790767468,ZONE_02,NORMAL,NONE,0
28.27,RUN_009_NORMAL,TRAIN001,0.013900839358724193,0.026062292619615148,0.9138810043769954,27.34486463003072,26.552936210444965,26.00221664092471,139.88116132522813,5.017203691593467,0.2706211510227111,1.3577614379344194,1.0905641807137865,ZONE_02,NORMAL,NONE,0
28.28,RUN_009_NORMAL,TRAIN001,0.018262449984662362,-0.04115057951369879,0.9724868651788366,27.348595877068366,26.573315716332452,26.01516613112112,140.09104039335506,4.997092889561295,0.262515832581772,1.3118160003916364,1.1126651502038287,ZONE_02,NORMAL,NONE,0
28.29,RUN_009_NORMAL,TRAIN001,0.035624368271591045,0.011362790339220661,1.0138440834512084,27.355643863872853,26.57130268491598,25.986630445993793,139.93019378466892,5.0010066174610195,0.2662684352496494,1.3316102067044875,1.1126772654892618,ZONE_02,NORMAL,NONE,0
28.3,RUN_009_NORMAL,TRAIN001,-0.01931538553449976,0.0382205823676839,1.046597265148837,27.364212437573396,26.475413908270724,25.982586198380854,139.9147594689611,5.007427986998825,0.2736758219919443,1.3704119704073703,1.0895868544142588,ZONE_02,NORMAL,NONE,0
28.310000000000002,RUN_009_NORMAL,TRAIN001,-0.030113705380648892,0.013581951479290701,0.9142275547943389,27.402412504788074,26.55705748705434,25.99487672992967,140.33315431335575,5.002746177151367,0.27246320171600746,1.363064240799178,1.0962313849138352,ZONE_02,NORMAL,NONE,0
28.32,RUN_009_NORMAL,TRAIN001,-0.0035976966442747434,-0.0037766643004104013,0.9839932921845838,27.39919541419092,26.51214163555246,26.022584254103695,139.86303016324914,5.011447737527515,0.2641702661759668,1.3238754827495902,1.100542313285741,ZONE_02,NORMAL,NONE,0
28.330000000000002,RUN_009_NORMAL,TRAIN001,0.009964696915075046,-0.010471967736695821,0.9660448068463667,27.325347489289364,26.53276432180978,25.97365564109875,139.88885846273348,5.008453594962815,0.26445406758873174,1.3245059255173228,1.090030001978987,ZONE_02,NORMAL,NONE,0
28.34,RUN_009_NORMAL,TRAIN001,0.005906178655903968,0.03232341220629561,1.0170719135131185,27.374915345264306,26.4753495668666,25.981745468279414,139.9537954825538,4.9993788597829285,0.2760699173189311,1.3801781084662852,1.0988262833809548,ZONE_02,NORMAL,NONE,0
28.35,RUN_009_NORMAL,TRAIN001,-0.0119906820868689,0.051175645159549255,1.0089880890951533,27.35202426524983,26.586631769772087,25.997604907541525,139.78986091207733,4.995294845711818,0.2803774299912716,1.400567930889325,1.0972163276786637,ZONE_02,NORMAL,NONE,0
28.36,RUN_009_NORMAL,TRAIN001,-0.030643994660013846,0.006034198401476162,1.0108306328465066,27.387817959974605,26.588433598753436,25.996418811574003,140.06987868727478,5.009123342171085,0.26586117316188407,1.3317314082621823,1.1068287548156397,ZONE_02,NORMAL,NONE,0
28.37,RUN_009_NORMAL,TRAIN001,0.05485779655030152,-0.02372969227726164,1.0515325428039926,27.34240761727929,26.54500846118307,26.020710241786656,140.18337773597005,5.0003597376476066,0.2696239783458362,1.3482168856248893,1.0886808401163386,ZONE_02,NORMAL,NONE,0
28.38,RUN_009_NORMAL,TRAIN001,-0.010015198963531714,0.024114570362162992,1.0022260669526895,27.361396662491085,26.502064847000405,25.994437025307136,139.98670552869856,5.010316133415787,0.2634816912767943,1.3201265686638004,1.0970233776696312,ZONE_02,NORMAL,NONE,0
28.39,RUN_009_NORMAL,TRAIN001,-0.018467671417519555,-0.05194584384242232,0.9726729475536346,27.45624862907699,26.51011127017352,25.957238691786706,140.1393171690799,5.001598921055925,0.2772859220370948,1.3868729684847307,1.1156957471327196,ZONE_02,NORMAL,NONE,0
28.400000000000002,RUN_009_NORMAL,TRAIN001,0.050967276117220565,0.04332868652804211,0.9944733055501661,27.291836228426448,26.526459405334613,25.9869329032429,139.8327774417668,5.004364204765377,0.2653958017072739,1.3281372501588913,1.1046102582051116,ZONE_02,NORMAL,NONE,0
28.41,RUN_009_NORMAL,TRAIN001,-0.001000073701859959,0.03033416393640345,1.0066401707787462,27.41702596365639,26.526968993429406,25.995538933756652,140.20909850167578,4.985990980592453,0.27278187877903604,1.3600879872613374,1.104530642986229,ZONE_02,NORMAL,NONE,0
28.42,RUN_009_NORMAL,TRAIN001,0.0500476427381549,0.024466242723016157,1.00157914733486,27.395364392116786,26.556902977974623,26.01002085100514,140.1564035466721,4.995801588464109,0.26258362495323095,1.311815690646015,1.1035839224052388,ZONE_02,NORMAL,NONE,0
28.43,RUN_009_NORMAL,TRAIN001,-0.0360485026449781,0.053882797398444406,0.9597916940619372,27.388806211179666,26.579298932368996,26.009927901639248,139.71250527620575,4.99002574942612,0.2750967585257075,1.3727399086269398,1.0991676175523075,ZONE_02,NORMAL,NONE,0
28.44,RUN_009_NORMAL,TRAIN001,-0.018861556175583733,-0.026697311835502755,0.9990055431480704,27.286058221069716,26.470595531940788,25.983951961168586,140.11479014253442,5.005186144716389,0.2688811879850335,1.3458003966775727,1.1012858258930327,ZONE_02,NORMAL,NONE,0
28.45,RUN_009_NORMAL,TRAIN001,0.005742202405955746,-0.013993708610383647,1.0150006287055429,27.324016089158036,26.51206319774396,25.997600355020154,140.1179204366874,5.005284259340848,0.2741018483584721,1.3719576670448925,1.0909603140207844,ZONE_02,NORMAL,NONE,0
28.46,RUN_009_NORMAL,TRAIN001,0.032696577369866954,0.03625279153543878,0.9781368719913925,27.330195768692224,26.5758863702427,26.00282764640956,139.857695549089,4.988981433972498,0.2643302492355641,1.3187387058735522,1.0821451986256547,ZONE_02,NORMAL,NONE,0
28.47,RUN_009_NORMAL,TRAIN001,0.002623514172065849,0.05228884355111179,1.0649555762523435,27.48313382047438,26.45546848621083,26.00756459237321,140.18576486744294,5.0059109789764715,0.26303177361091556,1.316713643338536,1.096180257696689,ZONE_02,NORMAL,NONE,0
28.48,RUN_009_NORMAL,TRAIN001,0.025661150157384575,0.03833771727372582,0.9992745723004115,27.425950171778254,26.54137413003645,26.014427508466273,140.34869591015797,5.010868019838071,0.27040182928824436,1.354947878886177,1.0958999413293529,ZONE_02,NORMAL,NONE,0
28.490000000000002,RUN_009_NORMAL,TRAIN001,-0.00246467453202063,-0.009723791629688266,1.0435414826078024,27.364775016144023,26.491256018710843,26.020731635128147,140.14582840845435,5.0077107117249895,0.27173980797932823,1.3607943472201738,1.0914870582536451,ZONE_02,NORMAL,NONE,0
28.5,RUN_009_NORMAL,TRAIN001,-0.033824670357542316,-0.01855703014949901,1.0548174772402181,27.36153729232311,26.42859602708767,25.993313243972196,139.7184174505246,4.9968319897234785,0.2677840619732155,1.3380719672058579,1.086679471162556,ZONE_02,NORMAL,NONE,0
28.51,RUN_009_NORMAL,TRAIN001,-0.024580674984093356,-0.021912432565887284,1.0377559700339511,27.507725644045586,26.580937534211042,25.994516882962913,139.94714423878514,4.997470281689682,0.2636418416985214,1.3175422688982963,1.0902593656843482,ZONE_02,NORMAL,NONE,0
28.52,RUN_009_NORMAL,TRAIN001,0.005478090099968962,-0.04537534777270101,1.0484050113899772,27.323674051573338,26.53685594911332,26.023644126051185,140.2544164311788,4.99891693473773,0.2737302668112815,1.3683548663131924,1.0904287180293992,ZONE_02,NORMAL,NONE,0
28.53,RUN_009_NORMAL,TRAIN001,-0.020144360038279175,0.005135185791390508,0.9584135060947118,27.341849545341326,26.570170906504103,25.982744282240006,139.83000130903966,5.0013728628210545,0.260511476351192,1.3029150282763005,1.1018233804006763,ZONE_02,NORMAL,NONE,0
28.54,RUN_009_NORMAL,TRAIN001,-0.009158867924546064,0.004358984801204964,0.9973948567871416,27.441839156287585,26.545663522979503,26.00273519235563,139.82268833932005,5.001645350099231,0.2682967786912512,1.341925335587699,1.0960978207953833,ZONE_02,NORMAL,NONE,0
28.55,RUN_009_NORMAL,TRAIN001,-0.031677934125600236,0.00577866750838816,0.9956693682022041,27.44930797172938,26.48811547680995,25.981233934268836,140.23094605358793,4.991969862805135,0.2688764813969167,1.3422232919504937,1.1067428401539199,ZONE_02,NORMAL,NONE,0
28.560000000000002,RUN_009_NORMAL,TRAIN001,0.0019049249147386515,0.016330624834407816,1.0366849044045139,27.31961868192786,26.573173592999424,26.029157207354594,140.16726368725537,5.0122333227314195,0.2668300941080181,1.337414689195769,1.1141648926866854,ZONE_02,NORMAL,NONE,0
28.57,RUN_009_NORMAL,TRAIN001,0.02723874702067714,-0.004932720543275348,1.0697999921141876,27.479433231352,26.614915307773217,25.97520074633394,140.21963798116084,4.973182642273271,0.2726146551508683,1.3557624710256118,1.1078989121559208,ZONE_02,NORMAL,NONE,0
28.580000000000002,RUN_009_NORMAL,TRAIN001,-0.019935988683642856,-0.026346351384980808,0.9840245247898584,27.418206625804558,26.474731995635473,26.022471779249834,140.1298199717865,5.0162981785392144,0.25747768348457645,1.2915848346781773,1.080980953339794,ZONE_02,NORMAL,NONE,0
28.59,RUN_009_NORMAL,TRAIN001,0.01273085607436846,0.016427306501163457,0.9927957247227909,27.322289661377013,26.574349364973777,25.973001544818448,140.03029165205092,5.002738710106567,0.27108563564359855,1.3561706031880751,1.0951965510435784,ZONE_02,NORMAL,NONE,0
28.6,RUN_009_NORMAL,TRAIN001,-0.0019270100328148535,-0.019130560321129784,0.9020626738114398,27.482039975885165,26.593398506917723,26.009194971015443,140.31258531093133,4.991461681000942,0.2737326576093297,1.36632607129552,1.1008538499223388,ZONE_02,NORMAL,NONE,0
28.61,RUN_009_NORMAL,TRAIN001,-0.005232755739176511,0.013362035293027591,1.1147298496565259,27.39135625281564,26.455846380317297,26.010509391159726,139.6558897108362,5.014184647225677,0.27016108119850185,1.3546375456234174,1.115998853041953,ZONE_02,NORMAL,NONE,0
28.62,RUN_009_NORMAL,TRAIN001,-0.023921852197724424,0.017515649139638285,0.9895443163247702,27.469999745094782,26.569426178250257,25.974213907643932,139.99689036144727,4.983556240244957,0.2702399141329223,1.3467558104403865,1.101280128986745,ZONE_02,NORMAL,NONE,0
28.63,RUN_009_NORMAL,TRAIN001,0.05401428947538398,0.07864897690801385,0.9609868674129421,27.485737764877644,26.443712169562342,25.9587448493829,139.62565048310225,4.995382104511971,0.273862504773415,1.3680478554419415,1.0984450995533313,ZONE_02,NORMAL,NONE,0
28.64,RUN_009_NORMAL,TRAIN001,-0.02211894940420914,0.005022023367081361,1.0651807911871056,27.40246919540868,26.56226487357712,25.972204539048107,140.12511097936857,5.010043923317175,0.26397187442230574,1.3225106853761173,1.0988543396634074,ZONE_02,NORMAL,NONE,0
28.650000000000002,RUN_009_NORMAL,TRAIN001,-0.004891876260677702,-0.0023555708092234118,0.9444152899956808,27.340416960445168,26.554296249038977,25.9989685833851,139.93940693617304,4.99240948017125,0.2788222218282097,1.3919947035375653,1.0932802629801979,ZONE_02,NORMAL,NONE,0
28.66,RUN_009_NORMAL,TRAIN001,0.0021178117659912984,0.014230357546364777,0.9848716267877455,27.43319271495219,26.524040041251215,25.96803048977691,140.03558736333952,5.017688602747817,0.26993455344143613,1.3544475322909155,1.0996590873365735,ZONE_02,NORMAL,NONE,0
28.67,RUN_009_NORMAL,TRAIN001,-0.04222159891428378,0.027604171464608026,0.9948807331408461,27.428916770729913,26.56161353780832,26.005833782810548,139.93081580857793,4.993789225846628,0.26510334774361266,1.3238702416979249,1.1166882058270213,ZONE_02,NORMAL,NONE,0
28.68,RUN_009_NORMAL,TRAIN001,-0.010341043814347927,0.027400062282762996,1.0024726778442041,27.393373322185862,26.564687925135495,26.00290247446466,140.0767714738506,5.007866958105041,0.267503041348132,1.339619641959917,1.107704245936386,ZONE_02,NORMAL,NONE,0
28.69,RUN_009_NORMAL,TRAIN001,0.04470512459231963,-0.02582169051166989,1.0061036319935426,27.403921996426174,26.511086796313684,25.985079726194122,139.7881974428239,5.002964012492375,0.2639123638479545,1.3203440587831101,1.0967648211772152,ZONE_02,NORMAL,NONE,0
28.7,RUN_009_NORMAL,TRAIN001,0.03453151867615894,-0.011492421016742275,1.0082378164306605,27.352510151291746,26.549668061780327,26.028400120009184,140.07027294244114,5.0076527430311,0.2730847268731652,1.3675134816063046,1.093153856286702,ZONE_02,NORMAL,NONE,0
28.71,RUN_009_NORMAL,TRAIN001,0.05459004462645372,0.031166831658588818,0.9914107925465593,27.449118908107174,26.548266991055478,25.997425275219396,139.83640221832843,4.988914806261623,0.2743364547234946,1.3686412008673636,1.0942829807908903,ZONE_02,NORMAL,NONE,0
28.72,RUN_009_NORMAL,TRAIN001,0.007311737696256449,0.0295109678298892,0.9170999666948799,27.42257363883559,26.58250299870592,25.988297363967504,140.21864157086162,5.00488964988303,0.2664946420442106,1.3337762757163527,1.0853033369374625,ZONE_02,NORMAL,NONE,0
28.73,RUN_009_NORMAL,TRAIN001,0.038589400134236854,0.023879701099740514,0.9617153933020355,27.381280156393927,26.452922512545957,26.049700398057947,140.09732438988135,4.9906941377716905,0.2681494705137765,1.3382519905396872,1.1178320666779535,ZONE_02,NORMAL,NONE,0
28.740000000000002,RUN_009_NORMAL,TRAIN001,0.050132124565268374,-0.0665196053212167,1.1066910453182766,27.344724462863994,26.492573622725253,25.999381437839926,140.08262998216244,4.988267555284197,0.2671114195100909,1.3324232275880925,1.1157227589544774,ZONE_02,NORMAL,NONE,0
28.75,RUN_009_NORMAL,TRAIN001,0.028669144923318207,0.0359561582500357,0.9474857847649873,27.327165917677995,26.557729636375495,25.985235769283843,140.17940498690942,5.001233501900337,0.26505145338633473,1.3255842084031129,1.1005345632699322,ZONE_02,NORMAL,NONE,0
28.76,RUN_009_NORMAL,TRAIN001,-0.025594571459155994,-0.06451612838278104,0.9500817446291785,27.432435261765548,26.518775047756883,26.022428856423364,139.90182489687373,4.998737033102993,0.2741618178673151,1.3704628320361858,1.1037725877686864,ZONE_02,NORMAL,NONE,0
28.77,RUN_009_NORMAL,TRAIN001,0.03038210821283054,0.011932552399458646,0.9776924957010167,27.341780985207325,26.562468847013506,26.019663272662275,140.17455466074125,5.002137726019316,0.27554972867777294,1.3783376932134748,1.110863829963851,ZONE_02,NORMAL,NONE,0
28.78,RUN_009_NORMAL,TRAIN001,0.0565844794306041,-0.007168907875202019,0.9545310124666107,27.437853442246844,26.494958979728036,26.01299553692201,139.99574986027375,5.012382940981648,0.2762449023502039,1.384645236073303,1.1127168008630968,ZONE_02,NORMAL,NONE,0
28.79,RUN_009_NORMAL,TRAIN001,0.014483197313414459,0.02918002662396529,1.0333724290342783,27.42643545964857,26.561995832258507,25.99630884873929,139.98042911249092,4.987520104885488,0.2567018635205477,1.2803057052703022,1.105143123947064,ZONE_02,NORMAL,NONE,0
28.8,RUN_009_NORMAL,TRAIN001,-0.002427467527130822,0.007559086371576876,0.9966207933255451,27.36115391825638,26.565982754186994,25.989010220244342,140.1825035630825,5.011725503710162,0.27133871164508444,1.3598751412955272,1.1029345536699149,ZONE_02,NORMAL,NONE,0
28.810000000000002,RUN_009_NORMAL,TRAIN001,-0.06144250984422188,-0.02053948530807186,0.9646738221092239,27.444433921122506,26.507976223611912,26.03920468221408,140.25285072575872,5.005227960455415,0.26651415738595274,1.3339641124053858,1.1065087212755877,ZONE_02,NORMAL,NONE,0
28.82,RUN_009_NORMAL,TRAIN001,-0.003617337386991225,0.02166915893574639,0.9862635124296746,27.406776008203675,26.637444370176734,25.99988387614491,140.24424228183932,4.9796994841381315,0.27499121688251005,1.3693736208523524,1.1010540091628522,ZONE_02,NORMAL,NONE,0
28.830000000000002,RUN_009_NORMAL,TRAIN001,-0.05029149899808046,-0.047574227912970966,1.0030108197373642,27.475685669838608,26.45989311248177,26.040561084812147,139.99850268939366,4.9869372578228,0.2706777657029155,1.3498530346480997,1.0855625815212253,ZONE_02,NORMAL,NONE,0
28.84,RUN_009_NORMAL,TRAIN001,0.02278530384795158,0.010917256976832873,1.0086200425749285,27.470049805996013,26.557593485515728,26.013634198107624,139.93459196615623,4.991196352906554,0.2714941736009017,1.3550807291121996,1.1039961792679138,ZONE_02,NORMAL,NONE,0
28.85,RUN_009_NORMAL,TRAIN001,0.034296929285763784,-0.022827688421616255,1.0050290752105364,27.416060404111967,26.538062136819317,25.986933030742858,139.95291373304454,4.985087687344339,0.26660692281751686,1.3290588882983658,1.082109918608408,ZONE_02,NORMAL,NONE,0
28.86,RUN_009_NORMAL,TRAIN001,-0.010186230090318054,0.027478877279484587,1.0088876805575837,27.355397282603597,26.51709459178797,25.996571966569377,139.84354446351645,4.990781810370257,0.26732010637612014,1.3341363244481825,1.1100092381207758,ZONE_02,NORMAL,NONE,0
28.87,RUN_009_NORMAL,TRAIN001,0.061238361975358084,0.009399345903469615,0.9737942116437884,27.350934938994826,26.536775830474927,26.003406311678532,139.98531365607042,4.9893911251995435,0.26941131658693757,1.344198432007191,1.1130441207415447,ZONE_02,NORMAL,NONE,0
28.88,RUN_009_NORMAL,TRAIN001,0.035715636646579896,0.023118238317204557,1.0344419602495174,27.379812348659694,26.522088288053066,25.965456244665358,139.6325112013195,4.995875486193882,0.2621261418497934,1.309549566357963,1.1059542053754443,ZONE_02,NORMAL,NONE,0
28.89,RUN_009_NORMAL,TRAIN001,0.004962725739188109,-0.018252228641224014,1.0199928216488994,27.349254100140676,26.566911289782468,26.02040858263986,139.73432274927512,5.005696448768264,0.27294928392861967,1.366301261255332,1.0994480884976414,ZONE_02,NORMAL,NONE,0
28.900000000000002,RUN_009_NORMAL,TRAIN001,-0.012502822196092491,0.024372414840769005,1.0238193968170304,27.408737993187497,26.52918647436127,25.981932929097084,140.07793845577436,5.004908101882996,0.26330146276298444,1.3177996242201047,1.1069345680148246,ZONE_02,NORMAL,NONE,0
28.91,RUN_009_NORMAL,TRAIN001,0.01344513865403924,-0.008452652475585463,1.0390227389732314,27.436191802539078,26.653392338605887,26.02318970178418,140.08049997611923,4.981750813967464,0.26988645000961864,1.344507042014207,1.0949944064452668,ZONE_02,NORMAL,NONE,0
28.92,RUN_009_NORMAL,TRAIN001,-0.019708562704598465,-0.036114717493960606,0.9985831037177008,27.454400644418424,26.567426171285323,26.002156606855262,140.24178747031667,5.001917577510697,0.2709137800151769,1.3550883982477795,1.105015918071437,ZONE_02,NORMAL,NONE,0
28.93,RUN_009_NORMAL,TRAIN001,0.021405110544771316,0.026806188304267915,1.0375628067500846,27.39838971418793,26.509041187707282,25.991273333995295,139.66954990071386,5.012268457495991,0.262617622428489,1.3163100252809072,1.0853877991498426,ZONE_02,NORMAL,NONE,0
28.94,RUN_009_NORMAL,TRAIN001,0.09289392633036396,-0.0017677941586897521,1.0648263638332836,27.396661385284737,26.52275813874045,26.021425519185176,139.7935990869455,5.001807348822211,0.2735172856027761,1.368080769157869,1.0942791723147482,ZONE_02,NORMAL,NONE,0
28.95,RUN_009_NORMAL,TRAIN001,-0.034331857797420054,-0.032624180386767,1.0055465114085584,27.395799262950245,26.550505341203852,26.002712997336417,139.74957308499646,5.0165558568616975,0.27547933976906724,1.381957495362908,1.1167801888458866,ZONE_02,NORMAL,NONE,0
28.96,RUN_009_NORMAL,TRAIN001,-0.023461324914068302,0.030887796684118844,0.9518214314400539,27.410062153241853,26.52175323528601,25.995276983692957,139.61648963809375,5.001244150044037,0.26825487934594033,1.3416081460496532,1.0987279266454026,ZONE_02,NORMAL,NONE,0
28.97,RUN_009_NORMAL,TRAIN001,-0.013143669669925893,-0.04115381947137807,0.9136967525612381,27.435004277891515,26.472582990130128,26.012363078315058,140.07127883926694,5.012298586062572,0.27323016996593946,1.3695111945899145,1.117673594545303,ZONE_02,NORMAL,NONE,0
28.98,RUN_009_NORMAL,TRAIN001,0.008371612871441649,0.04881462347042803,1.025653745103183,27.472782859566284,26.53244939518318,26.00488743350512,140.18042600082455,4.997842943189856,0.26627759968625464,1.3308136225214813,1.1037200684962112,ZONE_02,NORMAL,NONE,0
28.990000000000002,RUN_009_NORMAL,TRAIN001,-0.027745646543632912,-0.06457048615570593,0.9631753144303349,27.412234753827537,26.553384125863346,25.974193314481724,139.92685812110417,5.009786532962426,0.26683400371680643,1.3367813983569028,1.1148334119239947,ZONE_02,NORMAL,NONE,0
29.0,RUN_009_NORMAL,TRAIN001,-0.04546766917520357,-0.008315163293605543,0.9700421364571193,27.422857316087484,26.644906471984513,26.010292611856197,140.21315671526776,4.995953611042199,0.2591762126728178,1.2948323355990052,1.1225742665330076,ZONE_02,NORMAL,NONE,0
29.01,RUN_009_NORMAL,TRAIN001,0.06323073814761838,0.005894552963766982,1.0190781580428288,27.42851039699372,26.503295636802246,26.004088771311906,140.2222268334838,5.007956982361353,0.27296638223667563,1.3670038998720777,1.1028224438655805,ZONE_02,NORMAL,NONE,0
29.02,RUN_009_NORMAL,TRAIN001,-0.01954020358458204,0.032338130058478354,0.9611246892394544,27.383246032698644,26.5185568715811,25.992099703147716,140.0810505653791,4.989592009992516,0.26991183357212956,1.3467499281939275,1.1020057744552534,ZONE_02,NORMAL,NONE,0
29.03,RUN_009_NORMAL,TRAIN001,0.04345740221607754,-0.017731335899565086,1.0698317239744601,27.399115559920077,26.641603347344212,26.028690943736713,139.91436077626906,4.99331579407798,0.273940349452938,1.3678706735585964,1.0930889124324796,ZONE_02,NORMAL,NONE,0
29.04,RUN_009_NORMAL,TRAIN001,0.00647249822399772,0.009677537412217241,1.0667632564234362,27.345601625683496,26.472544008410875,26.014199619602056,140.0545032117074,4.989722092103507,0.26666031354431907,1.3305608575793368,1.1041170096308328,ZONE_02,NORMAL,NONE,0
29.05,RUN_009_NORMAL,TRAIN001,0.031370833976057826,0.007479725518162642,0.9800711522689662,27.496624157172267,26.56021663628555,25.983644525282784,139.87412262467296,5.015333823867161,0.26854026160896416,1.346819057117574,1.1091838255908395,ZONE_02,NORMAL,NONE,0
29.060000000000002,RUN_009_NORMAL,TRAIN001,-0.013272243256199622,0.016989532967988684,1.0085136526627143,27.3496041983407,26.587294237906534,26.029854282418277,139.78103648989259,4.980306894369132,0.2609861584476562,1.299791164251777,1.0941757940259913,ZONE_02,NORMAL,NONE,0
29.07,RUN_009_NORMAL,TRAIN001,-0.022452888388948128,-0.018964288438162957,0.9669885497802233,27.430837938702812,26.53862453316076,26.015180616197732,139.9986181762077,5.003901464732506,0.2749917325241891,1.3760315331671193,1.1133601392220436,ZONE_02,NORMAL,NONE,0
29.080000000000002,RUN_009_NORMAL,TRAIN001,-0.03258318729852556,0.07997118477633564,1.0578680403036715,27.40498869871973,26.52625934130368,26.01229836677429,139.99326405180852,4.994368549397905,0.27249391704853065,1.360935049209423,1.0848635230655235,ZONE_02,NORMAL,NONE,0
29.09,RUN_009_NORMAL,TRAIN001,-0.022739182209528638,0.02553517165007565,1.021818505433058,27.392618802533967,26.538617295957184,26.02585627050296,140.04710944082998,4.987874468765864,0.2756259588455705,1.374787683054932,1.086556280411108,ZONE_02,NORMAL,NONE,0
29.1,RUN_009_NORMAL,TRAIN001,0.012720119190571604,-0.0005460782355686391,1.0091599091660146,27.389313521741293,26.48405771010119,26.042039616860112,139.9616771704724,4.988373915289318,0.26393083529232847,1.3165856942127727,1.1049978808158578,ZONE_02,NORMAL,NONE,0
29.11,RUN_009_NORMAL,TRAIN001,-0.016018565265919923,-0.11787089507622762,0.994526679324195,27.360467392227772,26.524189503431867,25.981238879413553,139.9100673910371,5.011565337583894,0.2540072691940652,1.2729740257873183,1.1100943132756207,ZONE_02,NORMAL,NONE,0
29.12,RUN_009_NORMAL,TRAIN001,-0.008792109733622468,0.03850835905273731,0.9988092200288553,27.455005764975038,26.47302809979066,26.01560447542507,139.746120715065,5.004820598210172,0.25721541710610407,1.2873170177098505,1.1090222590003622,ZONE_02,NORMAL,NONE,0
29.13,RUN_009_NORMAL,TRAIN001,-0.012954073962262558,0.0023141695976783144,1.0635896306924162,27.392814941266717,26.574565673653346,25.9815020536241,139.95561377878053,5.000035140448811,0.2684286495501981,1.3421526804542094,1.0940033998653673,ZONE_02,NORMAL,NONE,0
29.14,RUN_009_NORMAL,TRAIN001,0.024844508427262404,-0.025806977135689985,1.0464593223407828,27.4691977882001,26.51288642382586,25.990147716284334,140.19744102763474,4.996962592123147,0.2699761477639448,1.3490607111419433,1.108381697155199,ZONE_02,NORMAL,NONE,0
29.150000000000002,RUN_009_NORMAL,TRAIN001,-0.006386466108549426,0.021202602395157616,1.0005587958355613,27.403034162878107,26.567341093018626,25.994939449803184,140.02920672785422,4.989450383609806,0.27602426486467213,1.377209374214653,1.107520393722777,ZONE_02,NORMAL,NONE,0
29.16,RUN_009_NORMAL,TRAIN001,0.005073892716490403,-0.030345329909036132,0.9424384661532231,27.4765278684755,26.57747155460679,25.979622513060978,139.90202279892483,5.004701470639977,0.27107729252861296,1.3566609245750525,1.0928742336167283,ZONE_02,NORMAL,NONE,0
29.17,RUN_009_NORMAL,TRAIN001,-0.03579169957544994,-0.021709420993191567,0.9900034198678577,27.42344451226291,26.59667718988238,25.989496410028767,140.03169722156912,5.014308081672774,0.26575510291277243,1.3325779602812946,1.1034039875733728,ZONE_02,NORMAL,NONE,0
29.18,RUN_009_NORMAL,TRAIN001,0.026571368433034287,-0.04442085117240591,1.0389187190174811,27.410692672469075,26.59739143285878,25.99370617288956,140.06807324287638,4.994510487876388,0.2691059188618677,1.3440523341052104,1.1080814826937315,ZONE_02,NORMAL,NONE,0
29.19,RUN_009_NORMAL,TRAIN001,-0.029714833625379935,-0.0024567318791916997,0.9572760997493315,27.435132624466476,26.506562644009474,25.986686389267767,139.8466988772562,4.999248492755845,0.27781607741646075,1.3888716062875825,1.0846580309157086,ZONE_02,NORMAL,NONE,0
29.2,RUN_009_NORMAL,TRAIN001,0.04248417846654958,-0.04676540754468659,0.9303185167361058,27.43954457325701,26.54213456491467,25.991303943867415,139.9978776344575,5.011249156741492,0.26563458600227224,1.3311610951052621,1.0959222700059095,ZONE_02,NORMAL,NONE,0
29.21,RUN_009_NORMAL,TRAIN001,-0.037739790357161095,-0.010173521126530811,0.9939883956682624,27.37338512676165,26.575740617625396,26.057845901016496,140.05183873125384,4.997732651769349,0.2675096128353045,1.3369415267291782,1.0934753198713036,ZONE_02,NORMAL,NONE,0
29.22,RUN_009_NORMAL,TRAIN001,-0.001692444108919914,-0.04247531491341657,1.0058482261877226,27.426228846313577,26.56100384665422,26.009903689785773,140.1924884650268,5.005670833959369,0.2717582573205672,1.3603323825571885,1.0949785232519054,ZONE_02,NORMAL,NONE,0
29.23,RUN_009_NORMAL,TRAIN001,0.03785343930813971,-0.02887038211444984,0.9952873647706839,27.384744588315186,26.637816365234258,25.946451624934653,139.83519901778402,5.0073021421588395,0.26681943919870776,1.3360455494693095,1.1056596308423559,ZONE_02,NORMAL,NONE,0
29.240000000000002,RUN_009_NORMAL,TRAIN001,-0.02271140578096041,0.01907721042916089,0.9649351433908698,27.416572391400987,26.576336682727945,25.966126982033888,139.72809784160825,4.999902528437762,0.2689401366488862,1.3446744692291632,1.0903685593577923,ZONE_02,NORMAL,NONE,0
29.25,RUN_009_NORMAL,TRAIN001,0.04665772204416937,0.007583965962596232,0.9606479077461696,27.374365139356758,26.539411462524598,26.014136617031898,140.18319774496484,4.989653835695793,0.264263862806971,1.3185851966905897,1.1018648117899719,ZONE_02,NORMAL,NONE,0
29.26,RUN_009_NORMAL,TRAIN001,-0.007503540667669953,0.01894319098377486,1.0401312145836792,27.47560169194176,26.52911413777829,25.99995587471696,139.74471871078768,5.004932454013339,0.2680351436150863,1.3414977890952715,1.1086457144670718,ZONE_02,NORMAL,NONE,0
29.27,RUN_009_NORMAL,TRAIN001,0.015777360379330915,-0.026687860183771804,0.9719606935134699,27.339753604710815,26.40930645111272,25.99914496717966,139.74214136408182,4.9935340557867685,0.2702516550302784,1.3495108430264329,1.0977171363571476,ZONE_02,NORMAL,NONE,0
29.28,RUN_009_NORMAL,TRAIN001,-0.012801788820539057,0.006481024897582971,0.9745984264921991,27.450060650936262,26.554019389716878,26.00187035915458,140.24522476429354,4.99557269593807,0.26751932974414244,1.3364122593054912,1.0899425071406847,ZONE_02,NORMAL,NONE,0
29.29,RUN_009_NORMAL,TRAIN001,-0.025455024595445064,-0.005032620469559754,1.0623312407687164,27.468233262410504,26.57027007620078,26.00134821199346,139.80189727040874,4.995258924981088,0.26539472700382555,1.325715378708779,1.0907312029336498,ZONE_02,NORMAL,NONE,0
29.3,RUN_009_NORMAL,TRAIN001,-0.002409848906200332,-0.04159409015734766,0.9514387720569957,27.44594696193688,26.468736855580588,26.065135810751844,140.07099694014377,4.994866422430781,0.27081221472904715,1.3526708381342323,1.0949230450516063,ZONE_02,NORMAL,NONE,0
29.310000000000002,RUN_009_NORMAL,TRAIN001,0.021817717285411563,0.024895205661662687,0.9765527250340675,27.439153549087223,26.620103444345062,26.009494096044808,139.88000861159,4.991612741642471,0.27091954802966095,1.352325467904875,1.0809860893169227,ZONE_02,NORMAL,NONE,0
29.32,RUN_009_NORMAL,TRAIN001,-0.0508296098340252,0.004203923654471072,0.9796888388469919,27.437077871527407,26.516812451206405,26.018892176057026,139.93692198768912,5.012843484736351,0.26919761820697014,1.349445526535354,1.0915630654296495,ZONE_02,NORMAL,NONE,0
29.330000000000002,RUN_009_NORMAL,TRAIN001,0.006890540334474275,0.03232761384008775,1.0880746614947057,27.355340362043613,26.536719820320805,25.980312144798237,140.12454341577865,5.0119365424350155,0.2694311703456319,1.350371928326306,1.095487624193272,ZONE_02,NORMAL,NONE,0
29.34,RUN_009_NORMAL,TRAIN001,0.012653592106449205,-0.0007639630115592563,0.9918789192591346,27.39604239324831,26.582130211794496,25.995259794872805,139.8883590182079,4.985333383289051,0.27604451426843246,1.3761739322562272,1.0983819309295395,ZONE_02,NORMAL,NONE,0
29.35,RUN_009_NORMAL,TRAIN001,-0.05801929736575623,-0.012735260956157103,1.0837021774002853,27.36829992469583,26.51248160790418,25.993394974979253,139.9613379823528,5.002172311864746,0.27885887344669374,1.3949001356728468,1.076301302793718,ZONE_02,NORMAL,NONE,0
29.36,RUN_009_NORMAL,TRAIN001,-0.0016228534912411836,-0.010383447846032056,1.030312734550048,27.446187022424755,26.568362284845726,25.99471088186371,140.1258731989264,5.012450525315886,0.2739333601391057,1.373077414930806,1.0900464448575224,ZONE_02,NORMAL,NONE,0
29.37,RUN_009_NORMAL,TRAIN001,0.017716760943130173,0.017139049716182114,0.9832998222569064,27.45856329858588,26.55925445461304,26.04820097245358,139.8587479337772,4.994318461433913,0.2684473999809888,1.3407118056489864,1.1064351122459972,ZONE_02,NORMAL,NONE,0
29.38,RUN_009_NORMAL,TRAIN001,-0.00604243815406899,-0.023163850860617438,0.976556767560114,27.39294258665648,26.53913338257499,25.988416135707407,139.69050915746882,5.012117813556579,0.27153245071604776,1.360952633192577,1.1051082492394508,ZONE_02,NORMAL,NONE,0
29.39,RUN_009_NORMAL,TRAIN001,0.008862039845207557,-0.021366819715975014,1.0220914803934702,27.439037488257508,26.481180013660584,26.000096607150045,139.70030194081005,5.0006701875227515,0.26769037370085985,1.3386312712527142,1.0919096243638222,ZONE_02,NORMAL,NONE,0
29.400000000000002,RUN_009_NORMAL,TRAIN001,0.02610108712888232,-0.01719181490910694,1.0737613717781156,27.369917109003563,26.542032875915627,26.019164348856364,140.1551941505709,5.026127757440056,0.2643415522663148,1.3286144132905162,1.0884668057252471,ZONE_02,NORMAL,NONE,0
29.41,RUN_009_NORMAL,TRAIN001,0.043124358605319234,-0.09868426761389736,1.032989324342281,27.49065574997108,26.584983989820596,26.03692194065724,140.0517850146255,5.00325650438955,0.265017011882022,1.3259480884726091,1.1036543138916783,ZONE_02,NORMAL,NONE,0
29.42,RUN_009_NORMAL,TRAIN001,-0.013060487067810883,-0.0007201906828195355,1.0108772910146524,27.404450741510995,26.55871222748585,25.994082308559037,139.7802954698311,4.998454381737617,0.2635427435316113,1.3173063811807355,1.1030848159930489,ZONE_02,NORMAL,NONE,0
29.43,RUN_009_NORMAL,TRAIN001,0.01413288610166961,0.04016091698158969,1.0705545721421965,27.39301044080466,26.607615877789556,25.98849482530811,139.82373238524474,5.002896759138211,0.27218003839887256,1.3616886320078332,1.0990857141733794,ZONE_02,NORMAL,NONE,0
29.44,RUN_009_NORMAL,TRAIN001,0.040104730981871284,0.021236836076174274,0.9853283592873237,27.46374000384721,26.540144849595052,25.986538449053203,140.0951674140234,5.0040535523859555,0.2790236418547666,1.3962492462230114,1.0901074795976364,ZONE_02,NORMAL,NONE,0
29.45,RUN_009_NORMAL,TRAIN001,0.01837300484748259,0.03262559812429472,0.9745055475286339,27.426890638703426,26.485714452933006,25.946717643514326,139.99869061948053,5.00292985128795,0.27027570672162093,1.3521704012355447,1.0972242502292349,ZONE_02,NORMAL,NONE,0
29.46,RUN_009_NORMAL,TRAIN001,-0.02786040027998884,-0.002992963347380366,0.966501034495143,27.3756411909161,26.503223750060958,25.98703609460781,139.92066359846106,5.001666234779677,0.2658776058853193,1.3298310439406598,1.0897998578853134,ZONE_02,NORMAL,NONE,0
29.47,RUN_009_NORMAL,TRAIN001,0.006955952919150051,0.008362881086196304,1.0516398924709938,27.495147409514654,26.509421395980013,25.99615384688187,140.1838642473565,5.0014838151068615,0.2591633528345219,1.2962013146706903,1.098146706299524,ZONE_02,NORMAL,NONE,0
29.48,RUN_009_NORMAL,TRAIN001,-0.021333089268667036,0.030935846426355534,1.056627809419955,27.35390102294535,26.48659517443954,26.018934302174877,140.00623386937644,5.011859092843483,0.2696795316958553,1.3515958130836447,1.1052868921524148,ZONE_02,NORMAL,NONE,0
29.490000000000002,RUN_009_NORMAL,TRAIN001,-0.020123482346104414,-0.014684684476868314,1.0606146096641036,27.336794091419698,26.543258882112802,26.035769819656668,139.8938936204221,5.012889089959792,0.2726480288174503,1.3667543290580397,1.1047086826190418,ZONE_02,NORMAL,NONE,0
29.5,RUN_009_NORMAL,TRAIN001,0.021851639783582684,0.06315748243825824,1.0162481274162145,27.431872254411264,26.47545048920048,26.030766349750035,139.9141869016619,5.0058042321033,0.26380904123853194,1.3205764150989572,1.0801536670032854,ZONE_02,NORMAL,NONE,0
29.51,RUN_009_NORMAL,TRAIN001,-0.04410656119336124,-0.02222767983782819,1.0046415374489175,27.40519492780676,26.544820999396205,26.009496943072996,140.02025487114074,4.992514148248112,0.2610287802407624,1.3031898784519538,1.1073948680877121,ZONE_02,NORMAL,NONE,0
29.52,RUN_009_NORMAL,TRAIN001,-0.003161185590521776,0.00016414844246911948,1.0667902222973424,27.330404821268697,26.52410483120722,25.956385204618265,139.99673987559663,4.996552761319164,0.25375876832567396,1.267919074586596,1.1072364690792718,ZONE_02,NORMAL,NONE,0
29.53,RUN_009_NORMAL,TRAIN001,-0.01834061851942851,-0.036495320352135215,1.0687742745198223,27.502727613224675,26.571860299316803,26.012918636975332,140.18459832504547,5.0175395300573165,0.2690799119549674,1.3501190949783912,1.0986220974575913,ZONE_02,NORMAL,NONE,0
29.54,RUN_009_NORMAL,TRAIN001,-0.017404663435074637,-0.048563392315087966,0.9960508317172984,27.490550811793067,26.592618099206717,25.984375890410735,140.0963684037129,4.988958126935242,0.2756576579790568,1.3752445130265507,1.1084300578148634,ZONE_02,NORMAL,NONE,0
29.55,RUN_009_NORMAL,TRAIN001,0.03767077659522574,0.028810107060147364,1.039698918105332,27.450138745587704,26.502586478802332,26.021793321407795,140.04497572934508,4.995688769033249,0.27181139448662134,1.3578851307320803,1.1281264475770483,ZONE_02,NORMAL,NONE,0
29.560000000000002,RUN_009_NORMAL,TRAIN001,-8.784741668008083e-05,0.00031506228178892917,1.037622648188374,27.414350563094125,26.585024332404984,25.973942571079007,139.97908963118815,5.008079596890037,0.26601564382855747,1.3322275183113659,1.0965780176424222,ZONE_02,NORMAL,NONE,0
29.57,RUN_009_NORMAL,TRAIN001,0.05217026759070855,0.04805338498149342,0.9842928578486475,27.471613081214784,26.53784540690339,25.97337757532353,139.89045864745347,5.015934282036808,0.2691157988384353,1.3498671612314288,1.1234859527599779,ZONE_02,NORMAL,NONE,0
29.580000000000002,RUN_009_NORMAL,TRAIN001,0.02262975567207215,-0.01295064737044382,0.9551970063700099,27.45836756789511,26.540950951055958,26.020655858196815,140.22138186994155,4.989319815119534,0.2697001647686283,1.3456203762211203,1.0923329207454389,ZONE_02,NORMAL,NONE,0
29.59,RUN_009_NORMAL,TRAIN001,0.02468765670487166,-0.010952875726441966,0.9642935255416937,27.51115664622947,26.527439609908726,25.9876168805982,139.91052849874632,5.003795353932619,0.26933027161278755,1.3476735617694768,1.0852049288175907,ZONE_02,NORMAL,NONE,0
29.6,RUN_009_NORMAL,TRAIN001,-0.01772092458255676,0.01522491001544075,1.0093352859118205,27.435933905747063,26.577782067533306,25.995598812412798,140.118648957041,4.999041621311126,0.2706059944043499,1.352770629003631,1.1095999653746054,ZONE_02,NORMAL,NONE,0
29.61,RUN_009_NORMAL,TRAIN001,-0.031261691996201706,0.05836540441380298,0.9732032408214991,27.352480969652753,26.638747774941773,25.9880283028361,140.00430171175776,4.982883342334564,0.256616948408624,1.2786923175860607,1.080810438074347,ZONE_02,NORMAL,NONE,0
29.62,RUN_009_NORMAL,TRAIN001,0.047870874897682304,-0.0009856860111983855,0.9477700391993518,27.4317257652831,26.584070925766564,26.018693278705214,139.8923005691719,4.991167836651583,0.27596561084813376,1.3773906808871124,1.0961199145111893,ZONE_02,NORMAL,NONE,0
29.63,RUN_009_NORMAL,TRAIN001,-0.0067288200969173075,-0.017233138918728727,1.0357953137437494,27.4465200973104,26.507775418586373,26.032542234635006,139.52162531089505,4.996484931079627,0.2663325644208836,1.330726644784739,1.0922018771812434,ZONE_02,NORMAL,NONE,0
29.64,RUN_009_NORMAL,TRAIN001,0.03684141624802175,0.021992637262966467,0.9995268701837667,27.493586553788656,26.510719662328817,26.014576144842117,139.826227999006,4.990439468405327,0.27329650534147065,1.3638696668333226,1.0926398410200422,ZONE_02,NORMAL,NONE,0
29.650000000000002,RUN_009_NORMAL,TRAIN001,0.0419183142913959,-0.019049001808342535,0.9936095076778148,27.458111042951177,26.513524135217615,25.99978304834243,140.247195110807,4.9922846233032026,0.2654473201495621,1.3251885746797014,1.1001738549456828,ZONE_02,NORMAL,NONE,0
29.66,RUN_009_NORMAL,TRAIN001,-0.0291437935794568,0.022671957448178258,0.9280310100472202,27.467957236975394,26.58227326991578,25.982814249792458,140.04351462528717,5.004895206489729,0.27381499863312436,1.3704153741239158,1.090755115946759,ZONE_02,NORMAL,NONE,0
29.67,RUN_009_NORMAL,TRAIN001,0.0006274870758745651,-0.02621512647547732,0.919394317147693,27.34012306271565,26.555108339367038,26.021515586154237,139.73598074894815,4.982772845687549,0.2651463381669814,1.3211639739519232,1.1100602289345354,ZONE_02,NORMAL,NONE,0
29.68,RUN_009_NORMAL,TRAIN001,-0.017145189712571503,0.02551693623376572,1.0424598131744343,27.33439070092406,26.538225973386716,25.991518715516197,139.8208841213357,5.00672113792958,0.27367142634943215,1.3701965151510402,1.0803334957882231,ZONE_02,NORMAL,NONE,0
29.69,RUN_009_NORMAL,TRAIN001,-0.03527172001005909,0.028295860091038186,1.0288039211269515,27.38363060883328,26.592300705296488,25.992585968778005,140.1130504848988,5.010519496351682,0.2713287961357163,1.3594982229596375,1.1063517021747638,ZONE_02,NORMAL,NONE,0
29.7,RUN_009_NORMAL,TRAIN001,-0.016761031371355446,-0.049092858419285366,1.0281886865280538,27.41919256519386,26.525917846478052,25.981124002742195,139.8715338233097,4.994086937427342,0.25948695139312006,1.2959003943852245,1.1106524435110448,ZONE_02,NORMAL,NONE,0
29.71,RUN_009_NORMAL,TRAIN001,0.03552558867365516,0.0036356800597901833,0.996530017626327,27.48083660708295,26.596869657130014,25.994510501247515,139.95282293562306,4.987988434892174,0.27034988369453855,1.3485020932428027,1.1026039084779928,ZONE_02,NORMAL,NONE,0
29.72,RUN_009_NORMAL,TRAIN001,-0.04737594466169207,-0.03357832152137966,0.9429222307624501,27.42468646027134,26.565047005314092,25.980177631715488,140.10287554404042,4.977072140681543,0.27430192944379733,1.365220491169918,1.1126566788213617,ZONE_02,NORMAL,NONE,0
29.73,RUN_009_NORMAL,TRAIN001,0.017497614353015948,0.01267774028790125,0.9785645478586904,27.476521866332362,26.60273536451059,26.006616157757197,139.94428767701422,5.003467133823247,0.25967224678434014,1.2992615523514852,1.087185849853988,ZONE_02,NORMAL,NONE,0
29.740000000000002,RUN_009_NORMAL,TRAIN001,0.009111430576661958,-0.06826807551234433,0.9823861502553705,27.535854229262057,26.541144149486403,26.04424144853097,140.28735077086404,4.9799392163534435,0.2557260130785578,1.2735000011716235,1.1020522122297225,ZONE_02,NORMAL,NONE,0
29.75,RUN_009_NORMAL,TRAIN001,-0.01733800047350184,0.03712278379650295,1.0356395608518545,27.492277429109045,26.523070938732037,26.02088447503268,140.03360458040024,4.988391748270862,0.2606307285984049,1.3001281758861056,1.1103145109583399,ZONE_02,NORMAL,NONE,0
29.76,RUN_009_NORMAL,TRAIN001,0.005946721929148356,-0.00952339169122351,0.9720983779061317,27.436875207304453,26.626561570330985,26.00372822554746,140.2512527033294,5.007724448656609,0.2677580173059404,1.3408583695867773,1.08139535756372,ZONE_02,NORMAL,NONE,0
29.77,RUN_009_NORMAL,TRAIN001,0.010668601308640658,-0.0038026315151517436,1.092110574792531,27.490917671921686,26.538941374463032,26.007798393160062,139.79071912879138,5.003067697333548,0.2732219132479897,1.3669477283746863,1.1049625327980557,ZONE_02,NORMAL,NONE,0
29.78,RUN_009_NORMAL,TRAIN001,-0.022013346197875122,-0.016196954709384447,0.9459236707053338,27.40814966337918,26.48562675785331,26.018602875331585,139.81658505733077,5.003655632192141,0.2736424565593842,1.3692126189702558,1.1094661448980019,ZONE_02,NORMAL,NONE,0
29.79,RUN_009_NORMAL,TRAIN001,0.023060184507604414,0.03426723835680742,1.0153831881345659,27.5969301020727,26.528074687437005,26.015410725385287,140.19874443025128,5.006520473317936,0.26908516861854115,1.3471804057549353,1.0985287669475872,ZONE_02,NORMAL,NONE,0
29.8,RUN_009_NORMAL,TRAIN001,0.037959768708703844,-0.010621375652057074,0.9818676272405216,27.411022339137208,26.53452331894994,25.991901440674194,140.06116024790686,4.993340302272688,0.26682900511405966,1.3323680250513592,1.1137041770378364,ZONE_02,NORMAL,NONE,0
29.810000000000002,RUN_009_NORMAL,TRAIN001,-0.0255124588516536,-0.005534379842615615,1.0388858491641944,27.482089595261787,26.539917862768345,25.98412542822966,139.72488316715,4.991570578699757,0.2675667427102598,1.3355782807510606,1.0956231893968285,ZONE_02,NORMAL,NONE,0
29.82,RUN_009_NORMAL,TRAIN001,-0.0001987704493591215,0.03951571034367024,1.0016244421655853,27.384586788154003,26.537691868055205,25.98934626526366,139.86045042803298,5.018649824261607,0.2767776552303712,1.389050130781442,1.0929685734321617,ZONE_02,NORMAL,NONE,0
29.830000000000002,RUN_009_NORMAL,TRAIN001,0.0034062066337391616,0.009137330102030798,0.991602723259643,27.33188329077667,26.563398891912723,26.010787726322693,140.37918474833924,5.012410213483332,0.2822713533934964,1.4148598147233244,1.1113562912967232,ZONE_02,NORMAL,NONE,0
29.84,RUN_009_NORMAL,TRAIN001,0.023879556848412326,-0.05382968701912708,0.9601344156788154,27.369949413709435,26.520764325320993,26.002802039699795,140.10415178641577,5.009588862337794,0.27635977934030337,1.3844488725813142,1.1008738694923974,ZONE_02,NORMAL,NONE,0
29.85,RUN_009_NORMAL,TRAIN001,0.05518244956719292,-0.007546395878151363,1.0037463277069052,27.47031950811171,26.553071074967633,25.96810436601246,140.05509706248984,4.98842682592364,0.2797282369919886,1.3954038413791616,1.1043596536641895,ZONE_02,NORMAL,NONE,0
29.86,RUN_009_NORMAL,TRAIN001,0.05961660019732757,-0.01610262313201826,1.0505562550242293,27.41399557863734,26.5470049691658,25.99846339099321,140.03755021363853,4.996882213667857,0.2650130249437692,1.3242388707318364,1.0931451930249907,ZONE_02,NORMAL,NONE,0
29.87,RUN_009_NORMAL,TRAIN001,-0.016299066358876586,0.04443200286865736,0.9638787910769762,27.391803152289157,26.499509371772525,26.012634438341895,139.81936208619643,4.9915376901865605,0.26769221383711556,1.3361957747374427,1.1140033720150209,ZONE_02,NORMAL,NONE,0
29.88,RUN_009_NORMAL,TRAIN001,-0.03663680282845063,0.03619237019727382,1.0154948975514473,27.305911882177288,26.640445287530863,26.01982566488147,139.8852273747528,4.984573748598916,0.2687320098132331,1.339514521523268,1.0910716208106876,ZONE_02,NORMAL,NONE,0
29.89,RUN_009_NORMAL,TRAIN001,-0.026692150566038596,-0.0048234037324643006,1.0014812901533428,27.42207670050576,26.566896825076803,26.03728804892695,139.91580756429389,5.010134134264079,0.2721885361845631,1.363701076093653,1.114744923840599,ZONE_02,NORMAL,NONE,0
29.900000000000002,RUN_009_NORMAL,TRAIN001,0.024311625722791868,-0.0184034262949849,1.043850404954958,27.369830106354815,26.495386807685556,25.98846684508917,140.04532113771597,4.992683698875403,0.267311811673932,1.3346033246612918,1.09416212016798,ZONE_02,NORMAL,NONE,0
29.91,RUN_009_NORMAL,TRAIN001,0.020170723900401182,0.03158842620485716,1.027153407486133,27.5321604913221,26.519535805398274,26.013373252869975,140.45932300698863,5.013935112409086,0.26843764827957983,1.3459289502015057,1.0983797185354793,ZONE_02,NORMAL,NONE,0
29.92,RUN_009_NORMAL,TRAIN001,0.07367114603946029,-0.017975406851915694,1.0467174765324636,27.41888497384563,26.55731425787308,25.986090003424394,140.1736136708622,5.009342865968469,0.26544639908413986,1.329712025549155,1.1000282448526375,ZONE_02,NORMAL,NONE,0
29.93,RUN_009_NORMAL,TRAIN001,0.07128891987070113,-0.02320334507355793,0.9457642206393888,27.4335715629161,26.477553383842043,26.001228551449373,139.46733542565477,4.980541748391838,0.28007952496690447,1.3949477669674217,1.1008832880374169,ZONE_02,NORMAL,NONE,0
29.94,RUN_009_NORMAL,TRAIN001,0.024022937374438825,0.04741443009276711,1.0135356065114172,27.56189793029634,26.470106119957574,25.998402973939314,139.71570072945084,4.991607226468996,0.26761387282835947,1.335823341513394,1.0997960490791063,ZONE_02,NORMAL,NONE,0
29.95,RUN_009_NORMAL,TRAIN001,0.011162856510554731,0.0331004381129024,1.0383461239125265,27.531704328613976,26.62203888331609,25.99523607659075,139.86276493315083,4.997467371398353,0.2651590996845209,1.3251239489027566,1.1037610814118433,ZONE_02,NORMAL,NONE,0
29.96,RUN_009_NORMAL,TRAIN001,-0.014562707901053115,-0.006625764153146346,1.0241952454925638,27.426384981586654,26.612166733854178,26.012777019554175,140.05172958774233,5.012428023129287,0.26426683092699343,1.3246184689220313,1.0893520962488736,ZONE_02,NORMAL,NONE,0
29.97,RUN_009_NORMAL,TRAIN001,0.025657525464073336,0.02847968609513213,0.9204104469601108,27.513695554738067,26.59948369581436,26.02120322774254,139.8504336879512,4.98255886618563,0.26717432638801025,1.3312118087617537,1.1110655866388344,ZONE_02,NORMAL,NONE,0
29.98,RUN_009_NORMAL,TRAIN001,0.005746120735556691,-0.03543388129001369,0.951313458910514,27.473116267793216,26.531595214808974,25.998834557267386,140.0375095710753,5.019863198051424,0.26710688432813817,1.3408400185849996,1.1065117560236097,ZONE_02,NORMAL,NONE,0
29.990000000000002,RUN_009_NORMAL,TRAIN001,-0.016110026932306287,-0.012652281148803273,0.9858833539366154,27.389836775216764,26.567806403274798,25.991460710570323,140.08962053987807,4.9898462022501775,0.27050589458239016,1.3497828107682264,1.1056077093781798,ZONE_02,NORMAL,NONE,0
