timestamp,run_id,train_id,imu_x,imu_y,imu_z,motor_temperature,bearing_temperature,ambient_temperature,rpm,voltage,current,power,load,zone,fault_type,fault_location,fault_severity
0.0,RUN_059_SUSPENSION_FAULT,TRAIN001,-0.07021989961574708,0.1112047860969671,1.4304507408157636,25.997330946625244,26.095454282374376,25.987919035445262,139.65296850809247,5.014468878900107,0.23773095417352064,1.1920944712543469,0.8491361335213296,ZONE_01,SUSPENSION_FAULT,REAR_BOGIE,3
0.01,RUN_059_SUSPENSION_FAULT,TRAIN001,-0.13922152843740015,0.6810415341336049,1.9160731293653956,25.856503848998226,26.200008856141586,25.96510562609808,139.59189789995511,4.986516737796444,0.20500286107746582,1.0222501980589425,0.8371182634647714,ZONE_01,SUSPENSION_FAULT,REAR_BOGIE,3
0.02,RUN_059_SUSPENSION_FAULT,TRAIN001,0.054605392278301246,0.6659890106618191,1.4854113881088769,26.079632532237305,26.045963265482413,25.940617519812967,140.8786826522628,4.995772541326028,0.2545562122217456,1.2717049352413579,1.229633235291726,ZONE_01,SUSPENSION_FAULT,REAR_BOGIE,3
0.03,RUN_059_SUSPENSION_FAULT,TRAIN001,-0.17978869910322426,0.3301637850648685,1.532274649499266,26.119220763045092,25.998773459304022,25.97396634396333,140.35419811525045,4.99857912573301,0.2815096107020751,1.4071480637486184,1.5810385716368067,ZONE_01,SUSPENSION_FAULT,REAR_BOGIE,3
0.04,RUN_059_SUSPENSION_FAULT,TRAIN001,-0.12458110970488759,0.9123604124680662,2.1193523384409523,26.012922372912218,26.107485143142735,25.985263283601828,140.34162773548854,4.986476264799192,0.24549275289253436,1.2241437854788357,1.319413060322674,ZONE_01,SUSPENSION_FAULT,REAR_BOGIE,3
0.05,RUN_059_SUSPENSION_FAULT,TRAIN001,0.013593303415097105,0.5103595078597708,2.1788509818406787,25.93558307833509,25.997702899187274,25.944548824506512,140.87115339538627,4.969393619772255,0.24565591201792444,1.220760921841208,1.757106865292527,ZONE_01,SUSPENSION_FAULT,REAR_BOGIE,3
0.06,RUN_059_SUSPENSION_FAULT,TRAIN001,0.010193435827415739,0.4305932025201127,2.4787485364978705,25.94135021806938,26.00713028928739,26.048776533735747,140.93332192754218,4.965636065310617,0.2072082083213454,1.0289205522688682,1.3719127030048306,ZONE_01,SUSPENSION_FAULT,REAR_BOGIE,3
0.07,RUN_059_SUSPENSION_FAULT,TRAIN001,-0.025881429911438988,1.140548170160844,2.334990040187295,26.034479292436366,26.1259870473091,25.978665753170095,139.86899519787306,4.998763008810903,0.23781077653321175,1.188759712830815,1.4197979984040674,ZONE_01,SUSPENSION_FAULT,REAR_BOGIE,3
0.08,RUN_059_SUSPENSION_FAULT,TRAIN001,0.10633871991386726,1.405941501550843,1.484500465487835,25.995725348448236,25.811312524001593,25.9854450383435,139.83469736397015,5.025721236381804,0.22878952260221774,1.1498323624036204,1.9976595392932717,ZONE_01,SUSPENSION_FAULT,REAR_BOGIE,3
0.09,RUN_059_SUSPENSION_FAULT,TRAIN001,-0.12434108483131788,0.12677161067959708,2.248394588547271,26.010255147370493,25.9852787570112,25.935059621235244,139.68673535132143,4.996614978832149,0.22489846242351164,1.1237310260616373,1.5117653880590798,ZONE_01,SUSPENSION_FAULT,REAR_BOGIE,3
0.1,RUN_059_SUSPENSION_FAULT,TRAIN001,-0.11908289680185653,1.3955194724034445,1.3039024200953637,26.19537798619847,26.035844455519154,26.033763869177996,139.96760668347758,4.954842992928383,0.25294798865611245,1.253317569168067,1.7489059154476356,ZONE_01,SUSPENSION_FAULT,REAR_BOGIE,3
0.11,RUN_059_SUSPENSION_FAULT,TRAIN001,-0.04183582602342381,1.7704871138321165,2.116071665413411,25.96700624763312,26.080718910348562,26.044797149064106,138.16300605135962,5.00369087479414,0.2110901669176859,1.0562299419647967,2.1343787144788995,ZONE_01,SUSPENSION_FAULT,REAR_BOGIE,3
0.12,RUN_059_SUSPENSION_FAULT,TRAIN001,0.006514130541235665,1.314767333609807,2.1891884154812624,26.028052432160187,25.88628524761275,26.04726731557547,140.02180883908926,4.9826534160440765,0.259955833165671,1.2952698201435147,1.9600698643298362,ZONE_01,SUSPENSION_FAULT,REAR_BOGIE,3
0.13,RUN_059_SUSPENSION_FAULT,TRAIN001,-0.03377659793213513,-1.1678201302503726,1.965405391405484,25.93631014874175,26.037777630613203,25.986561668030472,141.80774260488172,4.984322514225031,0.24669547583271492,1.2296098143504581,1.0479930645933093,ZONE_01,SUSPENSION_FAULT,REAR_BOGIE,3
0.14,RUN_059_SUSPENSION_FAULT,TRAIN001,0.1992693463293099,0.36522314257755967,1.097114923131294,26.166566235390942,25.78683874736977,26.017717079107523,139.78168531214382,5.011335739594823,0.23507961450451376,1.1780628738166432,0.8289010217442692,ZONE_01,SUSPENSION_FAULT,REAR_BOGIE,3
0.15,RUN_059_SUSPENSION_FAULT,TRAIN001,-0.060387492846966775,-0.07006229508109993,0.32573553965663316,26.249601764351354,26.071397711753505,25.981436706245702,139.37395566024597,5.013991412412452,0.21420020154458938,1.0739979710815875,0.8444481431392632,ZONE_01,SUSPENSION_FAULT,REAR_BOGIE,3
0.16,RUN_059_SUSPENSION_FAULT,TRAIN001,0.06353444026481468,0.0029706232363928553,0.4168752891804653,26.19432236882192,26.15588177179031,25.98426562907303,140.70302442461403,5.020462409717762,0.24490874892291878,1.2295551677785193,1.0044178866224671,ZONE_01,SUSPENSION_FAULT,REAR_BOGIE,3
0.17,RUN_059_SUSPENSION_FAULT,TRAIN001,-0.058639854548435934,0.05079989426433262,-0.34112390928381264,26.167959007638075,26.094097460013735,26.009337804200268,140.58825045499023,4.994438843174483,0.2137925862422082,1.067773997110815,0.3377712940802942,ZONE_01,SUSPENSION_FAULT,REAR_BOGIE,3
0.18,RUN_059_SUSPENSION_FAULT,TRAIN001,0.03207007618176651,-0.6237781993315599,1.5051454069025643,25.985654111333908,26.147499303531347,25.953661195186402,139.49194823569357,4.987061637212598,0.23701994181782843,1.1820330590940542,0.6500104724291902,ZONE_01,SUSPENSION_FAULT,REAR_BOGIE,3
0.19,RUN_059_SUSPENSION_FAULT,TRAIN001,-0.04428898732058908,-1.6255686509300038,-0.816673427892987,26.21133564763459,26.03040492220543,26.032026763456905,138.4522735031466,4.966460399038142,0.2682356422897045,1.332181695042378,0.6992917836688635,ZONE_01,SUSPENSION_FAULT,REAR_BOGIE,3
0.2,RUN_059_SUSPENSION_FAULT,TRAIN001,-0.03930264282023863,-1.3015479587352643,-0.7068661927613966,25.952792947561957,26.08026988960438,25.877204850146352,140.21464932713573,4.968484116175593,0.25437537362509055,1.2638600034024943,1.2933673000353911,ZONE_01,SUSPENSION_FAULT,REAR_BOGIE,3
0.21,RUN_059_SUSPENSION_FAULT,TRAIN001,0.16236606471244344,-0.9694798517914555,-0.28053305429090675,26.16909712674985,26.175411097431134,25.959225470310162,140.3107867351552,5.045457692088228,0.2339872150475472,1.1805725940119494,0.683827847598082,ZONE_01,SUSPENSION_FAULT,REAR_BOGIE,3
0.22,RUN_059_SUSPENSION_FAULT,TRAIN001,-0.03370287449509327,-0.937085094889782,-0.7465735880145712,26.103639395078602,26.042766702677092,26.018271058557136,140.5664631969322,4.96581568914404,0.22953062169340566,1.139806762344099,0.27437699936115545,ZONE_01,SUSPENSION_FAULT,REAR_BOGIE,3
0.23,RUN_059_SUSPENSION_FAULT,TRAIN001,0.1717137602600714,-0.6405896827827079,-0.36563426782659125,26.124014069682147,26.00319641626314,26.005710541025092,140.36050547494702,5.039855264983912,0.25407714843908297,1.2805120542728112,0.14145304753337673,ZONE_01,SUSPENSION_FAULT,REAR_BOGIE,3
0.24,RUN_059_SUSPENSION_FAULT,TRAIN001,-0.07395275859374345,-0.8237493475759758,-0.25779857072910106,26.115723195888116,26.079872187385426,25.978813396766594,141.22148923304994,5.015633327655334,0.22803665608883272,1.143748252206227,0.5635032655304532,ZONE_01,SUSPENSION_FAULT,REAR_BOGIE,3
0.25,RUN_059_SUSPENSION_FAULT,TRAIN001,-0.04687958310565263,-0.04700498636120953,0.14633556584650462,25.974900622269917,26.006176387798426,26.096762157782845,141.52199568821956,5.006086949370637,0.2327989377165608,1.1654117239302229,0.42928091127296575,ZONE_01,SUSPENSION_FAULT,REAR_BOGIE,3
0.26,RUN_059_SUSPENSION_FAULT,TRAIN001,0.11094437944687192,-0.9826673386213107,0.6877865945033292,26.079453096068352,26.001298956058037,26.002140917996854,139.86075396241299,5.039413615620808,0.22474390831909638,1.132577511611089,1.4698369549563717,ZONE_01,SUSPENSION_FAULT,REAR_BOGIE,3
0.27,RUN_059_SUSPENSION_FAULT,TRAIN001,-0.24796627301290616,-0.6139896262505382,0.5692734028968731,26.16190624191339,26.18405763901782,26.018349246919456,140.8838122971834,4.983895843761445,0.24871615889732077,1.2395754306046682,1.2366402015431424,ZONE_01,SUSPENSION_FAULT,REAR_BOGIE,3
0.28,RUN_059_SUSPENSION_FAULT,TRAIN001,-0.16738548611248324,0.29337542677673856,0.2964523235718767,26.10793089061871,26.120439463302755,25.96403743581813,139.8119278494364,5.028431952741072,0.21459470618423232,1.079074877465876,1.0974265296196823,ZONE_01,SUSPENSION_FAULT,REAR_BOGIE,3
0.29,RUN_059_SUSPENSION_FAULT,TRAIN001,0.0017970567538416534,0.29367674579465525,0.6137946147648079,26.131087423768655,25.915922921286988,26.008039171004093,140.45524583115264,5.014903999332996,0.21753666566797764,1.0909254946599058,1.3186500935752279,ZONE_01,SUSPENSION_FAULT,REAR_BOGIE,3
0.3,RUN_059_SUSPENSION_FAULT,TRAIN001,0.047690256123412184,1.2854709589327356,1.1980479045630739,26.36804176875833,26.03890826488204,25.947450608972616,139.49194338232903,4.952520594784456,0.2694406756436284,1.3344104951977083,1.030347448986961,ZONE_01,SUSPENSION_FAULT,REAR_BOGIE,3
0.31,RUN_059_SUSPENSION_FAULT,TRAIN001,0.05728744476520001,0.1117977744627166,1.7631437775311107,26.12394490699842,26.024407725916028,25.997715774659085,139.16084685428072,5.0086842612966045,0.23313057876599352,1.1676774606922002,1.4800550844273737,ZONE_01,SUSPENSION_FAULT,REAR_BOGIE,3
0.32,RUN_059_SUSPENSION_FAULT,TRAIN001,-0.032603171327496586,-0.14737317077050216,1.3111127599567602,26.098551835335417,26.09146524218385,26.049775145176064,140.58709144046898,4.976143374127745,0.2622482865413003,1.3049850734488457,1.3505134138629413,ZONE_01,SUSPENSION_FAULT,REAR_BOGIE,3
0.33,RUN_059_SUSPENSION_FAULT,TRAIN001,-0.1445288051330184,0.7291897322308994,2.04213892006427,26.061702216218553,25.937265685326643,26.03155876631304,140.28120183187943,5.011914159003861,0.24035983892644863,1.2046628799713552,1.555023788822284,ZONE_01,SUSPENSION_FAULT,REAR_BOGIE,3
0.34,RUN_059_SUSPENSION_FAULT,TRAIN001,0.0834440225518312,1.5297599902198518,1.4156495344947353,26.122401352886886,26.193793492612958,25.985327591968897,140.42314652167113,4.987626552221358,0.2569383809852541,1.2815126912868207,1.1920649306339781,ZONE_01,SUSPENSION_FAULT,REAR_BOGIE,3
0.35000000000000003,RUN_059_SUSPENSION_FAULT,TRAIN001,0.044634342391683145,0.6949497002060294,2.075403049353421,26.091828427717257,26.117315188789892,25.972077782615443,140.82192831121105,5.00374652016839,0.232498341534178,1.163362767396565,1.6150258235956867,ZONE_01,SUSPENSION_FAULT,REAR_BOGIE,3
0.36,RUN_059_SUSPENSION_FAULT,TRAIN001,-0.11413536375669875,0.6002786211076221,2.70779063059402,26.31403545500679,26.05092810046931,25.997299735683885,141.65794481515968,5.0064928592009545,0.20445964250552848,1.0236257401987083,1.0217378597960236,ZONE_01,SUSPENSION_FAULT,REAR_BOGIE,3
0.37,RUN_059_SUSPENSION_FAULT,TRAIN001,0.008615977001002301,1.312490106663567,3.178298515093908,26.207003838431543,26.25831360126068,26.04342699168516,139.99515181908782,4.970454450664965,0.23151336177307977,1.1507266194134125,1.4409247050404121,ZONE_01,SUSPENSION_FAULT,REAR_BOGIE,3
0.38,RUN_059_SUSPENSION_FAULT,TRAIN001,0.1821247493665073,0.990497550400786,1.3070375969359593,26.428913064545878,26.051870812142333,25.977963866340723,140.60429313186546,5.006155782049908,0.19947976620722332,0.9986267850002549,1.358169627555656,ZONE_01,SUSPENSION_FAULT,REAR_BOGIE,3
0.39,RUN_059_SUSPENSION_FAULT,TRAIN001,0.012384311381992382,0.9044821596632582,1.9046304660893758,26.144693612359347,26.161323294325925,26.008802912661643,139.27384455357256,4.989414323079006,0.21420376136425445,1.0687513150082086,1.244017139277124,ZONE_01,SUSPENSION_FAULT,REAR_BOGIE,3
0.4,RUN_059_SUSPENSION_FAULT,TRAIN001,-0.12030558354799051,0.5298834590981985,0.9268579927158968,26.292679608250403,26.124912813411843,25.96394931238283,139.26845683941718,5.014710159103824,0.25535786890188716,1.280545699389396,1.7696022731200514,ZONE_01,SUSPENSION_FAULT,REAR_BOGIE,3
0.41000000000000003,RUN_059_SUSPENSION_FAULT,TRAIN001,-0.043304451513991545,-0.2062886296866107,1.3531860470874648,26.053663518608182,26.031637725482287,25.987784166782987,140.77924170744936,5.026769572983447,0.24506732215798432,1.2318969583562878,1.4284443610190272,ZONE_01,SUSPENSION_FAULT,REAR_BOGIE,3
0.42,RUN_059_SUSPENSION_FAULT,TRAIN001,-0.037438569735722536,1.2903618496515656,2.4229628952688063,26.312818126810104,26.051144708609563,25.98474492905768,140.70179014788488,5.050574671671994,0.25664061702961455,1.2961826000920433,0.576146149497825,ZONE_01,SUSPENSION_FAULT,REAR_BOGIE,3
0.43,RUN_059_SUSPENSION_FAULT,TRAIN001,0.0343774784536143,-0.3391187025748392,0.5473102634449742,26.094874705340676,26.00112014785932,25.9824485028351,140.8190277179618,5.006554767742062,0.2353224417068794,1.1781546924842807,0.9835646041268505,ZONE_01,SUSPENSION_FAULT,REAR_BOGIE,3
0.44,RUN_059_SUSPENSION_FAULT,TRAIN001,0.0913704552595323,0.266111366165616,0.4276911820278495,26.16132451480639,26.223144700769733,26.040747614434583,140.85840097381237,5.028858842950039,0.19645675943979823,0.9879533119661379,0.9477500292309539,ZONE_01,SUSPENSION_FAULT,REAR_BOGIE,3
0.45,RUN_059_SUSPENSION_FAULT,TRAIN001,-0.09501811147875837,-1.2473908442899249,0.553726735405556,26.120564025811838,26.147957330844914,26.079754745464463,141.1974433917468,4.997065537874937,0.22035083193274604,1.1011075484931974,0.6005792555409216,ZONE_01,SUSPENSION_FAULT,REAR_BOGIE,3
0.46,RUN_059_SUSPENSION_FAULT,TRAIN001,-0.06631195503480085,-0.9425489344543201,-0.37214061296826423,26.399465194186007,26.102443045741506,26.012948202753662,140.25879418862013,4.979184143264716,0.25435553460536553,1.2664830446586557,0.687073379013192,ZONE_01,SUSPENSION_FAULT,REAR_BOGIE,3
0.47000000000000003,RUN_059_SUSPENSION_FAULT,TRAIN001,0.10307128408667246,-1.5795064647402741,-0.44439481989481905,26.278310252982656,26.26736567181032,25.8922594584137,139.8777662758327,5.012675217241001,0.23466244714226275,1.1762866332071469,0.8666624922228463,ZONE_01,SUSPENSION_FAULT,REAR_BOGIE,3
0.48,RUN_059_SUSPENSION_FAULT,TRAIN001,0.07474182359227032,-1.5904067214790962,0.09216742123419153,26.250840191866132,26.002010574374992,26.058766374161006,139.10859208111603,4.995715308465391,0.221175659372398,1.1049306273866155,0.5273321931494815,ZONE_01,SUSPENSION_FAULT,REAR_BOGIE,3
0.49,RUN_059_SUSPENSION_FAULT,TRAIN001,0.1372842472022908,-1.7334447403105524,-0.9959123582930316,26.299830479732798,26.089654085039868,25.997601023186796,140.05015183476988,4.995367045063847,0.23832390088488042,1.1905153605313943,1.1888828920473684,ZONE_01,SUSPENSION_FAULT,REAR_BOGIE,3
0.5,RUN_059_SUSPENSION_FAULT,TRAIN001,-0.1486047469723853,-0.792488217979515,0.23398690416261547,26.402033900901486,26.260241375415355,25.979801299614394,139.08338559583632,5.014136232915621,0.22139581587666474,1.1101087822031002,0.8205330047565096,ZONE_01,SUSPENSION_FAULT,REAR_BOGIE,3
0.51,RUN_059_SUSPENSION_FAULT,TRAIN001,-0.09748646700352469,-1.0968264312576717,0.13321408126752887,26.15540469113743,26.225239361101924,25.864611524541683,139.3141750309752,4.9854773827460015,0.18752681230049373,0.9349106813825662,0.6053851437883422,ZONE_01,SUSPENSION_FAULT,REAR_BOGIE,3
0.52,RUN_059_SUSPENSION_FAULT,TRAIN001,0.1017571266997083,-0.7634469602442346,-1.0289934522277657,26.259487223208065,25.959897012466254,25.993529765986978,138.35475866014272,4.991882510387449,0.24850830295712134,1.2405242512177197,0.28516213034035315,ZONE_01,SUSPENSION_FAULT,REAR_BOGIE,3
0.53,RUN_059_SUSPENSION_FAULT,TRAIN001,-0.09689534065304123,-0.652497071286402,0.21789923227380764,26.23719057978407,26.200852011475515,25.98561192351685,141.12635281989284,4.981566548548352,0.21337146936793167,1.0629241742178976,0.41803869521716835,ZONE_01,SUSPENSION_FAULT,REAR_BOGIE,3
0.54,RUN_059_SUSPENSION_FAULT,TRAIN001,0.032602957950209774,-1.3289245908462366,1.2934769359023899,26.352090754935862,26.02549921139128,25.977524630559394,138.88988484625236,4.997854625387686,0.19409643692914172,0.9700657750775802,0.8111973074896434,ZONE_01,SUSPENSION_FAULT,REAR_BOGIE,3
0.55,RUN_059_SUSPENSION_FAULT,TRAIN001,-0.005872880157435437,-0.6330074026017902,1.048983212835121,26.315647604557757,25.987343668288204,25.925253828687456,138.95413718931275,5.014377090982116,0.2202116234575484,1.1042241198335105,0.9189703439161645,ZONE_01,SUSPENSION_FAULT,REAR_BOGIE,3
0.56,RUN_059_SUSPENSION_FAULT,TRAIN001,-0.07625406017296438,-1.0391622847270439,0.9203642155356349,26.30692645857565,26.305641477421318,26.014873480771968,139.6526315192244,5.007195090193711,0.23841854842252394,1.1938081850723734,0.8423163150170425,ZONE_01,SUSPENSION_FAULT,REAR_BOGIE,3
0.5700000000000001,RUN_059_SUSPENSION_FAULT,TRAIN001,0.14869346517308482,0.7115049292498201,-0.2757242949575701,26.463402883318857,26.185831842696558,26.06603934067158,140.24573257297791,4.979155448187186,0.22279491996043246,1.1093305395494153,0.975073941407076,ZONE_01,SUSPENSION_FAULT,REAR_BOGIE,3
0.58,RUN_059_SUSPENSION_FAULT,TRAIN001,-0.001846397125559416,0.5074922789251578,1.8145553978722202,26.440240121371513,26.046423370725552,25.900158588453614,138.92989150972124,4.995287320872027,0.2494804118768509,1.2462263382543644,1.7873678534770323,ZONE_01,SUSPENSION_FAULT,REAR_BOGIE,3
0.59,RUN_059_SUSPENSION_FAULT,TRAIN001,-0.05193776111239748,0.3275618493740079,1.152938400518087,26.33235256872909,26.014086185508198,25.99588185400227,139.3827663159867,4.991418005644989,0.22387808865588543,1.1174691227863716,1.1430409618034452,ZONE_01,SUSPENSION_FAULT,REAR_BOGIE,3
0.6,RUN_059_SUSPENSION_FAULT,TRAIN001,-0.016606181150340987,-0.24024090931985564,1.3849629183492906,26.530863384528498,26.045666766964377,26.005545087971374,138.19663371924503,5.009191256079006,0.2181796179984185,1.0929034347323359,1.4092678120519566,ZONE_01,SUSPENSION_FAULT,REAR_BOGIE,3
0.61,RUN_059_SUSPENSION_FAULT,TRAIN001,0.02486835634516813,1.2844467427145667,1.055956615640755,26.350381198462863,26.174809005326367,26.000084219632047,140.5842402618683,4.9592250249292755,0.2923094143406929,1.4496281626207848,1.5982527783242018,ZONE_01,SUSPENSION_FAULT,REAR_BOGIE,3
0.62,RUN_059_SUSPENSION_FAULT,TRAIN001,-0.16059970548987101,0.5667326954291994,2.667791766974968,26.3927046136326,26.223688026186654,25.964622101208654,140.83787567015563,5.025474689351057,0.21215239199771585,1.0661664762698047,1.658985128720328,ZONE_01,SUSPENSION_FAULT,REAR_BOGIE,3
0.63,RUN_059_SUSPENSION_FAULT,TRAIN001,-0.08824423176436275,0.40126790367019693,1.737479392604528,26.38355678390966,26.183470188580262,25.989885591398785,139.5570174959302,5.022393573015642,0.26001937788481955,1.3059196523482433,1.3350080877899257,ZONE_01,SUSPENSION_FAULT,REAR_BOGIE,3
0.64,RUN_059_SUSPENSION_FAULT,TRAIN001,-0.1306421561011806,0.18597898310897487,3.3810987238372463,26.362723981245956,26.246034646578135,25.96148854011195,139.74249197340708,4.985606007837817,0.227977931315408,1.1366081440205353,1.0989400009987544,ZONE_01,SUSPENSION_FAULT,REAR_BOGIE,3
0.65,RUN_059_SUSPENSION_FAULT,TRAIN001,-0.21444014751213403,1.7789292126321101,2.153251673171197,26.51222468077597,26.138156380131374,26.00662355347618,140.17678732607192,5.0236502576861435,0.2532902283102545,1.272441520720192,1.7489725946895323,ZONE_01,SUSPENSION_FAULT,REAR_BOGIE,3
0.66,RUN_059_SUSPENSION_FAULT,TRAIN001,0.09906379104868017,1.4401403149782004,1.4576640806682206,26.40743250996793,26.249954055657057,26.033809076304284,141.221794989151,4.964996852088,0.20256990135522748,1.0057589225564811,1.7607703411738809,ZONE_01,SUSPENSION_FAULT,REAR_BOGIE,3
0.67,RUN_059_SUSPENSION_FAULT,TRAIN001,0.14555468413376668,0.6245932599147392,2.771617034020876,26.393730741574327,26.395730227668864,25.967583669896282,140.78297628122183,4.997601574983821,0.24493982669097236,1.2241116636470677,1.544332389934145,ZONE_01,SUSPENSION_FAULT,REAR_BOGIE,3
0.68,RUN_059_SUSPENSION_FAULT,TRAIN001,0.1206301853624445,1.0958733781526955,2.1511633559724155,26.51858154993698,26.205575403395923,25.961357354082836,139.35895223132297,5.037296301021248,0.24252297424853103,1.2216600810947968,0.9851799938154823,ZONE_01,SUSPENSION_FAULT,REAR_BOGIE,3
0.6900000000000001,RUN_059_SUSPENSION_FAULT,TRAIN001,-0.18054627804204249,-0.329256611616331,2.0316621550614773,26.465029673898208,26.229659110308233,25.9430589784201,138.577828109582,4.9880753258188815,0.21806572185874576,1.087728246610493,1.4301779143322797,ZONE_01,SUSPENSION_FAULT,REAR_BOGIE,3
0.7000000000000001,RUN_059_SUSPENSION_FAULT,TRAIN001,0.0402050377462697,0.9451978847743019,0.7144469508215331,26.362264390359925,26.070219345254422,26.046421543748842,141.27915941574128,4.99961941169123,0.23589786556593423,1.1793995478599728,1.1928234598492884,ZONE_01,SUSPENSION_FAULT,REAR_BOGIE,3
0.71,RUN_059_SUSPENSION_FAULT,TRAIN001,0.06874603149381402,0.19502907567172184,1.6702187953156233,26.30869526511801,26.303986712143235,26.01592998826475,140.75616953829208,4.967224765321287,0.2620067378271377,1.301446356816,1.6210535650031255,ZONE_01,SUSPENSION_FAULT,REAR_BOGIE,3
0.72,RUN_059_SUSPENSION_FAULT,TRAIN001,-0.058404300185446824,0.6776327980934583,1.7466712808452725,26.539796667053615,26.01256523489707,26.022698243276608,140.75000596812836,5.029912626657877,0.23205614150374715,1.1672221162432048,1.3257135624390513,ZONE_01,SUSPENSION_FAULT,REAR_BOGIE,3
0.73,RUN_059_SUSPENSION_FAULT,TRAIN001,0.08271788028933633,-0.10140581273212873,-0.7447262351177474,26.401555262129975,26.231520068152,25.976620124266727,140.2852820993325,4.993052385994357,0.24819777436460808,1.2392644894896954,0.9620210721527295,ZONE_01,SUSPENSION_FAULT,REAR_BOGIE,3
0.74,RUN_059_SUSPENSION_FAULT,TRAIN001,-0.11395193412353899,-0.8981837101707382,0.306175892667157,26.2698881878266,26.259220402608495,26.006127872642587,139.2926676699046,5.023064195460419,0.25643754457354667,1.2881022485191675,0.4220808883641987,ZONE_01,SUSPENSION_FAULT,REAR_BOGIE,3
0.75,RUN_059_SUSPENSION_FAULT,TRAIN001,-0.10970877955992549,-1.499777811470953,-0.5634799233111559,26.30355989497643,26.298253827696538,25.97487614535379,138.95620727321523,4.977968697104073,0.2097747324279138,1.0442520514695377,0.9304615276758403,ZONE_01,SUSPENSION_FAULT,REAR_BOGIE,3
0.76,RUN_059_SUSPENSION_FAULT,TRAIN001,-0.085186538118955,-0.3652424054600102,0.7255523744283439,26.574889029111734,26.228097291340788,26.021923769380276,140.2434862083973,4.985325308058044,0.24075307406450736,1.2002323931265613,0.6383534080187595,ZONE_01,SUSPENSION_FAULT,REAR_BOGIE,3
0.77,RUN_059_SUSPENSION_FAULT,TRAIN001,-0.07380017715397352,-1.532214165341418,0.666169866052547,26.452313624016025,26.266165540886814,26.06938265855849,140.47503097799924,4.994480542140646,0.24304273566793128,1.2138722142021152,0.9340778045023281,ZONE_01,SUSPENSION_FAULT,REAR_BOGIE,3
0.78,RUN_059_SUSPENSION_FAULT,TRAIN001,-0.10297810758013295,-0.6397476525686272,-0.4288188760794369,26.39399245493037,26.293299621566014,25.92970996272276,138.96179369278926,4.9634512495860115,0.22163970268919264,1.1000978592705453,0.47383404691332415,ZONE_01,SUSPENSION_FAULT,REAR_BOGIE,3
0.79,RUN_059_SUSPENSION_FAULT,TRAIN001,0.09723243298438183,-0.5423948001310042,-0.6360054803581862,26.309824708165568,25.962324338999412,25.98850612696668,139.2432759654145,5.0086937122493005,0.2125481909817901,1.0645887877204554,0.3266107758341853,ZONE_01,SUSPENSION_FAULT,REAR_BOGIE,3
0.8,RUN_059_SUSPENSION_FAULT,TRAIN001,-0.10926869926305637,-1.4528842925718735,0.7251453002078334,26.49007497817648,26.069569048810852,26.002862692289888,139.36816159476743,4.9898658287900775,0.2427754498265688,1.2114169211587356,0.412282533271882,ZONE_01,SUSPENSION_FAULT,REAR_BOGIE,3
0.81,RUN_059_SUSPENSION_FAULT,TRAIN001,-0.04772045642392641,-0.6023131257161225,-0.22692051795213597,26.480175617055064,26.201819626989842,25.922318148852636,140.90676592134398,5.022645999546827,0.23525517131336343,1.1816034450697683,0.21226160390705867,ZONE_01,SUSPENSION_FAULT,REAR_BOGIE,3
0.8200000000000001,RUN_059_SUSPENSION_FAULT,TRAIN001,-0.06522787242637652,-0.23749758437148116,0.08453046364763528,26.54707281415763,26.1452058969729,25.92877635105858,139.33534811776383,4.984942402124601,0.24885625401226166,1.2405340926596136,0.6185260218206122,ZONE_01,SUSPENSION_FAULT,REAR_BOGIE,3
0.8300000000000001,RUN_059_SUSPENSION_FAULT,TRAIN001,0.2229534055292334,-0.4906313661471543,-0.32765830953785435,26.583215364234967,26.07114516634557,26.0545932582733,140.17547978350322,4.994655802606963,0.2188693323655427,1.0931769809122698,0.7093242538952802,ZONE_01,SUSPENSION_FAULT,REAR_BOGIE,3
0.84,RUN_059_SUSPENSION_FAULT,TRAIN001,-0.09170499281446734,-0.7089956520743226,0.7051879927771763,26.684006164782318,26.09539173235888,25.86474947118829,139.5475394313924,4.98066988627974,0.1976602066288648,0.9844802388722179,0.9520003747833317,ZONE_01,SUSPENSION_FAULT,REAR_BOGIE,3
0.85,RUN_059_SUSPENSION_FAULT,TRAIN001,0.04740528404933059,-1.0527242429374482,0.3372507927119077,26.599146018616672,26.317240265634698,25.994723139118356,139.230718083815,5.033485575866307,0.22397066748382732,1.1273531241969938,1.2160627645715438,ZONE_01,SUSPENSION_FAULT,REAR_BOGIE,3
0.86,RUN_059_SUSPENSION_FAULT,TRAIN001,0.18401368790608275,0.32433265627548263,1.8254165235708353,26.335453879781262,26.30662278475796,25.942052253996767,141.2714796401753,5.004818376764383,0.21621674733028923,1.0821255504028529,0.8024529245998968,ZONE_01,SUSPENSION_FAULT,REAR_BOGIE,3
0.87,RUN_059_SUSPENSION_FAULT,TRAIN001,-0.12059589569755316,0.14226004822512167,1.4546825879119736,26.331381851399243,25.965950570588603,26.00150886439593,137.60785938991998,4.988654508483529,0.2544871824559068,1.26954863010993,1.3936149901314174,ZONE_01,SUSPENSION_FAULT,REAR_BOGIE,3
0.88,RUN_059_SUSPENSION_FAULT,TRAIN001,-0.08481647026727927,0.08595489349269342,1.649921108149482,26.396218119444516,26.18683558221199,26.054325044777787,139.39155491068902,5.01109725646965,0.2531204143894423,1.2684110141033955,1.2213841961658753,ZONE_01,SUSPENSION_FAULT,REAR_BOGIE,3
0.89,RUN_059_SUSPENSION_FAULT,TRAIN001,-0.033965679774412914,0.3932196690129551,2.28313802912703,26.316783787270563,26.32304178518035,26.053285774817066,139.43655655368252,5.022637133076996,0.22187743123005516,1.1144098250878125,1.2988051806531349,ZONE_01,SUSPENSION_FAULT,REAR_BOGIE,3
0.9,RUN_059_SUSPENSION_FAULT,TRAIN001,-0.13471586473357253,0.72899286119649,2.948789680136879,26.34502026261661,26.153050344809277,25.939369618202814,140.31441452860616,4.963389667782251,0.16844111262761277,0.8360388780456397,1.8907940976659454,ZONE_01,SUSPENSION_FAULT,REAR_BOGIE,3
0.91,RUN_059_SUSPENSION_FAULT,TRAIN001,0.12365289078642859,2.033219635794929,4.041387767892768,26.6320233905599,26.279686903855275,26.049460532309837,138.9095630753519,4.979787699188412,0.2619793044153851,1.3046013175696711,1.0899910341743384,ZONE_01,SUSPENSION_FAULT,REAR_BOGIE,3
0.92,RUN_059_SUSPENSION_FAULT,TRAIN001,-0.0485568960415002,0.994273067497761,1.787214271457953,26.37822573269703,26.30301176729195,26.050215528452938,140.0929863286893,4.995889020522462,0.2059729884108601,1.0290181913260161,1.5644785815035853,ZONE_01,SUSPENSION_FAULT,REAR_BOGIE,3
0.93,RUN_059_SUSPENSION_FAULT,TRAIN001,0.10603375635859268,1.5473647585567862,2.5039233112271333,26.590471822933306,26.371332374958993,25.99932766599599,140.57013590618328,4.980516697150005,0.19946285700479832,0.9934280897736418,1.4783383773432623,ZONE_01,SUSPENSION_FAULT,REAR_BOGIE,3
0.9400000000000001,RUN_059_SUSPENSION_FAULT,TRAIN001,0.05343854064888906,0.6098574320842998,3.628652253943517,26.614888256771458,26.235680354959367,25.979883123031588,139.34047575575974,4.994404981928982,0.23021551332325485,1.149789506659002,1.5074741919833143,ZONE_01,SUSPENSION_FAULT,REAR_BOGIE,3
0.9500000000000001,RUN_059_SUSPENSION_FAULT,TRAIN001,0.001762393500977733,1.6614331162688223,1.7843743799047849,26.532030943620516,26.41307744416324,25.998016205659923,139.23116896553407,5.002440677411956,0.23683628463185896,1.1847594641295274,1.0073708920329452,ZONE_01,SUSPENSION_FAULT,REAR_BOGIE,3
0.96,RUN_059_SUSPENSION_FAULT,TRAIN001,0.09645665423111738,0.8142979286339522,1.7547964684554334,26.501363385689864,26.273284693139917,26.03090320883774,140.95699889536007,4.971406099804049,0.26134540707773896,1.2992541509020437,1.433602288753842,ZONE_01,SUSPENSION_FAULT,REAR_BOGIE,3
0.97,RUN_059_SUSPENSION_FAULT,TRAIN001,-0.030992197991812565,0.8343040177014684,2.1038331886531028,26.459717753811333,26.442131717067582,25.986557056344004,141.4160515952745,5.018893368784503,0.2250020464572211,1.1292612789270897,1.6195231221894468,ZONE_01,SUSPENSION_FAULT,REAR_BOGIE,3
0.98,RUN_059_SUSPENSION_FAULT,TRAIN001,0.10610695937668227,0.16307301927235834,1.5642051712153047,26.465253595247887,26.250880195716547,26.00490536839627,140.68555929413978,5.01450434582829,0.2358993352037081,1.1829182415569988,1.061967025310088,ZONE_01,SUSPENSION_FAULT,REAR_BOGIE,3
0.99,RUN_059_SUSPENSION_FAULT,TRAIN001,-0.1327981578122005,-0.013930611817300514,0.9096942511031172,26.538776799239802,26.35811433464932,25.987567210839938,140.03888662668749,4.962208531162538,0.25526428219243674,1.2666745987963912,1.113915974650173,ZONE_01,SUSPENSION_FAULT,REAR_BOGIE,3
1.0,RUN_059_SUSPENSION_FAULT,TRAIN001,-0.07545111796812694,-0.5205139583085111,0.8478507816325827,26.548867400373137,26.39244457992318,26.049085951375645,140.3905333001803,4.968417111784314,0.21460109208698833,1.0662277381325942,1.1292686268617764,ZONE_01,SUSPENSION_FAULT,REAR_BOGIE,3
1.01,RUN_059_SUSPENSION_FAULT,TRAIN001,0.12139317951034936,0.1528213627930379,1.0250628543096842,26.546839730419403,26.310592857336683,26.003215657777705,140.49324829915182,5.022616151128001,0.20487057172251955,1.028986242424354,1.122516066504395,ZONE_01,SUSPENSION_FAULT,REAR_BOGIE,3
1.02,RUN_059_SUSPENSION_FAULT,TRAIN001,-0.2115674403792649,0.0696314680386621,-0.7671187485125405,26.48089799885294,26.222188021818184,26.011277356311947,140.49083554292835,4.946497075666631,0.20908883039243736,1.0342572880907477,0.5858405837335527,ZONE_01,SUSPENSION_FAULT,REAR_BOGIE,3
1.03,RUN_059_SUSPENSION_FAULT,TRAIN001,0.04763185338472075,-0.28056156376503466,-0.02408192386654301,26.428215766032412,26.26460179378018,26.02888824631939,139.00616729772528,4.991206832291857,0.22320102852241466,1.1140424985356456,0.682805628712968,ZONE_01,SUSPENSION_FAULT,REAR_BOGIE,3
1.04,RUN_059_SUSPENSION_FAULT,TRAIN001,-0.041670155708780986,-0.7972052672937135,0.25758585030245174,26.497463618775114,26.31440740167914,25.989947555039453,140.63928335975706,4.993098597584605,0.23472499991154652,1.1720050678763894,0.4803981715944093,ZONE_01,SUSPENSION_FAULT,REAR_BOGIE,3
1.05,RUN_059_SUSPENSION_FAULT,TRAIN001,-0.055241530081981995,-0.8313742302599391,-0.9811258399694939,26.447400900796378,26.26473549288115,26.101146016594853,139.9335043117317,4.984469967009305,0.20444065527781008,1.0190283062679468,0.459985487430423,ZONE_01,SUSPENSION_FAULT,REAR_BOGIE,3
1.06,RUN_059_SUSPENSION_FAULT,TRAIN001,-0.07049929598599661,-0.4186326756862857,-0.871726328250626,26.577921438732613,26.197366362052875,25.931680079238085,138.8220716111619,5.012295135617382,0.23428806088218507,1.1743209078930053,0.17947149265491336,ZONE_01,SUSPENSION_FAULT,REAR_BOGIE,3
1.07,RUN_059_SUSPENSION_FAULT,TRAIN001,0.12907609274358106,-1.0466950891781956,-0.22866591474234893,26.402428784361764,26.362436860519534,26.07544749344624,140.7582862254134,4.99457376838756,0.25207707338882046,1.2590175383597084,0.2640704241391051,ZONE_01,SUSPENSION_FAULT,REAR_BOGIE,3
1.08,RUN_059_SUSPENSION_FAULT,TRAIN001,-0.153790096641381,-1.2168497641829608,-0.846886939665463,26.478823391503344,26.257484953929268,26.01588132374399,140.26294608155692,4.990455691356756,0.2410166572365794,1.202782948818068,0.7141692160213933,ZONE_01,SUSPENSION_FAULT,REAR_BOGIE,3
1.09,RUN_059_SUSPENSION_FAULT,TRAIN001,0.08351830044981332,-0.8512171726881265,-0.6070165559262058,26.545517807618804,26.246144874690433,25.935332285181055,140.29022402609084,5.01170062028934,0.26028960174027715,1.3044935584966124,0.8522493035441682,ZONE_01,SUSPENSION_FAULT,REAR_BOGIE,3
1.1,RUN_059_SUSPENSION_FAULT,TRAIN001,0.04771535348445326,-1.0074701375637591,-0.5202920687915948,26.570752210488713,26.249287544311166,25.96401353443259,139.94282413480204,5.003850232495664,0.22219104338957227,1.1118107041233654,0.2632441587922698,ZONE_01,SUSPENSION_FAULT,REAR_BOGIE,3
1.11,RUN_059_SUSPENSION_FAULT,TRAIN001,-0.04297607169026343,-0.31417110314522817,0.5323000931958662,26.677386354648934,26.390328127677254,25.993468663835145,139.5746127972706,5.012264580862529,0.25390525641296846,1.2726403236135402,0.47349025357836577,ZONE_01,SUSPENSION_FAULT,REAR_BOGIE,3
1.12,RUN_059_SUSPENSION_FAULT,TRAIN001,-0.008873681259349562,-0.5680675547513869,-0.4426712928214104,26.504637856155984,26.344964428140358,25.90984522101221,140.62069978539023,4.985201780891298,0.24796641422428561,1.236162609792138,0.7410141948142486,ZONE_01,SUSPENSION_FAULT,REAR_BOGIE,3
1.1300000000000001,RUN_059_SUSPENSION_FAULT,TRAIN001,0.07069849072540033,-0.8394502557553605,0.7888648991853427,26.475658243677636,26.316760410296123,26.003879166913,140.63455172889476,5.049668103168867,0.23708809196395964,1.197216175631574,1.3236404986842238,ZONE_01,SUSPENSION_FAULT,REAR_BOGIE,3
1.1400000000000001,RUN_059_SUSPENSION_FAULT,TRAIN001,-0.05978325035881158,-0.7217266820871874,0.8387698528539097,26.697093288577225,26.260626109513588,26.0348556283113,139.90954711979217,5.037298971398689,0.2661642274800611,1.3407487893084384,1.0474864048823234,ZONE_01,SUSPENSION_FAULT,REAR_BOGIE,3
1.1500000000000001,RUN_059_SUSPENSION_FAULT,TRAIN001,-0.15216379696484428,-0.5434819468197645,1.288212929921572,26.71018992760614,26.34375040759711,26.05384277754643,139.8822742946132,5.005148526053743,0.28507539623449246,1.4268446992772568,1.2980077008266797,ZONE_01,SUSPENSION_FAULT,REAR_BOGIE,3
1.16,RUN_059_SUSPENSION_FAULT,TRAIN001,0.02820181948983559,1.0776300335939326,1.7640147344440629,26.750877037993394,26.28538821878336,26.054784051025607,139.40633842403236,5.030404774566784,0.24932231948823394,1.2541921863596772,1.3233085197834242,ZONE_01,SUSPENSION_FAULT,REAR_BOGIE,3
1.17,RUN_059_SUSPENSION_FAULT,TRAIN001,-0.08466737927045383,0.599271796756218,1.1248261626951475,26.693015805363054,26.33058838297531,26.007709714521564,140.9573092114154,4.988692720234409,0.2066387215023765,1.030857085677451,1.5348479267096014,ZONE_01,SUSPENSION_FAULT,REAR_BOGIE,3
1.18,RUN_059_SUSPENSION_FAULT,TRAIN001,-0.04130797418893175,1.37209431114514,2.994638503597893,26.69275266879355,26.278000987562272,26.00079730558898,139.7232706970341,5.0067029378768,0.21516116767401602,1.0772480503104989,1.239284664111993,ZONE_01,SUSPENSION_FAULT,REAR_BOGIE,3
1.19,RUN_059_SUSPENSION_FAULT,TRAIN001,0.005250091868370292,1.580103865055182,2.4786966110432433,26.550573878739204,26.550505156046782,26.013174742534932,138.82989970058557,4.9836857535690005,0.22530014823307518,1.1228251390261608,1.8578646837243924,ZONE_01,SUSPENSION_FAULT,REAR_BOGIE,3
1.2,RUN_059_SUSPENSION_FAULT,TRAIN001,0.07372576185846613,0.872055489763657,1.6738763808152493,26.714507114243098,26.250618652231736,26.018177098712634,139.07507553465678,4.9912572023309565,0.22760934170768835,1.1360567661163072,1.9830205969312085,ZONE_01,SUSPENSION_FAULT,REAR_BOGIE,3
1.21,RUN_059_SUSPENSION_FAULT,TRAIN001,0.18166662662352748,2.1741941530960607,2.540016205418068,26.648703569699343,26.164500843433444,25.937043917263566,141.34110087977848,4.991078329653497,0.22751710129173375,1.135555673882752,1.5388070622834018,ZONE_01,SUSPENSION_FAULT,REAR_BOGIE,3
1.22,RUN_059_SUSPENSION_FAULT,TRAIN001,0.03425548443008916,0.9809836776423297,3.0107149500738632,26.785822349767933,26.347447172046564,26.001277069445525,140.65298147437045,5.008059934907031,0.22996009789812544,1.1516539529109007,1.4450214164419313,ZONE_01,SUSPENSION_FAULT,REAR_BOGIE,3
1.23,RUN_059_SUSPENSION_FAULT,TRAIN001,0.011512485888677463,1.2040382354608494,1.7920094949084286,26.75054777670329,26.434948979081728,26.095107910486718,139.91897632861975,5.013405061275426,0.20484475530324242,1.0269697330130017,1.1906789961868376,ZONE_01,SUSPENSION_FAULT,REAR_BOGIE,3
1.24,RUN_059_SUSPENSION_FAULT,TRAIN001,0.08195065355669849,0.5452624711823421,2.1598714659039437,26.570430306145898,26.300366628052075,26.008787271699894,141.45954280906625,5.0003131467221005,0.2396113796093417,1.1981319315648111,1.9746356926911606,ZONE_01,SUSPENSION_FAULT,REAR_BOGIE,3
1.25,RUN_059_SUSPENSION_FAULT,TRAIN001,0.02857616675517918,0.9463801360925386,1.751256686999422,26.4290463856921,26.25215216967011,26.073265101269403,138.53424071295618,4.979378787704886,0.23431132929000242,1.1667248627855726,1.4130025979023477,ZONE_01,SUSPENSION_FAULT,REAR_BOGIE,3
1.26,RUN_059_SUSPENSION_FAULT,TRAIN001,-0.1691187068421406,0.38212788717590895,2.039499842255022,27.002913817099316,26.34018102075531,26.05777178085478,139.98095377312757,5.0360992214647,0.22636443730255867,1.1399937664667106,1.4253862358252278,ZONE_01,SUSPENSION_FAULT,REAR_BOGIE,3
1.27,RUN_059_SUSPENSION_FAULT,TRAIN001,-0.060283986855806396,0.6424447442555055,2.7151881718044595,26.614755412249433,26.301402463636492,26.01081197309867,139.70811946401636,5.012615760612268,0.21673535816005235,1.086411072195023,0.9569985766290363,ZONE_01,SUSPENSION_FAULT,REAR_BOGIE,3
1.28,RUN_059_SUSPENSION_FAULT,TRAIN001,-0.12396781596297056,0.9860563736382,1.3216893690019444,26.65398474562298,26.37559927871625,25.956799395624806,139.70081878352102,4.9874056067243515,0.22801308347608565,1.1371937309351372,0.8273129311184942,ZONE_01,SUSPENSION_FAULT,REAR_BOGIE,3
1.29,RUN_059_SUSPENSION_FAULT,TRAIN001,0.0696614401340727,0.21514115224238223,0.22720752413113465,26.61346117976396,26.408148580489705,25.9986123916609,140.33899136520898,4.980060542230346,0.21809757396990054,1.0861391224836658,0.6956809003363364,ZONE_01,SUSPENSION_FAULT,REAR_BOGIE,3
1.3,RUN_059_SUSPENSION_FAULT,TRAIN001,0.12733764954799462,-0.9012060682756963,0.6570723415671139,26.800756565489134,26.401434028169092,26.01208548807126,138.59374779458187,5.0155527679185905,0.2085048014710869,1.045766834142626,0.878542317878339,ZONE_01,SUSPENSION_FAULT,REAR_BOGIE,3
1.31,RUN_059_SUSPENSION_FAULT,TRAIN001,0.035620856742184334,-1.1984972269943972,0.1161630239296249,26.732939410012857,26.165283376491786,25.98183805676999,139.28596111590676,4.997314477248133,0.20331387819852006,1.016023386946928,1.333580461851788,ZONE_01,SUSPENSION_FAULT,REAR_BOGIE,3
1.32,RUN_059_SUSPENSION_FAULT,TRAIN001,-0.10315389287938335,-1.185302523545742,1.7607334074573677,26.92756542096032,26.320378439696785,25.935357192230374,141.02479062582478,5.026137497062671,0.22573060495397204,1.1345530577937997,0.042776440528774495,ZONE_01,SUSPENSION_FAULT,REAR_BOGIE,3
1.33,RUN_059_SUSPENSION_FAULT,TRAIN001,0.08011626504321825,0.008578690315690474,-0.5448428580268111,26.8059033314114,26.173774550299363,25.980099637975655,140.96585373154028,5.019438791347406,0.2453743309069157,1.2316414349550875,0.686281129373002,ZONE_01,SUSPENSION_FAULT,REAR_BOGIE,3
1.34,RUN_059_SUSPENSION_FAULT,TRAIN001,-0.09635564556977544,-1.2020303449227183,-0.5905793055443782,26.740614027254132,26.34754458094767,26.01136251720167,139.09663007204495,5.0389774664993405,0.23774437304945245,1.197988538583204,0.9283846620210796,ZONE_01,SUSPENSION_FAULT,REAR_BOGIE,3
1.35,RUN_059_SUSPENSION_FAULT,TRAIN001,0.025332829543805637,-2.0741478399806192,-0.2801343998137958,26.775984698821947,26.246589302267427,26.029805550683957,140.76502318630028,5.01335153519113,0.23408333931601163,1.173542068522593,0.7480023617908956,ZONE_01,SUSPENSION_FAULT,REAR_BOGIE,3
1.36,RUN_059_SUSPENSION_FAULT,TRAIN001,-0.11998636646360689,-1.3669186083774658,0.13950091182364277,26.887939045670237,26.472210265208716,26.039254790144287,137.3951360821009,4.98517657028732,0.20996071639160857,1.0466912440361877,0.6292406939035251,ZONE_01,SUSPENSION_FAULT,REAR_BOGIE,3
1.37,RUN_059_SUSPENSION_FAULT,TRAIN001,-0.1387117855692386,-0.8514348545665584,0.48037833544660513,26.718539448884894,26.501136800025808,25.973907222734326,140.04004411660372,4.99208656035754,0.25723284624063897,1.2841286346004115,0.5828399093144658,ZONE_01,SUSPENSION_FAULT,REAR_BOGIE,3
1.3800000000000001,RUN_059_SUSPENSION_FAULT,TRAIN001,-0.1404443337120584,-1.2230009143766456,-0.29856619144517077,26.74858611949183,26.414741066296482,25.947777604954283,141.27431140670728,4.971742348764091,0.23673484368647416,1.176984647784091,0.6977115442193709,ZONE_01,SUSPENSION_FAULT,REAR_BOGIE,3
1.3900000000000001,RUN_059_SUSPENSION_FAULT,TRAIN001,0.0017281189226604748,-0.31394601822937845,0.8469491345255713,26.735467162833626,26.34530675178416,25.972612211150793,139.30599809471522,5.021357406035506,0.23439684366121816,1.1769903268696045,0.2730645964868304,ZONE_01,SUSPENSION_FAULT,REAR_BOGIE,3
1.4000000000000001,RUN_059_SUSPENSION_FAULT,TRAIN001,-0.06618494748148306,-0.02014285778195002,-0.09333243691294871,26.6550888582119,26.37194014136924,26.018971933900364,140.20398721920668,5.005491567818002,0.26499244454000953,1.3264174466804972,0.5367917504686975,ZONE_01,SUSPENSION_FAULT,REAR_BOGIE,3
1.41,RUN_059_SUSPENSION_FAULT,TRAIN001,0.04364287775381311,-0.7265022688009506,-0.12962180662242362,26.8046748062689,26.415988263657404,25.99937097336666,140.04695848045262,4.98198159841485,0.23925985820022908,1.1919882107928876,1.1794014123902075,ZONE_01,SUSPENSION_FAULT,REAR_BOGIE,3
1.42,RUN_059_SUSPENSION_FAULT,TRAIN001,-0.12993407460789877,0.41947830411341636,0.8682774709298622,26.742873638257883,26.310783198059703,26.035843111927665,140.26972950036622,5.017847454768411,0.21064674434294064,1.0569932299564768,0.6839268739768127,ZONE_01,SUSPENSION_FAULT,REAR_BOGIE,3
1.43,RUN_059_SUSPENSION_FAULT,TRAIN001,0.04902551811040163,-0.3198863900812111,1.2476225733525956,26.58806377728473,26.251689872093607,25.964939413743625,139.64245811732823,5.017083987947081,0.2801391693519169,1.405481740952298,0.8330206238823122,ZONE_01,SUSPENSION_FAULT,REAR_BOGIE,3
1.44,RUN_059_SUSPENSION_FAULT,TRAIN001,-0.06192310251064989,1.0909331821894763,2.7871193777981227,26.74374419795233,26.25302150144343,26.00287927102842,140.00642473256374,4.991275944901413,0.23963759211860428,1.1960973490356859,1.734168427424239,ZONE_01,SUSPENSION_FAULT,REAR_BOGIE,3
1.45,RUN_059_SUSPENSION_FAULT,TRAIN001,0.12525855584216464,0.25188865440872743,2.0287191344125133,26.792571392576864,26.290830233725988,26.050189731574175,141.11551591549858,5.010486473413383,0.2493496653934333,1.2493631256039508,0.7377395299306755,ZONE_01,SUSPENSION_FAULT,REAR_BOGIE,3
1.46,RUN_059_SUSPENSION_FAULT,TRAIN001,0.10197375299280159,1.3645515591792456,1.8199550075013182,26.76959198853952,26.412386338191496,26.031542983199742,139.94482622638745,4.997415253954474,0.2632279022374543,1.315459133907891,1.2947200837378827,ZONE_01,SUSPENSION_FAULT,REAR_BOGIE,3
1.47,RUN_059_SUSPENSION_FAULT,TRAIN001,-0.021625822875989166,0.8117896479446053,1.1660081856128135,26.882558108329842,26.255982165321857,25.95175908638535,138.53759546256592,4.989159577973248,0.24624975621116885,1.2285793297745302,1.8118179222915163,ZONE_01,SUSPENSION_FAULT,REAR_BOGIE,3
1.48,RUN_059_SUSPENSION_FAULT,TRAIN001,0.010828074864108106,0.5982102053288851,2.610513012181137,26.813387196035674,26.536289237738682,25.99102025633339,139.38240567020347,4.9921478835745505,0.2207629444780453,1.1020812660477597,2.482991762684384,ZONE_01,SUSPENSION_FAULT,REAR_BOGIE,3
1.49,RUN_059_SUSPENSION_FAULT,TRAIN001,0.024359953875065975,1.0035323900251436,3.439773532325165,26.69352859730168,26.31475280337475,26.024035715380805,140.58755976536114,4.96127159564489,0.2730264435266949,1.354558339128935,1.7961731482046082,ZONE_01,SUSPENSION_FAULT,REAR_BOGIE,3
1.5,RUN_059_SUSPENSION_FAULT,TRAIN001,0.046375685456677154,1.1308715682036456,1.973199937308662,26.756652838669023,26.315279873086823,25.987142345564816,139.42464570965478,5.021499825058913,0.2215849288655661,1.112688681534132,1.100834394490989,ZONE_01,SUSPENSION_FAULT,REAR_BOGIE,3
1.51,RUN_059_SUSPENSION_FAULT,TRAIN001,-0.02742268865909811,0.5634303903418239,2.485131839301818,26.790080572351258,26.475597313616536,25.98569794963179,139.1666760163336,4.995827147170265,0.2098904210799074,1.0485762635619995,1.7650170871391568,ZONE_01,SUSPENSION_FAULT,REAR_BOGIE,3
1.52,RUN_059_SUSPENSION_FAULT,TRAIN001,0.1095647855704023,1.194987797246261,2.7564398432549004,26.802388581801818,26.38020233711481,25.945056197749594,140.65651787340727,5.009248712373553,0.20985314177124953,1.0512065802051764,1.7255732459438238,ZONE_01,SUSPENSION_FAULT,REAR_BOGIE,3
1.53,RUN_059_SUSPENSION_FAULT,TRAIN001,-0.050844942482434374,0.3031814362086809,3.5781989459433436,26.89224016771705,26.43022861813703,25.969577685912387,140.4211413244246,4.9906294672339095,0.2533001206389368,1.2641270461145822,1.6229774002309085,ZONE_01,SUSPENSION_FAULT,REAR_BOGIE,3
1.54,RUN_059_SUSPENSION_FAULT,TRAIN001,-0.1925134831754206,0.1424921026737136,1.6513252248730796,26.85353123101898,26.294438484001134,25.99451623432504,140.811382669082,5.016785132537374,0.22944206327148536,1.151061531799087,1.1575726610476829,ZONE_01,SUSPENSION_FAULT,REAR_BOGIE,3
1.55,RUN_059_SUSPENSION_FAULT,TRAIN001,0.02463602052071289,0.5040079553196735,2.0505524034017104,26.825542078294248,26.44198351530122,26.02645121311658,141.4749618689698,4.988561016864899,0.25513757698689477,1.27276937049419,1.4793265808512137,ZONE_01,SUSPENSION_FAULT,REAR_BOGIE,3
1.56,RUN_059_SUSPENSION_FAULT,TRAIN001,-0.01083916331526644,0.5619549488106963,1.4486411195612292,26.753659250496085,26.15609755682582,25.94810280003163,140.89293111457198,5.01390250723269,0.2169453239609098,1.0877427037400138,1.1281458290410202,ZONE_01,SUSPENSION_FAULT,REAR_BOGIE,3
1.57,RUN_059_SUSPENSION_FAULT,TRAIN001,0.08324189998126182,-0.43781121864327605,1.250670639010117,26.817856510288458,26.376595667889223,26.04348277621608,139.22203613416067,4.983959180594672,0.21366493325597177,1.0648973056722484,0.7104868307831438,ZONE_01,SUSPENSION_FAULT,REAR_BOGIE,3
1.58,RUN_059_SUSPENSION_FAULT,TRAIN001,0.059599643671409276,-0.05027005249340655,0.11432102044821146,26.898649200193194,26.390516925157776,25.925804295269067,140.50001798252697,5.000714685591848,0.20548034580776336,1.0275485828813735,1.063362603737232,ZONE_01,SUSPENSION_FAULT,REAR_BOGIE,3
1.59,RUN_059_SUSPENSION_FAULT,TRAIN001,0.012948589152871934,0.20737564502148775,-0.48523639089898274,26.927551282019365,26.34197704848541,25.94078385215504,138.99498946847612,5.020335717404113,0.2487716825772299,1.2489173635211859,1.3859963913464863,ZONE_01,SUSPENSION_FAULT,REAR_BOGIE,3
1.6,RUN_059_SUSPENSION_FAULT,TRAIN001,0.010728639312158917,-0.5750865443806965,-0.42750505849560183,26.806774634888715,26.31877141138825,26.01620529117882,141.2288244439617,4.979428039331301,0.25008043403413943,1.2452575253177358,0.09379785800394824,ZONE_01,SUSPENSION_FAULT,REAR_BOGIE,3
1.61,RUN_059_SUSPENSION_FAULT,TRAIN001,0.01267161833070499,-1.0315203606303833,-1.3404853003840727,27.0662692024226,26.384781938869452,25.99146790652027,140.3615948018203,4.9787360445002005,0.22344000815474246,1.112448822383435,0.21177041887412573,ZONE_01,SUSPENSION_FAULT,REAR_BOGIE,3
1.62,RUN_059_SUSPENSION_FAULT,TRAIN001,-0.06592717798877565,-0.38149968648105825,-0.9001121209274684,26.969535975652384,26.564796046464597,25.92113848270895,139.85394620190687,4.996649855912375,0.23070127815229816,1.1527335082384813,0.7063625431240604,ZONE_01,SUSPENSION_FAULT,REAR_BOGIE,3
1.6300000000000001,RUN_059_SUSPENSION_FAULT,TRAIN001,-0.1217442086883172,-0.24159802973636424,0.17925915048356078,26.909061580126213,26.625869552356505,26.010655848711128,140.19197693654644,4.9954907399689805,0.19466227918705792,0.9724336131002043,0.22790962968035178,ZONE_01,SUSPENSION_FAULT,REAR_BOGIE,3
1.6400000000000001,RUN_059_SUSPENSION_FAULT,TRAIN001,-0.08209204641194146,-1.1477505656741354,0.02695814209851244,26.851701062501128,26.616193312731102,26.0261115575661,139.76776385719472,4.971698159081153,0.26155756857252827,1.300385282165781,0.40796860064673374,ZONE_01,SUSPENSION_FAULT,REAR_BOGIE,3
1.6500000000000001,RUN_059_SUSPENSION_FAULT,TRAIN001,-0.009132381544829293,-0.9081702738965179,-0.4071563440658606,26.96725772399142,26.479270463198088,26.024871624453137,138.87449279925931,4.98703099035074,0.2510829025012521,1.2521582159209574,0.043182061446319864,ZONE_01,SUSPENSION_FAULT,REAR_BOGIE,3
1.6600000000000001,RUN_059_SUSPENSION_FAULT,TRAIN001,-0.22653624992386054,-1.1180357724684042,0.0598299092726281,26.682977289069857,26.349179128731187,25.963965423251157,140.2637350642407,5.027550189965649,0.2272716591811777,1.1426196732901381,0.3049576653643091,ZONE_01,SUSPENSION_FAULT,REAR_BOGIE,3
1.67,RUN_059_SUSPENSION_FAULT,TRAIN001,-0.0435721131495084,-0.5998680464860431,-1.1479476495356509,27.01777660553294,26.270268566031252,26.055796032139526,139.77671666193635,4.999001053553409,0.2355451212843616,1.1774903094598892,0.40444530807582496,ZONE_01,SUSPENSION_FAULT,REAR_BOGIE,3
1.68,RUN_059_SUSPENSION_FAULT,TRAIN001,-0.0981943856096355,-0.19174940488982606,0.14215141546307594,26.885347425033522,26.448170197198262,25.987367722520982,138.81072729769573,5.011998844196022,0.21871717765211557,1.0962102415982191,0.4124933695405486,ZONE_01,SUSPENSION_FAULT,REAR_BOGIE,3
1.69,RUN_059_SUSPENSION_FAULT,TRAIN001,-0.008817387560086947,-0.8589749618986282,0.5589880342522257,26.732447767460474,26.591707378675544,25.949849773672295,139.3390714105935,5.014903711847345,0.2730419499312091,1.3692790882000576,0.7736784720201724,ZONE_01,SUSPENSION_FAULT,REAR_BOGIE,3
1.7,RUN_059_SUSPENSION_FAULT,TRAIN001,-0.08134439107624752,0.546875750181348,-1.0855253644120255,26.97828520298906,26.569695827171767,25.962195218046574,139.4328211732553,5.003924285923594,0.24311011022379977,1.2165045847024334,0.9013302288721602,ZONE_01,SUSPENSION_FAULT,REAR_BOGIE,3
1.71,RUN_059_SUSPENSION_FAULT,TRAIN001,0.006228993965368898,-0.054520064182733786,0.3536107473427086,26.911068216513886,26.31456194801136,26.002407366685077,139.68628109526216,4.981058678718386,0.20609823783808395,1.0265874162519542,0.8623981809148416,ZONE_01,SUSPENSION_FAULT,REAR_BOGIE,3
1.72,RUN_059_SUSPENSION_FAULT,TRAIN001,-0.02281550570815688,0.019149860841056576,0.940260489513211,27.050464052379237,26.390458326548117,26.006574825706643,140.67448582673302,5.042241326823685,0.2216840270884512,1.11778436288209,1.5393971600864012,ZONE_01,SUSPENSION_FAULT,REAR_BOGIE,3
1.73,RUN_059_SUSPENSION_FAULT,TRAIN001,0.12960766664647624,0.5908752541137617,0.9560599104107053,26.96797080925018,26.35649755710983,25.947551009247796,140.4989990050388,4.984029460738724,0.250372403149348,1.2478634334523033,1.3590700583033568,ZONE_01,SUSPENSION_FAULT,REAR_BOGIE,3
1.74,RUN_059_SUSPENSION_FAULT,TRAIN001,-0.034324528278222986,0.6416287902734754,0.3537360446853377,27.017262557262967,26.431033670398033,26.032434499458827,138.66537139977848,5.009232549706498,0.2093148019233969,1.0485065189300482,1.9203291707839047,ZONE_01,SUSPENSION_FAULT,REAR_BOGIE,3
1.75,RUN_059_SUSPENSION_FAULT,TRAIN001,-0.02435304058786614,0.8238029175691495,2.5791254732245643,26.833826862095222,26.459989193396833,26.060856622343483,140.93490769570738,5.004106132329233,0.21313707892641245,1.0665605636824003,0.9246041920738995,ZONE_01,SUSPENSION_FAULT,REAR_BOGIE,3
1.76,RUN_059_SUSPENSION_FAULT,TRAIN001,0.00257461673200062,-0.21210454245787103,2.201750155354233,27.04737620150096,26.310401702268596,25.97913495496477,140.599217254955,4.9929709109825495,0.25264130285628067,1.2614306760741418,1.1460368098839728,ZONE_01,SUSPENSION_FAULT,REAR_BOGIE,3
1.77,RUN_059_SUSPENSION_FAULT,TRAIN001,-0.1817885544404616,1.926606184805733,2.0606639825580277,26.935918449678436,26.46712114462478,26.045733358156642,139.4747016930594,4.997210950654733,0.2511077889209789,1.254838592590613,2.0642929939919425,ZONE_01,SUSPENSION_FAULT,REAR_BOGIE,3
1.78,RUN_059_SUSPENSION_FAULT,TRAIN001,-0.10721804757233129,1.28623701048421,6.471825102348639,27.0599792746792,26.577658125712198,26.002697154398735,140.43219327918888,5.006518740130107,0.24427313047579424,1.2229580054373106,1.6747402280587145,ZONE_01,SUSPENSION_FAULT,REAR_BOGIE,3
1.79,RUN_059_SUSPENSION_FAULT,TRAIN001,0.14362382563890916,1.0923818700929797,2.2592110347742467,26.8993091238006,26.41401065099495,26.022819014489553,140.7760160267038,4.990229210897382,0.23305955711704476,1.1630206098042835,1.5768029169684372,ZONE_01,SUSPENSION_FAULT,REAR_BOGIE,3
1.8,RUN_059_SUSPENSION_FAULT,TRAIN001,0.051649665686071655,1.5404408989039524,1.6776847676452467,26.93473080179205,26.514160856529607,26.004614659148487,138.4342020226787,4.965461479362396,0.22790231806153646,1.1316401813919563,1.430585501581045,ZONE_01,SUSPENSION_FAULT,REAR_BOGIE,3
1.81,RUN_059_SUSPENSION_FAULT,TRAIN001,0.008427974635315506,0.8259962158712968,1.6490387484316633,26.806521972090028,26.45507097935663,25.9740055629617,139.35424140233727,4.973514962941304,0.25204399983364384,1.2535446044922032,1.8614046274149956,ZONE_01,SUSPENSION_FAULT,REAR_BOGIE,3
1.82,RUN_059_SUSPENSION_FAULT,TRAIN001,0.10815391821217131,0.6611317737002204,2.66166094258564,27.098832246318224,26.530675258588996,26.006388508131643,140.87889041234737,5.028910736162335,0.2463585677088497,1.23891524609661,1.9654540484255096,ZONE_01,SUSPENSION_FAULT,REAR_BOGIE,3
1.83,RUN_059_SUSPENSION_FAULT,TRAIN001,-0.01802440347292769,1.2158188223662523,1.8408031642861706,26.718820415705835,26.411619046075916,26.050153506434928,139.50011351377609,5.0148260195607905,0.2265836262799763,1.1362774646752634,1.7160348348704137,ZONE_01,SUSPENSION_FAULT,REAR_BOGIE,3
1.84,RUN_059_SUSPENSION_FAULT,TRAIN001,-0.024915198484000246,0.05031296489692205,0.7179668164573437,26.957864725566452,26.556688761875105,26.042452866670047,139.64715685443383,4.996071161925055,0.2590896204917562,1.2944301812929702,0.8474013495821009,ZONE_01,SUSPENSION_FAULT,REAR_BOGIE,3
1.85,RUN_059_SUSPENSION_FAULT,TRAIN001,-0.03026655823971458,0.15708916136978865,1.3518122611701404,26.90066262176582,26.566189742641438,25.980353200936634,140.15161406031584,4.963552216388257,0.21454395587548095,1.0649001276984478,0.9215693550088722,ZONE_01,SUSPENSION_FAULT,REAR_BOGIE,3
1.86,RUN_059_SUSPENSION_FAULT,TRAIN001,-0.17759262400550235,0.3836347551593834,0.2797877302624707,26.977215075341277,26.35977069133333,25.923967444883946,139.23980387745183,5.028048861658083,0.2517887201698893,1.2660059878285574,1.4549905583679603,ZONE_01,SUSPENSION_FAULT,REAR_BOGIE,3
1.87,RUN_059_SUSPENSION_FAULT,TRAIN001,0.0939084003372752,-0.18877950297030033,0.8581624555594775,26.898605776880885,26.505644280177464,26.028801023676667,140.28473096053176,4.997278115099589,0.25493750106532226,1.2739935947919132,0.36727466123236163,ZONE_01,SUSPENSION_FAULT,REAR_BOGIE,3
1.8800000000000001,RUN_059_SUSPENSION_FAULT,TRAIN001,-0.018917795387329732,-0.24186167166442285,0.7699618600253804,27.045729840739572,26.4256281604153,25.96385979142868,140.96516525855236,5.005081991263568,0.24884699882369382,1.245499632392456,0.6790209469457271,ZONE_01,SUSPENSION_FAULT,REAR_BOGIE,3
1.8900000000000001,RUN_059_SUSPENSION_FAULT,TRAIN001,-0.009410845642038007,-1.2213203014823546,-0.2814057586190787,26.857768128158135,26.401351828108606,26.03327448431606,140.95161016745556,4.984530109674512,0.21556708023979843,1.0745006021098966,1.2434017974862288,ZONE_01,SUSPENSION_FAULT,REAR_BOGIE,3
1.9000000000000001,RUN_059_SUSPENSION_FAULT,TRAIN001,-0.03342259212106848,-1.706819558346747,0.046766329114120264,27.010159381366755,26.582731364754334,26.03004805126555,140.8350524182627,5.0144133017950585,0.24372912445724168,1.222158563713256,0.7867252223970997,ZONE_01,SUSPENSION_FAULT,REAR_BOGIE,3
1.9100000000000001,RUN_059_SUSPENSION_FAULT,TRAIN001,-0.06349649103807635,-0.5866841605905618,0.11399658757871384,27.001685863166006,26.466288703755264,25.94894377415553,139.7897566155143,5.022058130574494,0.21323682844941597,1.070887748052308,0.6162219525802888,ZONE_01,SUSPENSION_FAULT,REAR_BOGIE,3
1.92,RUN_059_SUSPENSION_FAULT,TRAIN001,-0.22591016503886793,-0.6651010060850033,-1.5852792492136643,27.040150032441055,26.536913582333487,25.96311975118092,139.83399034956747,4.993868474573171,0.23642588616927096,1.1806797795137474,0.44893565522687856,ZONE_01,SUSPENSION_FAULT,REAR_BOGIE,3
1.93,RUN_059_SUSPENSION_FAULT,TRAIN001,0.015113455564731319,-0.4109238195206484,0.05709418560552304,27.129588936801717,26.410552656674025,26.063371404379694,140.45754102607907,4.982867846849687,0.2402235960999594,1.1970024330610936,0.1718846354487522,ZONE_01,SUSPENSION_FAULT,REAR_BOGIE,3
1.94,RUN_059_SUSPENSION_FAULT,TRAIN001,0.21810168127442686,-0.1604838903828102,-0.5237281252493746,27.07341412601001,26.494135819551794,26.058860675776224,139.85170878164143,5.012010224070778,0.22914364065258191,1.148470269731541,0.39256028453674263,ZONE_01,SUSPENSION_FAULT,REAR_BOGIE,3
1.95,RUN_059_SUSPENSION_FAULT,TRAIN001,0.09881647906374783,-0.8725534783567302,0.2974935339611009,27.109803352237748,26.415297616599553,25.92062965998916,140.34331099513042,5.011346899756624,0.24236999264009448,1.2146001112109734,0.2375870106905752,ZONE_01,SUSPENSION_FAULT,REAR_BOGIE,3
1.96,RUN_059_SUSPENSION_FAULT,TRAIN001,-0.028816837880616498,-0.5947875488027337,0.07219228058881916,27.277075604042533,26.580062853062046,26.00595232956737,140.210045323964,5.0266282359279515,0.2302086173102876,1.157173135925824,1.0605019662024096,ZONE_01,SUSPENSION_FAULT,REAR_BOGIE,3
1.97,RUN_059_SUSPENSION_FAULT,TRAIN001,-0.09246934116752796,-0.1073142153020249,1.0755685800720691,27.19616225713192,26.673587448803893,26.06801339330334,141.58161613277633,4.994370925501797,0.23037422943010064,1.150574353450575,0.8772084881181377,ZONE_01,SUSPENSION_FAULT,REAR_BOGIE,3
1.98,RUN_059_SUSPENSION_FAULT,TRAIN001,0.002568686772974804,-1.1337981132980226,1.439836317286372,26.926072471069194,26.45375369592977,26.048896694423046,140.37859698988768,4.988212709959479,0.24499389168333977,1.2220816443572713,1.2654547687199933,ZONE_01,SUSPENSION_FAULT,REAR_BOGIE,3
1.99,RUN_059_SUSPENSION_FAULT,TRAIN001,0.03708999053802636,-0.24238468404755886,-0.05843800471456018,27.104957333656735,26.468833068349422,25.959497082930785,139.4994359614693,5.011203054060693,0.24554773771804994,1.2304895731703858,1.5333779325737709,ZONE_01,SUSPENSION_FAULT,REAR_BOGIE,3
2.0,RUN_059_SUSPENSION_FAULT,TRAIN001,-0.012032195102693634,-0.1693254148755095,0.283084596853592,27.077991799210007,26.61049138796524,26.024308541653102,140.54481623919355,4.98885970831522,0.24966078687709298,1.2455226403974025,1.338302722674499,ZONE_01,SUSPENSION_FAULT,REAR_BOGIE,3
2.0100000000000002,RUN_059_SUSPENSION_FAULT,TRAIN001,0.08340533164096553,0.3981003274650806,1.0026929425818212,26.97426256259528,26.480337840945374,26.01573091983045,139.82955619787103,4.980492139301802,0.24530565997278558,1.2217429112206992,1.39247258696334,ZONE_01,SUSPENSION_FAULT,REAR_BOGIE,3
2.02,RUN_059_SUSPENSION_FAULT,TRAIN001,-0.09531520432963025,1.172447343546715,2.1843187882160233,27.134669304204998,26.451595028948034,25.983087322581476,139.58253408900262,5.000234514649857,0.259742421296585,1.2987730198859082,1.4451534717116503,ZONE_01,SUSPENSION_FAULT,REAR_BOGIE,3
2.0300000000000002,RUN_059_SUSPENSION_FAULT,TRAIN001,0.1067676535237283,0.6325417659179079,1.8012565946014105,26.957306840704412,26.67325361108,26.04956589639401,139.60252623110452,4.974143488480398,0.24637036130360884,1.225481528432909,1.845209517213482,ZONE_01,SUSPENSION_FAULT,REAR_BOGIE,3
2.04,RUN_059_SUSPENSION_FAULT,TRAIN001,0.01551268513601096,0.5024189135876199,2.120709893883833,27.202845477183907,26.45537999459738,25.956762989323714,139.92767364019485,4.965194497069985,0.2295000430817592,1.1395123509868752,1.47483164576152,ZONE_01,SUSPENSION_FAULT,REAR_BOGIE,3
2.05,RUN_059_SUSPENSION_FAULT,TRAIN001,-0.05491784915580958,0.5237250965164734,0.9573939163789793,27.178669344378896,26.582205169540458,26.007236100112262,140.26914159837497,4.997109192197337,0.20175395043783714,1.008186520295042,1.489408044543246,ZONE_01,SUSPENSION_FAULT,REAR_BOGIE,3
2.06,RUN_059_SUSPENSION_FAULT,TRAIN001,-0.028366471374671205,0.5530685450411497,3.3345803263177194,27.209152701029414,26.489603257412178,26.04389423799806,140.71218752502094,5.008074735387874,0.20044133909067724,1.0038252062273345,1.744555439430301,ZONE_01,SUSPENSION_FAULT,REAR_BOGIE,3
2.07,RUN_059_SUSPENSION_FAULT,TRAIN001,0.034733948323304564,1.0600127202637226,3.8757811249529466,27.12081185720502,26.56000135779748,26.000416729230132,140.38975531607693,5.010385786715207,0.2551753739116983,1.2785270665669117,1.5808717040675377,ZONE_01,SUSPENSION_FAULT,REAR_BOGIE,3
2.08,RUN_059_SUSPENSION_FAULT,TRAIN001,0.07622990882029884,-0.06779312536198834,2.6116853580247903,27.11985335283308,26.628413670440125,26.010178885649605,140.96356368637254,4.9676746317893725,0.2351578880319407,1.1681878748414376,1.3706364803440416,ZONE_01,SUSPENSION_FAULT,REAR_BOGIE,3
2.09,RUN_059_SUSPENSION_FAULT,TRAIN001,0.007244334390410466,1.4039207080585587,3.558364834567185,27.108119497108053,26.59587120312722,26.007979785038813,139.50449950447904,5.0305338263031,0.2088744619982476,1.050750046533046,1.8084146765336002,ZONE_01,SUSPENSION_FAULT,REAR_BOGIE,3
2.1,RUN_059_SUSPENSION_FAULT,TRAIN001,0.0581881236606464,0.8711714103815266,3.219384381946062,27.040409452385198,26.40164425469857,25.921364035058453,140.89078148031157,4.9645788795602614,0.2248799566929769,1.1164342834343792,1.5439684421551776,ZONE_01,SUSPENSION_FAULT,REAR_BOGIE,3
2.11,RUN_059_SUSPENSION_FAULT,TRAIN001,0.24035252331758425,0.565103065587848,1.8116426921961977,27.101267213961524,26.39811443225112,25.95587311296204,140.0117879782028,5.017246260922191,0.24556670406720515,1.2320686277881712,1.3512542618325312,ZONE_01,SUSPENSION_FAULT,REAR_BOGIE,3
2.12,RUN_059_SUSPENSION_FAULT,TRAIN001,-0.16389014461790608,0.5018954268266951,2.082621874334372,27.232208197959157,26.576023478382872,25.944433370098327,140.47426455916275,5.0105198260032004,0.18636582346381897,0.9337896533548774,1.1160129103751473,ZONE_01,SUSPENSION_FAULT,REAR_BOGIE,3
2.13,RUN_059_SUSPENSION_FAULT,TRAIN001,-0.2005357141833165,0.14823751408876523,1.3812781809885901,27.17133911234681,26.605430063749445,26.04357326974598,139.38072835297726,5.014467267030528,0.22882227942670796,1.14742183015254,1.5104039255577675,ZONE_01,SUSPENSION_FAULT,REAR_BOGIE,3
2.14,RUN_059_SUSPENSION_FAULT,TRAIN001,0.008873729362989101,0.6952808961113813,1.2835156022319167,27.045930332961927,26.510416528759254,26.065347024465723,140.00358348559297,5.013157792194719,0.22622315437831633,1.1340923691465254,1.227216961900872,ZONE_01,SUSPENSION_FAULT,REAR_BOGIE,3
2.15,RUN_059_SUSPENSION_FAULT,TRAIN001,-0.09677575238123604,-0.8407004394292382,1.1197306696933929,27.18005641182819,26.60623504458944,26.007559563496105,139.94468537010806,4.984794384216356,0.2558650677182615,1.2754347526791274,0.9822562613891628,ZONE_01,SUSPENSION_FAULT,REAR_BOGIE,3
2.16,RUN_059_SUSPENSION_FAULT,TRAIN001,0.01130262976278113,-1.236362666776201,-0.2954772739158079,27.192127000005073,26.511465987340088,26.07673255727696,140.16695419437522,4.956578580109004,0.24828079348866505,1.2306232628583842,1.0381985878405278,ZONE_01,SUSPENSION_FAULT,REAR_BOGIE,3
2.17,RUN_059_SUSPENSION_FAULT,TRAIN001,-0.16104158369529772,-0.3981462203089643,-0.13100173566493045,27.227658586947943,26.408503565595225,26.03066052521978,139.66743995907154,4.972247132034316,0.20821168045348287,1.0352799309908758,1.4436651604033872,ZONE_01,SUSPENSION_FAULT,REAR_BOGIE,3
2.18,RUN_059_SUSPENSION_FAULT,TRAIN001,0.013291960020762062,-1.4027755873886099,-0.11164589293838623,26.97250216399884,26.46082825784644,25.988896089768826,138.58493355374705,5.026636253382791,0.24322930693135944,1.2226252521063417,0.4595924171565321,ZONE_01,SUSPENSION_FAULT,REAR_BOGIE,3
2.19,RUN_059_SUSPENSION_FAULT,TRAIN001,0.13108678990299483,-0.7814611639221445,5.745801757053309,27.29228480121642,26.63481352436451,26.038465269938573,140.14473406110076,5.007984280461852,0.2329361005110894,1.1665403297116177,0.40327933916659275,ZONE_01,SUSPENSION_FAULT,REAR_BOGIE,3
2.2,RUN_059_SUSPENSION_FAULT,TRAIN001,0.11084766749832878,-0.7770729459854399,-1.0432189424153815,26.942628562104183,26.55711618965771,26.025229627976582,139.45139365656456,5.0188072772680545,0.24735580520335818,1.2414311152291133,0.9759097580941611,ZONE_01,SUSPENSION_FAULT,REAR_BOGIE,3
2.21,RUN_059_SUSPENSION_FAULT,TRAIN001,-0.10980002376446535,-1.9074708823695286,-1.653879288608736,27.274013110471447,26.399345436299555,26.006346780648514,139.01375850948793,4.978193984200957,0.23062164488733722,1.1480792852046715,0.6135401182498965,ZONE_01,SUSPENSION_FAULT,REAR_BOGIE,3
2.22,RUN_059_SUSPENSION_FAULT,TRAIN001,-0.030954742329323628,-1.0716972465925925,0.5524097337636629,27.34401291143656,26.706189935613658,26.039035051383756,140.44998160928105,4.989702156387086,0.2120287616076109,1.0579603690095793,0.8882753056662183,ZONE_01,SUSPENSION_FAULT,REAR_BOGIE,3
2.23,RUN_059_SUSPENSION_FAULT,TRAIN001,0.08851676162962246,-0.6630203890078346,-0.16696499097244757,27.22676146706809,26.700488116110332,26.01846511885519,139.61183958763752,4.980557999232912,0.2400316633622358,1.195491621027965,0.6305862661152125,ZONE_01,SUSPENSION_FAULT,REAR_BOGIE,3
2.24,RUN_059_SUSPENSION_FAULT,TRAIN001,0.182454133543238,-1.1443017595197436,-0.8328472698824554,27.22784624080627,26.757383947750302,25.981363883913566,141.07896166769544,4.957721874041698,0.260312100327013,1.2905549938689695,0.4270829099891108,ZONE_01,SUSPENSION_FAULT,REAR_BOGIE,3
2.25,RUN_059_SUSPENSION_FAULT,TRAIN001,-0.0953108464452383,-1.208752085446692,0.7138031947240614,27.207747806250286,26.612900344786745,25.982547924835153,140.14251889452638,4.991173901596537,0.19896419158254475,0.9930648803790507,0.5765932294665049,ZONE_01,SUSPENSION_FAULT,REAR_BOGIE,3
2.2600000000000002,RUN_059_SUSPENSION_FAULT,TRAIN001,-0.08540527628140865,0.02907147860332271,-0.10417393483187992,27.13995305000353,26.507974364722674,25.966923550570453,139.46743298049063,4.98596696535027,0.2073458668678251,1.0338196426048911,1.0017750455391434,ZONE_01,SUSPENSION_FAULT,REAR_BOGIE,3
2.27,RUN_059_SUSPENSION_FAULT,TRAIN001,0.11176389934725411,-0.8594974885954874,1.2453261439586312,26.925871636563492,26.775434834876,25.981528231817475,139.09231815908566,5.0034867906877,0.2119465737075639,1.060471881877313,0.9077400876367877,ZONE_01,SUSPENSION_FAULT,REAR_BOGIE,3
2.2800000000000002,RUN_059_SUSPENSION_FAULT,TRAIN001,-0.035922540022646686,-0.08206986507412029,0.036273666396379745,27.18729975533594,26.61051136126937,25.999510896409816,139.26708675172566,5.008864592310197,0.2591246305169882,1.2979201867920045,0.7022369656082511,ZONE_01,SUSPENSION_FAULT,REAR_BOGIE,3
2.29,RUN_059_SUSPENSION_FAULT,TRAIN001,-0.1026728648812657,0.4442145998922951,0.796701887421988,26.967555388490382,26.654707959648608,26.022678869484363,139.34121957114073,4.968094911428423,0.22430441130462273,1.1143656044134442,1.2055870766801295,ZONE_01,SUSPENSION_FAULT,REAR_BOGIE,3
2.3000000000000003,RUN_059_SUSPENSION_FAULT,TRAIN001,0.1051168587750418,-0.15819018979604754,1.4963334580018806,27.383683780362347,26.535169479236973,26.042328159946518,141.18737768893914,5.02305910010969,0.20369723591549535,1.0231832545325195,1.347955315710858,ZONE_01,SUSPENSION_FAULT,REAR_BOGIE,3
2.31,RUN_059_SUSPENSION_FAULT,TRAIN001,-0.16800395501971335,0.8023638789250105,1.9061574501708392,27.278435759222976,26.416922650055977,25.902511662691623,140.37568833457038,4.982122083071643,0.23152939487424787,1.1535077110832048,0.8309425032720212,ZONE_01,SUSPENSION_FAULT,REAR_BOGIE,3
2.32,RUN_059_SUSPENSION_FAULT,TRAIN001,-0.0683959273750414,0.33403384418109294,1.813006403776171,27.265588825575087,26.63757260971601,26.00696450550013,140.86049900053777,5.013633445017782,0.2574154110108142,1.290586513906817,1.1190189190575472,ZONE_01,SUSPENSION_FAULT,REAR_BOGIE,3
2.33,RUN_059_SUSPENSION_FAULT,TRAIN001,0.09663374907996439,1.0471532612047594,1.404972117702259,27.26092431233099,26.675824428893605,26.026265408135,139.637090508749,5.0229109645432715,0.26383543676343807,1.325221908154136,1.1216881982472915,ZONE_01,SUSPENSION_FAULT,REAR_BOGIE,3
2.34,RUN_059_SUSPENSION_FAULT,TRAIN001,-0.06283278119167236,0.9644904157844906,1.8363404384787319,27.195432676251247,26.59714118557135,26.042944585071904,140.46547372826302,5.008998990952787,0.2597097469218628,1.3008858602722144,1.6235445347133797,ZONE_01,SUSPENSION_FAULT,REAR_BOGIE,3
2.35,RUN_059_SUSPENSION_FAULT,TRAIN001,0.0763735264582555,1.5919925085714268,1.6723336070886754,27.371284120819336,26.617891983046057,25.875510195016687,139.98443892058484,5.004876484515291,0.24408436694547533,1.221612108363211,1.5080247095946795,ZONE_01,SUSPENSION_FAULT,REAR_BOGIE,3
2.36,RUN_059_SUSPENSION_FAULT,TRAIN001,-0.12266616471466428,1.510319063396774,2.7111721101412,27.156903233720787,26.58645144625116,26.00933432353502,138.25862371855033,5.0230907835358884,0.22174497613519334,1.113845145920075,1.8985389832603752,ZONE_01,SUSPENSION_FAULT,REAR_BOGIE,3
2.37,RUN_059_SUSPENSION_FAULT,TRAIN001,0.07753652935537618,1.4916199818153641,2.101114251405964,27.27162658391223,26.61077328188859,26.05277041028459,139.18475550327787,5.033287822645268,0.2663601690621028,1.3406673953780168,1.6200409459793064,ZONE_01,SUSPENSION_FAULT,REAR_BOGIE,3
2.38,RUN_059_SUSPENSION_FAULT,TRAIN001,0.047210372679253314,0.4989492873106007,1.6961706048505598,27.21508599055813,26.651281847603265,25.97404884838957,138.55847487043195,5.003771686897115,0.22867797975095128,1.1442524004946417,1.835707525304241,ZONE_01,SUSPENSION_FAULT,REAR_BOGIE,3
2.39,RUN_059_SUSPENSION_FAULT,TRAIN001,0.1620670952699607,0.879748546954354,3.074690298218691,27.196583363924393,26.522835033188894,25.987668295261617,140.3135911270722,5.0324413314570755,0.21823113682473294,1.0982353927676503,1.5429308000204636,ZONE_01,SUSPENSION_FAULT,REAR_BOGIE,3
2.4,RUN_059_SUSPENSION_FAULT,TRAIN001,-0.024588160878037005,0.30256851934264656,1.0483002150566645,27.270057888495092,26.60719874824019,26.047906571565974,139.7290961955877,4.98482182799922,0.2102074537384263,1.0478467038034436,0.5544169539009584,ZONE_01,SUSPENSION_FAULT,REAR_BOGIE,3
2.41,RUN_059_SUSPENSION_FAULT,TRAIN001,-0.03526482928350604,1.484529460146546,0.7511450866642534,27.260122962191403,26.51753061367756,26.043835364016147,140.31532584427663,4.9847374019466,0.19214252441856589,0.9577800279736634,1.2650079175459603,ZONE_01,SUSPENSION_FAULT,REAR_BOGIE,3
2.42,RUN_059_SUSPENSION_FAULT,TRAIN001,-0.009582564209928604,0.09869789754909493,1.0423029209820767,27.09454229024634,26.646309158848577,26.00050710429692,138.2862794443405,5.000714508659917,0.21178617310875267,1.0590821885985002,1.3394854334413526,ZONE_01,SUSPENSION_FAULT,REAR_BOGIE,3
2.43,RUN_059_SUSPENSION_FAULT,TRAIN001,0.10475643737320228,-0.08268386299812394,0.9277102023668004,27.446387194776268,26.699720228615497,26.044939736963723,141.40114265417176,5.015578802085348,0.22295549416434032,1.1182508503391289,0.8974534756887076,ZONE_01,SUSPENSION_FAULT,REAR_BOGIE,3
2.44,RUN_059_SUSPENSION_FAULT,TRAIN001,-0.07426763975219057,-0.6549821792929671,0.7379509104722168,27.420922367384037,26.756715847179493,26.066831724299032,141.27458452484927,5.0099374134315875,0.252720573624394,1.2661142569447434,1.0161883933014035,ZONE_01,SUSPENSION_FAULT,REAR_BOGIE,3
2.45,RUN_059_SUSPENSION_FAULT,TRAIN001,-0.014212965964341923,-0.536326773341289,0.5751617478429059,27.25513761818738,26.68088500029214,26.006120435949562,141.30731165876824,5.012433245854424,0.23575066331297248,1.181684462522176,0.9024061517866389,ZONE_01,SUSPENSION_FAULT,REAR_BOGIE,3
2.46,RUN_059_SUSPENSION_FAULT,TRAIN001,0.1949641300684506,-1.151928395997984,0.5557839120655884,27.189758361001754,26.660516084200033,26.02433260333032,139.28719686076937,4.992490056508342,0.25465074686385164,1.2713413216002023,0.7129709915248281,ZONE_01,SUSPENSION_FAULT,REAR_BOGIE,3
2.47,RUN_059_SUSPENSION_FAULT,TRAIN001,0.07802745878301791,-0.6586525404196308,-0.5655482494551172,27.322267899353825,26.648184797389543,25.958330748207818,139.52371772893807,5.023749014406555,0.1895183811383755,0.9520927804558397,0.5184548095019923,ZONE_01,SUSPENSION_FAULT,REAR_BOGIE,3
2.48,RUN_059_SUSPENSION_FAULT,TRAIN001,0.0724282774988355,-0.6744942042548607,-0.3386401610847173,27.460614035419706,26.592876039826788,25.977477663009353,139.278641990867,4.976968036892147,0.23150821326918067,1.1522089777187228,0.6727406009991664,ZONE_01,SUSPENSION_FAULT,REAR_BOGIE,3
2.49,RUN_059_SUSPENSION_FAULT,TRAIN001,-0.05210919451022279,-1.5201741271234506,0.3888576423548984,27.13996256372786,26.518776008355385,26.013834766656384,138.7191595951156,5.000355557322127,0.2368026942387947,1.1840976681258095,0.6933573844945905,ZONE_01,SUSPENSION_FAULT,REAR_BOGIE,3
2.5,RUN_059_SUSPENSION_FAULT,TRAIN001,0.08610453544125321,-1.435457884379849,-1.2794045349406917,27.281322174235143,26.69960274273899,25.998124969080934,138.88090697680934,5.011858095475391,0.20497704972657582,1.027315886058801,0.18730952323893973,ZONE_01,SUSPENSION_FAULT,REAR_BOGIE,3
2.5100000000000002,RUN_059_SUSPENSION_FAULT,TRAIN001,-0.11646582129167116,-0.7254060334454842,-0.18191424011711077,27.48073646269659,26.591062490972863,26.018435999498244,139.75331750208397,5.005063393154219,0.24265700734593698,1.2145137045595036,1.0825608329113252,ZONE_01,SUSPENSION_FAULT,REAR_BOGIE,3
2.52,RUN_059_SUSPENSION_FAULT,TRAIN001,-0.1491955931955876,-1.1936278529458098,-0.3252584746172784,27.195695686046044,26.685431439201405,26.01226972078061,139.5862812512861,4.979823317627114,0.21290302516723297,1.060219449121139,0.5548780549433902,ZONE_01,SUSPENSION_FAULT,REAR_BOGIE,3
2.5300000000000002,RUN_059_SUSPENSION_FAULT,TRAIN001,-0.09423917184011749,-0.6363295912003393,-0.12129662760983125,27.287160977756795,26.72519555926101,26.013358027441555,140.43743547933386,4.9918663979443805,0.219608836173786,1.0962579699875947,0.5751128374942877,ZONE_01,SUSPENSION_FAULT,REAR_BOGIE,3
2.54,RUN_059_SUSPENSION_FAULT,TRAIN001,0.1417731526575838,-1.1746814771466196,-0.9429352733791782,27.20149153058317,26.688173138694957,25.98467933638663,139.4523743479768,4.987853090194926,0.20794615473479,1.0372048704880745,0.37024208923779084,ZONE_01,SUSPENSION_FAULT,REAR_BOGIE,3
2.5500000000000003,RUN_059_SUSPENSION_FAULT,TRAIN001,0.01672802322293859,0.7863139120178204,0.28911637019357983,27.481556624518923,26.78777836902242,25.999105468846995,140.07890944536368,4.975584145864321,0.20999698383662277,1.0448576634568263,0.5120757319198238,ZONE_01,SUSPENSION_FAULT,REAR_BOGIE,3
2.56,RUN_059_SUSPENSION_FAULT,TRAIN001,-0.09340662988133108,-1.491158394507929,1.0976497362249584,27.41977716186665,26.7046966555426,25.99046235459464,138.61687633752808,5.01304284659589,0.22233151557485978,1.1145574137253735,0.7282098236032911,ZONE_01,SUSPENSION_FAULT,REAR_BOGIE,3
2.57,RUN_059_SUSPENSION_FAULT,TRAIN001,-0.035818313297151724,-9.956331243442251e-05,0.7539362978987921,27.355258332723828,26.66476158531034,26.061918618599137,138.98425586715183,5.019721917368814,0.2114180200092697,1.0612596687672498,0.8386773188714833,ZONE_01,SUSPENSION_FAULT,REAR_BOGIE,3
2.58,RUN_059_SUSPENSION_FAULT,TRAIN001,0.04507769020881457,0.3037964646950628,0.9281475185633186,27.372506852642502,26.729351916777986,26.020125129213284,138.6133906921452,5.0212193056489145,0.2076249281922352,1.0425302977728208,1.0858651105978778,ZONE_01,SUSPENSION_FAULT,REAR_BOGIE,3
2.59,RUN_059_SUSPENSION_FAULT,TRAIN001,0.11815528854286779,0.748224551175794,1.8364427588060364,27.22451000191529,26.52837448439954,25.978693878248198,140.2721133746143,4.992024597207003,0.2149648598887212,1.0731098680996531,1.2215377932373712,ZONE_01,SUSPENSION_FAULT,REAR_BOGIE,3
2.6,RUN_059_SUSPENSION_FAULT,TRAIN001,-0.1633437005626986,0.09470228788055512,1.7422132975130689,27.314893016959193,26.641079856168847,26.02826303983417,140.94667532767346,5.010568054002904,0.23600491936344908,1.1825187095500294,1.6372749219329052,ZONE_01,SUSPENSION_FAULT,REAR_BOGIE,3
2.61,RUN_059_SUSPENSION_FAULT,TRAIN001,0.13369807892725055,0.6387209308009455,1.2180846512507804,27.369541103718092,26.665659509562648,26.02932551441431,139.96326145708258,5.003284245036242,0.2788912980488193,1.3953724376053642,1.4644100013638597,ZONE_01,SUSPENSION_FAULT,REAR_BOGIE,3
2.62,RUN_059_SUSPENSION_FAULT,TRAIN001,0.09313614951560027,0.8956034177956607,1.2221301417636974,27.476849692552246,26.59587002419351,25.94006751356865,140.04948787639418,5.015381836129922,0.2338938456558561,1.1730669450849562,1.7112282449728249,ZONE_01,SUSPENSION_FAULT,REAR_BOGIE,3
2.63,RUN_059_SUSPENSION_FAULT,TRAIN001,-0.069761457184334,0.7827996789428288,2.6058579140230393,27.337229197806074,26.773376240430938,26.022466385528702,140.68547590293917,5.011265668629745,0.2399763276119134,1.202585131845426,0.915095933796403,ZONE_01,SUSPENSION_FAULT,REAR_BOGIE,3
2.64,RUN_059_SUSPENSION_FAULT,TRAIN001,-0.039933666415062775,1.3068914192389596,1.7894210292848076,27.368175910347237,26.728684514880996,26.078359920945292,139.51153935588016,5.005010792417254,0.25404880508199496,1.271517011236092,1.305874671489577,ZONE_01,SUSPENSION_FAULT,REAR_BOGIE,3
2.65,RUN_059_SUSPENSION_FAULT,TRAIN001,0.04905327418211018,0.864977708138668,0.42927378907868396,27.48314215760434,26.57226213098219,25.889794635449576,140.7178576512135,5.006986643844895,0.21692081897330862,1.0861196433712526,1.9738208108237494,ZONE_01,SUSPENSION_FAULT,REAR_BOGIE,3
2.66,RUN_059_SUSPENSION_FAULT,TRAIN001,-0.028654872144493027,1.5357696879827536,2.3385667226661115,27.519771000169555,26.732841234357,26.04947967851838,139.451295609062,5.043169630578002,0.2572908079852961,1.2975611890583212,1.0648536518798535,ZONE_01,SUSPENSION_FAULT,REAR_BOGIE,3
2.67,RUN_059_SUSPENSION_FAULT,TRAIN001,0.01374471591875142,0.5785163799172348,1.7148442679168305,27.189712253570786,26.705117594294588,26.057714201777536,141.35473585780622,4.983404957514132,0.2371990327534919,1.1820588357413087,2.0742020896307705,ZONE_01,SUSPENSION_FAULT,REAR_BOGIE,3
2.68,RUN_059_SUSPENSION_FAULT,TRAIN001,-0.10601068294799701,0.01890726831488998,0.9210349831021787,27.438267580117554,26.61816139127339,25.975726620064545,140.53880391106205,5.026550026563697,0.22812507989965256,1.1466821264294442,1.2930951518196792,ZONE_01,SUSPENSION_FAULT,REAR_BOGIE,3
2.69,RUN_059_SUSPENSION_FAULT,TRAIN001,-0.18227845166606402,0.9193756723048292,2.030982807557414,27.298930387369357,26.53911734720886,26.035517190892318,139.70266069968093,5.029634438481276,0.2276108008092761,1.1447991223206369,1.1953187028110557,ZONE_01,SUSPENSION_FAULT,REAR_BOGIE,3
2.7,RUN_059_SUSPENSION_FAULT,TRAIN001,0.24287443336133113,0.22457518689166,1.2781212538981725,27.42271479572713,26.6724664593535,25.98787451496027,140.7211661331687,4.9884010988484455,0.22893718640547284,1.1420305122323322,0.8761736813939345,ZONE_01,SUSPENSION_FAULT,REAR_BOGIE,3
2.71,RUN_059_SUSPENSION_FAULT,TRAIN001,0.017061963963912612,-0.2637689004246833,1.136820534644822,27.33225192738492,26.688244573935116,26.00985966274109,140.47926783888062,5.008787359406367,0.23409539064758622,1.1725340335709253,1.5597375913275016,ZONE_01,SUSPENSION_FAULT,REAR_BOGIE,3
2.72,RUN_059_SUSPENSION_FAULT,TRAIN001,0.022445249302925477,0.12217958424297351,1.5310189964722727,27.532597312433648,26.641266711794817,26.054073437145703,140.93232910549497,4.994538440401738,0.23512870341829187,1.1743593476644782,1.662285039309252,ZONE_01,SUSPENSION_FAULT,REAR_BOGIE,3
2.73,RUN_059_SUSPENSION_FAULT,TRAIN001,0.050880245515407485,-0.31935595925678517,0.5234821593179134,27.348628346650827,26.671655148029238,26.07628311639622,140.1739509920158,5.016581940427281,0.2186430977793324,1.0968410157188753,1.6023059590558604,ZONE_01,SUSPENSION_FAULT,REAR_BOGIE,3
2.74,RUN_059_SUSPENSION_FAULT,TRAIN001,0.1335479124935323,-0.3167048409273916,0.061665358590832275,27.30980085864781,26.775334311452085,25.998095785399943,141.37684000542612,5.00258379452287,0.23176572130093737,1.1594274415059733,0.5813149865055774,ZONE_01,SUSPENSION_FAULT,REAR_BOGIE,3
2.75,RUN_059_SUSPENSION_FAULT,TRAIN001,0.09289298272199956,-1.428360470756055,-0.9084564290104382,27.389522496206006,26.892252613260062,26.057158167004218,140.43295375563602,4.986919846023822,0.19900447047099556,0.9924193432392694,0.8400749900788934,ZONE_01,SUSPENSION_FAULT,REAR_BOGIE,3
2.7600000000000002,RUN_059_SUSPENSION_FAULT,TRAIN001,-0.10284074314897165,-0.7309633760414304,-0.381687539044339,27.395642450181825,26.740735797028332,25.938795481654147,141.02728618881778,4.960282190231806,0.23104934259886944,1.146069939157939,0.7085602778807215,ZONE_01,SUSPENSION_FAULT,REAR_BOGIE,3
2.77,RUN_059_SUSPENSION_FAULT,TRAIN001,-0.011301177520654439,-0.5861474038489056,-1.194726558733057,27.569773458177778,26.63762218142498,26.05134084978418,140.03906444668854,4.953987035304174,0.2367005807601426,1.1726116083347151,0.8383176473067453,ZONE_01,SUSPENSION_FAULT,REAR_BOGIE,3
2.7800000000000002,RUN_059_SUSPENSION_FAULT,TRAIN001,0.00692204939785438,-0.950786273359392,0.3786125675142007,27.39457609108988,26.732946115283198,25.969598360900306,140.19733302964775,5.02959228652989,0.2539358637463504,1.2771938615719491,0.6746528747057441,ZONE_01,SUSPENSION_FAULT,REAR_BOGIE,3
2.79,RUN_059_SUSPENSION_FAULT,TRAIN001,0.07617778757672708,-1.5070172980110736,-1.4698525833868779,27.32166276103776,26.640041622687864,26.093676379923842,140.08611703451163,5.010457992207271,0.1937956369807617,0.9710048981651563,0.1917737327602359,ZONE_01,SUSPENSION_FAULT,REAR_BOGIE,3
2.8000000000000003,RUN_059_SUSPENSION_FAULT,TRAIN001,-0.060038716624877,-0.5595473280971497,-0.6080200912511935,27.573337771895474,26.64664950781522,25.873267473521256,139.4745662584176,5.000719751926646,0.22858618542819154,1.1430954524883243,0.9378881200318292,ZONE_01,SUSPENSION_FAULT,REAR_BOGIE,3
2.81,RUN_059_SUSPENSION_FAULT,TRAIN001,0.03813556877477231,-0.48175197985020063,-0.5214458345503902,27.570314191249526,26.75728189021461,26.03424357469989,141.67503438064801,4.986001896570895,0.24811584612427484,1.2371060793449267,0.13452310725106637,ZONE_01,SUSPENSION_FAULT,REAR_BOGIE,3
2.82,RUN_059_SUSPENSION_FAULT,TRAIN001,0.02251456365187853,-1.348024980425544,-0.6498304914990188,27.494289753165113,26.802567289269724,25.983802169200924,140.08356642752355,5.001783080577009,0.21151005218925142,1.057927400412158,0.9466864789116481,ZONE_01,SUSPENSION_FAULT,REAR_BOGIE,3
2.83,RUN_059_SUSPENSION_FAULT,TRAIN001,0.13794692269180095,-1.213057877739054,-0.690436813556246,27.239996670131937,26.58534522300144,25.933391812432824,141.27135381025627,4.997049221592491,0.2130495270688413,1.0646189734000018,0.9798906449509588,ZONE_01,SUSPENSION_FAULT,REAR_BOGIE,3
2.84,RUN_059_SUSPENSION_FAULT,TRAIN001,-0.2608923080511964,-0.735105161081024,0.6129392397301219,27.445567388547268,26.77745985434532,25.944765437259054,138.77767139316927,4.9846724181701445,0.23422489830739698,1.1675343902415887,1.028277013939787,ZONE_01,SUSPENSION_FAULT,REAR_BOGIE,3
2.85,RUN_059_SUSPENSION_FAULT,TRAIN001,0.007958720118206293,-0.07388278388586954,0.7042797320065589,27.573154453479813,26.83004675202882,25.92884013052507,137.8311045364823,5.003014070110938,0.24246656061404817,1.2130636142834896,1.2645153935396527,ZONE_01,SUSPENSION_FAULT,REAR_BOGIE,3
2.86,RUN_059_SUSPENSION_FAULT,TRAIN001,0.03391895841064962,-0.20022072136556607,1.9139457738131145,27.469627541235088,26.84187008067231,25.968708130485325,140.31140326048188,4.994644575821471,0.24522897835074095,1.2248315865537691,1.0265496796543827,ZONE_01,SUSPENSION_FAULT,REAR_BOGIE,3
2.87,RUN_059_SUSPENSION_FAULT,TRAIN001,0.06745677948583606,-0.022462063960524803,1.323629140652489,27.470811808447063,27.112091092400178,25.992844535661447,139.7662105969877,5.04057069056185,0.22733738461682163,1.1459101577685376,0.9270465058722123,ZONE_01,SUSPENSION_FAULT,REAR_BOGIE,3
2.88,RUN_059_SUSPENSION_FAULT,TRAIN001,-0.0008589998308909312,-0.19051457211614697,2.163397605545281,27.51202110265339,26.85257923095151,26.04673458312674,139.87024520910668,5.006264981588741,0.22184795648890357,1.1106296558074207,1.5314625103169999,ZONE_01,SUSPENSION_FAULT,REAR_BOGIE,3
2.89,RUN_059_SUSPENSION_FAULT,TRAIN001,-0.0828607667554362,0.8200172010120046,1.963164266880625,27.524393221236128,26.77822069282158,25.955008996809415,139.86060537950843,5.033500008657988,0.23382985898159395,1.1769825972083492,1.3934105050230656,ZONE_01,SUSPENSION_FAULT,REAR_BOGIE,3
2.9,RUN_059_SUSPENSION_FAULT,TRAIN001,0.06693464436717575,1.4661043371269904,2.346722775318242,27.453046391868895,26.671593783694867,26.048403344803244,140.05572070386793,4.994697552245882,0.24281906482765836,1.2128077887333395,1.32049102011986,ZONE_01,SUSPENSION_FAULT,REAR_BOGIE,3
2.91,RUN_059_SUSPENSION_FAULT,TRAIN001,0.03687277968020175,0.8707696426833051,3.205190518302417,27.7252997592029,26.853586394622702,26.03755551772689,138.29951306706158,4.977700230262136,0.20316130750775066,1.011276087161687,2.153998530033042,ZONE_01,SUSPENSION_FAULT,REAR_BOGIE,3
2.92,RUN_059_SUSPENSION_FAULT,TRAIN001,-0.08410725068583386,1.685824044158347,3.360353087429899,27.538648888515546,26.67935744318826,26.07976715120709,141.14006654589278,4.999981522247836,0.25746186043789304,1.2873045448730165,1.5167409784395194,ZONE_01,SUSPENSION_FAULT,REAR_BOGIE,3
2.93,RUN_059_SUSPENSION_FAULT,TRAIN001,-0.13611308537208705,0.8132938837225502,2.560916677055697,27.6623337702994,26.813957797268156,25.987994544003804,140.78489298811925,4.969984917384599,0.2098678646607612,1.0430401220076955,1.5963053062181702,ZONE_01,SUSPENSION_FAULT,REAR_BOGIE,3
2.94,RUN_059_SUSPENSION_FAULT,TRAIN001,0.055778291355000675,2.124072873211508,2.028277649348597,27.42603842140853,26.603673200629306,26.014595859240792,139.37642854570103,5.0066830555974,0.2192126580604214,1.0975283006835788,1.330320834738794,ZONE_01,SUSPENSION_FAULT,REAR_BOGIE,3
2.95,RUN_059_SUSPENSION_FAULT,TRAIN001,-0.08673490897321048,0.20514028854236221,2.8619612163147803,27.61022321166736,26.663794217590457,25.938337893414882,141.53728443307753,5.007871433287016,0.24117283349868412,1.207762543362946,1.643508210482081,ZONE_01,SUSPENSION_FAULT,REAR_BOGIE,3
2.96,RUN_059_SUSPENSION_FAULT,TRAIN001,0.06498762021534041,1.0728167987961497,1.417077916409223,27.40695078509965,26.74506465054728,25.966446096486372,138.67123499538152,4.969486847036799,0.25152539041010635,1.2499521193388192,1.1678916492378821,ZONE_01,SUSPENSION_FAULT,REAR_BOGIE,3
2.97,RUN_059_SUSPENSION_FAULT,TRAIN001,0.1515821925919322,0.3839786945035915,2.276733512519098,27.253517738908805,26.775657260120035,26.04511359518224,139.86335707775714,4.99937593025978,0.20776749815940543,1.0387078293884247,1.4514719912596163,ZONE_01,SUSPENSION_FAULT,REAR_BOGIE,3
2.98,RUN_059_SUSPENSION_FAULT,TRAIN001,0.020607751023623378,0.7058760147614135,2.6221105165996237,27.59531745152871,26.845730544391213,26.017620245989036,140.510805648555,4.9724793914759005,0.21963301108865096,1.0921206213261148,1.5801553562215758,ZONE_01,SUSPENSION_FAULT,REAR_BOGIE,3
2.99,RUN_059_SUSPENSION_FAULT,TRAIN001,0.022875730323596813,-0.7516873421326946,0.8829470215035669,27.44896295696259,26.741267403056792,25.92691248503861,139.79350559270557,5.012819586320283,0.24497891128009383,1.2280350847002734,0.9191666067958035,ZONE_01,SUSPENSION_FAULT,REAR_BOGIE,3
3.0,RUN_059_SUSPENSION_FAULT,TRAIN001,0.01253690209133401,-0.152481961348082,1.1700122841951273,27.40185205752805,26.793179087297634,25.9468835762928,140.59860915421942,5.0348567958732335,0.24219074098450002,1.219395698143384,1.1956915079088268,ZONE_01,SUSPENSION_FAULT,REAR_BOGIE,3
3.0100000000000002,RUN_059_SUSPENSION_FAULT,TRAIN001,0.13859616460455224,0.2655883143751564,4.358098917444125,27.39745631913259,26.540415006150145,25.954726641364015,141.17115131349763,4.999511689394692,0.22814950207794232,1.1406361025682512,1.148139056506676,ZONE_01,SUSPENSION_FAULT,REAR_BOGIE,3
3.02,RUN_059_SUSPENSION_FAULT,TRAIN001,0.1402907166889662,-0.07761063943774099,-0.5330287804462852,27.629326892384324,26.76338566529381,26.12747010534538,139.053415924232,5.03327006032341,0.25466404422258526,1.2817929092264153,1.0575346498150955,ZONE_01,SUSPENSION_FAULT,REAR_BOGIE,3
3.0300000000000002,RUN_059_SUSPENSION_FAULT,TRAIN001,0.008429252508822052,-0.2898579388399416,0.7554624954562219,27.27348323620734,26.853376636064752,26.000276325602393,140.34850018016007,5.012306489190267,0.19611017277732085,0.9829642916079897,0.8125407147712064,ZONE_01,SUSPENSION_FAULT,REAR_BOGIE,3
3.04,RUN_059_SUSPENSION_FAULT,TRAIN001,0.07424224733286612,-0.44881631056668975,1.0357203708271019,27.713243057690256,26.74220656624876,25.886563713516384,139.84786986467117,5.01944568470032,0.2512084722482942,1.2609272819868602,0.2893097638125846,ZONE_01,SUSPENSION_FAULT,REAR_BOGIE,3
3.0500000000000003,RUN_059_SUSPENSION_FAULT,TRAIN001,0.004495397629099672,-1.300440282069863,-0.44556300276996474,27.485115135595414,26.622259181922075,25.899896307302324,139.2466027513645,5.001966960341372,0.24293063239108736,1.2151309968750545,0.6491148147205804,ZONE_01,SUSPENSION_FAULT,REAR_BOGIE,3
3.06,RUN_059_SUSPENSION_FAULT,TRAIN001,-0.04969641091500235,-1.0327329532562046,-0.7352594904913361,27.761515215879626,26.814719869181364,26.043535686924365,139.8568898967882,5.032765136589854,0.23234187292140235,1.1693220778088238,0.2996316677638733,ZONE_01,SUSPENSION_FAULT,REAR_BOGIE,3
3.0700000000000003,RUN_059_SUSPENSION_FAULT,TRAIN001,0.0768175744582361,-0.5004145576002021,-0.06725938626385486,27.55284581828696,26.903690894900944,25.964925863486982,139.4932438469184,5.021926341123337,0.27646011033118156,1.3883623103420248,0.6139343367079042,ZONE_01,SUSPENSION_FAULT,REAR_BOGIE,3
3.08,RUN_059_SUSPENSION_FAULT,TRAIN001,-0.008876089329125689,-1.9622700659506755,-0.7457459319730886,27.55570720351975,26.618974538454538,25.94672340566746,140.56804843161416,5.005856640540457,0.25179260417656646,1.26043767965624,1.1103326216707197,ZONE_01,SUSPENSION_FAULT,REAR_BOGIE,3
3.09,RUN_059_SUSPENSION_FAULT,TRAIN001,-0.08499611870708357,-0.36959468136137474,0.8817332519923806,27.73332205243656,26.768603398977287,26.08202786767941,139.63364242553516,4.992328861635057,0.2287171213208903,1.1418310859203675,0.5009863557793903,ZONE_01,SUSPENSION_FAULT,REAR_BOGIE,3
3.1,RUN_059_SUSPENSION_FAULT,TRAIN001,-0.1498026103105717,-0.277632810589578,-0.5566761534610221,27.48286156663253,26.70877792568042,25.936804659184443,139.34032354344407,5.029123466833195,0.24830773874301576,1.2487702759087869,-0.09594994124822931,ZONE_01,SUSPENSION_FAULT,REAR_BOGIE,3
3.11,RUN_059_SUSPENSION_FAULT,TRAIN001,0.09921098287579998,-0.8600907800744558,0.5751370178352532,27.63061702159676,26.88671747069583,26.00269907813135,139.24661822490754,4.972514430312707,0.2516578252044247,1.2513721673301146,1.0880717384702132,ZONE_01,SUSPENSION_FAULT,REAR_BOGIE,3
3.12,RUN_059_SUSPENSION_FAULT,TRAIN001,-0.09638934339861699,-0.4789362899197872,0.11719164383282665,27.658533197688623,26.8649923505618,25.999123246164963,140.98389830231795,5.000508949435814,0.2178180774510067,1.0892012456426623,0.6248351991129543,ZONE_01,SUSPENSION_FAULT,REAR_BOGIE,3
3.13,RUN_059_SUSPENSION_FAULT,TRAIN001,-0.11105569340648701,-0.1595905486836161,0.07664878537332076,27.520165599928983,26.743758718294217,25.93313381192176,139.9537140723897,5.005925751658282,0.21665560095451625,1.0845618520592135,0.8615438059491163,ZONE_01,SUSPENSION_FAULT,REAR_BOGIE,3
3.14,RUN_059_SUSPENSION_FAULT,TRAIN001,-0.026357343142418905,-0.3988256090350182,0.8993989317586562,27.48906464793309,26.89339680916713,25.98334932742804,139.12899996432952,4.99446836682752,0.2028274060819104,1.0130150636017812,0.7102530408001,ZONE_01,SUSPENSION_FAULT,REAR_BOGIE,3
3.15,RUN_059_SUSPENSION_FAULT,TRAIN001,0.07394506958367333,-0.3157157703109473,1.4135533865407757,27.74590326474991,26.954034842475338,25.993606627784747,140.89269543536977,4.971549669811353,0.23088626004515267,1.1478625098914568,0.7776090958774017,ZONE_01,SUSPENSION_FAULT,REAR_BOGIE,3
3.16,RUN_059_SUSPENSION_FAULT,TRAIN001,-0.17273489070407205,0.2750942678683107,2.732514844012501,27.442118594381842,26.85436210469148,25.9351030492003,139.30746107302681,4.982324739814712,0.22636318860637292,1.1278149147768755,1.4772220551517916,ZONE_01,SUSPENSION_FAULT,REAR_BOGIE,3
3.17,RUN_059_SUSPENSION_FAULT,TRAIN001,0.06367673056760191,1.2823086436451545,2.0766347596097194,27.587384618303286,26.786695872030208,25.982773187300186,139.4685354849405,4.951927333126623,0.22397661315728923,1.1091159126747085,1.5302592727684465,ZONE_01,SUSPENSION_FAULT,REAR_BOGIE,3
3.18,RUN_059_SUSPENSION_FAULT,TRAIN001,0.039163897341137933,-0.19558731933393803,2.099579576743287,27.66293159915987,26.81988894443972,26.011953215220014,139.11173330732177,4.99602282232514,0.2759940889249793,1.3788727670960308,1.2118119152140314,ZONE_01,SUSPENSION_FAULT,REAR_BOGIE,3
3.19,RUN_059_SUSPENSION_FAULT,TRAIN001,-0.12158964058165041,1.160068279388018,3.1212748363586087,27.7019257649374,26.723556360657458,25.972641392961723,140.40481718392178,4.9879906043819435,0.21120742667561104,1.053500659833636,1.5303302747098917,ZONE_01,SUSPENSION_FAULT,REAR_BOGIE,3
3.2,RUN_059_SUSPENSION_FAULT,TRAIN001,-0.11392024315686172,2.0534097305441845,2.94244919759728,27.532489686818273,26.888413007537086,25.968150532866805,140.745176152526,5.004627554302227,0.23381416986619674,1.1701528370986698,1.4624018660872384,ZONE_01,SUSPENSION_FAULT,REAR_BOGIE,3
3.21,RUN_059_SUSPENSION_FAULT,TRAIN001,-0.017445900076929862,1.0792377608321246,3.0424031635488533,27.740423332619233,26.80599700565622,25.948896624358134,140.95597417086628,5.033560580215664,0.23676389972781378,1.1917654324880578,1.721432057869353,ZONE_01,SUSPENSION_FAULT,REAR_BOGIE,3
3.22,RUN_059_SUSPENSION_FAULT,TRAIN001,0.1933888418485978,1.0071977201927496,2.353735890065497,27.73388025505401,26.933463383270755,26.091478310969123,139.54640761565443,4.987487077845506,0.20498390088491003,1.0223545568298527,1.5504065235278173,ZONE_01,SUSPENSION_FAULT,REAR_BOGIE,3
3.23,RUN_059_SUSPENSION_FAULT,TRAIN001,-0.02507758941199772,0.5257643937900425,1.7643257511231005,27.645420439082155,26.873627382949252,26.01086501866181,139.6602154541083,4.978192077337988,0.24387993599488245,1.2140811651914194,1.97656246454587,ZONE_01,SUSPENSION_FAULT,REAR_BOGIE,3
3.24,RUN_059_SUSPENSION_FAULT,TRAIN001,0.10860580288308704,0.29132638786749554,2.8695985385561276,27.678762254279086,26.84589154236913,26.06839538297772,140.18583119860025,4.936782572479234,0.23338397231500987,1.1521659272207168,1.6112626509579435,ZONE_01,SUSPENSION_FAULT,REAR_BOGIE,3
3.25,RUN_059_SUSPENSION_FAULT,TRAIN001,0.09437640130617088,0.3672389898408853,2.5380906073868905,27.56075701708141,26.954945888847394,25.99623731002547,139.32710498281978,4.996842236751035,0.2451363889251903,1.2249078619460194,1.5010115236770336,ZONE_01,SUSPENSION_FAULT,REAR_BOGIE,3
3.2600000000000002,RUN_059_SUSPENSION_FAULT,TRAIN001,-0.15873130330676155,0.7776554152242069,2.1090864505715414,27.69750487099064,26.75761894600531,26.066730004800093,142.19902693390338,5.021014787858652,0.1892912990734347,0.9504344118606904,1.4817573310337826,ZONE_01,SUSPENSION_FAULT,REAR_BOGIE,3
3.27,RUN_059_SUSPENSION_FAULT,TRAIN001,-0.0001311093589973097,-0.12587248759179248,1.716376962023876,27.627251240728558,26.71603275940239,25.96777912032399,140.56333265803337,5.00174414422082,0.2059980193257798,1.0303493868838063,0.7950813544251196,ZONE_01,SUSPENSION_FAULT,REAR_BOGIE,3
3.2800000000000002,RUN_059_SUSPENSION_FAULT,TRAIN001,0.09870619680138928,0.4608814015236601,0.6157456541851545,27.807829476803303,26.54128093153889,25.94656611390729,139.84112058452078,5.007687964560265,0.22754341048940244,1.1394663981227766,1.6520756374588974,ZONE_01,SUSPENSION_FAULT,REAR_BOGIE,3
3.29,RUN_059_SUSPENSION_FAULT,TRAIN001,-0.04970015512104839,-0.5053484142835835,0.42723438014352333,27.817458214992644,26.668540892237868,25.98373942973469,140.72868253230737,4.969199952277116,0.22453266625487794,1.1157477144383932,1.1161417725785305,ZONE_01,SUSPENSION_FAULT,REAR_BOGIE,3
3.3000000000000003,RUN_059_SUSPENSION_FAULT,TRAIN001,0.12220068627627312,-0.27611724797723386,0.6713051230656942,27.6612096506029,26.811065472721662,26.013012781733128,140.03629852688059,4.986436888088551,0.2347959294885219,1.170795083974604,0.996998875071263,ZONE_01,SUSPENSION_FAULT,REAR_BOGIE,3
3.31,RUN_059_SUSPENSION_FAULT,TRAIN001,-0.10774599792778566,-0.17451205562519384,-0.0701056648645284,27.621968160693044,26.830979168999935,25.976048893124457,138.51650116580555,4.978875493175892,0.22812627163028104,1.135812303169593,0.689179465906755,ZONE_01,SUSPENSION_FAULT,REAR_BOGIE,3
3.3200000000000003,RUN_059_SUSPENSION_FAULT,TRAIN001,-0.14691616109904834,-0.9579939011730645,1.2515175760332446,27.850484110198416,26.8890437837831,25.983388745129684,139.97243106012027,4.980633765005483,0.2526310819372356,1.2582628967864624,0.4611770324814106,ZONE_01,SUSPENSION_FAULT,REAR_BOGIE,3
3.33,RUN_059_SUSPENSION_FAULT,TRAIN001,-0.043825981184988844,-0.6383934777412479,0.010341581113136322,27.642673516615687,26.971897534862418,25.94888190510046,139.39399847527636,4.99716192953246,0.2595575967607453,1.297051341053734,0.5947960855671354,ZONE_01,SUSPENSION_FAULT,REAR_BOGIE,3
3.34,RUN_059_SUSPENSION_FAULT,TRAIN001,0.06587869330942972,-1.4297953064299354,0.6141376056410945,27.650152274569372,26.834052870934322,25.975466345634747,137.7004462173049,5.027982970968421,0.243700473027298,1.2253218283982032,0.1195306822202023,ZONE_01,SUSPENSION_FAULT,REAR_BOGIE,3
3.35,RUN_059_SUSPENSION_FAULT,TRAIN001,-0.0383440081392198,-1.3840360275429302,0.21109433702839864,27.740308739465977,26.987556567111703,26.03606832211888,140.0124209736041,4.990490148891483,0.24542390753351817,1.2247855928484765,0.16319947291861053,ZONE_01,SUSPENSION_FAULT,REAR_BOGIE,3
3.36,RUN_059_SUSPENSION_FAULT,TRAIN001,0.09248398958217084,-0.9030427448551152,-0.8047017394436902,27.799762840645563,26.890293959716217,25.89812749815307,139.3055291299811,5.0092966046287675,0.23323247876386036,1.1683306639609568,0.6221626412631578,ZONE_01,SUSPENSION_FAULT,REAR_BOGIE,3
3.37,RUN_059_SUSPENSION_FAULT,TRAIN001,-0.15411316885779658,-0.32584127822085596,-1.260652670090387,27.743995766474942,26.822948480657505,25.95443177000974,141.3363962366536,4.986088895208473,0.24139844838203012,1.2036341227981961,0.6521107833255717,ZONE_01,SUSPENSION_FAULT,REAR_BOGIE,3
3.38,RUN_059_SUSPENSION_FAULT,TRAIN001,-0.05778769476944127,-1.6979971894819843,0.17840334213464837,27.76016110256237,26.793704156745505,26.07549335417849,140.39468134053882,5.01624610950452,0.20014644697084685,1.0039838359486633,0.30143393281554204,ZONE_01,SUSPENSION_FAULT,REAR_BOGIE,3
3.39,RUN_059_SUSPENSION_FAULT,TRAIN001,0.13724476735121569,-0.5336476778754369,0.00519220769603726,27.618794047805995,26.936943735159133,26.030173989241476,139.07600147212352,4.979528077864085,0.2249250902949478,1.1200208025398073,0.9976912465305192,ZONE_01,SUSPENSION_FAULT,REAR_BOGIE,3
3.4,RUN_059_SUSPENSION_FAULT,TRAIN001,-0.2451351891695504,-1.7624426592762905,-0.5366443207097116,27.84822200551154,26.725382958907215,26.040539981060444,140.80217563748604,4.973767162995808,0.22333812021890442,1.1108318085899969,0.3648139358476675,ZONE_01,SUSPENSION_FAULT,REAR_BOGIE,3
3.41,RUN_059_SUSPENSION_FAULT,TRAIN001,0.031394472272643296,-0.7258620210191102,0.7083572146648238,27.777421125615348,26.87918101835648,26.04900010591235,139.8774524023763,5.020034121223253,0.2284665552686826,1.1469099030071248,0.8207008206831423,ZONE_01,SUSPENSION_FAULT,REAR_BOGIE,3
3.42,RUN_059_SUSPENSION_FAULT,TRAIN001,-0.0885021764537296,-0.8008905061707164,1.1143420052771935,27.80428647538815,26.86862342146941,25.992534066688425,139.0824862209904,5.019327116594196,0.24539097804914797,1.2316975902896596,0.7014091180047981,ZONE_01,SUSPENSION_FAULT,REAR_BOGIE,3
3.43,RUN_059_SUSPENSION_FAULT,TRAIN001,-0.07395782436485168,-0.27451891624260744,1.493133365928415,27.620278305532477,27.167643150608814,26.005565812390444,140.1050306948145,5.016377875169092,0.227369974046403,1.1405737072841466,0.9569255291229377,ZONE_01,SUSPENSION_FAULT,REAR_BOGIE,3
3.44,RUN_059_SUSPENSION_FAULT,TRAIN001,-0.03225267794494191,-0.03921326366907235,0.6563291525015499,27.679945351774442,27.075840652377494,25.960117653350608,138.94440492778153,5.003027996481113,0.22236832123926073,1.1125149366905271,2.0000839381018114,ZONE_01,SUSPENSION_FAULT,REAR_BOGIE,3
3.45,RUN_059_SUSPENSION_FAULT,TRAIN001,-0.14650832008497677,-0.3483457762557496,1.898923431201621,27.74509354971929,26.887568269582186,25.9969444296578,139.05452399129805,5.00225229304078,0.27541845053640646,1.3777125757414777,1.2803481312533433,ZONE_01,SUSPENSION_FAULT,REAR_BOGIE,3
3.46,RUN_059_SUSPENSION_FAULT,TRAIN001,0.09322273398201422,1.1771527870615275,1.7502332750273284,27.73062002037566,26.69483592595034,26.009771651593073,139.19668500172526,4.987333178086247,0.21764342279589002,1.0854602635021948,1.2269400503053145,ZONE_01,SUSPENSION_FAULT,REAR_BOGIE,3
3.47,RUN_059_SUSPENSION_FAULT,TRAIN001,0.05878078994009646,1.016470839279646,2.5933905571369023,27.74492708699012,26.825678475427313,26.065708622569236,138.17457220991088,5.034469105019659,0.2021485051344565,1.0177104037253293,2.0275220270730014,ZONE_01,SUSPENSION_FAULT,REAR_BOGIE,3
3.48,RUN_059_SUSPENSION_FAULT,TRAIN001,0.1224675841468059,0.6528807113782625,2.4603067056432595,27.75068137270025,26.865720525411838,25.956310096231718,140.00316862771575,4.985724635125343,0.2251965661427372,1.1227680675634786,1.733844231368926,ZONE_01,SUSPENSION_FAULT,REAR_BOGIE,3
3.49,RUN_059_SUSPENSION_FAULT,TRAIN001,0.01688893192935772,1.7474018195072376,2.6270567914019205,27.864133192996455,26.879943676319222,25.99868379831356,141.56198784076716,4.9865713718941365,0.20498945804980045,1.022194563051229,1.6461357151779452,ZONE_01,SUSPENSION_FAULT,REAR_BOGIE,3
3.5,RUN_059_SUSPENSION_FAULT,TRAIN001,-0.0939927036288924,1.4350963471423612,1.8788500739543863,27.769462448718123,26.967560996741263,25.998683526270373,139.57453447701076,4.9956962637732865,0.25942787892927743,1.2960228854856197,2.03283642735397,ZONE_01,SUSPENSION_FAULT,REAR_BOGIE,3
3.5100000000000002,RUN_059_SUSPENSION_FAULT,TRAIN001,0.06531031381477596,1.1599979226152919,2.6188786490038427,27.728430678546637,26.704358374753323,26.014703677643507,138.15015643719306,4.994449527025129,0.18317006019933643,0.9148336205277402,1.1186770971636704,ZONE_01,SUSPENSION_FAULT,REAR_BOGIE,3
3.52,RUN_059_SUSPENSION_FAULT,TRAIN001,-0.13344640299804314,1.1173915695756103,2.7139448129142756,27.736915921685227,26.810772814619696,26.000825561108975,139.98949513027551,5.025785575729313,0.24214991012070858,1.2169935254488067,1.5245816473748688,ZONE_01,SUSPENSION_FAULT,REAR_BOGIE,3
3.5300000000000002,RUN_059_SUSPENSION_FAULT,TRAIN001,-0.09125183393621895,0.5515860627854312,0.6266628343986989,27.770903465600362,26.754425503175238,25.940746688357372,141.38216093253752,4.999173660657877,0.26291728409178294,1.3143691615633455,2.1755686824495024,ZONE_01,SUSPENSION_FAULT,REAR_BOGIE,3
3.54,RUN_059_SUSPENSION_FAULT,TRAIN001,0.21047011029094348,0.7844530257144755,2.4061369543050253,27.94511627553157,26.664038467943527,25.953063270308597,140.20291848959576,4.991999456767046,0.21781979090834497,1.0873562778875696,1.1675000303090841,ZONE_01,SUSPENSION_FAULT,REAR_BOGIE,3
3.5500000000000003,RUN_059_SUSPENSION_FAULT,TRAIN001,0.1081943054043034,-0.3797367235742497,1.6884887875748638,27.6820793850625,26.968277396273752,26.032240541158103,139.6371429051477,5.024095501001846,0.20848860857727272,1.047466680363211,1.6661736326058216,ZONE_01,SUSPENSION_FAULT,REAR_BOGIE,3
3.56,RUN_059_SUSPENSION_FAULT,TRAIN001,0.044907878170267035,0.3023816655078654,1.5134774833179725,27.817572663848743,26.965919858374743,26.028313626683072,139.2454279723384,4.980819101849842,0.1854386091829839,0.9236361668390738,1.589729659074875,ZONE_01,SUSPENSION_FAULT,REAR_BOGIE,3
3.5700000000000003,RUN_059_SUSPENSION_FAULT,TRAIN001,0.149012417850941,0.07499365758415458,0.973058596241971,27.783734531076224,27.101192756007475,26.051557467380352,139.65943922986744,5.043295036782573,0.1919039202194415,0.9678280883818282,0.673260854349138,ZONE_01,SUSPENSION_FAULT,REAR_BOGIE,3
3.58,RUN_059_SUSPENSION_FAULT,TRAIN001,-0.02834440765476289,-0.06108249953586262,0.3432985366904601,27.717079608314503,26.723840411789332,26.003393741571198,139.3441994512641,4.975490312934278,0.24172056432964298,1.2026783262591456,1.0466320753792369,ZONE_01,SUSPENSION_FAULT,REAR_BOGIE,3
3.59,RUN_059_SUSPENSION_FAULT,TRAIN001,0.05949131929253515,-0.6002281274129345,0.07200412917145427,27.79838878498156,26.83315858230659,25.9554818434524,138.8378161142788,4.988718824479443,0.25292232128477743,1.261758345324407,1.0320508340102295,ZONE_01,SUSPENSION_FAULT,REAR_BOGIE,3
3.6,RUN_059_SUSPENSION_FAULT,TRAIN001,-0.08060111831777664,-0.9144101300893187,0.3648324842118883,27.83965794725065,27.048941948882593,26.01714231589402,140.5888059858767,4.996099175078688,0.24357327551516259,1.2169162408725176,0.5793477260723443,ZONE_01,SUSPENSION_FAULT,REAR_BOGIE,3
3.61,RUN_059_SUSPENSION_FAULT,TRAIN001,-0.03254809649288412,-1.085747217937742,0.7083641193022735,27.893640059458082,26.83396812557733,25.966346114923503,139.48273667114086,4.976253887102189,0.2611371676458771,1.2994848455646517,0.8197951556943802,ZONE_01,SUSPENSION_FAULT,REAR_BOGIE,3
3.62,RUN_059_SUSPENSION_FAULT,TRAIN001,0.009697815356055087,0.3979746472194948,-1.2946856338329475,27.742160346519913,26.701144977989845,26.047303051466656,138.5648693024053,5.01965528398043,0.22825006280844093,1.1457366338452555,0.7738578336920785,ZONE_01,SUSPENSION_FAULT,REAR_BOGIE,3
3.63,RUN_059_SUSPENSION_FAULT,TRAIN001,0.15057580670541124,-0.47292463690925757,-0.5099651962809673,27.756274096065937,26.785439582642944,25.942873501957955,140.5195204895253,5.014028076282132,0.22579774394406685,1.132156227696715,0.8196470639253888,ZONE_01,SUSPENSION_FAULT,REAR_BOGIE,3
3.64,RUN_059_SUSPENSION_FAULT,TRAIN001,-0.06883722784335071,-0.6624491936660104,-0.24337616415375818,27.908146935926545,26.747363226637244,25.962781082419436,140.0675101174275,5.002645637670319,0.21922509712712263,1.0967054758108519,0.33235860148035734,ZONE_01,SUSPENSION_FAULT,REAR_BOGIE,3
3.65,RUN_059_SUSPENSION_FAULT,TRAIN001,0.10685592315285264,-1.3600448480254228,-0.09370787884777876,28.046199188238653,26.973485089491962,26.019191516941202,140.11277617277585,5.016047477512893,0.2553093306272563,1.2806437238783541,0.32244672964470444,ZONE_01,SUSPENSION_FAULT,REAR_BOGIE,3
3.66,RUN_059_SUSPENSION_FAULT,TRAIN001,0.00010388190954668427,-0.7134871044898782,-0.25253686233030714,27.794288278460897,26.695751452902375,26.020565623176957,140.77620361666155,5.0139332798911935,0.22586979053235576,1.1324960596722313,0.6093708093419489,ZONE_01,SUSPENSION_FAULT,REAR_BOGIE,3
3.67,RUN_059_SUSPENSION_FAULT,TRAIN001,-0.17518136572536744,-0.9606066045316403,-0.8041345178587995,27.814602918669298,27.04865252802738,25.99332452943303,138.3628957191315,4.986198076973532,0.25420650307570025,1.2675239767902229,1.18933688000392,ZONE_01,SUSPENSION_FAULT,REAR_BOGIE,3
3.68,RUN_059_SUSPENSION_FAULT,TRAIN001,-0.19235370820373365,-1.4418080091337164,-0.3449164765899584,27.71949696143168,26.764778947054012,26.006476461596286,139.6741755835388,4.981745167888557,0.22994026968792627,1.1455038274208185,1.2126156858671449,ZONE_01,SUSPENSION_FAULT,REAR_BOGIE,3
3.69,RUN_059_SUSPENSION_FAULT,TRAIN001,-0.06877696168256131,-0.07477863810475965,0.48845395103835315,27.87925032813442,26.857634599285966,25.981721040505903,140.4277532670522,5.000251785540777,0.2277120075569621,1.1386173723757747,0.29809597010772665,ZONE_01,SUSPENSION_FAULT,REAR_BOGIE,3
3.7,RUN_059_SUSPENSION_FAULT,TRAIN001,0.10864775417502599,-0.878692002528058,0.25826424884619603,27.868138099302428,26.968208173703054,26.01034707892199,138.01911151394845,5.003181943068972,0.21728592379221645,1.087121010400278,1.0952881100768483,ZONE_01,SUSPENSION_FAULT,REAR_BOGIE,3
3.71,RUN_059_SUSPENSION_FAULT,TRAIN001,0.026960212395096113,-0.41506798063065686,0.3397535581097235,28.062394648010496,26.798966095283983,25.97797847869744,140.14817070188118,4.961702533085094,0.217737232298765,1.0803473770437197,1.0987102573960406,ZONE_01,SUSPENSION_FAULT,REAR_BOGIE,3
3.72,RUN_059_SUSPENSION_FAULT,TRAIN001,0.1834199588310384,0.3810638968552771,0.4279438322537752,27.826840515390504,26.831320994692497,26.001196796426505,140.07519104432666,5.0006866209918455,0.2458322112585548,1.229329849849496,1.2340714392564658,ZONE_01,SUSPENSION_FAULT,REAR_BOGIE,3
3.73,RUN_059_SUSPENSION_FAULT,TRAIN001,0.0193212052921687,0.3400879251534628,0.7303132616212544,27.92082175671465,26.99495258214983,26.050005602689268,139.3195290369819,5.003863065210254,0.244806552558296,1.2249784664679102,1.580882134852561,ZONE_01,SUSPENSION_FAULT,REAR_BOGIE,3
3.74,RUN_059_SUSPENSION_FAULT,TRAIN001,0.14331490589559834,-0.8095656846221158,1.5789024353233163,27.73700677719985,26.897603312790753,26.012569514483516,139.5203278712383,5.020116783034134,0.23479582947105276,1.1787024841140525,0.5645182675451786,ZONE_01,SUSPENSION_FAULT,REAR_BOGIE,3
3.75,RUN_059_SUSPENSION_FAULT,TRAIN001,0.02631466846954471,-0.030332485705651724,2.2515602282729454,27.90724175957626,26.923117790989288,26.032109330711055,139.11926559386418,4.983611517005544,0.22957975234816344,1.1441362978735878,1.3449375370168257,ZONE_01,SUSPENSION_FAULT,REAR_BOGIE,3
3.7600000000000002,RUN_059_SUSPENSION_FAULT,TRAIN001,-0.09026414048545878,-0.014357951847411288,1.342255320050504,28.080808641378706,26.96563047670916,26.030089940908898,141.41374322040915,5.0288101769531846,0.2132464524268158,1.0723759301631344,2.036225482405344,ZONE_01,SUSPENSION_FAULT,REAR_BOGIE,3
3.77,RUN_059_SUSPENSION_FAULT,TRAIN001,0.07289311109483808,1.8641888678339416,3.614295074727726,27.848954417098092,26.9775115669208,26.03432479255522,139.02129513946923,5.032913002027834,0.22024423105442678,1.1084700540954469,1.363602413953494,ZONE_01,SUSPENSION_FAULT,REAR_BOGIE,3
3.7800000000000002,RUN_059_SUSPENSION_FAULT,TRAIN001,-0.07342923354330869,0.9175991969860928,2.2200553795782882,27.83015460407614,26.929935595802803,25.983395556171853,139.14373846587472,5.019723241667792,0.19755334353876777,0.9916631100307344,1.9274953067089529,ZONE_01,SUSPENSION_FAULT,REAR_BOGIE,3
3.79,RUN_059_SUSPENSION_FAULT,TRAIN001,-0.14040005426099034,0.7878660738635674,2.203122734563083,27.763471227967624,26.99891219271809,26.036554790135426,141.18593535123196,5.000213984159678,0.2355596089673921,1.1778484508619393,1.4713656629900396,ZONE_01,SUSPENSION_FAULT,REAR_BOGIE,3
3.8000000000000003,RUN_059_SUSPENSION_FAULT,TRAIN001,-0.07418100254717992,1.2560224394480228,1.4008915640361566,27.84649959988419,26.894846335362697,26.00676795249725,140.72186588012684,5.004473640029385,0.23494266517718515,1.1757643747974729,1.8912264711197624,ZONE_01,SUSPENSION_FAULT,REAR_BOGIE,3
3.81,RUN_059_SUSPENSION_FAULT,TRAIN001,-0.03786146689127759,0.93951497902522,1.77166925678759,27.885774873713885,26.985713033096697,25.92152609661989,139.4088046652952,5.012553852248779,0.2143466304503827,1.0744240281806112,1.7304662438485012,ZONE_01,SUSPENSION_FAULT,REAR_BOGIE,3
3.8200000000000003,RUN_059_SUSPENSION_FAULT,TRAIN001,0.02633756598054674,0.36726046788352623,1.0020682986380471,27.921311737983174,26.905224865651032,26.006304893337052,139.02528142541638,5.003507824712036,0.24800059225813176,1.2408729038967816,1.5974001802116669,ZONE_01,SUSPENSION_FAULT,REAR_BOGIE,3
3.83,RUN_059_SUSPENSION_FAULT,TRAIN001,0.08678139843785579,1.3839862692736702,2.453143128167021,27.88793170005771,26.899920054584083,25.963544011060474,142.15981472638498,4.98427952247999,0.23709738536868374,1.1817596427266772,1.5994071581361777,ZONE_01,SUSPENSION_FAULT,REAR_BOGIE,3
3.84,RUN_059_SUSPENSION_FAULT,TRAIN001,0.06248272686572878,1.3402184255605016,1.5725959828763783,27.912280721870754,26.926571152341268,25.96432471488036,141.07505603210163,5.011342945409449,0.22555009155620342,1.1303088601566353,1.7031806217272265,ZONE_01,SUSPENSION_FAULT,REAR_BOGIE,3
3.85,RUN_059_SUSPENSION_FAULT,TRAIN001,0.21124793774460177,0.36456139494520373,1.6704886717837228,27.836752441125885,27.121330019891666,26.01853979812394,138.82322803095641,4.989535452517951,0.20090964771500708,1.00244581002692,1.3682053439574449,ZONE_01,SUSPENSION_FAULT,REAR_BOGIE,3
3.86,RUN_059_SUSPENSION_FAULT,TRAIN001,-0.195150530129509,-0.5438023076498417,1.5818671734220686,27.886100666343367,26.99189776264123,25.87498547954266,138.79237229832447,5.01208842213247,0.2507956029145921,1.2570097376899592,1.2066784631591339,ZONE_01,SUSPENSION_FAULT,REAR_BOGIE,3
3.87,RUN_059_SUSPENSION_FAULT,TRAIN001,-0.016611838649102467,0.04496220521729183,0.7057923186860968,27.9328894362915,26.835162903483024,25.989450888224294,139.9548195791196,5.0143181222061886,0.1866800615980178,0.9360732159255083,0.7613709833060045,ZONE_01,SUSPENSION_FAULT,REAR_BOGIE,3
3.88,RUN_059_SUSPENSION_FAULT,TRAIN001,0.26119194282386643,-0.31507825061037503,0.6549055069564644,28.088358042499074,26.939465127452987,25.95382957877054,138.8109910527351,5.0074866233044375,0.24950214399000326,1.249378648515719,1.1253540619912326,ZONE_01,SUSPENSION_FAULT,REAR_BOGIE,3
3.89,RUN_059_SUSPENSION_FAULT,TRAIN001,-0.029741602340069485,-0.31879277759879526,0.4504284284898115,27.769480350415407,26.937494971863156,25.983673557745764,139.61836885151553,4.975259078771099,0.24376958650364106,1.212816848380517,0.0036786380227167292,ZONE_01,SUSPENSION_FAULT,REAR_BOGIE,3
3.9,RUN_059_SUSPENSION_FAULT,TRAIN001,-0.12465847168183611,-0.15877785700139202,0.8667587301932993,27.854044234815543,27.173275645150692,25.99596276439678,138.99216203290482,4.989053982015784,0.22206596092141126,1.1078990666051285,0.29877238322237254,ZONE_01,SUSPENSION_FAULT,REAR_BOGIE,3
3.91,RUN_059_SUSPENSION_FAULT,TRAIN001,-0.07405802276328374,-0.743068581150432,-0.035343611982664946,27.957724315476845,26.9833404729906,26.004426376085867,140.58904819571788,5.00220911604089,0.2433489915525609,1.2172825439235777,0.9623506999642877,ZONE_01,SUSPENSION_FAULT,REAR_BOGIE,3
3.92,RUN_059_SUSPENSION_FAULT,TRAIN001,-0.09562629526994022,-0.6030202046834834,-0.05978942175440577,27.99388800615807,27.045116056610823,26.03626601646576,138.99483976551252,4.982201618589823,0.19321019158176705,0.9626121292267296,0.7989069511474634,ZONE_01,SUSPENSION_FAULT,REAR_BOGIE,3
3.93,RUN_059_SUSPENSION_FAULT,TRAIN001,-0.04770987886575251,-0.7988230434198372,0.055133090328523426,28.034929553469397,26.947071132684627,26.093277070340026,141.77838212301904,5.036846739609909,0.18008077406634598,0.9070392597225034,0.0840344209349641,ZONE_01,SUSPENSION_FAULT,REAR_BOGIE,3
3.94,RUN_059_SUSPENSION_FAULT,TRAIN001,0.17562898278165964,-1.3760950836807857,-0.3762189012717738,28.018962083228114,26.979737070592694,25.960347858053378,140.6224517194043,5.018286973764334,0.19023599398429367,0.9546588105524911,1.0249545337570922,ZONE_01,SUSPENSION_FAULT,REAR_BOGIE,3
3.95,RUN_059_SUSPENSION_FAULT,TRAIN001,-0.13839209371809644,-1.2801164816020838,-0.17523757215943256,27.98707561857963,27.06677422063614,25.950950277211223,139.03426850426402,5.012203480275673,0.24670707553919408,1.236546062626182,0.02080885876964378,ZONE_01,SUSPENSION_FAULT,REAR_BOGIE,3
3.96,RUN_059_SUSPENSION_FAULT,TRAIN001,-0.06784890449012138,-1.216283838002418,0.4053704021369884,27.981624212873072,27.016561825650534,26.022412840680637,140.60402360585988,5.003473060351912,0.22684775937852145,1.1350266528516249,1.0645316366541886,ZONE_01,SUSPENSION_FAULT,REAR_BOGIE,3
3.97,RUN_059_SUSPENSION_FAULT,TRAIN001,0.1444263640526107,-0.8251797892722591,0.24465441537104768,28.02069808352645,27.1869784432994,26.075598846187784,140.6280480189765,4.973181633514724,0.21735980074060862,1.0809697689076148,0.7391382318249057,ZONE_01,SUSPENSION_FAULT,REAR_BOGIE,3
3.98,RUN_059_SUSPENSION_FAULT,TRAIN001,0.03188701057101526,-1.0471981544136377,0.29479719285288436,28.141329692859617,26.94503596178104,25.917363130415808,139.92660677925613,4.988857439632553,0.24696240775206996,1.2320602452234823,0.6375073540886254,ZONE_01,SUSPENSION_FAULT,REAR_BOGIE,3
3.99,RUN_059_SUSPENSION_FAULT,TRAIN001,0.035221551120499565,-0.23530812859842148,4.141186782017513,28.14514876621656,26.91415004104893,26.017984023198473,141.25460689333784,4.974602039300475,0.1936867221987586,0.9635143632353691,1.1438884672548526,ZONE_01,SUSPENSION_FAULT,REAR_BOGIE,3
4.0,RUN_059_SUSPENSION_FAULT,TRAIN001,-0.03570787910163808,0.6881260689275114,3.0163169206102287,28.09109105760023,26.96305005579721,25.991050593143186,140.92583880285204,4.999644445121094,0.22403801659551978,1.1201104251677378,1.433885567649861,ZONE_01,SUSPENSION_FAULT,REAR_BOGIE,3
4.01,RUN_059_SUSPENSION_FAULT,TRAIN001,0.09680065475187087,0.05191874925467643,0.9841266412171406,27.733956244250738,26.96823647409959,26.016626833111655,140.3225493269461,5.01507869856519,0.24832323945459273,1.2453605885474308,0.7242935136342157,ZONE_01,SUSPENSION_FAULT,REAR_BOGIE,3
4.0200000000000005,RUN_059_SUSPENSION_FAULT,TRAIN001,-0.10004121610494583,0.665986135169572,1.3858711128567194,28.103462711833796,26.95500890736744,26.017222227344114,140.79085112011694,5.015690254358751,0.2347315234960936,1.1773406147901389,1.1497129754419368,ZONE_01,SUSPENSION_FAULT,REAR_BOGIE,3
4.03,RUN_059_SUSPENSION_FAULT,TRAIN001,0.09836762766197465,0.4189998696963605,1.9785721624547226,28.07960265695218,26.955229241276765,25.974789813966737,138.27965980016955,5.028904372410906,0.24492840986804046,1.2317215513130393,1.591730033717027,ZONE_01,SUSPENSION_FAULT,REAR_BOGIE,3
4.04,RUN_059_SUSPENSION_FAULT,TRAIN001,0.014593777506761139,0.49855734877621044,2.254193642101296,28.074403105578924,27.14361190312238,25.96855361324413,139.1403035983607,4.9960589200752725,0.22413481828032786,1.1197907581688822,1.2405613888617282,ZONE_01,SUSPENSION_FAULT,REAR_BOGIE,3
4.05,RUN_059_SUSPENSION_FAULT,TRAIN001,-0.016587700050481595,0.9406696399393004,2.839943116461633,27.93812071359894,26.857042724880404,25.95364130752495,140.0256680257886,5.032232068151865,0.21231444309805592,1.0684155490898415,1.2006728402027078,ZONE_01,SUSPENSION_FAULT,REAR_BOGIE,3
4.0600000000000005,RUN_059_SUSPENSION_FAULT,TRAIN001,-0.051458304977352876,0.971653271412629,3.13974875915062,28.067655609069703,27.190391019945015,25.957412312866357,140.321183620244,4.9988531072716835,0.23804463636814283,1.1899501701782487,1.9315329000097081,ZONE_01,SUSPENSION_FAULT,REAR_BOGIE,3
4.07,RUN_059_SUSPENSION_FAULT,TRAIN001,0.09782739508860797,0.27189249207044575,2.7006986218795097,27.88423637869503,26.849460722065153,25.985631068184055,140.31594150831336,4.998075261324647,0.24081967051346087,1.2036348376336814,1.4148173895405036,ZONE_01,SUSPENSION_FAULT,REAR_BOGIE,3
4.08,RUN_059_SUSPENSION_FAULT,TRAIN001,0.0363170310032022,0.7989049252303146,2.3691586882927487,28.00087178023037,26.989757392126123,25.963999216820834,140.6631923255709,4.986309450052335,0.23388100825201105,1.1662030816347708,1.6882848691427776,ZONE_01,SUSPENSION_FAULT,REAR_BOGIE,3
4.09,RUN_059_SUSPENSION_FAULT,TRAIN001,-0.03695617746903981,0.7459899626227486,2.0761867927929925,28.032526168612943,27.105849729797956,26.056957979251717,140.8584214747401,5.009476130793267,0.2299674569183103,1.1520164862915045,1.4993733347824088,ZONE_01,SUSPENSION_FAULT,REAR_BOGIE,3
4.1,RUN_059_SUSPENSION_FAULT,TRAIN001,0.014357897830108546,0.9861822816267276,1.1845677524027483,28.071315123058785,27.03880768803042,26.064731971271915,140.79333487581343,4.997188657140028,0.21748520359307386,1.0868145924910984,1.3826756589792941,ZONE_01,SUSPENSION_FAULT,REAR_BOGIE,3
4.11,RUN_059_SUSPENSION_FAULT,TRAIN001,-0.10291066883656444,0.4997238736247968,2.028164751470678,27.920039682839935,26.914742089726527,26.03496160889728,139.85878441267482,4.998485934885254,0.23025531053191858,1.1509279311264315,1.4249184791627485,ZONE_01,SUSPENSION_FAULT,REAR_BOGIE,3
4.12,RUN_059_SUSPENSION_FAULT,TRAIN001,0.1310365777669519,-0.28299743515865927,1.8020067303093303,28.128001905097783,26.984240715373808,26.06567014987294,139.90102786335794,4.981899909066611,0.24646912197913168,1.2278844963755635,1.0366030267114115,ZONE_01,SUSPENSION_FAULT,REAR_BOGIE,3
4.13,RUN_059_SUSPENSION_FAULT,TRAIN001,0.14145233403088453,-0.07170216571442928,1.204351309843885,28.068211468369697,27.030523460482154,25.96070876113974,140.62572824554778,4.982845223649103,0.21587663729304707,1.0756798710330895,0.9672583861129805,ZONE_01,SUSPENSION_FAULT,REAR_BOGIE,3
4.14,RUN_059_SUSPENSION_FAULT,TRAIN001,0.11664057348518007,-0.5011500003229039,2.677899063385083,28.115645359144306,27.063503760369986,25.95666078588861,139.86196899287415,5.02582985182314,0.2187975344687435,1.0996391802383134,0.7812657258711961,ZONE_01,SUSPENSION_FAULT,REAR_BOGIE,3
4.15,RUN_059_SUSPENSION_FAULT,TRAIN001,0.03194033838448203,-0.4406414447120127,0.894764787588653,28.001633148385256,27.10976557561439,25.924350646824287,141.66647583434374,5.029490814254578,0.24056714932009932,1.2099302677168489,1.3047298391094704,ZONE_01,SUSPENSION_FAULT,REAR_BOGIE,3
4.16,RUN_059_SUSPENSION_FAULT,TRAIN001,0.0542698265689465,-0.3611562121445862,-0.46548154511027173,28.262393282186945,26.908287769355525,26.10114540309142,139.27884021840023,4.969553636425574,0.23801660584033352,1.182836289083502,0.5748349515286216,ZONE_01,SUSPENSION_FAULT,REAR_BOGIE,3
4.17,RUN_059_SUSPENSION_FAULT,TRAIN001,-0.13341066323933012,-1.1535180948412407,0.07936809904101605,28.166768820389507,27.083730315859253,25.92653363243023,140.5345083051659,4.986121769334834,0.2104253993379984,1.0492066644601694,1.2572467799166618,ZONE_01,SUSPENSION_FAULT,REAR_BOGIE,3
4.18,RUN_059_SUSPENSION_FAULT,TRAIN001,-0.03374048388644554,-0.6748437704260807,-0.334584663613881,28.002590780639267,27.099100397250943,25.976767869198742,141.03508352118826,4.997148544997143,0.21295189985144225,1.064152276497012,0.4763577801345249,ZONE_01,SUSPENSION_FAULT,REAR_BOGIE,3
4.19,RUN_059_SUSPENSION_FAULT,TRAIN001,-0.021324920025013384,-0.15956833095872636,-0.230915609746125,27.99045516133557,26.879595966877652,26.068171722410632,141.21686471141683,5.00530066157914,0.23905875233065246,1.1965609311968985,0.8595420438316632,ZONE_01,SUSPENSION_FAULT,REAR_BOGIE,3
4.2,RUN_059_SUSPENSION_FAULT,TRAIN001,-0.01006658521217113,-1.0645138608641478,0.07927654984114385,27.908647613217216,27.050258994791573,26.007018919732356,138.97845909467011,5.0142935974969705,0.20872632241187306,1.0466150620989434,0.8219578297102458,ZONE_01,SUSPENSION_FAULT,REAR_BOGIE,3
4.21,RUN_059_SUSPENSION_FAULT,TRAIN001,0.06664532326525457,-1.1487970582472709,1.1678727974877081,28.183196590672303,27.11391280638326,26.081656821394667,140.81370041618072,4.9630839203095904,0.24642019091888726,1.2230040871891488,0.5526404142097201,ZONE_01,SUSPENSION_FAULT,REAR_BOGIE,3
4.22,RUN_059_SUSPENSION_FAULT,TRAIN001,-0.04082799348838984,-1.376724542257906,-0.35702728076120727,27.981056655284178,27.026155748601845,26.058199467982934,139.82648328795818,5.002606847331261,0.213371673845374,1.0674145966054005,0.5985395415150132,ZONE_01,SUSPENSION_FAULT,REAR_BOGIE,3
4.23,RUN_059_SUSPENSION_FAULT,TRAIN001,-0.07076089725293454,-0.8556684318721595,0.2787721263526135,28.01434686564592,26.964812759847,25.991923246907756,140.26057636766467,5.027201439250712,0.22247750695800972,1.1184392431802168,0.6843814877643031,ZONE_01,SUSPENSION_FAULT,REAR_BOGIE,3
4.24,RUN_059_SUSPENSION_FAULT,TRAIN001,0.12398309481234145,-0.47492002483234946,-0.7599715019092441,28.14855403945019,27.067742688442383,26.038395637135114,140.12997236561316,5.018476629438322,0.20518388571078486,1.0297105351769174,1.0428749492722014,ZONE_01,SUSPENSION_FAULT,REAR_BOGIE,3
4.25,RUN_059_SUSPENSION_FAULT,TRAIN001,-0.027975333091565847,-0.5584668037617183,0.8340813817925188,28.090190866167223,27.18143005850047,25.883847839451317,138.57777134983107,5.014833714680263,0.25335898708854937,1.2705531903688987,1.0597023277573863,ZONE_01,SUSPENSION_FAULT,REAR_BOGIE,3
4.26,RUN_059_SUSPENSION_FAULT,TRAIN001,-0.06121475304025575,-0.7161420842451294,-0.48912395290002575,28.210651160761003,26.953846607641392,25.998902416673044,139.7810456250838,4.991841145928891,0.24603166095196932,1.228150968341267,0.7324754303473358,ZONE_01,SUSPENSION_FAULT,REAR_BOGIE,3
4.2700000000000005,RUN_059_SUSPENSION_FAULT,TRAIN001,-0.19901064057373438,0.6266973079247916,1.1233795582935506,28.085709769050585,27.1870459654145,25.97069913967887,139.64599953625603,4.9802723414981696,0.2785199135692235,1.3871050221052645,1.0853434506583506,ZONE_01,SUSPENSION_FAULT,REAR_BOGIE,3
4.28,RUN_059_SUSPENSION_FAULT,TRAIN001,-0.13378245560530488,0.26120171823683785,0.7586942314467683,28.1766961530142,27.047522187051868,25.872580292600787,139.16045879953637,5.007823477851925,0.24272728325056667,1.2155353877774022,0.9332152753342301,ZONE_01,SUSPENSION_FAULT,REAR_BOGIE,3
4.29,RUN_059_SUSPENSION_FAULT,TRAIN001,-0.020176847678476204,0.1244295858128678,1.5367698248256418,28.10820717653569,26.949904971387387,25.922791386849813,140.10032372730782,4.999005519872202,0.22669666901381216,1.1332578997366884,1.0113146651815685,ZONE_01,SUSPENSION_FAULT,REAR_BOGIE,3
4.3,RUN_059_SUSPENSION_FAULT,TRAIN001,0.030071831773150055,-0.4374828286507749,0.6152853100842,28.199193564021698,26.94469426744544,26.029218245308957,139.1930785184296,5.000495431758111,0.2055477395510036,1.0278405326329996,1.2935238426367885,ZONE_01,SUSPENSION_FAULT,REAR_BOGIE,3
4.3100000000000005,RUN_059_SUSPENSION_FAULT,TRAIN001,-0.1759220215420333,0.8377916433511761,1.4112568993129313,28.39813576696511,27.2946771007181,26.046496286920952,139.0402878179701,5.003355088438754,0.22171933432563135,1.109340559603401,1.8086153833634953,ZONE_01,SUSPENSION_FAULT,REAR_BOGIE,3
4.32,RUN_059_SUSPENSION_FAULT,TRAIN001,0.0008206155301989116,0.7773291170848259,2.1239056064401582,28.243267054719695,27.022550876931017,25.999876418655603,140.43157864863608,4.996131858475766,0.2209338700487542,1.1038147467669257,1.6444481355201859,ZONE_01,SUSPENSION_FAULT,REAR_BOGIE,3
4.33,RUN_059_SUSPENSION_FAULT,TRAIN001,0.03531013552001488,0.379180790509976,2.3387494368606356,28.1725256434673,27.117455155985073,26.07485458028192,138.57302298267538,5.076751608738623,0.22956930340057138,1.1654663303558557,1.95988123610853,ZONE_01,SUSPENSION_FAULT,REAR_BOGIE,3
4.34,RUN_059_SUSPENSION_FAULT,TRAIN001,-0.048251241212993165,1.1086741423933897,2.7657738087046715,28.082659326915742,27.334667688041733,26.052995994835662,139.04105960500772,4.977215343468915,0.19256878223441423,0.9584562976102506,1.7488052352613277,ZONE_01,SUSPENSION_FAULT,REAR_BOGIE,3
4.3500000000000005,RUN_059_SUSPENSION_FAULT,TRAIN001,0.007853536239816905,1.4220206991516002,1.5281531769123093,28.159477286656685,27.16925435869093,25.991463173619692,140.01856228657056,4.98945976406995,0.23009184617503795,1.148034008530924,1.9241444375016372,ZONE_01,SUSPENSION_FAULT,REAR_BOGIE,3
4.36,RUN_059_SUSPENSION_FAULT,TRAIN001,0.14327949189741593,2.0473876842995904,2.824955695301503,28.088040532357713,26.993327340222447,26.160175992841676,139.9924969687673,5.005199630610433,0.22719224845712144,1.137142558055138,1.4188245467943437,ZONE_01,SUSPENSION_FAULT,REAR_BOGIE,3
4.37,RUN_059_SUSPENSION_FAULT,TRAIN001,-0.0729076841680948,1.7797633141599247,2.9333980534788737,28.30671242224368,27.14782689138255,26.004358127801467,139.31890706353477,4.987689170874784,0.2703005511903827,1.3481751320537572,1.3956067640924867,ZONE_01,SUSPENSION_FAULT,REAR_BOGIE,3
4.38,RUN_059_SUSPENSION_FAULT,TRAIN001,-0.1677032411782999,0.44053789102213864,1.2124469246190572,28.004089885884905,26.986726646671205,25.953453386166167,140.5968988063646,4.955760556572611,0.2270261087151878,1.1250870348828932,1.5175132115656158,ZONE_01,SUSPENSION_FAULT,REAR_BOGIE,3
4.39,RUN_059_SUSPENSION_FAULT,TRAIN001,-0.036013540380535745,0.8346991610258802,1.4314603857155725,28.228862842625155,27.03955878100535,26.02581275698133,139.03594499017737,5.001288497350271,0.26638620143248853,1.3322742450771372,1.7761534482992951,ZONE_01,SUSPENSION_FAULT,REAR_BOGIE,3
4.4,RUN_059_SUSPENSION_FAULT,TRAIN001,-0.08651495220325549,1.1985437662826328,1.5414292283709798,28.102500437430358,26.990288008728644,25.928483731093113,139.41434135873521,5.005325217917131,0.20530308585666396,1.027608712954566,1.2021024246121417,ZONE_01,SUSPENSION_FAULT,REAR_BOGIE,3
4.41,RUN_059_SUSPENSION_FAULT,TRAIN001,-0.0031143902191557763,0.8073647028346884,0.21193190683132945,28.10806233631657,27.226792417007204,25.954979929985026,140.52459119926348,4.9943758432813565,0.22999410795160224,1.1486770168505267,1.4726597984936407,ZONE_01,SUSPENSION_FAULT,REAR_BOGIE,3
4.42,RUN_059_SUSPENSION_FAULT,TRAIN001,0.07150763944950737,0.03362262965037788,0.8920681775957608,28.293603970727474,27.054498779085705,25.95015532189768,138.28305529145163,5.002987842148826,0.24091464509955202,1.2052930404286581,0.9740437289288587,ZONE_01,SUSPENSION_FAULT,REAR_BOGIE,3
4.43,RUN_059_SUSPENSION_FAULT,TRAIN001,0.0907801654648831,-1.2226315927172637,1.9088421552242139,28.228463210341786,26.963982936920907,26.10839668979955,139.1815524560221,4.999223247756734,0.22398746125170463,1.1197633234955324,0.7922784547503505,ZONE_01,SUSPENSION_FAULT,REAR_BOGIE,3
4.44,RUN_059_SUSPENSION_FAULT,TRAIN001,0.033901070623659726,-0.39460057587278463,1.1815698632606697,28.306462363382366,27.309909672015262,26.05450599321072,139.93673623336295,5.008317247689864,0.27287580327190836,1.3666485920039249,0.7248533885371791,ZONE_01,SUSPENSION_FAULT,REAR_BOGIE,3
4.45,RUN_059_SUSPENSION_FAULT,TRAIN001,0.14203742388250426,-0.7015839803541938,0.8987250035526028,28.203334670335735,27.31291946408041,25.919491635303412,139.96649915640998,5.018493726208993,0.2284668236157374,1.1465593209624747,0.7297172222046207,ZONE_01,SUSPENSION_FAULT,REAR_BOGIE,3
4.46,RUN_059_SUSPENSION_FAULT,TRAIN001,0.03791756180862174,-1.1579184519177672,-0.4464770224539562,28.054044849000274,27.073957120440653,25.999386685062053,138.69412990565965,5.016401166088762,0.21361352320074686,1.0715711268765555,0.7426283447656423,ZONE_01,SUSPENSION_FAULT,REAR_BOGIE,3
4.47,RUN_059_SUSPENSION_FAULT,TRAIN001,0.10446693168031461,-0.5220935163608464,0.3905236807336103,28.18400884483017,27.270537436941538,26.001192098177867,140.29642512521315,4.9958474357174865,0.22309241253599166,1.1145356570959615,0.7834474942480143,ZONE_01,SUSPENSION_FAULT,REAR_BOGIE,3
4.48,RUN_059_SUSPENSION_FAULT,TRAIN001,0.03676991332883876,-0.4727660276400068,-0.8840046334729458,28.02108179369991,27.14937425695261,25.942745039654422,139.84094675856448,4.991492735854606,0.25149555326961215,1.255338227245004,0.606615428176011,ZONE_01,SUSPENSION_FAULT,REAR_BOGIE,3
4.49,RUN_059_SUSPENSION_FAULT,TRAIN001,0.029148901416554292,-1.3299333167727938,-0.981842435853638,28.206903650998985,27.11514694049532,26.017190626928677,138.808217742885,5.027671946972923,0.20377893113010964,1.0245336154269795,0.6104743556084378,ZONE_01,SUSPENSION_FAULT,REAR_BOGIE,3
4.5,RUN_059_SUSPENSION_FAULT,TRAIN001,-0.04914905727612759,-1.0872677230053243,-0.23600728382467212,28.180942756549253,26.975919682343534,26.04327190920568,139.34349616793438,5.002684116080427,0.21729016620422925,1.0870340630503739,0.44916643065546197,ZONE_01,SUSPENSION_FAULT,REAR_BOGIE,3
4.51,RUN_059_SUSPENSION_FAULT,TRAIN001,0.0017665711357121297,-1.259158314637156,-1.7591635290533862,28.225103578057375,27.003499379715162,25.997535592692646,139.3520293995323,4.985445659998475,0.21741401263663718,1.0839057457221764,0.5774391744468335,ZONE_01,SUSPENSION_FAULT,REAR_BOGIE,3
4.5200000000000005,RUN_059_SUSPENSION_FAULT,TRAIN001,-0.05601653256559004,-0.5121811376955249,-0.3487172235261527,28.234320028634777,26.99135305391392,26.07107318032387,140.32744345984938,4.986254833411379,0.23653185120238562,1.1794080863136363,0.6836181523503848,ZONE_01,SUSPENSION_FAULT,REAR_BOGIE,3
4.53,RUN_059_SUSPENSION_FAULT,TRAIN001,-0.028215649162570258,-0.018394867229139078,-0.3489951548114699,28.293298834301684,27.09468183420001,26.11951265416212,139.46303876222365,4.989846086448025,0.23661316523466897,1.1806632765482927,0.10092130080475892,ZONE_01,SUSPENSION_FAULT,REAR_BOGIE,3
4.54,RUN_059_SUSPENSION_FAULT,TRAIN001,0.008711813589038624,-0.8000581826208004,-0.40388330223962593,28.140228618613417,27.25294225152284,26.01699272340964,138.90363227166785,5.002809000956965,0.1948532475527964,0.9748135807228255,1.1226653694485338,ZONE_01,SUSPENSION_FAULT,REAR_BOGIE,3
4.55,RUN_059_SUSPENSION_FAULT,TRAIN001,0.11693259774191114,-0.013411038442400713,0.0040197426027059335,27.98093077245236,26.97394895325122,26.03153868360352,139.1260536367944,4.983168989502046,0.22295647048280728,1.1110297697187534,0.7481275886860758,ZONE_01,SUSPENSION_FAULT,REAR_BOGIE,3
4.5600000000000005,RUN_059_SUSPENSION_FAULT,TRAIN001,-0.024224770070292754,0.0011134270402892166,0.24209910139153834,28.251266678410648,27.084275492464588,25.951924417192526,139.434414479654,4.986974130574119,0.22889534119846416,1.141495145165677,1.1247243062334087,ZONE_01,SUSPENSION_FAULT,REAR_BOGIE,3
4.57,RUN_059_SUSPENSION_FAULT,TRAIN001,0.06352457659943749,-0.5367168199629543,0.35003515159490584,28.25188285885045,27.03814462243646,26.043854059171323,141.16411014557315,5.013153651376798,0.21932092098721298,1.0994894758703688,1.2938976335913002,ZONE_01,SUSPENSION_FAULT,REAR_BOGIE,3
4.58,RUN_059_SUSPENSION_FAULT,TRAIN001,-0.12250160497410237,-0.24268280319114838,1.8588095068919133,28.120454706419256,27.200263734991022,26.029681184066046,139.1191068671574,4.9776107902146745,0.23571377057932,1.1732914078378094,0.28398627419569034,ZONE_01,SUSPENSION_FAULT,REAR_BOGIE,3
4.59,RUN_059_SUSPENSION_FAULT,TRAIN001,-0.02744402193776088,0.6515994108071997,1.1068828004057885,28.162111458380725,27.145600690936888,25.999103481406806,140.61140586138646,5.004753058155716,0.27054907140388174,1.3540312924897662,1.3923690602801395,ZONE_01,SUSPENSION_FAULT,REAR_BOGIE,3
4.6000000000000005,RUN_059_SUSPENSION_FAULT,TRAIN001,0.12890048196770007,-0.31330413914513944,1.0660655885028714,28.251908335277154,27.17314105835351,25.952618078988014,140.52656174559516,4.992995225581222,0.2694509340475862,1.3453672272279986,1.0019171903106792,ZONE_01,SUSPENSION_FAULT,REAR_BOGIE,3
4.61,RUN_059_SUSPENSION_FAULT,TRAIN001,0.035948594283291634,0.6104568240504301,1.9318075919812798,28.307028063680345,27.025330993962864,26.012483204895567,139.27159434945517,5.000697275931385,0.26050226345832755,1.3026929592500185,1.4732026392602966,ZONE_01,SUSPENSION_FAULT,REAR_BOGIE,3
4.62,RUN_059_SUSPENSION_FAULT,TRAIN001,-0.18037328936477004,1.2693895765617362,2.396058640615505,28.30221256006767,27.093127114820916,26.01775115721812,140.47548588148274,4.959039631178459,0.2405590262590752,1.1929417448564534,1.8579781225770635,ZONE_01,SUSPENSION_FAULT,REAR_BOGIE,3
4.63,RUN_059_SUSPENSION_FAULT,TRAIN001,-0.0017687634358550795,0.30059233506043503,2.258134473968932,28.208323949604313,27.026812371380256,26.01574434936897,139.6353219774914,4.983085665665899,0.2595332534451248,1.2932764350060362,1.9799806031566507,ZONE_01,SUSPENSION_FAULT,REAR_BOGIE,3
4.64,RUN_059_SUSPENSION_FAULT,TRAIN001,-0.023352754748443505,0.9884233497157974,1.9957747528763006,28.31323102498441,27.06317681021133,25.98853395277839,140.84130627807,4.987088666777831,0.22757933718929452,1.1349583332895412,2.2728271300200333,ZONE_01,SUSPENSION_FAULT,REAR_BOGIE,3
4.65,RUN_059_SUSPENSION_FAULT,TRAIN001,-0.11745518066078059,0.37443284323668247,2.858540042459567,28.19909327167322,27.02113990824833,26.003703046843185,140.57080230952786,5.024948733606007,0.21798511602818815,1.0953640327308025,1.3208689599478305,ZONE_01,SUSPENSION_FAULT,REAR_BOGIE,3
4.66,RUN_059_SUSPENSION_FAULT,TRAIN001,-0.1746693860501972,1.104782320612598,2.4748198022679544,28.242312404233544,27.104272973532126,25.98231973700846,141.46748183191195,5.0156140806755705,0.23747999416583418,1.1911080026169103,1.4488226418553152,ZONE_01,SUSPENSION_FAULT,REAR_BOGIE,3
4.67,RUN_059_SUSPENSION_FAULT,TRAIN001,-0.09401596054001607,0.5669325653766044,1.716522535269596,28.323190846947714,27.427600120848396,25.930112022159694,140.56329101768222,4.99657885458308,0.2378964454279469,1.1886683488057572,1.6525942352715743,ZONE_01,SUSPENSION_FAULT,REAR_BOGIE,3
4.68,RUN_059_SUSPENSION_FAULT,TRAIN001,-0.10569183086749641,1.07042150305129,2.1573353660783776,28.15512576238662,27.194106646066377,25.99635699247961,139.6418194320082,4.974976837514867,0.21614111549979378,1.0752970432460998,1.6573806821339998,ZONE_01,SUSPENSION_FAULT,REAR_BOGIE,3
4.69,RUN_059_SUSPENSION_FAULT,TRAIN001,0.07262884509372211,0.22736081399212826,2.1159857564003186,28.30949696807807,27.028641175589712,25.99094932448161,138.94007454213755,4.99051612316323,0.22619605620325148,1.1288350654782626,0.9687340514769817,ZONE_01,SUSPENSION_FAULT,REAR_BOGIE,3
4.7,RUN_059_SUSPENSION_FAULT,TRAIN001,0.05903231654549369,0.4573632037687107,-0.42429279800634867,28.38863041622607,27.09263018022341,25.99949364135936,139.3943213855968,4.996403263003679,0.18424029811555603,0.9205388266813348,1.4664717915356518,ZONE_01,SUSPENSION_FAULT,REAR_BOGIE,3
4.71,RUN_059_SUSPENSION_FAULT,TRAIN001,0.06527576184723423,-0.23715360037017952,0.9572620232042217,28.123166881182453,26.96072858252478,26.03829706593445,140.28476157459008,4.9985401233792945,0.21803070025615584,1.0898352033588792,1.523654903475244,ZONE_01,SUSPENSION_FAULT,REAR_BOGIE,3
4.72,RUN_059_SUSPENSION_FAULT,TRAIN001,0.10933585976439497,-0.1397780241673384,0.5652830694867875,28.478030187281924,27.196017818157944,25.993538319988954,140.10610548842266,4.977823644557234,0.23828795304195063,1.1861554068653657,1.3798127646157972,ZONE_01,SUSPENSION_FAULT,REAR_BOGIE,3
4.73,RUN_059_SUSPENSION_FAULT,TRAIN001,-0.21675442867733075,-0.6455030768207055,0.5573967735584605,28.335810295088777,27.215119088925583,25.947433745497264,140.27211002482005,5.0080983035153555,0.18693246871272726,0.9361761794321466,1.186416472146612,ZONE_01,SUSPENSION_FAULT,REAR_BOGIE,3
4.74,RUN_059_SUSPENSION_FAULT,TRAIN001,-0.026310022956425178,-0.11281036771553854,-0.024686588228240963,28.28132684725698,27.159178498286362,25.93617151427349,141.2339958440542,5.0327267671552764,0.20343432119387342,1.0238293536304708,0.302455211167289,ZONE_01,SUSPENSION_FAULT,REAR_BOGIE,3
4.75,RUN_059_SUSPENSION_FAULT,TRAIN001,0.03526231852634148,-0.3658812793567555,-0.5828853503979393,28.19275753737904,27.169952472101553,25.944259633282613,141.12786058421142,4.9866506270699915,0.2120781075918236,1.0575594282105842,0.43290457319099296,ZONE_01,SUSPENSION_FAULT,REAR_BOGIE,3
4.76,RUN_059_SUSPENSION_FAULT,TRAIN001,-0.0657224796132802,-0.7810422555160744,-0.29749265908435474,28.279909837726876,27.063807077472696,25.97964988880332,139.76729730783708,4.990944950575701,0.20854190273319295,1.0408211564296783,0.6047915413834214,ZONE_01,SUSPENSION_FAULT,REAR_BOGIE,3
4.7700000000000005,RUN_059_SUSPENSION_FAULT,TRAIN001,-0.06154098117409773,-1.4129827961558783,-0.6347969737594581,28.27659015716413,27.151341512921242,25.994800930092367,139.9167270641851,4.979537754900288,0.21704470055963052,1.0807822809377077,0.3913744335749004,ZONE_01,SUSPENSION_FAULT,REAR_BOGIE,3
4.78,RUN_059_SUSPENSION_FAULT,TRAIN001,-0.07868592106171847,-0.32223437134775956,-1.012621296020614,28.125272579756384,27.20295692948896,26.006071080346686,139.5416604624949,4.997336696409239,0.22106910037980504,1.1047567277701775,0.3900898468712902,ZONE_01,SUSPENSION_FAULT,REAR_BOGIE,3
4.79,RUN_059_SUSPENSION_FAULT,TRAIN001,0.017956791068881737,-0.47967339263169384,-0.8563131758196767,28.414345128301946,27.34633246382831,25.991849595653797,139.78062914578524,4.972442677715209,0.2398696268145569,1.1927379694603233,0.14735974261140977,ZONE_01,SUSPENSION_FAULT,REAR_BOGIE,3
4.8,RUN_059_SUSPENSION_FAULT,TRAIN001,-0.004545302397521355,-0.8634125901901779,-0.861185176253361,28.49715044058405,27.338941183614313,26.160305167965667,140.3823765322857,4.997555856721859,0.23374802947129636,1.1681688336814708,-0.01252890758729297,ZONE_01,SUSPENSION_FAULT,REAR_BOGIE,3
4.8100000000000005,RUN_059_SUSPENSION_FAULT,TRAIN001,0.12425865612260537,-0.916704425284463,-0.37470642369498564,28.474124056529167,27.287458301467883,25.956992414911248,138.98830325270197,5.005901673290887,0.21040632468716222,1.053273372822451,0.4606839156806145,ZONE_01,SUSPENSION_FAULT,REAR_BOGIE,3
4.82,RUN_059_SUSPENSION_FAULT,TRAIN001,0.04047816025398088,-1.55405611875228,0.09005182325226996,28.42173402746976,27.11521571853724,25.82076649868547,139.8937915992355,5.011653351757265,0.2267736422201278,1.1365108841227063,0.8637121227606291,ZONE_01,SUSPENSION_FAULT,REAR_BOGIE,3
4.83,RUN_059_SUSPENSION_FAULT,TRAIN001,0.022476212747582557,-0.3717248811795289,-0.322709012366033,28.404165588487793,27.23485523203062,25.991209232365453,140.51911777886434,5.013383647969165,0.21582705007547495,1.0820238036378083,0.42589310824462495,ZONE_01,SUSPENSION_FAULT,REAR_BOGIE,3
4.84,RUN_059_SUSPENSION_FAULT,TRAIN001,-0.0009642415654576562,-0.1552441460011691,0.6468321458684675,28.34781198099366,27.225973410800876,25.98818647092341,140.1165561560098,5.0114525549928475,0.22504442898031443,1.1277994786003032,0.9209476376829024,ZONE_01,SUSPENSION_FAULT,REAR_BOGIE,3
4.8500000000000005,RUN_059_SUSPENSION_FAULT,TRAIN001,-0.07727359298104147,-0.46084026067329475,0.5278346731177264,28.23804559999899,27.26831712059795,26.060607844839254,139.6372030346612,4.988259268244183,0.2132680214141772,1.0638361844393682,0.8413684831310891,ZONE_01,SUSPENSION_FAULT,REAR_BOGIE,3
4.86,RUN_059_SUSPENSION_FAULT,TRAIN001,0.013657128198860106,-0.11668648924680736,0.5704889266939696,28.50253764095828,27.11691541734138,25.98720745882467,141.00841248830918,4.989008445846719,0.2358611844441659,1.1767134412393545,1.2440932968697749,ZONE_01,SUSPENSION_FAULT,REAR_BOGIE,3
4.87,RUN_059_SUSPENSION_FAULT,TRAIN001,0.08370955463676501,0.3570238530065124,1.4246817775932086,28.185022193141688,27.064891731127723,26.00602534877191,138.86035751468648,4.990780646674653,0.1867819012255166,0.932187497785405,1.9504432578489117,ZONE_01,SUSPENSION_FAULT,REAR_BOGIE,3
4.88,RUN_059_SUSPENSION_FAULT,TRAIN001,0.04847428232657184,0.7128846197856509,2.790004163243246,28.454046028172346,27.236592759540514,26.046348423159287,140.4487307534649,5.019691402366624,0.20716568592383416,1.0399078124972547,1.2914340268273383,ZONE_01,SUSPENSION_FAULT,REAR_BOGIE,3
4.89,RUN_059_SUSPENSION_FAULT,TRAIN001,-0.10508482564468696,0.24996205659261633,2.426551729804209,28.36934362841448,27.12659248373398,25.99431275926845,140.57771939347427,5.035975288164031,0.23760080719549087,1.1965517934843184,1.6349362931302465,ZONE_01,SUSPENSION_FAULT,REAR_BOGIE,3
4.9,RUN_059_SUSPENSION_FAULT,TRAIN001,-0.14961381484962974,0.32296252473729226,2.321476813863144,28.450079197538386,27.19137897620842,25.95740287882169,141.46059492208093,4.9977702352202575,0.23456192805094161,1.1722866223288717,1.3323510936190082,ZONE_01,SUSPENSION_FAULT,REAR_BOGIE,3
4.91,RUN_059_SUSPENSION_FAULT,TRAIN001,0.07136863926403623,1.3547184903393006,3.1070568846992046,28.499258916930323,27.13109935436372,25.99505290960327,139.75413452040917,5.023638337076466,0.23677828148253488,1.189488452242745,1.40074703032734,ZONE_01,SUSPENSION_FAULT,REAR_BOGIE,3
4.92,RUN_059_SUSPENSION_FAULT,TRAIN001,0.020563451440323247,1.809926780115116,1.5873733734329467,28.255496393209345,27.380168902819126,26.006352466910553,140.28148875927582,5.021113805093334,0.2319481503576077,1.1646380598264483,1.7706366299598653,ZONE_01,SUSPENSION_FAULT,REAR_BOGIE,3
4.93,RUN_059_SUSPENSION_FAULT,TRAIN001,0.030708855202691468,1.970557414036691,3.3802114782192105,28.412047243028958,27.32349145941827,25.96316126928491,139.38871660888765,4.97873724586598,0.23954578314274305,1.1926355126229098,1.2924854855519214,ZONE_01,SUSPENSION_FAULT,REAR_BOGIE,3
4.94,RUN_059_SUSPENSION_FAULT,TRAIN001,-0.08392301740518983,0.4477608055624871,2.6238697719612323,28.393143727763153,27.11948367759628,25.94268324194767,140.46362349453776,5.013608714733501,0.2549903722959022,1.2784219527158753,1.7257188546087388,ZONE_01,SUSPENSION_FAULT,REAR_BOGIE,3
4.95,RUN_059_SUSPENSION_FAULT,TRAIN001,0.0762248690446445,1.145295263755922,2.0345772075854978,28.33332649166737,27.24830136219957,25.998070506305805,137.6015618346108,5.045113803625475,0.2360721209776756,1.1910107161956143,2.1217086340893685,ZONE_01,SUSPENSION_FAULT,REAR_BOGIE,3
4.96,RUN_059_SUSPENSION_FAULT,TRAIN001,0.0743280894380695,0.43376112939772093,1.96746219731811,28.292892967406036,27.286291539400747,26.028477836713993,139.61159134362762,5.011897409116614,0.20184349758875256,1.0116189026121045,1.5248297522043452,ZONE_01,SUSPENSION_FAULT,REAR_BOGIE,3
4.97,RUN_059_SUSPENSION_FAULT,TRAIN001,-0.023427304695259235,0.879461879893596,1.7971400150287355,28.57990694598446,27.148296969316387,25.95499576057478,138.82369682758383,4.981400952755214,0.2242901053791785,1.1172789446294071,1.8331761631961052,ZONE_01,SUSPENSION_FAULT,REAR_BOGIE,3
4.98,RUN_059_SUSPENSION_FAULT,TRAIN001,0.059566102388700505,0.9910836261947868,1.9758485466711042,28.393709241058435,27.191825666541828,25.928147972369832,140.53452466799098,5.027975510941495,0.2680056942537282,1.3475260675006193,1.6729397545014923,ZONE_01,SUSPENSION_FAULT,REAR_BOGIE,3
4.99,RUN_059_SUSPENSION_FAULT,TRAIN001,-0.08933847176616483,0.3608631007297424,0.4109655271926117,28.47914385352189,27.13409106686556,25.92096340471158,139.99076851976233,4.9757586196972134,0.2180101587523379,1.0847659265935032,1.564592545104028,ZONE_01,SUSPENSION_FAULT,REAR_BOGIE,3
5.0,RUN_059_SUSPENSION_FAULT,TRAIN001,-0.006275980104856144,-1.098837782815654,1.7956332299375029,28.424366906180502,27.300449538566703,26.091803571986187,139.84204983345288,4.979666045304166,0.2563572766179616,1.276573625841111,1.2953926777027966,ZONE_01,SUSPENSION_FAULT,REAR_BOGIE,3
5.01,RUN_059_SUSPENSION_FAULT,TRAIN001,-0.19803999341021425,-0.4730014392632706,0.6783602904647938,28.50636771311516,26.95718103911247,25.88915226604419,139.70329572376212,4.99793016316756,0.2364941675155826,1.181981333239332,1.1281174358859425,ZONE_01,SUSPENSION_FAULT,REAR_BOGIE,3
5.0200000000000005,RUN_059_SUSPENSION_FAULT,TRAIN001,-0.026279364991151417,-0.6436570413768914,0.6401812881828537,28.333152195202544,27.262823571952495,25.951437918885837,139.5311741048091,5.001776421223202,0.2225488852132241,1.1131397666290133,0.07950215833658225,ZONE_01,SUSPENSION_FAULT,REAR_BOGIE,3
5.03,RUN_059_SUSPENSION_FAULT,TRAIN001,0.2482181156222222,-0.3892446675662037,0.2612347822093688,28.48228081190222,27.27181095807289,26.05524476203696,139.1816864555348,4.998840129625918,0.24326328321559174,1.216034262202655,0.4050309068130772,ZONE_01,SUSPENSION_FAULT,REAR_BOGIE,3
5.04,RUN_059_SUSPENSION_FAULT,TRAIN001,0.07310094706750471,-1.5419489572132798,-0.1868308576232282,28.404601223776826,27.05439218929435,26.03989072641568,140.29525025787,4.990983807163166,0.24021184285563596,1.198893417981302,0.9787523466225541,ZONE_01,SUSPENSION_FAULT,REAR_BOGIE,3
5.05,RUN_059_SUSPENSION_FAULT,TRAIN001,0.17493238568548405,-0.49856443868249234,0.5063412158108598,28.64091972196822,27.21547228708589,26.01024393644857,140.115806206247,4.980036889839748,0.2814534845243565,1.4016487357052358,0.6282622017755884,ZONE_01,SUSPENSION_FAULT,REAR_BOGIE,3
5.0600000000000005,RUN_059_SUSPENSION_FAULT,TRAIN001,0.061313697044998366,-1.3549311889198594,-0.031920129957746735,28.242473873047295,27.242905348357258,26.011653601028204,139.407213992342,5.027486384776928,0.23569329291595828,1.1849448211182207,0.8023476395568345,ZONE_01,SUSPENSION_FAULT,REAR_BOGIE,3
5.07,RUN_059_SUSPENSION_FAULT,TRAIN001,0.027800272968274004,-0.7319529981864026,-1.3047789503396339,28.568258445559557,27.189479004859574,25.968053991335562,140.902343287432,4.995242810045044,0.21303539671666136,1.064163533733996,0.18126498275066172,ZONE_01,SUSPENSION_FAULT,REAR_BOGIE,3
5.08,RUN_059_SUSPENSION_FAULT,TRAIN001,0.02634856850521409,-1.8839875075017618,-0.7383046876994901,28.471089046859937,27.23421202642724,25.97723573854806,139.82493829869486,5.01402809521299,0.22223825563962665,1.1143088576082147,0.377861162504258,ZONE_01,SUSPENSION_FAULT,REAR_BOGIE,3
5.09,RUN_059_SUSPENSION_FAULT,TRAIN001,-0.03544322711960452,0.3515604597395344,0.4185803491740109,28.431368799354733,27.243364183365312,26.00216939090121,140.183046640811,5.030133961759156,0.2503075550241405,1.2590805334118278,0.6110484811367918,ZONE_01,SUSPENSION_FAULT,REAR_BOGIE,3
5.1000000000000005,RUN_059_SUSPENSION_FAULT,TRAIN001,0.07771219594098613,-0.7569465569162824,-0.24906393035182778,28.605403372375925,27.45583738606936,26.00000871993323,141.258519529597,4.9874821778621525,0.22292342459542466,1.111826607197678,0.5063208850141947,ZONE_01,SUSPENSION_FAULT,REAR_BOGIE,3
5.11,RUN_059_SUSPENSION_FAULT,TRAIN001,-0.06832384971477712,-0.814788508349839,0.5213264510326159,28.373655398456485,27.2648114666664,25.961267866739888,139.87137412783989,4.992289908057585,0.23265708678759087,1.1614916264077677,1.0347319836624393,ZONE_01,SUSPENSION_FAULT,REAR_BOGIE,3
5.12,RUN_059_SUSPENSION_FAULT,TRAIN001,0.010008335672828368,-0.6939204027834025,-0.4505545331638455,28.329429989419758,27.155023809269526,26.01446381380864,141.00148861629498,5.016779662645769,0.2348425879487255,1.1781535191442665,0.5724060279126557,ZONE_01,SUSPENSION_FAULT,REAR_BOGIE,3
5.13,RUN_059_SUSPENSION_FAULT,TRAIN001,0.33199860222432576,-0.0010405092087525936,0.6887845808642283,28.435249337019066,27.315770855073556,25.914645886120677,140.05734402805658,5.0035766202013265,0.23341834179895227,1.1679265577513995,0.7329631753042156,ZONE_01,SUSPENSION_FAULT,REAR_BOGIE,3
5.14,RUN_059_SUSPENSION_FAULT,TRAIN001,0.05585773804622529,-0.3837267613584629,1.1841412055889737,28.4086057996908,27.420728263909915,26.13245306057186,140.97452072930582,5.0208090961264045,0.21057390280998023,1.0572513666351862,0.19702309114702887,ZONE_01,SUSPENSION_FAULT,REAR_BOGIE,3
5.15,RUN_059_SUSPENSION_FAULT,TRAIN001,-0.041750295665948324,0.02513018303909456,2.032437139616328,28.44008794206165,27.444579638542717,25.927016218992037,140.27378978554697,5.015031477869742,0.21214164174202033,1.0638970111031973,1.1706840278741912,ZONE_01,SUSPENSION_FAULT,REAR_BOGIE,3
5.16,RUN_059_SUSPENSION_FAULT,TRAIN001,0.11244970723240631,0.4022314545713823,1.1006955608661653,28.40549433654936,27.235835780211033,25.996642416975956,140.42231966615893,4.996318937840294,0.18021527184729114,0.9004129756186575,1.006289783772231,ZONE_01,SUSPENSION_FAULT,REAR_BOGIE,3
5.17,RUN_059_SUSPENSION_FAULT,TRAIN001,0.0493032003385656,1.1422321301240603,1.2527734588316641,28.496529204613765,27.06423275273748,25.996048002972984,139.11556500947918,5.02097242159827,0.2236526463607683,1.1229537693948881,1.3024829330424068,ZONE_01,SUSPENSION_FAULT,REAR_BOGIE,3
5.18,RUN_059_SUSPENSION_FAULT,TRAIN001,-0.020381336607153577,0.4199811066987372,0.9389770506485327,28.359535075129887,27.25605701928287,25.918497183286703,141.91561895770036,5.036522334212472,0.21378070564021062,1.0767112985806229,1.130933778657134,ZONE_01,SUSPENSION_FAULT,REAR_BOGIE,3
5.19,RUN_059_SUSPENSION_FAULT,TRAIN001,-0.105535451406305,0.5430780428286364,2.360746797878802,28.75217322119067,27.222177234850143,26.09568430611254,139.39583406017383,4.972407207346369,0.21603204454635933,1.074199295320089,1.5396321680567786,ZONE_01,SUSPENSION_FAULT,REAR_BOGIE,3
5.2,RUN_059_SUSPENSION_FAULT,TRAIN001,-0.010435874736212016,0.49505446763104877,2.6249226048468493,28.37056067932316,27.315455931576324,25.913321194161885,139.5208292213103,5.035521574781841,0.24041417752392719,1.210610777805167,1.231355966627971,ZONE_01,SUSPENSION_FAULT,REAR_BOGIE,3
5.21,RUN_059_SUSPENSION_FAULT,TRAIN001,-0.03829935735544544,0.5604960339096872,2.449111078070174,28.42360323679253,27.413274118470966,26.064830627297987,138.16331139617188,5.006976940240375,0.2678984581521056,1.341361402293544,1.475238862629964,ZONE_01,SUSPENSION_FAULT,REAR_BOGIE,3
5.22,RUN_059_SUSPENSION_FAULT,TRAIN001,0.010923126551650453,0.5187430691861681,2.4868749586020775,28.472135781469426,27.29646788442916,25.92620538904973,139.46130422099617,5.026973438785509,0.27204926484020003,1.36758442839281,1.738781572586016,ZONE_01,SUSPENSION_FAULT,REAR_BOGIE,3
5.23,RUN_059_SUSPENSION_FAULT,TRAIN001,0.0441597722807281,1.0154144911570766,3.1373916981007444,28.77681434161686,27.176756253111897,26.030971271373026,140.8222841640179,5.005896995599405,0.23532282425019233,1.1780018189100046,1.360583793305194,ZONE_01,SUSPENSION_FAULT,REAR_BOGIE,3
5.24,RUN_059_SUSPENSION_FAULT,TRAIN001,0.034716207316345664,1.0346298745016334,3.26730954927557,28.54784324540761,27.24096666437854,26.004957811461537,140.44082215634273,5.025746889957848,0.2569138343413645,1.2911839039282582,2.34884723158654,ZONE_01,SUSPENSION_FAULT,REAR_BOGIE,3
5.25,RUN_059_SUSPENSION_FAULT,TRAIN001,-0.08812748781325473,0.11546392471000178,1.9393923472177135,28.394004363534656,27.258757048552653,26.05092621428687,139.98375905670713,4.971019856581634,0.22277027444737352,1.107395457734034,1.9324668479717515,ZONE_01,SUSPENSION_FAULT,REAR_BOGIE,3
5.26,RUN_059_SUSPENSION_FAULT,TRAIN001,0.05774822096003836,1.2215696865435088,1.789682294746972,28.633933209800052,27.200016872115302,25.95577913352311,141.79974493808427,5.010334709820437,0.1846283466754309,0.9250498137646722,1.3547989751427334,ZONE_01,SUSPENSION_FAULT,REAR_BOGIE,3
5.2700000000000005,RUN_059_SUSPENSION_FAULT,TRAIN001,0.04645335826314798,0.7260556171714045,2.138616516563186,28.4912883370726,27.17210685935563,25.970828942879674,140.07058287014414,5.027443115825952,0.23844646671714415,1.1987760475901283,1.1655601480246327,ZONE_01,SUSPENSION_FAULT,REAR_BOGIE,3
5.28,RUN_059_SUSPENSION_FAULT,TRAIN001,-0.14165330235821413,0.04239857607425333,2.058778818848655,28.339973601818777,27.34302669213418,26.018171897298227,141.25663070309193,5.006788243465949,0.24773746747499423,1.240369039619829,1.393134689977534,ZONE_01,SUSPENSION_FAULT,REAR_BOGIE,3
5.29,RUN_059_SUSPENSION_FAULT,TRAIN001,0.037985592265651166,-0.36456288258558794,0.5641719328882755,28.66463407443815,27.29974973180685,26.029685297184106,140.47682051884584,5.003115085473198,0.22754106739253843,1.1384141468362825,1.2801173941004231,ZONE_01,SUSPENSION_FAULT,REAR_BOGIE,3
5.3,RUN_059_SUSPENSION_FAULT,TRAIN001,-0.0034082443769449635,-0.4573685919762158,0.028989726250885917,28.548320357298138,27.269800843922365,25.973280058957606,141.40511335366807,5.000326457028481,0.22088203073292326,1.1044822621560142,0.752641351371991,ZONE_01,SUSPENSION_FAULT,REAR_BOGIE,3
5.3100000000000005,RUN_059_SUSPENSION_FAULT,TRAIN001,0.042758690295663954,-0.7673120292340222,-0.9193436826686816,28.41564485256568,27.268065591672023,26.006137866564796,139.67369550175363,5.000596767627048,0.20636553726308177,1.031950838587386,0.5532866571815237,ZONE_01,SUSPENSION_FAULT,REAR_BOGIE,3
5.32,RUN_059_SUSPENSION_FAULT,TRAIN001,-0.10517718270746634,-1.5992243769279781,0.10658276980523862,28.759649779644672,27.451496160286343,25.972225431152133,140.80600757951444,5.014677876157432,0.21263254475426555,1.0662837179302704,0.6981314874115147,ZONE_01,SUSPENSION_FAULT,REAR_BOGIE,3
5.33,RUN_059_SUSPENSION_FAULT,TRAIN001,-0.02854054766848086,-0.6914487454334547,0.08757225123392837,28.487998364856455,27.21038552040693,26.02618821817886,139.6443782897301,4.989890263613438,0.20896188700016732,1.0426968854084262,1.085153092046808,ZONE_01,SUSPENSION_FAULT,REAR_BOGIE,3
5.34,RUN_059_SUSPENSION_FAULT,TRAIN001,-0.02056579523494422,-1.2587972362467599,-0.41078062771991775,28.602150780745312,27.34915998701305,25.929025930352555,140.20658267042165,5.012446928069772,0.23476652021314334,1.1767547230560003,0.9531378188033401,ZONE_01,SUSPENSION_FAULT,REAR_BOGIE,3
5.3500000000000005,RUN_059_SUSPENSION_FAULT,TRAIN001,-0.12076608805227616,-0.8075656040518215,-1.5348376291553192,28.59490689005163,27.334398779775388,26.017203154315094,140.64311408135057,5.00955083774912,0.2405367829358438,1.2049812424657345,0.4191544374686881,ZONE_01,SUSPENSION_FAULT,REAR_BOGIE,3
5.36,RUN_059_SUSPENSION_FAULT,TRAIN001,0.05426845196074373,-0.5878789282707324,-0.06933879337509802,28.63421292026877,27.211073355531518,26.03797779889206,141.6647504395436,5.0187206738367625,0.22237353542086402,1.1160306595308618,0.6626718484879732,ZONE_01,SUSPENSION_FAULT,REAR_BOGIE,3
5.37,RUN_059_SUSPENSION_FAULT,TRAIN001,-0.027247818866907848,-1.167311225102216,-0.7845298626576169,28.47569831712046,27.09413326002972,25.95939868238227,139.2259307824566,5.017027311698043,0.2616032130456689,1.3124704646780827,0.7282727574718799,ZONE_01,SUSPENSION_FAULT,REAR_BOGIE,3
5.38,RUN_059_SUSPENSION_FAULT,TRAIN001,0.04154908681641201,-0.9175744032534998,-0.7721712764480995,28.537398829445806,27.147267763550783,25.964343911161027,140.28434311110533,4.969915353927347,0.2291668942373551,1.1389400662820757,0.33429577653919296,ZONE_01,SUSPENSION_FAULT,REAR_BOGIE,3
5.39,RUN_059_SUSPENSION_FAULT,TRAIN001,-0.09801777502096873,-0.561667495849292,0.9485066159527307,28.500274331641585,27.224824961210878,26.03535702908747,139.5620471894608,4.986119374549454,0.29270527409080305,1.4594634381769613,0.1919697677656066,ZONE_01,SUSPENSION_FAULT,REAR_BOGIE,3
5.4,RUN_059_SUSPENSION_FAULT,TRAIN001,-0.1378672704711875,-0.6633142309330385,0.021412171833014776,28.561042844681843,27.28746136897948,26.087034841785872,141.79276735482443,4.9863593936258965,0.24934297579783074,1.243313689604148,0.9754840355889154,ZONE_01,SUSPENSION_FAULT,REAR_BOGIE,3
5.41,RUN_059_SUSPENSION_FAULT,TRAIN001,-0.1138233514658727,-0.4753202511865574,0.03647798327555202,28.502614392232744,27.5457443053909,26.055700202613636,139.62283516899765,4.977269025627544,0.23237716327674857,1.1566036570405551,1.3365968033462186,ZONE_01,SUSPENSION_FAULT,REAR_BOGIE,3
5.42,RUN_059_SUSPENSION_FAULT,TRAIN001,-0.2165511231640437,-0.2497489688115957,1.0486293655384542,28.469676669241405,27.34516838524512,26.06374521714264,139.15577625671,4.992140160826328,0.24365152699595793,1.2163425731631818,1.1563275709298066,ZONE_01,SUSPENSION_FAULT,REAR_BOGIE,3
5.43,RUN_059_SUSPENSION_FAULT,TRAIN001,-0.07548729826433764,0.5794076452055166,0.5200263746696245,28.80776217763639,27.127756169755585,26.062405064375806,138.4253223869437,4.97918213989152,0.21801144926906063,1.085518714492373,1.646390919881231,ZONE_01,SUSPENSION_FAULT,REAR_BOGIE,3
5.44,RUN_059_SUSPENSION_FAULT,TRAIN001,0.04187327449214848,0.333742537843989,0.8431225979529442,28.640707494101317,27.349798810358806,25.966186458103465,139.58766764527508,5.0000262933013735,0.21281819393021378,1.0640965653439798,0.940971614493778,ZONE_01,SUSPENSION_FAULT,REAR_BOGIE,3
5.45,RUN_059_SUSPENSION_FAULT,TRAIN001,0.14853289870335148,0.29610953897255593,0.7790503691542645,28.757790234775765,27.493483301792615,25.932742166684292,140.2917477750985,4.98357558293966,0.22893659678490788,1.1409228337785693,1.3865049176243387,ZONE_01,SUSPENSION_FAULT,REAR_BOGIE,3
5.46,RUN_059_SUSPENSION_FAULT,TRAIN001,0.1211366109317348,1.2584090557427778,2.22725505581613,28.574385001583714,27.166390690612587,25.935857444921222,139.75041127188916,4.993457949062555,0.24192100858809062,1.2080223833794317,1.6353227141207936,ZONE_01,SUSPENSION_FAULT,REAR_BOGIE,3
5.47,RUN_059_SUSPENSION_FAULT,TRAIN001,0.13605539300182626,0.6257096604622054,3.185836326963332,28.46648210810406,27.19270131059915,25.934703841302117,139.68873852128846,4.994086144636657,0.27607227756654823,1.3787287363133838,1.6432169997725432,ZONE_01,SUSPENSION_FAULT,REAR_BOGIE,3
5.48,RUN_059_SUSPENSION_FAULT,TRAIN001,0.13557227598134194,1.01421403914357,0.9934129031900845,28.57313178120101,27.08899435079514,25.9914690729142,140.04985816122638,5.0015883171044955,0.21941754335916377,1.0974362214329627,1.3027578626389624,ZONE_01,SUSPENSION_FAULT,REAR_BOGIE,3
5.49,RUN_059_SUSPENSION_FAULT,TRAIN001,0.22110789797799077,1.1356709704308456,2.633200023536098,28.595267474161638,27.367218653318684,26.08735899719716,139.00521007991975,4.999193555822421,0.20689773224850458,1.0343218097709967,1.663215838748283,ZONE_01,SUSPENSION_FAULT,REAR_BOGIE,3
5.5,RUN_059_SUSPENSION_FAULT,TRAIN001,0.024575097507458666,1.2470763955856627,2.994866230120973,28.520470910255828,27.34092347955931,25.947787006912034,140.53780127837734,4.975854564563692,0.24852331800199443,1.236615886280738,2.231427467707153,ZONE_01,SUSPENSION_FAULT,REAR_BOGIE,3
5.51,RUN_059_SUSPENSION_FAULT,TRAIN001,0.10077571595549706,1.3434307875482405,1.504806875241075,28.574975256464725,27.371168662011748,25.91833971679397,140.10882422110356,5.01150328163302,0.21578440778448793,1.081404267737199,1.852909861533174,ZONE_01,SUSPENSION_FAULT,REAR_BOGIE,3
5.5200000000000005,RUN_059_SUSPENSION_FAULT,TRAIN001,0.07123769871927398,0.652322209173978,0.6397222073895068,28.691187261537742,27.200837820142574,26.049222109946008,139.86515796156232,4.987670370281828,0.22272104024817221,1.110859133284155,1.3482376736033728,ZONE_01,SUSPENSION_FAULT,REAR_BOGIE,3
5.53,RUN_059_SUSPENSION_FAULT,TRAIN001,-0.2557699067363162,1.0684004341971773,0.9953332229026479,28.760017064804053,27.31914979038488,26.069112187983286,140.43372061256946,4.979527155282559,0.23265090786838694,1.1584915134317735,0.8697000213595285,ZONE_01,SUSPENSION_FAULT,REAR_BOGIE,3
5.54,RUN_059_SUSPENSION_FAULT,TRAIN001,0.02181232339169596,-0.2522699455200337,2.542112571125152,28.739357143437196,27.107520280045513,25.998023924421123,139.44174235592496,5.021741707033954,0.2314233348042997,1.162148212367634,1.471469023628625,ZONE_01,SUSPENSION_FAULT,REAR_BOGIE,3
5.55,RUN_059_SUSPENSION_FAULT,TRAIN001,0.011696981671685492,0.6879478792920831,0.7837364992298256,28.717181438153453,27.251565490172254,26.06503741589849,139.29658499207056,4.970689641153652,0.22051601048686684,1.0961166490355991,1.3638121662050302,ZONE_01,SUSPENSION_FAULT,REAR_BOGIE,3
5.5600000000000005,RUN_059_SUSPENSION_FAULT,TRAIN001,0.04466170125251539,0.058175495646685865,2.276232065370385,28.474975169042533,27.52118324940868,26.04560766371912,140.28181768256982,5.007339318818372,0.24773276587822007,1.2404820191416377,0.8715926476211715,ZONE_01,SUSPENSION_FAULT,REAR_BOGIE,3
5.57,RUN_059_SUSPENSION_FAULT,TRAIN001,-0.046544251419058776,-0.11139548686878392,2.828466634595757,28.615587822641086,27.48734662759408,26.095055737499262,140.10604995808777,5.0159824362357615,0.22248358486302652,1.1159737540237096,0.8912606627620842,ZONE_01,SUSPENSION_FAULT,REAR_BOGIE,3
5.58,RUN_059_SUSPENSION_FAULT,TRAIN001,-0.06940112870771817,0.18566459288414366,0.6463628436582697,28.56586449083101,27.25777189748758,26.00184999409928,139.52410967926858,5.012894324786761,0.2266338359954101,1.136091470266045,1.6731496066828508,ZONE_01,SUSPENSION_FAULT,REAR_BOGIE,3
5.59,RUN_059_SUSPENSION_FAULT,TRAIN001,-0.04670440479633976,-0.020168143797458182,1.0920468343309322,28.69378194148331,27.226500488507472,25.977382574064894,139.3444658612925,4.9574635285769295,0.23385680150183402,1.1593365643549967,0.866324894965155,ZONE_01,SUSPENSION_FAULT,REAR_BOGIE,3
5.6000000000000005,RUN_059_SUSPENSION_FAULT,TRAIN001,0.07975539909635254,-1.3965109366297688,-0.14211395583905356,28.52552347425579,27.408841417230512,26.050164516503,139.4768914895939,5.006053063734031,0.2529917293528476,1.2664900218261934,1.4749272026697158,ZONE_01,SUSPENSION_FAULT,REAR_BOGIE,3
5.61,RUN_059_SUSPENSION_FAULT,TRAIN001,0.0522247519574118,-0.9499930900471871,-1.1771885100554675,28.596414645167467,27.26094198497141,25.983610520818164,138.57247740053074,4.996276161424184,0.2560574991965392,1.279333979189561,0.6734452732239782,ZONE_01,SUSPENSION_FAULT,REAR_BOGIE,3
5.62,RUN_059_SUSPENSION_FAULT,TRAIN001,0.15592923848522455,-0.6994898261346562,-0.3371611237757879,28.603224253436903,27.122474919833405,25.90333715070581,140.05207601321536,5.0293242685299875,0.20545287401744744,1.0332891253351826,0.4275238750422727,ZONE_01,SUSPENSION_FAULT,REAR_BOGIE,3
5.63,RUN_059_SUSPENSION_FAULT,TRAIN001,-0.12379814150856044,-1.669700475811623,0.48935558938326784,28.88160728009228,27.470688371714907,25.944066982124937,139.60301319675844,4.995776410382315,0.22952290458885702,1.1466451123874426,0.11958438943955046,ZONE_01,SUSPENSION_FAULT,REAR_BOGIE,3
5.64,RUN_059_SUSPENSION_FAULT,TRAIN001,0.11969734834611244,-1.5447261165267925,-0.24227726669870675,28.621135102152056,27.219860582724202,26.04581127168288,140.63931296185748,5.014667208583911,0.22096430796871463,1.10806246943815,0.12626029347251266,ZONE_01,SUSPENSION_FAULT,REAR_BOGIE,3
5.65,RUN_059_SUSPENSION_FAULT,TRAIN001,0.19880757199782123,-1.480462793522489,-0.5653348527408201,28.611157570936914,27.411724280256514,26.021881950720946,140.50789100053865,4.980393861897916,0.27377030736908003,1.363483958390872,0.5096947281686159,ZONE_01,SUSPENSION_FAULT,REAR_BOGIE,3
5.66,RUN_059_SUSPENSION_FAULT,TRAIN001,-0.08799929368521009,-0.8470175696859953,-0.07365927387616372,28.626743613031636,27.28168973468078,25.944441852032124,138.7824824609746,5.034898685435052,0.21167458200699457,1.065760074687031,0.9897630527838516,ZONE_01,SUSPENSION_FAULT,REAR_BOGIE,3
5.67,RUN_059_SUSPENSION_FAULT,TRAIN001,0.012490651431638716,-0.7694672049811857,-0.04550885720748113,28.806591821490102,27.304043247614732,26.01982740324898,140.13418445674793,5.00275785158508,0.2554081789951137,1.2777452728268526,0.5067496982897768,ZONE_01,SUSPENSION_FAULT,REAR_BOGIE,3
5.68,RUN_059_SUSPENSION_FAULT,TRAIN001,-0.15854485027273918,-0.9549598632079219,-0.47211442244978136,28.680397811436734,27.26416280059871,26.078748052060753,138.95191013769312,4.999492196375073,0.18568949889247116,0.9283532006617072,0.8382976826836646,ZONE_01,SUSPENSION_FAULT,REAR_BOGIE,3
5.69,RUN_059_SUSPENSION_FAULT,TRAIN001,-0.2812728458500743,-0.5390198836202292,0.38863104944131965,28.80345110326339,27.35554645388626,25.920879134077232,140.1674105033108,4.988559591540664,0.18276523744628806,0.9117352782628872,0.8734543071135398,ZONE_01,SUSPENSION_FAULT,REAR_BOGIE,3
5.7,RUN_059_SUSPENSION_FAULT,TRAIN001,-0.1372152421072189,-0.18395951861964177,1.5448605998369527,28.682578749026163,27.572239821527795,25.99297309222612,138.97578667466266,4.998230136465793,0.19855646914534492,0.9924309278725033,0.7735934402703343,ZONE_01,SUSPENSION_FAULT,REAR_BOGIE,3
5.71,RUN_059_SUSPENSION_FAULT,TRAIN001,0.004999219424759036,-0.012809481749229024,0.5227518222068799,28.720965211257685,27.29158608497688,25.882720165599835,139.0270243952548,4.995454924848334,0.23219852012922051,1.1599372409220097,1.0552514672042161,ZONE_01,SUSPENSION_FAULT,REAR_BOGIE,3
5.72,RUN_059_SUSPENSION_FAULT,TRAIN001,0.02265845516418684,-0.20721151629471757,1.4717307212577913,28.930385447224218,27.4095534564195,26.01502165363892,141.004539403258,4.989987639041088,0.22281340114259768,1.1118361175142657,1.262948641249166,ZONE_01,SUSPENSION_FAULT,REAR_BOGIE,3
5.73,RUN_059_SUSPENSION_FAULT,TRAIN001,-0.039675940936816666,0.9703273767958545,1.7553461051646406,28.739232331903022,27.18805486616106,26.017483793651333,140.51491405117469,5.005073508735962,0.2217479899868395,1.1098649902985778,1.6151251004050597,ZONE_01,SUSPENSION_FAULT,REAR_BOGIE,3
5.74,RUN_059_SUSPENSION_FAULT,TRAIN001,0.06605110297600963,1.0095469633209333,1.2372536137176657,28.895310882197812,27.431883268003233,25.997093464601562,141.09259143602497,4.985481989282022,0.2538080679768665,1.265355551633135,1.5092643447170482,ZONE_01,SUSPENSION_FAULT,REAR_BOGIE,3
5.75,RUN_059_SUSPENSION_FAULT,TRAIN001,0.036287054148685,1.072319954481103,1.8502137550380904,28.831032615053534,27.688267948042814,26.002617784908796,139.90742752086746,4.983757507011337,0.20622036962473284,1.027752315215915,1.342762016885873,ZONE_01,SUSPENSION_FAULT,REAR_BOGIE,3
5.76,RUN_059_SUSPENSION_FAULT,TRAIN001,0.19428301395635028,0.2528111308039064,2.03729342293329,28.780192433701387,27.296995577362498,25.956960631442573,140.0550379770857,4.972154860537095,0.23880244141394513,1.187362719784472,1.9854109726251006,ZONE_01,SUSPENSION_FAULT,REAR_BOGIE,3
5.7700000000000005,RUN_059_SUSPENSION_FAULT,TRAIN001,-0.14579449585153811,0.9554754846591536,2.8087928577091965,28.534008678569563,27.13234311005836,25.983403865490807,138.89731525734243,5.016924007231328,0.23039464339198734,1.155872417570762,1.3540501417485777,ZONE_01,SUSPENSION_FAULT,REAR_BOGIE,3
5.78,RUN_059_SUSPENSION_FAULT,TRAIN001,-0.09118441877718189,0.5778670666080856,2.0347940425886186,28.728935066219798,27.298347026704576,25.95528507685706,140.6233421796942,5.010297465234573,0.21916047500997313,1.0980591724220734,1.6954244798560318,ZONE_01,SUSPENSION_FAULT,REAR_BOGIE,3
5.79,RUN_059_SUSPENSION_FAULT,TRAIN001,-0.06168820796151119,0.6745974821093201,1.8230071143176574,28.801892080400417,27.5290480582077,26.063504573189224,140.57569004851874,4.964115209803265,0.23918324666643384,1.1873331927069704,1.8217639254413327,ZONE_01,SUSPENSION_FAULT,REAR_BOGIE,3
5.8,RUN_059_SUSPENSION_FAULT,TRAIN001,-0.06762224302659763,0.5783906993599133,2.9927055049735287,28.85488999657221,27.466030624104537,26.00940252248637,139.93225051502037,5.002034808682951,0.2057493445259051,1.0291653831822782,1.429483743784383,ZONE_01,SUSPENSION_FAULT,REAR_BOGIE,3
5.8100000000000005,RUN_059_SUSPENSION_FAULT,TRAIN001,-0.04985558745422998,1.264016633545031,1.6982084099958397,28.80901182531923,27.38400467243914,26.050501314524254,139.21321805395505,5.005413512588257,0.23747967690890925,1.1886839837649479,1.683077460802575,ZONE_01,SUSPENSION_FAULT,REAR_BOGIE,3
5.82,RUN_059_SUSPENSION_FAULT,TRAIN001,0.24449937771882452,1.327802934093302,1.5547639595173037,28.757234964457957,27.46403933824551,26.039433209638645,138.7073433859907,4.9913780871830244,0.24266060617763294,1.2112108322975867,1.335527395022448,ZONE_01,SUSPENSION_FAULT,REAR_BOGIE,3
5.83,RUN_059_SUSPENSION_FAULT,TRAIN001,-0.03811724018740112,1.1875462004161286,2.322806506678519,28.6505696801024,27.420707028811737,25.958114803516597,139.38078305385298,4.987265836471638,0.22712602415237654,1.1327378608287795,1.4617242164877329,ZONE_01,SUSPENSION_FAULT,REAR_BOGIE,3
5.84,RUN_059_SUSPENSION_FAULT,TRAIN001,0.06649721336074885,0.7985434408109469,2.3401821740361535,28.73304600082333,27.273490762347244,26.01420372008714,139.91593160861103,5.0020574238898545,0.22154763327772017,1.1081939837820471,1.3174499367471584,ZONE_01,SUSPENSION_FAULT,REAR_BOGIE,3
5.8500000000000005,RUN_059_SUSPENSION_FAULT,TRAIN001,-0.14779169943674425,0.4278135552602622,2.2996435609427444,28.651850535748608,27.479049572464394,25.96292104120116,139.87330164799883,4.984447805545644,0.2297634993841291,1.1452441702997103,0.8955874679207838,ZONE_01,SUSPENSION_FAULT,REAR_BOGIE,3
5.86,RUN_059_SUSPENSION_FAULT,TRAIN001,-0.07332864556149762,0.22642727236688281,1.445081835386604,28.798765363004154,27.39945240202906,25.98790302470841,140.0639959808426,5.019323850246975,0.2244325414102071,1.1264996078717944,1.0024257129008254,ZONE_01,SUSPENSION_FAULT,REAR_BOGIE,3
5.87,RUN_059_SUSPENSION_FAULT,TRAIN001,0.08731578309998789,-0.41501494851191584,0.03415097780361431,28.69179213863018,27.5299484811942,25.98993870050502,139.00650983914795,5.010801518224887,0.24476892501448552,1.2264885010768576,0.49430042321204576,ZONE_01,SUSPENSION_FAULT,REAR_BOGIE,3
5.88,RUN_059_SUSPENSION_FAULT,TRAIN001,0.10229756204010838,-0.598582119563533,-0.7545575737650781,28.772493136046535,27.364179273943968,25.937617578399877,139.476738640451,5.014366651130539,0.20809220704369552,1.0434506233600582,1.2018519446807934,ZONE_01,SUSPENSION_FAULT,REAR_BOGIE,3
5.89,RUN_059_SUSPENSION_FAULT,TRAIN001,-0.16766677046893344,-1.5279378513615443,0.28446862659504224,28.861678082096713,27.390254195785044,26.11405207924224,139.8485095636181,4.983778708132119,0.24481641661599265,1.2201108445319866,0.5330012894093981,ZONE_01,SUSPENSION_FAULT,REAR_BOGIE,3
5.9,RUN_059_SUSPENSION_FAULT,TRAIN001,0.21692079010389276,-0.4062118045502194,-0.8347141767900018,28.84284554032872,27.224698580662483,25.975524560594778,138.20657945074126,4.975113760236736,0.22673866070028617,1.1280506308276421,0.30296370778955695,ZONE_01,SUSPENSION_FAULT,REAR_BOGIE,3
5.91,RUN_059_SUSPENSION_FAULT,TRAIN001,0.04360451905535971,-1.2766748958185148,0.07165091723169392,28.62794414875589,27.491487468746712,26.016428861532713,139.4494991211865,4.996825689101172,0.22216898056683804,1.1101396694177954,0.28131724468621916,ZONE_01,SUSPENSION_FAULT,REAR_BOGIE,3
5.92,RUN_059_SUSPENSION_FAULT,TRAIN001,-0.08004442131440698,-1.1938848728312188,-0.09180930837194906,28.77722806152326,27.460141957367856,26.005023428453725,139.77042519813938,4.988996209730107,0.2226948604121106,1.111023814522395,0.5755563703477943,ZONE_01,SUSPENSION_FAULT,REAR_BOGIE,3
5.93,RUN_059_SUSPENSION_FAULT,TRAIN001,0.048441816591912046,-1.356050765898149,-0.18366541779112838,28.91733917649089,27.402802708184744,26.067360215551318,140.50155351672365,4.9936266516742736,0.22497960191064253,1.123464136184053,0.39961968251879854,ZONE_01,SUSPENSION_FAULT,REAR_BOGIE,3
5.94,RUN_059_SUSPENSION_FAULT,TRAIN001,-0.06674310269479777,-1.32623566901097,0.1686509854323296,28.684979756347342,27.473363874171728,25.9610467789514,139.9207161560122,5.015222289863714,0.24791395089473642,1.2433435724954602,0.47267367776053615,ZONE_01,SUSPENSION_FAULT,REAR_BOGIE,3
5.95,RUN_059_SUSPENSION_FAULT,TRAIN001,-0.15139296384928913,-0.6211865535321033,-1.1908547343273643,28.78975327489737,27.41211718952503,25.96759983381804,140.13113249652247,4.981537324559526,0.21932988985922824,1.0926000327252754,0.8033383899591992,ZONE_01,SUSPENSION_FAULT,REAR_BOGIE,3
5.96,RUN_059_SUSPENSION_FAULT,TRAIN001,0.019435227392060977,-0.5618354031347197,-1.0675785769209785,28.834941582229284,27.444231860339666,25.891790072923943,141.16149009992114,5.027907175750012,0.23068087265634507,1.159842014937112,0.40706945326303956,ZONE_01,SUSPENSION_FAULT,REAR_BOGIE,3
5.97,RUN_059_SUSPENSION_FAULT,TRAIN001,0.08627679196757694,-1.1415218181622642,-0.13448983405700984,28.756174721212812,27.61773547306692,25.95554303534435,139.23106089526436,5.005084371317755,0.24618793169497985,1.2321913693335866,0.3249653437127515,ZONE_01,SUSPENSION_FAULT,REAR_BOGIE,3
5.98,RUN_059_SUSPENSION_FAULT,TRAIN001,0.11160395253554319,0.21886617183603846,-0.7293306472293967,28.889974636036694,27.488033009534544,26.047304598526836,138.20846041407685,4.995792563261141,0.20991258426311754,1.0486797273966102,0.8828619300816506,ZONE_01,SUSPENSION_FAULT,REAR_BOGIE,3
5.99,RUN_059_SUSPENSION_FAULT,TRAIN001,-0.17383678862702542,-0.29325474886147795,1.867561903283792,28.724600607747586,27.428868368698023,25.98153322713532,138.89253598655114,4.994700797087752,0.20577018998541602,1.0277605319370555,0.8468080685757315,ZONE_01,SUSPENSION_FAULT,REAR_BOGIE,3
6.0,RUN_059_SUSPENSION_FAULT,TRAIN001,-0.09962837524471616,-0.2753052868141875,1.1773379584797163,28.670499684608206,27.336256173477096,26.048293577991352,140.25163202659624,5.010240419579809,0.2342921655302242,1.1738600777304125,1.4210282941636847,ZONE_01,SUSPENSION_FAULT,REAR_BOGIE,3
6.01,RUN_059_SUSPENSION_FAULT,TRAIN001,-0.020611066337978903,-0.3418439669614231,1.2225131551948734,29.001461059590174,27.385190460828486,26.062104125347048,139.87116434732633,4.993087405533602,0.23890329447108222,1.192865030764046,1.236741111458881,ZONE_01,SUSPENSION_FAULT,REAR_BOGIE,3
6.0200000000000005,RUN_059_SUSPENSION_FAULT,TRAIN001,0.10972038200041634,0.765579450965767,0.9603067737896108,28.77035809429901,27.52172848781735,26.002031274041343,140.7578241986658,4.995025189394859,0.2291989897670842,1.1448547272704401,1.4557341107453612,ZONE_01,SUSPENSION_FAULT,REAR_BOGIE,3
6.03,RUN_059_SUSPENSION_FAULT,TRAIN001,0.13623925768381903,0.9557877314062408,1.782192970699929,28.663010353621,27.51603827621615,26.02555064364702,140.1469152133314,4.993752144560151,0.24726027475778234,1.2347565273362078,1.9488852642798085,ZONE_01,SUSPENSION_FAULT,REAR_BOGIE,3
6.04,RUN_059_SUSPENSION_FAULT,TRAIN001,-0.04229419944101286,1.2728350634094192,2.5819641661659603,28.847976149935175,27.357352171487097,25.991905252965697,139.91407323876027,4.993900906678367,0.22649725964490997,1.1311048703008815,1.8102212982678438,ZONE_01,SUSPENSION_FAULT,REAR_BOGIE,3
6.05,RUN_059_SUSPENSION_FAULT,TRAIN001,-0.1271511132522774,0.09109102809244074,2.250098772482705,28.991540345107367,27.516235272275487,25.91059408337686,140.6225737915997,4.992036316565418,0.23137100124677992,1.1550124408240279,1.3193399247035988,ZONE_01,SUSPENSION_FAULT,REAR_BOGIE,3
6.0600000000000005,RUN_059_SUSPENSION_FAULT,TRAIN001,0.05886394903886192,0.9618747970380855,2.09163091146036,28.845293130984548,27.38928049264068,26.064331489001916,140.0659565446607,5.015196968053789,0.22747775959288258,1.1408457702098933,2.109176999289921,ZONE_01,SUSPENSION_FAULT,REAR_BOGIE,3
6.07,RUN_059_SUSPENSION_FAULT,TRAIN001,-0.05045789080521606,0.5192653889274044,2.098936109859003,28.73308770040875,27.505354057024384,26.025999335881703,139.38031408642766,4.981199996070995,0.23517367205983997,1.1714470943404762,1.6296148870680622,ZONE_01,SUSPENSION_FAULT,REAR_BOGIE,3
6.08,RUN_059_SUSPENSION_FAULT,TRAIN001,0.04424720564762413,1.4583473533077078,2.875093117452853,28.93717492197992,27.66828528926995,26.073450037097857,140.04616463514466,5.0132825687940095,0.21875207773116442,1.0966659781771189,2.0130706336440696,ZONE_01,SUSPENSION_FAULT,REAR_BOGIE,3
6.09,RUN_059_SUSPENSION_FAULT,TRAIN001,0.1100475940775282,1.567590664100568,1.9850856238086145,28.71477714721696,27.437081574474874,25.963557839387168,139.59771538316235,4.997685045116161,0.234780626346601,1.1733596251754133,1.4849046692670702,ZONE_01,SUSPENSION_FAULT,REAR_BOGIE,3
6.1000000000000005,RUN_059_SUSPENSION_FAULT,TRAIN001,0.06412837010250634,0.45992322579929773,2.0394342499314564,28.834238170707334,27.529945261227795,25.998244817402796,141.6149478992471,5.04383397169074,0.23538798772513497,1.1872579290159586,1.9035525209071833,ZONE_01,SUSPENSION_FAULT,REAR_BOGIE,3
6.11,RUN_059_SUSPENSION_FAULT,TRAIN001,-0.10567552065259755,-0.11730503161787709,2.768317122742395,28.899648922144653,27.528892853701645,26.007558837242495,138.16622278091646,4.992404407277494,0.20840472865807633,1.0404406858500506,1.9142613734668747,ZONE_01,SUSPENSION_FAULT,REAR_BOGIE,3
6.12,RUN_059_SUSPENSION_FAULT,TRAIN001,-0.1291916143160173,0.4577558458143723,1.3448025401338337,28.83510078007976,27.48818309227635,25.972734106311478,139.9753765017585,4.969164868793827,0.24942024783747968,1.2394103331198536,1.5365469653067851,ZONE_01,SUSPENSION_FAULT,REAR_BOGIE,3
6.13,RUN_059_SUSPENSION_FAULT,TRAIN001,-0.15750916491925504,0.6437193412456662,0.9567837861108706,28.89917256204237,27.34747981508939,25.957144296811027,141.67632252256263,4.982720722992704,0.26748554535853303,1.3328057699589675,1.2468291392580269,ZONE_01,SUSPENSION_FAULT,REAR_BOGIE,3
6.140000000000001,RUN_059_SUSPENSION_FAULT,TRAIN001,0.07805397474556165,-0.09458984965985767,1.5744765187566556,28.602111076043382,27.48480282429158,26.142394260445588,139.37678298595011,5.004134930357369,0.22355033193917415,1.1186760247498058,1.6363648525991168,ZONE_01,SUSPENSION_FAULT,REAR_BOGIE,3
6.15,RUN_059_SUSPENSION_FAULT,TRAIN001,0.11865254700271244,-1.0415832788641513,0.3855311288766586,28.910830249337597,27.51244548382805,25.997249331105994,138.4817122576484,4.963846035987836,0.21279295050431413,1.0562714438469956,0.713535029198441,ZONE_01,SUSPENSION_FAULT,REAR_BOGIE,3
6.16,RUN_059_SUSPENSION_FAULT,TRAIN001,-0.10919978780641658,-0.06493806739055075,-0.1125422365019112,28.970642243467886,27.3075285997453,26.049185800274223,139.57795698946896,4.966526584456135,0.24805873874441933,1.2319903204808176,0.9166890385352952,ZONE_01,SUSPENSION_FAULT,REAR_BOGIE,3
6.17,RUN_059_SUSPENSION_FAULT,TRAIN001,-0.05719219226474537,-0.8543683657665606,0.0921574959626175,28.761905619143704,27.269073557774338,25.997299646372237,138.6306384940024,4.97228224931143,0.2496067965752869,1.2411154439187881,1.1201184334582368,ZONE_01,SUSPENSION_FAULT,REAR_BOGIE,3
6.18,RUN_059_SUSPENSION_FAULT,TRAIN001,-0.10030543415827282,-0.08566257894059448,-0.21111059205814064,28.687881960247402,27.60221301748109,25.98957032424073,139.62472189285694,5.019723274927975,0.21977520345538865,1.1032107040370456,1.0840570715398168,ZONE_01,SUSPENSION_FAULT,REAR_BOGIE,3
6.19,RUN_059_SUSPENSION_FAULT,TRAIN001,-0.016906181583285888,-0.08715102780002926,-0.33908328337644594,28.890053663879165,27.566340854885006,26.00741544921421,140.75105822733968,5.0117632157485,0.21978761351776485,1.1015234767054818,0.10136694309126587,ZONE_01,SUSPENSION_FAULT,REAR_BOGIE,3
6.2,RUN_059_SUSPENSION_FAULT,TRAIN001,-0.09193568511621117,-1.7016830266483236,-0.300590104371919,29.023536771471132,27.53836293817013,26.010490079578073,141.07421950827927,5.021645512889924,0.22632958799706784,1.136546959999701,0.3625291298488268,ZONE_01,SUSPENSION_FAULT,REAR_BOGIE,3
6.21,RUN_059_SUSPENSION_FAULT,TRAIN001,-0.0923668674330251,-0.5658028537034914,-0.3929794516982042,28.940682615003027,27.413366001199492,26.114893742661813,141.028566046722,4.992812644828038,0.2520884805326514,1.2586305532189086,0.4352719193525307,ZONE_01,SUSPENSION_FAULT,REAR_BOGIE,3
6.22,RUN_059_SUSPENSION_FAULT,TRAIN001,0.12884406900814185,-1.306445982166753,-0.5408921467388109,28.638521739509155,27.608638680846763,25.967579865991784,140.82830111617557,4.969609306294144,0.2308168296945988,1.1470694648995887,0.04889009571488012,ZONE_01,SUSPENSION_FAULT,REAR_BOGIE,3
6.23,RUN_059_SUSPENSION_FAULT,TRAIN001,0.09343228665452653,-1.0278580316848103,1.131427014052643,28.831218128384528,27.401665853071552,26.074086274165406,139.05640362471937,5.01103507972639,0.23735070798226518,1.1893727238970253,1.0888215136467787,ZONE_01,SUSPENSION_FAULT,REAR_BOGIE,3
6.24,RUN_059_SUSPENSION_FAULT,TRAIN001,-0.00017615516710850945,-0.4333560969419186,-0.8007400834540865,28.90017112250893,27.57104694275676,26.046635216720745,138.07491189224848,4.998514206200505,0.26201805769270137,1.3097009836580313,0.9082721395879694,ZONE_01,SUSPENSION_FAULT,REAR_BOGIE,3
6.25,RUN_059_SUSPENSION_FAULT,TRAIN001,0.11595374049798585,-0.810766101085757,-0.5940388378565108,28.998479191746462,27.471472362616584,25.935880070172534,138.69434539454844,4.9945389088850956,0.25150929874752703,1.2561729785409292,0.9614921979518585,ZONE_01,SUSPENSION_FAULT,REAR_BOGIE,3
6.26,RUN_059_SUSPENSION_FAULT,TRAIN001,-0.0665395691348345,-0.4925166118527381,0.37727933039303096,28.746706939570945,27.50958092220344,25.995714395930257,140.28506966462393,4.988017665113738,0.19005787114255185,0.948012018652959,0.809572694747301,ZONE_01,SUSPENSION_FAULT,REAR_BOGIE,3
6.2700000000000005,RUN_059_SUSPENSION_FAULT,TRAIN001,0.04477861097837281,-0.8817218349909415,-0.046916374462251165,29.155808283339137,27.569987458739476,25.947086731385454,139.07475862423698,5.003803928154207,0.21964597926562834,1.0990654138526286,1.5183671978640796,ZONE_01,SUSPENSION_FAULT,REAR_BOGIE,3
6.28,RUN_059_SUSPENSION_FAULT,TRAIN001,-0.10290655938200616,0.5072882103366623,0.28355889083016617,28.883063571588764,27.575526112566767,25.924652699412977,140.0973834512065,4.98925410919228,0.26470315327006105,1.320671295168806,0.7287914058544712,ZONE_01,SUSPENSION_FAULT,REAR_BOGIE,3
6.29,RUN_059_SUSPENSION_FAULT,TRAIN001,-0.08339636688294412,0.9091966910234753,0.5438349210076645,28.941313065546403,27.502763444433953,25.957461182942414,139.20614220048336,4.980014326802551,0.2513749749862139,1.2518509768309782,0.949178489134769,ZONE_01,SUSPENSION_FAULT,REAR_BOGIE,3
6.3,RUN_059_SUSPENSION_FAULT,TRAIN001,0.09710882678848308,1.2653489460877008,2.288555153131827,28.98461190703616,27.62597919680694,26.021445431267193,139.76128577278337,4.99276568671335,0.21709863256434542,1.0839226032996532,1.4138411168786862,ZONE_01,SUSPENSION_FAULT,REAR_BOGIE,3
6.3100000000000005,RUN_059_SUSPENSION_FAULT,TRAIN001,-0.1317274275073438,0.9726525613499917,2.7929923829778662,29.123070737871604,27.391055056067824,25.93063745617095,140.54415743626066,5.011266358544412,0.22758059340604622,1.1404669715932936,0.9325232540498215,ZONE_01,SUSPENSION_FAULT,REAR_BOGIE,3
6.32,RUN_059_SUSPENSION_FAULT,TRAIN001,-0.049474784997114815,0.4951427274951232,2.8801547488487302,28.902988480094812,27.40867626959925,26.050316255286727,140.33964152249573,5.008759414106194,0.23487846261157116,1.1764497107764968,1.7726779918287536,ZONE_01,SUSPENSION_FAULT,REAR_BOGIE,3
6.33,RUN_059_SUSPENSION_FAULT,TRAIN001,-0.1290994929613281,1.0831339371000273,1.6745176458227755,28.920303682953616,27.335110210182357,26.038674833073195,138.91929305253595,5.025829841763518,0.2507096363282808,1.2600239718763528,1.7511855828008995,ZONE_01,SUSPENSION_FAULT,REAR_BOGIE,3
6.34,RUN_059_SUSPENSION_FAULT,TRAIN001,-0.13800944088642317,0.4189352989754719,2.7810060417438685,29.069442817390822,27.450566647681583,25.975829214938745,140.14399479924,5.033803830835602,0.2227341622135678,1.1212000790086158,1.933145929922515,ZONE_01,SUSPENSION_FAULT,REAR_BOGIE,3
6.3500000000000005,RUN_059_SUSPENSION_FAULT,TRAIN001,-0.0063964029486810355,0.5452466468259718,1.442308817491911,28.96294066079542,27.40973904804508,25.851766909987177,141.1873377364739,4.990341346242206,0.23942821990569726,1.1948285452525724,1.5284998141034454,ZONE_01,SUSPENSION_FAULT,REAR_BOGIE,3
6.36,RUN_059_SUSPENSION_FAULT,TRAIN001,-0.0014970289086290263,0.926913031045119,3.335486269372999,28.966602935196857,27.44743921046561,25.983103379284106,140.16907182467483,4.99959255630867,0.22318958445500003,1.1158569850868434,1.78552881088757,ZONE_01,SUSPENSION_FAULT,REAR_BOGIE,3
6.37,RUN_059_SUSPENSION_FAULT,TRAIN001,-0.1671598136228263,1.0926877305448068,3.062090728071525,28.975377050438883,27.341349946529103,25.895502439914743,141.13072088264968,5.0267020839921255,0.24215652114938735,1.2172486895139085,1.7703227412986127,ZONE_01,SUSPENSION_FAULT,REAR_BOGIE,3
6.38,RUN_059_SUSPENSION_FAULT,TRAIN001,0.21737095726047273,0.9092347198962013,3.0113333546508567,29.186843971980228,27.561715862762444,25.94735274676341,141.93449251708913,4.980599368480162,0.259788674844881,1.2939033098707124,1.6488990910504284,ZONE_01,SUSPENSION_FAULT,REAR_BOGIE,3
6.390000000000001,RUN_059_SUSPENSION_FAULT,TRAIN001,0.15018020710283544,1.2192971810444317,1.9008654674896754,28.96212954494939,27.49626941016552,25.932334501709757,140.82460403502103,5.014881822668039,0.2391577148830995,1.1993476771180813,1.5675005508811415,ZONE_01,SUSPENSION_FAULT,REAR_BOGIE,3
6.4,RUN_059_SUSPENSION_FAULT,TRAIN001,-0.1053281847450176,0.415124511532086,2.6850152886208534,29.035229508165056,27.5332237992704,26.00059643076301,138.46597457137162,4.992793301708799,0.22356606496064604,1.1162191516249078,1.661313519082191,ZONE_01,SUSPENSION_FAULT,REAR_BOGIE,3
6.41,RUN_059_SUSPENSION_FAULT,TRAIN001,0.03250045724582836,0.5762307000918776,1.701809479058979,29.000807120920648,27.37527671855268,26.039372900730758,139.89437319428902,5.018211063175158,0.23497078392360599,1.1791329874083791,1.358579048805062,ZONE_01,SUSPENSION_FAULT,REAR_BOGIE,3
6.42,RUN_059_SUSPENSION_FAULT,TRAIN001,0.0054338376378502565,-0.4875323698483707,1.192930219243549,29.15369322621222,27.64073604407415,26.017135549567108,140.34217358531163,4.998004611281204,0.2050399278923131,1.0247905051025465,1.427869254070248,ZONE_01,SUSPENSION_FAULT,REAR_BOGIE,3
6.43,RUN_059_SUSPENSION_FAULT,TRAIN001,-0.0774538597060151,0.23396528103092884,1.4929565852477222,28.88819813891516,27.444748026218353,26.05069045287357,139.83185062384396,5.009130155852521,0.19224624807412766,0.9629864785776174,1.046706325293445,ZONE_01,SUSPENSION_FAULT,REAR_BOGIE,3
6.44,RUN_059_SUSPENSION_FAULT,TRAIN001,-0.1466693917604068,-0.5541034920865273,0.11720756900844576,29.004589296550186,27.293197427254803,25.976233710846486,139.37826535721203,5.023762091455771,0.21652777503466225,1.0877840279663995,0.9597569179039782,ZONE_01,SUSPENSION_FAULT,REAR_BOGIE,3
6.45,RUN_059_SUSPENSION_FAULT,TRAIN001,-0.01014844299887097,-0.6197845297548874,0.7381282972627301,29.01978681714462,27.402634621292503,25.98615136824741,139.15580757887653,5.025047495595738,0.21221329527031735,1.066381887930227,1.593252593832896,ZONE_01,SUSPENSION_FAULT,REAR_BOGIE,3
6.46,RUN_059_SUSPENSION_FAULT,TRAIN001,-0.030409955014444157,-0.4756225309940527,0.11557960082714798,29.018661020798824,27.544466255810086,26.050055308065847,139.63380962758603,5.018755923578061,0.2534314776760366,1.2719107298077497,0.7582276417462286,ZONE_01,SUSPENSION_FAULT,REAR_BOGIE,3
6.47,RUN_059_SUSPENSION_FAULT,TRAIN001,0.11402587159175517,-0.8512130843353044,0.3112256532443173,29.02077871154369,27.542887953424525,26.050675857135207,140.71271417747607,4.990635314100167,0.2258729074440154,1.1272493083885817,0.12801901877976174,ZONE_01,SUSPENSION_FAULT,REAR_BOGIE,3
6.48,RUN_059_SUSPENSION_FAULT,TRAIN001,0.00515065868282361,-1.5833761058503082,-1.02088178959922,28.85748699567639,27.42361239423044,26.026048155709525,140.41564231919048,5.027782378368712,0.21607755487208208,1.0863909227468527,1.2474892840239193,ZONE_01,SUSPENSION_FAULT,REAR_BOGIE,3
6.49,RUN_059_SUSPENSION_FAULT,TRAIN001,-0.11736831991828495,-0.6816021380134262,-1.0883150043397096,29.077092307666867,27.47134133148855,26.01429939512818,140.8764168555959,4.991929081728384,0.2271834204162619,1.1340835232624638,0.8123650755449463,ZONE_01,SUSPENSION_FAULT,REAR_BOGIE,3
6.5,RUN_059_SUSPENSION_FAULT,TRAIN001,-0.08337150758577694,-1.7306373660445677,-0.7777761955801212,28.95443100809184,27.619233910030502,26.030954268706967,140.4207670597402,5.033934129729246,0.2424135404037441,1.220293794546907,0.34468964655610346,ZONE_01,SUSPENSION_FAULT,REAR_BOGIE,3
6.51,RUN_059_SUSPENSION_FAULT,TRAIN001,-0.013707749242939465,-1.1942895117384296,-0.9632470092181863,28.942252485251018,27.50921223445419,25.979223768105932,139.89686951117514,4.9997889975227885,0.24200581748411565,1.2099780235935895,0.6485122493754848,ZONE_01,SUSPENSION_FAULT,REAR_BOGIE,3
6.5200000000000005,RUN_059_SUSPENSION_FAULT,TRAIN001,0.09007309106439798,-0.9509801827995921,0.5499091382822161,28.86201939174321,27.663318884012224,26.00198190400841,140.29581260407934,5.044381458640143,0.19238050348399127,0.970440644778501,0.34420260219754556,ZONE_01,SUSPENSION_FAULT,REAR_BOGIE,3
6.53,RUN_059_SUSPENSION_FAULT,TRAIN001,-0.13365718374408017,-0.6587253849000907,0.3491466885179447,28.99070650966269,27.54617418046396,26.089796409734664,138.4381556630416,5.031586073242015,0.24257679835409088,1.2205460402900803,0.5570233220236431,ZONE_01,SUSPENSION_FAULT,REAR_BOGIE,3
6.54,RUN_059_SUSPENSION_FAULT,TRAIN001,0.015761270570685822,-0.6882362711354503,-0.1052055805830884,29.026872989695754,27.481609917457927,25.95261178685076,140.34659227395323,4.991034403048468,0.22132512984465474,1.104641337313841,0.1671455750394817,ZONE_01,SUSPENSION_FAULT,REAR_BOGIE,3
6.55,RUN_059_SUSPENSION_FAULT,TRAIN001,0.12569447624770147,-0.3300450926483986,1.6136589202773455,29.022807757569506,27.603322999918717,26.04545264627007,139.9014672837079,5.0064964721859715,0.2277398414607766,1.1401787128495706,1.16078625733866,ZONE_01,SUSPENSION_FAULT,REAR_BOGIE,3
6.5600000000000005,RUN_059_SUSPENSION_FAULT,TRAIN001,-0.16213054903772778,0.46288811979042493,0.8046815381580568,29.14003131754205,27.4761488291932,26.021609011569545,139.69702079500158,4.959722626462823,0.2407308826977585,1.1939584058044406,0.82597894920011,ZONE_01,SUSPENSION_FAULT,REAR_BOGIE,3
6.57,RUN_059_SUSPENSION_FAULT,TRAIN001,0.13789740953614119,-0.3959675842035055,1.9048544218706858,29.23259104722718,27.531906875652748,25.974814848021694,139.9356430357243,4.997894582405102,0.22070610008906458,1.1030658219388942,1.6736214796081659,ZONE_01,SUSPENSION_FAULT,REAR_BOGIE,3
6.58,RUN_059_SUSPENSION_FAULT,TRAIN001,-0.06775293488111972,0.639285109294955,1.448198185624656,28.960822137945208,27.46810869865854,25.954661517022302,140.09639603986395,4.9947022692799,0.22170176791856339,1.1073343233262143,0.8414709539069997,ZONE_01,SUSPENSION_FAULT,REAR_BOGIE,3
6.59,RUN_059_SUSPENSION_FAULT,TRAIN001,-0.015548698710453288,-0.10337018666856634,1.8120192575804897,28.763088447161714,27.485962446611737,25.99590449678288,140.09954579521784,5.037131352358654,0.22464502771049974,1.1315665122320369,1.9157763492415993,ZONE_01,SUSPENSION_FAULT,REAR_BOGIE,3
6.6000000000000005,RUN_059_SUSPENSION_FAULT,TRAIN001,-0.06534326099516422,0.3633386942795507,2.225096911995049,28.979978021515507,27.55812765266662,26.044074915300563,141.00131726367223,5.01555443164355,0.2585638949013249,1.2968412889353573,1.322655318596216,ZONE_01,SUSPENSION_FAULT,REAR_BOGIE,3
6.61,RUN_059_SUSPENSION_FAULT,TRAIN001,0.029132301686053387,0.31937294693295304,1.0093494236393015,29.122053642894933,27.448426650534056,25.95576745759939,140.64060824508152,5.037654585469274,0.23073853038783818,1.1623810156527343,1.7700934402095525,ZONE_01,SUSPENSION_FAULT,REAR_BOGIE,3
6.62,RUN_059_SUSPENSION_FAULT,TRAIN001,0.04305446780001748,0.14716518623640573,2.687296001374158,28.976977182375677,27.660522506392475,25.993715172039003,140.3804929444922,4.983284595054232,0.22339230387159453,1.1132274265369908,1.5183715162735658,ZONE_01,SUSPENSION_FAULT,REAR_BOGIE,3
6.63,RUN_059_SUSPENSION_FAULT,TRAIN001,0.04648500219415761,1.7022402283745497,2.1217739114999645,28.816284304639993,27.689778879024114,26.051194846249047,140.00496544912312,4.9851710651957415,0.26302840076394224,1.3112415728131144,1.3636471137957171,ZONE_01,SUSPENSION_FAULT,REAR_BOGIE,3
6.640000000000001,RUN_059_SUSPENSION_FAULT,TRAIN001,0.28394658112414944,1.1078106008390378,2.2493957705987393,29.071788615304854,27.6758084636067,25.975981234820114,139.69119434341667,5.02935152910963,0.2593960660941853,1.3045940016558135,1.382743470837437,ZONE_01,SUSPENSION_FAULT,REAR_BOGIE,3
6.65,RUN_059_SUSPENSION_FAULT,TRAIN001,-0.2679772055965363,1.3917222313373476,2.5547037033323656,28.864880465157718,27.46814410175726,25.99129129352228,141.1064963343304,4.9959014347632635,0.23730745699409564,1.1855646648768239,1.4986869622707548,ZONE_01,SUSPENSION_FAULT,REAR_BOGIE,3
6.66,RUN_059_SUSPENSION_FAULT,TRAIN001,-0.061260625877851076,0.6890964809054931,3.0439650340350695,29.217684523554176,27.607281024888433,26.084124649564536,140.30476306065108,4.984504614800056,0.26579799400859566,1.3248713277404427,1.3651951184611875,ZONE_01,SUSPENSION_FAULT,REAR_BOGIE,3
6.67,RUN_059_SUSPENSION_FAULT,TRAIN001,-0.14593804038339617,0.8541035557804492,5.3978476127494925,29.00407642860451,27.50240221471568,26.02445902034521,140.82489903548054,5.01297898127853,0.26550431709338307,1.3309675610278393,2.14077503398941,ZONE_01,SUSPENSION_FAULT,REAR_BOGIE,3
6.68,RUN_059_SUSPENSION_FAULT,TRAIN001,-0.03025336688252076,1.243553447592677,0.5054748550932082,28.9368709642865,27.338594473530524,26.01743425085209,139.38262482250363,5.044982290043282,0.2431336497162911,1.2266049569322754,1.7046398897038053,ZONE_01,SUSPENSION_FAULT,REAR_BOGIE,3
6.69,RUN_059_SUSPENSION_FAULT,TRAIN001,-0.08185076803096399,0.6396888956688507,1.525068587452832,29.181430547839707,27.48796310824016,26.000002388402034,138.59768210538002,5.042997739919073,0.21043484596344886,1.061222452593891,1.2020808111611556,ZONE_01,SUSPENSION_FAULT,REAR_BOGIE,3
6.7,RUN_059_SUSPENSION_FAULT,TRAIN001,-0.03497730030559969,-0.029381621503648647,1.0317385445917422,28.825403269468115,27.578815717012745,26.082914028250254,138.44646892240033,4.978915149686963,0.1970781149199569,0.9812352120467216,1.2627935436576299,ZONE_01,SUSPENSION_FAULT,REAR_BOGIE,3
6.71,RUN_059_SUSPENSION_FAULT,TRAIN001,-0.01060133472547102,-0.2724907984831906,0.999701226860269,29.042177583620617,27.563956582777532,25.897369312746317,140.02496519285344,4.971859999560978,0.2186661327554324,1.087177398705425,1.3658356402769114,ZONE_01,SUSPENSION_FAULT,REAR_BOGIE,3
6.72,RUN_059_SUSPENSION_FAULT,TRAIN001,-0.06918812834939635,-0.29347737479106717,0.8506352377234891,28.979936623086676,27.54591080405969,25.931229065524402,140.94837173982395,5.003712256878205,0.24022741041001333,1.2020288379066946,0.8686763411337394,ZONE_01,SUSPENSION_FAULT,REAR_BOGIE,3
6.73,RUN_059_SUSPENSION_FAULT,TRAIN001,0.0895580361840882,0.6227326390892098,0.03274320219814297,28.892706502594468,27.672317648609273,25.939089152474132,138.94811177456285,4.976043817351288,0.26902936325722376,1.338701899722062,0.592518706363948,ZONE_01,SUSPENSION_FAULT,REAR_BOGIE,3
6.74,RUN_059_SUSPENSION_FAULT,TRAIN001,-0.16072928256013438,0.1992228681227366,-0.5605749629883373,29.129392212851794,27.40737527758367,25.99356351081163,140.38726368823916,5.013545742063716,0.24241379090167411,1.2153526291926122,1.392528929773174,ZONE_01,SUSPENSION_FAULT,REAR_BOGIE,3
6.75,RUN_059_SUSPENSION_FAULT,TRAIN001,-0.06191133400746088,-1.2516057361083226,0.17658793147731378,29.2119795523023,27.722357676431486,26.05666857316291,140.1569215172026,5.017833761559584,0.2191995725185726,1.099907015503122,0.5943057558200342,ZONE_01,SUSPENSION_FAULT,REAR_BOGIE,3
6.76,RUN_059_SUSPENSION_FAULT,TRAIN001,-0.003862351683491735,-0.9117812732483618,-0.8729628645136753,28.950122221742202,27.566715852254372,26.043164870952072,139.27270366100407,5.012747455651323,0.24054803200496885,1.2058065353948406,0.5684482766269752,ZONE_01,SUSPENSION_FAULT,REAR_BOGIE,3
6.7700000000000005,RUN_059_SUSPENSION_FAULT,TRAIN001,0.13623917307180483,-0.8799312316413943,0.07304252052193189,29.182475904356316,27.447377132885123,25.874888480076446,139.42316597157588,4.999061617616399,0.2320380274289392,1.1599723967474311,0.6266296507603728,ZONE_01,SUSPENSION_FAULT,REAR_BOGIE,3
6.78,RUN_059_SUSPENSION_FAULT,TRAIN001,-0.14589707153913342,-0.8516902885896591,-0.8046135007632966,29.265041514599567,27.363147709866087,25.989663694707765,139.78833623452195,4.969576176417,0.19868907820298537,0.9874005095518104,0.5211755187978613,ZONE_01,SUSPENSION_FAULT,REAR_BOGIE,3
6.79,RUN_059_SUSPENSION_FAULT,TRAIN001,-0.13479933184094142,-1.9426780730889819,0.265292177883364,29.204648715616212,27.573372604709828,25.986050984634126,139.66556876675722,5.013366820302266,0.24484990889818722,1.2275224092242043,0.49673553254849495,ZONE_01,SUSPENSION_FAULT,REAR_BOGIE,3
6.8,RUN_059_SUSPENSION_FAULT,TRAIN001,0.04893780903790085,-0.8807106671317355,-0.22727326525458416,29.120617510210373,27.514520884139618,26.074270611811937,140.39863353054835,4.997514855147442,0.20100844511771476,1.004542690485869,1.121673037795225,ZONE_01,SUSPENSION_FAULT,REAR_BOGIE,3
6.8100000000000005,RUN_059_SUSPENSION_FAULT,TRAIN001,0.002673107065564045,-0.6484651332709018,0.22887114924298324,29.002555111860886,27.55174641914181,26.044213376931253,140.3227117380898,5.010619717682902,0.23642245606386286,1.1846230200566108,0.7491603140828663,ZONE_01,SUSPENSION_FAULT,REAR_BOGIE,3
6.82,RUN_059_SUSPENSION_FAULT,TRAIN001,-0.1545845743519472,-1.0703259756286847,0.20262457651068538,29.102227882798648,27.52654169446469,25.93877977672483,139.4473515229751,5.051183471351012,0.25561067876196336,1.2911364356632427,0.8842700404384529,ZONE_01,SUSPENSION_FAULT,REAR_BOGIE,3
6.83,RUN_059_SUSPENSION_FAULT,TRAIN001,0.11487847003473323,-0.4000245001552781,-0.2307236317054709,29.10558250415245,27.527100535769254,25.909674432243573,140.55747962628783,5.031388666323489,0.2001736395637674,1.0071513813978623,0.6757028200607866,ZONE_01,SUSPENSION_FAULT,REAR_BOGIE,3
6.84,RUN_059_SUSPENSION_FAULT,TRAIN001,0.021786626531342224,0.23956704531678397,0.7152111480530442,29.094432048734248,27.565113740100294,25.959598551695724,141.86458052716114,5.012716033657341,0.2432847389571122,1.219517311714457,1.0599993774467396,ZONE_01,SUSPENSION_FAULT,REAR_BOGIE,3
6.8500000000000005,RUN_059_SUSPENSION_FAULT,TRAIN001,-0.03910953421895725,-0.23610511213163304,0.8686593766740407,28.925342313976575,27.51331238881326,26.04299420266219,139.08937384776775,5.002676430889867,0.26958691219896486,1.3486560917341375,1.8456897584634002,ZONE_01,SUSPENSION_FAULT,REAR_BOGIE,3
6.86,RUN_059_SUSPENSION_FAULT,TRAIN001,-0.03929155064054419,0.2128686462183362,0.5646324602737874,29.166826216629993,27.72670410937402,26.019635600538226,139.42768373863643,5.027560910781263,0.226951659484742,1.1410132918624285,1.4175296623367655,ZONE_01,SUSPENSION_FAULT,REAR_BOGIE,3
6.87,RUN_059_SUSPENSION_FAULT,TRAIN001,0.005859869044089548,0.7525062576106026,-0.5609911610040272,29.081171800039883,27.67465193214184,26.001656801732757,140.898701357989,5.02268431491292,0.20996351628847992,1.0545804599661115,1.4549787151505589,ZONE_01,SUSPENSION_FAULT,REAR_BOGIE,3
6.88,RUN_059_SUSPENSION_FAULT,TRAIN001,-0.042271670193361824,0.4240471054525144,1.8171411982951644,28.98636592609912,27.64756383999613,26.024138364671447,140.40845783515124,5.0158377777789225,0.24177006725283925,1.2126794368629419,1.4638599009402349,ZONE_01,SUSPENSION_FAULT,REAR_BOGIE,3
6.890000000000001,RUN_059_SUSPENSION_FAULT,TRAIN001,0.029527799587981712,0.6392138762114306,1.1726189959972917,29.12761510057705,27.551908490852927,26.003237989291275,139.5369917040954,4.983576736845774,0.25217241570261123,1.2567205845697353,2.027027109439982,ZONE_01,SUSPENSION_FAULT,REAR_BOGIE,3
6.9,RUN_059_SUSPENSION_FAULT,TRAIN001,0.03015002023222768,1.0295923940617986,3.013654181438497,29.228227631828606,27.53378424375914,26.009620973753652,141.59934294439668,4.982589980604896,0.23847616501803157,1.188228950431924,1.910499695181119,ZONE_01,SUSPENSION_FAULT,REAR_BOGIE,3
6.91,RUN_059_SUSPENSION_FAULT,TRAIN001,-0.11755141697153691,0.3026025770202855,2.563749187604727,29.24580733114989,27.516653902221634,26.054547672773314,139.07951347138018,4.991209048640032,0.2406059118009279,1.200914404137077,2.079580238946439,ZONE_01,SUSPENSION_FAULT,REAR_BOGIE,3
6.92,RUN_059_SUSPENSION_FAULT,TRAIN001,-0.16564226630846343,0.0755372451079046,2.637144078533288,29.14003633184372,27.519583459307547,25.97323540620362,138.47493298342155,4.964863369414167,0.2332180345395665,1.1578956767722617,0.9393705040820526,ZONE_01,SUSPENSION_FAULT,REAR_BOGIE,3
6.93,RUN_059_SUSPENSION_FAULT,TRAIN001,0.1606807945974027,1.2637573190234612,2.2684884979323092,29.232351284469157,27.58501427223632,25.865798126973488,140.3976656244343,4.997265371588704,0.21446316085670036,1.0717293272306467,1.77116756806384,ZONE_01,SUSPENSION_FAULT,REAR_BOGIE,3
6.94,RUN_059_SUSPENSION_FAULT,TRAIN001,-0.05903153735880158,0.9993335885403349,3.163444985596883,29.331625706450822,27.6423252344699,26.094996807048883,140.65196554381978,4.999421690062437,0.24643870172446633,1.2320509906721244,1.7686499187622498,ZONE_01,SUSPENSION_FAULT,REAR_BOGIE,3
6.95,RUN_059_SUSPENSION_FAULT,TRAIN001,0.17434017497259052,0.9841804921163302,3.4501743394617472,29.315513135685418,27.645621276583306,25.96379557749388,140.2770896275203,5.010067956742313,0.24480013913557552,1.2264653328892068,1.9157138067911643,ZONE_01,SUSPENSION_FAULT,REAR_BOGIE,3
6.96,RUN_059_SUSPENSION_FAULT,TRAIN001,0.011867369731378922,0.7793895665339796,2.0918047299137994,29.077662221415785,27.707183929769034,26.046647340061526,139.6825616287777,4.990410830358605,0.19064682046394632,0.9514059576167102,1.497950339100231,ZONE_01,SUSPENSION_FAULT,REAR_BOGIE,3
6.97,RUN_059_SUSPENSION_FAULT,TRAIN001,-0.2789316123032157,1.244203608923344,1.6056436217854426,29.1396046201762,27.521750595605056,25.931340637001803,138.751815305696,5.002533102312963,0.23936977568935897,1.197455226579247,1.5396289287200033,ZONE_01,SUSPENSION_FAULT,REAR_BOGIE,3
6.98,RUN_059_SUSPENSION_FAULT,TRAIN001,0.025018066940497092,0.8950855674917572,1.2346854223510935,29.09779158788409,27.558802864215025,25.964519696717147,139.28012849002414,5.038084850848706,0.2149581813537597,1.0829775570443654,1.442485887605119,ZONE_01,SUSPENSION_FAULT,REAR_BOGIE,3
6.99,RUN_059_SUSPENSION_FAULT,TRAIN001,-0.09311648988613896,0.44959457541368186,2.292544051126673,29.136248984368656,27.51340625781239,26.061379454940635,140.8158609563896,4.994370002473031,0.17869696567309698,0.8924787648906685,1.1716343600996073,ZONE_01,SUSPENSION_FAULT,REAR_BOGIE,3
7.0,RUN_059_SUSPENSION_FAULT,TRAIN001,-0.23483089597209372,0.5186002644088384,0.3099894463374272,29.252981996501727,27.6452246617625,26.045377159599752,140.07893783944255,5.040849766885249,0.1930525068772359,0.9731486842887276,0.8963768292370122,ZONE_01,SUSPENSION_FAULT,REAR_BOGIE,3
7.01,RUN_059_SUSPENSION_FAULT,TRAIN001,-0.00494318409772297,-0.5036079787879577,-0.7007705561627631,29.364537867145827,27.444059491346668,25.94030626413238,140.95750592376376,5.022591643626053,0.2423435719286027,1.2171927992550893,0.8994470932057004,ZONE_01,SUSPENSION_FAULT,REAR_BOGIE,3
7.0200000000000005,RUN_059_SUSPENSION_FAULT,TRAIN001,-0.11905679605522522,-1.0248173603305153,-0.07863688371925004,29.32718340019388,27.724755186896836,25.984250107033727,140.05492824769212,5.02734825166462,0.22726198798670053,1.1425251579747646,0.8999471144437208,ZONE_01,SUSPENSION_FAULT,REAR_BOGIE,3
7.03,RUN_059_SUSPENSION_FAULT,TRAIN001,-0.026268294279454537,-0.3145064342480758,0.4186550645891346,29.093669683489264,27.46532760841826,26.009595212733675,139.27214444549372,5.024373510142224,0.20530479980215594,1.0315279976310048,0.17722468622062215,ZONE_01,SUSPENSION_FAULT,REAR_BOGIE,3
7.04,RUN_059_SUSPENSION_FAULT,TRAIN001,0.11313750312027762,-1.7019459398995214,0.5802577033569435,29.068158520879997,27.690547572359662,26.05294734074783,139.91805722757832,5.007542984548888,0.2338291221379932,1.170909380145333,0.005299208840602532,ZONE_01,SUSPENSION_FAULT,REAR_BOGIE,3
7.05,RUN_059_SUSPENSION_FAULT,TRAIN001,0.07578383940552187,-1.391011299681548,0.6706083199735158,29.230397039860588,27.43137110481583,25.935240860309946,140.77878040066386,4.984005315812142,0.224692468375687,1.1198684568073756,0.8512926418862312,ZONE_01,SUSPENSION_FAULT,REAR_BOGIE,3
7.0600000000000005,RUN_059_SUSPENSION_FAULT,TRAIN001,0.0005967550324263171,-1.9647243320604342,-0.29870411493295934,29.038211835093875,27.515441332866413,25.9238901184043,139.89203469818557,5.029200634535701,0.23806667772177229,1.1972850866601434,0.41929051716214777,ZONE_01,SUSPENSION_FAULT,REAR_BOGIE,3
7.07,RUN_059_SUSPENSION_FAULT,TRAIN001,0.0033725406942428887,-1.3212544961492534,-0.4392144517395136,29.199412127017894,27.52990878150232,26.023196213708424,140.8183048279255,5.008196891129939,0.23328631783351145,1.1683438117169427,0.05964760169892713,ZONE_01,SUSPENSION_FAULT,REAR_BOGIE,3
7.08,RUN_059_SUSPENSION_FAULT,TRAIN001,0.00351243357381217,-0.803979768365729,-0.22720126191740686,29.10062283440984,27.418616016776806,25.960476502231774,140.36825645102024,5.0029425052575975,0.2749362087117878,1.3754900447985774,0.5095753373260405,ZONE_01,SUSPENSION_FAULT,REAR_BOGIE,3
7.09,RUN_059_SUSPENSION_FAULT,TRAIN001,-0.07404919208421785,-1.168434977594429,-0.9555391731041234,29.360135866551495,27.611794284211133,26.097859631949316,140.75412796345785,5.001222906397599,0.24875070641826458,1.244057730921609,0.8534621979902419,ZONE_01,SUSPENSION_FAULT,REAR_BOGIE,3
7.1000000000000005,RUN_059_SUSPENSION_FAULT,TRAIN001,-0.10995146144026942,-1.4087565126527928,-0.3809488613715014,29.08108511375771,27.539752510788947,25.976819593627763,138.34248130093235,4.999623359541516,0.1995602949945624,0.9977263124918101,0.8116312433856484,ZONE_01,SUSPENSION_FAULT,REAR_BOGIE,3
7.11,RUN_059_SUSPENSION_FAULT,TRAIN001,-0.05328748799925684,-0.9499212951345688,-0.1464663558211644,29.21929686707906,27.45876799690672,25.88293402197062,140.3013378040761,4.990856099057964,0.23000623446051618,1.147928018078623,0.48777846490352145,ZONE_01,SUSPENSION_FAULT,REAR_BOGIE,3
7.12,RUN_059_SUSPENSION_FAULT,TRAIN001,0.0071031173035184525,-0.9047913886321811,0.3731820489724437,29.252398159972294,27.726105552263856,26.095381977252664,139.41758676345222,5.014066120026976,0.22877374128578745,1.1470866653328835,0.2596371502913153,ZONE_01,SUSPENSION_FAULT,REAR_BOGIE,3
7.13,RUN_059_SUSPENSION_FAULT,TRAIN001,-0.09015091247169081,0.3846235350824561,-0.30554134875671535,29.22322531795918,27.671079655464062,25.978403894163243,140.3130171021299,4.9914060653679355,0.20957483530555548,1.0460731040926359,1.3737748169399957,ZONE_01,SUSPENSION_FAULT,REAR_BOGIE,3
7.140000000000001,RUN_059_SUSPENSION_FAULT,TRAIN001,-0.03359383217618676,0.3106049969537767,0.9682130911356878,29.13894849539457,27.633926628835535,25.961212764820452,141.46600405842324,4.966900201220155,0.23056477931888594,1.1451922487932553,0.7345354116606335,ZONE_01,SUSPENSION_FAULT,REAR_BOGIE,3
7.15,RUN_059_SUSPENSION_FAULT,TRAIN001,-0.007241140199885742,-0.010575532467522797,-0.294212198532398,29.136772366060278,27.63130308173936,26.03410353871818,140.49807340893838,4.966940889952559,0.2399970916717085,1.1920513680939016,1.1463230072297452,ZONE_01,SUSPENSION_FAULT,REAR_BOGIE,3
7.16,RUN_059_SUSPENSION_FAULT,TRAIN001,-0.10499230245175675,0.8594684300442661,2.032663200047492,29.303863854458672,27.57750663914412,26.051038180419308,140.65583454149123,5.0168895072416415,0.24265004097498907,1.2173484444991771,1.27653692612268,ZONE_01,SUSPENSION_FAULT,REAR_BOGIE,3
7.17,RUN_059_SUSPENSION_FAULT,TRAIN001,0.09803878412625239,0.8186566278546838,1.392213151852407,29.293904786541354,27.607293625711392,26.096179972907947,140.33131099323197,4.992803534951228,0.23547176060242642,1.1756642387169838,1.3858741927997955,ZONE_01,SUSPENSION_FAULT,REAR_BOGIE,3
7.18,RUN_059_SUSPENSION_FAULT,TRAIN001,0.12179502181961287,0.9352894501587465,1.470560657204059,29.229018381665753,27.600535401609694,26.061881237853523,140.035492082545,5.007251284999402,0.23138209148860392,1.1585882749321612,1.93508906991283,ZONE_01,SUSPENSION_FAULT,REAR_BOGIE,3
7.19,RUN_059_SUSPENSION_FAULT,TRAIN001,0.009379520691853285,0.6498786706040852,2.1962202987513093,29.220009075253618,27.729320446918006,25.980499813125178,139.89998660361888,4.998401066490289,0.2192241326829587,1.0957701386029095,1.6089743854089795,ZONE_01,SUSPENSION_FAULT,REAR_BOGIE,3
7.2,RUN_059_SUSPENSION_FAULT,TRAIN001,-0.10653334787116733,1.4127330527476547,1.9795193652196108,29.221812616585883,27.767444384774475,25.94600483672392,139.59083323258054,5.0133785747927835,0.23677131426254036,1.1870242340493489,2.4153779808085143,ZONE_01,SUSPENSION_FAULT,REAR_BOGIE,3
7.21,RUN_059_SUSPENSION_FAULT,TRAIN001,-0.2094045435744438,1.1478150495628399,2.6039416036211644,29.20408820666523,27.614315488522816,25.96732198667362,139.78775283788517,4.971424372118162,0.24901172883157646,1.237942977656578,1.3910118152250126,ZONE_01,SUSPENSION_FAULT,REAR_BOGIE,3
7.22,RUN_059_SUSPENSION_FAULT,TRAIN001,-0.2674659412054691,0.8824256454050384,1.7868172161776927,29.262372047634177,27.54995840251946,26.02641567014582,140.4215340997598,4.989240060116182,0.22295633081944888,1.1123826573809104,1.6178656279364698,ZONE_01,SUSPENSION_FAULT,REAR_BOGIE,3
7.23,RUN_059_SUSPENSION_FAULT,TRAIN001,0.10966260324327233,0.914712206169436,2.141317403185657,29.248052771925774,27.725195979632147,25.99597816708159,140.2504970060174,5.005396237031184,0.20058897350457264,1.0040272931697358,1.5504281681795826,ZONE_01,SUSPENSION_FAULT,REAR_BOGIE,3
7.24,RUN_059_SUSPENSION_FAULT,TRAIN001,0.011106285512545241,0.5538575778949666,2.2441584471116767,29.30265355179755,27.55444018608408,25.953395377371855,140.98850604851015,5.007315535098278,0.23986056888265095,1.2010575528236087,1.4561686723875493,ZONE_01,SUSPENSION_FAULT,REAR_BOGIE,3
7.25,RUN_059_SUSPENSION_FAULT,TRAIN001,-0.07092659659771722,0.045300051786618,2.013194736494561,29.16645929498711,27.778266510706633,25.9416826777823,139.86911445623122,4.96339626666622,0.24934391372374357,1.2375926504923729,1.8318166325756988,ZONE_01,SUSPENSION_FAULT,REAR_BOGIE,3
7.26,RUN_059_SUSPENSION_FAULT,TRAIN001,-0.16294991721416222,0.16958148338688506,1.5669137953611219,29.288987562367097,27.623263021176783,26.02789820985161,139.30487493165117,4.966515682739413,0.2536946168309724,1.2599782931175905,1.8568190352473755,ZONE_01,SUSPENSION_FAULT,REAR_BOGIE,3
7.2700000000000005,RUN_059_SUSPENSION_FAULT,TRAIN001,-0.028263998220836375,0.5548163589803503,1.2259767624654438,29.216110036777486,27.735226754238546,25.93103499648044,139.74458939468764,4.9704068803698265,0.17562196442028338,0.8729126202986414,1.11153515532839,ZONE_01,SUSPENSION_FAULT,REAR_BOGIE,3
7.28,RUN_059_SUSPENSION_FAULT,TRAIN001,0.08531014123018349,0.04468779236573041,1.2762350672030394,29.282509867102323,27.842532966302212,25.95156893966944,140.81812492699203,4.996599936014789,0.25963960741373254,1.297315245790361,1.8872335202565416,ZONE_01,SUSPENSION_FAULT,REAR_BOGIE,3
7.29,RUN_059_SUSPENSION_FAULT,TRAIN001,0.021819490766117274,0.5928386962701399,1.4052217671655873,29.24524609316163,27.838073294611892,25.957201413012896,138.3247201860608,5.004352490686767,0.22885964359165148,1.1452943274255667,1.0802649876734438,ZONE_01,SUSPENSION_FAULT,REAR_BOGIE,3
7.3,RUN_059_SUSPENSION_FAULT,TRAIN001,-0.11700443880525112,-0.42095846050730135,0.10568613800870319,29.253144681940544,27.505211060879425,25.96844787531599,140.65804529567345,5.003572407546894,0.23915870981667087,1.1966479214632089,0.8036467833930492,ZONE_01,SUSPENSION_FAULT,REAR_BOGIE,3
7.3100000000000005,RUN_059_SUSPENSION_FAULT,TRAIN001,0.29914988667748116,-0.9489129897278599,0.21162707293461647,29.278150011242772,27.70721308346354,26.098309567025677,140.42036025347147,5.018897400518099,0.22562352044685607,1.132381300266468,1.0334045545965076,ZONE_01,SUSPENSION_FAULT,REAR_BOGIE,3
7.32,RUN_059_SUSPENSION_FAULT,TRAIN001,0.04406588925065785,-0.39779053973534395,-1.0265515796233777,29.217093539827623,27.53024197505178,25.951157363936886,139.44730752294726,4.9979776679295105,0.23212434565127762,1.160152295747836,0.9337460337253565,ZONE_01,SUSPENSION_FAULT,REAR_BOGIE,3
7.33,RUN_059_SUSPENSION_FAULT,TRAIN001,-0.1397585736897685,-0.8219694602358524,-0.19572192393193222,29.224414165503838,27.557306421809383,26.054521855014396,141.15616168264182,4.956529141363424,0.22017401263555278,1.091298909799036,0.3732264747793557,ZONE_01,SUSPENSION_FAULT,REAR_BOGIE,3
7.34,RUN_059_SUSPENSION_FAULT,TRAIN001,0.02955059908775617,-1.1638995588166003,-0.378758432091917,29.233674958131395,27.510383910622725,26.001689043155316,139.61563310131714,4.967873517614878,0.22517461984470213,1.1186390307654934,0.6029724075304986,ZONE_01,SUSPENSION_FAULT,REAR_BOGIE,3
7.3500000000000005,RUN_059_SUSPENSION_FAULT,TRAIN001,0.031635883210129764,-1.2984586941734853,-0.026222724095328886,29.270434536327368,27.659659466239432,25.961670773841576,140.00507112222311,5.037665478789626,0.21652375987472997,1.0907742704586616,0.9369803061472488,ZONE_01,SUSPENSION_FAULT,REAR_BOGIE,3
7.36,RUN_059_SUSPENSION_FAULT,TRAIN001,0.06533196387983461,-1.1358938697251921,0.5198038905666693,29.297664671461227,27.685744450086332,26.01773141235532,140.24519389347216,5.00847772559942,0.24106998571243213,1.2073936537512866,0.23076756259223102,ZONE_01,SUSPENSION_FAULT,REAR_BOGIE,3
7.37,RUN_059_SUSPENSION_FAULT,TRAIN001,0.02818930867224602,-1.221221758645303,-1.818162096285276,29.231239644919995,27.610268309746523,25.91925218691697,140.49525451781443,4.989548813139262,0.2683938315994075,1.3391641239107226,0.5118655470596052,ZONE_01,SUSPENSION_FAULT,REAR_BOGIE,3
7.38,RUN_059_SUSPENSION_FAULT,TRAIN001,-0.13629366283302227,-0.297745290497916,-0.12961009317159763,29.423557130204156,27.53248923198274,26.048588180354237,140.5218486023894,5.019665686415485,0.256491719478381,1.2875026831153356,0.5930478067169616,ZONE_01,SUSPENSION_FAULT,REAR_BOGIE,3
7.390000000000001,RUN_059_SUSPENSION_FAULT,TRAIN001,0.03037613035757893,-0.5621286335938456,0.09276746351947898,29.29300759579806,27.673469902900386,26.043647571241433,138.8236761300514,5.005232666684075,0.24073489033525622,1.2049341371166329,0.6505526365655012,ZONE_01,SUSPENSION_FAULT,REAR_BOGIE,3
7.4,RUN_059_SUSPENSION_FAULT,TRAIN001,-0.09157368859942736,-0.7641215946706581,0.7892413459131004,29.401944930749693,27.55145887665451,25.984167892231476,138.90729969634475,4.9829831110438425,0.23735258043516214,1.182723899671088,0.28635078801417396,ZONE_01,SUSPENSION_FAULT,REAR_BOGIE,3
7.41,RUN_059_SUSPENSION_FAULT,TRAIN001,0.005080758217045318,-0.5688744244610027,-0.08422437499971458,29.080360230408935,27.681222199224877,26.005546743113687,140.78939437302745,4.956484450969651,0.2800328731561165,1.387978581558648,0.8369902708725886,ZONE_01,SUSPENSION_FAULT,REAR_BOGIE,3
7.42,RUN_059_SUSPENSION_FAULT,TRAIN001,-0.013308544517356635,-0.4111253804274029,-0.6313014533137957,29.34130535620394,27.686682592388546,25.960326140551786,139.92248565360168,5.0150148567049575,0.2307088616377061,1.1570083686865844,1.3236943128567757,ZONE_01,SUSPENSION_FAULT,REAR_BOGIE,3
7.43,RUN_059_SUSPENSION_FAULT,TRAIN001,0.06066208102657881,0.4913328868225852,1.7639643085239478,29.371596760056423,27.747117097001265,26.057244566645846,139.30406341903202,4.989256228550759,0.2464066020641568,1.2293856741046225,1.3669937689451195,ZONE_01,SUSPENSION_FAULT,REAR_BOGIE,3
7.44,RUN_059_SUSPENSION_FAULT,TRAIN001,0.015685505447035376,0.41477426312605253,0.3912693485387235,29.406519814858044,27.71093008980093,25.97284690153223,139.48443677498102,5.001839255843235,0.21723395283126912,1.0865693129734395,0.8114444339602225,ZONE_01,SUSPENSION_FAULT,REAR_BOGIE,3
7.45,RUN_059_SUSPENSION_FAULT,TRAIN001,-0.04125448167884421,-0.007662834717153066,2.542732101254958,29.385559358576515,27.73703264771434,25.990532920519215,139.50870103701817,5.0110273238510405,0.20128436954563275,1.008641475657296,1.337214195243817,ZONE_01,SUSPENSION_FAULT,REAR_BOGIE,3
7.46,RUN_059_SUSPENSION_FAULT,TRAIN001,0.2637643314976685,0.4334388733642598,2.4858994895153517,29.220524650855396,27.453128246314066,25.97194247501441,140.57946110860996,5.0111172028258775,0.21479883976231218,1.0763821610799618,1.4729839495558017,ZONE_01,SUSPENSION_FAULT,REAR_BOGIE,3
7.47,RUN_059_SUSPENSION_FAULT,TRAIN001,-0.041525855368211434,0.2544655339281423,3.201051333831553,29.33124336702819,27.60171597891561,26.000730963170888,139.1776453333951,5.019305184934449,0.197714051811462,0.9923871653916696,1.8304168547354838,ZONE_01,SUSPENSION_FAULT,REAR_BOGIE,3
7.48,RUN_059_SUSPENSION_FAULT,TRAIN001,-0.044288357762975905,1.1435504940228907,1.9866240682997507,29.278559131428295,27.85029778158628,26.014434980078892,141.6968832921757,4.988452466157658,0.23633349081143995,1.1789383850739759,1.8526033276687355,ZONE_01,SUSPENSION_FAULT,REAR_BOGIE,3
7.49,RUN_059_SUSPENSION_FAULT,TRAIN001,0.040018949284778116,1.0286914198000707,2.7479307108041517,29.435955931395174,27.769816207998737,26.07115150980912,139.05657789951218,5.022387345574557,0.2408314261298127,1.2095487070110449,1.8130779490555162,ZONE_01,SUSPENSION_FAULT,REAR_BOGIE,3
7.5,RUN_059_SUSPENSION_FAULT,TRAIN001,0.04327938026949485,2.0674897794212357,3.0415645735023715,29.16353405422513,27.755971284041152,25.941206802784823,139.30322586913556,4.962812693582702,0.21785110572896654,1.0811542328227424,1.2754672635120499,ZONE_01,SUSPENSION_FAULT,REAR_BOGIE,3
7.51,RUN_059_SUSPENSION_FAULT,TRAIN001,0.0944104434065314,0.972637312851899,1.9073985595491727,29.337164991877543,27.921982918434495,26.05324071138351,140.31165666959612,5.036259276055389,0.2162749533697183,1.0892167400866903,2.3358234523740222,ZONE_01,SUSPENSION_FAULT,REAR_BOGIE,3
7.5200000000000005,RUN_059_SUSPENSION_FAULT,TRAIN001,-0.15511968137467036,0.7573619128568068,2.459855537877273,29.440000420094027,27.842027345801274,26.132155219250603,140.0001761949193,5.007740135942382,0.24753153277595702,1.2395735915934971,1.5626719750435438,ZONE_01,SUSPENSION_FAULT,REAR_BOGIE,3
7.53,RUN_059_SUSPENSION_FAULT,TRAIN001,-0.06391722186449317,0.7046306287554608,2.4880603579740304,29.350150963912498,27.63351819463614,26.048303355373037,140.9960473053604,5.036416641320175,0.22619426718337265,1.13920857141356,1.2976056193759409,ZONE_01,SUSPENSION_FAULT,REAR_BOGIE,3
7.54,RUN_059_SUSPENSION_FAULT,TRAIN001,0.10668306819419103,-0.013525115719696612,1.649779629286248,29.287671043627615,27.839759463680256,26.052377571946558,139.29677056118683,4.996749936183279,0.2677605278867939,1.3379324006307385,1.4753003112838177,ZONE_01,SUSPENSION_FAULT,REAR_BOGIE,3
7.55,RUN_059_SUSPENSION_FAULT,TRAIN001,0.02128818684454887,0.559433293308214,1.9963909749336335,29.34271002510787,27.677270399520914,26.042951010020712,139.91911411711848,4.964408798175798,0.22883944842556783,1.1360525711335858,1.7989524566914077,ZONE_01,SUSPENSION_FAULT,REAR_BOGIE,3
7.5600000000000005,RUN_059_SUSPENSION_FAULT,TRAIN001,0.023080950096923188,-0.16303600949509578,1.1643452245964077,29.404237635606446,27.836924277062945,25.96341830408255,139.99845972621895,4.967712714281706,0.2242228343616847,1.113874625090822,1.4197288425013006,ZONE_01,SUSPENSION_FAULT,REAR_BOGIE,3
7.57,RUN_059_SUSPENSION_FAULT,TRAIN001,-0.15267317447597883,-0.16676153628829066,1.0406280893250297,29.374388850230638,27.62090659413442,25.993830393176594,139.1144322016371,5.009627947821975,0.20323217240485011,1.0181175707759111,0.7046233972394025,ZONE_01,SUSPENSION_FAULT,REAR_BOGIE,3
7.58,RUN_059_SUSPENSION_FAULT,TRAIN001,-0.1540887689462091,0.14743581584830404,0.55031642199,29.2595548372044,27.603416245877735,25.99949260126743,141.00450078939534,5.011670351708745,0.2398291265779968,1.2019445231471504,0.9298562353619229,ZONE_01,SUSPENSION_FAULT,REAR_BOGIE,3
7.59,RUN_059_SUSPENSION_FAULT,TRAIN001,-0.09217398453228277,-0.316281869018444,0.2617615783734477,29.46939651514052,27.68873280322257,25.995103043075098,140.1304912931866,5.027029381421511,0.22488361152971703,1.1304965225600687,1.01348575773963,ZONE_01,SUSPENSION_FAULT,REAR_BOGIE,3
7.6000000000000005,RUN_059_SUSPENSION_FAULT,TRAIN001,0.01563267394373407,-0.7210663501172907,0.13367672960717628,29.322801763932347,27.592127831602333,26.112582334722227,139.9028635639583,5.010751544433574,0.24861230749314248,1.2457345037364582,1.1953660070160628,ZONE_01,SUSPENSION_FAULT,REAR_BOGIE,3
7.61,RUN_059_SUSPENSION_FAULT,TRAIN001,0.07263500465607171,-0.5992414805477262,0.5589848234478387,29.38677627265546,27.84497695680229,26.0136257234341,139.6675742900472,5.016115363930529,0.20024507332326236,1.0044523888482118,0.6959416249841723,ZONE_01,SUSPENSION_FAULT,REAR_BOGIE,3
7.62,RUN_059_SUSPENSION_FAULT,TRAIN001,0.08423030218238835,-1.544376217461176,-1.3996562928709364,29.42118652635637,27.773612453537208,26.02346041943527,137.55377681363996,4.9989239929083205,0.21503116273114,1.0749244385996692,0.6090044770938786,ZONE_01,SUSPENSION_FAULT,REAR_BOGIE,3
7.63,RUN_059_SUSPENSION_FAULT,TRAIN001,-0.20141940173302764,-1.2900854445579548,-0.3680337351078209,29.350193975266542,27.629934808252372,26.110796255751485,140.13372153486677,5.005669381800924,0.21899541808236023,1.096218659049563,0.6618375630351817,ZONE_01,SUSPENSION_FAULT,REAR_BOGIE,3
7.640000000000001,RUN_059_SUSPENSION_FAULT,TRAIN001,-0.014823536048301045,-0.7652232788479691,-1.129287167022576,29.29982736043294,27.685460691414843,26.02085552221959,138.61365032497798,4.986937819181732,0.22489070453014523,1.1215159596038058,0.7077713222779076,ZONE_01,SUSPENSION_FAULT,REAR_BOGIE,3
7.65,RUN_059_SUSPENSION_FAULT,TRAIN001,-0.00017883393172981108,-1.205401146990938,-0.7944732859091256,29.22859792644111,27.72180056780499,25.95963047419213,139.5812465690844,5.002908599982463,0.22332031941518674,1.1172511465530683,0.6342133460454715,ZONE_01,SUSPENSION_FAULT,REAR_BOGIE,3
7.66,RUN_059_SUSPENSION_FAULT,TRAIN001,-0.050366095656490695,-0.7764004027731152,-0.5684716033982198,29.315691279916724,27.596673292341215,26.01881807556853,140.23826662357115,4.9786692409657345,0.22941978764499063,1.1422052400170055,1.058776647644123,ZONE_01,SUSPENSION_FAULT,REAR_BOGIE,3
7.67,RUN_059_SUSPENSION_FAULT,TRAIN001,-0.04855421407411082,-0.5923328283846767,-1.1688160191410395,29.39442949644625,27.698597540869816,26.05689893658927,139.75646703074227,4.995652931955344,0.25363183555227287,1.2670566229139275,0.5551332039166921,ZONE_01,SUSPENSION_FAULT,REAR_BOGIE,3
7.68,RUN_059_SUSPENSION_FAULT,TRAIN001,-0.11784123375883565,-0.10613952831226325,-0.3524963095534491,29.417163082717632,27.67585355943994,25.994945214023385,139.28084981932236,5.012758973280355,0.25198898736475406,1.2631600575805009,0.4087992078943958,ZONE_01,SUSPENSION_FAULT,REAR_BOGIE,3
7.69,RUN_059_SUSPENSION_FAULT,TRAIN001,-0.04541973600797322,-0.057339321834187607,0.20477113287930168,29.291389661068475,27.818467350022303,26.036140767521225,138.32238940321147,5.017339314361741,0.2612595943802886,1.3108280341384237,0.9842594101759945,ZONE_01,SUSPENSION_FAULT,REAR_BOGIE,3
7.7,RUN_059_SUSPENSION_FAULT,TRAIN001,-0.25121751272480997,0.3633250500379083,0.7351608729842019,29.513486427975298,27.857569329133995,25.9402566898737,139.6391553394391,4.970741360145548,0.19777116683385534,0.9830693188252903,1.3351689046972794,ZONE_01,SUSPENSION_FAULT,REAR_BOGIE,3
7.71,RUN_059_SUSPENSION_FAULT,TRAIN001,0.12227425954840934,0.1947900384898258,0.8102007589020821,29.134579392989867,27.50474907468987,25.97401594897187,140.3034270756894,4.969331037773163,0.2308382264542419,1.1471115634235742,0.7606791422717366,ZONE_01,SUSPENSION_FAULT,REAR_BOGIE,3
7.72,RUN_059_SUSPENSION_FAULT,TRAIN001,0.011486607124626881,-0.4140168073362833,1.6776058131220342,29.479334171072153,27.76451696589656,26.02677194081715,139.45324885934966,4.997986787962902,0.24309859899653377,1.2150035859569674,1.0660792631432323,ZONE_01,SUSPENSION_FAULT,REAR_BOGIE,3
7.73,RUN_059_SUSPENSION_FAULT,TRAIN001,0.14197003320931767,0.48759400129893504,2.0969363254628868,29.508817921997707,27.738860294660512,26.029402354517867,140.57733695692477,4.973762401351264,0.2113518087412596,1.0512136797748606,1.2849123063751264,ZONE_01,SUSPENSION_FAULT,REAR_BOGIE,3
7.74,RUN_059_SUSPENSION_FAULT,TRAIN001,-0.09279892799266236,-0.16384182622449606,0.23253752865181188,29.377277260943305,27.655908911281106,26.030778505454943,140.34832723785237,5.024369934743057,0.21826629231354774,1.096650596868029,1.4978694287233378,ZONE_01,SUSPENSION_FAULT,REAR_BOGIE,3
7.75,RUN_059_SUSPENSION_FAULT,TRAIN001,-0.1860005212102685,0.3864572147303213,2.3732296048924337,29.514981673534322,27.758442493740155,26.04332232628841,139.34663788763956,5.001640672919289,0.2410985348812004,1.2058882382430618,1.8525480584529057,ZONE_01,SUSPENSION_FAULT,REAR_BOGIE,3
7.76,RUN_059_SUSPENSION_FAULT,TRAIN001,0.17503045063223494,0.7994144876071372,3.0006235087224438,29.535947344202263,27.665521446768654,25.96329768320738,139.67820532296304,5.017248154134929,0.2200602675742161,1.1040969712851743,2.1354676563368895,ZONE_01,SUSPENSION_FAULT,REAR_BOGIE,3
7.7700000000000005,RUN_059_SUSPENSION_FAULT,TRAIN001,-0.23179647372725412,1.0464093323868968,2.288962980168634,29.307563903770884,27.666452329825788,25.981734295598166,140.2948648016644,4.9796645071006935,0.2253620905096369,1.122227603356853,1.5596451051229532,ZONE_01,SUSPENSION_FAULT,REAR_BOGIE,3
7.78,RUN_059_SUSPENSION_FAULT,TRAIN001,-0.13539233454875796,1.01152097078213,2.5534911418423696,29.52600440421031,27.662326166875275,25.899810460261058,141.16779640158006,4.990841805494412,0.22291287616800695,1.1125229013622882,1.65087350407369,ZONE_01,SUSPENSION_FAULT,REAR_BOGIE,3
7.79,RUN_059_SUSPENSION_FAULT,TRAIN001,0.06878566038535378,0.9144623835390967,3.492735991724524,29.484676250243123,28.068502845324733,26.06193999553345,139.0837791986042,4.972530703619483,0.2410620066103176,1.198688229345927,1.9297407344804611,ZONE_01,SUSPENSION_FAULT,REAR_BOGIE,3
7.8,RUN_059_SUSPENSION_FAULT,TRAIN001,0.13579737713481752,0.5018341618267688,2.694634834781421,29.416814216001963,27.68948087445257,25.97191757674794,141.56933888003843,4.991336260818165,0.18501332553542713,0.9234637204795327,1.4724065933351649,ZONE_01,SUSPENSION_FAULT,REAR_BOGIE,3
7.8100000000000005,RUN_059_SUSPENSION_FAULT,TRAIN001,-0.0798064330283795,-0.20978892953507977,3.15109454616908,29.48735546392638,27.84019585166516,26.004204623265537,139.2028410188072,4.9783466084071835,0.2387845163255449,1.1887520869894261,2.163119572768732,ZONE_01,SUSPENSION_FAULT,REAR_BOGIE,3
7.82,RUN_059_SUSPENSION_FAULT,TRAIN001,-0.03085152792284648,0.8054985821316861,1.4737610267435601,29.357432718763732,27.696221007751802,26.004992150565318,139.957107427275,5.010216155049707,0.21056009348989696,1.0549515820118585,1.0764625983660456,ZONE_01,SUSPENSION_FAULT,REAR_BOGIE,3
7.83,RUN_059_SUSPENSION_FAULT,TRAIN001,-0.03603615133288948,0.5778519236822353,2.0270905658728697,29.32016829443544,27.82782957628017,25.971628486746088,139.08019895229722,4.989667348634736,0.25868220790586416,1.2907381664606328,1.25316855246971,ZONE_01,SUSPENSION_FAULT,REAR_BOGIE,3
7.84,RUN_059_SUSPENSION_FAULT,TRAIN001,0.045828488463330194,0.9496854694250526,1.179529584921048,29.378309997717807,27.790932517104228,26.017636773325236,140.0700127523663,5.004937960049134,0.22797760712172008,1.1410137799246647,1.257385858224883,ZONE_01,SUSPENSION_FAULT,REAR_BOGIE,3
7.8500000000000005,RUN_059_SUSPENSION_FAULT,TRAIN001,-0.10000590800691891,0.18837334883839812,0.6557017638486391,29.392414661598373,27.84288759839014,26.045361609507413,139.61452626497126,5.021560560711456,0.25080045612340457,1.2594096790777323,1.0321470556850298,ZONE_01,SUSPENSION_FAULT,REAR_BOGIE,3
7.86,RUN_059_SUSPENSION_FAULT,TRAIN001,0.05311889367247439,-1.519676698745273,0.6814421475701946,29.68165138619678,27.764884871845094,26.006823109096633,140.46782560547177,4.975614460419444,0.2483662874439987,1.235774891287052,1.5968990180935945,ZONE_01,SUSPENSION_FAULT,REAR_BOGIE,3
7.87,RUN_059_SUSPENSION_FAULT,TRAIN001,0.08290628484272226,-0.4933181507314651,0.46961047885300805,29.416246292735046,27.87161608496196,25.979629686476066,140.11277057304298,5.033888065806549,0.1957201959522581,0.9852335586413912,1.1322319475242406,ZONE_01,SUSPENSION_FAULT,REAR_BOGIE,3
7.88,RUN_059_SUSPENSION_FAULT,TRAIN001,-0.0187424593533109,0.3074447940339057,-1.1439564354650802,29.526722234896468,27.74314948287519,26.014763765156143,140.43593009899143,5.033950274398275,0.24471752192651625,1.2318958366520523,0.7232174473453542,ZONE_01,SUSPENSION_FAULT,REAR_BOGIE,3
7.890000000000001,RUN_059_SUSPENSION_FAULT,TRAIN001,0.001764178698900472,-0.5214928057674807,-0.21771842757136575,29.449615055778274,27.760968871222158,25.955900248376828,141.2034479286644,5.000782480417113,0.2114070360300335,1.057200602015901,0.6206916426121389,ZONE_01,SUSPENSION_FAULT,REAR_BOGIE,3
7.9,RUN_059_SUSPENSION_FAULT,TRAIN001,0.22814697416326274,-0.9399426745024471,-0.38506451390718105,29.444688346270617,27.907787229980784,26.061466637942637,139.0092095223075,4.972575050491276,0.1780860225829146,0.885546112737027,0.3161712743562593,ZONE_01,SUSPENSION_FAULT,REAR_BOGIE,3
7.91,RUN_059_SUSPENSION_FAULT,TRAIN001,0.024326413234854093,-0.7878918271314137,0.15304350230723052,29.49517090884602,27.637290650911336,26.066328872262513,139.3185073956235,4.960966987459248,0.20907700582310512,1.0372241237252493,0.8315969942909232,ZONE_01,SUSPENSION_FAULT,REAR_BOGIE,3
7.92,RUN_059_SUSPENSION_FAULT,TRAIN001,-0.04964369502012353,-1.3139992693782565,0.42645074402224814,29.584778192743144,27.698724837374204,26.001466406072478,140.6220918490479,5.008545786337353,0.21667665015966553,1.0852349231548857,1.139093179672448,ZONE_01,SUSPENSION_FAULT,REAR_BOGIE,3
7.930000000000001,RUN_059_SUSPENSION_FAULT,TRAIN001,0.10380204274079396,-0.03510780016619286,0.08408315897559637,29.339461290033686,27.89030581754653,26.037896815023117,139.94208005424983,5.013939534805129,0.25059497520387597,1.2564680533982246,0.8290919419035995,ZONE_01,SUSPENSION_FAULT,REAR_BOGIE,3
7.94,RUN_059_SUSPENSION_FAULT,TRAIN001,0.117072507303121,-1.0265456824548953,-1.4460860356299747,29.541620301558883,27.59192371009736,25.99601700853102,141.2974143969901,4.993210586836501,0.22300133809582648,1.1134926422587865,0.49613045754057367,ZONE_01,SUSPENSION_FAULT,REAR_BOGIE,3
7.95,RUN_059_SUSPENSION_FAULT,TRAIN001,-0.07865444011564568,-0.5105521620998605,-0.6766254651829087,29.41356601557785,27.88215492197741,25.953298633061024,139.71611301162199,5.053763410120011,0.2671880676617853,1.3503052799698003,0.02056995118480165,ZONE_01,SUSPENSION_FAULT,REAR_BOGIE,3
7.96,RUN_059_SUSPENSION_FAULT,TRAIN001,-0.1061853873766389,-0.19620487077377047,-0.4502731016429413,29.457079801398482,27.95622538175955,26.040660494886286,139.12943215497924,4.975715946693147,0.26699878988423936,1.3285101365747827,0.22750811490893907,ZONE_01,SUSPENSION_FAULT,REAR_BOGIE,3
7.97,RUN_059_SUSPENSION_FAULT,TRAIN001,0.14191880240197485,-0.6577400115235206,0.3536146913204275,29.42074676334578,27.84137400533235,26.020284178795357,139.27655912316666,5.023116390758081,0.20730520735616692,1.0413181849602648,0.9763360602380845,ZONE_01,SUSPENSION_FAULT,REAR_BOGIE,3
7.98,RUN_059_SUSPENSION_FAULT,TRAIN001,0.11848791839698286,-0.28264467332871285,0.6610115722959948,29.54837917716454,27.86350875377774,25.944276812051793,138.346093162133,5.01880537619039,0.22939322748653898,1.151279963371107,0.8042235378693341,ZONE_01,SUSPENSION_FAULT,REAR_BOGIE,3
7.99,RUN_059_SUSPENSION_FAULT,TRAIN001,0.12877214895939487,-0.20440063111763826,2.0507063974944706,29.39264675543942,27.837522461024992,25.899455198400325,139.1234163137599,5.013532270730927,0.21764792935741162,1.0911849174911483,1.0243993775800717,ZONE_01,SUSPENSION_FAULT,REAR_BOGIE,3
8.0,RUN_059_SUSPENSION_FAULT,TRAIN001,0.16333678958018866,-0.08760652654054175,1.401731548721536,29.47069846405028,27.73287902440638,25.96667371736112,139.9601690152115,4.99507918107076,0.23435910606932633,1.170642291621246,1.093239606188556,ZONE_01,SUSPENSION_FAULT,REAR_BOGIE,3
8.01,RUN_059_SUSPENSION_FAULT,TRAIN001,-0.12218267534327272,-0.017613559613499558,0.92528726770161,29.644696291816395,27.78194507876264,25.95920031376693,140.64481044503728,4.995520899899929,0.21990044116748386,1.0985172497493803,1.3351066900643447,ZONE_01,SUSPENSION_FAULT,REAR_BOGIE,3
8.02,RUN_059_SUSPENSION_FAULT,TRAIN001,-0.17149669512500826,0.7927979315658125,2.692463437014114,29.49169577089406,27.793177869187527,25.984415884390447,139.63911679649792,5.018353112229527,0.2132519932270812,1.070173803900273,1.09318168999562,ZONE_01,SUSPENSION_FAULT,REAR_BOGIE,3
8.03,RUN_059_SUSPENSION_FAULT,TRAIN001,0.0978447535026457,1.0110456440759725,2.423463539642362,29.556690377715636,27.825280674009203,26.055427845285543,138.68375331536745,5.02458298581818,0.24668462751905543,1.239487382295141,1.9169228829397316,ZONE_01,SUSPENSION_FAULT,REAR_BOGIE,3
8.040000000000001,RUN_059_SUSPENSION_FAULT,TRAIN001,0.09195962995966986,0.7436293139465282,1.2306966742557188,29.513859247608067,27.908713699743323,25.962218842219706,140.8524987695137,5.001161413800912,0.2324793638976934,1.162666824230125,1.3725046620952899,ZONE_01,SUSPENSION_FAULT,REAR_BOGIE,3
8.05,RUN_059_SUSPENSION_FAULT,TRAIN001,0.012419351840322928,1.2336001133287091,1.6471366341026386,29.571891449869987,27.849601595413276,26.04845066943317,139.51454125667027,4.981134400254676,0.25363334659300624,1.2633817877661404,1.4010739548194473,ZONE_01,SUSPENSION_FAULT,REAR_BOGIE,3
8.06,RUN_059_SUSPENSION_FAULT,TRAIN001,0.0701203733766224,0.6521233040651049,4.305895602724326,29.56631088520266,27.89419386814212,25.91606584576734,137.90717670959194,4.987386127288403,0.22204500898818574,1.1074241974613064,1.5140726041644559,ZONE_01,SUSPENSION_FAULT,REAR_BOGIE,3
8.07,RUN_059_SUSPENSION_FAULT,TRAIN001,-0.08149086979100492,1.2751705943130034,2.3186838625492716,29.6655860429597,27.727617732038425,25.957711144215356,138.23579648368028,5.010581086875558,0.23732009698000406,1.1891115894634814,1.3739139468125776,ZONE_01,SUSPENSION_FAULT,REAR_BOGIE,3
8.08,RUN_059_SUSPENSION_FAULT,TRAIN001,-0.10767780247037138,1.104610547308614,3.1824471168004616,29.56236169366065,27.75767622008761,25.96687723157719,138.92837882794595,4.973740634098624,0.23359402631971685,1.1618361005890792,1.614859569019079,ZONE_01,SUSPENSION_FAULT,REAR_BOGIE,3
8.09,RUN_059_SUSPENSION_FAULT,TRAIN001,-0.015069830819978609,1.907017838804049,2.3269401370499114,29.462511006990646,27.796357943911502,25.988516593056055,140.4488039206568,5.012227959909424,0.2598672006197429,1.302513648809667,1.691283629598841,ZONE_01,SUSPENSION_FAULT,REAR_BOGIE,3
8.1,RUN_059_SUSPENSION_FAULT,TRAIN001,0.03879858897642191,0.2935007588712969,1.4299976055804304,29.490898288018638,27.63232866046777,26.022050087051745,140.15684864969992,5.006092966371136,0.24432330547415046,1.2231051810546911,1.5062818082275595,ZONE_01,SUSPENSION_FAULT,REAR_BOGIE,3
8.11,RUN_059_SUSPENSION_FAULT,TRAIN001,0.05862287951418214,0.4741932958311668,2.603557923800458,29.470587186906943,27.865418329860393,26.017883878207087,141.0415561693916,4.9545469539808265,0.2172083559626955,1.076168998414156,1.5044579201176578,ZONE_01,SUSPENSION_FAULT,REAR_BOGIE,3
8.120000000000001,RUN_059_SUSPENSION_FAULT,TRAIN001,-0.0154382768564678,0.4994857325979057,2.9921955028726743,29.40915290406484,27.79553873477628,26.039526391942555,139.30695827997874,5.011092495472474,0.22099179685445103,1.107410334778317,1.38150895728477,ZONE_01,SUSPENSION_FAULT,REAR_BOGIE,3
8.13,RUN_059_SUSPENSION_FAULT,TRAIN001,0.05705214334206822,0.060881784984912174,2.0902670908829855,29.611862953160824,27.973877624487375,25.985666605068474,139.4929918531742,5.004363845483023,0.25823603606508017,1.2923070824849372,1.2188820545181889,ZONE_01,SUSPENSION_FAULT,REAR_BOGIE,3
8.14,RUN_059_SUSPENSION_FAULT,TRAIN001,0.1191117667305912,0.21132371863230304,0.039171311696144295,29.710214553974478,27.772426096023167,25.988969113726533,138.76779865292275,5.027478804285689,0.21129545735061805,1.062283433272083,0.521549700255796,ZONE_01,SUSPENSION_FAULT,REAR_BOGIE,3
8.15,RUN_059_SUSPENSION_FAULT,TRAIN001,0.044788121099594375,-1.1333277131341213,0.056843217278230385,29.57200761606457,27.67782620198996,26.005195617000943,141.10369641943961,4.992824242352343,0.2574563280682739,1.285434196126296,2.163402009468111,ZONE_01,SUSPENSION_FAULT,REAR_BOGIE,3
8.16,RUN_059_SUSPENSION_FAULT,TRAIN001,-0.05359401646619338,-0.37961008027892806,-0.06950925566738198,29.50120722776639,27.933977511087186,26.054822329626333,137.87425858896196,5.063728310433419,0.223308268754131,1.1307724024441677,0.813759788559678,ZONE_01,SUSPENSION_FAULT,REAR_BOGIE,3
8.17,RUN_059_SUSPENSION_FAULT,TRAIN001,0.16737959450381207,-0.4006781864595532,0.2570868808034242,29.64760414764546,28.012377492710613,25.940733947482876,138.8159728924046,5.018321795726548,0.23197474050248995,1.1641238963216554,0.7632589495788528,ZONE_01,SUSPENSION_FAULT,REAR_BOGIE,3
8.18,RUN_059_SUSPENSION_FAULT,TRAIN001,-0.12231569381994545,-0.681166697786401,-0.6566080806361729,29.52717990283507,27.865156863176683,26.02006242187465,139.00550346013353,5.016098616877017,0.23409848501610334,1.1742610869022811,0.4821860140092595,ZONE_01,SUSPENSION_FAULT,REAR_BOGIE,3
8.19,RUN_059_SUSPENSION_FAULT,TRAIN001,0.016587305314589136,-1.2184913849577148,0.32639234487864477,29.515815490756452,27.952849723965322,25.95996874267259,140.35909188380953,5.007768457688105,0.21605141883390314,1.081935480475182,0.5761166387445594,ZONE_01,SUSPENSION_FAULT,REAR_BOGIE,3
8.2,RUN_059_SUSPENSION_FAULT,TRAIN001,0.18903406416260493,-1.1744186913854304,0.06774973067221973,29.627915161822376,27.786165893598632,26.079016517513644,139.06010995518452,5.010106737153048,0.1978358902188174,0.9911789264359678,0.3303215313099144,ZONE_01,SUSPENSION_FAULT,REAR_BOGIE,3
8.21,RUN_059_SUSPENSION_FAULT,TRAIN001,0.24493129935760727,-1.2463461278470056,-1.102285195092121,29.639797939581097,27.813714277667533,25.9288544051062,139.73043155944987,5.000412184620075,0.24741531388376392,1.2371785502059733,0.5404119271565289,ZONE_01,SUSPENSION_FAULT,REAR_BOGIE,3
8.22,RUN_059_SUSPENSION_FAULT,TRAIN001,0.15966063830822236,-1.372061500694136,0.3767137414795092,29.416958395850212,27.70010191875415,26.087506664346105,138.59510897256303,5.024807749502622,0.23992217567070068,1.205562807587666,0.5500377314471888,ZONE_01,SUSPENSION_FAULT,REAR_BOGIE,3
8.23,RUN_059_SUSPENSION_FAULT,TRAIN001,-0.04701142887962836,-1.153401411649207,-0.6275741361242791,29.617040152868263,27.72064410447462,25.961945133289028,138.80546142549045,4.990398076343896,0.28428459194344236,1.4186932807687642,0.307159608417514,ZONE_01,SUSPENSION_FAULT,REAR_BOGIE,3
8.24,RUN_059_SUSPENSION_FAULT,TRAIN001,-0.1823214170843985,-0.08470841783550742,-0.5963900534943792,29.595815249735754,27.745457070856716,25.971159404829855,138.55692043268795,4.986505080970977,0.2098564536338221,1.046450272319604,0.3857636798829636,ZONE_01,SUSPENSION_FAULT,REAR_BOGIE,3
8.25,RUN_059_SUSPENSION_FAULT,TRAIN001,-0.05151595607284855,-0.45204569893729496,0.10792609872717093,29.544228015594875,27.863814121495217,26.060424593950454,140.32374329112517,5.036025970789221,0.21532481435985948,1.08438135727162,0.9820414635424229,ZONE_01,SUSPENSION_FAULT,REAR_BOGIE,3
8.26,RUN_059_SUSPENSION_FAULT,TRAIN001,-0.007800101358346138,-1.24042713309649,0.8220106729356713,29.568009507605893,27.737120564355813,25.968789686982124,139.41362709477576,4.989719808812442,0.2255574080556181,1.1254682669995086,0.36280976257304365,ZONE_01,SUSPENSION_FAULT,REAR_BOGIE,3
8.27,RUN_059_SUSPENSION_FAULT,TRAIN001,0.00966778063858206,0.3136422558037081,0.7840155948174388,29.57815152013967,27.698373998713773,25.938091425916788,138.69601781591314,5.012588443434449,0.24525291446444952,1.229351924763117,0.8210020168186626,ZONE_01,SUSPENSION_FAULT,REAR_BOGIE,3
8.28,RUN_059_SUSPENSION_FAULT,TRAIN001,-0.10466913295892033,-0.3938257907630537,0.6249380255143238,29.60548058355394,27.871357427115218,26.03833491356781,140.1962810954541,4.982160440722118,0.19830025502787657,0.9879636859849938,1.1687153402807215,ZONE_01,SUSPENSION_FAULT,REAR_BOGIE,3
8.290000000000001,RUN_059_SUSPENSION_FAULT,TRAIN001,-0.05485601737083057,0.6165065572460733,1.325247573058173,29.5533408137192,27.822934888770927,25.907185834246516,140.26895694856677,4.977187550958038,0.22307330203787923,1.1102776618540349,1.1973514979657631,ZONE_01,SUSPENSION_FAULT,REAR_BOGIE,3
8.3,RUN_059_SUSPENSION_FAULT,TRAIN001,0.02049645842227289,0.24536417975945857,1.3244082017518817,29.66672660308646,28.049789368555402,25.938024620411813,139.52797017686794,4.983659158827789,0.2605789440968755,1.2986366413460682,1.421119255389296,ZONE_01,SUSPENSION_FAULT,REAR_BOGIE,3
8.31,RUN_059_SUSPENSION_FAULT,TRAIN001,0.0050091271868814265,0.3216475951546765,1.674974061654524,29.705374080624633,27.76893058432987,26.0505632479731,141.953284777772,4.988170026069264,0.22297864826935382,1.1122554097506319,0.8906591998641455,ZONE_01,SUSPENSION_FAULT,REAR_BOGIE,3
8.32,RUN_059_SUSPENSION_FAULT,TRAIN001,0.12932407643716445,-0.07114398504237773,1.8783316190657318,29.6692835306979,27.843758576686394,25.981249069383782,139.62156009625426,4.981858219458613,0.21755151041164125,1.0838107802998709,1.6601424384303487,ZONE_01,SUSPENSION_FAULT,REAR_BOGIE,3
8.33,RUN_059_SUSPENSION_FAULT,TRAIN001,0.05702457636473155,0.5770641384811933,2.8658987352987406,29.637579728367996,27.928712775550355,26.003546057061435,139.8572767167689,5.011736113564247,0.28592982441076636,1.4330048269445217,0.7889654792088981,ZONE_01,SUSPENSION_FAULT,REAR_BOGIE,3
8.34,RUN_059_SUSPENSION_FAULT,TRAIN001,0.05915041048205403,1.1114141629224157,2.3443307300084633,29.699729628439897,27.856000368532953,25.974044501804958,140.44141646644755,4.972480931710018,0.23279367767517048,1.1575621232624331,1.7928003974999853,ZONE_01,SUSPENSION_FAULT,REAR_BOGIE,3
8.35,RUN_059_SUSPENSION_FAULT,TRAIN001,-0.05480941474465628,1.6636169150711027,2.101872137671539,29.48066538775632,27.832838241423094,26.00405505688464,139.25146311178418,4.946252204238786,0.19887229443080626,0.9836725246904003,1.936236369849985,ZONE_01,SUSPENSION_FAULT,REAR_BOGIE,3
8.36,RUN_059_SUSPENSION_FAULT,TRAIN001,0.00725365378987197,1.1479252254940648,3.104539921165624,29.727612935088153,27.77033655363059,25.92969360548754,139.78419145949127,4.9545415703021565,0.250414479109763,1.2406889465548818,1.6646139820116472,ZONE_01,SUSPENSION_FAULT,REAR_BOGIE,3
8.370000000000001,RUN_059_SUSPENSION_FAULT,TRAIN001,-0.1965376855120389,1.3490506324312537,1.4195849004635421,29.680675187274996,27.745921448981967,25.98800183951063,139.5205244357492,5.009866102890819,0.23370423475603133,1.1708269238062798,1.343848007407471,ZONE_01,SUSPENSION_FAULT,REAR_BOGIE,3
8.38,RUN_059_SUSPENSION_FAULT,TRAIN001,-0.041825353172708184,0.6973657553990902,2.7589027860547946,29.865941162727882,27.842189751049432,26.030067602675153,141.03290970240144,5.014101653808382,0.2545621913503861,1.2764007046470567,1.96913264175788,ZONE_01,SUSPENSION_FAULT,REAR_BOGIE,3
8.39,RUN_059_SUSPENSION_FAULT,TRAIN001,-0.16087867938785788,1.3168958584841917,1.9358919336066396,29.592389268165395,27.838718809443105,25.8950258018624,139.93131746699564,4.975572149120787,0.2282568779285669,1.1357085646666407,1.8515230386276407,ZONE_01,SUSPENSION_FAULT,REAR_BOGIE,3
8.4,RUN_059_SUSPENSION_FAULT,TRAIN001,0.014019380049007685,0.37217773353717276,1.7718539639922515,29.648766678099474,27.995282192618948,26.006481799465327,139.49503296292676,5.000858287121189,0.2479090631738434,1.239758093025365,1.2164221173048357,ZONE_01,SUSPENSION_FAULT,REAR_BOGIE,3
8.41,RUN_059_SUSPENSION_FAULT,TRAIN001,0.05496751010568173,1.631297894076877,0.8860839289550902,29.66560828793794,27.93123792951135,26.040812238437958,140.45414701205056,4.985315229298313,0.22034277806457475,1.0984782071512227,1.8448906861722922,ZONE_01,SUSPENSION_FAULT,REAR_BOGIE,3
8.42,RUN_059_SUSPENSION_FAULT,TRAIN001,0.012097652530690417,0.11249176983127784,1.8109196256385653,29.532756331299826,27.687600386486622,26.02170954850098,140.6861718941142,5.026317547444854,0.25171663727177357,1.2652077509029267,1.113301158917752,ZONE_01,SUSPENSION_FAULT,REAR_BOGIE,3
8.43,RUN_059_SUSPENSION_FAULT,TRAIN001,0.1525783405108141,-0.24488290452329622,0.016707330742273485,29.761464688058563,27.64446698531772,25.940923370801162,138.97391651016503,4.988051084995019,0.23095453185681983,1.1520130032129268,1.2623538641780792,ZONE_01,SUSPENSION_FAULT,REAR_BOGIE,3
8.44,RUN_059_SUSPENSION_FAULT,TRAIN001,-0.0685988108040284,0.10479742074797599,-0.19169683601420628,29.75802261140718,27.98818392091462,26.015055283156748,139.5338528559921,5.03285712004206,0.21678912412364737,1.0910686868933805,1.3873798403739097,ZONE_01,SUSPENSION_FAULT,REAR_BOGIE,3
8.45,RUN_059_SUSPENSION_FAULT,TRAIN001,-0.010157558935700353,-0.377771338119291,0.23608613076461704,29.50353856542574,28.1602683162424,25.915081250642036,139.65054742462124,4.994765410634439,0.2502889664869208,1.2501346724723141,0.7534475765805293,ZONE_01,SUSPENSION_FAULT,REAR_BOGIE,3
8.46,RUN_059_SUSPENSION_FAULT,TRAIN001,-0.05629831067500714,-1.2602039474055169,-1.3188314699394599,29.640849885826363,28.04756176455945,25.896900032892102,139.301523499708,5.000470849580199,0.21314897314923398,1.065845226850697,0.8931498919924621,ZONE_01,SUSPENSION_FAULT,REAR_BOGIE,3
8.47,RUN_059_SUSPENSION_FAULT,TRAIN001,-0.03289419362114306,-0.8372139081047708,-0.5630898888422589,29.570266439641028,27.870515947101776,26.07203919579242,140.15018095781306,5.009754195490783,0.2283350504558497,1.1439024769987927,0.7869054144813419,ZONE_01,SUSPENSION_FAULT,REAR_BOGIE,3
8.48,RUN_059_SUSPENSION_FAULT,TRAIN001,0.13246833672594094,-1.7126635886099733,0.46394207776570695,29.595307105871235,27.846663753460657,26.07598328374937,140.48899771757772,4.982472175227665,0.2387671735504205,1.189650798572725,1.0235858962551079,ZONE_01,SUSPENSION_FAULT,REAR_BOGIE,3
8.49,RUN_059_SUSPENSION_FAULT,TRAIN001,-0.13944548302844206,-0.5829828786930846,-1.1411048655081606,29.634807201436438,27.97708747054812,26.033883333622875,140.41425026882092,5.0446926060187,0.24779384972307314,1.2500438015148958,0.17806755259441165,ZONE_01,SUSPENSION_FAULT,REAR_BOGIE,3
8.5,RUN_059_SUSPENSION_FAULT,TRAIN001,0.165678615128366,-0.9591783011451136,-0.1229111714045748,29.834293706075734,27.742049254062675,26.02884303922485,140.7532668623598,4.984474019822897,0.21408426584502732,1.067097461157397,0.1371812565986822,ZONE_01,SUSPENSION_FAULT,REAR_BOGIE,3
8.51,RUN_059_SUSPENSION_FAULT,TRAIN001,0.13637924950849775,-0.7704182386653196,-1.2030734008618125,29.631547625686515,27.90372871452466,26.028740976379055,139.57350950801361,5.010369448171491,0.20233342270264082,1.0137651994532795,0.25952377097779183,ZONE_01,SUSPENSION_FAULT,REAR_BOGIE,3
8.52,RUN_059_SUSPENSION_FAULT,TRAIN001,0.058983910907709616,-0.8741775479621826,0.2812037206654938,29.794882881629007,27.885039281097978,25.925202269037786,141.6472798276818,4.982869503180257,0.23369023896006746,1.1644479649050268,0.358076502472674,ZONE_01,SUSPENSION_FAULT,REAR_BOGIE,3
8.53,RUN_059_SUSPENSION_FAULT,TRAIN001,-0.03544941244654603,-0.6013809910956709,-0.1922130174883703,29.806739423225306,28.128940895493734,25.9698918060772,140.349478375741,4.98457846188172,0.24047972602853424,1.1986900628810486,0.6125068036397854,ZONE_01,SUSPENSION_FAULT,REAR_BOGIE,3
8.540000000000001,RUN_059_SUSPENSION_FAULT,TRAIN001,0.023977088035901768,-0.5566001852727926,0.3382371154489564,29.749611869054046,27.931074742417046,26.04527405990376,139.1165056781611,4.984133889403544,0.2630909949003533,1.3112807436797458,0.6225997607915946,ZONE_01,SUSPENSION_FAULT,REAR_BOGIE,3
8.55,RUN_059_SUSPENSION_FAULT,TRAIN001,-0.04040893124750913,-0.6292612830603732,0.8380397205940616,29.7593077042211,27.779729101873667,26.050562678654078,139.1640142955629,5.01368079070936,0.2288036211032339,1.1471483199700265,0.7287241197531825,ZONE_01,SUSPENSION_FAULT,REAR_BOGIE,3
8.56,RUN_059_SUSPENSION_FAULT,TRAIN001,0.14762288031726664,-0.19415200062030857,1.6070611025765507,29.800251451022838,27.771771975301583,26.033561821784087,139.79332575045615,4.997873733586035,0.21406532905916142,1.0698714853762343,0.9049267842625432,ZONE_01,SUSPENSION_FAULT,REAR_BOGIE,3
8.57,RUN_059_SUSPENSION_FAULT,TRAIN001,-0.11361025799717626,0.44689412649240395,0.8021885663194931,29.758220409605457,28.015641987692188,26.001550136127243,140.04746578493032,5.027823787779401,0.2618742573990275,1.3166576207578962,0.908229994038732,ZONE_01,SUSPENSION_FAULT,REAR_BOGIE,3
8.58,RUN_059_SUSPENSION_FAULT,TRAIN001,-0.09841316413444587,0.0414536665298709,1.7183922605214796,29.62976854827197,28.06066094454687,25.930520325788663,138.0739549299509,5.009012843867635,0.20455832322168066,1.0246352683374254,1.2973415200380125,ZONE_01,SUSPENSION_FAULT,REAR_BOGIE,3
8.59,RUN_059_SUSPENSION_FAULT,TRAIN001,0.0035900144602841405,0.7629496198072179,1.2809324129526756,29.7039990776586,27.915422003334925,26.010746267984345,141.6044681835636,4.982262362392249,0.2701175091106704,1.3457962990652386,1.1653094594356297,ZONE_01,SUSPENSION_FAULT,REAR_BOGIE,3
8.6,RUN_059_SUSPENSION_FAULT,TRAIN001,-0.2518030195944165,1.08237659482138,2.6284920145699804,29.603165660222345,28.202111100248267,26.00856822839525,139.2115756775563,4.969200669865618,0.23669173779723146,1.1761687420136597,1.5237765496325912,ZONE_01,SUSPENSION_FAULT,REAR_BOGIE,3
8.61,RUN_059_SUSPENSION_FAULT,TRAIN001,0.14738300594202966,0.03683189731520098,2.5373999102731535,29.73139193415955,27.906673749823153,25.97910462163512,139.94563199334127,4.971042663543461,0.19298849926775055,0.9593540634332139,1.3842222810729998,ZONE_01,SUSPENSION_FAULT,REAR_BOGIE,3
8.620000000000001,RUN_059_SUSPENSION_FAULT,TRAIN001,-0.03258990657140166,0.6360181114654564,2.9707869804272975,29.609538949094624,27.948927340989286,25.98392796732529,140.44175566770338,5.000642566397562,0.20976680801264008,1.0489688291653532,1.429802548353677,ZONE_01,SUSPENSION_FAULT,REAR_BOGIE,3
8.63,RUN_059_SUSPENSION_FAULT,TRAIN001,0.07600648875308669,0.912616875068645,1.7666943923791543,29.898753876198615,27.81666047907629,25.996592564833563,140.4174316855137,4.961101046669633,0.21012877696213922,1.0424700953222787,1.5869789743622464,ZONE_01,SUSPENSION_FAULT,REAR_BOGIE,3
8.64,RUN_059_SUSPENSION_FAULT,TRAIN001,0.01755388979634862,1.4741499614922837,3.0385848349525286,29.47525577785717,27.953841438888738,26.052726191708484,139.22367726957603,4.943676620099475,0.21461444270943394,1.0609844027583069,1.4951936476422703,ZONE_01,SUSPENSION_FAULT,REAR_BOGIE,3
8.65,RUN_059_SUSPENSION_FAULT,TRAIN001,-0.17751966389445928,1.141530997910015,2.6108949685023966,29.798457941297332,27.88236968041293,25.988344343777726,140.86817759626163,5.015803309149332,0.20073740921895533,1.0068593614304997,1.52059789439506,ZONE_01,SUSPENSION_FAULT,REAR_BOGIE,3
8.66,RUN_059_SUSPENSION_FAULT,TRAIN001,0.004201860047917532,1.4327668831650675,1.0590604713177274,29.831338125031863,27.9793229629904,26.048668880387506,138.73149000925392,5.02140370677216,0.23848477181623104,1.1975283172067352,1.8899480575564813,ZONE_01,SUSPENSION_FAULT,REAR_BOGIE,3
8.67,RUN_059_SUSPENSION_FAULT,TRAIN001,0.04212715309997357,1.332649249902257,2.165195163257315,29.89440445921228,28.031114843899257,25.968740956381783,140.52142737132658,4.991303849393228,0.25649634012125205,1.28025116980248,1.4610233737894138,ZONE_01,SUSPENSION_FAULT,REAR_BOGIE,3
8.68,RUN_059_SUSPENSION_FAULT,TRAIN001,-0.11984096458499888,-0.2737532674114824,1.702211659297809,29.582579317643926,27.938658663894245,26.025158958670595,139.22099135288263,5.034443348483787,0.22998969749274728,1.1578701027621598,1.4328033411020153,ZONE_01,SUSPENSION_FAULT,REAR_BOGIE,3
8.69,RUN_059_SUSPENSION_FAULT,TRAIN001,-0.10201688797756847,0.2646176974227551,0.6996170836196887,29.79300885615619,27.83438242134054,26.036142360621827,139.56191687352558,5.005840590506733,0.21896740578342958,1.0961159278686505,1.8642967685206333,ZONE_01,SUSPENSION_FAULT,REAR_BOGIE,3
8.700000000000001,RUN_059_SUSPENSION_FAULT,TRAIN001,-0.10648520487940966,-0.07658663739871924,2.2001301916067355,29.736193258951232,28.00492404760955,26.0229244368753,139.7531800028285,5.006862955549333,0.20421757993940548,1.0224894358705439,0.991232128139327,ZONE_01,SUSPENSION_FAULT,REAR_BOGIE,3
8.71,RUN_059_SUSPENSION_FAULT,TRAIN001,0.0777861682450614,0.03302572174033691,1.120558804399805,29.541851839832038,27.821164852225397,26.07711594105227,138.50961580769743,4.9822358621122484,0.2285056601260469,1.1384690945756237,0.8184668500663337,ZONE_01,SUSPENSION_FAULT,REAR_BOGIE,3
8.72,RUN_059_SUSPENSION_FAULT,TRAIN001,-0.12666536245115376,-0.0432050218383946,3.3629374130781318,29.72896148183848,28.039509699234884,26.005860761566456,140.08893338526494,4.989810973217612,0.21845764118620536,1.0900623351741632,1.3235435473692396,ZONE_01,SUSPENSION_FAULT,REAR_BOGIE,3
8.73,RUN_059_SUSPENSION_FAULT,TRAIN001,-0.09206336536059262,-0.23848296552222262,0.5018623082705371,29.91168111203665,27.911756295702425,26.133861233048346,140.2431241733505,5.0149187240460025,0.27548664126684586,1.3815431155136495,1.6839634245779522,ZONE_01,SUSPENSION_FAULT,REAR_BOGIE,3
8.74,RUN_059_SUSPENSION_FAULT,TRAIN001,-0.00917832537700726,-0.573066157249987,0.6730989073781046,29.831768304622177,27.857974675902245,26.010491778593906,137.79360501100376,5.022619671243817,0.21916551857888986,1.1007850448726844,1.0954631922824947,ZONE_01,SUSPENSION_FAULT,REAR_BOGIE,3
8.75,RUN_059_SUSPENSION_FAULT,TRAIN001,0.01146886502590315,-0.84318638302731,-0.001374491370688985,29.812349343494247,27.987391199268036,26.022215373861286,140.34806398963565,5.020088193519614,0.23478145121891741,1.1786235913214884,0.5039228151316382,ZONE_01,SUSPENSION_FAULT,REAR_BOGIE,3
8.76,RUN_059_SUSPENSION_FAULT,TRAIN001,-0.06144603201105023,-0.6532029156833039,-0.5672392211893489,29.781003046190662,27.871043702799383,26.091762245607416,140.11459739232018,5.010768423233748,0.21871201780418698,1.0959152725949575,0.5518834052850189,ZONE_01,SUSPENSION_FAULT,REAR_BOGIE,3
8.77,RUN_059_SUSPENSION_FAULT,TRAIN001,0.15645832193495077,-0.28769848110233587,-0.3264801767628695,29.833948932026274,28.1310918852866,25.978924382751703,139.80379245685145,4.963633889271105,0.23741500678673944,1.1784411735081894,0.23290794199357073,ZONE_01,SUSPENSION_FAULT,REAR_BOGIE,3
8.78,RUN_059_SUSPENSION_FAULT,TRAIN001,0.1611494481209235,-1.5143042954047905,-0.9912329538709723,29.98327800482005,27.915188693288155,26.049423898809767,138.97103600400771,5.006773602994376,0.24486690397574223,1.225993151072705,0.7188164727758661,ZONE_01,SUSPENSION_FAULT,REAR_BOGIE,3
8.790000000000001,RUN_059_SUSPENSION_FAULT,TRAIN001,-0.12822772340647443,-0.7726670033660208,-1.2711883919980322,29.830496965300437,28.11917368685254,25.997930697361387,140.97373905760142,4.971460481749416,0.24545732373569873,1.2202813849079992,0.46532166955118476,ZONE_01,SUSPENSION_FAULT,REAR_BOGIE,3
8.8,RUN_059_SUSPENSION_FAULT,TRAIN001,0.17972688853700408,-0.4730112272182311,-0.8858059567121137,29.761436822951648,27.941147179285192,25.949324465885628,139.9533159699176,4.936399125976285,0.2721076632007625,1.3432320307956935,0.9281947839965775,ZONE_01,SUSPENSION_FAULT,REAR_BOGIE,3
8.81,RUN_059_SUSPENSION_FAULT,TRAIN001,0.04577755539173778,-1.021252186826292,-0.45511180839324483,29.78774768664849,27.95560610163107,26.108882247388824,138.53062945604185,4.994617892255228,0.1979325275567818,0.9885973435944033,0.783918748139387,ZONE_01,SUSPENSION_FAULT,REAR_BOGIE,3
8.82,RUN_059_SUSPENSION_FAULT,TRAIN001,0.06572163101503536,-0.4492396782658644,0.20839541189153482,29.821543760833187,28.00136449309179,26.01505426594072,140.12852998381467,4.998245508483268,0.22197890862367603,1.1095050830063065,0.2550713503022793,ZONE_01,SUSPENSION_FAULT,REAR_BOGIE,3
8.83,RUN_059_SUSPENSION_FAULT,TRAIN001,0.07753994169635571,-0.8333834118955608,0.08370582020021992,29.80499832083282,27.881435182542965,26.048413182955805,140.54171665299776,5.000303959103889,0.24141181206873022,1.2071324396617158,0.6105066656208122,ZONE_01,SUSPENSION_FAULT,REAR_BOGIE,3
8.84,RUN_059_SUSPENSION_FAULT,TRAIN001,-0.1401953158646852,-0.4669509100886987,-0.6184758684070805,29.778421962700275,27.88686417655467,26.028245966127123,140.3420139071711,4.995964725428101,0.2606445462714094,1.3021709590471742,0.6473875231417884,ZONE_01,SUSPENSION_FAULT,REAR_BOGIE,3
8.85,RUN_059_SUSPENSION_FAULT,TRAIN001,-0.12865651243503373,-0.15918965785946393,0.8781934766591839,29.74299499003288,28.00765064564914,25.994059416313718,140.5612079028089,4.979664155196697,0.2077931580910104,1.034740141040925,1.4410200673555844,ZONE_01,SUSPENSION_FAULT,REAR_BOGIE,3
8.86,RUN_059_SUSPENSION_FAULT,TRAIN001,0.047034556795271854,0.42032498539590984,1.659045976115761,29.87543772934113,27.80917622727446,26.110119844273413,138.7728143433197,5.003162832766204,0.23499666989219753,1.1757266046284716,0.5578894133087392,ZONE_01,SUSPENSION_FAULT,REAR_BOGIE,3
8.870000000000001,RUN_059_SUSPENSION_FAULT,TRAIN001,-0.0739790181172681,0.6679433348889322,1.414527987598119,29.814024177846765,27.912049733564047,25.959094746774355,139.42509461541306,4.996550314712111,0.22835662754394445,1.140995379221292,1.0846636668664407,ZONE_01,SUSPENSION_FAULT,REAR_BOGIE,3
8.88,RUN_059_SUSPENSION_FAULT,TRAIN001,0.27705110554758766,0.11421918482764176,1.325122455580079,29.89127812226564,27.951241771015923,25.94634032415603,140.64699483433571,5.036800049458877,0.2524120742212524,1.271349147921622,0.9808076006551016,ZONE_01,SUSPENSION_FAULT,REAR_BOGIE,3
8.89,RUN_059_SUSPENSION_FAULT,TRAIN001,-0.046295555228889,0.6779911804504591,1.5236316120566213,29.777878249256084,27.83504379867739,26.034177432965002,139.52254803930487,4.968112233404072,0.26797203156434213,1.3313151282249502,1.1559490499389118,ZONE_01,SUSPENSION_FAULT,REAR_BOGIE,3
8.9,RUN_059_SUSPENSION_FAULT,TRAIN001,0.093579583884555,0.942592692679691,1.5619494750451752,29.62124316634511,27.901008621553455,25.987882756829524,141.09325573486436,5.002894350649021,0.2432514300071395,1.216961204970014,1.2859341119016627,ZONE_01,SUSPENSION_FAULT,REAR_BOGIE,3
8.91,RUN_059_SUSPENSION_FAULT,TRAIN001,-0.09909484300240273,0.9837993311085043,1.9113159445698618,29.95264248106113,28.02891234242821,25.981092928626204,142.52044441864524,5.0208991185645475,0.2370481855193474,1.1901950257314167,1.8539552147277565,ZONE_01,SUSPENSION_FAULT,REAR_BOGIE,3
8.92,RUN_059_SUSPENSION_FAULT,TRAIN001,0.21611033386464343,1.0734873162081402,2.0560509173430113,29.89074578415004,27.947004844841526,26.00339017697958,140.32704129067213,5.011318498191649,0.2303819885262838,1.1545175207519423,1.6031106737442182,ZONE_01,SUSPENSION_FAULT,REAR_BOGIE,3
8.93,RUN_059_SUSPENSION_FAULT,TRAIN001,0.18795485711696613,0.7639948918129845,3.25315606250512,29.822553149121568,27.952617583469717,25.935905492042433,139.27566995290826,4.964795262091731,0.23949566315482393,1.189046933722587,1.3929214325403576,ZONE_01,SUSPENSION_FAULT,REAR_BOGIE,3
8.94,RUN_059_SUSPENSION_FAULT,TRAIN001,-0.15171778577669812,0.6654145660700805,1.9788955305666143,29.911662308928587,27.8544105789078,25.95179192278155,140.57951255433068,4.996156980127768,0.23421191323443066,1.17015948513528,1.6316451085642338,ZONE_01,SUSPENSION_FAULT,REAR_BOGIE,3
8.950000000000001,RUN_059_SUSPENSION_FAULT,TRAIN001,0.035066113925082985,0.9794489928263025,2.626932599263094,29.802751232301755,27.89675174443476,26.008903945292282,140.2623046377046,5.025023583915554,0.23243322613068226,1.1679824429922554,1.267393896920751,ZONE_01,SUSPENSION_FAULT,REAR_BOGIE,3
8.96,RUN_059_SUSPENSION_FAULT,TRAIN001,0.008488228313732677,-0.11342864786052043,2.985151600134498,29.672594934459635,27.966762424332174,25.987394067199098,140.25161469113718,5.014526585213228,0.24561089595647714,1.2316223673917948,1.1631141216282668,ZONE_01,SUSPENSION_FAULT,REAR_BOGIE,3
8.97,RUN_059_SUSPENSION_FAULT,TRAIN001,0.15533003790411884,0.5879647477384147,2.209981002411708,29.82590097048154,27.88452175939094,26.097714727471825,138.75073898161813,4.973075809571095,0.23645057183118376,1.1758866189329125,1.7708127880768143,ZONE_01,SUSPENSION_FAULT,REAR_BOGIE,3
8.98,RUN_059_SUSPENSION_FAULT,TRAIN001,-0.243635804118564,0.26140531306550036,2.302216017000053,29.788731501506188,27.92542203994642,25.981228290793904,139.7197528727415,5.016140117509447,0.24556865284225787,1.2318067711248,1.5484124858619441,ZONE_01,SUSPENSION_FAULT,REAR_BOGIE,3
8.99,RUN_059_SUSPENSION_FAULT,TRAIN001,-0.03413203081870865,0.6198744566495216,2.5122612501096198,29.95780307994234,27.961013807817356,26.002098422779884,141.2200816586418,5.04797498708457,0.2539291580723306,1.2818280384405685,1.6226911689568817,ZONE_01,SUSPENSION_FAULT,REAR_BOGIE,3
9.0,RUN_059_SUSPENSION_FAULT,TRAIN001,0.08683208573169983,0.22990730310149757,0.4693806770241098,29.901397600348975,28.098321036236833,26.006748455946063,139.95992148409263,4.970047166480623,0.24691204067285838,1.2271644881160881,0.8357726709472869,ZONE_01,SUSPENSION_FAULT,REAR_BOGIE,3
9.01,RUN_059_SUSPENSION_FAULT,TRAIN001,-0.03931576061381005,-0.530228481996099,0.01885487223797888,29.799220176999487,27.89179829971377,26.070638994098644,140.6440891367223,5.040311102842241,0.22286375686540894,1.1233026681498544,0.5638101517325709,ZONE_01,SUSPENSION_FAULT,REAR_BOGIE,3
9.02,RUN_059_SUSPENSION_FAULT,TRAIN001,-0.0705196894111502,-0.5609646556041026,-0.13609665992530146,29.780738787988707,27.850306712709052,26.016084915989126,141.36034998643873,5.037839274422167,0.25549639936348045,1.2871497951867925,0.7761299618920597,ZONE_01,SUSPENSION_FAULT,REAR_BOGIE,3
9.03,RUN_059_SUSPENSION_FAULT,TRAIN001,-0.15491847002803516,-0.7716959386607828,1.3047533624045882,29.876772919114806,27.91162108503763,25.951669692325158,138.88071363655416,5.010752012886261,0.22122807812318973,1.1085190377627319,0.39382487951115613,ZONE_01,SUSPENSION_FAULT,REAR_BOGIE,3
9.040000000000001,RUN_059_SUSPENSION_FAULT,TRAIN001,0.02886748329941624,-1.2201963919116956,0.05816913732945089,29.772200069102357,27.833065448615983,26.070383353762107,140.35016151334744,4.994599592469372,0.2334268161559372,1.1658734808438669,0.60891624017922,ZONE_01,SUSPENSION_FAULT,REAR_BOGIE,3
9.05,RUN_059_SUSPENSION_FAULT,TRAIN001,-0.029637783115096766,-1.6622123315575903,-0.8665773209582608,29.882963867925174,28.25655526867772,25.948313684985674,139.50453393634507,5.0281879810948515,0.19932466336304905,1.0022418766578605,0.7633607232503293,ZONE_01,SUSPENSION_FAULT,REAR_BOGIE,3
9.06,RUN_059_SUSPENSION_FAULT,TRAIN001,-0.1564902822998796,-0.7195865932070244,-1.6583239399259997,29.943015717438097,27.94006893888031,25.96979053110726,139.59864518579698,4.987584929124314,0.16838701640542886,0.8398445452839256,0.982157547057644,ZONE_01,SUSPENSION_FAULT,REAR_BOGIE,3
9.07,RUN_059_SUSPENSION_FAULT,TRAIN001,0.004211225900413169,-0.7277649398544785,-1.3627702168207954,29.88499899108254,28.003750471392802,26.007893926479678,140.05462254293934,4.975669103827056,0.25234591943194035,1.255589794794337,0.5690223050256532,ZONE_01,SUSPENSION_FAULT,REAR_BOGIE,3
9.08,RUN_059_SUSPENSION_FAULT,TRAIN001,-0.08206455100650839,-1.6182216958146922,-0.8380293749764183,29.968988338521324,27.958281284538536,25.9474873707922,139.55901189587237,4.994189230545637,0.22603708900471114,1.128871995611214,0.8487601031355556,ZONE_01,SUSPENSION_FAULT,REAR_BOGIE,3
9.09,RUN_059_SUSPENSION_FAULT,TRAIN001,0.01807807686951594,-1.7010617945666415,-0.026640175650234854,29.90654059147047,28.061946063289135,25.9695208271092,139.3479421686266,4.99261172502423,0.22732208283610275,1.134930896124456,0.7432054406931593,ZONE_01,SUSPENSION_FAULT,REAR_BOGIE,3
9.1,RUN_059_SUSPENSION_FAULT,TRAIN001,0.06375719825554946,-0.9365230541690115,0.48025607717939633,29.815145675836405,27.891460963473175,25.997996823159333,140.0636671146149,5.024694233263681,0.19658921005776117,0.9878006700990949,1.0254289293121093,ZONE_01,SUSPENSION_FAULT,REAR_BOGIE,3
9.11,RUN_059_SUSPENSION_FAULT,TRAIN001,0.10121956803592812,-0.3786504801953802,0.5406414979220298,29.903659243790056,27.903184753765863,26.054515490975437,140.06482125054254,5.035236514957889,0.2553326133037512,1.2856600979666704,1.185989518052529,ZONE_01,SUSPENSION_FAULT,REAR_BOGIE,3
9.120000000000001,RUN_059_SUSPENSION_FAULT,TRAIN001,0.026614377956465603,-0.9777789061914275,0.681403708873068,30.05406046079299,27.91830648801502,25.990608304951046,139.55105980434217,5.050967554513157,0.2054470617020543,1.0377064428271388,0.9234874582378128,ZONE_01,SUSPENSION_FAULT,REAR_BOGIE,3
9.13,RUN_059_SUSPENSION_FAULT,TRAIN001,-0.11193854260018393,-0.13015352543267017,-0.10974589740406293,29.86675916564066,28.03770027534404,26.067736302585715,141.90706882409484,4.9815658236176485,0.21776778731582427,1.084824566777347,0.896471355773552,ZONE_01,SUSPENSION_FAULT,REAR_BOGIE,3
9.14,RUN_059_SUSPENSION_FAULT,TRAIN001,-0.03105326047503626,0.09818053482384251,-0.09007003505980815,30.011849205807525,28.07355576125231,25.911054890279814,139.30264328148164,5.011909179416918,0.2403834675328048,1.204780107507733,0.8845687087377292,ZONE_01,SUSPENSION_FAULT,REAR_BOGIE,3
9.15,RUN_059_SUSPENSION_FAULT,TRAIN001,-0.04708536163950461,0.5979566748452165,0.23929616932488196,29.726265479206052,27.991324161283362,25.959525677537936,139.57161811498256,5.009310892282688,0.2521275074524633,1.262985069325709,0.958777813876577,ZONE_01,SUSPENSION_FAULT,REAR_BOGIE,3
9.16,RUN_059_SUSPENSION_FAULT,TRAIN001,0.0941622338962412,0.007125701688030894,2.1608760194455083,29.91701173042241,28.093982691652016,26.007121513482268,139.60203583815613,4.994869204269431,0.24462802929893931,1.221885010046392,1.6847364895128514,ZONE_01,SUSPENSION_FAULT,REAR_BOGIE,3
9.17,RUN_059_SUSPENSION_FAULT,TRAIN001,-0.08090933873897016,0.5625432485002595,7.882752110454876,30.037603555412545,28.050480591324455,26.015689250776997,139.1409903105815,5.028187778800156,0.24538676024629608,1.2338507089497899,1.8239495684707243,ZONE_01,SUSPENSION_FAULT,REAR_BOGIE,3
9.18,RUN_059_SUSPENSION_FAULT,TRAIN001,0.14510954004552143,0.7005414970828582,1.8281687836677207,29.843275909868797,28.060960085124467,25.958321127779662,139.51801126310804,4.980907410908243,0.2437862588470475,1.214276783368854,1.6941236935180837,ZONE_01,SUSPENSION_FAULT,REAR_BOGIE,3
9.19,RUN_059_SUSPENSION_FAULT,TRAIN001,-0.012353118608708493,0.8416208097609621,1.7822201889721105,29.913008515914175,28.12260183478985,25.93737352922812,141.03788228393603,4.9997516683600285,0.22302954413652548,1.1150923353901698,1.9254895915422643,ZONE_01,SUSPENSION_FAULT,REAR_BOGIE,3
9.200000000000001,RUN_059_SUSPENSION_FAULT,TRAIN001,0.05844703557622632,0.8527909023447902,2.9779050124709503,29.859037473752913,28.027937108920636,25.965056015598474,139.5470422346887,5.039390925911924,0.21829009391496473,1.100049118491535,1.1183517897940038,ZONE_01,SUSPENSION_FAULT,REAR_BOGIE,3
9.21,RUN_059_SUSPENSION_FAULT,TRAIN001,-0.05451433314962733,1.7247680715063205,2.3754316546137377,29.954920316643296,28.185367071582032,26.103477690670076,139.38614416466712,5.004156581230557,0.2383907213864287,1.1929444973301973,2.2421439429591707,ZONE_01,SUSPENSION_FAULT,REAR_BOGIE,3
9.22,RUN_059_SUSPENSION_FAULT,TRAIN001,0.11559252151674777,1.116208332721178,3.3515423496288745,29.93948463170364,28.10623660170317,25.901863001393654,139.16526017331222,4.994678603240255,0.23226571417371808,1.1600925928497865,2.1480006138805536,ZONE_01,SUSPENSION_FAULT,REAR_BOGIE,3
9.23,RUN_059_SUSPENSION_FAULT,TRAIN001,-0.06882919593044959,0.7157954776082759,2.2241047175525206,29.836294064455625,28.09724768330117,26.064527045630626,141.35898282159795,4.983060936130023,0.259116842587895,1.291195016193092,2.1225109389894614,ZONE_01,SUSPENSION_FAULT,REAR_BOGIE,3
9.24,RUN_059_SUSPENSION_FAULT,TRAIN001,0.1576931202462658,1.4728879096584795,2.861286497270608,29.966578052674034,27.981478389986577,25.95032351135888,139.99412756515343,4.985715721726954,0.2618783289049778,1.30565090160113,1.1400210715477408,ZONE_01,SUSPENSION_FAULT,REAR_BOGIE,3
9.25,RUN_059_SUSPENSION_FAULT,TRAIN001,0.03458891913670446,1.5478098365105184,1.4257530419795472,29.919273480542852,28.08639300909875,25.849833463967997,137.91620038298583,4.984585332327315,0.2296224919970543,1.1445729055809633,1.4743772373476391,ZONE_01,SUSPENSION_FAULT,REAR_BOGIE,3
9.26,RUN_059_SUSPENSION_FAULT,TRAIN001,0.07175448365938951,0.011505444307084778,2.382942077203995,29.774077940068505,28.143986876014953,26.038601913321628,138.96595398911774,4.981489667754938,0.24170671266572225,1.204059491771307,1.4092661582718788,ZONE_01,SUSPENSION_FAULT,REAR_BOGIE,3
9.27,RUN_059_SUSPENSION_FAULT,TRAIN001,0.04979656269212687,0.17729925615460773,1.1610255034602084,30.002730381994606,27.97045013976279,25.99210375381202,140.20158038074132,4.972023065385331,0.2149043916156315,1.0685095919655216,1.4880334605750365,ZONE_01,SUSPENSION_FAULT,REAR_BOGIE,3
9.28,RUN_059_SUSPENSION_FAULT,TRAIN001,-0.08957723142534332,0.4035125417119299,1.184660262635591,29.834382169229286,27.99519062740854,26.0476842992545,139.82804333084314,5.012896636517213,0.28523840390547744,1.4298706355433062,1.206355818501299,ZONE_01,SUSPENSION_FAULT,REAR_BOGIE,3
9.290000000000001,RUN_059_SUSPENSION_FAULT,TRAIN001,0.13416735164880134,-0.034874833454505705,0.495349571298703,30.030899473892504,28.098380981036854,26.08490104518243,139.9429336813458,4.969940665910631,0.2598368908484745,1.2913739303316152,1.1525567025887353,ZONE_01,SUSPENSION_FAULT,REAR_BOGIE,3
9.3,RUN_059_SUSPENSION_FAULT,TRAIN001,-0.16409544232419385,-0.7254915652918059,0.4457453829698863,29.85184636999917,27.920540754552807,26.005022357501794,141.01736418181326,4.996697403520881,0.22159428452023286,1.1072395860973148,0.7859740120797856,ZONE_01,SUSPENSION_FAULT,REAR_BOGIE,3
9.31,RUN_059_SUSPENSION_FAULT,TRAIN001,0.002262640833362548,-0.27120511539419495,0.6398724953815718,30.036363605354985,27.87533053631052,25.96965895751352,140.9740547525487,5.014334053290584,0.2126759386615167,1.0664282015459827,0.7092178653076862,ZONE_01,SUSPENSION_FAULT,REAR_BOGIE,3
9.32,RUN_059_SUSPENSION_FAULT,TRAIN001,0.07199211700814497,-0.6827594395927751,0.5375471247460224,29.94370432005368,27.989555007088253,25.977795038116977,139.95130707122138,5.019347357619494,0.23012381560401735,1.1550713657773402,0.9110486151182955,ZONE_01,SUSPENSION_FAULT,REAR_BOGIE,3
9.33,RUN_059_SUSPENSION_FAULT,TRAIN001,0.09649122096138427,-0.38514534891963237,-0.17159338853656902,30.057697193263767,28.071468051143754,25.936591940812068,140.50608908236217,4.9983415237844735,0.2234370408102213,1.1168146390332552,1.2939494610100888,ZONE_01,SUSPENSION_FAULT,REAR_BOGIE,3
9.34,RUN_059_SUSPENSION_FAULT,TRAIN001,-0.07226379059725882,0.09172615864913813,-0.6241256809894046,29.831997760337124,28.056236585340372,26.01844649888505,139.10067473476994,5.013059008533343,0.23466075936045339,1.1763682336611958,0.3347229061579897,ZONE_01,SUSPENSION_FAULT,REAR_BOGIE,3
9.35,RUN_059_SUSPENSION_FAULT,TRAIN001,-0.057635685571130885,-0.4671454276755126,-0.784050287373234,29.888665094729614,28.119321866242196,25.94401155095407,140.4125931227117,5.006277203251047,0.2324113989998849,1.1635158885888068,0.9204463332219608,ZONE_01,SUSPENSION_FAULT,REAR_BOGIE,3
9.36,RUN_059_SUSPENSION_FAULT,TRAIN001,-0.03129777271476345,-1.0692274478059993,-0.836559568510522,29.98123912996244,28.04369703493066,26.02576615816984,140.51354542139978,4.987119865430348,0.22914927938164367,1.142794923353244,0.4073589529347497,ZONE_01,SUSPENSION_FAULT,REAR_BOGIE,3
9.370000000000001,RUN_059_SUSPENSION_FAULT,TRAIN001,-0.11147971116318796,-1.2415596777167686,0.2066614126493903,30.021061370729345,27.968585369715235,25.99059081726229,138.60226473071864,4.99778385613848,0.2391547524327052,1.195243760826969,0.19538633416534557,ZONE_01,SUSPENSION_FAULT,REAR_BOGIE,3
9.38,RUN_059_SUSPENSION_FAULT,TRAIN001,-0.03383932213469096,-0.97245290832227,-1.1164597792051145,29.999377150941324,27.717419080284756,25.94095089367953,140.08112018966446,4.9961600555574135,0.23464233027552975,1.1723106378655117,0.7647112021042726,ZONE_01,SUSPENSION_FAULT,REAR_BOGIE,3
9.39,RUN_059_SUSPENSION_FAULT,TRAIN001,-0.10001181949193359,-1.5242973035792404,-0.7819331377328042,30.09795220670498,27.929882483958508,26.026170707310644,140.46160656838046,5.065633203759901,0.25133812621487595,1.2731867575248723,0.30612914339990704,ZONE_01,SUSPENSION_FAULT,REAR_BOGIE,3
9.4,RUN_059_SUSPENSION_FAULT,TRAIN001,0.039312794456314186,-1.182603870304751,-0.2615915817143375,29.873536603592456,28.047284151210437,26.085619799688573,139.69703048831693,4.997321962471879,0.22638111829968044,1.1312993343679378,0.5301632094759926,ZONE_01,SUSPENSION_FAULT,REAR_BOGIE,3
9.41,RUN_059_SUSPENSION_FAULT,TRAIN001,-0.029749467804141103,-0.8394863017042666,-0.003255760009737707,30.010669928944765,28.19244084340631,25.938773635983974,138.93219458355975,4.99718005843799,0.22961972061239277,1.1474510888683518,0.28569158477127765,ZONE_01,SUSPENSION_FAULT,REAR_BOGIE,3
9.42,RUN_059_SUSPENSION_FAULT,TRAIN001,-0.09234584093182913,0.9273724501309122,0.29947946160435424,29.98537434316503,28.127654883103062,26.02279057520254,140.24837518165418,4.982874512422884,0.21737850383822777,1.0831698063241253,0.86082802062142,ZONE_01,SUSPENSION_FAULT,REAR_BOGIE,3
9.43,RUN_059_SUSPENSION_FAULT,TRAIN001,-0.0855145011710609,-0.06063079574071046,1.1575696819511578,29.98150914016389,27.997017085907927,25.96819667728575,140.12889759421176,4.978722464118649,0.22688179768044012,1.1295815028112295,1.2575888603845726,ZONE_01,SUSPENSION_FAULT,REAR_BOGIE,3
9.44,RUN_059_SUSPENSION_FAULT,TRAIN001,0.004407401956958181,0.9656056954263057,1.6950056445064243,29.843504416377247,28.107629805443768,25.973769133587858,140.4341150464291,5.026226246072069,0.278304759798241,1.3988226881047017,1.0994194888082882,ZONE_01,SUSPENSION_FAULT,REAR_BOGIE,3
9.450000000000001,RUN_059_SUSPENSION_FAULT,TRAIN001,-0.09355597617352723,1.1931369875648585,2.0386491887000147,29.97132131772756,28.08940732000242,26.009802869349127,137.8508660646036,5.010095806853626,0.23210966440828884,1.1628916563821703,1.5706119262187552,ZONE_01,SUSPENSION_FAULT,REAR_BOGIE,3
9.46,RUN_059_SUSPENSION_FAULT,TRAIN001,-0.15086047367985778,0.7604052063052714,1.1011151364312246,29.867617100188777,27.957099460598872,25.996398683589838,140.8746181796356,4.9776924659133215,0.2525320570623144,1.2570269178406754,1.6201777021430401,ZONE_01,SUSPENSION_FAULT,REAR_BOGIE,3
9.47,RUN_059_SUSPENSION_FAULT,TRAIN001,-0.12159023509982597,0.9976135770049492,2.6488069006300545,30.10112021541752,27.99153426399133,25.983070064925325,139.89114205694992,5.002224965612647,0.21173178093129713,1.0591300005881623,1.8014462986980517,ZONE_01,SUSPENSION_FAULT,REAR_BOGIE,3
9.48,RUN_059_SUSPENSION_FAULT,TRAIN001,0.012434389078605251,1.2172864888016939,2.9398081636861484,30.103346665080714,27.977644954283758,26.015593891269575,140.28791363002108,4.996276292533206,0.24252663661977106,1.2117300848511776,1.4575697814221766,ZONE_01,SUSPENSION_FAULT,REAR_BOGIE,3
9.49,RUN_059_SUSPENSION_FAULT,TRAIN001,-0.19256995037822694,0.5697044246103371,2.3179530088838054,30.03655147280124,28.23414651703776,26.007132428755657,140.11134483908322,5.000405853529931,0.2850626579445466,1.4254289834087113,1.5790221944730374,ZONE_01,SUSPENSION_FAULT,REAR_BOGIE,3
9.5,RUN_059_SUSPENSION_FAULT,TRAIN001,-0.0022392256840555306,1.5714036770188287,2.1344783392779414,30.046138643338526,28.029831196593385,26.065052534169386,139.37222559798215,5.00019721128672,0.23556816249329446,1.1778872691669078,2.0741301972065362,ZONE_01,SUSPENSION_FAULT,REAR_BOGIE,3
9.51,RUN_059_SUSPENSION_FAULT,TRAIN001,0.07222612490959787,0.5026565167270874,1.2855614552103747,30.002202180068277,28.039743637920054,26.095454367886944,140.08559863039903,4.96602134515796,0.2267761763347113,1.1261753322514816,1.8436408823391952,ZONE_01,SUSPENSION_FAULT,REAR_BOGIE,3
9.52,RUN_059_SUSPENSION_FAULT,TRAIN001,-0.07456663467925714,0.8748678707069568,2.050303786144224,29.822669898484783,28.034799744709918,25.935395498237444,140.62208647805306,4.992426851670613,0.23578489677272216,1.1771388498665218,1.475900701382177,ZONE_01,SUSPENSION_FAULT,REAR_BOGIE,3
9.53,RUN_059_SUSPENSION_FAULT,TRAIN001,-0.04276717122368797,0.9172642100922749,3.014432297360093,29.883783352427,28.04451890040452,25.951713002146295,140.29739275714172,4.9830270347447145,0.22175099748727145,1.104991215460681,1.6951970205742888,ZONE_01,SUSPENSION_FAULT,REAR_BOGIE,3
9.540000000000001,RUN_059_SUSPENSION_FAULT,TRAIN001,-0.16224462614393423,-0.05408971229809312,1.4203417158526315,29.950983620974384,27.99125334606058,26.012713458767927,140.01480414954023,4.973037954139556,0.20677066380770165,1.0282783589183306,1.494200506514774,ZONE_01,SUSPENSION_FAULT,REAR_BOGIE,3
9.55,RUN_059_SUSPENSION_FAULT,TRAIN001,-0.11188567591353758,0.6421385841212238,4.029413019428573,30.009509800649404,28.068510618255512,25.956480660465918,140.28063929601367,5.013507483782892,0.25754174527811463,1.291187467338335,1.3742230623180425,ZONE_01,SUSPENSION_FAULT,REAR_BOGIE,3
9.56,RUN_059_SUSPENSION_FAULT,TRAIN001,-0.07068824334296313,-0.4200627174643891,2.696157686642846,29.921004530349986,28.15225793367418,25.983286514051994,139.77771456350143,5.011754846517976,0.21795963622037054,1.0923602631727372,1.5268838971737746,ZONE_01,SUSPENSION_FAULT,REAR_BOGIE,3
9.57,RUN_059_SUSPENSION_FAULT,TRAIN001,0.020961931683584012,-0.5674629894805122,0.8450451318238874,29.95422378216077,28.044326687405253,25.930507074918875,138.81802353840285,4.981417925037096,0.24167253907032754,1.2038719181141575,0.6593518263238427,ZONE_01,SUSPENSION_FAULT,REAR_BOGIE,3
9.58,RUN_059_SUSPENSION_FAULT,TRAIN001,-0.052269150663397025,0.30490855020881436,1.050116123435635,29.731194346349834,28.054785035917213,25.970242431299837,140.1846481794707,5.00491466068884,0.23048770993588563,1.1535713185667107,0.8668840095704867,ZONE_01,SUSPENSION_FAULT,REAR_BOGIE,3
9.59,RUN_059_SUSPENSION_FAULT,TRAIN001,-0.12723945901323572,0.45937986804726133,0.9371212860215414,30.116496904948207,28.09832013235486,26.013053662282296,140.6991591135886,5.015813366691808,0.19139357554724604,0.959994454528815,0.8983242432671588,ZONE_01,SUSPENSION_FAULT,REAR_BOGIE,3
9.6,RUN_059_SUSPENSION_FAULT,TRAIN001,-0.06840932639383125,-1.397642059254397,0.3524252389546464,29.9395699405274,28.148690640411644,25.956828516504544,139.38395105743624,5.018318573998218,0.2494667574223126,1.251903662367499,0.48985749013190955,ZONE_01,SUSPENSION_FAULT,REAR_BOGIE,3
9.61,RUN_059_SUSPENSION_FAULT,TRAIN001,-0.13616569935764558,-1.167341789077606,-0.2980668568884629,29.89639086410255,27.96401205949752,26.060439519076905,139.25604599826863,4.969709768901572,0.20740983390421733,1.0307666777200413,0.43697664868522734,ZONE_01,SUSPENSION_FAULT,REAR_BOGIE,3
9.620000000000001,RUN_059_SUSPENSION_FAULT,TRAIN001,0.16148454094330722,-1.6854186813606198,-0.14764560497623747,29.931436140876034,27.99398877570905,25.975960096539747,140.2849846977728,4.97685550995416,0.20578228364781054,1.0241486922235559,0.753383137144965,ZONE_01,SUSPENSION_FAULT,REAR_BOGIE,3
9.63,RUN_059_SUSPENSION_FAULT,TRAIN001,-0.07693277395293228,-0.936201834116779,-1.8989313385520592,30.041311039869306,28.069191603832092,26.034718805843642,140.49384700104847,4.9832714380401075,0.2248237621543441,1.1203578325364654,0.6775940557567122,ZONE_01,SUSPENSION_FAULT,REAR_BOGIE,3
9.64,RUN_059_SUSPENSION_FAULT,TRAIN001,0.14147084033560017,-0.6911480460063111,-0.07906006671655441,30.07065859206618,28.115157451488006,25.93756133971095,139.87685940323007,5.000620797099289,0.242840299151045,1.2143522503085284,0.3895669132302578,ZONE_01,SUSPENSION_FAULT,REAR_BOGIE,3
9.65,RUN_059_SUSPENSION_FAULT,TRAIN001,-0.17337455995050335,-0.977094530697241,0.10397194004800414,29.837461743453773,28.027935469957175,25.946872425732057,139.67881903005363,5.019017724184021,0.21982210775908415,1.1032910550103332,0.8521484598179947,ZONE_01,SUSPENSION_FAULT,REAR_BOGIE,3
9.66,RUN_059_SUSPENSION_FAULT,TRAIN001,-0.11083092699359803,0.15231692218879567,-0.03663183470457465,30.140169060739062,28.139696922341724,25.97498491943166,140.1641207974335,4.986432827479959,0.21743515108971784,1.0842257752418338,0.8260637049161916,ZONE_01,SUSPENSION_FAULT,REAR_BOGIE,3
9.67,RUN_059_SUSPENSION_FAULT,TRAIN001,0.13274640350014652,-1.317611549911384,0.3845118907803966,30.209408615927313,28.08366058543879,26.01882766135713,140.23452474258698,5.024921676506552,0.2168035043939411,1.089420628771698,0.4110904806183189,ZONE_01,SUSPENSION_FAULT,REAR_BOGIE,3
9.68,RUN_059_SUSPENSION_FAULT,TRAIN001,-0.04012674531198368,-1.3095406547821067,0.5069119328022396,30.06195020002154,28.152991866190284,25.938341336961646,139.54523723636257,4.971857786378505,0.23972352639501934,1.1918712812851902,0.4422840749207383,ZONE_01,SUSPENSION_FAULT,REAR_BOGIE,3
9.69,RUN_059_SUSPENSION_FAULT,TRAIN001,0.20451710609410267,-0.49167304136140744,0.5049585982735589,29.991698658218336,28.095328943908495,25.98821220703697,139.20899491033146,5.006584341222654,0.2563148027012216,1.28326167762751,0.8699858751707068,ZONE_01,SUSPENSION_FAULT,REAR_BOGIE,3
9.700000000000001,RUN_059_SUSPENSION_FAULT,TRAIN001,0.07141015756237734,0.12756390881051,-0.36116937922761083,30.092299707306353,28.00722261316486,26.00628908310371,141.433566307031,4.989385275458047,0.20625547679953682,1.0290880389261878,0.9796593382771723,ZONE_01,SUSPENSION_FAULT,REAR_BOGIE,3
9.71,RUN_059_SUSPENSION_FAULT,TRAIN001,0.12980886148588988,-0.7767004638055093,1.606188815081505,30.04429895234413,28.163699640279116,25.91163652840167,139.54269961709656,5.009247661234794,0.21570438435342387,1.0805166828404797,0.9175555125301762,ZONE_01,SUSPENSION_FAULT,REAR_BOGIE,3
9.72,RUN_059_SUSPENSION_FAULT,TRAIN001,-0.16781091423520658,-0.464521391982299,1.2410631771672023,30.115461935194507,27.894987656061268,25.9882462293532,140.9882477525864,5.028403612016949,0.21627408893590083,1.0875134099909587,0.9824033891983392,ZONE_01,SUSPENSION_FAULT,REAR_BOGIE,3
9.73,RUN_059_SUSPENSION_FAULT,TRAIN001,0.00890921327121144,0.45373741460926326,1.7075760243303373,30.032830922233433,28.12416309542198,26.035676601394357,139.92672645403536,5.016455820940328,0.23622084780424296,1.1849914469950538,1.1677460243259201,ZONE_01,SUSPENSION_FAULT,REAR_BOGIE,3
9.74,RUN_059_SUSPENSION_FAULT,TRAIN001,-0.04506911257832341,0.7543750582735538,0.9829887241609986,29.966165620974202,28.041035305301225,25.949383618524855,139.8244795626954,5.0210168536906465,0.20095530938296205,1.0089999952504705,1.5017910708595383,ZONE_01,SUSPENSION_FAULT,REAR_BOGIE,3
9.75,RUN_059_SUSPENSION_FAULT,TRAIN001,0.15231186386390533,0.5903579872905118,1.839081143047465,30.095915471259666,28.17573678658736,25.91858086362978,141.7937209519271,5.016474010313569,0.2701129995790465,1.3550148422361268,1.2937688078300131,ZONE_01,SUSPENSION_FAULT,REAR_BOGIE,3
9.76,RUN_059_SUSPENSION_FAULT,TRAIN001,-0.05532171313407855,0.9212873272550621,2.4277091174731114,29.92693054209969,28.12053535968771,25.903462059884824,139.71208231645966,4.9706776390138545,0.2062064658444221,1.024985868792943,1.0833009723105431,ZONE_01,SUSPENSION_FAULT,REAR_BOGIE,3
9.77,RUN_059_SUSPENSION_FAULT,TRAIN001,-0.008821924400497576,1.2818996914191094,2.4877667326152357,30.054317902941612,28.22703161200428,26.068952892188843,139.81571795545744,5.000517011902989,0.22734078540599126,1.136821464922046,1.9780156042528652,ZONE_01,SUSPENSION_FAULT,REAR_BOGIE,3
9.78,RUN_059_SUSPENSION_FAULT,TRAIN001,-0.09238534534122211,-0.03386258171977796,2.0480817960525255,30.040017054360003,28.211214778586378,25.956963216450237,138.43354356118073,4.994022668967562,0.25217222808393847,1.2593538235352473,1.2986471988576707,ZONE_01,SUSPENSION_FAULT,REAR_BOGIE,3
9.790000000000001,RUN_059_SUSPENSION_FAULT,TRAIN001,-0.17842078307615225,1.9172488170997624,3.0345017358886306,30.24360488410775,28.004215274753758,26.028207869997793,139.97646732035452,5.000015074476577,0.24056601707384975,1.2028337117760384,1.9595732815000853,ZONE_01,SUSPENSION_FAULT,REAR_BOGIE,3
9.8,RUN_059_SUSPENSION_FAULT,TRAIN001,0.04881962232627604,1.4591952494731706,2.6822581120378204,30.186665809697068,28.105726779520268,26.047218159616914,139.4695212085595,4.963410190483628,0.2308950019814333,1.1460266057663835,1.6386514222336352,ZONE_01,SUSPENSION_FAULT,REAR_BOGIE,3
9.81,RUN_059_SUSPENSION_FAULT,TRAIN001,-0.04899031127726877,0.9918400822625536,2.740523918330093,30.044793233887724,28.19319516702308,25.996909292615523,139.06762535841605,4.991726529056758,0.241458389974707,1.2052942509000775,2.1050633437457416,ZONE_01,SUSPENSION_FAULT,REAR_BOGIE,3
9.82,RUN_059_SUSPENSION_FAULT,TRAIN001,0.02174293427138832,1.0303343858911154,2.901844438218761,30.21470633604006,27.96261659244984,26.008025191227038,140.55608501431433,4.991334712227751,0.23717236982995768,1.1838066823135855,1.3803174290685758,ZONE_01,SUSPENSION_FAULT,REAR_BOGIE,3
9.83,RUN_059_SUSPENSION_FAULT,TRAIN001,-0.11290773346663707,0.2988573626957949,1.3899818290751123,30.19215084005405,27.962089902074705,26.035938018759452,139.92737418456844,5.018680960228234,0.2182464914373451,1.095309511213218,1.756101098593386,ZONE_01,SUSPENSION_FAULT,REAR_BOGIE,3
9.84,RUN_059_SUSPENSION_FAULT,TRAIN001,-0.020678078214552285,0.25915033533593146,0.5392229775744439,30.03193226896945,28.09146683407609,26.00411641712978,140.56881234897668,5.007586817025646,0.22456340165775868,1.1245207297278275,0.8241994274014363,ZONE_01,SUSPENSION_FAULT,REAR_BOGIE,3
9.85,RUN_059_SUSPENSION_FAULT,TRAIN001,-0.10099417805864615,-0.14892826409385557,1.9888093366197042,29.916721880574833,28.14764240801196,25.833137066531755,140.7042446031199,5.03370149686491,0.24304241558414383,1.2234029711275682,1.4160924388672234,ZONE_01,SUSPENSION_FAULT,REAR_BOGIE,3
9.86,RUN_059_SUSPENSION_FAULT,TRAIN001,-0.06777458222904753,-0.15351127210483934,1.522693006882796,30.18597691773814,28.040820675016175,26.09195549131702,140.02864951180948,5.017586449228953,0.23983831059230296,1.2034094572339042,1.2873047142226843,ZONE_01,SUSPENSION_FAULT,REAR_BOGIE,3
9.870000000000001,RUN_059_SUSPENSION_FAULT,TRAIN001,0.0008687600991727769,-0.4533672033258524,0.6873575861021844,30.037438727184302,28.007219960167962,26.101612533691064,140.19557033458318,5.005818652723563,0.2169821419483919,1.086173253473172,0.7480578986498787,ZONE_01,SUSPENSION_FAULT,REAR_BOGIE,3
9.88,RUN_059_SUSPENSION_FAULT,TRAIN001,-0.07028346878775464,-0.48534974426833033,0.3648165932577989,30.149084972394398,27.979790132511166,26.008633068950232,139.60208930371311,5.006254272009516,0.2130082613322429,1.0663735182678604,0.870774420934018,ZONE_01,SUSPENSION_FAULT,REAR_BOGIE,3
9.89,RUN_059_SUSPENSION_FAULT,TRAIN001,0.039998582073884834,-0.12562975161949486,-0.8133179745239707,30.191155620693465,28.171017551983105,26.02410071377007,141.879254058097,4.999633416742312,0.25273972177536036,1.2636059587262463,0.48240909112101,ZONE_01,SUSPENSION_FAULT,REAR_BOGIE,3
9.9,RUN_059_SUSPENSION_FAULT,TRAIN001,-0.13301059331012693,-0.4992063056587979,0.14083385159071543,30.170661487330115,27.837861497017613,26.026649930232217,140.81066927157147,5.010846016208946,0.2431114406530804,1.2181939938913056,0.6745364408648,ZONE_01,SUSPENSION_FAULT,REAR_BOGIE,3
9.91,RUN_059_SUSPENSION_FAULT,TRAIN001,-0.058071942052778894,-0.5665191198118635,-0.20298952421466696,30.093705990766527,28.110241952199928,26.091455285647747,140.80676653082153,5.001149492022587,0.22813527874188624,1.1409386333924156,0.34325716808713147,ZONE_01,SUSPENSION_FAULT,REAR_BOGIE,3
9.92,RUN_059_SUSPENSION_FAULT,TRAIN001,0.11628854566740084,-1.0510348359674506,-0.6491649343819933,30.01784995318592,28.28309313750302,25.991325949553133,138.65236472609783,5.0124529626216745,0.22723919533780199,1.139025777894731,-0.1641065909850813,ZONE_01,SUSPENSION_FAULT,REAR_BOGIE,3
9.93,RUN_059_SUSPENSION_FAULT,TRAIN001,-0.09025674634360148,-1.7170348646406632,-0.7224548165109279,30.161473203463256,28.16983729589995,25.98648757405967,140.51034166222155,5.0348828614335766,0.19445316126895623,0.979048889024647,0.776994433395227,ZONE_01,SUSPENSION_FAULT,REAR_BOGIE,3
9.94,RUN_059_SUSPENSION_FAULT,TRAIN001,-0.19673025098038327,-0.20251213613880492,-0.5342647066060953,29.956328187554725,28.17875404121965,25.98542173692979,139.97668972522104,5.034088714266417,0.2428809928359637,1.2226844649453474,0.6058638904081007,ZONE_01,SUSPENSION_FAULT,REAR_BOGIE,3
9.950000000000001,RUN_059_SUSPENSION_FAULT,TRAIN001,0.10971851630689476,-0.988202043378612,0.08010162442743063,30.13343525103347,27.954741941585837,26.01781167066659,140.1439687434738,4.989410035392179,0.25605700277742005,1.2775733792901027,1.0766507020591245,ZONE_01,SUSPENSION_FAULT,REAR_BOGIE,3
9.96,RUN_059_SUSPENSION_FAULT,TRAIN001,-0.030966333265023557,-0.4099681749470017,-0.09938161488587477,30.154162747808307,28.251568075524595,26.012759291102718,139.0853465770742,5.011970446813806,0.20247190372248933,1.0147831977672468,1.0762965302779612,ZONE_01,SUSPENSION_FAULT,REAR_BOGIE,3
9.97,RUN_059_SUSPENSION_FAULT,TRAIN001,-0.1210730312606842,-0.5052648952069709,-0.4952821903447554,30.16590078323047,28.345580378974848,25.979713024687857,141.2203089323316,4.986644615476159,0.21424960772369767,1.0683866527232562,0.9329257282850597,ZONE_01,SUSPENSION_FAULT,REAR_BOGIE,3
9.98,RUN_059_SUSPENSION_FAULT,TRAIN001,-0.13465393364012546,-0.4537376092427001,-0.513283479638636,30.11494030026969,28.166714393298847,26.042200677283937,140.81667917377814,4.974007921083066,0.23085336344231264,1.148266458370731,0.5342163477759694,ZONE_01,SUSPENSION_FAULT,REAR_BOGIE,3
9.99,RUN_059_SUSPENSION_FAULT,TRAIN001,0.03936139350580362,-0.148350958496926,0.05120143371704211,30.036081351105697,28.15206537994726,25.995570152126227,139.04145107962324,5.002295484130024,0.2164338170978409,1.082665905881553,1.22297102651508,ZONE_01,SUSPENSION_FAULT,REAR_BOGIE,3
10.0,RUN_059_SUSPENSION_FAULT,TRAIN001,-0.13315607658029663,0.24246522356082237,1.3604640144310505,30.14103071176861,28.12094979291096,26.034846805714594,139.82379541095722,5.020283063451183,0.2260154136169415,1.1346613530600453,0.9889780505077583,ZONE_01,SUSPENSION_FAULT,REAR_BOGIE,3
10.01,RUN_059_SUSPENSION_FAULT,TRAIN001,-0.19007507947513266,0.19167715360858825,0.503128402350184,30.163468858056163,28.08302279437846,25.951007184467425,138.96530632252984,4.985732526349302,0.24275469796839863,1.210309993585146,1.3249594437363519,ZONE_01,SUSPENSION_FAULT,REAR_BOGIE,3
10.02,RUN_059_SUSPENSION_FAULT,TRAIN001,0.045575172746477606,-0.13571434639448904,1.2769599961499518,30.083837800151873,28.29298687605612,26.031358446655936,139.2506595360787,4.999289761722938,0.2421378501221099,1.2105172750410673,1.7399700024867943,ZONE_01,SUSPENSION_FAULT,REAR_BOGIE,3
10.03,RUN_059_SUSPENSION_FAULT,TRAIN001,0.005070751537538169,0.30667502563642146,2.7927881270334103,30.044690059318466,28.22446570311089,25.946367185792184,141.40977724681105,4.987723192479395,0.1915466183700728,0.9553815108854119,1.2227104199783776,ZONE_01,SUSPENSION_FAULT,REAR_BOGIE,3
10.040000000000001,RUN_059_SUSPENSION_FAULT,TRAIN001,0.04247602012428556,1.2394008362640134,2.2269195966646196,30.078602846987955,28.171932615444486,25.98327250415962,140.558537702356,4.989708680219021,0.22304551405471443,1.1129321375627221,1.5403220168474743,ZONE_01,SUSPENSION_FAULT,REAR_BOGIE,3
10.05,RUN_059_SUSPENSION_FAULT,TRAIN001,-0.07315107011302029,1.1008662055093295,1.0802064572781838,30.07201268624592,28.203156686827985,25.92364390101379,139.09866037506467,4.98231247910974,0.21958435891205322,1.0940378916248348,1.8641341957800222,ZONE_01,SUSPENSION_FAULT,REAR_BOGIE,3
10.06,RUN_059_SUSPENSION_FAULT,TRAIN001,0.02218655025663034,1.0730509172908518,2.023946785227818,30.417854767813235,28.337742518700814,25.98959553490975,139.558264375815,4.995437591184347,0.23660041476671254,1.1819226060154437,1.369053077591945,ZONE_01,SUSPENSION_FAULT,REAR_BOGIE,3
10.07,RUN_059_SUSPENSION_FAULT,TRAIN001,-0.11608707213506614,1.7812391828263008,2.239506083614238,30.0349854088526,28.098965225423242,26.115469816200594,140.61357568535408,5.008200236422399,0.2708488377499476,1.3564652132540198,2.1039669015455553,ZONE_01,SUSPENSION_FAULT,REAR_BOGIE,3
10.08,RUN_059_SUSPENSION_FAULT,TRAIN001,-0.05439882140610761,1.5104357585061234,3.3179527851487816,30.073067749069438,28.166661992435674,26.003044126657052,140.38156210144848,4.99583718081149,0.26205501946472376,1.3091842096601458,1.5202389872493578,ZONE_01,SUSPENSION_FAULT,REAR_BOGIE,3
10.09,RUN_059_SUSPENSION_FAULT,TRAIN001,0.0011153914540537873,0.5733706349152161,1.997040153219985,29.97756778564255,28.034733103942887,26.00180583591791,138.52630665410214,4.968762923427103,0.20494065168452874,1.0183015115930747,1.3266059299217392,ZONE_01,SUSPENSION_FAULT,REAR_BOGIE,3
10.1,RUN_059_SUSPENSION_FAULT,TRAIN001,0.008660950226087134,0.8826658433821128,2.48394277991431,30.328796664621024,28.082684302667268,26.00801676927072,140.24072850158353,5.001683342448352,0.24457111566052578,1.2232672752432612,1.681406022529567,ZONE_01,SUSPENSION_FAULT,REAR_BOGIE,3
10.11,RUN_059_SUSPENSION_FAULT,TRAIN001,0.09708457178914064,0.38348195101406335,2.194233560487006,30.249947754617704,28.374009261126066,26.084540223092592,138.81032026391625,5.008280428611762,0.25707755421460504,1.2875164834083856,1.284998330914883,ZONE_01,SUSPENSION_FAULT,REAR_BOGIE,3
10.120000000000001,RUN_059_SUSPENSION_FAULT,TRAIN001,0.06668552050625008,0.043205766202302154,1.9559064105771917,30.069042999004182,28.15239399102904,25.9653646201806,140.76001736190054,5.010259563302863,0.2504669301116855,1.254904331883182,1.637208134329009,ZONE_01,SUSPENSION_FAULT,REAR_BOGIE,3
10.13,RUN_059_SUSPENSION_FAULT,TRAIN001,-0.10372932023896167,0.44892693250230464,0.838764395077237,30.15704736836621,28.004274423735758,25.997068029143968,139.21560055205188,5.025665672834872,0.2552098728461545,1.2825994973314712,1.386508778850346,ZONE_01,SUSPENSION_FAULT,REAR_BOGIE,3
10.14,RUN_059_SUSPENSION_FAULT,TRAIN001,-0.06671279482387729,-0.6683424690253669,0.6724608491097785,30.102778135137427,28.320942727054597,25.972790927455854,139.76171855635909,5.000684786582442,0.22923905217938448,1.1463522407240267,1.6474787596067824,ZONE_01,SUSPENSION_FAULT,REAR_BOGIE,3
10.15,RUN_059_SUSPENSION_FAULT,TRAIN001,0.06433668890940597,0.36538510449208417,0.18436649343069056,30.239893727054575,28.11124985149522,25.992424284957334,141.4162675556339,5.005131146141408,0.2120176325430307,1.061176056172287,1.0000575689061244,ZONE_01,SUSPENSION_FAULT,REAR_BOGIE,3
10.16,RUN_059_SUSPENSION_FAULT,TRAIN001,0.12317571338621328,0.3605407796101551,0.562481861951805,30.292143484877446,28.22937234668949,25.99792220795469,141.22865487798052,4.993581253287937,0.24658788529593645,1.2313566413017043,0.9418514290826161,ZONE_01,SUSPENSION_FAULT,REAR_BOGIE,3
10.17,RUN_059_SUSPENSION_FAULT,TRAIN001,0.04659004889412927,-0.8173218270212018,-0.015742157966266906,30.268594767264812,28.267452042810948,25.958745975572874,139.51794259174633,4.9971921812740545,0.23532825474017002,1.1759805146204465,0.8593991380176896,ZONE_01,SUSPENSION_FAULT,REAR_BOGIE,3
10.18,RUN_059_SUSPENSION_FAULT,TRAIN001,-0.04318657307900323,-1.008452355349891,1.3409149520429424,30.1546060581897,28.250268184098974,26.015921266999893,141.4910461405792,5.036700754335848,0.22794882968328628,1.1481100424157817,0.2052450930377161,ZONE_01,SUSPENSION_FAULT,REAR_BOGIE,3
10.19,RUN_059_SUSPENSION_FAULT,TRAIN001,0.022792845602567533,-0.8717378968423446,-0.5150534816483936,30.162880675270742,28.085926395023876,26.021824099928956,140.15433078128652,4.9820117998107,0.22883501132668826,1.1400587266393762,0.14608882270724866,ZONE_01,SUSPENSION_FAULT,REAR_BOGIE,3
10.200000000000001,RUN_059_SUSPENSION_FAULT,TRAIN001,0.11613181279620927,-1.4395117959812231,0.09216132084472639,30.444211119878265,28.182346639909678,25.993983035388677,140.55594256618724,4.977593288729521,0.2414919305740712,1.2020486129078323,0.5420458096132617,ZONE_01,SUSPENSION_FAULT,REAR_BOGIE,3
10.21,RUN_059_SUSPENSION_FAULT,TRAIN001,0.13685894329966292,-0.6048143824758838,-0.7349844659983144,30.103626899588107,28.075175953892877,25.93647956125075,140.34764121836403,4.983432930227253,0.21819349216155157,1.0873526339991582,0.4234083671838086,ZONE_01,SUSPENSION_FAULT,REAR_BOGIE,3
10.22,RUN_059_SUSPENSION_FAULT,TRAIN001,-0.05654063297116544,-1.2927371114712156,-0.5016522955859735,30.26315181231682,28.22145350310175,26.019545092597845,139.6472388211324,4.979232133452611,0.24405518402016488,1.2152074146088951,0.1959370608165072,ZONE_01,SUSPENSION_FAULT,REAR_BOGIE,3
10.23,RUN_059_SUSPENSION_FAULT,TRAIN001,-0.096743932471248,-0.7412382741387074,-0.9438689919025417,30.035343621805563,28.038501258099746,26.029016969253536,139.48153846040728,5.034481966970098,0.21449332087310685,1.0798627559711873,0.5610610496080676,ZONE_01,SUSPENSION_FAULT,REAR_BOGIE,3
10.24,RUN_059_SUSPENSION_FAULT,TRAIN001,0.006265280507226523,-0.7404581525398273,-0.516268791962917,30.18365866731384,28.026619256806445,25.97657523984601,140.71926025395894,5.037701820980726,0.2420033028744007,1.2191404795737186,0.1449474997040734,ZONE_01,SUSPENSION_FAULT,REAR_BOGIE,3
10.25,RUN_059_SUSPENSION_FAULT,TRAIN001,-0.06031998642331641,-0.5069795560881035,0.001611315842410553,30.214480572255322,28.222288816312496,25.988670750000416,139.33906571740246,4.98144059061338,0.1800364485847525,0.8968408727699649,0.8471021080944929,ZONE_01,SUSPENSION_FAULT,REAR_BOGIE,3
10.26,RUN_059_SUSPENSION_FAULT,TRAIN001,0.0009763960431601337,-0.8958860329001348,0.08674423806982828,30.22016757191138,27.996089914684177,25.976693133835383,138.23458059378834,4.99180871331596,0.23043670009233289,1.150295927388684,0.8066620454022669,ZONE_01,SUSPENSION_FAULT,REAR_BOGIE,3
10.27,RUN_059_SUSPENSION_FAULT,TRAIN001,-0.08750138089079015,-1.1450164221399413,-0.7300145573831547,30.315200638680906,28.08864736369602,26.00024228155822,141.3012844414291,5.0086323799151105,0.2568281945088143,1.2863580110919834,0.7363817495169844,ZONE_01,SUSPENSION_FAULT,REAR_BOGIE,3
10.28,RUN_059_SUSPENSION_FAULT,TRAIN001,0.033524440244988324,0.16135624512591515,-0.17253926145239373,30.14492131121706,28.149086119583675,26.04831425115185,139.10950594696186,5.0323192751957375,0.2235847044146751,1.125149617664911,0.9575666014271554,ZONE_01,SUSPENSION_FAULT,REAR_BOGIE,3
10.290000000000001,RUN_059_SUSPENSION_FAULT,TRAIN001,0.052686823761542094,0.1831687486730752,1.8087164260342161,30.356717034713604,28.008248975090144,26.08997401116167,140.4109807302958,5.002099757770824,0.24748233756229704,1.2379313407729233,1.1121905786568973,ZONE_01,SUSPENSION_FAULT,REAR_BOGIE,3
10.3,RUN_059_SUSPENSION_FAULT,TRAIN001,0.1487185573750269,0.36824358427044385,1.5449891690852502,30.254164495955,28.201283925627155,25.986044216637545,139.79951912518808,5.006534016250554,0.215116988623911,1.0769905210189938,1.3067836388522527,ZONE_01,SUSPENSION_FAULT,REAR_BOGIE,3
10.31,RUN_059_SUSPENSION_FAULT,TRAIN001,0.1279701283802631,0.9926424860335816,2.907480272396815,30.048633742283776,28.150928269652713,26.028205528934084,139.07093610121854,4.9704999741853095,0.20255498091052998,1.006799527386895,0.8935663887704373,ZONE_01,SUSPENSION_FAULT,REAR_BOGIE,3
10.32,RUN_059_SUSPENSION_FAULT,TRAIN001,0.023894212871751294,0.16291579170105341,2.1569986854559016,30.220023491926785,28.253131520327905,25.897394043334224,139.54811259849936,5.023492654060056,0.22116115012020587,1.1110014129923276,1.4390940703994213,ZONE_01,SUSPENSION_FAULT,REAR_BOGIE,3
10.33,RUN_059_SUSPENSION_FAULT,TRAIN001,-0.08772244587170448,0.5072697519824391,2.429951964001689,30.235744191593287,28.157385094244674,25.900010991994503,138.52607458452235,5.012695777035487,0.2402018417957622,1.2040587580057633,1.7849263311619197,ZONE_01,SUSPENSION_FAULT,REAR_BOGIE,3
10.34,RUN_059_SUSPENSION_FAULT,TRAIN001,0.08679679430780021,0.37097523576984415,2.9046517586760716,30.159097121022647,28.268261530134293,25.991673762242222,139.8435447264852,5.057651230549993,0.25187450864726907,1.2738934186040354,1.258818179354547,ZONE_01,SUSPENSION_FAULT,REAR_BOGIE,3
10.35,RUN_059_SUSPENSION_FAULT,TRAIN001,-0.06378944050463015,1.7948791068140406,2.342353798087237,30.272542380747968,28.217981110320537,26.001444769134036,139.22052912276337,5.026137739718071,0.2162002723127324,1.0866523480083483,1.9986338042313396,ZONE_01,SUSPENSION_FAULT,REAR_BOGIE,3
10.36,RUN_059_SUSPENSION_FAULT,TRAIN001,-0.14197862579059578,1.0592608331913287,2.6765981103719385,30.244207318401997,28.211541273459538,26.103436065381455,140.00413441798952,5.003299969218541,0.24221611717402322,1.211879891601025,1.9380678681740964,ZONE_01,SUSPENSION_FAULT,REAR_BOGIE,3
10.370000000000001,RUN_059_SUSPENSION_FAULT,TRAIN001,-0.030030832330732567,1.3001648960167818,2.2242296678698468,30.12330245264284,28.2812958577667,26.025060862744343,137.89501976576938,5.027190871544847,0.23853302889878464,1.1991510654419133,2.117010361799928,ZONE_01,SUSPENSION_FAULT,REAR_BOGIE,3
10.38,RUN_059_SUSPENSION_FAULT,TRAIN001,-0.13560969322340088,0.40672011270710307,2.180899531866188,30.243044069661387,28.37015682345215,25.89685363684808,139.32363623168533,4.9659260372486145,0.2303373723310113,1.1438383546099975,1.4321216922781108,ZONE_01,SUSPENSION_FAULT,REAR_BOGIE,3
10.39,RUN_059_SUSPENSION_FAULT,TRAIN001,0.18379346064033028,0.18953287880377834,5.4960048234423615,30.17493505556619,28.341058527236626,25.997172149105783,140.56474263818765,5.043967234167486,0.24103440302840817,1.215769631182411,1.5515723111500954,ZONE_01,SUSPENSION_FAULT,REAR_BOGIE,3
10.4,RUN_059_SUSPENSION_FAULT,TRAIN001,0.10387262608426118,0.6372943198163746,3.310927687320397,30.077719462101896,28.319334124205003,26.040701173372305,140.23085233580485,5.008406544529034,0.2287235389271122,1.14554046925039,1.3700497741286353,ZONE_01,SUSPENSION_FAULT,REAR_BOGIE,3
10.41,RUN_059_SUSPENSION_FAULT,TRAIN001,0.1297153339933968,0.6647896395960926,0.8975057952276148,30.192281154320536,28.304536529466287,26.006796004574817,139.89731168840368,4.98854686817446,0.2305187470058973,1.1499535734317696,1.4025282690515306,ZONE_01,SUSPENSION_FAULT,REAR_BOGIE,3
10.42,RUN_059_SUSPENSION_FAULT,TRAIN001,-0.05093617000719374,0.2539278383223376,1.9954078093680039,30.19809410926343,28.212914596222536,25.95325905692797,140.97908235349337,4.973623759702075,0.2344407619812111,1.1660201440324105,1.2622115636081268,ZONE_01,SUSPENSION_FAULT,REAR_BOGIE,3
10.43,RUN_059_SUSPENSION_FAULT,TRAIN001,-0.02119152271610226,-0.08549732977928673,1.9573014508053395,30.221993200255167,28.3361429834426,26.01029067593907,140.14406927199883,4.985567922740098,0.2470271572768333,1.2315706713650534,1.5120883146507287,ZONE_01,SUSPENSION_FAULT,REAR_BOGIE,3
10.44,RUN_059_SUSPENSION_FAULT,TRAIN001,0.010931232180812944,0.3755503171793171,0.6204669738262615,30.25868821094173,27.999474448503797,25.9959997082628,139.42425541588574,4.9748580350798814,0.23786811764933968,1.1833601163771441,0.7945540855591442,ZONE_01,SUSPENSION_FAULT,REAR_BOGIE,3
10.450000000000001,RUN_059_SUSPENSION_FAULT,TRAIN001,-0.05097235705640804,-0.8894611776028382,0.3765154597836491,30.394610555875673,28.218682191823394,26.011322422651155,138.28173918552315,4.999002438698894,0.20577475125068956,1.0286684833248554,0.8290707270642017,ZONE_01,SUSPENSION_FAULT,REAR_BOGIE,3
10.46,RUN_059_SUSPENSION_FAULT,TRAIN001,-0.007085067070281842,0.18670607724619503,0.5473737790375834,30.333992185178094,28.12434529344244,25.87604234351106,139.0715011405353,4.9813455273570755,0.24409860669569824,1.2159395026977102,0.8600457150446527,ZONE_01,SUSPENSION_FAULT,REAR_BOGIE,3
10.47,RUN_059_SUSPENSION_FAULT,TRAIN001,0.03218989751730349,-1.4699418468820429,4.144929390213383,30.166779808233528,28.090574535788434,26.062917593295168,139.00358741301682,4.978067488274452,0.24215416539584136,1.2054597779072722,1.0656921643908341,ZONE_01,SUSPENSION_FAULT,REAR_BOGIE,3
10.48,RUN_059_SUSPENSION_FAULT,TRAIN001,-0.08113010147844424,-1.4966755347704448,0.30864294516426705,30.326845777913533,28.110183584661907,25.943589682189934,140.67145581341384,4.960311490228219,0.25761621663640244,1.277856679450669,0.5152471027590425,ZONE_01,SUSPENSION_FAULT,REAR_BOGIE,3
10.49,RUN_059_SUSPENSION_FAULT,TRAIN001,-0.015445082808694022,-1.1247094831924094,1.2100318546675655,30.28557099267871,28.1922151486698,26.00050710427032,140.45052244926742,5.01426044665875,0.17700981140913505,0.8875732960193506,0.17854312293319813,ZONE_01,SUSPENSION_FAULT,REAR_BOGIE,3
10.5,RUN_059_SUSPENSION_FAULT,TRAIN001,0.11634427993191963,-1.1771581452222346,-1.0598251530631884,30.28017163506016,28.077290627173703,25.969056728137378,140.08385834629732,5.004225298168592,0.23056941770300668,1.1538213130533872,0.6423279968766673,ZONE_01,SUSPENSION_FAULT,REAR_BOGIE,3
10.51,RUN_059_SUSPENSION_FAULT,TRAIN001,0.0060726548646625285,-0.7143754761436061,-0.6881394888147145,30.294376970491786,28.060223349390395,26.04951185776248,139.80486984841966,5.028166016503807,0.21420565949925652,1.0770616176369474,0.6210786095803077,ZONE_01,SUSPENSION_FAULT,REAR_BOGIE,3
10.52,RUN_059_SUSPENSION_FAULT,TRAIN001,-0.18604453075371166,-1.3432422709462386,-0.34341432384687676,30.31602323719897,28.283177711873076,25.97582466443573,140.88431974915306,5.013236395031176,0.2063034085445429,1.034247756134488,0.7239331965860849,ZONE_01,SUSPENSION_FAULT,REAR_BOGIE,3
10.53,RUN_059_SUSPENSION_FAULT,TRAIN001,-0.10204957437440923,-1.3617844925914886,1.1388142246132942,30.362231175862146,28.284645330739465,26.033123610331923,140.17033703002576,5.005698106268615,0.26500819294764033,1.326551009583671,-0.09445543564633474,ZONE_01,SUSPENSION_FAULT,REAR_BOGIE,3
10.540000000000001,RUN_059_SUSPENSION_FAULT,TRAIN001,-0.07868732935968366,-0.7180560228522519,0.2131362903831379,30.21125939104454,28.206063695416656,26.077589118636517,139.6251752585602,4.9668085054407,0.20545781418476014,1.0204696190021216,0.21467068487639518,ZONE_01,SUSPENSION_FAULT,REAR_BOGIE,3
10.55,RUN_059_SUSPENSION_FAULT,TRAIN001,-0.05505726332594604,-0.21450024986281607,0.5707386510545394,30.44342125779996,28.180720109095333,26.05850681572732,139.1362304028964,4.999531088382459,0.2266414749985014,1.1331011001718636,0.6953833156442248,ZONE_01,SUSPENSION_FAULT,REAR_BOGIE,3
10.56,RUN_059_SUSPENSION_FAULT,TRAIN001,0.010288278800754797,0.3465807819807788,1.401611125258948,30.331378959071618,28.259230724106214,25.989007383152657,141.3046840837054,4.995569226704286,0.2297576201098918,1.1477700966217894,1.048547553435623,ZONE_01,SUSPENSION_FAULT,REAR_BOGIE,3
10.57,RUN_059_SUSPENSION_FAULT,TRAIN001,-0.09842441045783076,-0.47645231998447013,0.7691733398501792,30.404159095878466,28.377578607786003,25.951467297495302,139.0153836395413,4.95631193794231,0.203698822608384,1.0095949062387266,1.0901832395667927,ZONE_01,SUSPENSION_FAULT,REAR_BOGIE,3
10.58,RUN_059_SUSPENSION_FAULT,TRAIN001,0.14684913935083674,0.16345042900558152,1.3895408561204263,30.396008937912487,28.328269161614287,25.94560296983822,140.8265227639292,4.971708356591973,0.23439324313737034,1.1653348456347583,1.0391171776353494,ZONE_01,SUSPENSION_FAULT,REAR_BOGIE,3
10.59,RUN_059_SUSPENSION_FAULT,TRAIN001,-0.02993661088362496,0.8831658569793093,1.3692412650626722,30.393119518273917,28.267673979817854,26.020848896947175,140.09388575648998,4.999422499088086,0.25192249911583775,1.2594670101062175,0.6684334759002959,ZONE_01,SUSPENSION_FAULT,REAR_BOGIE,3
10.6,RUN_059_SUSPENSION_FAULT,TRAIN001,0.04071951561600838,1.2183158457164671,7.330213769220408,30.344683942655724,28.19469035039334,26.022043579220586,141.5528535588555,4.99598712711076,0.22992520482133372,1.148703363485688,1.5028073559480073,ZONE_01,SUSPENSION_FAULT,REAR_BOGIE,3
10.61,RUN_059_SUSPENSION_FAULT,TRAIN001,-0.09569361178471851,0.8543917414840334,1.4184878072412874,30.328222835499286,28.217832586144898,26.045822219982718,140.43907110874412,4.99511595247406,0.22151964759297646,1.1065163254781087,1.7504155708820563,ZONE_01,SUSPENSION_FAULT,REAR_BOGIE,3
10.620000000000001,RUN_059_SUSPENSION_FAULT,TRAIN001,-0.21510182658561638,0.7113793585598001,2.2269887748157053,30.244293041310055,28.121361719855553,26.004805120537288,139.456458736369,5.02642186904206,0.22714796135068885,1.141741480441423,1.8242982944893893,ZONE_01,SUSPENSION_FAULT,REAR_BOGIE,3
10.63,RUN_059_SUSPENSION_FAULT,TRAIN001,0.038983741727309604,0.42914550337022805,4.906467445195748,30.113613896915094,28.407995554132665,25.90807933432086,139.79559798597805,5.009157128566123,0.23426296660388593,1.1734600091229028,1.343832094910332,ZONE_01,SUSPENSION_FAULT,REAR_BOGIE,3
10.64,RUN_059_SUSPENSION_FAULT,TRAIN001,0.07183595308518029,1.6603636311928867,2.517316483920674,30.46546039727844,28.105931174773726,26.07993397437902,139.4517491252576,4.991529628221899,0.20682342862631992,1.032365271798713,1.789295248364665,ZONE_01,SUSPENSION_FAULT,REAR_BOGIE,3
10.65,RUN_059_SUSPENSION_FAULT,TRAIN001,0.09118386821057804,0.23979755222953214,2.297962558342527,30.377117882805752,28.163532219328523,25.976913563661856,139.91530956973125,4.990867199274903,0.2251211045300943,1.1235495364637844,1.6605330392109632,ZONE_01,SUSPENSION_FAULT,REAR_BOGIE,3
10.66,RUN_059_SUSPENSION_FAULT,TRAIN001,-0.018258068148978065,1.243112093359501,2.6348572134425834,30.127610703458984,28.193803918113115,25.96407884416967,140.26791204392944,4.971500478528198,0.2136235523061013,1.0620295925146763,1.3019545462340751,ZONE_01,SUSPENSION_FAULT,REAR_BOGIE,3
10.67,RUN_059_SUSPENSION_FAULT,TRAIN001,0.011036136089430918,0.8837589480022566,2.2283869967137027,30.469451223149637,28.222514952954565,25.92605250357543,141.1229073548532,5.053714764497853,0.20912052411593368,1.0568354802842232,1.3168435416656168,ZONE_01,SUSPENSION_FAULT,REAR_BOGIE,3
10.68,RUN_059_SUSPENSION_FAULT,TRAIN001,-0.09055804812094369,0.5415024977409745,0.09670123316103751,30.32710043588175,28.360020935906523,26.029295101420175,139.61171780265772,5.006321183733871,0.2951922820922215,1.4778273751130329,1.1003843987570012,ZONE_01,SUSPENSION_FAULT,REAR_BOGIE,3
10.69,RUN_059_SUSPENSION_FAULT,TRAIN001,-0.1666376527535487,0.7798580833306538,2.1655662073106567,30.405132284675012,28.266646496444487,25.961264690354916,138.98270698801315,4.987240139747302,0.23034833965271936,1.148802485640187,1.4978484948003996,ZONE_01,SUSPENSION_FAULT,REAR_BOGIE,3
10.700000000000001,RUN_059_SUSPENSION_FAULT,TRAIN001,5.331964130058071e-05,-0.17381225681140322,2.9072071716824786,30.300013744815825,28.12980309274189,25.946669807094192,139.48742197289258,4.983246568211953,0.2026088523717521,1.0096498682708959,0.9050253995188338,ZONE_01,SUSPENSION_FAULT,REAR_BOGIE,3
10.71,RUN_059_SUSPENSION_FAULT,TRAIN001,0.042971002325110697,0.2216996123245422,1.4423942403327663,30.202567899639618,28.11937337684345,26.057317118863107,139.32671917587103,4.993087254637449,0.2313584622722662,1.1551929892241715,1.2564905288347437,ZONE_01,SUSPENSION_FAULT,REAR_BOGIE,3
10.72,RUN_059_SUSPENSION_FAULT,TRAIN001,0.03975545026195278,0.0012517582753519552,0.9084747186802877,30.184552605644672,28.26765952921494,26.06611391160472,142.19580722188866,5.015901407173788,0.2309845906815812,1.1585959334352047,0.8685843541102505,ZONE_01,SUSPENSION_FAULT,REAR_BOGIE,3
10.73,RUN_059_SUSPENSION_FAULT,TRAIN001,0.07832455183679114,0.5144760440449989,0.24670380759217783,30.408409483850587,28.39238692017154,26.03135147820642,140.85734395178608,4.996124342084553,0.24549148772056328,1.2265059975752572,1.1499606307585697,ZONE_01,SUSPENSION_FAULT,REAR_BOGIE,3
10.74,RUN_059_SUSPENSION_FAULT,TRAIN001,0.09089335387314508,-0.3671869148005258,0.6413597412856504,30.373426145615266,28.221410166845647,26.044493250140093,140.1816345652524,4.962322031891371,0.21770728672143402,1.0803336654010638,0.5440617345482722,ZONE_01,SUSPENSION_FAULT,REAR_BOGIE,3
10.75,RUN_059_SUSPENSION_FAULT,TRAIN001,0.07319644663795055,-0.677562764330192,-0.5516077738339216,30.397839470569945,28.224699199586837,25.979615212766515,138.6632494545194,5.015002086013272,0.22312256799166627,1.1189601439148444,0.6436490467710947,ZONE_01,SUSPENSION_FAULT,REAR_BOGIE,3
10.76,RUN_059_SUSPENSION_FAULT,TRAIN001,0.06963052465031064,-0.9577848043012602,1.1047158137208588,30.41737711180813,28.260191856156002,25.93032927138572,139.42529329817629,4.993406486530179,0.22843366592772502,1.1406621491853701,1.1113339668232316,ZONE_01,SUSPENSION_FAULT,REAR_BOGIE,3
10.77,RUN_059_SUSPENSION_FAULT,TRAIN001,0.01924384786092424,-0.6057855201473294,-0.8753305573008829,30.23965750998393,28.228809462890474,26.038390197487654,140.3107557869248,4.994307829762461,0.2262269844687274,1.1298471998357158,0.6737823525062633,ZONE_01,SUSPENSION_FAULT,REAR_BOGIE,3
10.78,RUN_059_SUSPENSION_FAULT,TRAIN001,-0.06238493862567895,-1.0432667202853225,-0.050773885048012335,30.344842644378264,28.377348652243406,26.06879454142022,139.45844464586256,4.985210912455335,0.2421736625885886,1.2072867854459082,0.7881632894828887,ZONE_01,SUSPENSION_FAULT,REAR_BOGIE,3
10.790000000000001,RUN_059_SUSPENSION_FAULT,TRAIN001,-0.2037095345494854,-0.9236697047668775,-0.8058398885093054,30.230469918695576,28.2673315615635,26.018874078534925,139.245362488229,5.00535101542353,0.20071907123137114,1.0046694070028115,0.14155043472555928,ZONE_01,SUSPENSION_FAULT,REAR_BOGIE,3
10.8,RUN_059_SUSPENSION_FAULT,TRAIN001,0.015422898715988105,-0.5387422834879225,-1.394625550462667,30.516251206100552,28.34323296677056,25.95181595310538,138.8554448140606,4.99499194417756,0.2225018027210072,1.1113947121564156,0.6922998697725475,ZONE_01,SUSPENSION_FAULT,REAR_BOGIE,3
10.81,RUN_059_SUSPENSION_FAULT,TRAIN001,0.1328588269123048,-1.2128326525776316,5.176055806659565,30.254026405931466,28.256978832401046,25.995390060046706,140.04716227729455,4.9928180972524,0.20412985675562384,1.0191832429990186,0.43462873741926505,ZONE_01,SUSPENSION_FAULT,REAR_BOGIE,3
10.82,RUN_059_SUSPENSION_FAULT,TRAIN001,0.04417100265425794,-1.1307753188212577,0.19296683020259292,30.161825301273677,28.231161580657005,26.008233849027356,140.46745709964787,4.9938557954945395,0.2140328326976621,1.068849101993333,0.368504982920789,ZONE_01,SUSPENSION_FAULT,REAR_BOGIE,3
10.83,RUN_059_SUSPENSION_FAULT,TRAIN001,0.19210541392349897,-1.18649429826858,0.3814492295849796,30.489435047970737,28.375888187809903,25.89562964862874,139.9967889673916,5.0038130300281525,0.19232353503066324,0.9623510105675086,0.3912362383183555,ZONE_01,SUSPENSION_FAULT,REAR_BOGIE,3
10.84,RUN_059_SUSPENSION_FAULT,TRAIN001,0.06929659300108545,0.20801376909925656,5.35814975764697,30.31870383961259,28.206968866630994,25.954367311918496,138.86871602759112,5.0184827803231356,0.2344798231048774,1.176732954585042,0.8333371586902213,ZONE_01,SUSPENSION_FAULT,REAR_BOGIE,3
10.85,RUN_059_SUSPENSION_FAULT,TRAIN001,-0.19802060890445924,0.36854675171284734,0.3963141443933848,30.34492226279734,28.276960487423917,26.00518946202625,139.48273922811487,4.984803406887948,0.2641604953174272,1.3167881370235188,1.0339679465764546,ZONE_01,SUSPENSION_FAULT,REAR_BOGIE,3
10.86,RUN_059_SUSPENSION_FAULT,TRAIN001,0.11274833109290475,0.2297355822442183,0.32542824646016355,30.481083413526303,28.47069036389231,26.01354181915651,139.75647624918298,4.995925386230987,0.1943012204922397,0.9707144000328448,1.002806198515922,ZONE_01,SUSPENSION_FAULT,REAR_BOGIE,3
10.870000000000001,RUN_059_SUSPENSION_FAULT,TRAIN001,-0.08246453216759765,0.9339622727893053,0.9095582972861493,30.241529936885698,28.36052290473738,25.887972450980595,140.03727111687522,5.022537421980558,0.22664182534160454,1.1383170491641903,1.180802527961223,ZONE_01,SUSPENSION_FAULT,REAR_BOGIE,3
10.88,RUN_059_SUSPENSION_FAULT,TRAIN001,0.0011795844127349077,1.096148768228939,0.6778783708383254,30.373379804141248,28.241307442857543,26.013449564123995,140.32517566233636,5.021375149193393,0.22046114657271906,1.1070181227629337,1.258414792708185,ZONE_01,SUSPENSION_FAULT,REAR_BOGIE,3
10.89,RUN_059_SUSPENSION_FAULT,TRAIN001,-0.029417893963160108,0.5254772993286991,2.841761880283472,30.315158068401647,28.25194300861007,25.990313554272745,140.24996046862924,5.0283748418383505,0.23549331356744807,1.1841486533637058,1.2581865804906487,ZONE_01,SUSPENSION_FAULT,REAR_BOGIE,3
10.9,RUN_059_SUSPENSION_FAULT,TRAIN001,0.00819912028498703,0.8952900898056515,1.982262760654614,30.333306768635662,28.201312278962888,25.97261999537698,140.51005334341488,4.961113503155448,0.19875048761268457,0.986023727854019,1.3917932819009873,ZONE_01,SUSPENSION_FAULT,REAR_BOGIE,3
10.91,RUN_059_SUSPENSION_FAULT,TRAIN001,0.17610927407168409,1.6685792019844943,2.253636487327477,30.41394576311663,28.264028072308808,26.02641344405261,138.64465547265922,5.016273149797868,0.22416351611635524,1.1244654270587544,1.5254140642796608,ZONE_01,SUSPENSION_FAULT,REAR_BOGIE,3
10.92,RUN_059_SUSPENSION_FAULT,TRAIN001,0.13395718612681998,1.24668762080451,1.6883291242002145,30.176432098056118,28.317924170919078,26.005997787461954,140.77248446742203,5.002195669585526,0.2284923259044909,1.142963323172969,1.3210743368075637,ZONE_01,SUSPENSION_FAULT,REAR_BOGIE,3
10.93,RUN_059_SUSPENSION_FAULT,TRAIN001,-0.12096321371901882,1.4341976702780004,3.0763016463854713,30.351049071346935,28.315089486600804,26.038182169673206,139.49387066517045,5.019165291488826,0.24728514527908046,1.2411650182855325,2.1569367501290984,ZONE_01,SUSPENSION_FAULT,REAR_BOGIE,3
10.94,RUN_059_SUSPENSION_FAULT,TRAIN001,0.05920304167805179,0.553462226143025,2.31529926218308,30.36386138306798,28.147704869250983,25.950856899477678,139.38623311302177,5.003626683607003,0.24080100949481173,1.2048783565477432,1.5090487304463385,ZONE_01,SUSPENSION_FAULT,REAR_BOGIE,3
10.950000000000001,RUN_059_SUSPENSION_FAULT,TRAIN001,-0.05312494735119075,1.227834154933642,2.001712012242259,30.299754974611687,28.272080937412976,25.991387615455672,139.54147771837484,5.015046549566014,0.20084048523748263,1.0072243825034013,1.3542067466307117,ZONE_01,SUSPENSION_FAULT,REAR_BOGIE,3
10.96,RUN_059_SUSPENSION_FAULT,TRAIN001,0.14565773518740324,-0.06138283771558528,1.9022845979931617,30.379489827968953,28.34708414333737,25.89857620558743,140.75376721630002,5.007269250073249,0.24618297970384842,1.232704464162487,1.4537122412069998,ZONE_01,SUSPENSION_FAULT,REAR_BOGIE,3
10.97,RUN_059_SUSPENSION_FAULT,TRAIN001,0.17843441891262263,1.1031804039551405,2.5040822105629155,30.43583986204822,28.19574009436437,25.91362956993978,139.40170987869087,5.018844133641341,0.22554132168861127,1.1319567392506014,1.3417564817467582,ZONE_01,SUSPENSION_FAULT,REAR_BOGIE,3
10.98,RUN_059_SUSPENSION_FAULT,TRAIN001,-0.01633863828437039,-0.416163851289748,2.0526426087341823,30.543595220291884,28.154616462087173,25.998618822370062,140.4182112528956,5.009295444739652,0.22854186452688752,1.1448337209068442,1.354764040265636,ZONE_01,SUSPENSION_FAULT,REAR_BOGIE,3
10.99,RUN_059_SUSPENSION_FAULT,TRAIN001,0.12347074477582243,0.040677026931519616,0.9715715814628045,30.403047852019316,28.238051116548554,26.031502786289384,140.7165007969459,4.9894271409319435,0.21209907739396888,1.058252893316093,1.0127490875511334,ZONE_01,SUSPENSION_FAULT,REAR_BOGIE,3
11.0,RUN_059_SUSPENSION_FAULT,TRAIN001,0.13481339966316888,0.30099804050132556,1.475509668956715,30.578877333760346,28.20203047008279,26.009674803943163,139.1387130128206,4.98221403907752,0.26381296205415883,1.3143726432368552,1.0481832496182064,ZONE_01,SUSPENSION_FAULT,REAR_BOGIE,3
11.01,RUN_059_SUSPENSION_FAULT,TRAIN001,0.10537220156175667,-0.3549028877498398,1.1297325059157977,30.488720943963138,28.236895440277937,25.92501711038523,140.6589159339654,4.978541925841439,0.19287465562574768,0.9602345594650142,0.57576321910611,ZONE_01,SUSPENSION_FAULT,REAR_BOGIE,3
11.02,RUN_059_SUSPENSION_FAULT,TRAIN001,0.14322780215161435,-0.3704102845742102,0.5994103102030146,30.33162465931928,28.26265769261478,26.04317452792082,139.27198931012938,5.006926599067948,0.21520925724526133,1.0775369544669555,0.3170594247751847,ZONE_01,SUSPENSION_FAULT,REAR_BOGIE,3
11.03,RUN_059_SUSPENSION_FAULT,TRAIN001,0.02131893775465766,-1.0393039490998028,0.5660273936907814,30.416882506450133,28.281726442545594,26.059375833521134,140.19522405999427,4.989579225522872,0.24009623771751315,1.1979791998415048,0.692388896259316,ZONE_01,SUSPENSION_FAULT,REAR_BOGIE,3
11.040000000000001,RUN_059_SUSPENSION_FAULT,TRAIN001,0.07084279293085062,-0.04162004940511288,-0.7402720959594117,30.52532213234598,28.335955608663344,26.024716526355085,140.231297698427,5.018632774749055,0.23672896165083282,1.1880557256731819,0.44062140181136206,ZONE_01,SUSPENSION_FAULT,REAR_BOGIE,3
11.05,RUN_059_SUSPENSION_FAULT,TRAIN001,0.031582075801954226,-0.47428789845525077,-0.8083259426607776,30.45078980190673,28.337905592513458,26.029637539634056,139.9354918213488,4.988133459669693,0.24380190048897488,1.2161164173601164,0.17331696200146357,ZONE_01,SUSPENSION_FAULT,REAR_BOGIE,3
11.06,RUN_059_SUSPENSION_FAULT,TRAIN001,0.04425149347716656,-1.1568137838619021,-0.556958661123951,30.42215769394307,28.47466289180697,26.053217869320633,140.14056225478416,5.031408457939067,0.2325421309442791,1.17001444446022,-0.025352204398977007,ZONE_01,SUSPENSION_FAULT,REAR_BOGIE,3
11.07,RUN_059_SUSPENSION_FAULT,TRAIN001,0.035160994550865396,-0.29472053608396576,-0.4553329570680709,30.391425285698293,28.318486791733264,26.043414730258878,140.38700716588534,5.018800179573078,0.2420161552582965,1.2146307234699245,0.5983384211599552,ZONE_01,SUSPENSION_FAULT,REAR_BOGIE,3
11.08,RUN_059_SUSPENSION_FAULT,TRAIN001,-0.17452945019616442,-1.276102799251273,-0.7471887425528936,30.53583614352517,28.25173847808584,26.008011736817032,140.14707324118245,5.0050757510484845,0.23349928317768529,1.168681600119836,0.483498333223724,ZONE_01,SUSPENSION_FAULT,REAR_BOGIE,3
11.09,RUN_059_SUSPENSION_FAULT,TRAIN001,0.016479320365579357,-0.9166135006709092,-0.7070163516869519,30.568302514937802,28.098966048342074,26.0076347912314,140.40404925161343,5.021898323749354,0.23533590495343115,1.1818329866036732,0.6233297051308438,ZONE_01,SUSPENSION_FAULT,REAR_BOGIE,3
11.1,RUN_059_SUSPENSION_FAULT,TRAIN001,0.13971504351519068,-1.0717709834210594,-0.2529417624760084,30.414191492493526,28.284436255990627,25.94875647732737,139.1623271974275,5.005550481611797,0.2240400919843939,1.1214439903328342,0.8250107011909371,ZONE_01,SUSPENSION_FAULT,REAR_BOGIE,3
11.11,RUN_059_SUSPENSION_FAULT,TRAIN001,-0.09774070423493042,-0.32496915981396235,-0.015675710505747755,30.315225959575596,28.33299920635152,26.05453971272606,141.14998607115737,4.980337824145944,0.20167872685601984,1.004428191686634,0.25973099960065793,ZONE_01,SUSPENSION_FAULT,REAR_BOGIE,3
11.120000000000001,RUN_059_SUSPENSION_FAULT,TRAIN001,-0.019885241819679485,0.06918035351580898,4.504512651245609,30.3000189892774,28.30712591779336,25.87336556874337,140.59246218210643,5.0341954099742665,0.18378296384818216,0.9251993530359852,1.1687152257703148,ZONE_01,SUSPENSION_FAULT,REAR_BOGIE,3
11.13,RUN_059_SUSPENSION_FAULT,TRAIN001,-0.2696496250198397,-0.6703159626968853,-0.24741030674938824,30.337343841798255,28.341555241047306,25.99567632060886,141.10369925106252,5.01218150324288,0.25813922223684915,1.2938406349570386,1.087059275082992,ZONE_01,SUSPENSION_FAULT,REAR_BOGIE,3
11.14,RUN_059_SUSPENSION_FAULT,TRAIN001,0.05814774844706475,-0.7907487867032117,0.6758937615255579,30.17103971051791,28.143283823969075,26.03283075056838,140.44557891921627,4.9936878056050835,0.18488239469735648,0.923244959871255,1.1525670167009237,ZONE_01,SUSPENSION_FAULT,REAR_BOGIE,3
11.15,RUN_059_SUSPENSION_FAULT,TRAIN001,0.030941866583822437,0.3699867842250748,2.5338250451293254,30.439277069296192,28.320748964902677,25.967608116300823,140.83759922358513,5.029512367329686,0.18413990381681294,0.9261339235655596,0.8273459789836035,ZONE_01,SUSPENSION_FAULT,REAR_BOGIE,3
11.16,RUN_059_SUSPENSION_FAULT,TRAIN001,0.10844231764688049,0.5014234808895632,1.7068935991919487,30.438130492009403,28.282717417636714,25.986044838914903,141.8560320050559,5.0079748992066815,0.23880378657407111,1.1959233689984576,1.0067469871295325,ZONE_01,SUSPENSION_FAULT,REAR_BOGIE,3
11.17,RUN_059_SUSPENSION_FAULT,TRAIN001,0.1707671631109415,0.809784469761415,2.9986365053113566,30.51811648387305,28.380696797508755,25.9990363004415,141.07587290181058,5.020978971748551,0.2273788061091398,1.141664204095282,1.1503720803742763,ZONE_01,SUSPENSION_FAULT,REAR_BOGIE,3
11.18,RUN_059_SUSPENSION_FAULT,TRAIN001,-0.06468558397024059,0.6324609573591587,2.0925421836105524,30.57894362293382,28.35951426400833,26.04054785400729,141.13269531985392,4.986398098088844,0.23797111534870577,1.1866187169748674,1.2706763009440887,ZONE_01,SUSPENSION_FAULT,REAR_BOGIE,3
11.19,RUN_059_SUSPENSION_FAULT,TRAIN001,-0.051845798186439696,1.462171698514175,2.9875173780235147,30.520245844497712,28.237195358633617,26.044622538375435,140.37391807055482,5.014739295032825,0.22828582109883275,1.1447938775631503,1.3719363700751124,ZONE_01,SUSPENSION_FAULT,REAR_BOGIE,3
11.200000000000001,RUN_059_SUSPENSION_FAULT,TRAIN001,0.0710288385412489,0.9751778037508902,2.3621108679956038,30.341807450122836,28.22352716326354,26.03682795514598,140.51993622541949,4.9800992526333845,0.2635839259437888,1.3126741125988362,1.7109295065278027,ZONE_01,SUSPENSION_FAULT,REAR_BOGIE,3
11.21,RUN_059_SUSPENSION_FAULT,TRAIN001,-0.03211914958730133,0.9321302568513072,2.076243158850784,30.413242768655863,28.404649006138992,26.01643622976594,140.46074237041344,5.02875253998879,0.22705687291185297,1.1418128263773923,1.4808528701753438,ZONE_01,SUSPENSION_FAULT,REAR_BOGIE,3
11.22,RUN_059_SUSPENSION_FAULT,TRAIN001,0.08016900586857702,0.4459774549988019,2.606262794420145,30.583498242136805,28.3491579832625,26.013908188673334,139.98733574362618,4.970241022061297,0.22962437529275684,1.1412884897452586,1.7556343388906228,ZONE_01,SUSPENSION_FAULT,REAR_BOGIE,3
11.23,RUN_059_SUSPENSION_FAULT,TRAIN001,-0.15117642428370118,0.9077508784633186,2.0924467608337864,30.45030569619347,28.493771516189014,26.036215143743142,139.37201926473608,5.020306900396072,0.270012125158782,1.355543735125241,1.5707147922142857,ZONE_01,SUSPENSION_FAULT,REAR_BOGIE,3
11.24,RUN_059_SUSPENSION_FAULT,TRAIN001,-0.01375332153677244,0.6354302784128523,3.707287031939242,30.44483953794149,28.186043971936538,25.949030139874612,140.5222027434546,5.00276076907261,0.2321784620013558,1.1615333011239986,2.0090149728573836,ZONE_01,SUSPENSION_FAULT,REAR_BOGIE,3
11.25,RUN_059_SUSPENSION_FAULT,TRAIN001,-0.09490861233511677,0.6297184762514408,2.188450639010812,30.452842002597738,28.275072450597598,26.033915854457877,138.9616086382781,4.999384255658675,0.22749267534453188,1.137323299395123,1.7657670359872943,ZONE_01,SUSPENSION_FAULT,REAR_BOGIE,3
11.26,RUN_059_SUSPENSION_FAULT,TRAIN001,-0.1422931695929075,0.47481892092345246,1.9170077894541182,30.459787083480645,28.36998216345194,25.944419144441337,141.04067948200966,5.008391212384715,0.21663020591813442,1.0849688196574756,1.0967853950412674,ZONE_01,SUSPENSION_FAULT,REAR_BOGIE,3
11.27,RUN_059_SUSPENSION_FAULT,TRAIN001,0.02380956881083897,1.0442000616042524,1.7114748007040625,30.456787194091106,28.349618003174836,25.917603156948193,140.37024512863135,5.013496377031171,0.23409424117541394,1.173630630016799,1.2373153788302913,ZONE_01,SUSPENSION_FAULT,REAR_BOGIE,3
11.28,RUN_059_SUSPENSION_FAULT,TRAIN001,-0.10149735763100345,0.6908838196156508,1.0181583933701561,30.539104164322993,28.31490174272141,26.007715910803725,139.66271519576568,4.980641198418544,0.22956409902682198,1.143376409290824,1.7738580855742958,ZONE_01,SUSPENSION_FAULT,REAR_BOGIE,3
11.290000000000001,RUN_059_SUSPENSION_FAULT,TRAIN001,-0.051718931745980294,-0.11741220276969477,0.7759508036101432,30.445472196517894,28.516907318937474,25.975424549973198,140.43124825791313,5.014565244491094,0.22324233838423962,1.1194632711605281,1.1104141587606475,ZONE_01,SUSPENSION_FAULT,REAR_BOGIE,3
11.3,RUN_059_SUSPENSION_FAULT,TRAIN001,-0.04462334516836373,0.5093485002907074,-0.14752025324414675,30.40966045309412,28.16616756704382,26.024514740462845,138.68340708938766,4.975129003113922,0.23753299104423473,1.1817572729405719,0.7536088106385302,ZONE_01,SUSPENSION_FAULT,REAR_BOGIE,3
11.31,RUN_059_SUSPENSION_FAULT,TRAIN001,-0.28047507929626525,-0.6742926328149299,1.0216142558687824,30.531619576221406,28.375292204900855,26.058698181851142,139.70035288779133,4.98747556044678,0.222716027487899,1.1107907440156897,1.2422705922365258,ZONE_01,SUSPENSION_FAULT,REAR_BOGIE,3
11.32,RUN_059_SUSPENSION_FAULT,TRAIN001,0.06916147606000585,-0.6926476179181984,-0.12408266010317938,30.669288520363818,28.245494519911944,25.93543574076063,139.64397794375014,5.019001888263099,0.22767121029480508,1.1426822343727718,0.45288826229947293,ZONE_01,SUSPENSION_FAULT,REAR_BOGIE,3
11.33,RUN_059_SUSPENSION_FAULT,TRAIN001,0.03291063642842589,-1.3877147942272394,-0.18842861726129032,30.677691089022105,28.193372399674626,25.932252501491327,139.403480016154,4.991181078793031,0.22524492299387494,1.124238197741222,0.2178728885255849,ZONE_01,SUSPENSION_FAULT,REAR_BOGIE,3
11.34,RUN_059_SUSPENSION_FAULT,TRAIN001,0.019760046293048873,-1.2815192708167475,1.0709332680282126,30.254286155539557,28.266200157868763,25.99885692096394,141.31149462981335,5.018328519619228,0.23608974543091876,1.184775902685623,1.0406123254261344,ZONE_01,SUSPENSION_FAULT,REAR_BOGIE,3
11.35,RUN_059_SUSPENSION_FAULT,TRAIN001,-0.03293952782113309,0.4248898256528637,-0.34449160825700365,30.600654209582185,28.347165194429735,26.010962260886117,139.74009096222045,4.9809920001314785,0.20554205119179883,1.0238033126769648,1.011556123851302,ZONE_01,SUSPENSION_FAULT,REAR_BOGIE,3
11.36,RUN_059_SUSPENSION_FAULT,TRAIN001,0.13837280766331744,-1.6952305839608806,0.06461819704447025,30.337091438200154,28.246342539555933,25.970778516178697,140.2477289955227,5.023861699234968,0.2603119093934682,1.3077710314565683,0.4805509214924623,ZONE_01,SUSPENSION_FAULT,REAR_BOGIE,3
11.370000000000001,RUN_059_SUSPENSION_FAULT,TRAIN001,0.03210903430438472,-1.3565837538329448,-0.5278308683233747,30.483707554283956,28.314303113569682,26.067514791402076,139.9204718236324,5.027343087365973,0.22084502973938952,1.1102637336394527,1.046716755263383,ZONE_01,SUSPENSION_FAULT,REAR_BOGIE,3
11.38,RUN_059_SUSPENSION_FAULT,TRAIN001,-0.10586927746493138,-0.8936308815943816,0.2511919705856621,30.553984534583996,28.308289529380385,26.048726828466126,140.68918743702878,4.978912862185865,0.25809392255037555,1.2850271506380673,0.30279050584345096,ZONE_01,SUSPENSION_FAULT,REAR_BOGIE,3
11.39,RUN_059_SUSPENSION_FAULT,TRAIN001,0.03959532656503273,-1.7365039746590982,0.09944783975240576,30.614116253465756,28.366744640081393,25.939029377659118,139.57841709941533,4.977627513326847,0.25189249158973037,1.2538269965374933,0.8963353080867973,ZONE_01,SUSPENSION_FAULT,REAR_BOGIE,3
11.4,RUN_059_SUSPENSION_FAULT,TRAIN001,0.1157182622399956,-0.23834771906553587,0.804767072368285,30.47369839736286,28.31427958181898,26.10029195199823,139.31998153635834,4.997645151086288,0.23856889899873543,1.1922827012810244,0.5448251770752096,ZONE_01,SUSPENSION_FAULT,REAR_BOGIE,3
11.41,RUN_059_SUSPENSION_FAULT,TRAIN001,-0.009710160680939562,-0.038835187534645654,1.1291532308176644,30.326623547906053,28.42686703232376,26.082784341526523,140.474458038511,4.989286144853188,0.23298272607995768,1.1624174872208584,0.6779615388385765,ZONE_01,SUSPENSION_FAULT,REAR_BOGIE,3
11.42,RUN_059_SUSPENSION_FAULT,TRAIN001,-0.004687737265094973,-0.009033308962919123,1.1414619940986066,30.491950719750744,28.361415720353556,26.017658789682855,139.4408667286385,5.03505760420361,0.20107242025794606,1.0124112186153953,1.467173892503793,ZONE_01,SUSPENSION_FAULT,REAR_BOGIE,3
11.43,RUN_059_SUSPENSION_FAULT,TRAIN001,0.04733740933058972,-0.6013534146350892,0.6265769128964762,30.547323666389218,28.302427030205543,25.995991909400715,139.675674607649,4.975811495932851,0.20387212025018062,1.0144292396410535,0.9026744452678337,ZONE_01,SUSPENSION_FAULT,REAR_BOGIE,3
11.44,RUN_059_SUSPENSION_FAULT,TRAIN001,0.07771465030168037,-0.1665137399039308,1.3182656329607558,30.42649074904321,28.27645910079265,26.073864053434406,141.3760055279466,5.010728679038961,0.2397944286811598,1.2015448208664503,1.3341603086717775,ZONE_01,SUSPENSION_FAULT,REAR_BOGIE,3
11.450000000000001,RUN_059_SUSPENSION_FAULT,TRAIN001,0.04729579293704317,0.2153788613069818,1.6812473298091088,30.635537236074065,28.222845612994412,25.999788428241395,140.51094976349478,5.020257521184541,0.17832648918937846,0.8952448985794109,1.6245651616414776,ZONE_01,SUSPENSION_FAULT,REAR_BOGIE,3
11.46,RUN_059_SUSPENSION_FAULT,TRAIN001,-0.03206815595510206,0.9442617738053107,1.5757854540168321,30.439176009792185,28.381054142571095,25.980769374157337,140.61551255316616,4.9818046905211615,0.24490491057501365,1.2200684322342685,2.2085194189288195,ZONE_01,SUSPENSION_FAULT,REAR_BOGIE,3
11.47,RUN_059_SUSPENSION_FAULT,TRAIN001,0.06796029323319765,1.8384680288353286,2.196958130257592,30.44177425081313,28.396470515987033,25.892362057683,141.23473884204728,4.977307110879444,0.20838939855564934,1.0372180352629239,1.7644302978120605,ZONE_01,SUSPENSION_FAULT,REAR_BOGIE,3
11.48,RUN_059_SUSPENSION_FAULT,TRAIN001,-0.019260994977455197,0.6066471639681306,2.4822828157158634,30.448704378422942,28.386573910979127,26.032423230845655,140.5419748173617,4.98200237561428,0.23744163134203458,1.1829347714157463,1.4851137146496471,ZONE_01,SUSPENSION_FAULT,REAR_BOGIE,3
11.49,RUN_059_SUSPENSION_FAULT,TRAIN001,-0.02473985324583359,0.8125986887955003,2.006907779718899,30.49872842247379,28.20890231597905,26.04523850873967,140.67948691304935,4.997610602521299,0.21562860851840246,1.0776278201384828,1.7159579596240164,ZONE_01,SUSPENSION_FAULT,REAR_BOGIE,3
11.5,RUN_059_SUSPENSION_FAULT,TRAIN001,0.1232853297480278,0.6798064215971171,2.9126057130838454,30.543865336988524,28.43318141513857,25.966475360999542,141.04068158413094,5.011077172145935,0.21497200743901984,1.0772413191280585,2.477213424252143,ZONE_01,SUSPENSION_FAULT,REAR_BOGIE,3
11.51,RUN_059_SUSPENSION_FAULT,TRAIN001,-0.030183849600655118,1.2113264357006979,2.4871879759648263,30.50278580571533,28.293883837008504,25.957378842616144,140.13497049349937,5.005705324084,0.20852734797546607,1.0438264559779076,1.7520057751334113,ZONE_01,SUSPENSION_FAULT,REAR_BOGIE,3
11.52,RUN_059_SUSPENSION_FAULT,TRAIN001,-0.08054146124939442,0.37342802239150097,2.35157348836346,30.615777059876656,28.18562305542214,26.073417703207088,139.41926311820845,4.991450223396786,0.2560766529575432,1.2781938666116304,1.212234684588441,ZONE_01,SUSPENSION_FAULT,REAR_BOGIE,3
11.53,RUN_059_SUSPENSION_FAULT,TRAIN001,0.055216974816329305,0.97690849994218,2.172563599077873,30.591789253454728,28.26526172916408,26.035063191005154,139.62123682242657,4.972171905799132,0.23071336956028285,1.147146534419891,1.0710051790680262,ZONE_01,SUSPENSION_FAULT,REAR_BOGIE,3
11.540000000000001,RUN_059_SUSPENSION_FAULT,TRAIN001,-0.09102745902539891,1.3403804681998592,1.7308899951201908,30.422676032226818,28.587597867200927,25.987735215267872,139.1526291405836,5.015472699915613,0.24193026664596196,1.213394647646127,1.5512310275427863,ZONE_01,SUSPENSION_FAULT,REAR_BOGIE,3
11.55,RUN_059_SUSPENSION_FAULT,TRAIN001,0.11517302013776896,0.16691931926156356,1.1073107706641112,30.66176815616896,28.311404633155714,26.007682515608458,140.51409773568173,4.980082232296074,0.24468893407616266,1.218571013032163,1.9689962315742495,ZONE_01,SUSPENSION_FAULT,REAR_BOGIE,3
11.56,RUN_059_SUSPENSION_FAULT,TRAIN001,0.010622283432182309,0.34049751480332136,1.3618302533443147,30.454793260274425,28.479153994476707,25.99203163837631,140.15211197648415,5.017154625354542,0.2564512912813083,1.2866557822301607,1.118161303578065,ZONE_01,SUSPENSION_FAULT,REAR_BOGIE,3
11.57,RUN_059_SUSPENSION_FAULT,TRAIN001,0.10335182422479224,-0.018256889993210672,0.24524399669393393,30.545124401583678,28.227242263583843,25.98193919270612,140.03900382790525,4.999301355489258,0.23426042533421,1.171138461910806,0.7482972634799556,ZONE_01,SUSPENSION_FAULT,REAR_BOGIE,3
11.58,RUN_059_SUSPENSION_FAULT,TRAIN001,0.0021292274953705627,-0.7583449867020137,0.612997479251129,30.603620502735392,28.38614907366268,26.013948783659874,138.68739449687217,5.020563243726165,0.22558116735398134,1.1325445172942394,1.095547174555277,ZONE_01,SUSPENSION_FAULT,REAR_BOGIE,3
11.59,RUN_059_SUSPENSION_FAULT,TRAIN001,-0.1003896848262371,-0.7689703481593558,0.6450539534484901,30.620303263782766,28.32399632219634,26.045603414273582,139.88136439320516,4.979468177054207,0.2002426067072924,0.9971016877893438,1.3349141165694391,ZONE_01,SUSPENSION_FAULT,REAR_BOGIE,3
11.6,RUN_059_SUSPENSION_FAULT,TRAIN001,-0.282301148326885,-0.8534065615434516,-0.5919829934771723,30.66121860431965,28.305182301179183,26.044882169199997,139.61528080571284,5.012536404701695,0.24099955813895818,1.2080190586885506,0.5363124601820326,ZONE_01,SUSPENSION_FAULT,REAR_BOGIE,3
11.61,RUN_059_SUSPENSION_FAULT,TRAIN001,-0.09184484713931985,-1.544212978604861,-0.4688855033359004,30.61882332084058,28.377621895539384,25.970789213860378,141.48205532413763,5.032332642849529,0.2602980316501204,1.3099062815423808,0.6495729960406774,ZONE_01,SUSPENSION_FAULT,REAR_BOGIE,3
11.620000000000001,RUN_059_SUSPENSION_FAULT,TRAIN001,0.11295186875715844,-1.5007708028590785,0.4962252945048785,30.498434889701752,28.14165844890344,26.001629893245997,141.2204824203145,5.014222029350075,0.20585342370021567,1.0321947719347564,0.9938657910318279,ZONE_01,SUSPENSION_FAULT,REAR_BOGIE,3
11.63,RUN_059_SUSPENSION_FAULT,TRAIN001,-0.048964660474077076,-0.6072147326484322,0.8043808147188127,30.646200860544425,28.37039650694962,26.0095552919785,139.79933045197862,4.975307477777645,0.21222889348750518,1.0559040007688598,0.9647294889620576,ZONE_01,SUSPENSION_FAULT,REAR_BOGIE,3
11.64,RUN_059_SUSPENSION_FAULT,TRAIN001,0.08691457104945244,-1.1630353665401778,-0.04037323224901257,30.71140465052391,28.474006759629862,25.990236280315244,139.9757607476979,5.0180922010620215,0.18561745095708831,0.9314454830287772,0.6332423050861385,ZONE_01,SUSPENSION_FAULT,REAR_BOGIE,3
11.65,RUN_059_SUSPENSION_FAULT,TRAIN001,0.10732249160387884,-1.4264628802259862,-0.9646353172602494,30.64670159111683,28.328534220204315,25.955222920915244,140.7092047347448,5.006303842054597,0.22957224030966392,1.1493083886913515,0.610638427180016,ZONE_01,SUSPENSION_FAULT,REAR_BOGIE,3
11.66,RUN_059_SUSPENSION_FAULT,TRAIN001,-0.16773054469622042,-0.7407517601922223,4.621147837156488,30.624740500882755,28.40483760021988,26.06677421219496,139.40032715259113,4.981500625909142,0.20824605685943168,1.0373778625883696,0.15067290386745197,ZONE_01,SUSPENSION_FAULT,REAR_BOGIE,3
11.67,RUN_059_SUSPENSION_FAULT,TRAIN001,-0.04413824001514997,-0.7116865083145503,-0.5367297406961922,30.49316502975377,28.406113605275543,25.984384302435288,139.18292239955917,4.98494913043173,0.27144062659798673,1.3531177155234777,0.5144666746085667,ZONE_01,SUSPENSION_FAULT,REAR_BOGIE,3
11.68,RUN_059_SUSPENSION_FAULT,TRAIN001,-0.015717118816743456,-1.2260285351571798,-0.17173446465036868,30.73559686064166,28.43910920505507,25.96081465962833,140.69939969193618,4.984530877489621,0.2325793028931632,1.1592987167359832,0.9829301500844191,ZONE_01,SUSPENSION_FAULT,REAR_BOGIE,3
11.69,RUN_059_SUSPENSION_FAULT,TRAIN001,0.14245999954547658,-0.6385228195016273,0.995510528088998,30.731737607034265,28.485161988612834,26.035245218360366,139.76748732270997,5.008007781267072,0.20934843153096178,1.0484185741031133,1.2738005798927174,ZONE_01,SUSPENSION_FAULT,REAR_BOGIE,3
11.700000000000001,RUN_059_SUSPENSION_FAULT,TRAIN001,0.15596208764245562,-1.5467395335711207,0.5428286004399095,30.69016177656005,28.380424770716125,25.981450641941358,140.64520626239405,4.949278446718681,0.18842487972302066,0.9325671960387061,0.9619879268896557,ZONE_01,SUSPENSION_FAULT,REAR_BOGIE,3
11.71,RUN_059_SUSPENSION_FAULT,TRAIN001,-0.07499309791971616,-0.1988452899103711,1.5337325185650772,30.64127462325306,28.420540061528076,26.032667223296293,139.19556214657212,5.024695136196151,0.21852328438337373,1.0980128841867463,1.271824212174757,ZONE_01,SUSPENSION_FAULT,REAR_BOGIE,3
11.72,RUN_059_SUSPENSION_FAULT,TRAIN001,0.06411318486551762,0.7409487313047007,1.5436732454251092,30.69200217032011,28.29027508142612,25.98240148237158,138.53834502865817,5.025689126853915,0.2552298720366753,1.282705992743035,1.2355317570882116,ZONE_01,SUSPENSION_FAULT,REAR_BOGIE,3
11.73,RUN_059_SUSPENSION_FAULT,TRAIN001,0.03160658287132619,0.41102020285565316,1.2616498153273616,30.670965323145793,28.438004793400278,25.898833870781452,141.0982915605155,5.014371257163504,0.24743651902906155,1.2407385689919168,1.7669017044273396,ZONE_01,SUSPENSION_FAULT,REAR_BOGIE,3
11.74,RUN_059_SUSPENSION_FAULT,TRAIN001,-0.11254238173202724,0.4043197016962507,1.8314793026844678,30.678806845829058,28.414534195972436,26.0244037339395,141.2936714398083,4.995562464698442,0.2551379128580491,1.274557380795172,1.5147613501207648,ZONE_01,SUSPENSION_FAULT,REAR_BOGIE,3
11.75,RUN_059_SUSPENSION_FAULT,TRAIN001,0.10811063256270921,1.0541710703835294,1.8324537100010905,30.507480243160696,28.398716875774884,26.01848131189594,139.39861113474115,4.955713857909312,0.18944949545780082,0.9388574900141508,1.6951878303281558,ZONE_01,SUSPENSION_FAULT,REAR_BOGIE,3
11.76,RUN_059_SUSPENSION_FAULT,TRAIN001,0.16822513832146457,0.06794078957676453,3.1935534700127293,30.70298172249937,28.460353885813642,26.002523362736927,140.1637017128268,5.006841308719081,0.2529487146165742,1.2664740733296578,1.406232216741164,ZONE_01,SUSPENSION_FAULT,REAR_BOGIE,3
11.77,RUN_059_SUSPENSION_FAULT,TRAIN001,-0.10729352392785792,1.7342960023725482,1.6462208740748427,30.630522428090345,28.36901794642577,26.03244823546187,139.68652811522978,4.998879688430484,0.23724322840660178,1.1859503556994355,1.704682650585383,ZONE_01,SUSPENSION_FAULT,REAR_BOGIE,3
11.78,RUN_059_SUSPENSION_FAULT,TRAIN001,0.06341263425188458,1.3913123798836793,2.5050002204776143,30.625113844331565,28.471662820553174,25.96145718994239,139.7494423551663,4.991496698427335,0.2599147915207128,1.297363823748067,1.80104739947323,ZONE_01,SUSPENSION_FAULT,REAR_BOGIE,3
11.790000000000001,RUN_059_SUSPENSION_FAULT,TRAIN001,-0.07147969480190851,1.535126739345638,2.6887866816390944,30.54513245825369,28.16908167313602,26.03414368618194,140.19087190223516,5.0197559252535395,0.2532461254224423,1.2712337386368058,1.8029756617926564,ZONE_01,SUSPENSION_FAULT,REAR_BOGIE,3
11.8,RUN_059_SUSPENSION_FAULT,TRAIN001,0.10440309170526998,0.15705584282640728,7.298663573284527,30.646582222108982,28.42817179826643,26.052476562190105,139.21248197045009,4.995250428979119,0.20869734442550297,1.0424954992682967,1.6473401547353423,ZONE_01,SUSPENSION_FAULT,REAR_BOGIE,3
11.81,RUN_059_SUSPENSION_FAULT,TRAIN001,0.10788416407149266,0.2868810779411418,1.6240875870928297,30.713896419057026,28.41320438728954,26.08384120913702,138.34613145643914,4.970424491624579,0.23609545672891713,1.1734946404867006,1.6865271319784871,ZONE_01,SUSPENSION_FAULT,REAR_BOGIE,3
11.82,RUN_059_SUSPENSION_FAULT,TRAIN001,-0.03730762153584751,0.5136813121144596,2.675727824685906,30.634858698735908,28.350328006815534,26.020916049180393,141.50239312260697,4.998900604065504,0.21533329694481493,1.076429748172852,1.8328671054749897,ZONE_01,SUSPENSION_FAULT,REAR_BOGIE,3
11.83,RUN_059_SUSPENSION_FAULT,TRAIN001,-0.02065323575682259,-0.20139976335718246,2.285352767304803,30.581272483665785,28.424111092827026,25.887399885653977,140.52309502031707,5.001088572455042,0.20765362629803424,1.0384941775079488,1.2877696923325637,ZONE_01,SUSPENSION_FAULT,REAR_BOGIE,3
11.84,RUN_059_SUSPENSION_FAULT,TRAIN001,0.15870307505104764,0.7252757171250718,1.0696368612916434,30.62699829835475,28.35104609833855,25.963999481532305,139.3832648093209,4.999636212333065,0.2557695612691479,1.2787547605337723,1.295138107057798,ZONE_01,SUSPENSION_FAULT,REAR_BOGIE,3
11.85,RUN_059_SUSPENSION_FAULT,TRAIN001,-0.022329224048338314,-0.047075138823992,1.2255629992611958,30.734934152317837,28.33996857691193,26.00099124503881,139.46838718295365,5.0321226377935435,0.23614239423578806,1.1882974877766768,1.0057943929790558,ZONE_01,SUSPENSION_FAULT,REAR_BOGIE,3
11.86,RUN_059_SUSPENSION_FAULT,TRAIN001,0.10423817332348917,-0.9327662028030292,0.97197557829356,30.901407656098186,28.38160148883685,26.059384119884847,139.95369344575704,5.008542098334782,0.21217658456069402,1.0626953560531258,1.1855924461391936,ZONE_01,SUSPENSION_FAULT,REAR_BOGIE,3
11.870000000000001,RUN_059_SUSPENSION_FAULT,TRAIN001,-0.1778636344863018,-0.14516221536788837,0.35304569539896646,30.63963018643511,28.30466961244375,26.010325746152223,141.25112099841178,4.987919123607637,0.22807116600559552,1.1376005304628019,1.1907526649722207,ZONE_01,SUSPENSION_FAULT,REAR_BOGIE,3
11.88,RUN_059_SUSPENSION_FAULT,TRAIN001,-0.15151833532290793,-0.5099119138003463,0.6196600538299475,30.4654568147092,28.489250591782437,26.021802255895622,139.88327497007614,4.983756726918986,0.2046473972079025,1.019912842481346,1.075600185531972,ZONE_01,SUSPENSION_FAULT,REAR_BOGIE,3
11.89,RUN_059_SUSPENSION_FAULT,TRAIN001,0.10290082952164051,-0.8167068878622664,-0.2620132662200779,30.81396300934115,28.486055111570767,26.052464954359234,140.02338900555011,5.007128994471906,0.2193532430127507,1.0983299831205862,0.5570092504544821,ZONE_01,SUSPENSION_FAULT,REAR_BOGIE,3
11.9,RUN_059_SUSPENSION_FAULT,TRAIN001,0.02006154233944419,-1.3418512721684825,-0.32990261930717174,30.59831487191353,28.418214601831668,26.068970606787207,139.53155794765584,5.017716016030214,0.2183905835865826,1.0958219290125806,0.8546916543646945,ZONE_01,SUSPENSION_FAULT,REAR_BOGIE,3
11.91,RUN_059_SUSPENSION_FAULT,TRAIN001,-0.035209537268586305,-0.9807707975621783,-1.0135847115280416,30.55821656864555,28.412448485850245,25.859131885144894,139.33240718361208,5.0274125432441945,0.2448110824773369,1.2307663067717527,-0.004744405325141421,ZONE_01,SUSPENSION_FAULT,REAR_BOGIE,3
11.92,RUN_059_SUSPENSION_FAULT,TRAIN001,-0.11646614782565844,-1.110046873735814,-0.6355406020702812,30.70822862087641,28.458670305123217,26.039140105306387,140.36179259502293,5.002975195902259,0.1964179311056808,0.9826740373521597,0.4138661119965402,ZONE_01,SUSPENSION_FAULT,REAR_BOGIE,3
11.93,RUN_059_SUSPENSION_FAULT,TRAIN001,0.014945810719956232,-1.5521781962170844,0.04269678368614527,30.762623177745578,28.364840443998308,25.997174008190317,141.49953636407224,4.992089095530774,0.24804921451761577,1.2382837789483636,-0.06336780249396445,ZONE_01,SUSPENSION_FAULT,REAR_BOGIE,3
11.94,RUN_059_SUSPENSION_FAULT,TRAIN001,-0.14146831680119373,-0.64392446747318,-0.18082439924831112,30.65259594013598,28.356640730191437,26.085977613455128,140.65708258106628,5.009172594471475,0.20717045159518685,1.0377525485148893,0.5291358774396858,ZONE_01,SUSPENSION_FAULT,REAR_BOGIE,3
11.950000000000001,RUN_059_SUSPENSION_FAULT,TRAIN001,-0.024597328699675833,-1.0942479815617785,-0.49795669288461347,30.78452405717383,28.50529497623817,25.90819185631966,140.3579626682892,5.022676061213403,0.26506502782008,1.3313357698967805,0.5202843663858394,ZONE_01,SUSPENSION_FAULT,REAR_BOGIE,3
11.96,RUN_059_SUSPENSION_FAULT,TRAIN001,0.05777454654579949,-0.8281757594232195,-0.7712020436087785,30.772572974382616,28.560724792135176,25.945939964133018,139.98981411355004,5.020735325758528,0.21845501833312064,1.0968048276343256,1.2880621285771372,ZONE_01,SUSPENSION_FAULT,REAR_BOGIE,3
11.97,RUN_059_SUSPENSION_FAULT,TRAIN001,-0.037396595312599146,-0.7264919705827191,0.518433454090205,30.629817104197443,28.537465551680075,25.96737679668066,140.25015110854616,4.9428976258741555,0.22237366605852926,1.0991702660176366,1.1097598090379295,ZONE_01,SUSPENSION_FAULT,REAR_BOGIE,3
11.98,RUN_059_SUSPENSION_FAULT,TRAIN001,-0.16810763502875817,-0.6528532557857369,-0.48992703228911416,30.626248442757348,28.434671607487793,26.11724608199068,140.74733336426405,4.995430417193302,0.22613632041144216,1.1296482534154888,0.6790008107067639,ZONE_01,SUSPENSION_FAULT,REAR_BOGIE,3
11.99,RUN_059_SUSPENSION_FAULT,TRAIN001,-0.17850778264945352,-0.6487306739142727,0.45093077740476195,30.819172580648438,28.411151715371563,26.055196034311347,139.83091461926725,4.977853596281696,0.2655608791279912,1.3219231771989997,1.0176465851426504,ZONE_01,SUSPENSION_FAULT,REAR_BOGIE,3
12.0,RUN_059_SUSPENSION_FAULT,TRAIN001,-0.05715175440915574,-0.12205530142928057,1.6098819740651815,30.651846569670806,28.643096355607884,25.885318895120303,141.64318980495761,5.026350667971355,0.24534495607126203,1.2331897838321908,0.5951934051365783,ZONE_01,SUSPENSION_FAULT,REAR_BOGIE,3
12.01,RUN_059_SUSPENSION_FAULT,TRAIN001,-0.23686856767536818,-0.4540020335343243,0.817818460366058,30.61130872110982,28.659873410963424,26.0955009860663,140.0241725234902,4.979895995430209,0.22541780090438338,1.122557204022423,1.4631694178049586,ZONE_01,SUSPENSION_FAULT,REAR_BOGIE,3
12.02,RUN_059_SUSPENSION_FAULT,TRAIN001,0.06690366173587967,0.6230802111049591,2.3610633065215034,30.74902572570602,28.592073391414306,26.028796106612635,139.69600075168378,5.022614695274922,0.2255943310834181,1.1330734024702918,1.4672772027901844,ZONE_01,SUSPENSION_FAULT,REAR_BOGIE,3
12.030000000000001,RUN_059_SUSPENSION_FAULT,TRAIN001,-0.08379797405106315,0.43997666399867585,2.177292857906714,30.73046028683562,28.298937261519487,25.955519269653177,141.26414751354326,5.007710658375592,0.2121271470223754,1.0622713750747554,0.9814194261528866,ZONE_01,SUSPENSION_FAULT,REAR_BOGIE,3
12.040000000000001,RUN_059_SUSPENSION_FAULT,TRAIN001,-0.07598882418565676,0.7723344943579522,2.998682056891557,30.667961207382994,28.460890684763605,26.01139000035986,141.06854654053396,4.983023311256293,0.25419484742802045,1.2666588503350626,1.2847762767578694,ZONE_01,SUSPENSION_FAULT,REAR_BOGIE,3
12.05,RUN_059_SUSPENSION_FAULT,TRAIN001,-0.04950193083023139,1.112825169440443,1.8158159839954156,30.63842945346295,28.4511489958889,25.976161115254,140.5992011973529,4.994844438939144,0.19716957521202733,0.984831356275788,1.8015769874968224,ZONE_01,SUSPENSION_FAULT,REAR_BOGIE,3
12.06,RUN_059_SUSPENSION_FAULT,TRAIN001,-0.09079068478970165,1.0410033691109648,2.8121498249046657,30.7506152130848,28.3792501374504,26.010878695079747,139.53760929543944,5.002851637958943,0.25436337993700975,1.272542251954642,1.5486997567696135,ZONE_01,SUSPENSION_FAULT,REAR_BOGIE,3
12.07,RUN_059_SUSPENSION_FAULT,TRAIN001,0.12026458076987841,0.9632243765290296,2.3091678457238727,30.825896303933753,28.23667780474771,25.996917589802244,140.27816547107165,4.9989288409789046,0.27437342609962023,1.3715732329275856,1.539210018893864,ZONE_01,SUSPENSION_FAULT,REAR_BOGIE,3
12.08,RUN_059_SUSPENSION_FAULT,TRAIN001,-0.0799711365880566,0.3401767664724372,2.9529857217423285,30.73676500478978,28.498654653776377,26.044681731389414,141.21091304953114,5.006929152732254,0.25139687370209896,1.2587263358447878,1.8167591946339128,ZONE_01,SUSPENSION_FAULT,REAR_BOGIE,3
12.09,RUN_059_SUSPENSION_FAULT,TRAIN001,-0.13545605847858502,1.6021458142018248,1.874954641584227,30.538373493479114,28.513358853038277,26.112271214144986,139.83961346892903,4.981394510323625,0.24861303068450732,1.2384395862467237,1.9318150568360781,ZONE_01,SUSPENSION_FAULT,REAR_BOGIE,3
12.1,RUN_059_SUSPENSION_FAULT,TRAIN001,0.0934806668464262,0.3530836916854496,2.187170797640969,30.70017498146475,28.471682659667067,26.157602392647096,139.24460921955665,5.008186752776115,0.2551963380255874,1.2780709194567221,0.8430533866060785,ZONE_01,SUSPENSION_FAULT,REAR_BOGIE,3
12.11,RUN_059_SUSPENSION_FAULT,TRAIN001,-0.08404575132764669,-0.19337182485182147,2.196101972298085,30.60066425945623,28.607212296382563,25.994515143634793,141.46544577215795,4.96895594770401,0.21739238054823443,1.080213162310683,1.6027476413479187,ZONE_01,SUSPENSION_FAULT,REAR_BOGIE,3
12.120000000000001,RUN_059_SUSPENSION_FAULT,TRAIN001,0.13667914885338536,0.5656521083187064,2.743977201213964,30.753659371407103,28.842735983016716,26.002797044750878,139.94514067490155,4.996371458642505,0.24923038943136736,1.2452476043812406,1.3629399766550805,ZONE_01,SUSPENSION_FAULT,REAR_BOGIE,3
12.13,RUN_059_SUSPENSION_FAULT,TRAIN001,0.05983212892886053,-0.0249334402883728,1.782408969625725,30.568346678311798,28.35139307610719,25.92685831408483,139.70172020266637,5.01751932901175,0.18083943106688052,0.9073653408255611,1.7501917504469664,ZONE_01,SUSPENSION_FAULT,REAR_BOGIE,3
12.14,RUN_059_SUSPENSION_FAULT,TRAIN001,-0.05586317478127089,-0.5950498596873516,1.3443047692329615,30.778057535773172,28.451093654674512,26.028350969376742,139.39160583384003,5.03284778859723,0.22124669305448602,1.11350092987372,1.3282601939944445,ZONE_01,SUSPENSION_FAULT,REAR_BOGIE,3
12.15,RUN_059_SUSPENSION_FAULT,TRAIN001,-0.0020244800206285917,-0.5470847335565147,0.5351062396415458,30.775355809606918,28.482637304016862,25.983181152563315,138.8456318654762,4.979446602035152,0.23447132452756775,1.1675374401934786,0.9943481045805945,ZONE_01,SUSPENSION_FAULT,REAR_BOGIE,3
12.16,RUN_059_SUSPENSION_FAULT,TRAIN001,-0.11457363708100243,-1.3034810921360585,0.8271976712133068,30.82611660843716,28.40699137335908,25.99124464874676,139.5732097154396,5.009854351629529,0.2274192715987348,1.1393374274633392,1.0370126251388343,ZONE_01,SUSPENSION_FAULT,REAR_BOGIE,3
12.17,RUN_059_SUSPENSION_FAULT,TRAIN001,-0.12487548258607739,-0.9904455174306165,-0.649538501191773,30.730597863424,28.5579006260347,26.10272971547343,140.45989133211418,5.01926961837602,0.26901298532396245,1.350248704185199,0.6755186339501218,ZONE_01,SUSPENSION_FAULT,REAR_BOGIE,3
12.18,RUN_059_SUSPENSION_FAULT,TRAIN001,0.10062383256843506,-0.8210870114497091,-0.7174264650418287,30.974924897006115,28.432830425132654,25.964594040065215,140.45895700716076,5.0024614475453895,0.20889066258938638,1.0449674863556173,0.8888522248993345,ZONE_01,SUSPENSION_FAULT,REAR_BOGIE,3
12.19,RUN_059_SUSPENSION_FAULT,TRAIN001,-0.04669574266247736,-0.06235075406913515,1.5471207647444134,30.64618653894406,28.504176815622728,26.019871308235093,140.09259578707298,4.985107850735867,0.21477052121095613,1.0706542113953714,0.3705921847897771,ZONE_01,SUSPENSION_FAULT,REAR_BOGIE,3
12.200000000000001,RUN_059_SUSPENSION_FAULT,TRAIN001,-0.02790939648526844,-0.6017173571130932,0.15463589278269263,30.842389515814506,28.548966715300793,25.97540454555255,139.3794519251606,4.980957738301916,0.23413428117020305,1.1662129595964794,0.5557086484459853,ZONE_01,SUSPENSION_FAULT,REAR_BOGIE,3
12.21,RUN_059_SUSPENSION_FAULT,TRAIN001,-0.058779187075704266,-0.4659848288051084,-0.380967970567701,30.74027582347322,28.33888175855751,26.07158495973735,140.88491389796522,4.999385159158028,0.2160312855102198,1.0800236026936236,0.08509084785215237,ZONE_01,SUSPENSION_FAULT,REAR_BOGIE,3
12.22,RUN_059_SUSPENSION_FAULT,TRAIN001,0.0028059915759890528,-1.1020057715929077,-0.009815631758313292,30.763893118921985,28.60141908690985,25.942862071948316,140.28994404426652,5.040346555643934,0.22293756476032195,1.1236825866633353,0.42709044322612155,ZONE_01,SUSPENSION_FAULT,REAR_BOGIE,3
12.23,RUN_059_SUSPENSION_FAULT,TRAIN001,-0.0384745343322987,-0.9515726019424814,-0.7787912548583724,30.66318535184804,28.480161203911123,26.027184172745102,140.63989212133177,5.0149831487871905,0.23042692345538948,1.1555871381556542,0.6430644374374564,ZONE_01,SUSPENSION_FAULT,REAR_BOGIE,3
12.24,RUN_059_SUSPENSION_FAULT,TRAIN001,-0.0027041169178047735,-0.7010936877588972,-0.17603628541160252,30.70207503288962,28.377723349055653,25.935957842479542,140.68161748275918,4.972800346758994,0.2305462952912974,1.1464606971685651,0.30024193311027747,ZONE_01,SUSPENSION_FAULT,REAR_BOGIE,3
12.25,RUN_059_SUSPENSION_FAULT,TRAIN001,-0.0023513182554286294,-1.1792772104464504,0.3428184643726662,30.78142772369305,28.634565995126174,26.028068858438232,138.92565916651552,5.0213172162576285,0.24256430714415736,1.2179923315125607,0.957124086933669,ZONE_01,SUSPENSION_FAULT,REAR_BOGIE,3
12.26,RUN_059_SUSPENSION_FAULT,TRAIN001,0.12654600695473872,-0.7647684621661288,0.26736424515821205,30.633347165727393,28.30800315217351,26.001152639119596,141.28462815390677,4.98462986067357,0.23046239608609773,1.1487697412931424,0.6977954755948124,ZONE_01,SUSPENSION_FAULT,REAR_BOGIE,3
12.27,RUN_059_SUSPENSION_FAULT,TRAIN001,-0.054058029917179555,0.06089093782715116,0.1954236756397239,30.697477465213016,28.353355118324103,25.945332983046676,140.6165234460989,4.965152504298283,0.23377288693687326,1.1607180350116557,0.7856049306646893,ZONE_01,SUSPENSION_FAULT,REAR_BOGIE,3
12.280000000000001,RUN_059_SUSPENSION_FAULT,TRAIN001,-0.015211186675613676,-0.1366453350762091,1.0396740471091843,30.6852940407298,28.609149551003703,26.06488006909111,138.22580779530688,5.005468756490722,0.21213093484163126,1.0618147666349544,1.1705889211445606,ZONE_01,SUSPENSION_FAULT,REAR_BOGIE,3
12.290000000000001,RUN_059_SUSPENSION_FAULT,TRAIN001,0.008189586857935307,-0.7605398651406471,1.142132736295143,30.779692262542447,28.382735047886083,26.004608597202743,140.81970353854138,4.963740352725221,0.23524458936571246,1.1676930609948615,1.044660047406905,ZONE_01,SUSPENSION_FAULT,REAR_BOGIE,3
12.3,RUN_059_SUSPENSION_FAULT,TRAIN001,-0.09733116645956791,0.40744985312961907,2.0920483919080564,30.657893577305437,28.462927008816497,26.09898427729543,139.6845177194588,4.970165418856326,0.24484716737015,1.2169309241680466,0.8195638112772117,ZONE_01,SUSPENSION_FAULT,REAR_BOGIE,3
12.31,RUN_059_SUSPENSION_FAULT,TRAIN001,0.04550577309351857,-0.09441794908625689,2.6763039593731612,30.64261418618491,28.503903060205957,26.030471367044715,140.97704030053902,4.970910673729891,0.21591244211936295,1.0732814631222287,1.4068996365658857,ZONE_01,SUSPENSION_FAULT,REAR_BOGIE,3
12.32,RUN_059_SUSPENSION_FAULT,TRAIN001,-0.014944082062566845,1.3579167612835517,1.9644299607847842,30.71355560591576,28.5189497365312,26.00795232736478,139.83409888481398,4.982949944901844,0.2403858144543409,1.197830480890443,1.60247346471535,ZONE_01,SUSPENSION_FAULT,REAR_BOGIE,3
12.33,RUN_059_SUSPENSION_FAULT,TRAIN001,-0.0608432758539519,1.7868089632307498,2.033386912507701,30.883976268657893,28.595943187194827,25.997445184659945,139.8791452587874,4.987079945507006,0.2586475230570988,1.2898958751931184,2.035998737373488,ZONE_01,SUSPENSION_FAULT,REAR_BOGIE,3
12.34,RUN_059_SUSPENSION_FAULT,TRAIN001,-0.0811004569000651,0.9285604108291877,1.480104123444538,30.72638634986541,28.56622292415768,25.908287669470578,139.240126731244,5.012032767400907,0.240176703377211,1.2037735072929097,1.5117838990041381,ZONE_01,SUSPENSION_FAULT,REAR_BOGIE,3
12.35,RUN_059_SUSPENSION_FAULT,TRAIN001,-0.012443766355308779,1.2000414381557485,3.0428497509155226,30.846157268696764,28.453777777561122,25.916957009563507,140.0929747036682,4.979032870141167,0.22657117269302132,1.1281053162649841,1.622838429384386,ZONE_01,SUSPENSION_FAULT,REAR_BOGIE,3
12.36,RUN_059_SUSPENSION_FAULT,TRAIN001,0.017969035020648762,0.559729611975625,2.222335713906865,30.919896533551416,28.550644155242352,25.987119061543698,139.14505895635799,4.990433833033839,0.2181559310694544,1.0886927392860033,1.9971748189763587,ZONE_01,SUSPENSION_FAULT,REAR_BOGIE,3
12.370000000000001,RUN_059_SUSPENSION_FAULT,TRAIN001,0.037995501209540865,0.7395346493976656,1.996174902991115,30.716926490335602,28.52985024601038,25.931827590892087,139.97722210173248,5.021325046179125,0.22815282062997055,1.1456294725856844,1.3807884311729157,ZONE_01,SUSPENSION_FAULT,REAR_BOGIE,3
12.38,RUN_059_SUSPENSION_FAULT,TRAIN001,0.06822024432932973,0.7724362028013773,2.912995175511644,30.705697298163617,28.4470677312638,25.964037413400273,139.74777716115346,4.965498426059631,0.20981990986887247,1.04186043220986,1.3697277165954316,ZONE_01,SUSPENSION_FAULT,REAR_BOGIE,3
12.39,RUN_059_SUSPENSION_FAULT,TRAIN001,-0.03455541979902161,0.6553827713236748,3.077380679728101,30.742799586414122,28.45702279538115,26.020809637558894,141.21707053967125,4.998135216971751,0.23807115686762795,1.1899118332852974,1.8788279973710533,ZONE_01,SUSPENSION_FAULT,REAR_BOGIE,3
12.4,RUN_059_SUSPENSION_FAULT,TRAIN001,0.13050081754028092,0.31592412725780594,6.640400332252254,30.759635423182782,28.687064032404095,25.904388614064125,139.3989872390716,5.004374414669355,0.22658670862845018,1.133924727364356,1.8507157609612193,ZONE_01,SUSPENSION_FAULT,REAR_BOGIE,3
12.41,RUN_059_SUSPENSION_FAULT,TRAIN001,0.00900850842395618,0.2792253831978422,1.286397908933235,30.721908879792405,28.38571146902655,26.023721334537857,138.8622524042149,4.965725314752639,0.2088531206348088,1.0371072282013567,1.5889292569092368,ZONE_01,SUSPENSION_FAULT,REAR_BOGIE,3
12.42,RUN_059_SUSPENSION_FAULT,TRAIN001,0.10697422172003804,-0.19597054340193343,0.7918442153148612,30.811124009789406,28.494682116678092,26.077075740501968,139.8499043265566,5.0041955281078385,0.2690579835062449,1.3464187578636633,0.7425935716080909,ZONE_01,SUSPENSION_FAULT,REAR_BOGIE,3
12.43,RUN_059_SUSPENSION_FAULT,TRAIN001,-0.033292064246946,0.14425898916484348,0.7753742714654737,30.749174229239078,28.44959600187165,26.006544088730745,140.08667102452492,4.981405294951658,0.2663500514023137,1.3267975563661318,0.6929510766576251,ZONE_01,SUSPENSION_FAULT,REAR_BOGIE,3
12.44,RUN_059_SUSPENSION_FAULT,TRAIN001,0.1105624969299252,-0.3395992438466976,0.04446772296220347,30.775356625607408,28.47607684705439,25.957449951515528,140.86260788191277,4.986794402400188,0.22837992977998095,1.138883755447357,0.905693142441901,ZONE_01,SUSPENSION_FAULT,REAR_BOGIE,3
12.450000000000001,RUN_059_SUSPENSION_FAULT,TRAIN001,0.00576723086692171,0.13292757867009042,0.8450458766490201,30.767884566806128,28.54232546949962,25.957035952449242,138.7718912346519,5.002957504521512,0.2160997731266719,1.0811379816894793,0.3395166379063386,ZONE_01,SUSPENSION_FAULT,REAR_BOGIE,3
12.46,RUN_059_SUSPENSION_FAULT,TRAIN001,-0.07188035088219612,-1.0324784434656455,-0.9330004448459518,30.74707371604048,28.322818400471206,26.01954783949272,138.37525363050406,4.997950002222758,0.19972870358695385,0.9982340745363647,0.7118120129702207,ZONE_01,SUSPENSION_FAULT,REAR_BOGIE,3
12.47,RUN_059_SUSPENSION_FAULT,TRAIN001,-0.040308185594870025,-0.5652995506451357,-0.3215957856754697,30.8543642863385,28.3226709518135,26.04441771974086,139.23571722710523,4.987501807655801,0.26197453996224057,1.3065984916214717,0.5923604935523491,ZONE_01,SUSPENSION_FAULT,REAR_BOGIE,3
12.48,RUN_059_SUSPENSION_FAULT,TRAIN001,0.02312068463572746,-0.9087481970112267,-0.8676368914024284,30.835354978745347,28.329303456714214,26.02984513695082,139.85731769061536,5.011937561096191,0.22731461453009338,1.139286654749477,0.5766941115821023,ZONE_01,SUSPENSION_FAULT,REAR_BOGIE,3
12.49,RUN_059_SUSPENSION_FAULT,TRAIN001,-0.16293649822393227,-1.1528577406374394,-0.6302320851330505,30.78116455947966,28.50474274743138,25.96660115210174,140.28018100393757,5.009944349012596,0.21052224345391155,1.054704723933378,0.2974059187514645,ZONE_01,SUSPENSION_FAULT,REAR_BOGIE,3
12.5,RUN_059_SUSPENSION_FAULT,TRAIN001,0.022609016115332323,-0.2607331123697094,-0.6112818463516412,30.678731572770786,28.629997385611425,25.934414704507777,140.75414815293266,4.993362238082686,0.20831798097722967,1.040207139725326,0.22523746900570552,ZONE_01,SUSPENSION_FAULT,REAR_BOGIE,3
12.51,RUN_059_SUSPENSION_FAULT,TRAIN001,-0.19557410365721287,-0.37702640770693474,0.04328269852570665,30.712799023730888,28.44023366098311,25.988081695859954,139.92709000986056,4.999484612863161,0.24846756618700913,1.242209773947511,0.25954601723756815,ZONE_01,SUSPENSION_FAULT,REAR_BOGIE,3
12.52,RUN_059_SUSPENSION_FAULT,TRAIN001,0.01891807658665339,-1.1640926871519337,-1.3919874689119573,30.686052989034927,28.478040429434632,25.976744426907324,139.74443116209338,4.975440195504526,0.2295581020740903,1.14215260826316,0.9634837585227468,ZONE_01,SUSPENSION_FAULT,REAR_BOGIE,3
12.530000000000001,RUN_059_SUSPENSION_FAULT,TRAIN001,-0.08202738538459743,-0.07847335637331809,-0.30499421993087555,30.74320163787015,28.549574990827065,25.99733143782702,139.9053928364396,4.99682003693672,0.21242135259357944,1.0614312709127975,0.6624218887277399,ZONE_01,SUSPENSION_FAULT,REAR_BOGIE,3
12.540000000000001,RUN_059_SUSPENSION_FAULT,TRAIN001,-0.1217572686173037,-1.3862170469714052,-0.21721169079923325,30.663106591460366,28.498914090137358,26.022509218797325,139.33910294904632,5.01783976609793,0.22291387620617273,1.1185461124423648,0.4913336875370892,ZONE_01,SUSPENSION_FAULT,REAR_BOGIE,3
12.55,RUN_059_SUSPENSION_FAULT,TRAIN001,-0.056576842265516875,-0.7841310099165664,0.7597336866120424,30.71088731119569,28.80145047485085,25.970407437709785,139.16305325840187,4.990143204446671,0.19974842938908627,0.9967732675148445,0.9615909194964611,ZONE_01,SUSPENSION_FAULT,REAR_BOGIE,3
12.56,RUN_059_SUSPENSION_FAULT,TRAIN001,0.12669252661045605,-0.867530587719664,-0.6436232631845118,30.942656992896058,28.585809919533723,25.95590654366202,140.68920461476245,4.998021373424332,0.2113143579823277,1.0561536777071143,0.454565012413749,ZONE_01,SUSPENSION_FAULT,REAR_BOGIE,3
12.57,RUN_059_SUSPENSION_FAULT,TRAIN001,0.16834943285209297,-0.2275135317675981,1.0842601676662524,30.869903530050006,28.41963107868283,25.965876599840247,139.62340778287665,5.035430581735314,0.23418976487603718,1.1792463039862002,0.9707336967593165,ZONE_01,SUSPENSION_FAULT,REAR_BOGIE,3
12.58,RUN_059_SUSPENSION_FAULT,TRAIN001,-0.03540415079164574,0.35138795522532995,1.0974615213630736,30.8031268259879,28.6564979920043,26.029753552563832,138.01651654900553,4.973258801707073,0.2704873052348622,1.345203371509306,1.2608018904254612,ZONE_01,SUSPENSION_FAULT,REAR_BOGIE,3
12.59,RUN_059_SUSPENSION_FAULT,TRAIN001,0.14314961536170975,0.2628180410993306,2.049334287915018,30.96638243864147,28.63271227265641,26.067799287810125,139.23581011833886,4.996768785556436,0.22627351767667322,1.1306364501248534,1.545559479239462,ZONE_01,SUSPENSION_FAULT,REAR_BOGIE,3
12.6,RUN_059_SUSPENSION_FAULT,TRAIN001,0.03150428518710965,0.5790305798084802,1.77340443001467,30.910682967659753,28.604109058561466,26.073281814504256,140.51129771743035,4.991639198327493,0.21117014190864192,1.0540851578675563,1.2826558431866992,ZONE_01,SUSPENSION_FAULT,REAR_BOGIE,3
12.61,RUN_059_SUSPENSION_FAULT,TRAIN001,0.17312776972372182,1.6853486946987233,2.216528047310625,30.997457429046758,28.357395647190707,26.110152277737935,139.7169787588895,5.010663726401978,0.22822558950733451,1.1435616827811088,1.6732562527610952,ZONE_01,SUSPENSION_FAULT,REAR_BOGIE,3
12.620000000000001,RUN_059_SUSPENSION_FAULT,TRAIN001,0.011590755165359321,0.8449701263335525,2.121595727008278,30.694438343662792,28.378661068009663,25.99692377437467,139.83461624930018,5.003778925559696,0.21891457962398353,1.0954001600202488,1.813156321565348,ZONE_01,SUSPENSION_FAULT,REAR_BOGIE,3
12.63,RUN_059_SUSPENSION_FAULT,TRAIN001,0.0745513264382514,0.6756294103927838,2.2398439894627344,30.85886083016878,28.54969750179526,26.08051301564188,140.54123418356062,4.995967014403425,0.24082864106965685,1.2031719469076076,2.41637356247891,ZONE_01,SUSPENSION_FAULT,REAR_BOGIE,3
12.64,RUN_059_SUSPENSION_FAULT,TRAIN001,-0.09860043433918615,1.4375412709789486,2.639890305214386,30.993819806297818,28.672655025935963,25.991709846528718,138.94280336045043,4.992714226924856,0.2582330120252704,1.2892836330002249,1.8158210345654227,ZONE_01,SUSPENSION_FAULT,REAR_BOGIE,3
12.65,RUN_059_SUSPENSION_FAULT,TRAIN001,0.12732788381181295,0.8879114878134086,2.8571584856038585,30.920603320981463,28.44098832858529,26.01958372861019,139.55187594881065,4.992753139862986,0.2077264218451586,1.0371267448999186,1.514132419858497,ZONE_01,SUSPENSION_FAULT,REAR_BOGIE,3
12.66,RUN_059_SUSPENSION_FAULT,TRAIN001,0.08990818962499435,0.9092991651707355,3.1416871705909335,30.80085094626052,28.59482124513565,25.997033153339093,140.66100616728917,5.009927539840337,0.2141531789481717,1.0728919089568014,1.642427481874318,ZONE_01,SUSPENSION_FAULT,REAR_BOGIE,3
12.67,RUN_059_SUSPENSION_FAULT,TRAIN001,0.12232360434102969,0.2532205820078428,3.022534662724647,30.813932518113646,28.487454216537316,25.92524280741057,140.42628823092633,5.024287031830787,0.19683523015934412,0.9889566942970209,1.950185970548163,ZONE_01,SUSPENSION_FAULT,REAR_BOGIE,3
12.68,RUN_059_SUSPENSION_FAULT,TRAIN001,0.16527914717138303,0.38307881279754996,2.08724158619441,30.803325080237663,28.48875869541048,26.009016531681866,140.56030763284895,4.99419371599719,0.2277778949516734,1.1375669316107153,2.0283062676337797,ZONE_01,SUSPENSION_FAULT,REAR_BOGIE,3
12.69,RUN_059_SUSPENSION_FAULT,TRAIN001,-0.025305241227615734,0.6328106389742997,1.3787632215686583,30.85022577164346,28.5403000775111,25.957749682018083,139.49655255518934,4.9977353738222146,0.24095711840507858,1.204239914227329,1.6606471650490635,ZONE_01,SUSPENSION_FAULT,REAR_BOGIE,3
12.700000000000001,RUN_059_SUSPENSION_FAULT,TRAIN001,0.0516633303663605,-0.3809182031671842,2.149293816607982,30.725806458499864,28.53049936479725,26.03861927844545,139.68775103456943,4.9857379649037314,0.2189595585583568,1.0916749838829614,1.3856652399193825,ZONE_01,SUSPENSION_FAULT,REAR_BOGIE,3
12.71,RUN_059_SUSPENSION_FAULT,TRAIN001,-0.17800520705241907,0.1917943668093604,0.6275717364418864,30.89572633758696,28.626186397957408,25.97397932918199,138.43005903320156,4.994810822459725,0.23398701878885078,1.168720893761639,1.0723026570907694,ZONE_01,SUSPENSION_FAULT,REAR_BOGIE,3
12.72,RUN_059_SUSPENSION_FAULT,TRAIN001,-0.08115999029534172,-0.2973079417819026,0.7114687697509495,30.88776621536257,28.552802674248515,26.02818129266736,140.03479306307855,4.98599407912338,0.26213239928399407,1.3069905907764001,1.148787286451856,ZONE_01,SUSPENSION_FAULT,REAR_BOGIE,3
12.73,RUN_059_SUSPENSION_FAULT,TRAIN001,-0.11507708855324597,-0.9244205152779715,1.4018598700547806,30.700854681690743,28.549700657874553,26.008022396597067,139.7351126080209,4.998078958933239,0.21706889668348786,1.0849274851525939,0.4172311031438276,ZONE_01,SUSPENSION_FAULT,REAR_BOGIE,3
12.74,RUN_059_SUSPENSION_FAULT,TRAIN001,0.08872222236138094,-0.8048149312750759,-0.06781811629832951,30.741621070330197,28.4105314018927,25.959105690017285,139.48582401013024,4.995782196869559,0.2547610646918772,1.2727307914432142,0.4665938860078699,ZONE_01,SUSPENSION_FAULT,REAR_BOGIE,3
12.75,RUN_059_SUSPENSION_FAULT,TRAIN001,0.06619688111293358,-1.2809258729258584,-0.6798833026210845,30.99518112354216,28.402178731030425,25.907543935381504,139.2028796341549,5.030934295538288,0.2349142741198137,1.1818382781808532,0.6024207165489073,ZONE_01,SUSPENSION_FAULT,REAR_BOGIE,3
12.76,RUN_059_SUSPENSION_FAULT,TRAIN001,0.04867922049268587,-0.40733884471533177,0.011972878716736857,30.8982680735597,28.581045487108945,25.970517636181732,140.97112179118156,4.991432793221117,0.2753692694665128,1.3744872018604943,0.6579536261767835,ZONE_01,SUSPENSION_FAULT,REAR_BOGIE,3
12.77,RUN_059_SUSPENSION_FAULT,TRAIN001,0.02695074452423727,-1.5699842220527565,-1.0488074132085388,30.682886203218402,28.22286033995398,25.96896663717167,140.0325774039172,4.962160397604481,0.20923627565525507,1.0382639607987612,0.45654727667480904,ZONE_01,SUSPENSION_FAULT,REAR_BOGIE,3
12.780000000000001,RUN_059_SUSPENSION_FAULT,TRAIN001,0.21321102263083494,-0.7203010803141638,0.3082344948542596,30.785521989164284,28.540769194357438,26.022712544672913,140.60007283358502,5.020598951508164,0.22861729254333885,1.1477957392397222,0.9448561075674841,ZONE_01,SUSPENSION_FAULT,REAR_BOGIE,3
12.790000000000001,RUN_059_SUSPENSION_FAULT,TRAIN001,0.09766110921563202,-0.922735316700383,-0.846511030430072,30.892114104952462,28.53147656481757,26.02614105111326,139.5598381491775,4.991873566822936,0.24621869705454114,1.2290926054841482,0.36959127128307867,ZONE_01,SUSPENSION_FAULT,REAR_BOGIE,3
12.8,RUN_059_SUSPENSION_FAULT,TRAIN001,-0.04123622981982958,-0.7045085755045195,0.9431933985376995,30.87806417686229,28.636703040966708,25.98497052549539,140.94983597270547,4.997682038491179,0.18714109072955376,0.935271667802739,0.48213072828672243,ZONE_01,SUSPENSION_FAULT,REAR_BOGIE,3
12.81,RUN_059_SUSPENSION_FAULT,TRAIN001,0.18456230803437534,-0.6644049383602053,0.845114410811479,30.887501020812294,28.51229623380293,25.953640118366152,140.84748673487363,4.981789004893355,0.20848267571265333,1.0386167015760432,0.7397528817187202,ZONE_01,SUSPENSION_FAULT,REAR_BOGIE,3
12.82,RUN_059_SUSPENSION_FAULT,TRAIN001,0.1839997930232947,-0.7607093929518388,-0.47913658123607755,31.11099919200467,28.647941558847712,25.995589043193043,140.32436156101488,5.022876331801995,0.242198729202851,1.2165342645055208,0.8489282287665869,ZONE_01,SUSPENSION_FAULT,REAR_BOGIE,3
12.83,RUN_059_SUSPENSION_FAULT,TRAIN001,0.09951755342199306,-0.1884518192996747,-0.5117432336822623,30.84360449562692,28.65708188917973,26.04823510307462,139.9905517759884,5.004159415695797,0.22492534766077216,1.1255622963253036,0.6504550800316228,ZONE_01,SUSPENSION_FAULT,REAR_BOGIE,3
12.84,RUN_059_SUSPENSION_FAULT,TRAIN001,-0.21200231869773695,-0.3863693584805011,0.3490778618369862,30.700264194092668,28.439939839153073,25.994977205309766,140.20272988395914,4.977126980207063,0.24276082088336867,1.2082514313558286,0.30157273113793226,ZONE_01,SUSPENSION_FAULT,REAR_BOGIE,3
12.85,RUN_059_SUSPENSION_FAULT,TRAIN001,-0.07957479121074147,-0.36674350428600333,0.09755486714764638,30.87224668120807,28.60362673175876,26.015344103945893,140.37477090558323,4.9738520047862504,0.23048116335593025,1.146379196423361,0.7323183707202581,ZONE_01,SUSPENSION_FAULT,REAR_BOGIE,3
12.86,RUN_059_SUSPENSION_FAULT,TRAIN001,0.058636405818866505,0.1245532325074867,0.781590640072964,30.92144715174233,28.53872344511772,26.06725245849614,141.07272395704652,5.001299817220101,0.22289014464866216,1.114740439691516,1.498186287692035,ZONE_01,SUSPENSION_FAULT,REAR_BOGIE,3
12.870000000000001,RUN_059_SUSPENSION_FAULT,TRAIN001,-0.020995403690182077,0.5091210121115755,0.565042095242479,30.923711074022673,28.464747998539465,25.966568061889234,139.56138012092646,4.966408201161628,0.24610837169998953,1.2222746355853624,1.2754197862195955,ZONE_01,SUSPENSION_FAULT,REAR_BOGIE,3
12.88,RUN_059_SUSPENSION_FAULT,TRAIN001,-0.1506529590453007,-0.37515709211203185,1.549803915773107,30.93260567004343,28.5033233691308,26.056031878808167,140.00482180171284,4.993841730738066,0.23376479169338604,1.1673843719357224,2.0529407418803287,ZONE_01,SUSPENSION_FAULT,REAR_BOGIE,3
12.89,RUN_059_SUSPENSION_FAULT,TRAIN001,0.02487102293985823,0.9231989540311809,2.7307419341710797,30.870436181396265,28.551897572432168,25.997567398414027,140.72030955181958,4.997370017565116,0.20586217443188448,1.0287694582566596,1.604852810590478,ZONE_01,SUSPENSION_FAULT,REAR_BOGIE,3
12.9,RUN_059_SUSPENSION_FAULT,TRAIN001,-0.06182318792894773,1.043790890604763,2.0437927322324843,30.83062837428341,28.506022950800798,26.04540394941324,140.33919995897807,5.027452635362711,0.22205593711950505,1.1163757062693922,1.8701239229039028,ZONE_01,SUSPENSION_FAULT,REAR_BOGIE,3
12.91,RUN_059_SUSPENSION_FAULT,TRAIN001,0.039440533515335593,0.9251103477026339,2.51854526295701,31.134632702280552,28.62805297028367,26.04912453802166,139.14509707872676,4.983339463317897,0.1954028408581298,0.973758688092745,1.8312809455887968,ZONE_01,SUSPENSION_FAULT,REAR_BOGIE,3
12.92,RUN_059_SUSPENSION_FAULT,TRAIN001,0.04032943051592735,0.6163667920100223,1.9157374564425904,31.060767393745767,28.59474463906358,26.01345133535477,140.69201357270154,5.009835281160273,0.19277584446686363,0.9657752269655587,1.4704758219337797,ZONE_01,SUSPENSION_FAULT,REAR_BOGIE,3
12.93,RUN_059_SUSPENSION_FAULT,TRAIN001,0.16104859352065348,1.6355242569761037,2.1686701499742735,30.712586808484303,28.44303043301411,25.96220284552654,139.8599244222262,4.988230542332389,0.21214745230010396,1.0582404010413822,1.4425481212443516,ZONE_01,SUSPENSION_FAULT,REAR_BOGIE,3
12.94,RUN_059_SUSPENSION_FAULT,TRAIN001,-0.0767529775294255,1.0461622075881165,1.9912672856235467,30.991981982214014,28.54961374296818,26.01179753460705,139.50120175637684,4.946659815913013,0.21641628240780553,1.070537727695974,1.9006177935044988,ZONE_01,SUSPENSION_FAULT,REAR_BOGIE,3
12.950000000000001,RUN_059_SUSPENSION_FAULT,TRAIN001,0.12095221446182752,1.3428131440354607,1.5592417269627772,30.75879865973886,28.43366110584804,25.996472629717402,139.31122394725034,4.994290510602282,0.1974390929601333,0.9860681883927155,1.8472177647492511,ZONE_01,SUSPENSION_FAULT,REAR_BOGIE,3
12.96,RUN_059_SUSPENSION_FAULT,TRAIN001,-0.08260930715140125,1.5861044089742196,2.8233256161667186,30.68064979128866,28.47882224062985,25.973366734296935,139.77489039749887,5.01862561603929,0.25115976425474723,1.2604768266072637,1.8499672481838183,ZONE_01,SUSPENSION_FAULT,REAR_BOGIE,3
12.97,RUN_059_SUSPENSION_FAULT,TRAIN001,0.11817095236384521,-0.3563265497163626,3.3503093625750324,30.975494739038233,28.59497454175075,25.962504609918458,139.9785214272703,5.009369607341208,0.24381619046519623,1.2213654142940693,1.250703687273483,ZONE_01,SUSPENSION_FAULT,REAR_BOGIE,3
12.98,RUN_059_SUSPENSION_FAULT,TRAIN001,0.06326260350588424,-0.42996758159181775,1.5413416899694996,31.08586936902737,28.798124249541317,25.985549099453934,138.78961066369317,5.020784251987139,0.2297541213699138,1.153545874403205,1.035841684600613,ZONE_01,SUSPENSION_FAULT,REAR_BOGIE,3
12.99,RUN_059_SUSPENSION_FAULT,TRAIN001,0.0552124402283973,0.7863836763241334,0.9433568504211938,31.068206287300015,28.547531773750727,25.96252105172396,140.34913394818088,4.99408651264281,0.19454408430045647,0.9715699875193555,1.5122532600405987,ZONE_01,SUSPENSION_FAULT,REAR_BOGIE,3
13.0,RUN_059_SUSPENSION_FAULT,TRAIN001,0.026704921658377758,-0.7208266695009342,0.19158916545614268,30.933230176079835,28.787007412301804,26.020459214625333,140.9414953980379,4.991531827005145,0.2343858916806176,1.1699446381247833,1.6881000117273492,ZONE_01,SUSPENSION_FAULT,REAR_BOGIE,3
13.01,RUN_059_SUSPENSION_FAULT,TRAIN001,-0.056538899171556856,-1.1081040192542702,0.4141272259749335,30.921408237497022,28.729607122229712,26.070361648856355,140.15358117408675,5.023397113452486,0.22667664239729501,1.138686791105673,0.937275663750281,ZONE_01,SUSPENSION_FAULT,REAR_BOGIE,3
13.02,RUN_059_SUSPENSION_FAULT,TRAIN001,0.05147304544687514,0.06325517076648612,-0.24502758557580284,30.94269747835438,28.44100061614356,25.925460416378115,139.43504314817466,5.012562074296831,0.21930576967652438,1.099283783755022,0.7825996424622754,ZONE_01,SUSPENSION_FAULT,REAR_BOGIE,3
13.030000000000001,RUN_059_SUSPENSION_FAULT,TRAIN001,0.06626530013214992,-0.3196764561712954,-0.3503855126793991,30.78137428719236,28.66291119646474,25.935808169295097,139.83106703675074,5.0203327185814635,0.19341302936050764,0.9709977594985137,1.124863127489025,ZONE_01,SUSPENSION_FAULT,REAR_BOGIE,3
13.040000000000001,RUN_059_SUSPENSION_FAULT,TRAIN001,0.13346335420078118,-0.6362290676849872,-0.14502559171184737,30.97818944572039,28.490754213428872,25.988804881011365,141.03369409012743,5.011898424046479,0.23213706695254652,1.16344740002224,0.4064723116614626,ZONE_01,SUSPENSION_FAULT,REAR_BOGIE,3
13.05,RUN_059_SUSPENSION_FAULT,TRAIN001,0.04850573651482368,-0.9017575307126545,-0.6874222598942883,30.880113205364957,28.626261052696584,26.003138013416816,139.86664203900534,4.965082050924097,0.25288234007760685,1.255581567715009,0.5117831724262765,ZONE_01,SUSPENSION_FAULT,REAR_BOGIE,3
13.06,RUN_059_SUSPENSION_FAULT,TRAIN001,0.0574557779920028,-1.1794707097725885,-0.07747747955467321,30.97595609051724,28.521594052267737,26.057601800307438,140.17414957540527,5.008776189106628,0.23052803036946204,1.154663309436211,0.4001067857901265,ZONE_01,SUSPENSION_FAULT,REAR_BOGIE,3
13.07,RUN_059_SUSPENSION_FAULT,TRAIN001,-0.09966530261493105,-0.730059333039315,0.5176367529961166,31.00838866041509,28.51578765892269,25.951990971282317,140.01662780621956,5.0235919609996955,0.20878079318555093,1.0488295142580737,0.7558670392292115,ZONE_01,SUSPENSION_FAULT,REAR_BOGIE,3
13.08,RUN_059_SUSPENSION_FAULT,TRAIN001,-0.16632238569781577,-1.2037866344844812,-0.11999955395303102,30.919312897338354,28.64316523448459,26.003509525594158,139.19900350470243,4.9632473964149995,0.23666545149573862,1.174629185957605,0.3687761574178909,ZONE_01,SUSPENSION_FAULT,REAR_BOGIE,3
13.09,RUN_059_SUSPENSION_FAULT,TRAIN001,0.024222097085942224,-1.058807943426837,-1.9243697255112338,31.121720827285607,28.659979409494802,25.99347471454184,139.72997265693004,5.010086253699055,0.2246091926625173,1.1253114286129207,0.30702522374566027,ZONE_01,SUSPENSION_FAULT,REAR_BOGIE,3
13.1,RUN_059_SUSPENSION_FAULT,TRAIN001,0.2421787229506027,-0.3942433777697661,-1.04469581704309,30.860787060007034,28.51195712232757,26.004360507031176,138.99501511250756,4.993205722111865,0.1963695217060454,0.980513419430996,0.22810091334060095,ZONE_01,SUSPENSION_FAULT,REAR_BOGIE,3
13.11,RUN_059_SUSPENSION_FAULT,TRAIN001,-0.008623454810852955,-0.37903113553148493,-0.6546986844209173,31.004944166607803,28.551408152190856,26.00474402525985,139.59784924794232,5.0038523347453605,0.2319820796758097,1.1608040710048846,0.6985584461298739,ZONE_01,SUSPENSION_FAULT,REAR_BOGIE,3
13.120000000000001,RUN_059_SUSPENSION_FAULT,TRAIN001,-0.08712726203713261,-1.4003137820946254,0.07405792105792905,30.97966992429578,28.467225722102107,25.960769977213545,140.81449174078708,5.010061387983713,0.24590948258363157,1.2320216036313059,0.8166827097921567,ZONE_01,SUSPENSION_FAULT,REAR_BOGIE,3
13.13,RUN_059_SUSPENSION_FAULT,TRAIN001,-0.26051735504530515,-1.1186610949926095,-0.3219078978484863,30.96249473354358,28.52845377706865,25.95444439967013,138.36748227648155,5.030490194441963,0.22591306479147225,1.136453457229833,0.8944988404885736,ZONE_01,SUSPENSION_FAULT,REAR_BOGIE,3
13.14,RUN_059_SUSPENSION_FAULT,TRAIN001,0.062081770954598874,-0.5380123654604969,0.8330861303259963,31.00868878121332,28.718784959557098,26.047403078950882,139.63212199451567,4.99691187260684,0.2105283329653263,1.051991526514565,1.7162078791475486,ZONE_01,SUSPENSION_FAULT,REAR_BOGIE,3
13.15,RUN_059_SUSPENSION_FAULT,TRAIN001,-0.09688993252569318,0.31045936333161916,1.1308747654347073,30.96101030852986,28.628653249414956,25.99816454651162,139.53455945323915,5.012449897299489,0.18309001905743896,0.9177295472210214,1.8205118295881388,ZONE_01,SUSPENSION_FAULT,REAR_BOGIE,3
13.16,RUN_059_SUSPENSION_FAULT,TRAIN001,-0.06177406161621445,0.5114210605606756,2.4662138900111708,30.914883306025427,28.607722285820696,26.005228073879568,141.30864014996106,4.958662374149638,0.22970658718230252,1.139037410955207,1.4830545120135876,ZONE_01,SUSPENSION_FAULT,REAR_BOGIE,3
13.17,RUN_059_SUSPENSION_FAULT,TRAIN001,0.02905360186612556,1.1583590265760253,2.154583025660727,30.88429596018017,28.50480082631026,26.001134581382885,140.85929966601014,5.006096815498025,0.2259977633491878,1.1313666834120453,1.5587156800785995,ZONE_01,SUSPENSION_FAULT,REAR_BOGIE,3
13.18,RUN_059_SUSPENSION_FAULT,TRAIN001,0.06740998609943344,0.887521401251659,1.5522206746195815,30.8892902675029,28.556641455744366,26.05160504371807,140.477527557899,5.0229125231709055,0.21517884834673506,1.0808245320823087,1.5933750667891504,ZONE_01,SUSPENSION_FAULT,REAR_BOGIE,3
13.19,RUN_059_SUSPENSION_FAULT,TRAIN001,0.19249777695338074,1.3783316049200183,2.7738472112529764,30.869272274068482,28.637197821500706,26.053522840535127,140.3508119662763,4.979801082370111,0.23795395048988102,1.1849633402037534,1.07443125788499,ZONE_01,SUSPENSION_FAULT,REAR_BOGIE,3
13.200000000000001,RUN_059_SUSPENSION_FAULT,TRAIN001,0.12705910507505186,1.584419027698651,3.1216801890657333,31.07271415412551,28.658953629632382,25.987336446047056,141.0044029511388,4.998531559028208,0.25325827625251257,1.2659194864332681,1.3241355959216718,ZONE_01,SUSPENSION_FAULT,REAR_BOGIE,3
13.21,RUN_059_SUSPENSION_FAULT,TRAIN001,0.07290175420686222,1.333530482933973,2.7617708457462875,31.04327468141559,28.415450246637075,25.96778930769405,138.6430248916803,5.008688367196026,0.22658252606554186,1.1348812625143698,1.9188233432966113,ZONE_01,SUSPENSION_FAULT,REAR_BOGIE,3
13.22,RUN_059_SUSPENSION_FAULT,TRAIN001,-0.0006434186497540007,0.9135221350881535,2.1887849452481833,31.0209749041403,28.55181963211396,26.06569161650751,139.8364045276129,5.005075989907252,0.21316907770998897,1.066927432636939,1.7427439167861285,ZONE_01,SUSPENSION_FAULT,REAR_BOGIE,3
13.23,RUN_059_SUSPENSION_FAULT,TRAIN001,-0.11969316469194467,1.3553726841544433,2.4981685738371926,30.974642398613383,28.63636392552654,25.967562972569475,141.07440740469556,4.996627199000847,0.23951370514208253,1.1967606936463986,1.3349523512921622,ZONE_01,SUSPENSION_FAULT,REAR_BOGIE,3
13.24,RUN_059_SUSPENSION_FAULT,TRAIN001,-0.02510604685157123,0.3387340044427408,2.3463196617059747,30.896487541977976,28.541030252963395,26.00059056883299,141.27596246423008,4.989685483720833,0.24968970091680678,1.2458730760991872,2.028900498772522,ZONE_01,SUSPENSION_FAULT,REAR_BOGIE,3
13.25,RUN_059_SUSPENSION_FAULT,TRAIN001,0.09754345484670926,0.6584408844298101,1.7418469004000963,30.941976961302505,28.530214501536292,26.049920716325964,140.28494118807433,4.993236148232744,0.22545377139274123,1.1257439210736369,1.4549543015868334,ZONE_01,SUSPENSION_FAULT,REAR_BOGIE,3
13.26,RUN_059_SUSPENSION_FAULT,TRAIN001,-0.2261289880382945,1.010401862777203,2.4109889573330427,31.09441079836672,28.63914472470298,26.040612454649985,139.63237173461928,4.99958619707764,0.21856052652187075,1.0927121916247664,1.3982044137099696,ZONE_01,SUSPENSION_FAULT,REAR_BOGIE,3
13.27,RUN_059_SUSPENSION_FAULT,TRAIN001,-0.007700732252109556,0.008183243347581859,1.9769470033127883,31.023370287261518,28.6379130624028,26.042872012371905,138.8262102635426,5.0323055768800895,0.20736042347647696,1.043501015484892,1.383244235491306,ZONE_01,SUSPENSION_FAULT,REAR_BOGIE,3
13.280000000000001,RUN_059_SUSPENSION_FAULT,TRAIN001,0.15500352640119303,-0.327610569481729,0.8509206064484972,30.945822739174567,28.777150087058654,26.04603741895879,139.86402929486408,5.003092105375105,0.24518837745005903,1.2267000355501216,1.217165446429202,ZONE_01,SUSPENSION_FAULT,REAR_BOGIE,3
13.290000000000001,RUN_059_SUSPENSION_FAULT,TRAIN001,0.09294154757347561,0.6118726823097208,0.7184834128139774,31.003397170749114,28.609110058788144,25.912184385419856,140.46995843918407,5.015833031378508,0.22085839845581062,1.1077888502320108,0.4535112229650812,ZONE_01,SUSPENSION_FAULT,REAR_BOGIE,3
13.3,RUN_059_SUSPENSION_FAULT,TRAIN001,-0.02715736769779852,0.11284767750182506,0.5847347163650671,31.073260519872896,28.65585847682192,25.969174966117265,140.14957016375703,4.998168728995633,0.19407993093120546,0.9700442417059835,0.764353290757428,ZONE_01,SUSPENSION_FAULT,REAR_BOGIE,3
13.31,RUN_059_SUSPENSION_FAULT,TRAIN001,-0.0341057555077065,-0.3424504499496636,-0.0734709435095442,30.967669573327818,28.71624213890327,26.033943338241382,140.64810078865742,5.01739145463673,0.26533512504294776,1.3312901890054543,1.401910017056124,ZONE_01,SUSPENSION_FAULT,REAR_BOGIE,3
13.32,RUN_059_SUSPENSION_FAULT,TRAIN001,0.06429590812361928,0.27294340406797657,-0.021552856207934533,31.048320118479598,28.533727061038356,26.02265111053343,140.51388815731275,4.989876586362358,0.23238090147346024,1.1595520193801974,0.6356727128188613,ZONE_01,SUSPENSION_FAULT,REAR_BOGIE,3
13.33,RUN_059_SUSPENSION_FAULT,TRAIN001,-0.0239718010652446,-0.696689818402287,-0.5168368469555857,31.09020855534099,28.54493190507855,25.971889555771856,139.82773908913086,4.969433135659604,0.25548760499484313,1.2696285700116856,0.5441047904898313,ZONE_01,SUSPENSION_FAULT,REAR_BOGIE,3
13.34,RUN_059_SUSPENSION_FAULT,TRAIN001,0.056172449764839295,-1.1551904431160371,-0.7536706286625753,30.983013266569397,28.729167107711664,25.99759126999671,139.91460544903268,5.010003036944344,0.20792405180320914,1.0417001309878509,0.3167360865782882,ZONE_01,SUSPENSION_FAULT,REAR_BOGIE,3
13.35,RUN_059_SUSPENSION_FAULT,TRAIN001,0.17368394067354614,-0.8962843567145853,-0.45365963807450727,31.078788822550422,28.61407002673273,26.084002779867145,138.03792775176433,4.974039859602017,0.24737030766504337,1.23042977040794,0.5889560764366335,ZONE_01,SUSPENSION_FAULT,REAR_BOGIE,3
13.36,RUN_059_SUSPENSION_FAULT,TRAIN001,-0.026631161245956454,-0.6922068519946327,-1.8179657836581256,31.113868958340515,28.608484258220123,25.986690028494923,139.574361179359,4.992310364301592,0.22466029113060124,1.1215738998583136,0.28966113637695573,ZONE_01,SUSPENSION_FAULT,REAR_BOGIE,3
13.370000000000001,RUN_059_SUSPENSION_FAULT,TRAIN001,-0.058665653729502144,-1.1265794742707642,-1.0653254156331116,30.875962104694672,28.89472844751258,25.979789467216527,139.18212955957458,4.983721613495724,0.2253305119814551,1.1229845427420349,1.2563574736367948,ZONE_01,SUSPENSION_FAULT,REAR_BOGIE,3
13.38,RUN_059_SUSPENSION_FAULT,TRAIN001,0.10828942937080042,-1.0080426076191544,-0.8646607411169471,31.062126626007288,28.41330887790452,25.99590810031256,139.1181527494686,4.974264910545839,0.26203234962505484,1.3034183221677895,0.33815677377345155,ZONE_01,SUSPENSION_FAULT,REAR_BOGIE,3
13.39,RUN_059_SUSPENSION_FAULT,TRAIN001,0.036104668797744814,-0.098914296910946,-0.09250570940898242,31.040502941647542,28.384273367869554,26.00823257373605,140.2394428062257,4.997966709038625,0.23755882631138617,1.187311105342597,0.515292962006633,ZONE_01,SUSPENSION_FAULT,REAR_BOGIE,3
13.4,RUN_059_SUSPENSION_FAULT,TRAIN001,-0.08083162425075921,-0.24872550389785592,-0.4046603593877357,30.94783127682764,28.672187717996206,25.973256664934496,140.39730623421298,4.995917128260066,0.21072181481425323,1.0527487239285733,0.31310051950463746,ZONE_01,SUSPENSION_FAULT,REAR_BOGIE,3
13.41,RUN_059_SUSPENSION_FAULT,TRAIN001,-0.20109507022802015,-0.04169273033446347,0.021454713753620847,30.963143006745167,28.609552919844642,26.05371342840768,140.75062356518455,5.013609087771858,0.2528848880903223,1.267865973089809,1.0959703814212782,ZONE_01,SUSPENSION_FAULT,REAR_BOGIE,3
13.42,RUN_059_SUSPENSION_FAULT,TRAIN001,0.17863854085887,-0.08824211729574837,1.619721418128488,31.083803169170213,28.710848025888993,26.04773781185696,139.19470461055766,4.99610413457248,0.23039714994502097,1.151088153434035,1.2671354514441222,ZONE_01,SUSPENSION_FAULT,REAR_BOGIE,3
13.43,RUN_059_SUSPENSION_FAULT,TRAIN001,0.19353849084910218,-0.053275973858681575,0.7307586375573445,30.941658381422194,28.57329562327926,25.952856266582472,139.78104654190852,5.028787063235929,0.2886800328029409,1.4517104143739528,0.9044328394727756,ZONE_01,SUSPENSION_FAULT,REAR_BOGIE,3
13.44,RUN_059_SUSPENSION_FAULT,TRAIN001,-0.01145423627775443,1.1248969256756118,0.30022550089346445,31.05539345199543,28.79585003393446,26.085396408942298,139.4325139391678,4.998737553433653,0.2090797934995199,1.0451350154302035,1.333563967453975,ZONE_01,SUSPENSION_FAULT,REAR_BOGIE,3
13.450000000000001,RUN_059_SUSPENSION_FAULT,TRAIN001,0.0541885833044809,0.15801971885358818,2.1078558064033635,31.09500647994159,28.752796520085674,25.99336692387816,140.2065762494988,5.005594076643546,0.2612976608306972,1.3079500232949524,1.345432198695,ZONE_01,SUSPENSION_FAULT,REAR_BOGIE,3
13.46,RUN_059_SUSPENSION_FAULT,TRAIN001,0.02640329257794638,1.390464782295414,3.125197748897942,30.947806296643815,28.616976896676224,26.04274198683296,141.84791054093273,5.001706654109451,0.2332070096399749,1.1664330519012291,1.7749642965579782,ZONE_01,SUSPENSION_FAULT,REAR_BOGIE,3
13.47,RUN_059_SUSPENSION_FAULT,TRAIN001,0.05245237851726872,1.4952055510085613,1.6344153482105903,30.902715441340874,28.71313912936012,26.092135622013743,138.82715875423722,5.007551661676223,0.2378334547420279,1.1909633114956386,1.4988000131994066,ZONE_01,SUSPENSION_FAULT,REAR_BOGIE,3
13.48,RUN_059_SUSPENSION_FAULT,TRAIN001,0.1767441022209978,0.25475335895380824,2.7930620343170522,30.999190577200935,28.384088691911245,26.04392690081853,139.72092516282314,5.00782121763554,0.25827318534655386,1.2933859375247887,1.9805010205640956,ZONE_01,SUSPENSION_FAULT,REAR_BOGIE,3
13.49,RUN_059_SUSPENSION_FAULT,TRAIN001,0.05494085024820164,1.8727486386250012,2.1660603175188458,31.1287763733112,28.728159795815856,25.998711461076926,140.53317840327836,4.99384974677964,0.25522847608603955,1.274572660673222,1.6126663270774464,ZONE_01,SUSPENSION_FAULT,REAR_BOGIE,3
13.5,RUN_059_SUSPENSION_FAULT,TRAIN001,-0.0034752360574746275,1.1403483739118834,2.4780925612780322,31.048943662912144,28.686418312920747,25.96708526661472,141.34098664731792,5.014092236665029,0.27454500595749065,1.3765939829866078,1.5871772701773204,ZONE_01,SUSPENSION_FAULT,REAR_BOGIE,3
13.51,RUN_059_SUSPENSION_FAULT,TRAIN001,0.04241286721886327,1.0756830272222409,1.9511346200406243,30.97153222435039,28.77632990189915,26.077695164977722,140.32636189810998,4.994673034428798,0.22453147592057532,1.1214613081609965,2.102223777613786,ZONE_01,SUSPENSION_FAULT,REAR_BOGIE,3
13.52,RUN_059_SUSPENSION_FAULT,TRAIN001,0.026173610821282847,0.5021548627531248,3.8639019407998694,31.167897523795826,28.695896354056842,25.896823184418206,139.6644963954161,4.974938424865693,0.2473300978937756,1.2304520076375376,1.670725198149211,ZONE_01,SUSPENSION_FAULT,REAR_BOGIE,3
13.530000000000001,RUN_059_SUSPENSION_FAULT,TRAIN001,0.082401962646525,0.6873294382676914,1.645779388588202,30.833609588094642,28.594118879919943,25.99171151839576,140.17852551493658,4.999444572736929,0.25512488168298963,1.2754827051001738,1.1478298742384236,ZONE_01,SUSPENSION_FAULT,REAR_BOGIE,3
13.540000000000001,RUN_059_SUSPENSION_FAULT,TRAIN001,-0.015375624086299734,1.0249425267468542,1.9871858060546905,31.14367358102986,28.76471018598896,26.03893596695563,141.2252082085803,5.003899557882287,0.2329023716308827,1.16542007443351,1.3629881873482665,ZONE_01,SUSPENSION_FAULT,REAR_BOGIE,3
13.55,RUN_059_SUSPENSION_FAULT,TRAIN001,-0.05498929269934079,0.015458508161467932,2.210930221331072,31.009367543916156,28.55607391081239,25.892184508898723,139.10489535243764,4.993263397935922,0.24290761639645644,1.2129017100322856,1.3539956287524384,ZONE_01,SUSPENSION_FAULT,REAR_BOGIE,3
13.56,RUN_059_SUSPENSION_FAULT,TRAIN001,0.20049516417777427,-0.03053994599868226,0.6362977923850271,31.144640526892825,28.557581434908315,25.979646913656875,140.29219159176378,5.001068804430826,0.24639051380743845,1.232215912310063,1.5174630101412905,ZONE_01,SUSPENSION_FAULT,REAR_BOGIE,3
13.57,RUN_059_SUSPENSION_FAULT,TRAIN001,0.08629117020255915,0.24802423188663442,2.1015895067734682,31.007442048803483,28.68284579939795,26.043606669297436,140.65144929606032,4.991059378866553,0.24092277994001515,1.2024599004022154,1.4067859901675153,ZONE_01,SUSPENSION_FAULT,REAR_BOGIE,3
13.58,RUN_059_SUSPENSION_FAULT,TRAIN001,0.09738369237200589,-0.34677425233736425,1.4762856729478444,31.106318479408063,28.80071487264826,25.9251705440977,138.33688522936876,4.9858972876384025,0.22810058203868142,1.1372860732954027,0.7582591648393717,ZONE_01,SUSPENSION_FAULT,REAR_BOGIE,3
13.59,RUN_059_SUSPENSION_FAULT,TRAIN001,0.23379272726429656,-0.621106330378556,-0.5507936345406634,30.99889906136391,28.612133842369232,26.007215338627883,139.8440598790796,4.978203626220494,0.243997743750909,1.214670452730394,0.4039826231987158,ZONE_01,SUSPENSION_FAULT,REAR_BOGIE,3
13.6,RUN_059_SUSPENSION_FAULT,TRAIN001,0.013806743557518928,-0.4830774364338226,-0.019025879284411684,31.15253950003392,28.714067095965063,25.955240986187796,140.32048321739634,5.002704705867745,0.23881359989741668,1.1947139200320234,1.1741168952517105,ZONE_01,SUSPENSION_FAULT,REAR_BOGIE,3
13.61,RUN_059_SUSPENSION_FAULT,TRAIN001,-0.008759063848399359,-0.7010930469457812,-1.1730703613322637,31.08929895093678,28.71299968596569,26.049600083625496,140.54277111538585,4.977952120306028,0.22105228080075195,1.1003876699105868,0.36609307803521696,ZONE_01,SUSPENSION_FAULT,REAR_BOGIE,3
13.620000000000001,RUN_059_SUSPENSION_FAULT,TRAIN001,0.049179842751136515,-0.3622525358714145,0.683645309427978,31.218951085904994,28.691831278733638,26.002936729719966,140.47174352093754,5.005018418078885,0.2289256506101059,1.1457770976742718,0.6895080123181372,ZONE_01,SUSPENSION_FAULT,REAR_BOGIE,3
13.63,RUN_059_SUSPENSION_FAULT,TRAIN001,-0.09041894254714411,-1.0517148779653198,-1.1247426146994202,30.975130430736396,28.569033876501464,26.025561977016704,140.04994521012605,5.017190364910792,0.21056001643005037,1.0564196856683068,0.6959109557884302,ZONE_01,SUSPENSION_FAULT,REAR_BOGIE,3
13.64,RUN_059_SUSPENSION_FAULT,TRAIN001,-0.08437653001762035,-0.9036564078622454,-0.3439470979833062,30.844204518114026,28.798425970025608,25.95453826299269,140.14150095096588,5.024285506654859,0.22811838639011256,1.1461319025413357,0.6260316088507786,ZONE_01,SUSPENSION_FAULT,REAR_BOGIE,3
13.65,RUN_059_SUSPENSION_FAULT,TRAIN001,-0.09529404161906511,-1.5714557939836706,-0.19311484294027087,31.21354222802877,28.57421802592263,25.94532866537905,139.73527228051708,4.994329538617191,0.21817746595992438,1.0896501629042972,0.8112365052775744,ZONE_01,SUSPENSION_FAULT,REAR_BOGIE,3
13.66,RUN_059_SUSPENSION_FAULT,TRAIN001,0.07135023106655995,-0.6221320170026141,3.208463390362544,31.19051565538802,28.659139120675068,26.029177828069397,139.47867304373898,4.988788559585072,0.21536025150906682,1.0743867589177962,0.677733157726238,ZONE_01,SUSPENSION_FAULT,REAR_BOGIE,3
13.67,RUN_059_SUSPENSION_FAULT,TRAIN001,-0.15034156067096824,-0.9361455128352109,-0.443010534650769,31.147914283658523,28.67848150575175,26.020740063042645,140.47525776177426,5.001852929092057,0.23768449897192911,1.1888629073825216,0.2768751860073897,ZONE_01,SUSPENSION_FAULT,REAR_BOGIE,3
13.68,RUN_059_SUSPENSION_FAULT,TRAIN001,0.014160732848757405,-1.0728538311978073,-0.04107870108342569,30.903731183866647,28.36077121670925,26.086179309550523,139.3624362485124,4.996451076106773,0.23016850574984624,1.1500256782397071,0.514732510086061,ZONE_01,SUSPENSION_FAULT,REAR_BOGIE,3
13.69,RUN_059_SUSPENSION_FAULT,TRAIN001,-0.005157950329641611,-1.6153423176429345,-0.5182943540276188,31.10229834375527,28.754742974673917,26.056240039600315,138.74787518005382,4.99400851984735,0.2112117222314974,1.05479314031573,1.0149753203816791,ZONE_01,SUSPENSION_FAULT,REAR_BOGIE,3
13.700000000000001,RUN_059_SUSPENSION_FAULT,TRAIN001,0.15948676478707638,-0.08951409798951168,-0.32489066067770345,30.98982835797883,28.83080150162345,26.025935368977205,139.13036157393793,5.017824004610558,0.24593314059442295,1.2340492164039587,1.1511874779200661,ZONE_01,SUSPENSION_FAULT,REAR_BOGIE,3
13.71,RUN_059_SUSPENSION_FAULT,TRAIN001,-0.030412362992994237,-0.10119821815583444,0.44269144703899377,31.109492710762282,28.679244731163305,25.95859086389122,139.5588007651039,5.023822053630047,0.28058471647455624,1.4096076865364096,1.17444683067205,ZONE_01,SUSPENSION_FAULT,REAR_BOGIE,3
13.72,RUN_059_SUSPENSION_FAULT,TRAIN001,0.10212251342293849,0.4048546629322634,1.2443800230585311,31.095519541329395,28.62238172477398,26.050739616720296,140.52209176042635,4.994237685741747,0.2339146921322195,1.168225570695409,0.7936069998298807,ZONE_01,SUSPENSION_FAULT,REAR_BOGIE,3
13.73,RUN_059_SUSPENSION_FAULT,TRAIN001,0.09193007480117481,0.1390965072411088,-0.11082104295906547,31.067383285691186,28.75008478365496,25.899623222746843,139.99355827298714,5.006486266190506,0.248080648342346,1.2420123588335916,1.4784498914158368,ZONE_01,SUSPENSION_FAULT,REAR_BOGIE,3
13.74,RUN_059_SUSPENSION_FAULT,TRAIN001,0.0831056950542153,0.6148486142687735,1.487634244352751,31.0541030320451,28.678696871618765,25.961099340244793,141.9126606522347,4.950615294232766,0.22114852487319944,1.0948212695342765,1.6310940200812023,ZONE_01,SUSPENSION_FAULT,REAR_BOGIE,3
13.75,RUN_059_SUSPENSION_FAULT,TRAIN001,0.15709641522771423,1.1134122155674908,1.2412842358661207,31.282936860976655,28.602584364054668,25.997766293122517,139.42201363822934,4.991742021196701,0.23267604442703235,1.1614587882922478,1.0727619202711933,ZONE_01,SUSPENSION_FAULT,REAR_BOGIE,3
13.76,RUN_059_SUSPENSION_FAULT,TRAIN001,-0.17147929416643973,0.6815526899555939,2.182488132763529,31.160631043674357,28.734037717390066,26.001432683788778,139.78532966065595,4.98921958248357,0.1882872788694488,0.9394065788679988,1.7418374488615649,ZONE_01,SUSPENSION_FAULT,REAR_BOGIE,3
13.77,RUN_059_SUSPENSION_FAULT,TRAIN001,0.052240559890732646,1.827771136866458,2.109766213184822,31.09019965480702,28.92268378193446,25.981794469627243,137.94635937141828,4.959553110118071,0.2465800962166852,1.2229270830846741,1.541898860210004,ZONE_01,SUSPENSION_FAULT,REAR_BOGIE,3
13.780000000000001,RUN_059_SUSPENSION_FAULT,TRAIN001,-0.02734071983258879,0.734186548106202,2.381290951909446,31.177608007524004,28.551191786997272,26.035896441073405,141.33838184045416,4.999068468728129,0.26241681341715456,1.31183961761781,1.8408541440267845,ZONE_01,SUSPENSION_FAULT,REAR_BOGIE,3
13.790000000000001,RUN_059_SUSPENSION_FAULT,TRAIN001,-0.02772929025169579,1.8242542621507543,2.397321470764924,31.214071466879965,28.706683982568386,25.945408625619997,139.72565350979337,4.993529945729125,0.22921839051093346,1.144608897128179,1.830542658100934,ZONE_01,SUSPENSION_FAULT,REAR_BOGIE,3
13.8,RUN_059_SUSPENSION_FAULT,TRAIN001,0.1421862008390141,1.043622481745923,2.21636876431536,31.10510980345568,28.532833323796744,25.943311332328864,139.59011814697553,5.013501138664888,0.22588351340109558,1.1324672516420182,1.627589829533987,ZONE_01,SUSPENSION_FAULT,REAR_BOGIE,3
13.81,RUN_059_SUSPENSION_FAULT,TRAIN001,-0.048428143768871494,0.9800308663831787,2.039912295714498,31.001021367845826,28.622635835913034,26.02941929421892,138.80355980698536,4.988452817415509,0.2520330075944665,1.2572547668163208,1.4547017233813264,ZONE_01,SUSPENSION_FAULT,REAR_BOGIE,3
13.82,RUN_059_SUSPENSION_FAULT,TRAIN001,-0.059187169737603976,0.47009052421929903,1.8852652474324754,31.07651344373531,28.59801597489545,26.1037223567129,141.7757163492346,5.007372169896002,0.23968173709360305,1.2001756599548383,1.4829299968964273,ZONE_01,SUSPENSION_FAULT,REAR_BOGIE,3
13.83,RUN_059_SUSPENSION_FAULT,TRAIN001,0.13245563914290706,-0.4672217153715337,1.2821166858450643,31.176414691371747,28.844900251664107,26.035183995184088,139.91761319778576,5.014176376647424,0.2439224942921196,1.2230704086124622,1.945976690495982,ZONE_01,SUSPENSION_FAULT,REAR_BOGIE,3
13.84,RUN_059_SUSPENSION_FAULT,TRAIN001,-0.19099029052311584,-0.16689691397986572,0.8053598133589831,31.11672546485896,28.770122066962173,25.911877033929507,139.77659930679155,5.001019433064958,0.24606008319395736,1.2305512577545612,1.3374064182072496,ZONE_01,SUSPENSION_FAULT,REAR_BOGIE,3
13.85,RUN_059_SUSPENSION_FAULT,TRAIN001,0.1445588627635208,0.11422340227797181,0.8571452550970988,31.094761280175277,28.726733931871546,25.976605032981414,139.50716213733972,5.005068293867155,0.2724595756322514,1.3636787833574817,1.882648064852017,ZONE_01,SUSPENSION_FAULT,REAR_BOGIE,3
13.86,RUN_059_SUSPENSION_FAULT,TRAIN001,-0.09851521616982407,-0.2638215323500476,1.2733062741657166,31.134220332037156,28.724476517741227,26.013121068693067,139.51261663855055,5.031205685663018,0.23520458188263016,1.1833626296618818,1.2373903361234304,ZONE_01,SUSPENSION_FAULT,REAR_BOGIE,3
13.870000000000001,RUN_059_SUSPENSION_FAULT,TRAIN001,0.1978071492069361,0.2548657585994872,0.08168147718684443,30.992371633761785,28.61775309642738,26.073011051287736,140.3768616004731,4.975342759415654,0.21613166988690702,1.0753291388522372,0.8139022083858678,ZONE_01,SUSPENSION_FAULT,REAR_BOGIE,3
13.88,RUN_059_SUSPENSION_FAULT,TRAIN001,-0.06814397047251615,-0.6198252291153347,0.8108963314128318,31.182877903727242,28.59812347100682,25.910951625997825,139.9649854251414,4.9704845610010375,0.23925845969537962,1.1892304800047735,1.0565290301581993,ZONE_01,SUSPENSION_FAULT,REAR_BOGIE,3
13.89,RUN_059_SUSPENSION_FAULT,TRAIN001,0.0685149374915902,-0.012871304160422148,0.03797033183158284,31.17591915154292,28.604915605616664,25.99330434006046,140.32718441926252,5.031293898004159,0.2411390453669009,1.2132414075250364,1.0535083815745891,ZONE_01,SUSPENSION_FAULT,REAR_BOGIE,3
13.9,RUN_059_SUSPENSION_FAULT,TRAIN001,0.041789857523362416,-0.3140660286621576,-0.3657185772963294,31.101532551873273,28.680279803380113,25.95434620252589,140.28963959974,5.020019079014783,0.21685640918181456,1.0886233114993455,0.41995810095827923,ZONE_01,SUSPENSION_FAULT,REAR_BOGIE,3
13.91,RUN_059_SUSPENSION_FAULT,TRAIN001,0.021695214224169722,-0.9248126674653699,-0.8550229452485689,31.05445666938085,28.50596447463389,25.984952934775734,139.03283438738,4.981719197259406,0.23591130831318421,1.1752438934743723,0.2172988412786706,ZONE_01,SUSPENSION_FAULT,REAR_BOGIE,3
13.92,RUN_059_SUSPENSION_FAULT,TRAIN001,0.06499870011689754,-0.9595854677093868,-1.0615833832901544,31.198054927548462,28.750562145902798,26.014288604543594,140.1620782487742,5.023230831542117,0.23708923536402934,1.1909539569073377,0.5322298719759034,ZONE_01,SUSPENSION_FAULT,REAR_BOGIE,3
13.93,RUN_059_SUSPENSION_FAULT,TRAIN001,0.010203449993426655,-1.5357463699699376,-0.6391111706880549,31.31445905041682,28.813549727313738,25.98699029730501,139.81403813884603,5.027124121472617,0.25238956740727625,1.2687936823211574,0.061648048843742864,ZONE_01,SUSPENSION_FAULT,REAR_BOGIE,3
13.94,RUN_059_SUSPENSION_FAULT,TRAIN001,0.1242279640968712,-0.8303019284970533,-1.2229792754627993,31.088052397293943,28.676833864432062,25.975528769479215,139.9442159570638,5.008170244433814,0.22042771476149203,1.1039395221170487,-0.07387591659553772,ZONE_01,SUSPENSION_FAULT,REAR_BOGIE,3
13.950000000000001,RUN_059_SUSPENSION_FAULT,TRAIN001,0.07588328372600552,-0.8809706566784943,-0.6839308333886416,31.10539915926405,28.822571503321964,26.039711574597266,141.16447616733345,5.007995373497251,0.2528285799048092,1.2661643584511646,0.7051448683594854,ZONE_01,SUSPENSION_FAULT,REAR_BOGIE,3
13.96,RUN_059_SUSPENSION_FAULT,TRAIN001,-0.1676006703692915,-0.8062320941061214,0.7664606749196986,30.87847992755858,28.693162065359708,25.98794677398002,139.08551737117307,5.008663256337034,0.2630722959079161,1.3176405422742028,0.5027310130783162,ZONE_01,SUSPENSION_FAULT,REAR_BOGIE,3
13.97,RUN_059_SUSPENSION_FAULT,TRAIN001,-0.259957600694402,-0.29849168820550814,0.8333951372655782,31.315421135160754,28.704738014815348,26.111876585877003,139.34850711304634,4.98314633909826,0.19450097416601786,0.9692268173664372,0.8187362821593862,ZONE_01,SUSPENSION_FAULT,REAR_BOGIE,3
13.98,RUN_059_SUSPENSION_FAULT,TRAIN001,0.24395315042789867,-0.9553459827657038,0.5390180014002087,31.25177947586657,28.572115093907154,25.946888301782955,139.56323296330066,5.019532818483034,0.2101199105607542,1.0547037868764255,1.011759017527093,ZONE_01,SUSPENSION_FAULT,REAR_BOGIE,3
13.99,RUN_059_SUSPENSION_FAULT,TRAIN001,-0.22308010646287674,0.25306012495980224,0.30889535528898593,31.160968296961112,28.80886928640804,26.018203578097104,140.31845713256817,4.968386984665559,0.22076399384978773,1.0968409537260728,0.8501360295724237,ZONE_01,SUSPENSION_FAULT,REAR_BOGIE,3
14.0,RUN_059_SUSPENSION_FAULT,TRAIN001,0.016757631535746744,0.7058856492189542,-0.07862845350105863,31.172862372148284,28.64177104084334,25.964446169353703,140.49249908085122,5.01590627949025,0.22268907341940225,1.116987521738245,1.855910441526114,ZONE_01,SUSPENSION_FAULT,REAR_BOGIE,3
14.01,RUN_059_SUSPENSION_FAULT,TRAIN001,-0.052693795375198554,-0.34963545089264947,0.45565341688280125,31.189984441621206,28.86141822518506,25.945851957299038,139.36250154217288,5.0320680592227305,0.2152108327521792,1.082955557490966,0.7478815915486838,ZONE_01,SUSPENSION_FAULT,REAR_BOGIE,3
14.02,RUN_059_SUSPENSION_FAULT,TRAIN001,-0.05688706579447705,0.5859921876509536,2.3215902544435387,31.084007755939947,28.73165071716299,26.01598618875391,140.44988174654785,4.996762355024424,0.25751120087578483,1.286722274533254,1.5554567834619333,ZONE_01,SUSPENSION_FAULT,REAR_BOGIE,3
14.030000000000001,RUN_059_SUSPENSION_FAULT,TRAIN001,-0.083469190685855,0.6435506861092686,2.580576015775379,31.236478415898716,28.732172392343298,25.958478791698756,140.361666773908,5.0233869246154015,0.20407713581866424,1.0251584156844393,1.607532458491494,ZONE_01,SUSPENSION_FAULT,REAR_BOGIE,3
14.040000000000001,RUN_059_SUSPENSION_FAULT,TRAIN001,0.22248075345631926,0.6946850096174171,7.76522106146311,30.97300610664472,28.782527801584102,25.973019545435076,138.60995517528016,4.9972346702861845,0.1954917620054158,0.9769182108487993,1.6777503735430006,ZONE_01,SUSPENSION_FAULT,REAR_BOGIE,3
14.05,RUN_059_SUSPENSION_FAULT,TRAIN001,0.10664648550983469,1.834039022291274,2.046044112006195,31.154849489317794,28.864910765412155,25.93124985127949,139.54963738568543,4.999772313418934,0.21508786074868516,1.0753903311237831,1.602105627999479,ZONE_01,SUSPENSION_FAULT,REAR_BOGIE,3
14.06,RUN_059_SUSPENSION_FAULT,TRAIN001,-0.1040347263678097,0.7429543044356401,3.3686344522637164,31.274066146973226,28.79606727681371,26.00971798155776,140.48475842199156,4.984822711075464,0.2389664948137326,1.1912056105335913,1.7642089001704924,ZONE_01,SUSPENSION_FAULT,REAR_BOGIE,3
14.07,RUN_059_SUSPENSION_FAULT,TRAIN001,0.07787180791392004,0.3950699403916431,2.276662035340631,31.224971938616797,28.56988536279073,26.000431824490867,140.63715867008145,4.990645428019895,0.22853798903478906,1.1405520701053309,1.660876842941357,ZONE_01,SUSPENSION_FAULT,REAR_BOGIE,3
14.08,RUN_059_SUSPENSION_FAULT,TRAIN001,0.028167385784674,1.5290105684681405,2.4966497707103907,31.11983924581897,28.558736956714302,26.016393701714723,140.08740844875294,5.003814469064532,0.24773761825045956,1.239633078733235,1.5178430219285572,ZONE_01,SUSPENSION_FAULT,REAR_BOGIE,3
14.09,RUN_059_SUSPENSION_FAULT,TRAIN001,0.2106535263566595,1.3208371170346866,2.353694458213968,31.313523005524704,28.638052071589236,25.944451851122576,140.80991639807695,5.014121864396735,0.24679397087078522,1.237455045344495,1.683019524716769,ZONE_01,SUSPENSION_FAULT,REAR_BOGIE,3
14.1,RUN_059_SUSPENSION_FAULT,TRAIN001,0.01688865699008529,0.5414747269735958,2.91158038318514,31.164706748561013,28.655831697688388,25.9748102563032,139.45792283396744,5.005294314997962,0.2216128794877571,1.1092376858303992,1.0297442262212284,ZONE_01,SUSPENSION_FAULT,REAR_BOGIE,3
14.11,RUN_059_SUSPENSION_FAULT,TRAIN001,-0.1672426655053666,0.36307862143397207,1.739803705698745,31.169800404641933,28.804254978097163,26.10026498348984,140.18240916109082,4.969777366295512,0.2535902721756478,1.2602871949712529,1.4993840140375927,ZONE_01,SUSPENSION_FAULT,REAR_BOGIE,3
14.120000000000001,RUN_059_SUSPENSION_FAULT,TRAIN001,0.18348014285307887,0.3548236868204683,1.1428876842580067,31.167356465064927,28.659913239447594,25.85490072752054,141.5756196645103,4.977848334357465,0.21871754353363143,1.0887427597736437,1.2641108052533236,ZONE_01,SUSPENSION_FAULT,REAR_BOGIE,3
14.13,RUN_059_SUSPENSION_FAULT,TRAIN001,0.19313303186642494,-0.18150108831390538,1.9131105209279315,31.054270434018356,28.814650666240638,26.052295873946033,140.33727275268456,4.9684016320971995,0.2463659241254053,1.2240448595177986,1.4809833192844617,ZONE_01,SUSPENSION_FAULT,REAR_BOGIE,3
14.14,RUN_059_SUSPENSION_FAULT,TRAIN001,0.20114898044846014,0.5070841156235578,1.3908022394566528,31.19452190274151,28.73671611568144,26.029716507050093,140.34738160619472,4.991834739186447,0.2245662796398802,1.120997755956212,1.4648216326683365,ZONE_01,SUSPENSION_FAULT,REAR_BOGIE,3
14.15,RUN_059_SUSPENSION_FAULT,TRAIN001,0.08585830333129008,-0.536552989111587,0.2935985714147632,31.220836665278757,28.868089248752174,25.90415559308223,140.10787035439017,4.986213917714755,0.22598736700318509,1.1268213545789936,1.2497247895160244,ZONE_01,SUSPENSION_FAULT,REAR_BOGIE,3
14.16,RUN_059_SUSPENSION_FAULT,TRAIN001,-0.1901506544743521,-0.2776015046336855,0.7813856191425952,31.2629822728589,28.77745770449129,26.038071593826277,139.88964687730902,4.978476715377369,0.21225889484001714,1.0567259655927588,1.1109141645871932,ZONE_01,SUSPENSION_FAULT,REAR_BOGIE,3
14.17,RUN_059_SUSPENSION_FAULT,TRAIN001,-0.109461882778749,-1.1566544628199362,-0.19587568036595243,31.150945916253914,28.779270358101346,25.98419058408112,138.9143156970407,4.9872215365007095,0.23420477855320954,1.168031115551946,-0.006178099919268876,ZONE_01,SUSPENSION_FAULT,REAR_BOGIE,3
14.18,RUN_059_SUSPENSION_FAULT,TRAIN001,-0.03241879954274689,-1.0291910200370478,-0.6031356562728685,31.160868299149453,28.75428664297602,26.0127027132129,139.6805892586132,4.992584087118068,0.23728776968206558,1.1846791429824177,0.3074535105137525,ZONE_01,SUSPENSION_FAULT,REAR_BOGIE,3
14.19,RUN_059_SUSPENSION_FAULT,TRAIN001,0.01493676045884154,-1.201242055561952,0.10088985013418167,31.1865490565913,28.652163808772745,25.978411320583614,139.09471282637597,4.960614713365543,0.24295172847821017,1.2051899189265998,1.188669291234836,ZONE_01,SUSPENSION_FAULT,REAR_BOGIE,3
14.200000000000001,RUN_059_SUSPENSION_FAULT,TRAIN001,-0.04712590048401281,-0.6682430003309585,-1.0115408613815546,31.20138976861125,28.73545466172412,26.0146196779923,140.7285057293733,4.984640881607034,0.23201789498591838,1.1565258846112165,0.4129896256513419,ZONE_01,SUSPENSION_FAULT,REAR_BOGIE,3
14.21,RUN_059_SUSPENSION_FAULT,TRAIN001,0.053061373859308814,-0.1949828339961679,-0.24841309961524302,31.252538117656126,28.857063639912006,25.976540853959445,139.4373132748765,4.988985288034569,0.226306408655456,1.129039343370009,0.9993777288906517,ZONE_01,SUSPENSION_FAULT,REAR_BOGIE,3
14.22,RUN_059_SUSPENSION_FAULT,TRAIN001,-0.1231357164906552,-0.7737173522515695,-0.13658766010011886,31.292178161861496,28.7499985461202,25.92936909986401,139.5424835408312,5.005188389617774,0.2499770147751029,1.2511820520236558,0.25780921875353235,ZONE_01,SUSPENSION_FAULT,REAR_BOGIE,3
14.23,RUN_059_SUSPENSION_FAULT,TRAIN001,-0.06730765810812754,-1.139947069636455,-0.05664017395712412,31.173074176634003,28.757959447560836,26.0600609177014,139.0104305636253,5.0456234389358565,0.198565086527099,1.0018846547354572,0.2195935378403096,ZONE_01,SUSPENSION_FAULT,REAR_BOGIE,3
14.24,RUN_059_SUSPENSION_FAULT,TRAIN001,-0.09203676864023645,-1.164414647803006,-1.2179839079641535,31.094262794601274,28.690454864643872,25.934308117284473,140.77464511135167,5.015418836934328,0.23580900046285136,1.1826809028400405,0.6646226732922412,ZONE_01,SUSPENSION_FAULT,REAR_BOGIE,3
14.25,RUN_059_SUSPENSION_FAULT,TRAIN001,-0.03158197172198408,-1.045126745625491,-1.8106495640924527,31.175080460933984,28.62979129022576,25.95409954065777,139.28916894571606,5.013706841453845,0.26957846923271217,1.351587415500704,1.4846988034484943,ZONE_01,SUSPENSION_FAULT,REAR_BOGIE,3
14.26,RUN_059_SUSPENSION_FAULT,TRAIN001,-0.1764257742208707,-1.1165092987679328,0.1495098776444302,31.32210046174916,28.784026630530327,25.99828197193269,139.9754305201469,5.002139345203209,0.24753617407811507,1.2382104357172101,0.515238691852455,ZONE_01,SUSPENSION_FAULT,REAR_BOGIE,3
14.27,RUN_059_SUSPENSION_FAULT,TRAIN001,0.19494825962660628,-0.5308636337317411,0.5278474561437138,31.125825847491818,28.688260430705185,25.990059669309087,139.64900086358602,4.97641887710064,0.20713337615305383,1.0307824431656445,0.20243130354749062,ZONE_01,SUSPENSION_FAULT,REAR_BOGIE,3
14.280000000000001,RUN_059_SUSPENSION_FAULT,TRAIN001,-0.11969210158093023,-0.22794993607952999,1.1530889103149817,31.253067791965016,28.76070045246015,25.988584812213386,138.81408713286015,5.022818492289059,0.21239957697278408,1.0668445229732733,0.8740551552663748,ZONE_01,SUSPENSION_FAULT,REAR_BOGIE,3
14.290000000000001,RUN_059_SUSPENSION_FAULT,TRAIN001,-0.08189730664282067,0.8216946972084348,1.474755551239439,31.148332491327263,28.729663866622136,26.005446564214704,141.10395272172596,4.943520221635666,0.21572905929035124,1.0664609669962908,0.7283759079255561,ZONE_01,SUSPENSION_FAULT,REAR_BOGIE,3
14.3,RUN_059_SUSPENSION_FAULT,TRAIN001,0.033892846211288706,0.6065998149178389,-0.8889782965758326,31.147923951432908,28.796605392780364,25.963883937145066,139.08335347130694,4.989447700218439,0.25016496636727525,1.2481850161164247,1.0315605322839378,ZONE_01,SUSPENSION_FAULT,REAR_BOGIE,3
14.31,RUN_059_SUSPENSION_FAULT,TRAIN001,-0.09672960325855696,1.269651529873018,1.0324008128942648,31.270778509741856,28.79938362920524,25.99476984921048,140.3051428486372,5.019242088050116,0.24750589340656334,1.2422919972266684,1.0765340282760358,ZONE_01,SUSPENSION_FAULT,REAR_BOGIE,3
14.32,RUN_059_SUSPENSION_FAULT,TRAIN001,0.08633546087197606,-0.27845872680514405,1.2862990430387984,31.170160828693422,28.637627589018923,25.933400889599728,139.53138517671377,5.004775852893686,0.25167937932523227,1.2595988803181928,1.310552502542248,ZONE_01,SUSPENSION_FAULT,REAR_BOGIE,3
14.33,RUN_059_SUSPENSION_FAULT,TRAIN001,0.08321898618088758,0.5318264344024286,2.0916908581414684,31.239128632673964,28.785498134719063,26.00534697668941,140.08958499624796,5.029175991425951,0.21173803962742338,1.064867865365834,2.053113100325103,ZONE_01,SUSPENSION_FAULT,REAR_BOGIE,3
14.34,RUN_059_SUSPENSION_FAULT,TRAIN001,0.09393387513011518,1.1340535548017372,3.8600786738597623,31.119958437482918,28.86440950416216,26.069147331036035,141.6559994179782,4.980776041437183,0.21083591864988155,1.050126492285729,1.7527635303354971,ZONE_01,SUSPENSION_FAULT,REAR_BOGIE,3
14.35,RUN_059_SUSPENSION_FAULT,TRAIN001,-0.09106998172527492,1.2003790324187535,1.7973788224054514,31.45390873054104,28.752478455411993,26.00088578421501,139.43279877296487,5.0036544392134195,0.269659149653233,1.349281201236915,1.6760816005851895,ZONE_01,SUSPENSION_FAULT,REAR_BOGIE,3
14.36,RUN_059_SUSPENSION_FAULT,TRAIN001,-0.1007283169487958,2.0323922186983694,2.99136832849746,31.25839817029835,28.641695766557948,25.886291665310434,139.49954257299936,4.998072058813523,0.2285574225689987,1.1423464675765476,1.6359937646358564,ZONE_01,SUSPENSION_FAULT,REAR_BOGIE,3
14.370000000000001,RUN_059_SUSPENSION_FAULT,TRAIN001,-0.052384370460870334,1.2134928404015297,3.0301921260671802,31.11178005223973,28.69984827442842,25.981761045877306,139.68178703526837,5.045954670576718,0.24002356048328619,1.2111480060690913,1.7862567477255489,ZONE_01,SUSPENSION_FAULT,REAR_BOGIE,3
14.38,RUN_059_SUSPENSION_FAULT,TRAIN001,-0.06440436829259315,1.033776157514114,2.4535903845051914,31.338183983137597,28.773906951054627,25.97551098843284,140.44753234094037,4.959949968261183,0.24538996650137285,1.217121956560097,1.55581515171222,ZONE_01,SUSPENSION_FAULT,REAR_BOGIE,3
14.39,RUN_059_SUSPENSION_FAULT,TRAIN001,-0.015483842479489088,0.2996083354501219,1.3304579606618137,31.214509085676315,28.573688847301366,26.03629570784414,138.80314078858376,4.991797992565484,0.21988295792195386,1.09761130795417,2.1793174249383243,ZONE_01,SUSPENSION_FAULT,REAR_BOGIE,3
14.4,RUN_059_SUSPENSION_FAULT,TRAIN001,0.01228189753038618,0.6600638467553681,1.2002427605575212,31.464088125991797,28.69740699934493,26.02942375640653,140.82764170317748,4.990948643109877,0.21742242484409274,1.0851441562572839,1.452114980968738,ZONE_01,SUSPENSION_FAULT,REAR_BOGIE,3
14.41,RUN_059_SUSPENSION_FAULT,TRAIN001,-0.017133157537594774,0.19492037105533777,1.59239690040304,31.260793232270114,28.72486923785469,26.040304219693702,139.95948634542353,4.993180341917184,0.22627015391210775,1.1298076844765121,1.036689696112406,ZONE_01,SUSPENSION_FAULT,REAR_BOGIE,3
14.42,RUN_059_SUSPENSION_FAULT,TRAIN001,-0.06282322694075188,0.13186987085412635,2.1992580644473563,31.287074996525423,28.878563183135608,26.00627904857189,139.40414985643196,5.021952162371269,0.2512170482533851,1.2615999987006148,1.0363837783359529,ZONE_01,SUSPENSION_FAULT,REAR_BOGIE,3
14.43,RUN_059_SUSPENSION_FAULT,TRAIN001,0.10675532262476294,0.23714286624716027,0.16242810965293042,31.213321295984414,28.701919376865543,25.989578545174197,140.91180283784257,4.9809914915737785,0.19529894492725694,0.9727823829960027,1.4854259289759688,ZONE_01,SUSPENSION_FAULT,REAR_BOGIE,3
14.44,RUN_059_SUSPENSION_FAULT,TRAIN001,0.11692608418537412,-0.3601789194018349,-0.5722290400064041,31.260864859649686,28.736866660054126,26.000677336731417,139.43289764426964,5.037395776332508,0.22714389372379104,1.144213690863945,1.3035733145105277,ZONE_01,SUSPENSION_FAULT,REAR_BOGIE,3
14.450000000000001,RUN_059_SUSPENSION_FAULT,TRAIN001,0.07765534096451854,-1.582353962678713,0.8802752214621423,31.242006382428766,28.72045916725503,26.061429603588586,139.63980215151264,4.986238986562562,0.25024408042191926,1.2477767899562708,1.2441873944900301,ZONE_01,SUSPENSION_FAULT,REAR_BOGIE,3
14.46,RUN_059_SUSPENSION_FAULT,TRAIN001,0.05152159425391602,-0.33289622272872227,0.3138198173410002,31.155988907278434,28.630055753136933,26.00441803753581,140.78867426841592,4.986202477172882,0.20783769698643512,1.0363208395636696,1.0716489288874678,ZONE_01,SUSPENSION_FAULT,REAR_BOGIE,3
14.47,RUN_059_SUSPENSION_FAULT,TRAIN001,0.03832255079151589,-1.205863666259751,-0.2586067699178486,31.372850008152966,28.88684150723578,25.989591406141,139.8512204838071,5.021784063035298,0.22000537775015214,1.1048194997677745,0.6737868270853314,ZONE_01,SUSPENSION_FAULT,REAR_BOGIE,3
14.48,RUN_059_SUSPENSION_FAULT,TRAIN001,0.16111703627049465,-0.6653281052642323,-0.4717577883957198,31.25776245930898,28.790312937943742,25.979581728361392,139.54928381447863,5.002896337869662,0.206914892379326,1.0351737573352253,0.507410321516277,ZONE_01,SUSPENSION_FAULT,REAR_BOGIE,3
14.49,RUN_059_SUSPENSION_FAULT,TRAIN001,-0.06550293594652566,-0.9593121961151897,0.10063649403384811,31.346866906815073,28.748467372117034,26.050675533621472,138.34073910968579,4.965358124264144,0.24397282760451255,1.2114124616457618,0.6061650433429951,ZONE_01,SUSPENSION_FAULT,REAR_BOGIE,3
14.5,RUN_059_SUSPENSION_FAULT,TRAIN001,-0.13545415685810305,-0.837730739123677,-0.38136452603145016,31.1630682366841,28.791403109428,26.051801975920586,139.7028426163184,5.0048407346755726,0.24692182140555807,1.2358043900508238,0.07841052871588439,ZONE_01,SUSPENSION_FAULT,REAR_BOGIE,3
14.51,RUN_059_SUSPENSION_FAULT,TRAIN001,-0.025782784895579072,-1.202982267187939,-0.06178346917827343,31.24096660635354,28.658819291696837,26.06871942307156,139.97839081007547,4.999381677716566,0.23230261432082006,1.1613694337211657,0.6103048573122538,ZONE_01,SUSPENSION_FAULT,REAR_BOGIE,3
14.52,RUN_059_SUSPENSION_FAULT,TRAIN001,-0.011108745490414912,-1.1587646529217652,-0.7435296664039096,31.368060688091113,28.633165480394,25.975994617603575,139.22242346231218,5.010225718921181,0.21184691488538918,1.0614008614328834,0.16132367682288828,ZONE_01,SUSPENSION_FAULT,REAR_BOGIE,3
14.530000000000001,RUN_059_SUSPENSION_FAULT,TRAIN001,-0.040285895171253104,-1.0752061003121876,-0.9087359028211239,31.347203708211282,28.651973809667584,25.993348633364214,140.8928861967103,5.022231900292158,0.17705068967289006,0.8891896216439158,0.6819107704152185,ZONE_01,SUSPENSION_FAULT,REAR_BOGIE,3
14.540000000000001,RUN_059_SUSPENSION_FAULT,TRAIN001,-0.034573138841137704,-0.4618816510920879,0.327925532374445,31.05929925253574,28.502962155370795,25.918297085691485,139.75782690517892,4.997815537899433,0.18189453043499998,0.9090753104669641,0.6197805574792989,ZONE_01,SUSPENSION_FAULT,REAR_BOGIE,3
14.55,RUN_059_SUSPENSION_FAULT,TRAIN001,-0.03168930273410591,0.023155719833181654,1.0393856309184746,31.317296609290604,28.729625358081698,26.022497252091405,139.7566959536102,5.033277305123094,0.24865551819991832,1.2515521765492714,0.25735074395757607,ZONE_01,SUSPENSION_FAULT,REAR_BOGIE,3
14.56,RUN_059_SUSPENSION_FAULT,TRAIN001,0.024786703910130506,-0.7390219426228568,0.2485564987195304,31.429511181939382,28.679950751027633,26.046011957678612,140.73815115682757,5.027359649714653,0.2668399063489552,1.3415001781123743,1.316384295747089,ZONE_01,SUSPENSION_FAULT,REAR_BOGIE,3
14.57,RUN_059_SUSPENSION_FAULT,TRAIN001,-0.07847952556804498,-0.7950440683378099,0.5168194635363039,31.10037439703206,28.70924120200738,25.949190661819596,140.1642395034729,5.00605358892165,0.24935769526917975,1.2482979853275085,1.0937081039485426,ZONE_01,SUSPENSION_FAULT,REAR_BOGIE,3
14.58,RUN_059_SUSPENSION_FAULT,TRAIN001,-0.11089953266988384,0.2519183478571437,1.541411786298624,31.086815737901077,28.770648672868013,25.937478034711642,140.77155090320568,4.993550559233361,0.20161222781844168,1.0067608529710632,1.0608880355703534,ZONE_01,SUSPENSION_FAULT,REAR_BOGIE,3
14.59,RUN_059_SUSPENSION_FAULT,TRAIN001,-0.014659293109073789,0.5327562387670142,2.0032305911420827,31.329965788851354,28.7743399588854,26.035638793686914,138.889230073775,4.996273291016722,0.25061294688215435,1.2521307728903004,0.8426888789458227,ZONE_01,SUSPENSION_FAULT,REAR_BOGIE,3
14.6,RUN_059_SUSPENSION_FAULT,TRAIN001,0.04635381894111518,0.5871209740565977,2.0675652055782594,31.084654815430646,28.669876462033404,25.995671196671523,139.92397110146197,4.976093071538569,0.23628725392735483,1.175787367160785,1.1927045547416677,ZONE_01,SUSPENSION_FAULT,REAR_BOGIE,3
14.61,RUN_059_SUSPENSION_FAULT,TRAIN001,-0.023504323212681175,1.088970912948594,2.3060495141540938,31.423985719191126,28.703603394403274,25.948924425233905,140.3182697081217,4.985397860347703,0.2234001693249493,1.113738726153917,1.6823462273493333,ZONE_01,SUSPENSION_FAULT,REAR_BOGIE,3
14.620000000000001,RUN_059_SUSPENSION_FAULT,TRAIN001,-0.1354398856503757,0.8808641173348715,2.0811363278794204,31.14711633604965,28.787534945046446,26.076975290706333,140.22480445733837,4.9870885493988295,0.24318587253256682,1.2127894802827273,1.474802751431301,ZONE_01,SUSPENSION_FAULT,REAR_BOGIE,3
14.63,RUN_059_SUSPENSION_FAULT,TRAIN001,-0.00743552844354479,1.1375817937813395,2.768423443413893,31.38659510162642,28.6344027992869,26.00183309990947,140.3723388768029,5.009698753870189,0.2883985130252372,1.4447896713205464,1.3478229981160201,ZONE_01,SUSPENSION_FAULT,REAR_BOGIE,3
14.64,RUN_059_SUSPENSION_FAULT,TRAIN001,-0.06139811925278954,1.2040223889604353,2.6906833859933865,31.354110182029928,28.833868532552984,25.880519893919498,141.4157894911036,4.994382136388717,0.22894283215220357,1.1434279911552059,1.6973523210440429,ZONE_01,SUSPENSION_FAULT,REAR_BOGIE,3
14.65,RUN_059_SUSPENSION_FAULT,TRAIN001,0.04529274325733068,0.8182989916092109,2.4475966367594353,31.240120946330027,28.701725624634317,26.011084238522443,139.7481401434615,4.992633106012996,0.2111110221563427,1.0539998782619997,2.02622866612129,ZONE_01,SUSPENSION_FAULT,REAR_BOGIE,3
14.66,RUN_059_SUSPENSION_FAULT,TRAIN001,-0.05086439350072907,0.8464284819377259,2.7099155506885038,31.468177734504415,28.74125626308894,26.002194130994557,139.6163742554155,4.990931834358695,0.23015978762522626,1.1487118110479781,2.0403015539060956,ZONE_01,SUSPENSION_FAULT,REAR_BOGIE,3
14.67,RUN_059_SUSPENSION_FAULT,TRAIN001,-0.0060044752877768635,0.910571195268339,2.524599714776033,31.297626350774433,28.744994941158676,25.95319587167202,140.5688410260337,4.968498039354291,0.22637432352698283,1.1247403826039681,2.0347591838173114,ZONE_01,SUSPENSION_FAULT,REAR_BOGIE,3
14.68,RUN_059_SUSPENSION_FAULT,TRAIN001,0.0935617121572996,0.34946764665498203,2.1485276708499668,31.34005986206342,28.831689553474437,25.96092848172724,139.56958893484656,5.007684103229489,0.25320423293308375,1.2679668121294203,1.1127870240877602,ZONE_01,SUSPENSION_FAULT,REAR_BOGIE,3
14.69,RUN_059_SUSPENSION_FAULT,TRAIN001,0.013061067113499561,1.239566377617098,1.1734373053591356,31.289564267197907,28.84784113869326,25.978128027454282,139.93395298970057,5.014314223357867,0.27722875365740207,1.3901120825880855,1.274733455584546,ZONE_01,SUSPENSION_FAULT,REAR_BOGIE,3
14.700000000000001,RUN_059_SUSPENSION_FAULT,TRAIN001,-0.008601862924403477,0.3406282859580478,2.555222445844955,31.248186080712955,28.846223401624,25.928485995617446,138.66916165066758,5.01056579387541,0.2181368440119426,1.0929890089901757,1.332995619693744,ZONE_01,SUSPENSION_FAULT,REAR_BOGIE,3
14.71,RUN_059_SUSPENSION_FAULT,TRAIN001,-0.027222954666584927,-0.07657122092238089,2.0277511796977636,31.151176066587308,28.73532452176437,26.070082854499475,140.1918989728477,4.9879644123818165,0.2631677962828888,1.3126716023439968,1.2901484990322312,ZONE_01,SUSPENSION_FAULT,REAR_BOGIE,3
14.72,RUN_059_SUSPENSION_FAULT,TRAIN001,-0.08246445801424707,-0.44317855283893215,0.7028060966696469,31.353825997899726,28.87058495537327,26.07296603635716,141.4139246963035,5.00925143448067,0.2633294875341794,1.319083613171648,0.5191824603434629,ZONE_01,SUSPENSION_FAULT,REAR_BOGIE,3
14.73,RUN_059_SUSPENSION_FAULT,TRAIN001,0.057376815104378566,0.24685228645692353,0.45314625972271183,31.33860279302372,28.685374612213124,26.03144764857702,138.38230938845612,5.002760555024052,0.24112723547889153,1.2063018223957946,1.1583539490733148,ZONE_01,SUSPENSION_FAULT,REAR_BOGIE,3
14.74,RUN_059_SUSPENSION_FAULT,TRAIN001,-0.1424641274644568,-0.14439136686555193,0.3698471308257948,31.19386097208072,28.92162796849339,26.00570419586793,139.68284982502266,5.004079406309966,0.17930168307543326,0.8972398597944917,0.09690007951689927,ZONE_01,SUSPENSION_FAULT,REAR_BOGIE,3
14.75,RUN_059_SUSPENSION_FAULT,TRAIN001,-0.06515810258062453,-1.0714545420976855,0.7506828578937328,31.321633848980905,28.814763617009753,26.04126023811157,140.29725793755642,4.9808835654851205,0.22671574859366347,1.1292447462068347,0.26936812630944185,ZONE_01,SUSPENSION_FAULT,REAR_BOGIE,3
14.76,RUN_059_SUSPENSION_FAULT,TRAIN001,-0.10287603757385887,-1.4380834326051224,-0.43394153453459494,31.19841373364226,28.731299056811192,25.94138162129681,139.1139112281379,5.0066712298135085,0.24326070848116807,1.217926390496715,0.6991022621390333,ZONE_01,SUSPENSION_FAULT,REAR_BOGIE,3
14.77,RUN_059_SUSPENSION_FAULT,TRAIN001,0.049768335140832565,-0.6557228205711793,-0.29687521837414316,31.14177859352928,28.83816793579823,26.00954119385509,141.069760005189,5.008643886448366,0.22032157391726528,1.1035123042533925,0.8750564807164234,ZONE_01,SUSPENSION_FAULT,REAR_BOGIE,3
14.780000000000001,RUN_059_SUSPENSION_FAULT,TRAIN001,0.23364638756003175,-0.30439217736129187,2.1028308754484586,31.26754456101057,28.88044732080104,25.98387071719324,140.38619142261726,5.000826579840694,0.22175100949853482,1.1089383424067791,0.39849659906626567,ZONE_01,SUSPENSION_FAULT,REAR_BOGIE,3
14.790000000000001,RUN_059_SUSPENSION_FAULT,TRAIN001,-0.12738212201894236,-1.2294102853197748,-0.7906130403150113,31.37633690680697,28.900522675451466,25.949693282154573,139.71103727663484,4.978288606854376,0.2545122639528439,1.2670355039411563,0.13691054467162905,ZONE_01,SUSPENSION_FAULT,REAR_BOGIE,3
14.8,RUN_059_SUSPENSION_FAULT,TRAIN001,0.0715215100687398,-0.7140472164884542,-0.5854024281542635,31.35918837172739,28.68512596290338,26.11550364517867,139.2991614296604,5.0163348425873675,0.21730272533894082,1.0900632325069217,0.8963226473648702,ZONE_01,SUSPENSION_FAULT,REAR_BOGIE,3
14.81,RUN_059_SUSPENSION_FAULT,TRAIN001,-0.0029455403731356057,-0.7002101291103547,-0.11084043747830166,31.32592231445579,28.603622658236727,26.07826005961143,140.45474654536528,5.030038482291222,0.22777158598461508,1.145699842675118,0.8106843185475056,ZONE_01,SUSPENSION_FAULT,REAR_BOGIE,3
14.82,RUN_059_SUSPENSION_FAULT,TRAIN001,0.21153990994387695,-0.6923007420001978,-0.15252916331194188,31.24108017299033,28.695152749070946,25.98730877024928,139.98849016956666,5.032912980119711,0.21959586664406347,1.1052068876135441,0.49478997751996634,ZONE_01,SUSPENSION_FAULT,REAR_BOGIE,3
14.83,RUN_059_SUSPENSION_FAULT,TRAIN001,-0.25226859557398373,0.07640384979651182,0.22675554648271176,31.25728732731396,28.783111945322986,25.981636456137092,139.6251708682935,5.029665015785606,0.20413901699887232,1.0267508721560914,0.6050359123709538,ZONE_01,SUSPENSION_FAULT,REAR_BOGIE,3
14.84,RUN_059_SUSPENSION_FAULT,TRAIN001,-0.08809089958691309,-0.015482066694160246,0.6911350794334946,31.222652187860216,28.831950540247696,25.952554723270897,139.49945281355082,4.966903765529212,0.2739255901840673,1.3605620453600558,0.736874390357424,ZONE_01,SUSPENSION_FAULT,REAR_BOGIE,3
14.85,RUN_059_SUSPENSION_FAULT,TRAIN001,0.0639469983563076,-0.6108866788945148,1.6742840645344053,31.30606615580649,28.834238640536462,26.03537674559917,140.17096330074386,4.965604214015912,0.24186165185408304,1.200989237655484,1.23330188267819,ZONE_01,SUSPENSION_FAULT,REAR_BOGIE,3
14.86,RUN_059_SUSPENSION_FAULT,TRAIN001,0.007551328408208751,0.14338324014004056,0.43700542905450757,31.34713236887576,28.78863656330163,25.996793620552967,140.51899286372014,4.993921002564199,0.20922010796984292,1.0448286913493479,0.710896099730171,ZONE_01,SUSPENSION_FAULT,REAR_BOGIE,3
14.870000000000001,RUN_059_SUSPENSION_FAULT,TRAIN001,0.050438120985064366,-0.3011795062448831,2.126121545987412,31.417284606174956,28.71603453920676,26.039512595494724,139.6380070711486,5.006075666524528,0.23613153295528921,1.1820923212266081,0.7054423285282652,ZONE_01,SUSPENSION_FAULT,REAR_BOGIE,3
14.88,RUN_059_SUSPENSION_FAULT,TRAIN001,-0.17867123175564414,0.044387247113145845,2.1878649456417167,31.24343992595728,28.82518991371659,26.02091230183092,139.208783820183,4.993043836125569,0.2246522052839075,1.1216983088648302,1.4625245534391524,ZONE_01,SUSPENSION_FAULT,REAR_BOGIE,3
14.89,RUN_059_SUSPENSION_FAULT,TRAIN001,-0.024508497494152404,0.35561477601629016,3.1293534702712007,31.41152533522515,28.637016744901498,25.902269063878396,140.5823196037431,4.969617141205541,0.24320379903259337,1.2086297684786835,1.4586148064766233,ZONE_01,SUSPENSION_FAULT,REAR_BOGIE,3
14.9,RUN_059_SUSPENSION_FAULT,TRAIN001,-0.06052678139691053,0.6683791155078438,2.6309354693152605,31.39613859033972,28.936246448754993,25.917946057144583,138.84772808334324,4.972628640534751,0.2502902998968535,1.2446007137151256,1.7732066196612597,ZONE_01,SUSPENSION_FAULT,REAR_BOGIE,3
14.91,RUN_059_SUSPENSION_FAULT,TRAIN001,0.22591856000592073,0.7158657718435792,2.555769788152157,31.345890260187204,28.72467298639774,25.96438435803879,140.81073609396074,5.007001606970163,0.21462923881454263,1.0746489436471978,1.434684840406176,ZONE_01,SUSPENSION_FAULT,REAR_BOGIE,3
14.92,RUN_059_SUSPENSION_FAULT,TRAIN001,0.046783312545459976,1.1009950172326008,2.6040898163258466,31.29203786501095,28.99801582602118,26.084912006297962,140.47032297175397,5.026490428260943,0.2604275651643062,1.309036663553688,2.0136469214217563,ZONE_01,SUSPENSION_FAULT,REAR_BOGIE,3
14.93,RUN_059_SUSPENSION_FAULT,TRAIN001,0.05052042809421471,1.2037221319482436,1.7425638124763063,31.4804435350922,28.8753253789768,26.02444233727336,139.47577224818303,5.006199044764304,0.2531341799222243,1.2672400897238347,1.8088984110061914,ZONE_01,SUSPENSION_FAULT,REAR_BOGIE,3
14.94,RUN_059_SUSPENSION_FAULT,TRAIN001,-0.019067267474274334,1.10748077768615,3.679917208691693,31.237402425399825,28.8423750579009,26.062950113314425,141.17764819351984,4.982477083598733,0.220157309343335,1.0969287485899237,1.684948651359211,ZONE_01,SUSPENSION_FAULT,REAR_BOGIE,3
14.950000000000001,RUN_059_SUSPENSION_FAULT,TRAIN001,0.16109358182675945,0.6801911466121129,1.7050179712300295,31.434870892724778,28.96544111224479,26.005520098795003,139.01411167441697,5.024792366803379,0.2265680639653935,1.138457478374729,1.9275567460921004,ZONE_01,SUSPENSION_FAULT,REAR_BOGIE,3
14.96,RUN_059_SUSPENSION_FAULT,TRAIN001,0.021580045607866243,0.8699405684213201,2.025491390423377,31.382239820740743,28.82862858837936,25.957917598188065,139.921868568218,4.9932200687349235,0.22721410030451125,1.1345300055400356,1.3785738749792975,ZONE_01,SUSPENSION_FAULT,REAR_BOGIE,3
14.97,RUN_059_SUSPENSION_FAULT,TRAIN001,0.04726409988337077,0.8729796178682989,3.078301685558775,31.440103270870004,28.916139607665976,26.148588535578906,139.4797198315388,4.994194700002532,0.251077988800053,1.2539323609525197,1.5047248410933625,ZONE_01,SUSPENSION_FAULT,REAR_BOGIE,3
14.98,RUN_059_SUSPENSION_FAULT,TRAIN001,-0.09001740956732485,1.1925155155680756,1.9991966025476777,31.411049321201034,28.7275390632763,26.011023558727626,139.19944144396024,5.044104780241409,0.21490925482829354,1.0840247995975145,1.4815500337534522,ZONE_01,SUSPENSION_FAULT,REAR_BOGIE,3
14.99,RUN_059_SUSPENSION_FAULT,TRAIN001,0.10891088852304041,0.3317393579570722,1.9191648996593766,31.403147217611245,28.766031924327432,25.962021832121657,139.0094095787106,5.027167256641906,0.23319507858277086,1.172310663461342,1.2316571836551602,ZONE_01,SUSPENSION_FAULT,REAR_BOGIE,3
15.0,RUN_059_SUSPENSION_FAULT,TRAIN001,0.1038113606255501,0.33074180782468593,0.580950365179647,31.396400226577683,28.837908405862375,25.984547550714588,140.92208364825203,4.991465832293132,0.2659077539026293,1.3272694681467847,1.1604419773629915,ZONE_01,SUSPENSION_FAULT,REAR_BOGIE,3
15.01,RUN_059_SUSPENSION_FAULT,TRAIN001,-0.10518072462590616,-0.22246692162431198,0.13009876364800943,31.363436028874506,28.916534183696836,26.066093567295603,139.8246901081275,4.982063020938494,0.2039020893228188,1.0158530591073132,1.4326611956393676,ZONE_01,SUSPENSION_FAULT,REAR_BOGIE,3
15.02,RUN_059_SUSPENSION_FAULT,TRAIN001,-0.07703227467041619,-1.7319034628331722,1.663053014592359,31.32097797561757,28.908972209375708,26.02790743242166,139.79993130036172,5.00268978040359,0.22432704020740507,1.1222385915137705,1.0470566348236465,ZONE_01,SUSPENSION_FAULT,REAR_BOGIE,3
15.030000000000001,RUN_059_SUSPENSION_FAULT,TRAIN001,0.042474365793803925,-1.5266354240621653,0.5583842850758426,31.19122073462462,28.894564373734017,26.036687991592487,140.34127963276643,4.999356264758701,0.2621498126638863,1.31058030824652,0.518434439592096,ZONE_01,SUSPENSION_FAULT,REAR_BOGIE,3
15.040000000000001,RUN_059_SUSPENSION_FAULT,TRAIN001,-0.01606214408315524,-0.4772867147291953,-0.03466932869610885,31.197577161425976,28.854236812258723,26.05098761083321,139.23555666965035,5.015478924304875,0.24200123385227248,1.2137520880418482,0.03810705229614997,ZONE_01,SUSPENSION_FAULT,REAR_BOGIE,3
15.05,RUN_059_SUSPENSION_FAULT,TRAIN001,-0.09151635365731847,-0.6211119738601405,-1.213130502468832,31.3590432895676,28.903802850918883,26.006698017770958,140.1765321665338,5.001424475690731,0.23296790585479615,1.1651713863925914,0.6699219777788156,ZONE_01,SUSPENSION_FAULT,REAR_BOGIE,3
15.06,RUN_059_SUSPENSION_FAULT,TRAIN001,0.018952903717888093,-1.3291851729510138,-0.06092051646833513,31.13437412320917,28.804778181949818,26.016936179916634,140.48896234668533,5.023131989602595,0.23877245083739584,1.199385536037136,0.1721225538438017,ZONE_01,SUSPENSION_FAULT,REAR_BOGIE,3
15.07,RUN_059_SUSPENSION_FAULT,TRAIN001,0.07406158913570753,-1.6886303580042334,0.018505892544358082,31.422645465842503,29.023670943027845,25.973485082831495,139.942394637518,4.999036535494791,0.22041905316800275,1.1018828999060146,0.38208779180445807,ZONE_01,SUSPENSION_FAULT,REAR_BOGIE,3
15.08,RUN_059_SUSPENSION_FAULT,TRAIN001,0.0010653175555562623,-0.6935889649286797,-0.48585211315084886,31.29243540556253,28.699441968093105,25.971775629666197,140.672273097459,5.0185322763390126,0.23831157664070157,1.1959743391965991,1.073524822992677,ZONE_01,SUSPENSION_FAULT,REAR_BOGIE,3
15.09,RUN_059_SUSPENSION_FAULT,TRAIN001,-0.0442658762428072,-0.6425876221815359,-0.2808567316251105,31.284318711100397,28.88059767760782,26.04210752718969,139.87252230659482,4.969269408584058,0.2560946463327794,1.272603291723634,0.578470908765256,ZONE_01,SUSPENSION_FAULT,REAR_BOGIE,3
15.1,RUN_059_SUSPENSION_FAULT,TRAIN001,0.042799783536965855,-1.9694953685549925,0.20039860312067143,31.366745711089504,28.865323429196618,26.035803948624,139.20376210240033,5.002943580269307,0.22086281234206515,1.1049641891269595,0.8437820681786433,ZONE_01,SUSPENSION_FAULT,REAR_BOGIE,3
15.11,RUN_059_SUSPENSION_FAULT,TRAIN001,-0.019729069776190825,-1.2326788304907468,-0.19970327386371434,31.428327943772278,28.815491328840107,26.056154973717224,140.3182351143958,5.004529521378874,0.23039856424177682,1.1530364164312792,0.9951006383751453,ZONE_01,SUSPENSION_FAULT,REAR_BOGIE,3
15.120000000000001,RUN_059_SUSPENSION_FAULT,TRAIN001,-0.029332263796120018,-0.49841782850266425,0.5612736843171866,31.39114710515468,28.727723472400516,26.07236086691299,139.73983599875177,4.991321686725198,0.24455335731054986,1.2206444759056037,0.7986918264670548,ZONE_01,SUSPENSION_FAULT,REAR_BOGIE,3
15.13,RUN_059_SUSPENSION_FAULT,TRAIN001,0.0459518329960283,0.14289314089028765,0.3764645411005809,31.369734100087193,28.879237428090345,25.88975122180351,139.59453602490453,4.939387085022362,0.2539249869542328,1.2542338011262093,1.1678018177729788,ZONE_01,SUSPENSION_FAULT,REAR_BOGIE,3
15.14,RUN_059_SUSPENSION_FAULT,TRAIN001,0.14654316658111818,-0.21219528760546685,0.3680888121894086,31.28062914101745,28.806668826301827,25.938653944116208,138.9372434328548,4.997697137174206,0.23576486559925589,1.1782813938516625,0.25709007777265047,ZONE_01,SUSPENSION_FAULT,REAR_BOGIE,3
15.15,RUN_059_SUSPENSION_FAULT,TRAIN001,0.14099140597773,0.17197658033347882,0.8758024757854237,31.364785775173413,28.690490289472724,25.927572327007514,141.4982375643714,4.984036788543505,0.2054071034391985,1.0237565601691263,1.491271768127931,ZONE_01,SUSPENSION_FAULT,REAR_BOGIE,3
15.16,RUN_059_SUSPENSION_FAULT,TRAIN001,0.026310054495397014,0.9940336158764538,2.564334226188249,31.45515803614162,28.921371717130885,26.0710219579318,138.26370321252134,4.979597065122238,0.24042723140699318,1.1972307358897285,1.4688262872747584,ZONE_01,SUSPENSION_FAULT,REAR_BOGIE,3
15.17,RUN_059_SUSPENSION_FAULT,TRAIN001,-0.023686225982991645,0.7223776135558632,2.1370353032835148,31.554773690783538,28.896381392032417,26.069631193015685,139.76501394674506,5.000263003370468,0.22734472347304555,1.1367834097937592,1.15082655237406,ZONE_01,SUSPENSION_FAULT,REAR_BOGIE,3
15.18,RUN_059_SUSPENSION_FAULT,TRAIN001,0.010089928943459617,1.158381582303062,1.917860624258815,31.4539303297382,28.784319844674652,26.008969495480443,139.25900767374696,4.996096148787559,0.2096921098653979,1.0476419425296521,1.028704246372623,ZONE_01,SUSPENSION_FAULT,REAR_BOGIE,3
15.19,RUN_059_SUSPENSION_FAULT,TRAIN001,0.0354331287933491,0.9912285969975967,2.5538180272707125,31.2675263643339,28.8117436433181,26.026316479638655,140.13292131925522,4.989596632451078,0.24824616969502536,1.2386482523291773,1.4480332022506417,ZONE_01,SUSPENSION_FAULT,REAR_BOGIE,3
15.200000000000001,RUN_059_SUSPENSION_FAULT,TRAIN001,0.0760030736107687,1.5939330171827093,2.360358548969269,31.477772712988433,28.79980998269082,25.920473158035232,140.31353280390456,5.0136752339094235,0.20419872118204174,1.0237860711863782,1.1689615519377323,ZONE_01,SUSPENSION_FAULT,REAR_BOGIE,3
15.21,RUN_059_SUSPENSION_FAULT,TRAIN001,-0.014161655719444003,1.0331698871011943,7.188463441355211,31.447408318648055,28.94760685555056,26.008733159198208,138.97499317375775,4.974234704041605,0.20395932302680897,1.014541542812785,1.6372648489581232,ZONE_01,SUSPENSION_FAULT,REAR_BOGIE,3
15.22,RUN_059_SUSPENSION_FAULT,TRAIN001,0.002740953802356395,1.1360596924921296,2.595314574243038,31.57700971729705,28.90444601151057,25.94292534287332,140.11225709701753,5.045187618768174,0.22488302962613135,1.1345770767408343,1.7853753722610646,ZONE_01,SUSPENSION_FAULT,REAR_BOGIE,3
15.23,RUN_059_SUSPENSION_FAULT,TRAIN001,0.03970358431424714,1.241400778536584,2.423997771870882,31.403668166940967,28.88995350597931,25.93352542275751,139.6661449167563,5.005548446373778,0.21739263907013512,1.0881693867506104,2.292198314080797,ZONE_01,SUSPENSION_FAULT,REAR_BOGIE,3
15.24,RUN_059_SUSPENSION_FAULT,TRAIN001,-0.09654669595494476,1.0733962520835443,3.1288594620987915,31.436147554736795,28.817924770888247,25.96124659116268,140.5289256330306,4.968705813265343,0.2725860150990399,1.354399717837434,1.8043499471204112,ZONE_01,SUSPENSION_FAULT,REAR_BOGIE,3
15.25,RUN_059_SUSPENSION_FAULT,TRAIN001,0.002019536434570133,1.0349263612755621,2.756217903166954,31.471526685310437,28.865674348177343,26.007797207895656,139.0287364480149,5.026340836326642,0.23145104965264532,1.1633518624797563,1.2352442671014612,ZONE_01,SUSPENSION_FAULT,REAR_BOGIE,3
15.26,RUN_059_SUSPENSION_FAULT,TRAIN001,0.03409293853029299,0.8915279918816348,1.7426732515657277,31.391460736279225,28.835778667085425,26.06322192573886,139.53835876634238,5.0029036857865465,0.2561836760711614,1.28166225725476,1.7174718054403857,ZONE_01,SUSPENSION_FAULT,REAR_BOGIE,3
15.27,RUN_059_SUSPENSION_FAULT,TRAIN001,0.0849179364767334,0.43925364746150936,1.213545775288345,31.235390193021285,28.720460475167325,26.05065687589439,139.00841873021366,4.989661306413794,0.25644857044180713,1.2795915090186172,0.8768397197938171,ZONE_01,SUSPENSION_FAULT,REAR_BOGIE,3
15.280000000000001,RUN_059_SUSPENSION_FAULT,TRAIN001,0.0330428209085558,0.052961551005974106,0.24019233050514166,31.24526881324311,28.855722822810723,26.034367101209885,138.67162897128168,5.0116535180533734,0.21583171189366654,1.081673758219376,1.1856863548065415,ZONE_01,SUSPENSION_FAULT,REAR_BOGIE,3
15.290000000000001,RUN_059_SUSPENSION_FAULT,TRAIN001,-0.05579120692124249,0.4906612306363609,1.2260497566690618,31.53869505673426,28.81771767747498,25.914794028197246,140.37576216798547,4.985984017022082,0.23983540394543068,1.1958154907879521,1.1199872236404405,ZONE_01,SUSPENSION_FAULT,REAR_BOGIE,3
15.3,RUN_059_SUSPENSION_FAULT,TRAIN001,-0.12254279797134791,-0.24980272498333422,0.3209864101359691,31.387351426137975,28.90025130160584,25.96108400515612,141.1335589237845,4.969729360247779,0.2718650040304234,1.351095492553876,1.4710551684477184,ZONE_01,SUSPENSION_FAULT,REAR_BOGIE,3
15.31,RUN_059_SUSPENSION_FAULT,TRAIN001,-0.08151628319691302,-0.41752712671616027,0.016404902531349214,31.447677948744715,28.83296608521098,26.042611343165216,141.0596107722939,4.969940085872931,0.26168382335326934,1.3005529235079043,0.6961433406103865,ZONE_01,SUSPENSION_FAULT,REAR_BOGIE,3
15.32,RUN_059_SUSPENSION_FAULT,TRAIN001,-0.14159270863965417,-1.271768822890163,-0.7235842792011604,31.404071640935047,28.823465517460537,25.912212308322875,140.1721352538279,5.009374367485742,0.2279865225543991,1.1420698422162168,0.31758898516536216,ZONE_01,SUSPENSION_FAULT,REAR_BOGIE,3
15.33,RUN_059_SUSPENSION_FAULT,TRAIN001,-0.11898443910290646,-1.0556082409169942,0.8705964715471397,31.18405728323812,28.826271862731012,25.99969936445145,137.58032407656458,4.971856658559163,0.22892224502826625,1.1381685882360977,0.15856458614766367,ZONE_01,SUSPENSION_FAULT,REAR_BOGIE,3
15.34,RUN_059_SUSPENSION_FAULT,TRAIN001,-0.08101315394822983,-1.4865635287702688,-0.7573252913970769,31.513551169807638,28.815708440749784,26.01015539941641,138.77899376791706,5.021732918039829,0.2165031772817825,1.08722113221614,0.5151892160207008,ZONE_01,SUSPENSION_FAULT,REAR_BOGIE,3
15.35,RUN_059_SUSPENSION_FAULT,TRAIN001,-0.06205047781972067,-0.8323687207761891,0.12976319671062342,31.47013563091796,28.832152749203285,26.02973639239631,139.8847091418922,5.001553745295835,0.19443176580303467,0.9724609264566507,-0.11600706599242516,ZONE_01,SUSPENSION_FAULT,REAR_BOGIE,3
15.36,RUN_059_SUSPENSION_FAULT,TRAIN001,0.049850823709472504,-1.200095666969418,-0.3586475502897863,31.420848453452066,28.685781273286576,26.045093233185955,140.11942404530942,4.952110837582544,0.21530163655281387,1.0661975677224476,0.7504412479093627,ZONE_01,SUSPENSION_FAULT,REAR_BOGIE,3
15.370000000000001,RUN_059_SUSPENSION_FAULT,TRAIN001,-0.031171347355966807,-1.393907000742015,-0.3859358790258035,31.44983615259248,28.940534420822114,26.009856188003635,139.92419584434205,5.003206712087707,0.24766813216070047,1.2391348611966417,0.6950586440889168,ZONE_01,SUSPENSION_FAULT,REAR_BOGIE,3
15.38,RUN_059_SUSPENSION_FAULT,TRAIN001,-0.0243584883250175,-0.41827771711183426,-0.1630144508005228,31.534525853801505,28.842329993670734,25.898550151560414,140.1494396737574,4.980461896084147,0.2138174649369679,1.0649097368358769,0.7027669711269706,ZONE_01,SUSPENSION_FAULT,REAR_BOGIE,3
15.39,RUN_059_SUSPENSION_FAULT,TRAIN001,0.009468566805295838,-0.7062178452162219,-0.79200551120513,31.520194733066706,28.913339156488725,25.93439984927351,140.57860177187305,5.008673625006661,0.21722171929103376,1.0879926961916013,0.7241950937103857,ZONE_01,SUSPENSION_FAULT,REAR_BOGIE,3
15.4,RUN_059_SUSPENSION_FAULT,TRAIN001,-0.08927414327512624,-0.7190541828200507,0.19790409566172373,31.511632464298984,28.84323408219034,26.021830767360857,139.04935568246867,5.015148293949438,0.23570646892069014,1.1821028954804453,0.8135793147789889,ZONE_01,SUSPENSION_FAULT,REAR_BOGIE,3
15.41,RUN_059_SUSPENSION_FAULT,TRAIN001,-0.13830523998723937,0.6266551376768059,-0.19142407126840855,31.447471197850422,28.883726775817987,26.061890772862064,140.19262981673134,5.024072907647782,0.20617992819496592,1.0358629913450934,1.0753061912637136,ZONE_01,SUSPENSION_FAULT,REAR_BOGIE,3
15.42,RUN_059_SUSPENSION_FAULT,TRAIN001,-0.07414647565675367,-0.011301095734399136,0.7379929818417232,31.59206343000008,28.874853562543244,25.991551514855537,139.6865530686761,4.983632765549301,0.23629763194605927,1.1776206209880902,0.7491333059216192,ZONE_01,SUSPENSION_FAULT,REAR_BOGIE,3
15.43,RUN_059_SUSPENSION_FAULT,TRAIN001,-0.1146473682033204,-0.9132432225736775,1.0430611311077953,31.5094841313094,28.723691809668903,25.96934501454045,138.93436061292402,5.017640102445228,0.25434534167376394,1.2762133862524114,1.542777397807221,ZONE_01,SUSPENSION_FAULT,REAR_BOGIE,3
15.44,RUN_059_SUSPENSION_FAULT,TRAIN001,0.1467901132928821,0.8858298180092815,1.788558461696286,31.41195120997703,28.84636352777692,26.027681324382865,141.14120938044238,5.01810751440523,0.21405565245706382,1.0741542780957063,1.56173044590793,ZONE_01,SUSPENSION_FAULT,REAR_BOGIE,3
15.450000000000001,RUN_059_SUSPENSION_FAULT,TRAIN001,0.14658773487045515,0.6698845075326384,1.7895931807353105,31.551095467420897,28.79128015372482,25.95523643172191,141.05976734356335,4.995595350338168,0.2063614064053106,1.0308980823276146,1.5308775790537785,ZONE_01,SUSPENSION_FAULT,REAR_BOGIE,3
15.46,RUN_059_SUSPENSION_FAULT,TRAIN001,-0.012246382492197339,1.7949200390684774,1.989986229046137,31.476377347692992,29.070051629401203,25.969704091769575,139.51148111495354,5.02185335465851,0.21360430411183204,1.0726894911735003,1.2610975128794006,ZONE_01,SUSPENSION_FAULT,REAR_BOGIE,3
15.47,RUN_059_SUSPENSION_FAULT,TRAIN001,0.03359447508493662,1.6438314812296348,3.0734388223229474,31.418882269332215,28.655094927679308,25.982358924864837,140.53422986623653,5.0260536711138455,0.22281809786090917,1.1198957187444267,1.684144422260648,ZONE_01,SUSPENSION_FAULT,REAR_BOGIE,3
15.48,RUN_059_SUSPENSION_FAULT,TRAIN001,0.1493316411315639,0.6372249765824345,2.307831499417986,31.60878469497746,28.83328055542242,25.996236221652907,140.7031444095071,4.995458680033863,0.24198437177570847,1.2088229304195042,1.7141358886690772,ZONE_01,SUSPENSION_FAULT,REAR_BOGIE,3
15.49,RUN_059_SUSPENSION_FAULT,TRAIN001,0.14520038233302793,1.3277882544814765,2.838519936516821,31.42109917571716,28.97001597442232,26.024809249048037,139.61276775574436,5.004831724092335,0.23996750581392984,1.2009969858488678,1.6995976510866337,ZONE_01,SUSPENSION_FAULT,REAR_BOGIE,3
15.5,RUN_059_SUSPENSION_FAULT,TRAIN001,0.10623343036263942,0.41830188926690814,2.031476964840531,31.547012017391655,28.93127180129046,26.03928806954815,139.88413312450757,4.981621243252423,0.27742101252174806,1.3820064093029365,1.7202371075206124,ZONE_01,SUSPENSION_FAULT,REAR_BOGIE,3
15.51,RUN_059_SUSPENSION_FAULT,TRAIN001,0.07706730059892426,1.0739383517335193,2.282632908245349,31.58000155191179,29.043011879327,25.99769078419597,140.50620066773914,5.018796078208185,0.22983464980588572,1.1534932390821309,1.6610455873035657,ZONE_01,SUSPENSION_FAULT,REAR_BOGIE,3
15.52,RUN_059_SUSPENSION_FAULT,TRAIN001,0.11965369696656081,0.4242440528588486,0.9273272160320296,31.347992863233443,28.809740392773087,26.054503072314823,140.19214005237515,5.027010443415151,0.1981298021922047,0.9960005847719909,1.9533932386075143,ZONE_01,SUSPENSION_FAULT,REAR_BOGIE,3
15.530000000000001,RUN_059_SUSPENSION_FAULT,TRAIN001,-0.1097198152931282,0.8823072842667958,1.4047593302032246,31.38149198717516,28.901544422165017,26.053041791614312,140.31196600436638,5.005988347508866,0.21111019551682272,1.0568151787975328,1.1444446429643365,ZONE_01,SUSPENSION_FAULT,REAR_BOGIE,3
15.540000000000001,RUN_059_SUSPENSION_FAULT,TRAIN001,-0.208390440360738,0.7844172967276007,2.5805116552089222,31.568501891591655,28.77401596545369,26.02946576928453,140.3180297484767,5.0364303753640955,0.23337060443214688,1.1753548008791435,1.8597976313658782,ZONE_01,SUSPENSION_FAULT,REAR_BOGIE,3
15.55,RUN_059_SUSPENSION_FAULT,TRAIN001,-0.08300989051837183,0.9686396252078973,1.185692867869042,31.4977623443117,28.7666628406704,25.967233399331562,140.95484775943885,5.0398225266710375,0.23302845641442024,1.1744220639927752,1.7562424549714244,ZONE_01,SUSPENSION_FAULT,REAR_BOGIE,3
15.56,RUN_059_SUSPENSION_FAULT,TRAIN001,0.04564729723948104,0.08729283182194617,1.541910201591052,31.352077089315255,28.579260306482432,25.937140083940317,140.19902535136868,4.997536462188401,0.18526716633401258,0.9258794190005512,1.1175691476672185,ZONE_01,SUSPENSION_FAULT,REAR_BOGIE,3
15.57,RUN_059_SUSPENSION_FAULT,TRAIN001,-0.09393345340144804,0.7847153686090116,1.1669472530297478,31.475947072726743,28.8416178249901,25.943384312206522,140.7827464430047,4.985167158278513,0.23065672058512096,1.1498623082971684,0.8255541412206593,ZONE_01,SUSPENSION_FAULT,REAR_BOGIE,3
15.58,RUN_059_SUSPENSION_FAULT,TRAIN001,-0.04598156333496245,-0.9594170140616429,1.103223873972611,31.20276098952309,28.780214107727982,25.976004288268324,139.17848458221692,4.988093632220598,0.23393431774040935,1.1668862806788058,1.123627499538362,ZONE_01,SUSPENSION_FAULT,REAR_BOGIE,3
15.59,RUN_059_SUSPENSION_FAULT,TRAIN001,-0.0018416820405637469,-0.8523448449654907,1.6344479108474752,31.571692120932966,28.917161096373537,25.992227606496375,140.03556160935443,4.987217252759404,0.22950374725160258,1.144585047866126,1.0579400678233954,ZONE_01,SUSPENSION_FAULT,REAR_BOGIE,3
15.6,RUN_059_SUSPENSION_FAULT,TRAIN001,-0.008140760069223719,-0.5960672034850494,0.18347334721192948,31.51248803963913,28.936988737453124,25.998115165110466,141.03603720416956,5.0002216690144525,0.25835550959481146,1.2918348173852476,1.4855360991241642,ZONE_01,SUSPENSION_FAULT,REAR_BOGIE,3
15.610000000000001,RUN_059_SUSPENSION_FAULT,TRAIN001,-0.11149361788570922,-0.7954648579702779,-0.42266752686658277,31.515651970623416,28.894872503288003,26.1261179122518,139.92731628022997,5.022285158881409,0.24022525385838334,1.2064797272414776,0.9550381613180758,ZONE_01,SUSPENSION_FAULT,REAR_BOGIE,3
15.620000000000001,RUN_059_SUSPENSION_FAULT,TRAIN001,-0.023569776029893227,-1.5629821366810184,-0.09023040293705592,31.29975161450417,28.800483265023672,26.08228335818114,138.41222257964031,4.98212791539258,0.21081159223903204,1.0502903185824393,0.46370892898976446,ZONE_01,SUSPENSION_FAULT,REAR_BOGIE,3
15.63,RUN_059_SUSPENSION_FAULT,TRAIN001,0.09044708500555405,-0.33086513840201015,0.5325800606195022,31.63788336419454,28.91139129726685,25.996264490190693,140.95281261231176,5.0219290195649755,0.2572165023017858,1.2917230172203393,0.9662003071949983,ZONE_01,SUSPENSION_FAULT,REAR_BOGIE,3
15.64,RUN_059_SUSPENSION_FAULT,TRAIN001,0.0603900479028974,-0.9635415831658636,-0.04538031540888937,31.44923804566914,28.80879142056076,25.938217365166395,140.28196623929153,4.998315845547592,0.2037331846909923,1.018322805304861,0.7429841135790632,ZONE_01,SUSPENSION_FAULT,REAR_BOGIE,3
15.65,RUN_059_SUSPENSION_FAULT,TRAIN001,-0.001963170542128342,-1.3685618454960478,0.41436922610037574,31.566347812025356,28.84342063844358,25.96407550066976,139.17049260906091,5.020747425943144,0.24238328603715736,1.2169452594626986,0.5605515012210013,ZONE_01,SUSPENSION_FAULT,REAR_BOGIE,3
15.66,RUN_059_SUSPENSION_FAULT,TRAIN001,-0.02114950561826706,-1.1361621655424399,-0.38088074941972694,31.606991629846178,28.786618800978175,26.023601996152937,140.49510402978535,4.98094025644909,0.21824481795064943,1.0870643994917928,0.9498465282585389,ZONE_01,SUSPENSION_FAULT,REAR_BOGIE,3
15.67,RUN_059_SUSPENSION_FAULT,TRAIN001,0.14583703756946936,-0.7575563745912177,-0.972725067415287,31.47853539026474,29.012461587719468,25.969337948647535,140.00497327401584,5.002112075764254,0.2374560643410205,1.1877818469036723,0.5004780435196483,ZONE_01,SUSPENSION_FAULT,REAR_BOGIE,3
15.68,RUN_059_SUSPENSION_FAULT,TRAIN001,0.16698556207997345,-0.6886715647803507,-0.680618896208227,31.492979158726094,28.927774812434045,26.003790567546975,141.28723899883227,5.021116008132012,0.24829405274656255,1.2467132429697394,0.4865732169914755,ZONE_01,SUSPENSION_FAULT,REAR_BOGIE,3
15.69,RUN_059_SUSPENSION_FAULT,TRAIN001,-0.10196386063958787,-0.9514367826275091,0.6554015938492836,31.533825065588687,28.9373101163693,26.051998549966566,139.78261752937598,4.982417125678102,0.18377186842626408,0.915628104464881,1.1370206356698733,ZONE_01,SUSPENSION_FAULT,REAR_BOGIE,3
15.700000000000001,RUN_059_SUSPENSION_FAULT,TRAIN001,-0.06418073716002545,-0.22315296349206037,0.9472306899597198,31.395102168894205,28.963283140127345,26.01564987966294,140.63022553087666,4.998454888094704,0.22939640348784668,1.1466275743251724,1.104640760097861,ZONE_01,SUSPENSION_FAULT,REAR_BOGIE,3
15.71,RUN_059_SUSPENSION_FAULT,TRAIN001,-0.052666306226858986,0.3875383328840293,0.19638706756164703,31.53627579881561,28.812726643149414,26.014803830639345,139.96844898544785,5.022372054084279,0.2682708993062802,1.347356267599919,0.5126185167375709,ZONE_01,SUSPENSION_FAULT,REAR_BOGIE,3
15.72,RUN_059_SUSPENSION_FAULT,TRAIN001,0.05885373861551997,-0.26231069251079164,-0.3124514960174929,31.651265187312877,29.108990368304237,26.03069440244594,140.42909652863034,4.977125284297432,0.2470630274295107,1.2296636406344876,0.8481125890591136,ZONE_01,SUSPENSION_FAULT,REAR_BOGIE,3
15.73,RUN_059_SUSPENSION_FAULT,TRAIN001,-0.003230199043267899,0.4144873819606927,1.2365072615866757,31.471746479609862,28.83516697316593,26.018450446643676,141.130351513257,5.03578711748901,0.24422441392185776,1.2298621574039947,1.2588105466887198,ZONE_01,SUSPENSION_FAULT,REAR_BOGIE,3
15.74,RUN_059_SUSPENSION_FAULT,TRAIN001,-0.03486937258253899,0.4458666906449053,1.6450063723038375,31.37940213698823,28.96591882854347,26.040832002383688,138.55703397002858,5.008330621036081,0.22766706730824818,1.140231944601382,1.4276172954059938,ZONE_01,SUSPENSION_FAULT,REAR_BOGIE,3
15.75,RUN_059_SUSPENSION_FAULT,TRAIN001,0.1631832338055995,0.7489870721775879,1.2887619258778877,31.453666558600382,28.789250663986902,25.937087132503343,141.0728432749219,4.99991170213212,0.1999417527337426,0.9996911092382464,1.285802042424405,ZONE_01,SUSPENSION_FAULT,REAR_BOGIE,3
15.76,RUN_059_SUSPENSION_FAULT,TRAIN001,0.045434004190253924,1.3043989971354892,2.239459481557101,31.411195721091588,29.032026152381583,25.98656594156166,139.66084159491342,5.018215122810314,0.22910963243244117,1.1497214222539887,1.4516332097805749,ZONE_01,SUSPENSION_FAULT,REAR_BOGIE,3
15.77,RUN_059_SUSPENSION_FAULT,TRAIN001,-0.08590891003174023,0.41723424189199476,2.653726418816078,31.69447640158707,28.91042690719058,25.91251634069074,140.1873846654319,4.99120642711765,0.23740764631116187,1.184950570115145,1.7449276525759163,ZONE_01,SUSPENSION_FAULT,REAR_BOGIE,3
15.780000000000001,RUN_059_SUSPENSION_FAULT,TRAIN001,-0.00012110526092853945,0.5750508153913125,2.112017304342733,31.55451763234836,28.8285501717163,25.924708437126622,141.58778146437268,4.998135991108743,0.22640643347379652,1.1316101437639496,1.3935551203940606,ZONE_01,SUSPENSION_FAULT,REAR_BOGIE,3
15.790000000000001,RUN_059_SUSPENSION_FAULT,TRAIN001,-0.014001728012736995,0.959468269212528,2.6283787166679478,31.64725000696489,29.127359692585298,25.97450020197687,140.17789656953607,5.0382969102278885,0.26466957579501527,1.3334839059593513,2.246902550538333,ZONE_01,SUSPENSION_FAULT,REAR_BOGIE,3
15.8,RUN_059_SUSPENSION_FAULT,TRAIN001,0.1494537221501102,1.5486917220017387,2.6734871986107165,31.656923033763448,28.980608449075902,25.983534313248356,139.65756784434717,5.023795323545586,0.2091814946200659,1.0508850144445632,2.0564262915690277,ZONE_01,SUSPENSION_FAULT,REAR_BOGIE,3
15.81,RUN_059_SUSPENSION_FAULT,TRAIN001,-0.1933084067063307,1.5473757609864802,1.9380166507446221,31.583421977983885,29.033091749436508,25.938747595647378,140.52896028752502,4.997263189927325,0.20532301782585477,1.026053159025936,0.9459695789629641,ZONE_01,SUSPENSION_FAULT,REAR_BOGIE,3
15.82,RUN_059_SUSPENSION_FAULT,TRAIN001,-0.0066303376217053366,0.8028889151376858,2.423719434697093,31.600444908653984,28.745038587696826,25.992118184054586,140.67070032522727,4.998628225782547,0.21350383717913302,1.0672263068364956,0.8757265834400246,ZONE_01,SUSPENSION_FAULT,REAR_BOGIE,3
15.83,RUN_059_SUSPENSION_FAULT,TRAIN001,0.01719389053715708,0.6395400876669539,1.941332568593441,31.463309198281863,28.860544238257923,25.960338137675812,140.13787858898996,5.021615371908598,0.23138264317917195,1.161914637781372,1.8713808629009605,ZONE_01,SUSPENSION_FAULT,REAR_BOGIE,3
15.84,RUN_059_SUSPENSION_FAULT,TRAIN001,0.1210460325132597,0.21463904274149953,1.6853558015755679,31.535473573543012,28.88939454654184,26.078345994638106,140.38886387797223,4.967965834808359,0.22658343453575047,1.1256587615071447,1.9718922920899833,ZONE_01,SUSPENSION_FAULT,REAR_BOGIE,3
15.85,RUN_059_SUSPENSION_FAULT,TRAIN001,-0.0010044890643236331,-0.268204107094297,1.6996398453740986,31.496591370261537,28.96934880669788,25.97607265150147,140.3561902452699,4.976676873288878,0.21853611673359072,1.0875836381264194,1.069591829501726,ZONE_01,SUSPENSION_FAULT,REAR_BOGIE,3
15.860000000000001,RUN_059_SUSPENSION_FAULT,TRAIN001,0.07581921958811,0.28204488339338846,1.3522081957844203,31.33767448571998,28.955978858229503,25.9949026680198,138.99647623743087,5.035908635376241,0.24106118851497058,1.2139621208966,1.1338043848889674,ZONE_01,SUSPENSION_FAULT,REAR_BOGIE,3
15.870000000000001,RUN_059_SUSPENSION_FAULT,TRAIN001,0.07831067688907972,0.007477915668410717,0.9060482443088194,31.487784944996218,28.983895563043106,25.986723511948075,138.84266746714417,5.004396952672019,0.20596223099623612,1.0307167611630945,1.059015973618715,ZONE_01,SUSPENSION_FAULT,REAR_BOGIE,3
15.88,RUN_059_SUSPENSION_FAULT,TRAIN001,-0.1748484502439326,-0.40383850620588585,0.8620015122547116,31.784816468495308,28.934822168675485,26.045744903035374,139.22650507109591,5.015693434750321,0.255214512792755,1.2800777562676229,1.1237559693061112,ZONE_01,SUSPENSION_FAULT,REAR_BOGIE,3
15.89,RUN_059_SUSPENSION_FAULT,TRAIN001,-0.060602223349402407,-0.7238666949500305,1.2267732524865789,31.426145884087486,28.87772093663367,26.005486032068106,139.62753594233646,4.984861314776201,0.22327012711549593,1.1129706194032005,0.4942522056188065,ZONE_01,SUSPENSION_FAULT,REAR_BOGIE,3
15.9,RUN_059_SUSPENSION_FAULT,TRAIN001,-0.06717988806936526,-0.635722029418424,-0.9543464511966138,31.38836722640268,28.75649443335785,25.94563694506749,139.0209360849784,5.015505532334869,0.24201385424779628,1.213821824881507,0.7618286367172427,ZONE_01,SUSPENSION_FAULT,REAR_BOGIE,3
15.91,RUN_059_SUSPENSION_FAULT,TRAIN001,0.004798680664486596,-1.256643270732726,0.47630667497355184,31.555830970780132,29.098281293293066,25.94216949436314,138.85868738440286,4.996842991205293,0.22915492641501436,1.145051187957029,0.7923755634078598,ZONE_01,SUSPENSION_FAULT,REAR_BOGIE,3
15.92,RUN_059_SUSPENSION_FAULT,TRAIN001,-0.13593795872957418,-0.9534875211855816,-1.7866079391587553,31.44393586105457,29.009841800614552,26.046678437856933,140.19427876154816,4.9907969284508145,0.19954565877253355,0.9958918608876548,0.02873579148671279,ZONE_01,SUSPENSION_FAULT,REAR_BOGIE,3
15.93,RUN_059_SUSPENSION_FAULT,TRAIN001,0.033834062612536034,-1.5173108321425066,-1.5456579473548169,31.70159502479375,28.753815128622282,26.004169906220774,141.20169234206398,4.9740271077218585,0.2424270975754251,1.2058389549864965,0.9366439742844253,ZONE_01,SUSPENSION_FAULT,REAR_BOGIE,3
15.94,RUN_059_SUSPENSION_FAULT,TRAIN001,-0.039414278010594134,-0.8707704106225465,-0.34904686859219086,31.63734703345679,28.932119744326005,26.049995770024918,141.01111941186494,5.017877464237778,0.22542775420286196,1.1311688476282742,0.43321887750829,ZONE_01,SUSPENSION_FAULT,REAR_BOGIE,3
15.950000000000001,RUN_059_SUSPENSION_FAULT,TRAIN001,0.014936910870751732,-0.44468551356622277,-0.3237199316377631,31.45998165348674,28.883749467312807,26.027724210383113,139.589573918984,4.977432531818372,0.25426577510820725,1.2655907407516047,-0.029496388542713414,ZONE_01,SUSPENSION_FAULT,REAR_BOGIE,3
15.96,RUN_059_SUSPENSION_FAULT,TRAIN001,-0.23514584158849097,-1.379433276147361,-0.6351246560206347,31.585708909851416,28.88800461864815,26.055774073024647,140.1442374642265,5.011426782758758,0.2145384836167828,1.0751439027295964,0.8516239263169787,ZONE_01,SUSPENSION_FAULT,REAR_BOGIE,3
15.97,RUN_059_SUSPENSION_FAULT,TRAIN001,0.024900444569038213,-1.000548052386853,-0.19472419373403843,31.488388050163866,29.020901156386277,26.013806890282417,140.65149340299132,4.995647942830187,0.22280423084516288,1.1130514974755001,1.0647080434582348,ZONE_01,SUSPENSION_FAULT,REAR_BOGIE,3
15.98,RUN_059_SUSPENSION_FAULT,TRAIN001,0.02025445974419508,0.09101365419731888,0.002569420201443129,31.55183312867153,28.823988203886422,25.97148852756364,138.6275504563684,5.007239869615481,0.20152772724628631,1.009097670700599,0.8022035025652273,ZONE_01,SUSPENSION_FAULT,REAR_BOGIE,3
15.99,RUN_059_SUSPENSION_FAULT,TRAIN001,-0.15051930506293995,-0.41855103596987203,0.8311903324245274,31.73025841502903,28.79873692844263,25.989017516865047,139.30566813911014,4.996991402977767,0.25583252895523184,1.2783929477913543,0.3677948593302631,ZONE_01,SUSPENSION_FAULT,REAR_BOGIE,3
16.0,RUN_059_SUSPENSION_FAULT,TRAIN001,-0.03294682741061138,0.630374498607628,1.3784593308760353,31.408367139470528,28.831740889873842,25.965612634882653,138.76957021845976,5.016085760534445,0.21724885918078,1.0897389090290632,1.0048137571773053,ZONE_01,SUSPENSION_FAULT,REAR_BOGIE,3
16.01,RUN_059_SUSPENSION_FAULT,TRAIN001,0.044209140140244546,-0.29809309987850163,2.1213253620925636,31.41459765947198,28.94168006596249,25.938346107968272,138.77416775628453,5.009082413296142,0.2062850153730229,1.0332986426315331,0.8308207137786158,ZONE_01,SUSPENSION_FAULT,REAR_BOGIE,3
16.02,RUN_059_SUSPENSION_FAULT,TRAIN001,0.19830325055003928,0.47276732222890927,2.4069713773730093,31.588502794098453,28.93572107150588,26.03663121770993,139.11682159935478,5.010375654054817,0.21462843515477126,1.075369086167349,1.3278574510689816,ZONE_01,SUSPENSION_FAULT,REAR_BOGIE,3
16.03,RUN_059_SUSPENSION_FAULT,TRAIN001,-0.07485620999034516,0.5363788317208082,2.1282941750518427,31.673489785446275,28.928222592372027,25.92150534681669,141.2623574408539,4.98376097579191,0.19999629570173535,0.9967337338212479,1.4035553148096445,ZONE_01,SUSPENSION_FAULT,REAR_BOGIE,3
16.04,RUN_059_SUSPENSION_FAULT,TRAIN001,-0.00539317714749688,1.4596027453474467,1.9448427436735,31.51755344535327,28.911136290373182,25.995390757796923,139.66378209082768,5.01302699580582,0.2305959554457252,1.1559837497730565,2.590640187633186,ZONE_01,SUSPENSION_FAULT,REAR_BOGIE,3
16.05,RUN_059_SUSPENSION_FAULT,TRAIN001,-0.09529208702801906,1.0763144319778142,2.752325976626391,31.73110882809351,28.81883357704714,26.01679946278422,139.84424137953926,5.006186957482605,0.24113298059405852,1.2071567824688818,1.0212873293026932,ZONE_01,SUSPENSION_FAULT,REAR_BOGIE,3
16.06,RUN_059_SUSPENSION_FAULT,TRAIN001,0.04245310745645983,-0.34376734628363326,2.8041835438236635,31.611746383830297,28.87330045441392,26.021110171287894,139.89810718012205,4.979778261990194,0.21696612015107702,1.0804431687166858,1.7340408410286765,ZONE_01,SUSPENSION_FAULT,REAR_BOGIE,3
16.07,RUN_059_SUSPENSION_FAULT,TRAIN001,-0.1521975802689488,1.2119378056801438,2.46988086107122,31.598570225598305,28.90237572174145,25.95765862003444,138.5801457291367,5.017500014215884,0.21995298806780603,1.103614120757043,1.6673798121795989,ZONE_01,SUSPENSION_FAULT,REAR_BOGIE,3
16.080000000000002,RUN_059_SUSPENSION_FAULT,TRAIN001,-0.07535856346455706,0.800067874918878,3.271673191724221,31.63505618422444,28.917051702199466,25.936123275175895,141.03880198313882,4.9756386639989065,0.17867207283410372,0.8890076737701952,1.4380854724839771,ZONE_01,SUSPENSION_FAULT,REAR_BOGIE,3
16.09,RUN_059_SUSPENSION_FAULT,TRAIN001,-0.0018293405949893267,0.19451908682497998,2.6847641567073035,31.356722974076494,28.93027885662273,26.03796695466624,139.96617723004337,4.979913422179221,0.17943493650350315,0.8935704487016716,1.4668687072474753,ZONE_01,SUSPENSION_FAULT,REAR_BOGIE,3
16.1,RUN_059_SUSPENSION_FAULT,TRAIN001,-0.013912348926134866,0.922020036773226,3.125014438115672,31.70196519568645,28.904411313652343,26.000248304003676,137.68672157758587,5.0186716436503875,0.23375108040504752,1.1731199189014538,1.7319140490274232,ZONE_01,SUSPENSION_FAULT,REAR_BOGIE,3
16.11,RUN_059_SUSPENSION_FAULT,TRAIN001,-0.0519546523811043,-0.15948316313764255,1.6815222032712032,31.685832433558904,29.047030992309995,26.088509774917195,140.2947708385518,4.982056915779131,0.2336187070643171,1.1639016951851597,1.6072393714317499,ZONE_01,SUSPENSION_FAULT,REAR_BOGIE,3
16.12,RUN_059_SUSPENSION_FAULT,TRAIN001,-0.05356517575802508,1.0937162943246876,1.1178095932024568,31.62371124740955,28.953171512941452,25.93761995484144,140.6076058016908,4.9849783172668385,0.2054560212564642,1.0241938111153888,1.132814260484051,ZONE_01,SUSPENSION_FAULT,REAR_BOGIE,3
16.13,RUN_059_SUSPENSION_FAULT,TRAIN001,-0.08286955063459558,-0.42896045278305184,1.463635767902998,31.729813963608986,28.994740162966206,25.93480780423333,139.0524781777788,5.008285652336526,0.24649614502886547,1.2345231065043305,0.43330595862696575,ZONE_01,SUSPENSION_FAULT,REAR_BOGIE,3
16.14,RUN_059_SUSPENSION_FAULT,TRAIN001,0.07617686628845025,-0.03220159642115626,1.6259724702705274,31.523605884853193,28.911923185435025,25.951622168314238,139.59468163154793,4.9808699530519105,0.23117337421554018,1.1514445135758093,0.6411454051739662,ZONE_01,SUSPENSION_FAULT,REAR_BOGIE,3
16.15,RUN_059_SUSPENSION_FAULT,TRAIN001,-0.014611500263057986,0.40967260354232193,1.8019499002822479,31.805679296858145,28.936358013291894,26.025729380445625,139.3998204335004,5.006232363484218,0.2416594252878216,1.2098032358168889,0.8439310196214097,ZONE_01,SUSPENSION_FAULT,REAR_BOGIE,3
16.16,RUN_059_SUSPENSION_FAULT,TRAIN001,-0.15116853622638804,-0.22516413426161525,0.26297144794015515,31.79916374958325,28.991208706199142,25.97826367752213,140.87410785492483,5.00400021073387,0.2212458928211493,1.1071144943010343,0.6348491804581518,ZONE_01,SUSPENSION_FAULT,REAR_BOGIE,3
16.17,RUN_059_SUSPENSION_FAULT,TRAIN001,0.03268130954582669,-0.02134940765211668,-0.5687583835448854,31.709519850594898,28.87470560852543,25.98438722968184,139.27626620912355,4.992128697091698,0.23725743268732322,1.184419638316688,0.7001241993335942,ZONE_01,SUSPENSION_FAULT,REAR_BOGIE,3
16.18,RUN_059_SUSPENSION_FAULT,TRAIN001,0.0391157338281124,-0.8040712794823516,0.28460463028511435,31.602554991208123,28.97904274681527,25.886087537211086,139.9893154296927,4.997589264230792,0.23012765001461613,1.1500834731157068,0.9657126370074781,ZONE_01,SUSPENSION_FAULT,REAR_BOGIE,3
16.19,RUN_059_SUSPENSION_FAULT,TRAIN001,0.11884559467382315,-0.6714143757287029,-0.40928647850112904,31.610821201813426,28.95109105652393,25.987673672178904,140.7584432557423,5.001797306527996,0.23760402694558905,1.1884471819966527,0.8620487449509247,ZONE_01,SUSPENSION_FAULT,REAR_BOGIE,3
16.2,RUN_059_SUSPENSION_FAULT,TRAIN001,0.16521504083488403,-0.20414703037641324,-0.21716042632202456,31.45787968167452,28.89059044596444,26.01390344742585,140.47943761054123,4.991360128019692,0.22093119311097573,1.1027471483299431,0.3837798771383691,ZONE_01,SUSPENSION_FAULT,REAR_BOGIE,3
16.21,RUN_059_SUSPENSION_FAULT,TRAIN001,-0.007624930471355543,-1.6710216042905648,-1.3264441826249889,31.674267942061878,28.848098613500373,25.88226650074849,139.07125814499489,4.960661480463468,0.23567735485779004,1.169115576060559,0.603173950583781,ZONE_01,SUSPENSION_FAULT,REAR_BOGIE,3
16.22,RUN_059_SUSPENSION_FAULT,TRAIN001,0.1318997984942931,-1.7749800618746256,-0.4637372685685325,31.72045382945873,29.04793314902282,26.049156201580676,139.3587440625144,5.009616743666263,0.2495459888701281,1.2501297641585487,0.33054387955241066,ZONE_01,SUSPENSION_FAULT,REAR_BOGIE,3
16.23,RUN_059_SUSPENSION_FAULT,TRAIN001,0.022865977849316002,-1.1921317980398505,-0.9742695387790461,31.682504531654516,28.760051736043962,26.034678480432582,140.00070274431403,5.013311416500205,0.2598413310915652,1.3026655116399535,0.15126251898938758,ZONE_01,SUSPENSION_FAULT,REAR_BOGIE,3
16.240000000000002,RUN_059_SUSPENSION_FAULT,TRAIN001,0.05533464316913307,-1.5792443271436096,-0.9257302684492307,31.664820430012742,29.198148846406205,26.073791580509987,140.88184014557825,5.001387944115975,0.25660324398621415,1.2833723708937015,0.3391570214089868,ZONE_01,SUSPENSION_FAULT,REAR_BOGIE,3
16.25,RUN_059_SUSPENSION_FAULT,TRAIN001,-0.05079950612299947,-1.3261007517551855,-0.5230210480746276,31.53404810410455,28.801676511116526,25.992058795523658,139.20708709432571,5.035802352020167,0.28487773524775406,1.4345879691988184,0.7201989513785583,ZONE_01,SUSPENSION_FAULT,REAR_BOGIE,3
16.26,RUN_059_SUSPENSION_FAULT,TRAIN001,-0.006526318066749171,-0.3221839366585346,-0.07667288758085838,31.71388970495287,29.08060007558723,25.974384971568302,139.08546467449216,5.000079680815182,0.2297769227057788,1.1489029223414053,0.715243912780376,ZONE_01,SUSPENSION_FAULT,REAR_BOGIE,3
16.27,RUN_059_SUSPENSION_FAULT,TRAIN001,-0.03963323800187422,-0.47078501698611586,0.5543383781174606,31.58949474405537,29.049936555288447,26.02984154496747,139.66977724245916,5.015234887639442,0.26871846384822096,1.347686214844476,1.2336727595432486,ZONE_01,SUSPENSION_FAULT,REAR_BOGIE,3
16.28,RUN_059_SUSPENSION_FAULT,TRAIN001,-0.2074291031131955,0.019325608452510523,1.3383425702487988,31.74253686149398,29.08822784855315,25.9679157862478,138.3844736281439,5.017679802807888,0.23211621344704772,1.164684836117496,0.8579758394818546,ZONE_01,SUSPENSION_FAULT,REAR_BOGIE,3
16.29,RUN_059_SUSPENSION_FAULT,TRAIN001,-0.03498356816271139,0.5376884988970492,1.1657240562335485,31.60991052437003,29.13031657457351,26.002441119650204,139.636275176813,5.028913862898862,0.23484652393417021,1.181022939866158,0.996880886921337,ZONE_01,SUSPENSION_FAULT,REAR_BOGIE,3
16.3,RUN_059_SUSPENSION_FAULT,TRAIN001,-0.15896840988640606,0.7009133081749284,0.7708518461864414,31.776628204816816,29.03366474664624,26.050442468255948,139.14984284576022,5.0069564821009624,0.20858333694128778,1.04436769095643,0.8703021309472029,ZONE_01,SUSPENSION_FAULT,REAR_BOGIE,3
16.31,RUN_059_SUSPENSION_FAULT,TRAIN001,0.02325942719509408,0.6127888570264506,2.559554576203768,31.432319908587125,28.914540693338537,25.892236048229826,140.75114184756782,5.00106036307365,0.2132987610695563,1.066719979477675,1.6680716342991742,ZONE_01,SUSPENSION_FAULT,REAR_BOGIE,3
16.32,RUN_059_SUSPENSION_FAULT,TRAIN001,-0.24979950408945256,1.186861011174942,1.474508135750748,31.628152148817428,29.100019338662698,25.945621846273355,140.4116932083223,4.9894632644521115,0.2657578690812921,1.3259891250201807,1.8360202848359255,ZONE_01,SUSPENSION_FAULT,REAR_BOGIE,3
16.330000000000002,RUN_059_SUSPENSION_FAULT,TRAIN001,0.009385046121575973,1.0065369877119283,2.000473197713282,31.620280520696678,28.954663024542818,25.930066731924995,140.16024015753857,4.997843929962827,0.2164079147857896,1.0815729833080714,2.095954655814114,ZONE_01,SUSPENSION_FAULT,REAR_BOGIE,3
16.34,RUN_059_SUSPENSION_FAULT,TRAIN001,-0.17822958971430927,1.8252417256838505,3.7544490096640932,31.49433156930103,29.06352334949344,25.938834852194017,139.588717678871,5.013499187115442,0.24652802358979586,1.235968045868618,1.3993353407216638,ZONE_01,SUSPENSION_FAULT,REAR_BOGIE,3
16.35,RUN_059_SUSPENSION_FAULT,TRAIN001,-0.09644958423099496,0.70647806175768,2.0254278766066167,31.552105121886157,29.039797735348948,26.027734558614412,140.70510461606833,4.976037229764758,0.22066165287464054,1.098020599885639,1.6947496210652733,ZONE_01,SUSPENSION_FAULT,REAR_BOGIE,3
16.36,RUN_059_SUSPENSION_FAULT,TRAIN001,-0.03306006344830867,0.41639414972261424,3.204047060129838,31.727064694412135,29.01228296553209,25.947296995492426,140.3727697604608,4.977774656349532,0.2503680095674595,1.2462755327855772,1.4602698430698435,ZONE_01,SUSPENSION_FAULT,REAR_BOGIE,3
16.37,RUN_059_SUSPENSION_FAULT,TRAIN001,0.030877137677851947,0.7298109384616234,3.1337791304944433,31.895738219156758,29.190045370305523,26.028141073448595,139.46010662417436,5.013623329438937,0.22192326074609378,1.1126396374217762,1.8964378083698676,ZONE_01,SUSPENSION_FAULT,REAR_BOGIE,3
16.38,RUN_059_SUSPENSION_FAULT,TRAIN001,-0.11089174307463995,0.45506082426349403,2.4409636573380964,31.630940426575926,28.897740308643556,25.954194931163226,139.4387533524965,4.985903809187835,0.2247020619268365,1.120342866493375,1.113311918127607,ZONE_01,SUSPENSION_FAULT,REAR_BOGIE,3
16.39,RUN_059_SUSPENSION_FAULT,TRAIN001,-0.017899894378888514,0.4895651417593746,3.519900743688294,31.602267839601677,28.867939864084853,25.97254327792265,140.67100619146234,5.020258883797212,0.20002957602208515,1.0042002560470629,1.4304141197234965,ZONE_01,SUSPENSION_FAULT,REAR_BOGIE,3
16.4,RUN_059_SUSPENSION_FAULT,TRAIN001,0.09445597520189757,-0.13800867356936597,2.458122990038505,31.704276529820234,29.040372884804867,26.05052908649827,139.51740160132042,4.978397476791502,0.24263095168221477,1.2079133176462586,1.460836906733437,ZONE_01,SUSPENSION_FAULT,REAR_BOGIE,3
16.41,RUN_059_SUSPENSION_FAULT,TRAIN001,-0.01789503425258294,0.9338492753924845,1.5817195293006057,31.75877763512185,29.031958472591004,26.10644822592366,140.95598307891635,5.023046114315662,0.27189857769318787,1.3657590941697224,1.1939694048695624,ZONE_01,SUSPENSION_FAULT,REAR_BOGIE,3
16.42,RUN_059_SUSPENSION_FAULT,TRAIN001,0.0451709405090795,0.7415278268923353,0.9902888206824525,31.932647861229277,29.092364033669636,25.955275735434874,140.55085230879916,4.999372183895729,0.20704708749591547,1.035105449983705,0.9541517562151285,ZONE_01,SUSPENSION_FAULT,REAR_BOGIE,3
16.43,RUN_059_SUSPENSION_FAULT,TRAIN001,-0.011490796055273828,-0.3855482393701602,0.608178032266012,31.725710822675207,28.98783345265357,26.045011075105457,140.45481582342873,4.99295825063038,0.21484871142505071,1.0727306463470125,0.8680875567880263,ZONE_01,SUSPENSION_FAULT,REAR_BOGIE,3
16.44,RUN_059_SUSPENSION_FAULT,TRAIN001,0.11095615210445864,-0.28912204798226165,0.6348588436237574,31.670372400117408,29.037218104980322,25.919607707212794,139.5659101094904,5.006541051179288,0.2563974409432565,1.2836643134997308,1.5907812963283243,ZONE_01,SUSPENSION_FAULT,REAR_BOGIE,3
16.45,RUN_059_SUSPENSION_FAULT,TRAIN001,0.07460325693913736,-0.35841145242182526,-0.008711547241647633,31.66012238593503,28.87117882950107,26.11702205125735,139.515472703145,4.95753193495938,0.2079199312306274,1.0307696989903934,0.7897683040394957,ZONE_01,SUSPENSION_FAULT,REAR_BOGIE,3
16.46,RUN_059_SUSPENSION_FAULT,TRAIN001,0.11798630800133543,-0.6911360738432135,0.49323877070570576,31.573950252362103,29.141261555009304,25.99065083790792,141.17907390543377,4.996510935513412,0.2334141461183847,1.1662563335840348,0.7087432164321178,ZONE_01,SUSPENSION_FAULT,REAR_BOGIE,3
16.47,RUN_059_SUSPENSION_FAULT,TRAIN001,-0.014123388174152957,0.6656843129002119,0.5527504692977887,31.652471527208622,29.003915010865924,25.96841402863986,139.927251695755,4.978871864453157,0.22082871177505525,1.0994778599202581,0.43543071327708033,ZONE_01,SUSPENSION_FAULT,REAR_BOGIE,3
16.48,RUN_059_SUSPENSION_FAULT,TRAIN001,-0.027409107898490704,-0.47486548704931325,-1.0310146353638943,31.71319098200677,29.032063676385203,26.076475865709273,139.39482925761837,5.004253292949841,0.24428860527853996,1.2224820573952575,0.9427052332506703,ZONE_01,SUSPENSION_FAULT,REAR_BOGIE,3
16.490000000000002,RUN_059_SUSPENSION_FAULT,TRAIN001,-0.2991349518285783,-0.8526821022058486,-1.4688392515713382,31.56441673613263,29.074380937518036,25.980059461393374,140.73869068087512,4.982196918526924,0.20123449559354162,1.002589883847463,-0.042796301603853504,ZONE_01,SUSPENSION_FAULT,REAR_BOGIE,3
16.5,RUN_059_SUSPENSION_FAULT,TRAIN001,-0.1211461555301572,-1.037472508493455,-0.3672228415174954,31.685514331185082,29.020127921114653,25.981882602859834,140.01375961108147,5.008650993832478,0.2299123529042184,1.151550734868077,0.7563940231281312,ZONE_01,SUSPENSION_FAULT,REAR_BOGIE,3
16.51,RUN_059_SUSPENSION_FAULT,TRAIN001,-0.11443321109252823,-1.6190848328206826,-0.49369649384701036,31.671432483954064,28.993517900059018,25.98030280350773,139.1653543828895,5.025742935310063,0.23230444544816187,1.1675024255522215,0.18937766324389643,ZONE_01,SUSPENSION_FAULT,REAR_BOGIE,3
16.52,RUN_059_SUSPENSION_FAULT,TRAIN001,0.08394895277699815,-1.1388714233549118,1.3423365748777514,31.63066337254145,29.04488680734746,25.95011296860832,139.37229929475942,4.960785981690333,0.23352046235597532,1.1584450360933676,0.5476771676175426,ZONE_01,SUSPENSION_FAULT,REAR_BOGIE,3
16.53,RUN_059_SUSPENSION_FAULT,TRAIN001,-0.053182210870049346,-1.0364665855180208,5.825941103981457,31.729172316859806,29.07171671098322,25.980669001785483,139.75389581955568,4.9833197434348975,0.2081124055852967,1.03709065960694,0.8461419474761693,ZONE_01,SUSPENSION_FAULT,REAR_BOGIE,3
16.54,RUN_059_SUSPENSION_FAULT,TRAIN001,-0.11315147046715797,-0.37836257834633225,-0.35382360227899573,31.63006727926591,28.885314553365053,25.915668237683036,141.2772697677556,5.000802193030224,0.2335082413996833,1.1677285256821672,0.30515217876282047,ZONE_01,SUSPENSION_FAULT,REAR_BOGIE,3
16.55,RUN_059_SUSPENSION_FAULT,TRAIN001,-0.0352462063232182,-0.23264062529111154,-0.6655642216878818,31.79289472478782,28.874211651553615,25.939924174999103,139.41907699010898,5.032902320483686,0.2239129772514127,1.1269321427950458,0.6237022998481252,ZONE_01,SUSPENSION_FAULT,REAR_BOGIE,3
16.56,RUN_059_SUSPENSION_FAULT,TRAIN001,-0.08195387112782673,0.05729514366178162,0.8988024235566587,31.71765219623777,28.911051608355212,25.957527538352902,140.0953431727634,4.997485140788983,0.20501758708017906,1.0245723450336064,0.971764363879495,ZONE_01,SUSPENSION_FAULT,REAR_BOGIE,3
16.57,RUN_059_SUSPENSION_FAULT,TRAIN001,-0.12121815832608902,-0.06429012684915525,-0.0821531863382986,31.69748117305377,28.94777378110631,25.92663456387366,139.06000741288992,4.978280543921407,0.22352429397921666,1.1127666438105033,0.7514465742176971,ZONE_01,SUSPENSION_FAULT,REAR_BOGIE,3
16.580000000000002,RUN_059_SUSPENSION_FAULT,TRAIN001,-0.13550814492502772,0.1684653390174801,1.2797820128355988,31.737748051012197,29.020074852336617,25.942769008568124,139.4760397869371,5.014386905997037,0.23510529002274125,1.1789088878206697,0.8555505719563594,ZONE_01,SUSPENSION_FAULT,REAR_BOGIE,3
16.59,RUN_059_SUSPENSION_FAULT,TRAIN001,0.0869573305533422,-0.5861252118470534,0.8710606067724345,31.744027387545987,29.041881733163024,26.048681606169726,139.43734935789448,5.007177388023885,0.24081323123178025,1.2057945661607372,1.1216431410071765,ZONE_01,SUSPENSION_FAULT,REAR_BOGIE,3
16.6,RUN_059_SUSPENSION_FAULT,TRAIN001,0.1406500789513507,1.1664526327283702,1.8361687568220784,31.656932078876103,28.891049133414057,26.02099108093415,140.7874331236011,4.9795135114538684,0.2180184269012787,1.085625702500835,1.9170801341313681,ZONE_01,SUSPENSION_FAULT,REAR_BOGIE,3
16.61,RUN_059_SUSPENSION_FAULT,TRAIN001,-0.02158451165095743,1.6096358967746656,2.281784649884518,31.720639537837325,28.985851559057412,26.031818963439218,139.94883632923097,4.970764326960427,0.2416792688119847,1.2013306879764931,1.629894265071319,ZONE_01,SUSPENSION_FAULT,REAR_BOGIE,3
16.62,RUN_059_SUSPENSION_FAULT,TRAIN001,0.020762619559631993,0.021087613851531795,3.4126847371465434,31.727815916918797,28.99500075705922,25.933239879047168,139.5934590123337,4.997365655868556,0.230413849747517,1.1514622593646993,1.6482094150875755,ZONE_01,SUSPENSION_FAULT,REAR_BOGIE,3
16.63,RUN_059_SUSPENSION_FAULT,TRAIN001,0.07775477389169867,0.8022002331999699,2.2411767521346198,31.675711456242617,29.013248153790975,25.957437097050686,140.14880349210122,4.9833625224569715,0.2371164330901346,1.181637146120053,1.8076358462959692,ZONE_01,SUSPENSION_FAULT,REAR_BOGIE,3
16.64,RUN_059_SUSPENSION_FAULT,TRAIN001,-0.052963931851901784,0.5664927423023529,1.8623217244686154,31.81938663800011,28.992776244120968,26.003013092416072,139.7329078758669,4.997061068262138,0.22797701531037035,1.1392150676660528,1.6726645503194015,ZONE_01,SUSPENSION_FAULT,REAR_BOGIE,3
16.65,RUN_059_SUSPENSION_FAULT,TRAIN001,0.021841785146751492,1.2456423239817285,2.867698457415742,31.709396192127876,28.78670167490113,26.04269847132773,140.0622124998558,5.022936869798018,0.20434589952295362,1.026416552905885,1.8936218559821725,ZONE_01,SUSPENSION_FAULT,REAR_BOGIE,3
16.66,RUN_059_SUSPENSION_FAULT,TRAIN001,-0.13833616508759947,1.2020480777608749,2.188759856630975,31.700118248787977,29.057833070852194,25.96578602839136,139.922847000871,4.994109208835508,0.2449509748942208,1.2233119194324633,1.6022739486517363,ZONE_01,SUSPENSION_FAULT,REAR_BOGIE,3
16.67,RUN_059_SUSPENSION_FAULT,TRAIN001,-0.2111845045195278,0.7474709679857295,2.087999823854228,31.861004422788227,29.092270071592406,26.068531745239344,140.03420284342482,4.998387192215834,0.19841739368685538,0.9917669593172247,1.6019534482026319,ZONE_01,SUSPENSION_FAULT,REAR_BOGIE,3
16.68,RUN_059_SUSPENSION_FAULT,TRAIN001,-0.09033613763250162,0.18447087310343424,2.9978518337543223,31.81831773556873,29.055620220554744,25.97294046055586,139.56741409789882,5.004725680779234,0.2178003320689008,1.0900309151874727,1.5712285165020126,ZONE_01,SUSPENSION_FAULT,REAR_BOGIE,3
16.69,RUN_059_SUSPENSION_FAULT,TRAIN001,0.09889290497685294,-0.02419386101844323,2.475558673973091,31.697492630992155,28.980755025365664,26.014689059110527,138.28828561984812,4.972493207429791,0.2580648481299428,1.283225704402541,1.4022083814935085,ZONE_01,SUSPENSION_FAULT,REAR_BOGIE,3
16.7,RUN_059_SUSPENSION_FAULT,TRAIN001,-0.02338615929439132,-0.1692881750401657,1.3109509626902431,31.50701536053875,29.005876546804924,26.084274324487268,140.87079297291055,5.0110325032343725,0.20063874524507583,1.0054072738312358,1.1017237832960582,ZONE_01,SUSPENSION_FAULT,REAR_BOGIE,3
16.71,RUN_059_SUSPENSION_FAULT,TRAIN001,-0.14024328636561637,-0.27157790750749145,-0.3870189248171332,31.839970055741453,28.864407462678024,26.037251745026015,138.80700086877263,5.023714736938639,0.22446237463487556,1.1276349393414662,1.2278510469162607,ZONE_01,SUSPENSION_FAULT,REAR_BOGIE,3
16.72,RUN_059_SUSPENSION_FAULT,TRAIN001,0.030401903143500265,-0.4910667131685136,0.28720379477496794,31.58013816853453,28.939324829045816,26.04608663585231,139.68013979161248,5.039964165663207,0.22904056561860142,1.1543562432009835,1.3350019405314801,ZONE_01,SUSPENSION_FAULT,REAR_BOGIE,3
16.73,RUN_059_SUSPENSION_FAULT,TRAIN001,0.11082947814882178,-0.9320373706086619,0.5415565273056945,31.800979797654993,29.025975954300865,25.953274931924344,139.90932531345314,5.013376392276931,0.23033578759107,1.154759999805584,0.78646984060597,ZONE_01,SUSPENSION_FAULT,REAR_BOGIE,3
16.740000000000002,RUN_059_SUSPENSION_FAULT,TRAIN001,-0.10292639144897403,-0.627484465841405,0.8505064833152846,31.896166579524323,29.152747862829102,25.958124230993768,139.90936704284195,5.01749072779453,0.23453844758145934,1.1767944860512956,0.45500041936562113,ZONE_01,SUSPENSION_FAULT,REAR_BOGIE,3
16.75,RUN_059_SUSPENSION_FAULT,TRAIN001,0.05039458077959415,-0.9122587002139997,-0.6930730370540494,31.752444063534206,29.011923337060104,26.01609164411128,139.51560800998647,4.999900108660157,0.2384301716153907,1.1921270409676519,0.9450885105262026,ZONE_01,SUSPENSION_FAULT,REAR_BOGIE,3
16.76,RUN_059_SUSPENSION_FAULT,TRAIN001,0.20843013652861353,-0.9765373762738898,-0.8957949926062264,31.698054499199205,29.037702360380774,26.029745894173956,140.14017023886413,4.964603447740702,0.20694024033107047,1.0273762306239218,0.4380805688352721,ZONE_01,SUSPENSION_FAULT,REAR_BOGIE,3
16.77,RUN_059_SUSPENSION_FAULT,TRAIN001,-0.04443131048680128,-1.0031185838115813,-1.2511570702640948,31.732350101547105,28.870398904442588,25.958578848484947,138.44517056761933,5.030292131962145,0.23059090755916764,1.1599396279968914,0.3655714800316917,ZONE_01,SUSPENSION_FAULT,REAR_BOGIE,3
16.78,RUN_059_SUSPENSION_FAULT,TRAIN001,0.004649283967514818,-0.9336068100162584,-0.925484902643989,31.598072458412393,28.798396426934705,26.003708174754106,139.56671871218657,4.994837542659902,0.2807298221845366,1.4021998551915622,0.5595359712171734,ZONE_01,SUSPENSION_FAULT,REAR_BOGIE,3
16.79,RUN_059_SUSPENSION_FAULT,TRAIN001,-0.08069432885895927,-1.1357164371962232,-0.8532136593316587,31.772234234173496,29.235452025226788,25.953870393049833,141.37089042585663,4.989839116992431,0.2236811951998729,1.1161331775439454,0.28463147575061687,ZONE_01,SUSPENSION_FAULT,REAR_BOGIE,3
16.8,RUN_059_SUSPENSION_FAULT,TRAIN001,-0.152612868970068,-0.9118369530633446,-0.231600785333448,31.715154079648283,28.872829591393245,25.89178304561863,138.7572293202095,4.987736490859906,0.2870470360198629,1.431714976149448,0.8170284032248818,ZONE_01,SUSPENSION_FAULT,REAR_BOGIE,3
16.81,RUN_059_SUSPENSION_FAULT,TRAIN001,-0.14496576386634272,-1.0509424646960022,-0.06265311987155403,31.769918864698536,29.08276962247859,25.948178490876064,140.84397787379595,4.960321168397146,0.22235485821646853,1.102951510107095,0.15520652365939497,ZONE_01,SUSPENSION_FAULT,REAR_BOGIE,3
16.82,RUN_059_SUSPENSION_FAULT,TRAIN001,0.0881399148467793,-1.0274883779229924,-0.09958189537379075,31.70421376160955,29.185146615951695,26.094660796486842,140.00415894576906,4.999838926042876,0.21080270787189573,1.0539795845331492,0.7393347457329145,ZONE_01,SUSPENSION_FAULT,REAR_BOGIE,3
16.830000000000002,RUN_059_SUSPENSION_FAULT,TRAIN001,0.04149035668975929,-0.43744305956102025,-0.6212118337934553,31.71983439126382,28.970284250228673,25.93845504010911,139.68880416933993,4.990367207975209,0.24093409239797556,1.2023495939861262,1.0526009712338962,ZONE_01,SUSPENSION_FAULT,REAR_BOGIE,3
16.84,RUN_059_SUSPENSION_FAULT,TRAIN001,-0.02733757319866736,-0.7529155311331027,0.4413877157518966,31.900354384963563,29.062760461281524,26.037822239555194,139.2703738479669,5.013186352220343,0.238896217012297,1.1976312547231165,1.1302633465854148,ZONE_01,SUSPENSION_FAULT,REAR_BOGIE,3
16.85,RUN_059_SUSPENSION_FAULT,TRAIN001,0.19360249550993405,0.471274585578772,1.2290782739525365,31.753767974969318,29.06857895012077,25.91094131328204,141.2047410134689,4.989536641810573,0.23200610645370362,1.1576029692745586,0.9309589200032143,ZONE_01,SUSPENSION_FAULT,REAR_BOGIE,3
16.86,RUN_059_SUSPENSION_FAULT,TRAIN001,-0.04049770293766619,-0.33939904253800385,0.0331351280319967,31.677449460120688,29.096283577806055,25.912452502914356,140.2191226096338,5.04195109174085,0.2348582873697496,1.184143998408295,0.5309519816449895,ZONE_01,SUSPENSION_FAULT,REAR_BOGIE,3
16.87,RUN_059_SUSPENSION_FAULT,TRAIN001,0.008945515585221983,0.25671938411441514,1.5401522930486722,31.724317164888255,28.977643711401598,25.969128837625103,139.29821104168138,4.995757458282289,0.27014752595512037,1.3495915176268007,1.6701335234718915,ZONE_01,SUSPENSION_FAULT,REAR_BOGIE,3
16.88,RUN_059_SUSPENSION_FAULT,TRAIN001,0.0743496018391283,0.8300377769867093,2.046956157727593,31.634201002703158,29.19392272990328,25.979827352757788,140.64603274591656,4.961036427856835,0.23793652434495743,1.1804117647929786,1.5654470364774173,ZONE_01,SUSPENSION_FAULT,REAR_BOGIE,3
16.89,RUN_059_SUSPENSION_FAULT,TRAIN001,-0.0684758351476804,0.9137252486202094,2.7800366412728397,31.632803179349477,29.062877484680747,26.073517084770923,140.44793046499325,4.997066267697111,0.25082848755170717,1.2534065741221205,1.5172225384103308,ZONE_01,SUSPENSION_FAULT,REAR_BOGIE,3
16.9,RUN_059_SUSPENSION_FAULT,TRAIN001,-0.10469412935163908,1.1758440367701026,2.201594992557355,31.604626452643018,29.03156038452495,26.033744411956867,140.21314543229562,4.976968401190152,0.22884499795734148,1.1389543236041133,1.487057895861444,ZONE_01,SUSPENSION_FAULT,REAR_BOGIE,3
16.91,RUN_059_SUSPENSION_FAULT,TRAIN001,-0.05612769223651816,0.49266549040247687,2.258091040724349,31.63701718458997,28.97657591037254,26.077006932187306,139.59456385248794,5.0035177089692455,0.21849848782612516,1.0932610532210183,1.8061706340825496,ZONE_01,SUSPENSION_FAULT,REAR_BOGIE,3
16.92,RUN_059_SUSPENSION_FAULT,TRAIN001,-0.1132962104826376,0.9308039810194286,2.3117770512525957,31.774023494252916,29.05274115981989,25.898288601148703,139.5201870082904,4.980407513286329,0.23773027843084682,1.1839936648326403,2.1265173399637067,ZONE_01,SUSPENSION_FAULT,REAR_BOGIE,3
16.93,RUN_059_SUSPENSION_FAULT,TRAIN001,0.009794038557647954,0.38326956067435725,1.7156282289443072,31.890551228726295,29.069180297368536,25.994789792445275,140.4242079445403,5.000204867795828,0.23626472782187066,1.1813720421433742,1.9959713665300844,ZONE_01,SUSPENSION_FAULT,REAR_BOGIE,3
16.94,RUN_059_SUSPENSION_FAULT,TRAIN001,0.018594665527706035,0.708995212090119,3.274803463297557,31.65055364720095,28.92726569101126,26.05950154752673,139.77897968483524,4.986135432562598,0.2281509178585005,1.1375913755059481,2.325643004745133,ZONE_01,SUSPENSION_FAULT,REAR_BOGIE,3
16.95,RUN_059_SUSPENSION_FAULT,TRAIN001,-0.06434846931023641,0.9809627309987303,2.5592876267406623,31.790734180214617,28.99701491990675,25.96870687405626,138.7972861192907,4.991905610076059,0.23541328512545712,1.1751608987042041,2.0932358805277884,ZONE_01,SUSPENSION_FAULT,REAR_BOGIE,3
16.96,RUN_059_SUSPENSION_FAULT,TRAIN001,-0.2176877046669815,1.3263396982773843,2.803935510222676,31.707462131611337,29.26134949602504,25.99055012939523,139.98555543616163,4.949719821330957,0.21264842164681758,1.052550107599996,1.9097136780418287,ZONE_01,SUSPENSION_FAULT,REAR_BOGIE,3
16.97,RUN_059_SUSPENSION_FAULT,TRAIN001,-0.06273241069959466,1.0255122755890385,1.523185816307215,31.865222009427562,29.081298722130136,25.996542224960855,140.5595249958041,4.989042573557122,0.21456346296713466,1.0704662514728818,1.9654253140279325,ZONE_01,SUSPENSION_FAULT,REAR_BOGIE,3
16.98,RUN_059_SUSPENSION_FAULT,TRAIN001,-0.14015561564839935,0.8906831720625368,2.1171131791697997,31.685564181430973,29.074396548585945,26.01938855113676,141.17885987500574,5.040133864394506,0.2134604029172114,1.075869005450333,1.1207311584054969,ZONE_01,SUSPENSION_FAULT,REAR_BOGIE,3
16.990000000000002,RUN_059_SUSPENSION_FAULT,TRAIN001,-0.05267253173897121,0.44943791254642046,0.3192470944640806,31.814524625166406,29.083044645821428,25.94362842658788,141.07279095736826,4.995153475029699,0.22702596703139477,1.1340295481388496,1.4819546687829368,ZONE_01,SUSPENSION_FAULT,REAR_BOGIE,3
17.0,RUN_059_SUSPENSION_FAULT,TRAIN001,0.02409273655703275,0.2592115273477887,0.883122506439986,31.63855278452736,28.959099071982255,25.994199253859854,139.26297644262587,5.016257359950125,0.2165582961019194,1.0863121466795118,1.2484973901752383,ZONE_01,SUSPENSION_FAULT,REAR_BOGIE,3
17.01,RUN_059_SUSPENSION_FAULT,TRAIN001,0.14483753375749836,-0.4375633975616885,0.6513459363877304,31.78439919697163,29.11624943532186,25.98597257712132,140.62531029412236,4.982043045593031,0.2538062186026824,1.2644735063177581,1.3929375823180872,ZONE_01,SUSPENSION_FAULT,REAR_BOGIE,3
17.02,RUN_059_SUSPENSION_FAULT,TRAIN001,0.13011003952049646,0.019044733617939458,0.6435769601888297,31.704660520968247,29.144275784938053,25.961949454826552,140.36781621938223,4.997817537951317,0.22720662676936443,1.1355372640066888,1.64220978140583,ZONE_01,SUSPENSION_FAULT,REAR_BOGIE,3
17.03,RUN_059_SUSPENSION_FAULT,TRAIN001,-0.14037910529572814,-0.14708644218177613,0.30997338601996693,31.770903295064656,29.053286641235246,25.980473204850504,139.8611319632628,5.027654912552903,0.26842137782248787,1.34953005884345,0.5419142767796895,ZONE_01,SUSPENSION_FAULT,REAR_BOGIE,3
17.04,RUN_059_SUSPENSION_FAULT,TRAIN001,0.009681122498617687,-0.9175085152223623,-0.8385000565758448,31.719496797662455,29.14091640386889,26.037654056503204,140.1367383549985,5.026701102894685,0.236766909756161,1.1901564864002607,0.7210431204467997,ZONE_01,SUSPENSION_FAULT,REAR_BOGIE,3
17.05,RUN_059_SUSPENSION_FAULT,TRAIN001,-0.0623694012567843,-1.1215036633693212,-0.1410774896350016,31.85439768878692,29.044407598512816,25.997735475229344,141.3755696275688,4.942068155526071,0.23378264501355062,1.1553697652361243,0.003823931730154162,ZONE_01,SUSPENSION_FAULT,REAR_BOGIE,3
17.06,RUN_059_SUSPENSION_FAULT,TRAIN001,0.015650948508000962,-1.1443598768644234,-0.8451182759917731,31.73870424590554,29.18197584925648,26.0186043532753,139.5821595915763,4.970859124165732,0.2746020363343056,1.3650080378268727,1.0104786107188624,ZONE_01,SUSPENSION_FAULT,REAR_BOGIE,3
17.07,RUN_059_SUSPENSION_FAULT,TRAIN001,0.1748366820079981,-1.5364412057785408,0.33770020349121976,31.883153228147734,29.021207840701962,25.927057291317382,139.0293040673261,4.998629209794385,0.2228600656248848,1.1139948337292427,0.2748711348473761,ZONE_01,SUSPENSION_FAULT,REAR_BOGIE,3
17.080000000000002,RUN_059_SUSPENSION_FAULT,TRAIN001,0.06579359762745926,-0.6688491146727555,-0.011171308575174399,31.87259380948071,29.220601649735887,26.001170371941104,140.60444171081608,4.994652654095215,0.2426664506119474,1.2120346316088284,0.5111876558966674,ZONE_01,SUSPENSION_FAULT,REAR_BOGIE,3
17.09,RUN_059_SUSPENSION_FAULT,TRAIN001,0.04057486571847227,-1.1265700204892082,0.5589967791448678,31.596320395085193,28.95275041802545,26.025633532343306,138.6983293655676,4.983445644928882,0.20434497422195771,1.01834207184952,0.49657558864235907,ZONE_01,SUSPENSION_FAULT,REAR_BOGIE,3
17.1,RUN_059_SUSPENSION_FAULT,TRAIN001,-0.04498780878863906,-1.3654429324694761,-0.8420507384332359,31.7226195780568,29.248676014801653,25.901413754678504,140.3460557620731,4.9984295456123595,0.24440189986307,1.2216256772793623,0.6982024639881486,ZONE_01,SUSPENSION_FAULT,REAR_BOGIE,3
17.11,RUN_059_SUSPENSION_FAULT,TRAIN001,-0.0684550071030766,-1.0740661697405123,0.48803021300287663,31.63815769574296,29.04359497888574,26.02045636007054,140.08796222143113,4.99003173644626,0.23598359108292377,1.1775656087843462,0.6640907828700066,ZONE_01,SUSPENSION_FAULT,REAR_BOGIE,3
17.12,RUN_059_SUSPENSION_FAULT,TRAIN001,-0.02936888953125454,-0.1409021700161469,-0.39778813524513235,31.668268173116378,29.191107494090065,25.899846050755897,139.47097575307205,4.962186735394224,0.27637057451258273,1.371402398899619,0.8998054252914763,ZONE_01,SUSPENSION_FAULT,REAR_BOGIE,3
17.13,RUN_059_SUSPENSION_FAULT,TRAIN001,0.0625871972323005,0.5417044348184437,3.8346990303770387,31.78546176038956,28.85909651556135,26.026013089135027,141.15587671629453,4.984173829210551,0.23373506595005214,1.1649761986770522,1.3892941595559263,ZONE_01,SUSPENSION_FAULT,REAR_BOGIE,3
17.14,RUN_059_SUSPENSION_FAULT,TRAIN001,0.1599197672610165,-0.6517677549857699,1.2855922215510134,31.810464945314415,29.269676857054318,25.997768972069366,138.86085387144718,4.996561732623976,0.185506288689721,0.9268936232281559,0.6817048884470254,ZONE_01,SUSPENSION_FAULT,REAR_BOGIE,3
17.150000000000002,RUN_059_SUSPENSION_FAULT,TRAIN001,0.06221076897539192,-0.5686922451526595,0.7983808499264994,31.59487061507274,29.046805974934138,26.0244910312973,140.28842801167028,5.0004171030608875,0.22868911516439258,1.1435409627518895,1.4186613550023044,ZONE_01,SUSPENSION_FAULT,REAR_BOGIE,3
17.16,RUN_059_SUSPENSION_FAULT,TRAIN001,-0.014343275247977775,-0.48332330873620594,1.455567302345232,31.708265762622094,29.085848475669714,26.00637954063199,139.564792217483,5.0158919479901245,0.24944431323343927,1.2511857222195344,0.9439476812099051,ZONE_01,SUSPENSION_FAULT,REAR_BOGIE,3
17.17,RUN_059_SUSPENSION_FAULT,TRAIN001,-0.0031522804506557618,0.7786491714708763,1.8468585301073435,31.729564399475986,28.940914172590624,26.092079121741772,139.95960304746632,5.014566234044849,0.23660016352887617,1.1864471910013918,1.1652221904705775,ZONE_01,SUSPENSION_FAULT,REAR_BOGIE,3
17.18,RUN_059_SUSPENSION_FAULT,TRAIN001,0.0795227071293504,1.1944908970221246,2.2906321889819172,31.67059106643454,29.152829264383158,25.965185205343044,141.1459733982475,4.993506038708963,0.22055768384080068,1.1013561261427005,1.5786468931488888,ZONE_01,SUSPENSION_FAULT,REAR_BOGIE,3
17.19,RUN_059_SUSPENSION_FAULT,TRAIN001,0.17583968942015518,0.968047208104158,2.7789361356861986,31.790595594514176,29.08519944555187,26.0339184790937,139.1229602015076,4.933399291536215,0.18549299024461605,0.9151109866577228,1.7682503724213656,ZONE_01,SUSPENSION_FAULT,REAR_BOGIE,3
17.2,RUN_059_SUSPENSION_FAULT,TRAIN001,0.2079224029912985,0.89690157578569,2.8119610862766184,31.869351384154513,29.061406008259695,26.03713247415108,139.41633099245132,4.977598636789407,0.20939828756086853,1.0423006307090155,2.477810135046819,ZONE_01,SUSPENSION_FAULT,REAR_BOGIE,3
17.21,RUN_059_SUSPENSION_FAULT,TRAIN001,-0.09062227489873248,0.6844133592216504,1.6159198932711476,31.776639499702195,28.946275790577705,26.009243316513622,139.13074990302977,5.018000788946948,0.23123186148386682,1.160321663355715,2.0727922007336934,ZONE_01,SUSPENSION_FAULT,REAR_BOGIE,3
17.22,RUN_059_SUSPENSION_FAULT,TRAIN001,-0.13947433096327919,0.9350763395722876,1.9186113116870929,31.690263809671865,29.013545126637545,26.035911888077834,139.0017227907802,4.981347986558109,0.22951869686035178,1.1433124984827545,0.939317316493755,ZONE_01,SUSPENSION_FAULT,REAR_BOGIE,3
17.23,RUN_059_SUSPENSION_FAULT,TRAIN001,0.09770663155707787,0.6587341374807093,2.5160869367759715,31.901193470776818,29.105888999468075,25.974800433907497,139.78365504702495,4.994737610381783,0.25922729570332687,1.2947723234869668,1.8751623996312632,ZONE_01,SUSPENSION_FAULT,REAR_BOGIE,3
17.240000000000002,RUN_059_SUSPENSION_FAULT,TRAIN001,0.08993002882267892,0.5949759235269838,2.6306325100061665,31.919760822341505,28.811561852916324,25.983642549125083,139.18465881005125,4.992383906183712,0.19556007747298992,0.9763109834681949,1.2675889256454378,ZONE_01,SUSPENSION_FAULT,REAR_BOGIE,3
17.25,RUN_059_SUSPENSION_FAULT,TRAIN001,0.11165215594811687,0.6381088969680132,3.15813787965435,31.96745541456043,29.1837763613492,26.049332702609654,140.65532896266888,4.985413754050694,0.23298481023156115,1.1615256774133158,2.0095987336512686,ZONE_01,SUSPENSION_FAULT,REAR_BOGIE,3
17.26,RUN_059_SUSPENSION_FAULT,TRAIN001,0.17705929862384784,0.4359772145202234,1.4114358016700588,31.709904821065503,29.173623146707826,25.97004623692622,138.8861528842111,5.0158196070099725,0.22565949321078158,1.131867310554572,1.4195189549425444,ZONE_01,SUSPENSION_FAULT,REAR_BOGIE,3
17.27,RUN_059_SUSPENSION_FAULT,TRAIN001,-0.014712988931811645,0.5267727312042234,2.046967367369011,31.682830731600106,29.115547200722027,26.038917445152347,138.83691703305254,4.986007010596261,0.2544033228939112,1.2684567514680254,0.9388546916802829,ZONE_01,SUSPENSION_FAULT,REAR_BOGIE,3
17.28,RUN_059_SUSPENSION_FAULT,TRAIN001,0.08799213873309585,0.25603024934726104,2.1596517372668593,31.841432262397515,29.018609936840395,25.988716402038172,140.3079464926248,5.002555373970766,0.23166196004477946,1.1589017831666124,1.0919399028683323,ZONE_01,SUSPENSION_FAULT,REAR_BOGIE,3
17.29,RUN_059_SUSPENSION_FAULT,TRAIN001,-0.10344298020802208,-0.3766043754295841,0.6307874425257958,31.7937774715156,29.13679278427653,25.946028291052123,140.440448557901,4.991209410052773,0.26402133331236427,1.317785763283352,1.0008747396181377,ZONE_01,SUSPENSION_FAULT,REAR_BOGIE,3
17.3,RUN_059_SUSPENSION_FAULT,TRAIN001,0.1313458229501715,-0.7390578198918104,0.17681270024292678,31.621937497524026,29.038832704668145,25.9370952433439,139.41302814391906,4.9795926303294165,0.2586254592696374,1.287849430994647,0.6226254884797096,ZONE_01,SUSPENSION_FAULT,REAR_BOGIE,3
17.31,RUN_059_SUSPENSION_FAULT,TRAIN001,-0.00839780915343223,-0.5972880518709887,0.48465085275880904,31.665583009512083,28.9509598078575,25.99412492297285,140.80500309126555,5.0118928565383145,0.19815235977246354,0.99311839644982,0.5597366507838093,ZONE_01,SUSPENSION_FAULT,REAR_BOGIE,3
17.32,RUN_059_SUSPENSION_FAULT,TRAIN001,-0.011612511411628798,-0.8618550463496961,-0.1732444775925414,31.789587040273602,28.909942120007116,25.979984877729496,138.83817139068086,4.9635276440876215,0.21746835220233107,1.0794101778704535,0.6155789325661604,ZONE_01,SUSPENSION_FAULT,REAR_BOGIE,3
17.330000000000002,RUN_059_SUSPENSION_FAULT,TRAIN001,-0.11034647866990639,-0.8313329388349263,-0.1690703884133031,31.900816336400634,29.166571651683306,26.066257710497034,141.3399740754025,5.021938395371038,0.27077132304268303,1.3597969035534645,1.0427371030881325,ZONE_01,SUSPENSION_FAULT,REAR_BOGIE,3
17.34,RUN_059_SUSPENSION_FAULT,TRAIN001,0.1436258754041256,-0.05360051879256489,-0.3082344756181918,31.748591160454907,29.035043310883964,26.010246516000578,139.6257299474024,4.994067625210601,0.21969675494296664,1.0971804512244967,0.9278869915606418,ZONE_01,SUSPENSION_FAULT,REAR_BOGIE,3
17.35,RUN_059_SUSPENSION_FAULT,TRAIN001,0.09831387738975794,-1.0791679016097626,1.035920987262668,31.815892993392946,29.041074193521702,26.028402014163643,139.9423965919247,5.005309559871402,0.24361424052806363,1.219364687035928,0.8664393224596301,ZONE_01,SUSPENSION_FAULT,REAR_BOGIE,3
17.36,RUN_059_SUSPENSION_FAULT,TRAIN001,0.06793298875665651,-0.15773979579088504,-0.3324408959488222,31.939570861550443,29.064688208088064,25.983953357814126,140.8427455817238,5.030192441571673,0.2451890455733284,1.233348083799129,0.5044660223500368,ZONE_01,SUSPENSION_FAULT,REAR_BOGIE,3
17.37,RUN_059_SUSPENSION_FAULT,TRAIN001,-0.1340910574139007,-1.3486250360919576,-0.9764981993560792,31.991014608946557,29.032348323670146,25.819827128174552,140.5768107554494,4.9996116028270094,0.21696031497888515,1.0847173081214367,0.7454977304018124,ZONE_01,SUSPENSION_FAULT,REAR_BOGIE,3
17.38,RUN_059_SUSPENSION_FAULT,TRAIN001,-0.07519281962649986,-0.9632404344694115,-0.7073151759758103,31.739673422619653,28.95240091535055,25.971151403622937,140.24618716533018,5.007479704095475,0.18664775613397327,0.934634850655833,0.22436023436579372,ZONE_01,SUSPENSION_FAULT,REAR_BOGIE,3
17.39,RUN_059_SUSPENSION_FAULT,TRAIN001,0.10969628598157598,-1.3623339348856056,0.4926935034705143,31.893248200385674,29.099070897247007,25.997888041214033,140.0446330926186,4.982370414336696,0.2245514702545229,1.1187986018919416,0.6308842293232321,ZONE_01,SUSPENSION_FAULT,REAR_BOGIE,3
17.400000000000002,RUN_059_SUSPENSION_FAULT,TRAIN001,-0.013615538440194173,-0.9042322253402195,1.0890753902329071,31.75777879170675,29.133804906404166,25.962103222634614,142.0087388766068,5.013147559933236,0.24993780023957035,1.2529750734060827,0.787438324961474,ZONE_01,SUSPENSION_FAULT,REAR_BOGIE,3
17.41,RUN_059_SUSPENSION_FAULT,TRAIN001,0.01898143680603598,-0.6519903030318212,0.2957286333736887,31.988094831499886,29.104015894689525,25.926309145758836,140.5577685191489,4.997638702841875,0.2232302280313408,1.115624027253646,0.6921706493925008,ZONE_01,SUSPENSION_FAULT,REAR_BOGIE,3
17.42,RUN_059_SUSPENSION_FAULT,TRAIN001,0.03458189043793155,-0.3748922278611003,1.8133215653779426,31.755506660647498,28.993500203071275,26.096653277499023,140.79930615419457,4.992663028725629,0.20206671384059188,1.0088510115280045,0.5920641063450224,ZONE_01,SUSPENSION_FAULT,REAR_BOGIE,3
17.43,RUN_059_SUSPENSION_FAULT,TRAIN001,-0.043058360129308824,0.14054160455516934,2.336233631082407,31.799503517467386,29.055311446106437,26.045776323451207,140.37555882797255,5.010273053367361,0.21376023796842525,1.0709971601745956,1.4964775810140722,ZONE_01,SUSPENSION_FAULT,REAR_BOGIE,3
17.44,RUN_059_SUSPENSION_FAULT,TRAIN001,0.10983705836543814,0.2109840737432402,1.7979706966801945,31.626827980790782,29.16152735599086,26.00319661490066,139.96436234017193,4.977798078108712,0.2497944222340554,1.2434261949189571,0.7569437805500943,ZONE_01,SUSPENSION_FAULT,REAR_BOGIE,3
17.45,RUN_059_SUSPENSION_FAULT,TRAIN001,-0.20298061400633785,0.0726073132800143,2.225722280323696,31.821925937371958,29.016842112371457,26.095473812927494,139.64879597157662,5.003289372486894,0.24962410652842681,1.2489416393102142,1.402332802811467,ZONE_01,SUSPENSION_FAULT,REAR_BOGIE,3
17.46,RUN_059_SUSPENSION_FAULT,TRAIN001,0.16424623226100193,0.3398777924966351,3.0198978020163967,31.817418824543303,29.180978207752606,26.026907184520358,139.59515100723058,5.00616292950853,0.21805840494647144,1.091635903310785,1.3481325449294053,ZONE_01,SUSPENSION_FAULT,REAR_BOGIE,3
17.47,RUN_059_SUSPENSION_FAULT,TRAIN001,0.15817735313048545,0.9500861918373035,2.7893085272648586,32.035639084994095,29.12697895446733,26.06151877743737,139.54022972303017,5.020451576154317,0.24594587595064882,1.2347593605650888,1.2682238234303076,ZONE_01,SUSPENSION_FAULT,REAR_BOGIE,3
17.48,RUN_059_SUSPENSION_FAULT,TRAIN001,0.04653075766242147,0.5661464195987613,2.178668173197137,31.81709160672337,29.085262867217594,25.99566543384269,140.7343652739146,5.037757785411475,0.22706234359108426,1.14388508919976,1.6630170843008045,ZONE_01,SUSPENSION_FAULT,REAR_BOGIE,3
17.490000000000002,RUN_059_SUSPENSION_FAULT,TRAIN001,0.07702068548300173,0.6632388793151802,3.0495477573870255,31.771864076192642,29.10075792386997,26.092464338957264,139.37526964211986,4.9815848630121815,0.2355836421345667,1.1735799056308363,1.8700970246616055,ZONE_01,SUSPENSION_FAULT,REAR_BOGIE,3
17.5,RUN_059_SUSPENSION_FAULT,TRAIN001,-0.012717631529386401,1.2859139068535683,2.1107122688678532,31.854032975550336,29.262020288456757,26.032322579827788,140.96036296321782,4.968679517387403,0.22426689703195266,1.1143103377106929,2.0674871591631385,ZONE_01,SUSPENSION_FAULT,REAR_BOGIE,3
17.51,RUN_059_SUSPENSION_FAULT,TRAIN001,0.18566930811895632,1.1740478522868305,7.115171292911825,31.81979013905044,29.225231289618993,25.992255726703103,139.126074362426,5.005562634511057,0.25619176464165233,1.282383924359706,2.236006835381007,ZONE_01,SUSPENSION_FAULT,REAR_BOGIE,3
17.52,RUN_059_SUSPENSION_FAULT,TRAIN001,-0.06020306758883991,1.130853666050405,2.7522587357832995,31.86291772130728,28.906441402224814,25.94202483743413,139.70075201069065,5.006466444276625,0.2436427360494,1.219789182423068,2.033228421277196,ZONE_01,SUSPENSION_FAULT,REAR_BOGIE,3
17.53,RUN_059_SUSPENSION_FAULT,TRAIN001,-0.09709488036342911,0.22758255961817575,2.5966214480342344,31.871488242735744,29.011140086939175,25.98848434615418,140.52734424692161,5.000714069557108,0.21599957001852482,1.0801520888099228,1.7797090748199456,ZONE_01,SUSPENSION_FAULT,REAR_BOGIE,3
17.54,RUN_059_SUSPENSION_FAULT,TRAIN001,0.04270600658997276,0.676501431035841,1.3223949297942292,31.860725797452385,29.08802012986382,26.077069479872495,140.73139263339314,5.011674359310574,0.23370150881809887,1.1712358594758603,1.4700303917725905,ZONE_01,SUSPENSION_FAULT,REAR_BOGIE,3
17.55,RUN_059_SUSPENSION_FAULT,TRAIN001,-0.052810391650781024,-0.1255774558503841,1.5194299085122704,31.90603181895942,29.184284351117707,25.941725384303744,139.4545486037533,4.932828619155554,0.20900236415767232,1.030972843388137,1.2112900434254381,ZONE_01,SUSPENSION_FAULT,REAR_BOGIE,3
17.56,RUN_059_SUSPENSION_FAULT,TRAIN001,-0.03323422849897521,0.42691294911877536,2.738728807533718,31.93120551192225,29.278794066303245,26.015214572408315,138.2000133970003,5.003243788537794,0.23312302893314302,1.1663713464748642,1.1939175251022465,ZONE_01,SUSPENSION_FAULT,REAR_BOGIE,3
17.57,RUN_059_SUSPENSION_FAULT,TRAIN001,0.1651990753751996,0.3188812116350663,0.713389271365166,31.863287616114896,29.190665054468187,26.068134573820252,139.86752065673664,5.018644962805421,0.2602952606902224,1.3063294989051086,0.9214157727857234,ZONE_01,SUSPENSION_FAULT,REAR_BOGIE,3
17.580000000000002,RUN_059_SUSPENSION_FAULT,TRAIN001,-0.2054090889411521,-1.2561918476240646,0.5968503601129341,31.960766312788227,29.126664075277578,25.976857147341164,140.06705813536283,4.990306733877066,0.2002261834444561,0.9991900715413741,0.7706139674172999,ZONE_01,SUSPENSION_FAULT,REAR_BOGIE,3
17.59,RUN_059_SUSPENSION_FAULT,TRAIN001,0.0688983462205271,-0.386317775152098,1.126045632303986,31.94417525199677,28.98111471574914,26.080248163990667,140.03603534801704,4.968185405088599,0.23327310027471224,1.1589440121845946,0.7756833838799969,ZONE_01,SUSPENSION_FAULT,REAR_BOGIE,3
17.6,RUN_059_SUSPENSION_FAULT,TRAIN001,-0.10951416088002888,-0.3588727902745257,-0.4913659379961294,31.946656452861916,29.070518379073025,25.983279260285723,139.74324005898785,5.012838401360183,0.27228622033915995,1.364926821477361,0.593560774355485,ZONE_01,SUSPENSION_FAULT,REAR_BOGIE,3
17.61,RUN_059_SUSPENSION_FAULT,TRAIN001,0.015809555368047092,-0.23597853678479253,0.13409875318327907,32.01602331822026,29.20162275082187,25.991433344450158,140.02743932298472,4.994699361222287,0.24450134594508602,1.2212107164099106,0.5101014628093262,ZONE_01,SUSPENSION_FAULT,REAR_BOGIE,3
17.62,RUN_059_SUSPENSION_FAULT,TRAIN001,0.047046446170147124,-0.9415760901453646,-0.9934854893310628,31.819468255022816,29.279796729167156,25.986359894679097,139.97855414930882,4.997424673529231,0.26839252943382985,1.3412714487835418,0.6039765434769703,ZONE_01,SUSPENSION_FAULT,REAR_BOGIE,3
17.63,RUN_059_SUSPENSION_FAULT,TRAIN001,0.030483365078986937,-1.6654273464070362,-1.3504530055445967,31.96389218501396,29.02023778856178,25.99393750530385,141.3117100888399,5.008237356840367,0.2626958604148372,1.3156432216169105,0.03476663590608842,ZONE_01,SUSPENSION_FAULT,REAR_BOGIE,3
17.64,RUN_059_SUSPENSION_FAULT,TRAIN001,-0.15866563455418417,-1.73058308895517,1.0418272889322526,31.951362810038972,29.1819885968896,26.025249671520612,140.69220418884362,4.986634344902293,0.2365210401676022,1.17944394219178,0.4949813539437276,ZONE_01,SUSPENSION_FAULT,REAR_BOGIE,3
17.650000000000002,RUN_059_SUSPENSION_FAULT,TRAIN001,0.003736984433991862,-0.7540263258047673,0.14940244856237062,32.06277992662868,29.210029512767576,25.902024724248637,139.39265773452811,5.004036159857391,0.23319628006019616,1.1669226177654526,0.3625606679511806,ZONE_01,SUSPENSION_FAULT,REAR_BOGIE,3
17.66,RUN_059_SUSPENSION_FAULT,TRAIN001,0.05771168318455382,-1.0220302275422073,-0.5381003869974292,31.850081888559657,29.01733574726388,26.06152379986558,141.55150596022978,4.967272580115353,0.2255412799801577,1.1203250157295572,0.30709379040594076,ZONE_01,SUSPENSION_FAULT,REAR_BOGIE,3
17.67,RUN_059_SUSPENSION_FAULT,TRAIN001,0.195723330855574,-0.17094496270153503,-0.684438093347217,31.961070816659433,29.032769885103086,26.00521215949582,140.4912171327855,4.986489855350561,0.24826281406464795,1.2379600037941496,0.4423547467260899,ZONE_01,SUSPENSION_FAULT,REAR_BOGIE,3
17.68,RUN_059_SUSPENSION_FAULT,TRAIN001,0.03085336263825447,0.08353759434925179,1.6101906010898552,31.914646713853696,29.28344243368139,25.996398110969466,138.4551522803787,5.010066277476833,0.23712803845803615,1.1880271889228364,0.6653424968975856,ZONE_01,SUSPENSION_FAULT,REAR_BOGIE,3
17.69,RUN_059_SUSPENSION_FAULT,TRAIN001,-0.12402226296847828,-0.3146615023324557,-0.12819161063060275,31.85614645166051,29.11238274297307,25.922198761038192,139.57373905718063,5.030872521629949,0.22352796550155574,1.124540699457624,0.9422575091027514,ZONE_01,SUSPENSION_FAULT,REAR_BOGIE,3
17.7,RUN_059_SUSPENSION_FAULT,TRAIN001,-0.08300774315810008,-0.5122915278462242,-0.7423360185738379,31.698001634815082,28.929955167044692,26.07266635580829,139.94353083437304,5.004045116281634,0.24295790095061934,1.2157722977139835,0.9875739893296295,ZONE_01,SUSPENSION_FAULT,REAR_BOGIE,3
17.71,RUN_059_SUSPENSION_FAULT,TRAIN001,-0.09669386142984633,0.3937894220266752,-0.4834106730059602,31.914971277161502,28.998373847253003,26.03532534797115,141.307857924942,4.9771672237139075,0.22037406663805287,1.0968385814274613,1.45231459602627,ZONE_01,SUSPENSION_FAULT,REAR_BOGIE,3
17.72,RUN_059_SUSPENSION_FAULT,TRAIN001,0.1282324361017261,0.6652788344491072,1.4917876618322177,31.847118566610163,29.163041891259834,26.045753662813116,138.99111558329955,5.032695401747705,0.22556701125240672,1.13521006031596,1.5047557954233244,ZONE_01,SUSPENSION_FAULT,REAR_BOGIE,3
17.73,RUN_059_SUSPENSION_FAULT,TRAIN001,0.08087086455385974,0.5780035810541265,1.4799112025886152,31.976131436947117,29.08703148495238,26.024481691862896,140.29568792788774,5.014259888539996,0.2724653608366722,1.366212129859902,1.1156003031067436,ZONE_01,SUSPENSION_FAULT,REAR_BOGIE,3
17.740000000000002,RUN_059_SUSPENSION_FAULT,TRAIN001,-0.1675728191235183,0.4769136998551543,3.0094248022229726,31.904558652663056,28.97623804829027,26.023089228097838,140.60380771414975,5.0101035715870275,0.1989858284148101,0.9969396096362435,1.3472004008347522,ZONE_01,SUSPENSION_FAULT,REAR_BOGIE,3
17.75,RUN_059_SUSPENSION_FAULT,TRAIN001,-0.05804718132139319,0.869241660153736,2.775414121356694,31.706170758963616,29.27496017439215,25.957383528331125,139.72328283741484,4.998932074666038,0.18952715307145687,0.9474333645090456,1.4172325131238421,ZONE_01,SUSPENSION_FAULT,REAR_BOGIE,3
17.76,RUN_059_SUSPENSION_FAULT,TRAIN001,0.1348864438954914,1.306913877844133,2.8176178140296564,31.765092424483893,29.009685822318133,26.07797007480337,139.13641205758248,5.005660237342666,0.1715543878155138,0.8587429776297806,1.9928431068713994,ZONE_01,SUSPENSION_FAULT,REAR_BOGIE,3
17.77,RUN_059_SUSPENSION_FAULT,TRAIN001,-0.0911640325662619,0.5924942347096132,1.8530991504558099,31.967763157245567,29.265145351569096,25.992705026350123,138.98769440994337,5.019680574012075,0.20455600334853077,1.026805796306169,1.5676670393878045,ZONE_01,SUSPENSION_FAULT,REAR_BOGIE,3
17.78,RUN_059_SUSPENSION_FAULT,TRAIN001,0.05340682744385068,1.716089732184643,2.55585989474739,31.967075689045362,28.98002928814367,25.935734137741374,139.86052817335792,4.993124030337445,0.22131644244923362,1.1050604471020626,1.3200279552855978,ZONE_01,SUSPENSION_FAULT,REAR_BOGIE,3
17.79,RUN_059_SUSPENSION_FAULT,TRAIN001,-0.0346838926017783,0.5718571102377641,3.0152795553845264,31.889722057869413,29.06559366929128,25.984402020189883,138.9710267912814,5.002054820631699,0.23486294253740259,1.1747973139069603,1.8485394762624194,ZONE_01,SUSPENSION_FAULT,REAR_BOGIE,3
17.8,RUN_059_SUSPENSION_FAULT,TRAIN001,0.021589880848328337,0.7027653896955353,2.893532439885141,31.821760122765664,29.154640940201805,26.018533785927087,140.790808384596,4.995998661978758,0.22225596793871205,1.1103905184385992,1.1837894036463021,ZONE_01,SUSPENSION_FAULT,REAR_BOGIE,3
17.81,RUN_059_SUSPENSION_FAULT,TRAIN001,-0.05025720056119353,0.38563310475618884,2.7770632256408114,31.909542488870574,28.9904106939019,26.026638330049632,139.85310763119796,5.020803365039359,0.19710723029492752,0.9896366451383599,1.9845101397555118,ZONE_01,SUSPENSION_FAULT,REAR_BOGIE,3
17.82,RUN_059_SUSPENSION_FAULT,TRAIN001,-0.1415759919547894,-0.1692228950035568,2.1454855643614232,31.86002722720067,29.047641231961112,25.9617017540705,141.04048377306194,4.999730636900011,0.221259413581921,1.106237468788061,1.3433857268941676,ZONE_01,SUSPENSION_FAULT,REAR_BOGIE,3
17.830000000000002,RUN_059_SUSPENSION_FAULT,TRAIN001,-0.10074965449714882,0.598205863869126,1.6585342425027558,31.70589512751869,29.04757270206619,25.970343744170513,138.4745638910277,4.9788838752196325,0.2312484614297379,1.1513592357818712,1.39272660227749,ZONE_01,SUSPENSION_FAULT,REAR_BOGIE,3
17.84,RUN_059_SUSPENSION_FAULT,TRAIN001,0.042610058450349104,0.5415925173570819,2.3135237137808957,31.789397237782257,29.15656320991203,26.0133202904932,140.49538122104516,4.999769560450383,0.26485370659419527,1.3242075002021143,1.7343012518303011,ZONE_01,SUSPENSION_FAULT,REAR_BOGIE,3
17.85,RUN_059_SUSPENSION_FAULT,TRAIN001,0.14127476151829987,-0.4399774235322763,0.9921156123572863,31.768614448285852,29.027901793883466,25.957691711931606,140.51260931745256,5.005007421375942,0.2641993390869307,1.3223196528527073,1.4992376444215192,ZONE_01,SUSPENSION_FAULT,REAR_BOGIE,3
17.86,RUN_059_SUSPENSION_FAULT,TRAIN001,-0.020995229112177546,-0.4432826138042535,1.7341689736368595,31.75502493508077,29.069748843056132,25.970381020270317,140.3363203659304,5.00175975957506,0.251634001695163,1.2586128238197085,0.6691355409266442,ZONE_01,SUSPENSION_FAULT,REAR_BOGIE,3
17.87,RUN_059_SUSPENSION_FAULT,TRAIN001,0.04284824169611765,-0.431129765802707,0.9523591346381799,31.903627692054407,28.955889633296287,26.070192552176916,140.3345789377489,5.007171203738737,0.22712521989501167,1.1372548607011308,1.0038225124340276,ZONE_01,SUSPENSION_FAULT,REAR_BOGIE,3
17.88,RUN_059_SUSPENSION_FAULT,TRAIN001,0.05259221510381828,-0.3037797713199366,0.0459160719890542,31.857477850081725,29.225658528609472,25.956925451950028,140.87832300427885,5.005334031545481,0.23949431412248412,1.1987490408389134,0.553028316919719,ZONE_01,SUSPENSION_FAULT,REAR_BOGIE,3
17.89,RUN_059_SUSPENSION_FAULT,TRAIN001,-0.11229645345981608,-1.1225781440600213,-0.531088271879793,31.934431447496348,29.234984193789245,25.99901845990265,140.69547214328827,4.989526812375528,0.21127991403855642,1.0541867960117741,0.8207560207149756,ZONE_01,SUSPENSION_FAULT,REAR_BOGIE,3
17.900000000000002,RUN_059_SUSPENSION_FAULT,TRAIN001,-0.10257603207141475,-1.221645409683103,-0.16794108034831703,31.769712795137593,28.982690846300475,25.932350043966817,139.61169157315499,5.024049334671707,0.24410282285007498,1.2263846247314047,0.5678736342105656,ZONE_01,SUSPENSION_FAULT,REAR_BOGIE,3
17.91,RUN_059_SUSPENSION_FAULT,TRAIN001,0.06437294969960158,-0.6927092316345459,0.4488073294014576,31.97980952640052,29.124896237337,26.012348598012306,139.1874453866052,5.02124370240702,0.16895208143444973,0.8483495749112887,0.5004650819743087,ZONE_01,SUSPENSION_FAULT,REAR_BOGIE,3
17.92,RUN_059_SUSPENSION_FAULT,TRAIN001,0.04479299551414778,-1.5986756221936553,-0.15942676122636268,31.92008602084667,29.05812260477426,25.884327039927975,140.26360911413897,4.990474374584474,0.24043798194791022,1.1998995875878504,0.5733379120719799,ZONE_01,SUSPENSION_FAULT,REAR_BOGIE,3
17.93,RUN_059_SUSPENSION_FAULT,TRAIN001,-0.08291906017958034,-1.1190006509629724,-0.06287295134995952,32.137376629566994,29.115736933073755,26.052653285356627,140.14755492568366,4.979806027179371,0.20845053090884583,1.0380432101886101,0.4004653386769281,ZONE_01,SUSPENSION_FAULT,REAR_BOGIE,3
17.94,RUN_059_SUSPENSION_FAULT,TRAIN001,-0.18986142340166345,-0.9833124064829768,0.06676435620402066,31.84208621350232,29.162007052883634,26.03216989293865,140.15799968768562,4.994516646721501,0.24844673603687792,1.2408713589598095,0.6430843080328934,ZONE_01,SUSPENSION_FAULT,REAR_BOGIE,3
17.95,RUN_059_SUSPENSION_FAULT,TRAIN001,-0.06910547449021451,-1.4271135055375097,-0.32734887716754446,31.812807688232926,29.137637830190982,26.057130677612214,139.9976980301926,5.016189158396346,0.2122208276446933,1.06453981481721,0.807595566402085,ZONE_01,SUSPENSION_FAULT,REAR_BOGIE,3
17.96,RUN_059_SUSPENSION_FAULT,TRAIN001,-0.06498691703354532,-0.5643424021444179,-1.6900065296580493,31.934387551344116,29.033744764690862,26.1190181403346,139.74167403381765,4.98708029802321,0.22215953439127176,1.1079274369807213,1.5422422604621118,ZONE_01,SUSPENSION_FAULT,REAR_BOGIE,3
17.97,RUN_059_SUSPENSION_FAULT,TRAIN001,0.039339455144934955,-1.308252154274999,0.07043388634902695,32.02431876802043,29.07888282982144,26.084480989593075,140.77432709383538,4.964418292045133,0.23356767067733641,1.1595276167409425,1.1132611413727704,ZONE_01,SUSPENSION_FAULT,REAR_BOGIE,3
17.98,RUN_059_SUSPENSION_FAULT,TRAIN001,-0.04616822714185856,-0.3696175329971885,-0.3725001379007158,32.02663129214551,29.223732230543934,25.955379151078755,139.3540357128387,5.015145825172526,0.20262370664254248,1.0161874364493295,0.6945153319087511,ZONE_01,SUSPENSION_FAULT,REAR_BOGIE,3
17.990000000000002,RUN_059_SUSPENSION_FAULT,TRAIN001,-0.01640562102988168,0.4608698126642291,0.9414739725220784,32.00018688214415,29.372948823251747,25.922502891580358,141.10264737648436,5.002048049722187,0.22513597137310445,1.1261409465291472,1.3079832790286834,ZONE_01,SUSPENSION_FAULT,REAR_BOGIE,3
18.0,RUN_059_SUSPENSION_FAULT,TRAIN001,0.08594545153304349,0.47092926119040796,1.5035810347249656,32.179562171078,29.177504675689033,26.01745455813593,139.03779926377823,5.000335947272978,0.22224105682202813,1.1112799453871238,0.9319118449312968,ZONE_01,SUSPENSION_FAULT,REAR_BOGIE,3
18.01,RUN_059_SUSPENSION_FAULT,TRAIN001,0.04399054350085059,0.7879287743808611,1.3204189287041872,32.01212450073962,29.371362895719574,25.926029646311118,140.34903500023896,4.979219896827972,0.21486957945630575,1.0698828852518965,1.4777384895070953,ZONE_01,SUSPENSION_FAULT,REAR_BOGIE,3
18.02,RUN_059_SUSPENSION_FAULT,TRAIN001,-0.051498159405469625,0.2473588141510344,1.7610979803355782,31.95873033252865,29.3520168670758,25.96403928436568,139.23689179636688,5.021926382432291,0.23288520607491398,1.1695323604657912,1.0349903403133145,ZONE_01,SUSPENSION_FAULT,REAR_BOGIE,3
18.03,RUN_059_SUSPENSION_FAULT,TRAIN001,0.10330242512160717,1.2061049240938027,2.3070685724451643,31.93621677383931,29.001052403517527,25.952920647701248,139.91778441047668,5.002711362063344,0.21317775939298567,1.0664667990544952,1.28449860528455,ZONE_01,SUSPENSION_FAULT,REAR_BOGIE,3
18.04,RUN_059_SUSPENSION_FAULT,TRAIN001,0.044149771982895866,1.7671504595210519,1.9040883320424384,31.80535908793834,29.0307397987027,26.0407390951359,139.92916389281714,5.015383690407147,0.2430075574262075,1.2187761401610793,1.319722589245513,ZONE_01,SUSPENSION_FAULT,REAR_BOGIE,3
18.05,RUN_059_SUSPENSION_FAULT,TRAIN001,0.16770753227233454,0.946650804554419,2.946927663287213,32.011311724940555,29.19639398128245,26.044282495121678,139.9449331514206,4.995815274056356,0.21667111983943468,1.082448889940743,1.8926564621353246,ZONE_01,SUSPENSION_FAULT,REAR_BOGIE,3
18.06,RUN_059_SUSPENSION_FAULT,TRAIN001,-0.06876185066082668,1.2064293658513388,2.7766279134038614,32.097739294756565,29.050390724606917,26.03257228419696,139.1462048778912,5.002597107143964,0.25724066089570297,1.286871386036645,1.756051279854659,ZONE_01,SUSPENSION_FAULT,REAR_BOGIE,3
18.07,RUN_059_SUSPENSION_FAULT,TRAIN001,0.011925295181716828,0.8557950985881908,2.0011294943649047,32.026993515985986,29.13327783379353,25.959328123551295,141.51284586572774,5.013774886403462,0.2174948640106913,1.0904702870985403,1.5435787399134808,ZONE_01,SUSPENSION_FAULT,REAR_BOGIE,3
18.080000000000002,RUN_059_SUSPENSION_FAULT,TRAIN001,-0.0451904867884122,1.9546678607518628,3.0403637256756273,32.04890470167079,29.144158233189,25.955018144974485,139.42230436261482,4.994743485421449,0.2815904998501897,1.4064723146833047,1.4752885571249932,ZONE_01,SUSPENSION_FAULT,REAR_BOGIE,3
18.09,RUN_059_SUSPENSION_FAULT,TRAIN001,-0.11920055806493193,0.8251224836149235,1.4834496561537038,32.06856760904815,29.092412496811523,26.083322943376444,140.68759022348777,4.985178202645021,0.2262235506178794,1.1277647134652151,1.3825692950575408,ZONE_01,SUSPENSION_FAULT,REAR_BOGIE,3
18.1,RUN_059_SUSPENSION_FAULT,TRAIN001,-0.10718618791795008,1.750280627616016,2.1865554008144668,31.96317931682691,29.22568305167904,26.00779788152397,139.93270030047572,5.000882997188293,0.28039221255707564,1.4022086483206853,1.2330443917500067,ZONE_01,SUSPENSION_FAULT,REAR_BOGIE,3
18.11,RUN_059_SUSPENSION_FAULT,TRAIN001,0.012851810880817436,0.6161950956955263,1.7168524522266535,31.871786883265397,29.129930192626787,26.014136223712022,139.33740853843426,5.0126933439932175,0.21351843581414703,1.070302442025418,2.0860163227611404,ZONE_01,SUSPENSION_FAULT,REAR_BOGIE,3
18.12,RUN_059_SUSPENSION_FAULT,TRAIN001,0.05851460877849188,1.2223294182000992,1.959658122936263,32.026401226626525,29.203025900357396,25.993563623438778,139.74443484358162,4.974306294360329,0.23980863431774108,1.1928815991286938,1.8295318117670463,ZONE_01,SUSPENSION_FAULT,REAR_BOGIE,3
18.13,RUN_059_SUSPENSION_FAULT,TRAIN001,-0.04931063002271863,-0.5129579451525994,1.7771214069768129,32.02109122565818,29.16294899345642,26.016805411366995,138.87079097640563,5.027943638878037,0.21390440731655236,1.075499304095236,1.1244171143385453,ZONE_01,SUSPENSION_FAULT,REAR_BOGIE,3
18.14,RUN_059_SUSPENSION_FAULT,TRAIN001,-0.020978971590033865,0.36695953527116976,2.648796184458037,31.840527684228046,29.19962710933071,26.036527257629995,139.98386139391286,4.988706425906984,0.24790035481843123,1.2367020930673291,1.5618295986249393,ZONE_01,SUSPENSION_FAULT,REAR_BOGIE,3
18.150000000000002,RUN_059_SUSPENSION_FAULT,TRAIN001,0.12505909810400737,-0.7558095104139317,0.6848307145064392,32.01462653401567,29.185257187114154,26.01430417381687,139.68678448356277,5.015315084299102,0.22231112163845942,1.1149603217608182,1.3096170290374327,ZONE_01,SUSPENSION_FAULT,REAR_BOGIE,3
18.16,RUN_059_SUSPENSION_FAULT,TRAIN001,-0.015553940968119895,0.3867101102142762,0.6741661278732525,32.00899492653093,29.14597822976469,26.001437190420276,140.84002852343573,4.989974352120738,0.26140908673058266,1.3044246381969131,0.9810681712556453,ZONE_01,SUSPENSION_FAULT,REAR_BOGIE,3
18.17,RUN_059_SUSPENSION_FAULT,TRAIN001,-0.04692854372079022,-1.109203163154483,0.22622135806420657,32.03252624871565,29.18116064895115,26.007728597086697,139.90644617852467,4.999912572929189,0.21919722280268975,1.095966950242329,1.0486018756099804,ZONE_01,SUSPENSION_FAULT,REAR_BOGIE,3
18.18,RUN_059_SUSPENSION_FAULT,TRAIN001,0.0891292161423948,-2.403252056062372,-0.18407602953223892,31.978887192404503,29.138860741017293,25.910747131455636,139.51628599654913,4.976747812230488,0.21571782626154493,1.0735732199062602,0.8234688259381481,ZONE_01,SUSPENSION_FAULT,REAR_BOGIE,3
18.19,RUN_059_SUSPENSION_FAULT,TRAIN001,-0.05245950720902253,-1.0425088760529693,5.559039609573595,31.879939912717862,29.194950770880876,25.92303960889429,139.0582434417528,4.979604611824496,0.20475487846051652,1.0195983370755521,1.1564198024169277,ZONE_01,SUSPENSION_FAULT,REAR_BOGIE,3
18.2,RUN_059_SUSPENSION_FAULT,TRAIN001,0.05578509492096633,-1.4793158663297232,-1.3919350726382804,31.86229812316843,29.27373611447809,25.971785173080455,139.20486827621963,5.013558208097083,0.25632973384213187,1.285124041083561,0.41530804122923354,ZONE_01,SUSPENSION_FAULT,REAR_BOGIE,3
18.21,RUN_059_SUSPENSION_FAULT,TRAIN001,-0.04687619720519938,0.024246337127753925,-0.38856885401322394,31.868238326776154,29.19722091879488,26.03997493497647,140.06495207549958,5.0082651266625655,0.21731005930874925,1.0883463917089826,1.086555388301584,ZONE_01,SUSPENSION_FAULT,REAR_BOGIE,3
18.22,RUN_059_SUSPENSION_FAULT,TRAIN001,0.002642197195493313,-0.6467216801735335,0.25817277463166477,31.831278073361897,29.328033167954654,25.980043679517824,139.43483653866383,4.9583490375633925,0.2390898908955228,1.185491130412952,0.4176418703704242,ZONE_01,SUSPENSION_FAULT,REAR_BOGIE,3
18.23,RUN_059_SUSPENSION_FAULT,TRAIN001,-0.029246831799313828,-0.7626222115562639,-0.7679598787758191,31.818265167306134,29.321552308821726,26.058165492799695,140.43118726332688,5.041965216062564,0.24411240368549342,1.2308062481916806,0.4062449426307707,ZONE_01,SUSPENSION_FAULT,REAR_BOGIE,3
18.240000000000002,RUN_059_SUSPENSION_FAULT,TRAIN001,-0.05608334602929391,-0.9999989327487243,0.14556780240188227,32.13774839751803,29.22702980995504,25.9702445672183,139.4700296617446,5.00259702777736,0.22515443987042313,1.126356931686655,0.4459557439721597,ZONE_01,SUSPENSION_FAULT,REAR_BOGIE,3
18.25,RUN_059_SUSPENSION_FAULT,TRAIN001,0.01097312368791585,-0.33609291778527445,-0.5767020461705092,32.035832154140316,29.173105740110515,26.031973518415132,140.20316122733408,4.95420512225884,0.2165490939420667,1.0728286304282977,0.2233020962553539,ZONE_01,SUSPENSION_FAULT,REAR_BOGIE,3
18.26,RUN_059_SUSPENSION_FAULT,TRAIN001,0.1789593840214163,-0.943919632677952,0.2246733364852952,31.893363657679977,29.09362054979163,25.9750068524249,140.59317557855763,5.015492956684349,0.1964789205783381,0.9854386422975983,0.8695494284564838,ZONE_01,SUSPENSION_FAULT,REAR_BOGIE,3
18.27,RUN_059_SUSPENSION_FAULT,TRAIN001,0.06819158907837627,-0.4408867918903914,0.5068096047431123,32.033051013005206,29.014370344597985,25.951816854931263,141.0968616342564,5.013327357718107,0.22561329745744285,1.1310733164083913,1.086939519359335,ZONE_01,SUSPENSION_FAULT,REAR_BOGIE,3
18.28,RUN_059_SUSPENSION_FAULT,TRAIN001,-0.0034984574374700844,-0.14625714288553388,1.1144686508609543,32.03511392668411,29.147878561009414,26.08629725685384,141.40810624543147,5.036012178388996,0.18453975299296174,0.9293444434694526,1.1948462755088989,ZONE_01,SUSPENSION_FAULT,REAR_BOGIE,3
18.29,RUN_059_SUSPENSION_FAULT,TRAIN001,0.12942928797215023,0.4440844309172886,0.4425232090842086,32.04627968436438,29.04373651826654,25.99594288412271,140.46068651490992,5.001408132403949,0.20707109267942436,1.0356470469126449,1.6116672634999756,ZONE_01,SUSPENSION_FAULT,REAR_BOGIE,3
18.3,RUN_059_SUSPENSION_FAULT,TRAIN001,-0.1850686563727162,0.26666273432223475,1.2326344789093056,31.96878272068965,29.360326693666373,25.932260897754315,141.11245084012336,4.977155023120899,0.23671946819767814,1.1781894902105816,1.3957336315499527,ZONE_01,SUSPENSION_FAULT,REAR_BOGIE,3
18.31,RUN_059_SUSPENSION_FAULT,TRAIN001,0.013700275074796521,0.30468493991225426,1.8649956523843305,31.95540944717296,29.166485628859803,25.95658152998899,139.47594269532485,4.998553988475286,0.228743071168001,1.1433845907228974,1.452798653904358,ZONE_01,SUSPENSION_FAULT,REAR_BOGIE,3
18.32,RUN_059_SUSPENSION_FAULT,TRAIN001,-0.07584660748408732,0.46153793102594154,2.490255601697622,32.03191958284633,29.111338811831036,25.9935233352885,140.27134000255316,5.011609907138719,0.2299035277916564,1.152186797566807,1.8731588533830028,ZONE_01,SUSPENSION_FAULT,REAR_BOGIE,3
18.330000000000002,RUN_059_SUSPENSION_FAULT,TRAIN001,-0.11944451377025443,1.2936427092092488,1.7974373780889799,31.950473644911785,29.19670711063684,25.999402602262293,140.62520324359193,4.998806073559321,0.2341481557338246,1.1704612229949563,1.6936533090021777,ZONE_01,SUSPENSION_FAULT,REAR_BOGIE,3
18.34,RUN_059_SUSPENSION_FAULT,TRAIN001,-0.05636315044918055,0.7275052983669248,2.5858883887724873,32.0478305689749,29.17043220738336,26.022233417676578,141.70124980277427,5.015772409201265,0.22433766880440004,1.1252266895336411,1.512065551793597,ZONE_01,SUSPENSION_FAULT,REAR_BOGIE,3
18.35,RUN_059_SUSPENSION_FAULT,TRAIN001,-0.016965064574111476,1.1830454363349145,2.1610020996783637,31.98110392550797,28.95703114637564,25.964406753303354,139.02608682663276,5.010325354757681,0.23906998914162397,1.197818428157922,1.8819717486229939,ZONE_01,SUSPENSION_FAULT,REAR_BOGIE,3
18.36,RUN_059_SUSPENSION_FAULT,TRAIN001,-0.10855134907267405,1.1403083775367404,5.656996744248095,32.10307508603219,29.10999431262112,26.014889699753137,139.88846731327442,4.994969829075832,0.2542306386764003,1.2698743698152988,1.7823013469416567,ZONE_01,SUSPENSION_FAULT,REAR_BOGIE,3
18.37,RUN_059_SUSPENSION_FAULT,TRAIN001,0.01079123885357272,-0.0366925254381929,2.4737320544432317,32.02625056383602,29.267098309156037,25.980213832613025,138.26166685254105,4.979431644076084,0.28031245480820255,1.395796707700611,1.978696146194833,ZONE_01,SUSPENSION_FAULT,REAR_BOGIE,3
18.38,RUN_059_SUSPENSION_FAULT,TRAIN001,-0.163383603856605,1.2103897284334166,2.184583548626981,31.928864386872135,29.25506030462503,25.953232208096875,138.92014996574218,4.985679657930083,0.21165012416407436,1.055219718643202,1.9082594742995003,ZONE_01,SUSPENSION_FAULT,REAR_BOGIE,3
18.39,RUN_059_SUSPENSION_FAULT,TRAIN001,0.050622175528108396,0.933815637978088,2.617564309198227,32.02152961217737,29.208592132384997,25.956483330964343,140.73265240384237,4.981358320213455,0.22506664818914363,1.1211376205595451,1.487902422276994,ZONE_01,SUSPENSION_FAULT,REAR_BOGIE,3
18.400000000000002,RUN_059_SUSPENSION_FAULT,TRAIN001,0.051361817749730025,0.4183069044134233,2.4240720825730167,32.1105695049846,29.401769086093857,26.05838648344043,139.66360750845584,5.024476937230463,0.21739199123500827,1.092281046298906,1.9024743262934385,ZONE_01,SUSPENSION_FAULT,REAR_BOGIE,3
18.41,RUN_059_SUSPENSION_FAULT,TRAIN001,0.20214208256419144,0.6798338350102566,2.0012758492789473,31.76978842008042,29.126915486133274,26.04564932602841,138.90706453980337,4.990578904432717,0.2573496568535956,1.284323768556553,0.9998369765435573,ZONE_01,SUSPENSION_FAULT,REAR_BOGIE,3
18.42,RUN_059_SUSPENSION_FAULT,TRAIN001,0.06437318889804253,0.10930431372132145,1.2452493602474357,32.016034170355255,29.249059726601107,26.02131039905167,139.5012539187946,4.997692175463909,0.22065509601067138,1.10276624680877,0.5691561505022125,ZONE_01,SUSPENSION_FAULT,REAR_BOGIE,3
18.43,RUN_059_SUSPENSION_FAULT,TRAIN001,-0.03962618152007094,-0.032746563196220595,0.8677973602011076,32.035027286910044,29.19498681467782,25.97911093035192,139.32479112664439,4.9918063064730065,0.23966247820096712,1.196348670108537,0.5966449649968706,ZONE_01,SUSPENSION_FAULT,REAR_BOGIE,3
18.44,RUN_059_SUSPENSION_FAULT,TRAIN001,-0.05666662211115397,-0.054892767135153786,0.8185647034782407,31.988952672612125,29.27435366808022,25.96203556919025,138.46643763602822,5.004267797564645,0.24265001740807934,1.214285668193752,0.6000295512351659,ZONE_01,SUSPENSION_FAULT,REAR_BOGIE,3
18.45,RUN_059_SUSPENSION_FAULT,TRAIN001,0.04113640977384167,-0.5189006635914994,0.17163576578839418,31.94892763144781,29.12496315408216,26.006641673294475,138.97001320299927,5.018228905567429,0.2789012612326402,1.3995903709168476,1.028945789421468,ZONE_01,SUSPENSION_FAULT,REAR_BOGIE,3
18.46,RUN_059_SUSPENSION_FAULT,TRAIN001,0.04115193184399474,-1.1920283290161384,-0.19042718374034323,32.04055555824105,29.069726715708917,25.978814048894208,139.86663243484603,4.990843020129466,0.18028862429132497,0.899792222153103,1.0567196911837524,ZONE_01,SUSPENSION_FAULT,REAR_BOGIE,3
18.47,RUN_059_SUSPENSION_FAULT,TRAIN001,-0.14157805339713805,-0.7833223692860714,0.8085116139671414,32.17342571549331,29.172794437532687,25.987412852111003,140.2175861213029,4.983898659941904,0.2646480430786358,1.3189790272558604,0.5204077475947076,ZONE_01,SUSPENSION_FAULT,REAR_BOGIE,3
18.48,RUN_059_SUSPENSION_FAULT,TRAIN001,-0.17380730221439217,-0.6054883595560709,0.748569023720804,31.942723741112587,29.204579172534064,25.905639564086513,139.1200704164906,4.985523186761631,0.28099987181375513,1.4009313764045221,0.6582170252259701,ZONE_01,SUSPENSION_FAULT,REAR_BOGIE,3
18.490000000000002,RUN_059_SUSPENSION_FAULT,TRAIN001,0.07186619246744366,-0.27361781951906117,-1.029875101125675,32.186213402891205,29.207742157613485,26.10589295300431,141.07551365213874,5.0023662253616505,0.2436464437930435,1.2188087413597966,0.4258313071298281,ZONE_01,SUSPENSION_FAULT,REAR_BOGIE,3
18.5,RUN_059_SUSPENSION_FAULT,TRAIN001,0.03792218113763031,-0.7618510360392924,0.471095061937002,32.115957166672274,29.137874984437964,26.002807992761813,139.82037082391292,4.961928681681513,0.18777930263706993,0.9317475075810303,0.5352263100611159,ZONE_01,SUSPENSION_FAULT,REAR_BOGIE,3
18.51,RUN_059_SUSPENSION_FAULT,TRAIN001,-0.11931075853809564,-0.5530892175775709,-0.1924827768841973,32.014626607629666,29.20189493209757,25.988443246512887,139.90065698470067,5.008224974783877,0.23303646398358968,1.1670990389579372,0.19134438906168966,ZONE_01,SUSPENSION_FAULT,REAR_BOGIE,3
18.52,RUN_059_SUSPENSION_FAULT,TRAIN001,0.13585861887905598,-1.360286550414891,-0.7908402731530304,31.97438180326679,29.094463089086556,26.03752868455309,139.1741345259105,5.035637161982334,0.1960272045754589,0.9871218761196943,0.8839406558586924,ZONE_01,SUSPENSION_FAULT,REAR_BOGIE,3
18.53,RUN_059_SUSPENSION_FAULT,TRAIN001,0.023132910009941582,-0.5957985051389683,0.20635981480316856,32.097280024433076,29.198534793257142,26.094429517799654,140.78240952976284,4.9925833006713844,0.22361766842323041,1.1164298371048909,1.1378223852929135,ZONE_01,SUSPENSION_FAULT,REAR_BOGIE,3
18.54,RUN_059_SUSPENSION_FAULT,TRAIN001,-0.03857316450755066,-1.159783627103473,0.34503343426146227,31.950495374478695,29.279727727096454,26.033104793442536,139.68383511533767,5.014731587990414,0.2155045561913794,1.0806975052887655,0.6444281618467038,ZONE_01,SUSPENSION_FAULT,REAR_BOGIE,3
18.55,RUN_059_SUSPENSION_FAULT,TRAIN001,-0.026039994682082613,0.04673074400599159,0.9718043320839074,31.838958804248097,29.37735952908369,25.938092980853003,138.9451985395193,5.007202158652033,0.24960358759797335,1.249815622627864,1.3677542812745296,ZONE_01,SUSPENSION_FAULT,REAR_BOGIE,3
18.56,RUN_059_SUSPENSION_FAULT,TRAIN001,0.05081298719825157,-0.3064104108769238,0.7543386117355299,32.15062783254577,29.323673927754825,26.018976758676843,139.76379538508806,4.9740252856457525,0.19858622801546585,0.9877729195299401,0.491479082272165,ZONE_01,SUSPENSION_FAULT,REAR_BOGIE,3
18.57,RUN_059_SUSPENSION_FAULT,TRAIN001,-0.016511341079313027,-0.03058729912579459,1.6118469835235534,31.823457490815247,29.241351230969112,25.959806294741817,141.42416595953557,4.966340674642013,0.21102394906447697,1.0480168215624963,0.767190745576724,ZONE_01,SUSPENSION_FAULT,REAR_BOGIE,3
18.580000000000002,RUN_059_SUSPENSION_FAULT,TRAIN001,-0.021928205904171518,-0.38415161620384725,0.9029868961663754,31.879236465694397,29.243077195874026,25.932849586097802,141.046127831233,4.991194034453423,0.2833894457030333,1.4144517108200423,1.0961225962587304,ZONE_01,SUSPENSION_FAULT,REAR_BOGIE,3
18.59,RUN_059_SUSPENSION_FAULT,TRAIN001,0.08477563451346104,0.8229655560115972,0.9398468531218905,32.042862953266244,29.17061674291976,26.00004682985485,140.27789926820915,4.992924014946934,0.21036237536427607,1.0503233557975753,1.3097064323873076,ZONE_01,SUSPENSION_FAULT,REAR_BOGIE,3
18.6,RUN_059_SUSPENSION_FAULT,TRAIN001,-0.10298802029063686,-0.36716036453283196,1.6096488020895792,31.968899973878415,29.175785456657692,25.982762799417372,140.6770002175775,4.988255228251521,0.20181987625689649,1.0067290529035389,1.3194812788268886,ZONE_01,SUSPENSION_FAULT,REAR_BOGIE,3
18.61,RUN_059_SUSPENSION_FAULT,TRAIN001,0.02549751425758498,1.3458896657303878,2.1965153614438484,32.26042407038651,29.291770904911672,25.989837477271784,139.58339604679745,5.0142402483255335,0.22589743730549688,1.1327040221308162,1.4840409646713486,ZONE_01,SUSPENSION_FAULT,REAR_BOGIE,3
18.62,RUN_059_SUSPENSION_FAULT,TRAIN001,0.026178899159539172,0.9520941886422429,2.3313715864183924,32.13596235532239,29.297398312461187,25.98893629839743,139.67873444355678,4.975520319156689,0.23409096322630438,1.1647243440634387,1.3637068646196493,ZONE_01,SUSPENSION_FAULT,REAR_BOGIE,3
18.63,RUN_059_SUSPENSION_FAULT,TRAIN001,0.11565612460352237,1.2167287052901432,2.6109831005259343,31.880452335810883,29.111582341668377,26.16125768539774,139.33176623114403,4.984283935960176,0.22269464832114247,1.1099733582513711,1.8933357552768002,ZONE_01,SUSPENSION_FAULT,REAR_BOGIE,3
18.64,RUN_059_SUSPENSION_FAULT,TRAIN001,0.039472142639667245,1.7776055897188705,1.5614543076811072,32.119812335123946,29.0928772034519,25.989564242697437,139.74637284094032,4.994776393138615,0.23542954334672514,1.175917925355627,1.6138387119023365,ZONE_01,SUSPENSION_FAULT,REAR_BOGIE,3
18.650000000000002,RUN_059_SUSPENSION_FAULT,TRAIN001,0.08668649374521403,0.7221765679718748,2.5400169316151637,32.05834442592102,29.137687604688484,26.0530308213522,139.5641284314162,5.014999099055375,0.2558650684213327,1.2831630876127256,1.5448876984369024,ZONE_01,SUSPENSION_FAULT,REAR_BOGIE,3
18.66,RUN_059_SUSPENSION_FAULT,TRAIN001,0.09809530236641206,1.567546211358248,2.8762602736073704,32.182099169104355,29.20345914793327,25.934494924397885,140.05265586645962,5.013566882414424,0.2413226047601693,1.2098870192035704,1.5140805939692936,ZONE_01,SUSPENSION_FAULT,REAR_BOGIE,3
18.67,RUN_059_SUSPENSION_FAULT,TRAIN001,0.12321796495653986,0.802286113671539,1.8954676111345112,32.305558820591095,29.31835807033795,26.041657346147105,139.5632759651432,5.018252271787466,0.21423186085612037,1.0750695224304823,1.881137694302404,ZONE_01,SUSPENSION_FAULT,REAR_BOGIE,3
18.68,RUN_059_SUSPENSION_FAULT,TRAIN001,-0.0709917675192445,0.8878978490708659,3.028248706148374,32.207958589854435,29.33199981316298,26.034058908523324,140.18659220090464,4.993181098825212,0.2441152912459449,1.2189118581834637,1.9080355003335492,ZONE_01,SUSPENSION_FAULT,REAR_BOGIE,3
18.69,RUN_059_SUSPENSION_FAULT,TRAIN001,-0.020251050277828527,0.7455581103643791,1.6141861750874025,31.82819992399584,29.267306458879723,25.98442080735129,139.18964731917424,4.96294227753096,0.25108587419835793,1.2461247003498506,1.5267809229279825,ZONE_01,SUSPENSION_FAULT,REAR_BOGIE,3
18.7,RUN_059_SUSPENSION_FAULT,TRAIN001,-0.009917039082683798,1.0968994910399046,1.9142625852539645,32.03209913393136,29.3766085597698,26.0228454646712,140.3044106933169,5.031555592497225,0.24488428103258103,1.232148873744145,1.8371024677845478,ZONE_01,SUSPENSION_FAULT,REAR_BOGIE,3
18.71,RUN_059_SUSPENSION_FAULT,TRAIN001,0.19995416239901542,-0.8568790156419681,2.229744839090344,32.09750793702493,29.055001354448134,25.977756108453733,139.73891892381462,4.998270281137206,0.2553770007836911,1.276443273503076,0.9016296927897761,ZONE_01,SUSPENSION_FAULT,REAR_BOGIE,3
18.72,RUN_059_SUSPENSION_FAULT,TRAIN001,0.11693684212554006,-0.39573011676523373,1.0577741373346958,32.174206085619794,29.26173984450243,26.012438243062043,140.1977713519122,5.017071372370493,0.22860278314712784,1.146916478971675,0.6917813702366826,ZONE_01,SUSPENSION_FAULT,REAR_BOGIE,3
18.73,RUN_059_SUSPENSION_FAULT,TRAIN001,0.05656807398540564,-0.48158825006036177,0.5555250106676665,31.96786692068247,29.26814105122284,26.030084969791055,141.20059810116067,5.006051388577802,0.2284443160969633,1.1436039858099096,0.48658718372110943,ZONE_01,SUSPENSION_FAULT,REAR_BOGIE,3
18.740000000000002,RUN_059_SUSPENSION_FAULT,TRAIN001,0.06540633603492138,-0.8845934487461314,1.052953007955628,32.09367242316818,29.254060934627,26.043163839926038,140.49386147582842,5.032256526618656,0.24182678608055655,1.2169344225650942,0.1397032121839782,ZONE_01,SUSPENSION_FAULT,REAR_BOGIE,3
18.75,RUN_059_SUSPENSION_FAULT,TRAIN001,0.01276873406254139,-0.6473176577430259,0.44507975821722323,32.06716333481955,29.29913239913048,26.033923870518365,141.74671002797206,5.013646216958912,0.23385050347019112,1.1724436920572605,0.5422147080386349,ZONE_01,SUSPENSION_FAULT,REAR_BOGIE,3
18.76,RUN_059_SUSPENSION_FAULT,TRAIN001,0.1417192718087665,-1.1620292018836669,-0.20735822166643256,31.990131732446148,29.301714178127632,26.044226748689464,140.1501910296141,5.005072196287443,0.22098416166625479,1.1060416833756612,0.5907225284254842,ZONE_01,SUSPENSION_FAULT,REAR_BOGIE,3
18.77,RUN_059_SUSPENSION_FAULT,TRAIN001,-0.0067288586026957075,-0.9624388847755496,-0.8203114803285131,32.016106916434715,29.18367610380139,25.93861061507276,139.63743007450842,5.015624696365373,0.2219098863241413,1.1130167062149956,0.6310467400103267,ZONE_01,SUSPENSION_FAULT,REAR_BOGIE,3
18.78,RUN_059_SUSPENSION_FAULT,TRAIN001,0.08402803508491924,-1.510239678272991,-0.6170503605346104,32.09166834159724,29.102451996339976,25.988619976528753,139.95410241477987,4.973648363493679,0.20829440457284948,1.035983124428643,0.46749825718088717,ZONE_01,SUSPENSION_FAULT,REAR_BOGIE,3
18.79,RUN_059_SUSPENSION_FAULT,TRAIN001,0.044581044935950456,-1.6274616881514126,-1.3187309264461373,32.22619962497982,29.102103017099807,25.925894387897134,139.83647088261685,5.017628390272571,0.26668860453973514,1.3381443135007496,0.12734911184956282,ZONE_01,SUSPENSION_FAULT,REAR_BOGIE,3
18.8,RUN_059_SUSPENSION_FAULT,TRAIN001,-0.07784717360148616,-1.4815631227773722,-0.7965891395128855,32.234368452803395,29.1977648226131,26.0270646260338,138.74076184390893,4.993329452083585,0.2349980314831394,1.1734225917864256,0.21661467774866933,ZONE_01,SUSPENSION_FAULT,REAR_BOGIE,3
18.81,RUN_059_SUSPENSION_FAULT,TRAIN001,0.1264760376012207,-0.8101466617073881,-0.596034606095955,32.04801062604382,29.19947394311243,26.11076117505652,139.68730552491974,5.034316786232889,0.23817903434569768,1.1990687107352855,0.22585809114299105,ZONE_01,SUSPENSION_FAULT,REAR_BOGIE,3
18.82,RUN_059_SUSPENSION_FAULT,TRAIN001,0.07072684705998808,-0.7653474665910319,-0.8026860723126118,32.23158821259233,29.386243428811547,25.995064845480314,139.65251155759867,4.976865223121783,0.2588896662806829,1.2884589767379349,0.9728555208132117,ZONE_01,SUSPENSION_FAULT,REAR_BOGIE,3
18.830000000000002,RUN_059_SUSPENSION_FAULT,TRAIN001,0.014603324214142272,-0.2113490358854223,0.20438237615248883,32.1107994012061,29.119134674386217,25.999141545810385,139.57501835894817,5.014880525201726,0.21683624124945378,1.087407843399829,0.6843810125341249,ZONE_01,SUSPENSION_FAULT,REAR_BOGIE,3
18.84,RUN_059_SUSPENSION_FAULT,TRAIN001,-0.08487991624924902,-0.2587565011339056,0.18975594533821621,32.04982261386915,29.356678695960778,25.973644423680504,138.84706632029923,4.984006023691782,0.23747678500360833,1.1835857269449421,0.8596345420105413,ZONE_01,SUSPENSION_FAULT,REAR_BOGIE,3
18.85,RUN_059_SUSPENSION_FAULT,TRAIN001,0.08098260154554009,-0.14654344873327071,1.4897475261358766,32.03541236165375,29.255326485625616,25.998974204732654,139.88542491389015,4.98421036359664,0.23334159016924935,1.1630235719796924,0.772759098567132,ZONE_01,SUSPENSION_FAULT,REAR_BOGIE,3
18.86,RUN_059_SUSPENSION_FAULT,TRAIN001,-0.05376416916974837,0.18727430500522893,0.5470926307006406,31.88413960007847,29.029834531033867,25.976648094156708,139.0460765507546,5.014696515060052,0.2314415567211585,1.1606091679296668,1.1232069397859836,ZONE_01,SUSPENSION_FAULT,REAR_BOGIE,3
18.87,RUN_059_SUSPENSION_FAULT,TRAIN001,-0.10957923839134989,1.253648903449655,0.4044761278463067,32.082185069397575,29.175934628851593,25.984237815407845,139.60947968109326,4.97186656599011,0.21386828518086715,1.0633245766163915,1.5673564284954984,ZONE_01,SUSPENSION_FAULT,REAR_BOGIE,3
18.88,RUN_059_SUSPENSION_FAULT,TRAIN001,0.1271563573902386,0.8725104469904804,1.3206183160875888,31.997677588733254,29.086534031184513,25.98211338408012,139.19077073527086,5.019197611274953,0.242311516286952,1.2162093837318813,1.6265863947153194,ZONE_01,SUSPENSION_FAULT,REAR_BOGIE,3
18.89,RUN_059_SUSPENSION_FAULT,TRAIN001,0.00281692442770099,1.1894802472956887,1.272425212635743,31.951169399925078,29.05775685563824,25.979488425003133,139.47581649877293,5.024725305375729,0.22965289814311476,1.1539427287525836,1.7431129791040374,ZONE_01,SUSPENSION_FAULT,REAR_BOGIE,3
18.900000000000002,RUN_059_SUSPENSION_FAULT,TRAIN001,0.03827176008355469,0.8696233453769524,2.4105034057726953,32.1096067907521,29.378964363040822,26.02143652121952,139.36382571669412,5.010566916744346,0.22567536715256595,1.1307615285787807,1.831319952108904,ZONE_01,SUSPENSION_FAULT,REAR_BOGIE,3
18.91,RUN_059_SUSPENSION_FAULT,TRAIN001,0.08123523354168266,0.508557258103811,2.0992010022482175,32.26263604773118,29.2609143012795,26.077223203966376,140.2053164385112,5.011243609651721,0.22725080917785712,1.1388091652807193,2.0034282971353767,ZONE_01,SUSPENSION_FAULT,REAR_BOGIE,3
18.92,RUN_059_SUSPENSION_FAULT,TRAIN001,0.14613731939470895,1.983571070269909,1.517738621585728,32.19118831573154,29.155134036540918,26.014686523141783,140.89704152969702,4.971286642564192,0.21582436979295824,1.072924806691568,2.15876431814548,ZONE_01,SUSPENSION_FAULT,REAR_BOGIE,3
18.93,RUN_059_SUSPENSION_FAULT,TRAIN001,-0.09980476660139204,0.8667652052614785,3.2967575860008322,32.13160979358735,29.2861969336787,26.080966193985976,140.84784041949146,4.972743777558169,0.23366068781526925,1.1619347313933421,1.8874074672007672,ZONE_01,SUSPENSION_FAULT,REAR_BOGIE,3
18.94,RUN_059_SUSPENSION_FAULT,TRAIN001,-0.16300612628780808,0.9248092285440519,2.2860543274144263,32.05421601288824,29.314798558743792,26.099749096298954,140.0907733504931,4.98026517919637,0.21383886623671708,1.0649742594775524,1.0664364455836612,ZONE_01,SUSPENSION_FAULT,REAR_BOGIE,3
18.95,RUN_059_SUSPENSION_FAULT,TRAIN001,0.11382431146044383,0.9827862569017016,1.4562615021314014,31.866533320047928,29.25404929215761,25.99616644411992,139.6693429365901,5.024740873192831,0.22673444861718922,1.1392818513276306,2.163926934576311,ZONE_01,SUSPENSION_FAULT,REAR_BOGIE,3
18.96,RUN_059_SUSPENSION_FAULT,TRAIN001,-0.030568096031294092,0.7301389477828997,2.007763962652214,32.15565316455761,29.315108602814814,26.066355974401834,140.84768564900745,4.986428353998067,0.2193389252545866,1.0937178360249333,1.708772201855275,ZONE_01,SUSPENSION_FAULT,REAR_BOGIE,3
18.97,RUN_059_SUSPENSION_FAULT,TRAIN001,0.027948199721944962,0.44067917313830096,1.5584689485660006,32.16035103245462,29.3199197043469,26.011750230645397,139.13947290529455,4.957579204379619,0.17434527500783292,0.8643305097606782,1.6384768854209832,ZONE_01,SUSPENSION_FAULT,REAR_BOGIE,3
18.98,RUN_059_SUSPENSION_FAULT,TRAIN001,0.08684562557970976,0.6145505215373789,2.3812724052363174,32.04007379927923,29.157006095356905,25.994065970864888,139.82688502343376,5.018594876490957,0.23747575360898784,1.1917946003528954,1.147827778304791,ZONE_01,SUSPENSION_FAULT,REAR_BOGIE,3
18.990000000000002,RUN_059_SUSPENSION_FAULT,TRAIN001,0.15519934733993124,0.6714194103967286,1.2277513185405993,31.948349836150253,29.089870243615536,26.060891797378584,139.40189017410333,4.980519141743462,0.2080937672864624,1.0364149912477354,1.4260819253946804,ZONE_01,SUSPENSION_FAULT,REAR_BOGIE,3
19.0,RUN_059_SUSPENSION_FAULT,TRAIN001,-0.0680986762817616,0.09575017254490634,-0.10587488435407955,32.02117061664827,29.37540254398723,26.018871112166625,139.722278810621,5.008461286699362,0.2188975452351283,1.0963398810636624,1.3639352999310639,ZONE_01,SUSPENSION_FAULT,REAR_BOGIE,3
19.01,RUN_059_SUSPENSION_FAULT,TRAIN001,-0.043778190456938426,0.6073653582856443,0.6387495454445851,32.103412671061534,29.365699481205255,25.97487144665083,140.0066301413083,5.006462640994804,0.24745760291508084,1.2388872442244792,0.6153678686465067,ZONE_01,SUSPENSION_FAULT,REAR_BOGIE,3
19.02,RUN_059_SUSPENSION_FAULT,TRAIN001,-0.20051787963016318,-0.496852044192898,0.8568264272293407,32.048797269076836,29.330529365062603,26.002083265073786,139.40085481970743,5.012497073184281,0.22478749984700008,1.1267466850714998,0.7978048920745473,ZONE_01,SUSPENSION_FAULT,REAR_BOGIE,3
19.03,RUN_059_SUSPENSION_FAULT,TRAIN001,0.034311080927301285,-0.8047661748106809,2.292259954626679,31.91705046901953,29.26628014487406,26.02744475824143,139.03168254617924,5.025707304731581,0.22676958891362867,1.1396775794942013,0.9432484742256573,ZONE_01,SUSPENSION_FAULT,REAR_BOGIE,3
19.04,RUN_059_SUSPENSION_FAULT,TRAIN001,0.0026820001870028706,-0.3964626737327856,-1.083080960430769,32.14131296606688,29.130356815864445,26.042904657460934,139.42336891669444,4.980201603266581,0.24135919787074223,1.2020174641990062,1.2123855641338448,ZONE_01,SUSPENSION_FAULT,REAR_BOGIE,3
19.05,RUN_059_SUSPENSION_FAULT,TRAIN001,0.009659080356836129,-0.7016895787735362,-0.08050189568729671,32.02489848508607,29.31916652675805,25.98917425750614,140.44820744898072,5.042860097506521,0.27234843450263385,1.3734150529717006,0.3541713378592418,ZONE_01,SUSPENSION_FAULT,REAR_BOGIE,3
19.06,RUN_059_SUSPENSION_FAULT,TRAIN001,0.18268465008600604,-0.7086207925865329,0.3086823717415236,32.2301451329889,29.048753164219214,26.06849220658457,139.35971129828187,4.962968314640571,0.1971890233330555,0.9786428747968747,0.761078213160896,ZONE_01,SUSPENSION_FAULT,REAR_BOGIE,3
19.07,RUN_059_SUSPENSION_FAULT,TRAIN001,-0.10690544640258602,-0.01896974854892064,-0.2877109402917092,32.11322439544038,29.15026978535964,25.985571339404828,139.89874366071075,5.022957954867197,0.2416666366691737,1.2138813550834266,0.865235053219302,ZONE_01,SUSPENSION_FAULT,REAR_BOGIE,3
19.080000000000002,RUN_059_SUSPENSION_FAULT,TRAIN001,-0.1560955219468159,-1.21067750026558,0.4832314623433821,32.25036901688414,29.177872237613066,25.98974167384955,140.03183670315602,4.979428427762983,0.22468318189142802,1.1187938231504178,0.5958300132946577,ZONE_01,SUSPENSION_FAULT,REAR_BOGIE,3
19.09,RUN_059_SUSPENSION_FAULT,TRAIN001,-0.09754735354443211,-0.5531607740936066,-0.28235237242708633,32.07997144499604,29.113961760301926,26.04910295141932,140.38207776080878,5.020138232908862,0.24777998625014647,1.2438897823239925,0.22081853237447252,ZONE_01,SUSPENSION_FAULT,REAR_BOGIE,3
19.1,RUN_059_SUSPENSION_FAULT,TRAIN001,0.06762190791984783,-0.28928243427177436,-0.5676225496624866,31.888888011781493,29.268390994090165,25.975998024945834,138.69782700041318,4.9850458132326985,0.23145955278656297,1.1538364745513685,1.1317975205802195,ZONE_01,SUSPENSION_FAULT,REAR_BOGIE,3
19.11,RUN_059_SUSPENSION_FAULT,TRAIN001,-0.1526482060383465,-0.4529279894461304,0.614495128311219,32.1133804958316,29.292290441755444,26.03053471287867,139.0850301547157,4.996454420484473,0.2360711221713066,1.1795186019215549,1.0540058147990405,ZONE_01,SUSPENSION_FAULT,REAR_BOGIE,3
19.12,RUN_059_SUSPENSION_FAULT,TRAIN001,-0.10721848534282395,-0.6847405160024799,-0.5721832477809465,32.06806448283177,29.383164498595782,26.055949500562782,141.49595449791056,4.98486722631687,0.24955979832883396,1.244022459695652,0.6898635591648458,ZONE_01,SUSPENSION_FAULT,REAR_BOGIE,3
19.13,RUN_059_SUSPENSION_FAULT,TRAIN001,0.0454614469909868,-1.5435658164901511,0.03773824052165076,32.124914209493774,29.162852120509477,26.043517999320585,140.32514536798962,5.015957649449765,0.20995491076627779,1.053124940697654,1.1969980139621963,ZONE_01,SUSPENSION_FAULT,REAR_BOGIE,3
19.14,RUN_059_SUSPENSION_FAULT,TRAIN001,-0.11478441939170313,-0.15365187517241388,1.2086081153139756,31.990941031927438,29.361240233226475,25.912023497495785,140.6643225966345,4.987157869226658,0.2501989354281367,1.2477815896925644,0.8671398476930456,ZONE_01,SUSPENSION_FAULT,REAR_BOGIE,3
19.150000000000002,RUN_059_SUSPENSION_FAULT,TRAIN001,-0.0746083841452198,0.1797261625335288,1.0792016394885773,32.28366659225146,29.275883314086983,25.87169337793497,139.44225640731366,4.990348326186438,0.22540907499352061,1.1248698001011488,1.653375605266328,ZONE_01,SUSPENSION_FAULT,REAR_BOGIE,3
19.16,RUN_059_SUSPENSION_FAULT,TRAIN001,-0.11515782438990985,0.332049814208863,3.1486923736312877,32.21722100367395,29.11207500986037,25.89913221044454,139.31349036913196,4.975285867927888,0.2417276560927807,1.2026641912457445,1.3988898275270178,ZONE_01,SUSPENSION_FAULT,REAR_BOGIE,3
19.17,RUN_059_SUSPENSION_FAULT,TRAIN001,0.054688534831918635,1.5277076797738092,1.3200704329934703,32.07858527370697,29.328811870068378,26.08379648448049,140.69832312857523,4.986267242068228,0.24199199899047327,1.2066367774088047,1.3976169888067531,ZONE_01,SUSPENSION_FAULT,REAR_BOGIE,3
19.18,RUN_059_SUSPENSION_FAULT,TRAIN001,-0.07944194138997818,1.1312830775741025,2.407639289055144,32.27074337914799,29.380009032282747,25.96335861092958,140.35266405397408,4.994782358723721,0.20674751743469746,1.0326588527927518,1.9020045279312945,ZONE_01,SUSPENSION_FAULT,REAR_BOGIE,3
19.19,RUN_059_SUSPENSION_FAULT,TRAIN001,0.07046324858137977,0.74545867444009,1.3241720321695218,32.0760660378264,29.27625116199236,25.992760232946438,140.51784347837224,4.9934337605639865,0.22880478488787998,1.1425215374377204,1.2888221713050205,ZONE_01,SUSPENSION_FAULT,REAR_BOGIE,3
19.2,RUN_059_SUSPENSION_FAULT,TRAIN001,-0.06611582704094082,0.7894722755112402,3.547433346599902,32.14628538857537,29.15408851569892,26.069685461440514,139.56550869587565,4.999914904317778,0.21603933456782107,1.0801782888245437,1.8863668940852563,ZONE_01,SUSPENSION_FAULT,REAR_BOGIE,3
19.21,RUN_059_SUSPENSION_FAULT,TRAIN001,0.019178851951761403,1.192863579165002,2.0615744734210524,32.2550612331406,29.32307305718017,25.975146778222744,140.34873175627283,4.9790527809391385,0.2432197359088472,1.2110039024562285,1.272304911561184,ZONE_01,SUSPENSION_FAULT,REAR_BOGIE,3
19.22,RUN_059_SUSPENSION_FAULT,TRAIN001,-0.09042346390578535,1.1315542709308373,1.7411369772029615,31.97954637792181,29.32713518016248,26.0483182968184,139.2125708940158,5.015976000997118,0.23023431928089647,1.1548498201188848,2.1834982425003266,ZONE_01,SUSPENSION_FAULT,REAR_BOGIE,3
19.23,RUN_059_SUSPENSION_FAULT,TRAIN001,0.07214765327957699,0.9012698979016103,2.546586213070639,32.11579496781082,29.17514401551313,26.020250669736797,138.24085588341,5.005573302875366,0.21630799600860853,1.082745530019162,1.93925890413476,ZONE_01,SUSPENSION_FAULT,REAR_BOGIE,3
19.240000000000002,RUN_059_SUSPENSION_FAULT,TRAIN001,-0.25778565741711884,1.1707552756567396,1.796318872673083,32.09319861654798,29.15178997858044,25.95270525484032,139.92391691651025,4.9917989609320115,0.2067156372544936,1.0318829032553798,1.2243689004790306,ZONE_01,SUSPENSION_FAULT,REAR_BOGIE,3
19.25,RUN_059_SUSPENSION_FAULT,TRAIN001,0.20803092240688234,0.6758707840530176,2.4117026314239935,32.13397383136922,29.444062237659764,25.984347148801987,140.7107611167448,4.990079125076221,0.24165760686280174,1.2058905794219432,1.1187726161774072,ZONE_01,SUSPENSION_FAULT,REAR_BOGIE,3
19.26,RUN_059_SUSPENSION_FAULT,TRAIN001,0.028717737114152292,0.0728826868429363,2.816972621917052,32.21660871270889,29.11673253577579,26.006411620831525,141.2749505494899,5.018564129465629,0.21206608231946922,1.0642672338047934,1.1109919962149957,ZONE_01,SUSPENSION_FAULT,REAR_BOGIE,3
19.27,RUN_059_SUSPENSION_FAULT,TRAIN001,-0.12976637785784484,0.6782544540003115,1.5806448781297986,32.00703189429497,29.061780345090433,26.013236185753648,140.54022453944353,4.984722853002061,0.2572283017610365,1.282211794227149,0.8843555342163025,ZONE_01,SUSPENSION_FAULT,REAR_BOGIE,3
19.28,RUN_059_SUSPENSION_FAULT,TRAIN001,-0.08599610531193777,0.14740200155341807,2.213685827463838,32.141897609370695,29.344163830961183,25.97527757423942,140.4475036080659,4.982598683563419,0.23969069733728135,1.194282553015136,1.0377867933059302,ZONE_01,SUSPENSION_FAULT,REAR_BOGIE,3
19.29,RUN_059_SUSPENSION_FAULT,TRAIN001,-0.015658775830889458,0.10209445561066316,0.2969366283030178,32.06708861772816,29.33363984696596,26.046688598765176,139.41236804758697,5.0155157106937365,0.24028067854293975,1.2051315182082656,1.472844322278628,ZONE_01,SUSPENSION_FAULT,REAR_BOGIE,3
19.3,RUN_059_SUSPENSION_FAULT,TRAIN001,0.00615323714775398,-0.14558003317260398,0.24559745477823347,32.07645302766985,29.17727641431647,26.03905621522941,138.95524496064175,5.0007691818960325,0.20793653189453712,1.0398426004885426,1.215101230005796,ZONE_01,SUSPENSION_FAULT,REAR_BOGIE,3
19.31,RUN_059_SUSPENSION_FAULT,TRAIN001,-0.07630739241278961,-0.9595767367927996,-0.5138569569655269,32.3455660134875,29.276133239579277,26.039099331740687,140.2250954991695,5.013003053374059,0.21804607657232433,1.0930656476332958,0.6269083274687948,ZONE_01,SUSPENSION_FAULT,REAR_BOGIE,3
19.32,RUN_059_SUSPENSION_FAULT,TRAIN001,0.11610828816077497,-1.1469856038796247,0.31723894611347864,32.010105161476524,29.303619505875794,25.970446412983122,139.27890786966023,4.985396239262036,0.2116084759712813,1.0549521003031965,0.3809419597195053,ZONE_01,SUSPENSION_FAULT,REAR_BOGIE,3
19.330000000000002,RUN_059_SUSPENSION_FAULT,TRAIN001,-0.017674020978488077,-1.1792909787275339,-0.3678199331427099,32.12576652058114,29.224071675413516,25.947573366591225,140.07718599511426,4.996079986029157,0.20680112640014417,1.0331949686960462,0.9950545080358917,ZONE_01,SUSPENSION_FAULT,REAR_BOGIE,3
19.34,RUN_059_SUSPENSION_FAULT,TRAIN001,-0.07643789716036296,-1.1943217378641244,0.3977420598309126,32.20983834609778,29.241995075528504,25.924440001581317,140.3725838031817,5.0310897375499275,0.2411122671803352,1.2130574530083806,0.46159420850523963,ZONE_01,SUSPENSION_FAULT,REAR_BOGIE,3
19.35,RUN_059_SUSPENSION_FAULT,TRAIN001,0.0008620521047487096,-2.2339292537993813,-0.32542390217632144,32.24825383032272,29.08473002335137,26.02307429584719,138.89504801866772,5.0062854078828485,0.21367298333755294,1.0697079385415864,-0.1935613206142297,ZONE_01,SUSPENSION_FAULT,REAR_BOGIE,3
19.36,RUN_059_SUSPENSION_FAULT,TRAIN001,0.09308675998571028,-0.9368024258219602,-0.8767552385890132,32.13165845962997,29.421313398213464,25.9591295760994,140.71157952865866,4.96996510511772,0.2714500661427512,1.3490973565113704,0.8042727087534263,ZONE_01,SUSPENSION_FAULT,REAR_BOGIE,3
19.37,RUN_059_SUSPENSION_FAULT,TRAIN001,-0.14552391614310425,-1.2675405593783209,-0.5553226399648279,32.01924821125456,29.402922246849016,25.93090170348125,139.73526860127254,5.002586375662045,0.21614718052864218,1.0812949404503498,0.6004468082613995,ZONE_01,SUSPENSION_FAULT,REAR_BOGIE,3
19.38,RUN_059_SUSPENSION_FAULT,TRAIN001,-0.08451559998105701,-0.9605482776176322,0.5319102924557176,32.23088651837952,29.410055750390516,25.961684487639292,140.4259578640881,5.010086433322236,0.23423439050839015,1.1735345421035883,0.5814482434060607,ZONE_01,SUSPENSION_FAULT,REAR_BOGIE,3
19.39,RUN_059_SUSPENSION_FAULT,TRAIN001,0.11429502596832034,-0.8754230034100191,-0.2245272714551475,32.114671925265455,29.456403860375737,26.059855319420777,139.52536332502987,4.9716218751544385,0.22793809031049841,1.1332219959686018,1.1313759909686825,ZONE_01,SUSPENSION_FAULT,REAR_BOGIE,3
19.400000000000002,RUN_059_SUSPENSION_FAULT,TRAIN001,0.03734840956497421,-1.2292823701384914,-0.4935261396200994,31.995991599908116,29.30147226960373,26.06413569050153,139.4173163290784,5.01433928836177,0.23070129972856943,1.1568145911050902,1.2834606223212632,ZONE_01,SUSPENSION_FAULT,REAR_BOGIE,3
19.41,RUN_059_SUSPENSION_FAULT,TRAIN001,0.008939822435488106,-0.5213197596516085,0.387916937699502,32.191860428908726,29.100209650572253,26.059535868389823,140.99443149765256,5.018515585891285,0.22449151280872864,1.1266141559309177,0.7194303033857609,ZONE_01,SUSPENSION_FAULT,REAR_BOGIE,3
19.42,RUN_059_SUSPENSION_FAULT,TRAIN001,0.19825255899884375,-0.15428656434396096,0.9102842085603214,32.040580697046096,29.143229315526366,26.009926928573304,140.68267677964977,5.008442912780402,0.21582474007628846,1.0809458898377593,1.0712193854560677,ZONE_01,SUSPENSION_FAULT,REAR_BOGIE,3
19.43,RUN_059_SUSPENSION_FAULT,TRAIN001,0.1654592911799199,0.09379561933477602,0.8992966535657921,32.19970040774001,29.422976570366703,26.013264348071118,140.4293678096588,4.985539545269885,0.259271643934688,1.29260903380352,0.6037520019695773,ZONE_01,SUSPENSION_FAULT,REAR_BOGIE,3
19.44,RUN_059_SUSPENSION_FAULT,TRAIN001,-0.12155627790908485,0.14833584197413646,1.4520617751108065,32.189259290074176,29.32457419445355,25.96438852281902,139.32744334549952,5.022576251785966,0.23637735780580169,1.1872233037753337,1.1729151929041473,ZONE_01,SUSPENSION_FAULT,REAR_BOGIE,3
19.45,RUN_059_SUSPENSION_FAULT,TRAIN001,-0.14239053169356675,1.661581779958334,0.8137690880044343,32.080966486355884,29.19148970819356,26.031542156490012,140.6723254806962,5.010002083732589,0.22363055786862313,1.1203895609080832,1.1271852842870578,ZONE_01,SUSPENSION_FAULT,REAR_BOGIE,3
19.46,RUN_059_SUSPENSION_FAULT,TRAIN001,0.04624022468330863,0.6394009235693648,2.5115272986918282,32.239230607733084,29.39214419898947,25.88763201344367,140.1203696655133,4.989570447597976,0.2397258700348415,1.1961291166505583,1.343812292353452,ZONE_01,SUSPENSION_FAULT,REAR_BOGIE,3
19.47,RUN_059_SUSPENSION_FAULT,TRAIN001,0.09784289566213684,1.2015943077601365,1.9096667889964791,32.291870689332846,29.333435340365835,26.17381991878458,141.1189224205175,4.978232826690009,0.22552898067066787,1.1227357749446554,1.5840686920214393,ZONE_01,SUSPENSION_FAULT,REAR_BOGIE,3
19.48,RUN_059_SUSPENSION_FAULT,TRAIN001,-0.022249528263121748,0.24445848227374145,3.1139075730151045,32.3426988232856,29.3142346709701,26.002211981799817,140.89682349274185,4.9889497239521905,0.20649571736480837,1.0301967521444704,1.8528115621156103,ZONE_01,SUSPENSION_FAULT,REAR_BOGIE,3
19.490000000000002,RUN_059_SUSPENSION_FAULT,TRAIN001,0.04870109358411558,1.3387473650894282,3.049690997045044,31.990772915120477,29.165301087438127,25.98421595935205,138.2246632129269,5.008711396246065,0.21861838945774345,1.0949964187059602,1.4647833638759609,ZONE_01,SUSPENSION_FAULT,REAR_BOGIE,3
19.5,RUN_059_SUSPENSION_FAULT,TRAIN001,-0.06701294591413674,1.0531575973708844,2.1920731252217025,32.134560828388004,29.366949635014723,25.99950771589996,139.78716764971043,4.9545365850499365,0.25993100140762115,1.2878376560627256,2.4184954605737743,ZONE_01,SUSPENSION_FAULT,REAR_BOGIE,3
19.51,RUN_059_SUSPENSION_FAULT,TRAIN001,0.08438878986056512,1.5933853036023002,5.117161559650039,32.191534722295195,29.274740342887227,26.1022251406153,141.2436235503109,4.987950320250836,0.22221175807764637,1.1083812098668975,1.7695287724175095,ZONE_01,SUSPENSION_FAULT,REAR_BOGIE,3
19.52,RUN_059_SUSPENSION_FAULT,TRAIN001,-0.12206362157666995,0.8022971799772995,2.686480042878769,32.25307216483334,29.265632644532026,25.916626218056308,141.4426335419919,5.02585548978699,0.24153898402098498,1.2139400288394393,1.2678968927147078,ZONE_01,SUSPENSION_FAULT,REAR_BOGIE,3
19.53,RUN_059_SUSPENSION_FAULT,TRAIN001,0.02841568886814141,0.2855208081002518,2.936877448948772,32.18136182708236,29.116048607040852,25.932131275934463,140.7499003292496,5.00387694664648,0.2170552060912518,1.0861175419096156,1.4034400338622506,ZONE_01,SUSPENSION_FAULT,REAR_BOGIE,3
19.54,RUN_059_SUSPENSION_FAULT,TRAIN001,0.0667870730791324,-0.594896587338008,1.5911336614541527,32.19790828076816,29.23443358374049,26.055293238821385,138.08551869263115,5.017239832499372,0.20984091908735503,1.0528222177333553,1.1286769794708924,ZONE_01,SUSPENSION_FAULT,REAR_BOGIE,3
19.55,RUN_059_SUSPENSION_FAULT,TRAIN001,-0.017718742178045352,0.5292081113420158,1.4293970352275402,32.16602796207601,29.324561714240982,25.928007448537972,140.30603053036106,4.992089133288392,0.23303909216515722,1.1633519196290734,1.6973411350228165,ZONE_01,SUSPENSION_FAULT,REAR_BOGIE,3
19.56,RUN_059_SUSPENSION_FAULT,TRAIN001,0.005146874435934382,0.7375849144186413,2.751416952285456,32.16728543498436,29.372227804997344,25.99292092940805,140.28640597233232,5.052124241555639,0.2313358938937979,1.1687376774827996,1.3704011486908967,ZONE_01,SUSPENSION_FAULT,REAR_BOGIE,3
19.57,RUN_059_SUSPENSION_FAULT,TRAIN001,0.008676393919976906,-0.026238298888255004,1.4188665290888154,32.30931978850023,29.389639795125646,25.92938478283448,141.52031522516154,4.991520282544897,0.27106794571537995,1.3530411489860983,1.1796969091941583,ZONE_01,SUSPENSION_FAULT,REAR_BOGIE,3
19.580000000000002,RUN_059_SUSPENSION_FAULT,TRAIN001,0.09521389799453844,-0.3536294089665684,0.740943041684909,32.0709983955914,29.158129985805413,26.057138438910755,139.80057725682542,4.991953304809893,0.2256368612106771,1.1263686750075708,0.2613842957475838,ZONE_01,SUSPENSION_FAULT,REAR_BOGIE,3
19.59,RUN_059_SUSPENSION_FAULT,TRAIN001,-0.07180003460195193,-0.6925027370053025,0.14763963826480037,32.328197117974064,29.323125683096368,26.037484056233684,140.36952221532994,5.0011227604630095,0.24765773606710628,1.238566740649946,1.1160395260199036,ZONE_01,SUSPENSION_FAULT,REAR_BOGIE,3
19.6,RUN_059_SUSPENSION_FAULT,TRAIN001,0.12496372803813538,-0.5487301226501333,0.8273647400696015,32.21311099045832,29.355570517521024,25.937421693124676,141.6867965759418,4.981341247571515,0.24733973013053462,1.232083599862439,0.7313742539853879,ZONE_01,SUSPENSION_FAULT,REAR_BOGIE,3
19.61,RUN_059_SUSPENSION_FAULT,TRAIN001,-0.15730407094749554,-0.9339290030145005,0.12975161288742498,32.22885757117811,29.49006968962009,26.08183672227073,141.8428290595943,4.984175441460339,0.23443916921892116,1.1684859497373115,0.7503453215873163,ZONE_01,SUSPENSION_FAULT,REAR_BOGIE,3
19.62,RUN_059_SUSPENSION_FAULT,TRAIN001,0.13049522206053105,-1.219324562295234,-0.11195685440423112,32.33028930546496,29.264896894784616,25.977703100022328,140.48467897948942,5.008652903945527,0.24020234369467203,1.2030901662808406,0.7797481577204597,ZONE_01,SUSPENSION_FAULT,REAR_BOGIE,3
19.63,RUN_059_SUSPENSION_FAULT,TRAIN001,0.03836759750066797,-0.7444010568069315,-0.4125949479046159,32.28833016708492,29.291613339869592,26.075529591658743,139.47864732628324,4.997075392505376,0.22919306623725091,1.1452950314270214,0.3930616835866594,ZONE_01,SUSPENSION_FAULT,REAR_BOGIE,3
19.64,RUN_059_SUSPENSION_FAULT,TRAIN001,0.09061907362841015,0.0844435501917149,-0.8158530889217755,32.27751918118275,29.375739836654812,26.013901958917348,139.27815262983358,4.98943105871442,0.2383955448131917,1.189458135550084,0.18711311333095998,ZONE_01,SUSPENSION_FAULT,REAR_BOGIE,3
19.650000000000002,RUN_059_SUSPENSION_FAULT,TRAIN001,0.12387446793111928,-1.2246184876399477,-0.188445772951788,32.27157316747481,29.015736860099487,25.869577363155344,138.87351387729353,5.01248732752266,0.1801222928817252,0.9028607104739726,0.3607748331382473,ZONE_01,SUSPENSION_FAULT,REAR_BOGIE,3
19.66,RUN_059_SUSPENSION_FAULT,TRAIN001,0.04842171558598368,-0.8867741975433161,-0.3143556821710405,32.11523767970127,29.254298602213847,25.88583335920921,140.33782023751434,5.020865516342959,0.25844302043435985,1.297607649238396,0.37299329187868063,ZONE_01,SUSPENSION_FAULT,REAR_BOGIE,3
19.67,RUN_059_SUSPENSION_FAULT,TRAIN001,0.1380059945176016,-0.31375102614446415,-0.349544690548089,32.38441535367093,29.317115099841725,25.992993641590406,140.7547059989617,5.017218291500796,0.2492684349993742,1.2506341515726374,0.6611641604410707,ZONE_01,SUSPENSION_FAULT,REAR_BOGIE,3
19.68,RUN_059_SUSPENSION_FAULT,TRAIN001,0.07055978735259213,-0.9200941725966816,-0.757923253555526,32.16696040767507,29.42442405013837,26.048145008319736,141.0353776541428,4.991832957554497,0.260955047826965,1.3026440081828539,1.217305881812746,ZONE_01,SUSPENSION_FAULT,REAR_BOGIE,3
19.69,RUN_059_SUSPENSION_FAULT,TRAIN001,0.010881812391319572,0.25008496790247414,-0.10238936874435284,32.15125242480101,29.344336740745003,26.037588772479907,140.57420655249683,4.988571490704126,0.23602463314761785,1.1774257560241064,0.9079949500605702,ZONE_01,SUSPENSION_FAULT,REAR_BOGIE,3
19.7,RUN_059_SUSPENSION_FAULT,TRAIN001,0.10763219824814735,-1.285425613812867,-0.64527763683411,32.20773440801149,29.28121166319528,26.0614468546163,139.44642229742044,5.017733731524139,0.2520956990010271,1.2649490924496096,0.45359385971077215,ZONE_01,SUSPENSION_FAULT,REAR_BOGIE,3
19.71,RUN_059_SUSPENSION_FAULT,TRAIN001,0.14250323088540345,-0.4111708651370271,0.5279692999746436,32.32306111531712,29.337590608688682,26.057011113085483,141.20447459484387,5.004872770775582,0.24557829065156644,1.2290880999756366,1.205367786772149,ZONE_01,SUSPENSION_FAULT,REAR_BOGIE,3
19.72,RUN_059_SUSPENSION_FAULT,TRAIN001,-0.17223821801281433,0.35972623345068777,1.4960601155138815,32.191372345074484,29.36972254236808,25.984785437298616,141.44323143580556,4.974307646036463,0.22197862044413152,1.1041899489318694,0.9131087970123554,ZONE_01,SUSPENSION_FAULT,REAR_BOGIE,3
19.73,RUN_059_SUSPENSION_FAULT,TRAIN001,0.0265044364058092,0.17879594930680215,5.599954311926607,32.36379488820151,29.538842018959073,26.0006770227423,140.09103128574367,4.974670495733781,0.21034576578072922,1.046400874931922,0.912921232550282,ZONE_01,SUSPENSION_FAULT,REAR_BOGIE,3
19.740000000000002,RUN_059_SUSPENSION_FAULT,TRAIN001,-0.20598690474521153,-0.5252871323688545,1.227120943683507,32.13211931077597,29.52361297702268,25.992936058243405,139.23889282276818,4.992728202242363,0.211275169364118,1.0548394965177637,1.3054151605782245,ZONE_01,SUSPENSION_FAULT,REAR_BOGIE,3
19.75,RUN_059_SUSPENSION_FAULT,TRAIN001,0.013459301941114965,1.3316324730347147,1.217645169622358,32.38555591596729,29.45409113900453,25.917384139924724,140.44467422301616,4.99919513158713,0.2378757950105595,1.1891875163392072,1.6001759138277032,ZONE_01,SUSPENSION_FAULT,REAR_BOGIE,3
19.76,RUN_059_SUSPENSION_FAULT,TRAIN001,0.009444509674102044,1.6387171505074387,2.0668904036133373,32.018736566696205,29.431077339640737,26.06110546164373,141.76112448110715,4.986363147736248,0.22557371434594423,1.1247924563125997,1.3783931824902815,ZONE_01,SUSPENSION_FAULT,REAR_BOGIE,3
19.77,RUN_059_SUSPENSION_FAULT,TRAIN001,0.00023890231897044593,1.7475891454851815,2.4725873962890152,32.34549703405343,29.456735903041082,25.951634584554768,139.93433189346666,5.020837866735149,0.2688996339509902,1.3501014644923521,1.7203430955380816,ZONE_01,SUSPENSION_FAULT,REAR_BOGIE,3
19.78,RUN_059_SUSPENSION_FAULT,TRAIN001,0.12609620600934532,0.931431442436474,2.6771323364875226,32.42042022625733,29.288561113288157,25.997078785816996,140.86115258858834,4.993243883887088,0.2548542382499812,1.2725493664244214,2.1795650956215793,ZONE_01,SUSPENSION_FAULT,REAR_BOGIE,3
19.79,RUN_059_SUSPENSION_FAULT,TRAIN001,0.12038304715880664,0.27715827893007206,1.8668113424034125,32.31215344682754,29.162082939689846,25.959618642708207,138.51950328884777,5.007929574726148,0.2618447016593367,1.3112998254251373,1.6586228662276874,ZONE_01,SUSPENSION_FAULT,REAR_BOGIE,3
19.8,RUN_059_SUSPENSION_FAULT,TRAIN001,0.09023416890578229,1.2647962776910509,2.796746781591114,32.06530054282322,29.296921810624145,25.978380102796706,139.48648020654682,4.966468332707024,0.2429801127840296,1.206753035619464,2.0979256742260253,ZONE_01,SUSPENSION_FAULT,REAR_BOGIE,3
19.81,RUN_059_SUSPENSION_FAULT,TRAIN001,-0.26755722669381843,0.9889697324696928,3.3641774988723174,32.16092465356854,29.4788173767963,26.030974033291656,141.0804838141581,5.010542801255225,0.22674799097768736,1.136130513892336,1.700015590744615,ZONE_01,SUSPENSION_FAULT,REAR_BOGIE,3
19.82,RUN_059_SUSPENSION_FAULT,TRAIN001,0.1530138300321617,-0.1417065067322224,2.8154996704001127,32.23166301865668,29.115818522855687,26.033776663362534,139.0774915476477,4.973260367998638,0.21320294572842974,1.060313760331764,1.7810556387020005,ZONE_01,SUSPENSION_FAULT,REAR_BOGIE,3
19.830000000000002,RUN_059_SUSPENSION_FAULT,TRAIN001,-0.057301437931737365,0.25628134023149235,1.7550642057348753,32.105342166415234,29.54840367722877,26.04987084620224,139.6426448058668,4.988272749637141,0.20548259982402708,1.0250032532267879,1.3655848608765804,ZONE_01,SUSPENSION_FAULT,REAR_BOGIE,3
19.84,RUN_059_SUSPENSION_FAULT,TRAIN001,-0.2701323160265219,0.09693262921653001,1.295339055443785,32.279256737947954,29.31719500499856,25.971040370968986,139.71240414962938,5.015109039129851,0.2201486031853752,1.104069249786786,1.4679560174357367,ZONE_01,SUSPENSION_FAULT,REAR_BOGIE,3
19.85,RUN_059_SUSPENSION_FAULT,TRAIN001,0.022613366903915647,0.05595718514792829,1.113484251446745,32.158471755566666,29.414835032175954,25.952697689374414,140.35200194216642,4.993272888942071,0.22788630359541617,1.1378985015042136,1.058594126036338,ZONE_01,SUSPENSION_FAULT,REAR_BOGIE,3
19.86,RUN_059_SUSPENSION_FAULT,TRAIN001,-0.016086205198393308,0.3214068429474072,0.6972646510936182,32.21992589548661,29.296657314853967,25.872502711239825,140.78085228056563,4.981429763425725,0.25019903912176933,1.246348940261699,0.9545837267069198,ZONE_01,SUSPENSION_FAULT,REAR_BOGIE,3
19.87,RUN_059_SUSPENSION_FAULT,TRAIN001,-0.031409198511889114,-0.6775971387012674,0.6010013912609428,32.10663778386833,29.48984030294733,26.140666444604033,138.94161204456813,5.007609291835628,0.24246419268316563,1.2141659442176442,1.0177838830082078,ZONE_01,SUSPENSION_FAULT,REAR_BOGIE,3
19.88,RUN_059_SUSPENSION_FAULT,TRAIN001,0.15502989016633045,-0.16413270441241568,0.3929056375191144,32.31511767850274,29.36057227873387,25.95475007941451,139.86419785856862,4.989304182933877,0.218859967084087,1.091958949249406,0.5298084822412481,ZONE_01,SUSPENSION_FAULT,REAR_BOGIE,3
19.89,RUN_059_SUSPENSION_FAULT,TRAIN001,-0.021599836864903934,-0.5363288111591001,-0.24356303463786744,32.17843396998668,29.390373470660478,25.970006490170018,140.16507279812893,4.995011481295913,0.21126027660120725,1.0552475071647807,0.7933713416216759,ZONE_01,SUSPENSION_FAULT,REAR_BOGIE,3
19.900000000000002,RUN_059_SUSPENSION_FAULT,TRAIN001,-0.08771433745119014,-0.7238846051234782,-1.9187637819746794,32.22006548528141,29.112789697588372,26.019717120548844,140.77006296509123,5.011064543665037,0.17190789477333993,0.8614415562747838,0.2803341322102334,ZONE_01,SUSPENSION_FAULT,REAR_BOGIE,3
19.91,RUN_059_SUSPENSION_FAULT,TRAIN001,0.10107539006578284,-0.614708846512567,-0.26385594756221054,32.25093607859608,29.235960069963397,26.086558502000184,139.82251696019603,5.013397319897557,0.2376203625600381,1.1912852888115808,0.33876459670126613,ZONE_01,SUSPENSION_FAULT,REAR_BOGIE,3
19.92,RUN_059_SUSPENSION_FAULT,TRAIN001,-0.09533930552773197,-0.8203465702338053,-0.8797518298480185,32.34134646902746,29.35255656248587,25.988133348820654,139.59811190723747,4.99173878734418,0.24867740616530637,1.2413326538915026,0.40866678393417377,ZONE_01,SUSPENSION_FAULT,REAR_BOGIE,3
19.93,RUN_059_SUSPENSION_FAULT,TRAIN001,0.1080501247160379,-0.5654042104715533,-0.5167796075879026,32.14567849162281,29.21095822381478,25.992828386687886,138.92092262737503,5.011517753312066,0.23390074026406282,1.172197712346185,0.8160669914348424,ZONE_01,SUSPENSION_FAULT,REAR_BOGIE,3
19.94,RUN_059_SUSPENSION_FAULT,TRAIN001,-0.09392908707258635,-1.1194212695012236,-0.6668614112295385,32.20905004859414,29.3881695838152,25.961680980170918,139.22225689465438,5.025376156630847,0.2275422906063447,1.1434856018382917,0.451780001200381,ZONE_01,SUSPENSION_FAULT,REAR_BOGIE,3
19.95,RUN_059_SUSPENSION_FAULT,TRAIN001,0.07656868573012596,-1.5091116213164428,-0.8171012691589461,32.41902338372302,29.34749845002366,25.92664502542731,138.68051176996852,4.975722235938645,0.24939364170054865,1.2409134885111353,0.5061168395624931,ZONE_01,SUSPENSION_FAULT,REAR_BOGIE,3
19.96,RUN_059_SUSPENSION_FAULT,TRAIN001,0.20046808198326513,-0.06099815421773658,-0.6567203968174087,32.40054995785522,29.43248238148384,26.01084276060566,139.16479149376872,5.005557668322569,0.2226596007381259,1.1145354719003677,0.5852435551416934,ZONE_01,SUSPENSION_FAULT,REAR_BOGIE,3
19.97,RUN_059_SUSPENSION_FAULT,TRAIN001,0.10541949092399668,-0.3553238435270704,-1.2051631495593886,32.183738860514204,29.58718377402496,25.934926532589184,139.44847081482976,5.049084541456684,0.2330449889410383,1.1766638511261402,0.8445183486106409,ZONE_01,SUSPENSION_FAULT,REAR_BOGIE,3
19.98,RUN_059_SUSPENSION_FAULT,TRAIN001,-0.06365683440319878,-0.17853677288577308,1.676558010506748,32.33149182256312,29.274221874231934,26.051009060033724,138.92371168911006,4.997750486426843,0.2224775277738094,1.1118871726505974,0.845318256819158,ZONE_01,SUSPENSION_FAULT,REAR_BOGIE,3
19.990000000000002,RUN_059_SUSPENSION_FAULT,TRAIN001,-0.1586795494428977,0.23710682393459273,0.3193765831775263,32.29210271400482,29.383112909175104,25.978199574414305,140.2867124079596,4.9951724069226655,0.25321206698232784,1.2648379300899777,1.0013720074106573,ZONE_01,SUSPENSION_FAULT,REAR_BOGIE,3
20.0,RUN_059_SUSPENSION_FAULT,TRAIN001,-0.038962593723103775,-0.6824317075254661,1.181147649552581,32.320020841206514,29.402831077292145,25.96068538919763,140.7793717333133,4.980468968970909,0.2276854844681389,1.1339804900786736,1.0898583581004095,ZONE_01,SUSPENSION_FAULT,REAR_BOGIE,3
20.01,RUN_059_SUSPENSION_FAULT,TRAIN001,-0.15347492500590998,1.2446387885050145,0.5279800100563189,32.2399019769167,29.23467557556855,25.95167070131757,139.67910034995447,5.024665670609788,0.23460464746582765,1.1788099182870557,1.424340933958204,ZONE_01,SUSPENSION_FAULT,REAR_BOGIE,3
20.02,RUN_059_SUSPENSION_FAULT,TRAIN001,0.1507062886935576,0.6811517087107247,1.898166516296771,32.20277473272798,29.361920916830286,26.077301299129825,139.13676134142997,5.014366906604372,0.21530129686660368,1.0795996979569011,0.7613649604307824,ZONE_01,SUSPENSION_FAULT,REAR_BOGIE,3
20.03,RUN_059_SUSPENSION_FAULT,TRAIN001,0.10976169825603149,0.2716273383987332,1.7035227470556151,32.36124864872399,29.377870351554062,26.014973778460035,139.61240379177323,4.99013044049239,0.2157372913202823,1.0765572245667154,1.6880964039693502,ZONE_01,SUSPENSION_FAULT,REAR_BOGIE,3
20.04,RUN_059_SUSPENSION_FAULT,TRAIN001,-0.21817669489238578,0.6152654067695695,2.863328086294201,32.12160886053907,29.156251296572673,26.01345875968471,138.4923635727689,4.974915357494064,0.2047252410374813,1.0184907457040397,1.7076614849843528,ZONE_01,SUSPENSION_FAULT,REAR_BOGIE,3
20.05,RUN_059_SUSPENSION_FAULT,TRAIN001,-0.037259679672750554,1.1082322832347489,2.849897074767581,32.32523420381949,29.353537560311317,25.962398705080304,139.9710818740523,5.004065549987597,0.2297643865674298,1.1497560514361085,1.3473809155518952,ZONE_01,SUSPENSION_FAULT,REAR_BOGIE,3
20.06,RUN_059_SUSPENSION_FAULT,TRAIN001,0.05721939465558007,1.2283801452968375,2.428216029399204,32.249687129317365,29.354247662391007,26.022460259193885,141.22299122773418,4.976803875271577,0.2593818046494622,1.2908923705543787,1.7603823856986751,ZONE_01,SUSPENSION_FAULT,REAR_BOGIE,3
20.07,RUN_059_SUSPENSION_FAULT,TRAIN001,0.10263566631936533,0.9137948086111364,2.657296695048135,32.18100370906769,29.540094329744857,26.01000531897311,139.4886374389247,5.021615225685507,0.21052174078079972,1.0571591788426815,1.340696628070132,ZONE_01,SUSPENSION_FAULT,REAR_BOGIE,3
20.080000000000002,RUN_059_SUSPENSION_FAULT,TRAIN001,-0.11204462073339874,1.079212697163785,2.2620873725804103,32.21793835678911,29.471129016292267,26.075671733235637,139.3969202522268,4.981668218015779,0.22583266788388776,1.1250234241868764,1.5117981656249275,ZONE_01,SUSPENSION_FAULT,REAR_BOGIE,3
20.09,RUN_059_SUSPENSION_FAULT,TRAIN001,0.011076599057626237,1.1219448047535603,2.0811987563792047,32.34094379569497,29.49593803993066,25.948964468227132,140.05087905209996,4.996982610167187,0.24961611804602868,1.247327401093445,1.9734590458495598,ZONE_01,SUSPENSION_FAULT,REAR_BOGIE,3
20.1,RUN_059_SUSPENSION_FAULT,TRAIN001,-0.10914585949585687,0.11406823873790972,2.5402868572854764,32.22488930499598,29.364542319119032,25.991605696223402,139.27193489721168,4.998318529868849,0.20111046829479795,1.0052141802284902,1.3077242556207913,ZONE_01,SUSPENSION_FAULT,REAR_BOGIE,3
20.11,RUN_059_SUSPENSION_FAULT,TRAIN001,-0.030773140987391263,0.2609945996796486,2.2176164472056996,32.43422919603657,29.409516795914968,26.000412568244265,139.89845537924154,4.999738908302336,0.24438793186554775,1.2218758516677195,1.0173086124673265,ZONE_01,SUSPENSION_FAULT,REAR_BOGIE,3
20.12,RUN_059_SUSPENSION_FAULT,TRAIN001,0.08620027764488684,0.1630934164130713,0.7953055806735139,32.33733021877694,29.28234253333039,25.94981062113812,139.1194761574781,5.044029923325221,0.21525578041972118,1.0857565976057968,0.9629422427866112,ZONE_01,SUSPENSION_FAULT,REAR_BOGIE,3
20.13,RUN_059_SUSPENSION_FAULT,TRAIN001,-0.19763366618732087,0.3258828617090812,0.12069262758809263,32.19186933878705,29.517737146162002,25.964946978710916,139.34317149572658,5.035766222025006,0.2701799331212245,1.3605629810808375,1.585931423278328,ZONE_01,SUSPENSION_FAULT,REAR_BOGIE,3
20.14,RUN_059_SUSPENSION_FAULT,TRAIN001,0.005672638413511309,0.03639764032378086,1.3346140880581738,32.238200612090296,29.441166743721496,25.973294364066955,138.75712183681458,5.001162575899473,0.2582008371207385,1.2913043636741528,1.6882559177522198,ZONE_01,SUSPENSION_FAULT,REAR_BOGIE,3
20.150000000000002,RUN_059_SUSPENSION_FAULT,TRAIN001,0.08944948045274746,0.5189002178753005,1.399515302132054,32.35322913798772,29.330221796555104,26.07693977170478,139.13394023905025,4.980939186256844,0.21500200694930516,1.0709119215376603,1.707013776316794,ZONE_01,SUSPENSION_FAULT,REAR_BOGIE,3
20.16,RUN_059_SUSPENSION_FAULT,TRAIN001,-0.1644441542814017,-0.4175881398668769,0.7612865930635342,32.32492719347073,29.35981190928901,26.011430296962686,139.77050670762128,4.989680235009785,0.20440372058865025,1.0199092045836509,0.8037684222782941,ZONE_01,SUSPENSION_FAULT,REAR_BOGIE,3
20.17,RUN_059_SUSPENSION_FAULT,TRAIN001,-0.08098019860661188,-1.165800316010418,-0.05278657764293876,32.275481698003766,29.269631316540625,25.94332178876032,139.32080439245922,4.99854953943435,0.23648239194004206,1.1820689513162308,0.7597696047068212,ZONE_01,SUSPENSION_FAULT,REAR_BOGIE,3
20.18,RUN_059_SUSPENSION_FAULT,TRAIN001,0.1599091730923472,-0.7539735785843928,0.5394337219602766,32.48958972760362,29.289816583990014,26.043110643235675,140.12653796549935,5.021659849948838,0.19896312860313412,0.9991251545265658,0.7219033364227555,ZONE_01,SUSPENSION_FAULT,REAR_BOGIE,3
20.19,RUN_059_SUSPENSION_FAULT,TRAIN001,0.005824423342646359,-2.21593907886483,-0.4874225968075786,32.20692431583333,29.226439726409854,26.014740081708855,138.61925821910597,4.9985002169620465,0.22661767197187924,1.1327484825188723,0.3462503267191989,ZONE_01,SUSPENSION_FAULT,REAR_BOGIE,3
20.2,RUN_059_SUSPENSION_FAULT,TRAIN001,0.10045914613807819,-1.1026435312785372,0.23314639131413473,32.194069550002354,29.374609463667163,25.953170772156682,141.04676057139778,4.993587307258241,0.24312099530495915,1.2140459162828343,-0.20535186570632735,ZONE_01,SUSPENSION_FAULT,REAR_BOGIE,3
20.21,RUN_059_SUSPENSION_FAULT,TRAIN001,0.06913311569584848,-1.6465455387538346,-0.2618355205565469,32.29582863721848,29.316289826830786,25.89032109940595,138.6228609685686,5.005729801845385,0.22233637988694147,1.11295584283448,0.5570030825364558,ZONE_01,SUSPENSION_FAULT,REAR_BOGIE,3
20.22,RUN_059_SUSPENSION_FAULT,TRAIN001,0.1413149084549364,-0.520309636954144,-0.2711466981001005,32.285588360260085,29.345862480061374,25.95183350021279,140.44013339140994,4.9919071272438185,0.22126823154560055,1.104550462085119,0.2871005657518451,ZONE_01,SUSPENSION_FAULT,REAR_BOGIE,3
20.23,RUN_059_SUSPENSION_FAULT,TRAIN001,0.10465619722572583,-0.09525941978054286,-0.27730644240645796,32.28837435757459,29.51381013336464,26.057152527996674,139.618503457682,5.013210813619604,0.19769522260405764,0.9910878277595965,0.46753812185658544,ZONE_01,SUSPENSION_FAULT,REAR_BOGIE,3
20.240000000000002,RUN_059_SUSPENSION_FAULT,TRAIN001,0.012112144590443921,-1.1674022023725887,0.5242851403837988,32.30958441739819,29.490347648475893,26.026659649992204,139.6531468695076,5.034816718509652,0.24310798090750987,1.224004126676256,0.9224225500695649,ZONE_01,SUSPENSION_FAULT,REAR_BOGIE,3
20.25,RUN_059_SUSPENSION_FAULT,TRAIN001,-0.06047061339170473,-1.3041474550193577,0.1743874161071902,32.36545413565482,29.467435774875785,26.064414924356115,139.47094823613756,4.989765131963482,0.25116485287097096,1.253253625230309,0.12768893734396647,ZONE_01,SUSPENSION_FAULT,REAR_BOGIE,3
20.26,RUN_059_SUSPENSION_FAULT,TRAIN001,0.07988363938397576,-0.10487109992937321,-0.8155375599223449,32.192374791489975,29.39261583836755,25.867901516129006,138.3371998319635,4.987858495409878,0.21175493535347734,1.0562036532478114,0.658658603492351,ZONE_01,SUSPENSION_FAULT,REAR_BOGIE,3
20.27,RUN_059_SUSPENSION_FAULT,TRAIN001,-0.09022310329120696,-0.22313945107219615,0.7510550853326484,32.28919504223135,29.407270849185007,25.98079687012629,139.25987172308777,5.01077002432949,0.2644212618987685,1.3249541329177268,0.4216160028172297,ZONE_01,SUSPENSION_FAULT,REAR_BOGIE,3
20.28,RUN_059_SUSPENSION_FAULT,TRAIN001,-0.05832674630811389,-0.21164049482208827,4.895157651964984,32.38041398502477,29.403905579429896,25.970346505152353,140.48223414726442,4.982317674682943,0.22465785435556007,1.1193167985120533,1.3394244672543432,ZONE_01,SUSPENSION_FAULT,REAR_BOGIE,3
20.29,RUN_059_SUSPENSION_FAULT,TRAIN001,-0.03870199764640186,-0.05231428115929029,0.5440729729551793,32.27829285835714,29.38825492545596,26.038005761425097,139.40055018965177,4.989672672032645,0.22434210674244381,1.1193936791990025,1.1862375256497946,ZONE_01,SUSPENSION_FAULT,REAR_BOGIE,3
20.3,RUN_059_SUSPENSION_FAULT,TRAIN001,-0.02625563690936863,0.2033749774501658,2.3400979484348663,32.32442645743116,29.33226590603703,26.0215357143632,139.51334570249182,5.007411840688584,0.2047865554605656,1.0254506226270654,1.9138142904852584,ZONE_01,SUSPENSION_FAULT,REAR_BOGIE,3
20.31,RUN_059_SUSPENSION_FAULT,TRAIN001,-0.11090491855535099,0.29975673175785117,1.8667600798058614,32.29152940193538,29.25386935949633,26.015506105637062,139.74910076027084,4.9992452074117795,0.2331628266586392,1.1656381437197854,1.2281308395931132,ZONE_01,SUSPENSION_FAULT,REAR_BOGIE,3
20.32,RUN_059_SUSPENSION_FAULT,TRAIN001,-0.0045096755251149085,1.0629301289842783,1.862883021672665,32.237678629268714,29.239339529315487,25.982510631941185,141.7437630091158,5.022218635062322,0.2323206171377824,1.1667649326985499,1.2556281602172876,ZONE_01,SUSPENSION_FAULT,REAR_BOGIE,3
20.330000000000002,RUN_059_SUSPENSION_FAULT,TRAIN001,0.08508353433005268,1.345344156979155,2.975719995443774,32.38760474082053,29.497368579963066,25.97537145119501,140.00345309489356,5.006345372308771,0.23211763248448694,1.1620610352199792,1.731508800770966,ZONE_01,SUSPENSION_FAULT,REAR_BOGIE,3
20.34,RUN_059_SUSPENSION_FAULT,TRAIN001,-0.1647982954211619,1.0358478473122126,2.477861710718624,32.32662816224688,29.409424447609112,26.014515037126653,139.3916541826991,5.018241454201294,0.23690168970815695,1.1888298798638053,1.4854570548841135,ZONE_01,SUSPENSION_FAULT,REAR_BOGIE,3
20.35,RUN_059_SUSPENSION_FAULT,TRAIN001,-0.20679894341828653,1.4506764374665893,2.6789932547149213,32.21865543777329,29.577265557824724,25.970124761255075,139.50484164798547,5.0003919321977675,0.24148853005117227,1.20753729738618,1.4381324929743102,ZONE_01,SUSPENSION_FAULT,REAR_BOGIE,3
20.36,RUN_059_SUSPENSION_FAULT,TRAIN001,-0.05867142322024548,1.172208994477272,1.3831961901317422,32.24242117139958,29.317925329670537,25.94517137445278,140.4269923772657,5.062698718298294,0.22948737620029835,1.1618254453548889,1.7674595938575242,ZONE_01,SUSPENSION_FAULT,REAR_BOGIE,3
20.37,RUN_059_SUSPENSION_FAULT,TRAIN001,0.009956157089035729,1.11462023402221,2.3182799015873465,32.51647688507342,29.599155255968956,25.9689189694506,139.5383530632571,4.991297798055192,0.21975093193138334,1.09684234266969,1.805840529868387,ZONE_01,SUSPENSION_FAULT,REAR_BOGIE,3
20.38,RUN_059_SUSPENSION_FAULT,TRAIN001,0.04602865585566591,0.6372638650091252,2.365634642623591,32.31424213248151,29.209234409933433,26.036098116995962,141.3006861734574,4.998974049621787,0.20336794352645443,1.0166310722136949,1.4189744517245937,ZONE_01,SUSPENSION_FAULT,REAR_BOGIE,3
20.39,RUN_059_SUSPENSION_FAULT,TRAIN001,0.03299024794863341,1.09119881771562,1.9593289498092856,32.30307733968735,29.36528990361077,25.987482854437285,140.80802223584706,5.012164667130489,0.22566914826219067,1.1310909313811839,1.7102255355209417,ZONE_01,SUSPENSION_FAULT,REAR_BOGIE,3
20.400000000000002,RUN_059_SUSPENSION_FAULT,TRAIN001,-0.006098930939041263,0.820060259371873,2.190503562873158,32.215384112856036,29.463248483357415,25.979869965896185,140.95020568563802,5.027025940929564,0.21100375784973635,1.0607213643442446,1.6054579602955739,ZONE_01,SUSPENSION_FAULT,REAR_BOGIE,3
20.41,RUN_059_SUSPENSION_FAULT,TRAIN001,0.20770967686162087,1.0305271724299176,0.708473711463595,32.359343275121,29.506695939396547,26.006068338248518,139.70271710525043,4.998748731266023,0.2073962179960754,1.0367215815772535,1.395209262201823,ZONE_01,SUSPENSION_FAULT,REAR_BOGIE,3
20.42,RUN_059_SUSPENSION_FAULT,TRAIN001,0.07464175110768126,0.7960255842357217,0.5590835050597314,32.47401725424964,29.478882204219698,25.98204798764525,141.22981662292892,4.995312380387419,0.23355239304889167,1.166667160466237,1.5522998339825826,ZONE_01,SUSPENSION_FAULT,REAR_BOGIE,3
20.43,RUN_059_SUSPENSION_FAULT,TRAIN001,0.01436246453445441,-0.26196122491126683,1.5241448506239301,32.431714447534794,29.330923803081927,25.998414893859756,139.84579388605002,5.001597462175469,0.24803804026216916,1.240586432698242,1.6461478350164118,ZONE_01,SUSPENSION_FAULT,REAR_BOGIE,3
20.44,RUN_059_SUSPENSION_FAULT,TRAIN001,0.0698857090289198,-0.31533575480458,-0.014354395083984395,32.33342224301499,29.516292454938284,26.047572659306812,139.86103591661586,5.0241703998633715,0.2418153357662163,1.2149214521896465,1.0366623999108675,ZONE_01,SUSPENSION_FAULT,REAR_BOGIE,3
20.45,RUN_059_SUSPENSION_FAULT,TRAIN001,0.035700120457435695,-0.17120965073600125,0.842745482947781,32.426473481532504,29.343293295630257,26.015465365684022,139.70433883373803,4.967578004734569,0.26127594431191303,1.2979086341301131,1.226827952972143,ZONE_01,SUSPENSION_FAULT,REAR_BOGIE,3
20.46,RUN_059_SUSPENSION_FAULT,TRAIN001,-0.013703405894588575,-0.9519172052175732,0.5585331839175419,32.36804608673384,29.29125223672213,25.901807701548993,139.35975247592253,4.9403719163315465,0.2561039297036199,1.2652486619699124,0.29121776877849026,ZONE_01,SUSPENSION_FAULT,REAR_BOGIE,3
20.47,RUN_059_SUSPENSION_FAULT,TRAIN001,0.035040444885021275,-0.46388601975105265,0.35565866429480875,32.421764082033306,29.415064753215432,26.022064063527104,139.89642505867695,4.994173309805724,0.22787678067232375,1.1380561359581722,0.03946257612855686,ZONE_01,SUSPENSION_FAULT,REAR_BOGIE,3
20.48,RUN_059_SUSPENSION_FAULT,TRAIN001,-0.03391972286948812,-1.113644606447703,-1.1687811480908352,32.35417094855945,29.499747996457,25.967182124281738,140.45322781531755,5.000332507523072,0.19387143257825662,0.9694216266011241,0.8346844784752037,ZONE_01,SUSPENSION_FAULT,REAR_BOGIE,3
20.490000000000002,RUN_059_SUSPENSION_FAULT,TRAIN001,-0.03732698747722772,-0.7977143806976656,-0.33678397963919027,32.254840587107665,29.474833833863233,25.962808932094802,140.18372838957745,5.016403474364747,0.24351346973263713,1.2215618156214156,0.7088542655186305,ZONE_01,SUSPENSION_FAULT,REAR_BOGIE,3
20.5,RUN_059_SUSPENSION_FAULT,TRAIN001,0.13542988731531488,-0.4000158211547481,-0.3826119981812185,32.351252134314244,29.416880442276305,26.055426241995622,140.89401734813035,5.057289752459353,0.22039734601635383,1.1146132394777446,0.14581349852599634,ZONE_01,SUSPENSION_FAULT,REAR_BOGIE,3
20.51,RUN_059_SUSPENSION_FAULT,TRAIN001,-0.1666176387562199,-1.027860970135721,0.1904560098874104,32.40459360727641,29.442419145010057,26.01382792130535,139.90802054045997,5.037462148624571,0.22953240605432157,1.1562608073813703,0.7993552401492792,ZONE_01,SUSPENSION_FAULT,REAR_BOGIE,3
20.52,RUN_059_SUSPENSION_FAULT,TRAIN001,-0.05294777517283405,-1.2212140637727529,0.19765988882586594,32.28867483939069,29.38724533998995,26.04016000361871,141.0158306239687,4.990407375880229,0.23727058620173053,1.1840768834605417,0.667914715003474,ZONE_01,SUSPENSION_FAULT,REAR_BOGIE,3
20.53,RUN_059_SUSPENSION_FAULT,TRAIN001,-0.06466836162803911,-0.47971675431081795,-0.42548798383619857,32.53772733849526,29.563257667136526,25.95278685067497,139.90906348600302,4.976370118232092,0.24807159363590697,1.234496065751942,-0.008745670022391905,ZONE_01,SUSPENSION_FAULT,REAR_BOGIE,3
20.54,RUN_059_SUSPENSION_FAULT,TRAIN001,0.0650331288714334,-0.3992116159576099,-0.3632952596042868,32.551001587849754,29.218071520295673,25.995492021715677,140.34505841816562,4.982216607529111,0.22507235509630957,1.1213592254565228,0.8714498651588956,ZONE_01,SUSPENSION_FAULT,REAR_BOGIE,3
20.55,RUN_059_SUSPENSION_FAULT,TRAIN001,-0.10715704656531028,-0.03233711543631579,0.6029572692210102,32.451908351030085,29.356367878441635,26.012956887421737,140.28307575636273,5.004620483130077,0.21439213273652488,1.0729512589151549,0.7283094665492305,ZONE_01,SUSPENSION_FAULT,REAR_BOGIE,3
20.56,RUN_059_SUSPENSION_FAULT,TRAIN001,0.025604598347664417,-0.40581292359557564,1.39727728302121,32.40781418477848,29.4068789112326,26.0135421062008,139.75249723901578,5.05688268930732,0.23065337162751215,1.1663870422135345,0.830587973172444,ZONE_01,SUSPENSION_FAULT,REAR_BOGIE,3
20.57,RUN_059_SUSPENSION_FAULT,TRAIN001,0.03712034167959971,-0.0038526990112303233,1.4260287258686677,32.25329377651532,29.335987008781984,25.99188719683873,139.29283184022952,5.001832576043739,0.21652270440392396,1.0830103163406362,1.6328853266869485,ZONE_01,SUSPENSION_FAULT,REAR_BOGIE,3
20.580000000000002,RUN_059_SUSPENSION_FAULT,TRAIN001,0.0708265761844991,-0.01298255952831312,0.8165803708363271,32.34570781386629,29.367244128734246,25.934996774706633,139.60770654909697,5.003262939851806,0.22968480372037867,1.1491734663013067,1.0938034002512584,ZONE_01,SUSPENSION_FAULT,REAR_BOGIE,3
20.59,RUN_059_SUSPENSION_FAULT,TRAIN001,0.0900273745000642,1.2670627590131076,2.6613111693637066,32.36079563770112,29.21784290544724,26.07578632915434,140.38973480057018,4.97844568521103,0.24842790562686493,1.2367848348540786,2.033737783193834,ZONE_01,SUSPENSION_FAULT,REAR_BOGIE,3
20.6,RUN_059_SUSPENSION_FAULT,TRAIN001,0.00987189826870464,0.3989612168590282,5.235790383443969,32.20792669774138,29.52202812073942,25.979026650611836,139.55361899467025,5.016598061290122,0.23153589642280184,1.1615225291136984,1.5766437103861164,ZONE_01,SUSPENSION_FAULT,REAR_BOGIE,3
20.61,RUN_059_SUSPENSION_FAULT,TRAIN001,-0.05658706469966558,1.402404860511266,2.524117229649495,32.48871025246419,29.40195791275833,25.979994630845933,140.90179956101866,5.022119371675538,0.2148447770291558,1.078976116621435,1.3980307978185116,ZONE_01,SUSPENSION_FAULT,REAR_BOGIE,3
20.62,RUN_059_SUSPENSION_FAULT,TRAIN001,0.003424977636636393,0.6565486113680306,2.8104000571251486,32.346408411751895,29.407941274138903,25.859107946215595,139.031602638453,5.020892461404267,0.2612278090837894,1.3115967373379511,1.8538662018014616,ZONE_01,SUSPENSION_FAULT,REAR_BOGIE,3
20.63,RUN_059_SUSPENSION_FAULT,TRAIN001,-0.15417871290384144,0.997183095040746,4.192088101648834,32.48662070850959,29.49180890960277,25.96421127671691,140.67083571032313,4.9812920374522145,0.20994150024068015,1.045779923479672,1.946391941855664,ZONE_01,SUSPENSION_FAULT,REAR_BOGIE,3
20.64,RUN_059_SUSPENSION_FAULT,TRAIN001,0.10873909923765664,0.8438165967745854,2.303422527706899,32.38646396483074,29.408490240480383,25.99724032050258,139.59583419480668,4.975936347606109,0.21670259258743005,1.0782983070762713,2.0906414909135598,ZONE_01,SUSPENSION_FAULT,REAR_BOGIE,3
20.650000000000002,RUN_059_SUSPENSION_FAULT,TRAIN001,-0.09090746070645622,1.6368717287516525,2.0771835547572857,32.33914626710966,29.498327095995897,25.957100086704685,140.26048011206768,5.031236256116078,0.23224407014800527,1.16847478599661,1.8134805082089476,ZONE_01,SUSPENSION_FAULT,REAR_BOGIE,3
20.66,RUN_059_SUSPENSION_FAULT,TRAIN001,-0.023580252847882552,1.0696654779589467,2.768740034853444,32.42387533532712,29.432018620780916,26.046858433844836,140.09837356162595,5.026544086755926,0.2493917200231863,1.2535784755684367,1.763714048708228,ZONE_01,SUSPENSION_FAULT,REAR_BOGIE,3
20.67,RUN_059_SUSPENSION_FAULT,TRAIN001,-0.03836269231197442,0.9353640292011955,3.43998002556809,32.395109242738826,29.536893161274417,25.9862619785988,140.06336601250578,5.01067691895041,0.25214618918998805,1.2634230903755765,1.2243926989873604,ZONE_01,SUSPENSION_FAULT,REAR_BOGIE,3
20.68,RUN_059_SUSPENSION_FAULT,TRAIN001,0.19753194469753926,0.9010944470456855,1.914118102747521,32.29321221151951,29.556978193358262,26.031201106972567,139.3018828269328,5.000563858588254,0.2513076547739024,1.2566799758489502,1.174111836572394,ZONE_01,SUSPENSION_FAULT,REAR_BOGIE,3
20.69,RUN_059_SUSPENSION_FAULT,TRAIN001,-0.05392771817586444,-0.022605298111171068,0.6973745915992731,32.316422260025455,29.42747080855939,26.042766410500356,141.5892801151896,5.03298437088037,0.2312054266833138,1.1636532989598456,1.428723887867661,ZONE_01,SUSPENSION_FAULT,REAR_BOGIE,3
20.7,RUN_059_SUSPENSION_FAULT,TRAIN001,-0.019783792428655744,0.1574543795139864,-0.10296729393089477,32.37882684343524,29.45655594038805,25.99359933437414,139.63420222838843,5.014066441630398,0.21080336071899378,1.0569820567640142,1.427013992888657,ZONE_01,SUSPENSION_FAULT,REAR_BOGIE,3
20.71,RUN_059_SUSPENSION_FAULT,TRAIN001,0.13398888896094904,0.254177062870462,1.8334808062664036,32.18222049619768,29.359434144427198,25.98108614449916,138.50988862622881,5.014419561158225,0.22805272691025777,1.1435520547942712,0.8056084021858366,ZONE_01,SUSPENSION_FAULT,REAR_BOGIE,3
20.72,RUN_059_SUSPENSION_FAULT,TRAIN001,0.03997828115966088,-0.7292365399762063,0.7732141029730206,32.17264001440238,29.51502923414377,26.085406113404705,139.28650145386294,5.011503174144939,0.2618256789558957,1.312140221160125,0.7549504477084259,ZONE_01,SUSPENSION_FAULT,REAR_BOGIE,3
20.73,RUN_059_SUSPENSION_FAULT,TRAIN001,-0.06226485798341946,0.3330755447024111,0.6846166455277434,32.37027735027463,29.557405067741524,26.050135116785384,139.21222985692043,4.996631995956974,0.2235473981606473,1.1169840822624235,0.7014301929394355,ZONE_01,SUSPENSION_FAULT,REAR_BOGIE,3
20.740000000000002,RUN_059_SUSPENSION_FAULT,TRAIN001,0.09944292378723077,-0.4707532882613904,-0.06797041494884404,32.27406026903365,29.4055744408148,26.0317635916676,141.01244264567953,5.037919753556223,0.20646149982623807,1.0401364683234495,0.7771298359071336,ZONE_01,SUSPENSION_FAULT,REAR_BOGIE,3
20.75,RUN_059_SUSPENSION_FAULT,TRAIN001,-0.021015009523678015,0.06012840270605935,-0.9640170564778195,32.282279173379976,29.40921693552519,26.06491716328711,140.68973224642022,4.9897922902812555,0.19778759953932537,0.9869190392945622,0.8469932993969952,ZONE_01,SUSPENSION_FAULT,REAR_BOGIE,3
20.76,RUN_059_SUSPENSION_FAULT,TRAIN001,0.08018817506596246,-0.6259257366609642,0.049093332132321144,32.42338242147713,29.336744172599186,25.97483771235109,138.66600192582933,4.978254068376158,0.2512318741923371,1.2506960998037693,0.8946638379556543,ZONE_01,SUSPENSION_FAULT,REAR_BOGIE,3
20.77,RUN_059_SUSPENSION_FAULT,TRAIN001,0.13186261870797336,-0.671289246981031,-0.4054292123224248,32.343487892128906,29.390807693172007,25.96896812232045,139.18896363158512,4.980549411046429,0.21736171902774332,1.0825807816876662,0.2707139642924706,ZONE_01,SUSPENSION_FAULT,REAR_BOGIE,3
20.78,RUN_059_SUSPENSION_FAULT,TRAIN001,-0.06787769598839767,-0.32791245293749416,-0.6935202303269258,32.468546061980604,29.40138011708071,26.011956830030663,139.22347319015677,4.983121061149703,0.22627866035922595,1.1275739581247992,0.5574061855321061,ZONE_01,SUSPENSION_FAULT,REAR_BOGIE,3
20.79,RUN_059_SUSPENSION_FAULT,TRAIN001,-0.10377139201466008,-0.9546348649998765,0.14582378005047225,32.30824654836497,29.55213532442707,26.004852549063155,139.6341414714491,4.996094441850494,0.24768483412218412,1.2374568230885057,0.2509814257644958,ZONE_01,SUSPENSION_FAULT,REAR_BOGIE,3
20.8,RUN_059_SUSPENSION_FAULT,TRAIN001,-0.05674829288704417,-1.4251559669761853,-0.0040417843979601575,32.28268896702931,29.502350676393057,26.024058600007557,139.14380591967475,5.018347428998713,0.2327700188985494,1.1681208258875173,0.21190280329696598,ZONE_01,SUSPENSION_FAULT,REAR_BOGIE,3
20.81,RUN_059_SUSPENSION_FAULT,TRAIN001,0.06040611418887281,-0.9255266238411278,-0.6224600468118512,32.437377017465785,29.373951320092416,25.98090862103018,140.4861922469384,5.022820281750572,0.22384761652222232,1.1243463482893425,0.5309208068599767,ZONE_01,SUSPENSION_FAULT,REAR_BOGIE,3
20.82,RUN_059_SUSPENSION_FAULT,TRAIN001,0.200593128911694,-0.735341024486226,-1.2213843415959875,32.381836847921974,29.222122954592393,26.03986753703883,140.82807970976143,4.9905576693871465,0.27461676730803264,1.3704908142314076,0.50055407469488,ZONE_01,SUSPENSION_FAULT,REAR_BOGIE,3
20.830000000000002,RUN_059_SUSPENSION_FAULT,TRAIN001,0.06270545464737455,-1.0884526685696585,-0.8353564464942095,32.45312812503582,29.45420504608753,25.918070411994755,139.5287489354215,5.0138908547345205,0.2430432978619185,1.2185925684543912,0.9580285785082224,ZONE_01,SUSPENSION_FAULT,REAR_BOGIE,3
20.84,RUN_059_SUSPENSION_FAULT,TRAIN001,0.07637560045161368,-0.6216023132755137,1.3540363500174264,32.339043369316784,29.482796056901986,26.07598179363002,140.30002498148622,4.998602554676059,0.2523866771232559,1.2615806890345087,0.5961312500257979,ZONE_01,SUSPENSION_FAULT,REAR_BOGIE,3
20.85,RUN_059_SUSPENSION_FAULT,TRAIN001,-0.03616782508718629,-0.12460136720712339,0.6652709417745157,32.53822423252307,29.339211990159683,26.07010271411773,139.27470099338234,4.9901295877517535,0.23796889316103118,1.1874956147273976,0.5188655545209147,ZONE_01,SUSPENSION_FAULT,REAR_BOGIE,3
20.86,RUN_059_SUSPENSION_FAULT,TRAIN001,0.009149396887125107,0.5059422602076449,1.5696456198109523,32.17411256785813,29.501147432234497,26.009247065256417,139.253549654787,5.002780454592311,0.21387266265286384,1.069957976491362,0.853974963774489,ZONE_01,SUSPENSION_FAULT,REAR_BOGIE,3
20.87,RUN_059_SUSPENSION_FAULT,TRAIN001,0.03395357313833854,0.37513254260422774,0.5411885907766916,32.456047847791794,29.564152834038566,26.075932703623522,140.364682815586,5.007314282712011,0.20793142397386627,1.0411779890889872,1.6369994768802663,ZONE_01,SUSPENSION_FAULT,REAR_BOGIE,3
20.88,RUN_059_SUSPENSION_FAULT,TRAIN001,-0.176775725048979,0.6737341478089164,0.7395340215904443,32.545172979117325,29.226223375555826,26.042595050236084,140.2028210301838,5.004037216138774,0.2452959035831158,1.2274698304962999,1.50469625762994,ZONE_01,SUSPENSION_FAULT,REAR_BOGIE,3
20.89,RUN_059_SUSPENSION_FAULT,TRAIN001,-0.034187095884576,2.1254574943195537,2.2133977483702103,32.33842324071827,29.34702979488622,25.974446667249094,139.76201446511212,4.992549213325385,0.24827730224522304,1.2395366500109373,1.5222706866594253,ZONE_01,SUSPENSION_FAULT,REAR_BOGIE,3
20.900000000000002,RUN_059_SUSPENSION_FAULT,TRAIN001,-0.043249239947280305,0.8896384516899339,1.6063902662580898,32.45355365489411,29.398998103911797,26.003043522759558,140.30939711977913,5.0138518051646015,0.2242576276991925,1.1243945114615275,1.4560357524039007,ZONE_01,SUSPENSION_FAULT,REAR_BOGIE,3
20.91,RUN_059_SUSPENSION_FAULT,TRAIN001,0.011427102242874788,1.2981871710962132,2.2280517680800456,32.341796843756384,29.465309809450623,25.956637525989404,140.96941177706316,4.978277223148664,0.22677451851514013,1.1289464203144273,1.4303816230293251,ZONE_01,SUSPENSION_FAULT,REAR_BOGIE,3
20.92,RUN_059_SUSPENSION_FAULT,TRAIN001,0.10613296762948897,1.6176154219630319,3.0884204809433107,32.3538917216207,29.78798353046642,26.0491074559596,138.5964504086219,5.042813565910617,0.20234994948692817,1.0204130703340093,2.268896878816873,ZONE_01,SUSPENSION_FAULT,REAR_BOGIE,3
20.93,RUN_059_SUSPENSION_FAULT,TRAIN001,0.022527489261793706,1.1589846121980403,2.867154613500081,32.295345873302054,29.547926273758453,26.035667906015714,140.1275722935132,5.008029252293674,0.2440465818140024,1.2221924206468053,2.2259127801269476,ZONE_01,SUSPENSION_FAULT,REAR_BOGIE,3
20.94,RUN_059_SUSPENSION_FAULT,TRAIN001,0.09155280391575132,1.7832210047423767,3.014844426138291,32.33175187004811,29.44433217850641,25.964632212639685,140.73094900989054,4.9964946365244,0.19724062106705342,0.985511705266274,1.5207672054027952,ZONE_01,SUSPENSION_FAULT,REAR_BOGIE,3
20.95,RUN_059_SUSPENSION_FAULT,TRAIN001,0.06400141946704453,-0.8226011965504959,1.9405425094348205,32.49408090119617,29.37634376086276,25.925901043034433,139.51438230810632,4.966754711111954,0.2532663029058979,1.2579116031237756,1.6291512946493423,ZONE_01,SUSPENSION_FAULT,REAR_BOGIE,3
20.96,RUN_059_SUSPENSION_FAULT,TRAIN001,0.0612418102823748,0.8663715513739654,2.5446944031292222,32.38507582561428,29.377596429832067,25.99114978084313,140.06669782920372,5.022546406459074,0.2389056924565802,1.1999149271304135,1.6036809617052428,ZONE_01,SUSPENSION_FAULT,REAR_BOGIE,3
20.97,RUN_059_SUSPENSION_FAULT,TRAIN001,-0.033698551547256386,0.6473175600595168,1.8711762701323462,32.342166693856974,29.333584272388144,25.990388315153034,140.9186813689225,5.056257929565835,0.2309445002290031,1.1677149605725157,1.5902757762444932,ZONE_01,SUSPENSION_FAULT,REAR_BOGIE,3
20.98,RUN_059_SUSPENSION_FAULT,TRAIN001,-0.008399189722512758,0.52091919303628,1.5134936237178152,32.27315086790888,29.52186148937573,25.95920116910209,139.77493203395994,5.007922798788105,0.22925033016205829,1.148067955048272,0.8092810408030052,ZONE_01,SUSPENSION_FAULT,REAR_BOGIE,3
20.990000000000002,RUN_059_SUSPENSION_FAULT,TRAIN001,0.01343263630366897,0.4873396079710909,1.1818036208768412,32.47042798128394,29.316205515732587,25.961327954161767,139.9179326035996,5.033839839226183,0.24018716843827978,1.2090637373555424,1.1967958796719445,ZONE_01,SUSPENSION_FAULT,REAR_BOGIE,3
21.0,RUN_059_SUSPENSION_FAULT,TRAIN001,-0.029370923348694407,-0.975265727589161,1.782073644084162,32.16165481841628,29.56534476500878,26.05529681858788,138.71175017242396,4.993542453777705,0.2663862491304457,1.3302110441354846,1.0422351327266413,ZONE_01,SUSPENSION_FAULT,REAR_BOGIE,3
21.01,RUN_059_SUSPENSION_FAULT,TRAIN001,0.04003427994502551,-0.017396277261149923,-0.09601891420189923,32.48512556830138,29.47029702548934,25.949337523474927,140.11846871643834,5.010955768940176,0.2524736276076054,1.2651341807655838,0.8639470482596324,ZONE_01,SUSPENSION_FAULT,REAR_BOGIE,3
21.02,RUN_059_SUSPENSION_FAULT,TRAIN001,-0.07570275098603925,-0.316254611716106,1.5002223301666424,32.336061154275015,29.508759497369102,25.992944210384067,139.05885978231183,4.9853689521096465,0.22501765908599558,1.1217960512837155,0.7562670537565377,ZONE_01,SUSPENSION_FAULT,REAR_BOGIE,3
21.03,RUN_059_SUSPENSION_FAULT,TRAIN001,0.09021500354176798,-1.3413525031956013,-1.11668713926427,32.39667519178066,29.536820915569745,26.03129126177496,141.14868755734656,5.024218810663884,0.20309706066846978,1.02040407260107,1.1928942602727481,ZONE_01,SUSPENSION_FAULT,REAR_BOGIE,3
21.04,RUN_059_SUSPENSION_FAULT,TRAIN001,0.004953144838101047,-0.28268959123773185,0.1586809780251991,32.45814059148699,29.482008640938353,26.00815880976042,139.55223721822975,4.998009416996447,0.23729239357145984,1.1859896176517835,0.8536468263141954,ZONE_01,SUSPENSION_FAULT,REAR_BOGIE,3
21.05,RUN_059_SUSPENSION_FAULT,TRAIN001,-0.12689354015969792,-0.4508142195596907,-0.3780954279150218,32.37100608799418,29.35026497846649,26.045145614280024,139.6683820258922,5.004501916670493,0.27582477125003796,1.380365596386015,1.0511380022249566,ZONE_01,SUSPENSION_FAULT,REAR_BOGIE,3
21.06,RUN_059_SUSPENSION_FAULT,TRAIN001,0.12165022415182765,-2.0163458123878386,-1.4377080386103773,32.47586758570014,29.364616635278324,26.005820390031438,140.8631089303534,4.99098367953178,0.21964810091620954,1.0962600869129513,0.7488638243198377,ZONE_01,SUSPENSION_FAULT,REAR_BOGIE,3
21.07,RUN_059_SUSPENSION_FAULT,TRAIN001,0.14245305024602495,-1.520303548217002,-1.0111814992304347,32.561513687602265,29.544643265442218,26.006422402436236,140.11829527698055,5.007185586606282,0.23044021394381867,1.1538569178339568,0.6833554755215436,ZONE_01,SUSPENSION_FAULT,REAR_BOGIE,3
21.080000000000002,RUN_059_SUSPENSION_FAULT,TRAIN001,0.12344571608448224,-1.4768766607675472,3.242121138618348,32.49760383284603,29.55643952750697,26.015239938379185,140.95031845690065,5.014711030226899,0.22284510770054353,1.117503819618017,0.34240364096832276,ZONE_01,SUSPENSION_FAULT,REAR_BOGIE,3
21.09,RUN_059_SUSPENSION_FAULT,TRAIN001,-0.06694105966157941,-0.4847711404907333,-0.5464005194292024,32.40337569398431,29.387403484140354,25.938584734100164,139.06142833590286,5.007721328671128,0.230600482941953,1.1547829568302808,0.6248544026736849,ZONE_01,SUSPENSION_FAULT,REAR_BOGIE,3
21.1,RUN_059_SUSPENSION_FAULT,TRAIN001,-0.07950694959287605,-0.3692551544727679,-0.23018954710909603,32.32778845738749,29.298925769528072,26.05061546431779,140.6753737178649,4.9632495886459465,0.22743008208991217,1.1287922613784704,0.9137973930920354,ZONE_01,SUSPENSION_FAULT,REAR_BOGIE,3
21.11,RUN_059_SUSPENSION_FAULT,TRAIN001,-0.014494476790512231,-0.8387280077665642,-0.012669930676167646,32.540204458078975,29.337311387840955,25.915697492846927,140.17852834385397,5.001343917486882,0.2504633281362737,1.2526532427278736,0.7325179216330778,ZONE_01,SUSPENSION_FAULT,REAR_BOGIE,3
21.12,RUN_059_SUSPENSION_FAULT,TRAIN001,-0.06090284619743367,-0.2790255749145286,0.1501530004187987,32.43592041963284,29.429979849779105,26.075937681505177,140.2367367855387,4.965999739978998,0.2522518877685869,1.252682809068014,1.1591824499729202,ZONE_01,SUSPENSION_FAULT,REAR_BOGIE,3
21.13,RUN_059_SUSPENSION_FAULT,TRAIN001,0.07989650021610596,-0.29976719817433817,0.7611185778502672,32.50815826606628,29.419915802007125,25.992187952364674,140.0475244316069,5.003290597262331,0.24708736295979444,1.2362498797990842,1.3252704265249373,ZONE_01,SUSPENSION_FAULT,REAR_BOGIE,3
21.14,RUN_059_SUSPENSION_FAULT,TRAIN001,-0.06046663776035208,0.7009885938500655,1.3049939637526822,32.353580896555066,29.34150773397932,26.06184810287682,140.51196079135534,4.979662464267628,0.24616657355106014,1.2258264462695905,0.800634027249657,ZONE_01,SUSPENSION_FAULT,REAR_BOGIE,3
21.150000000000002,RUN_059_SUSPENSION_FAULT,TRAIN001,-0.030878454739280154,-0.2666744083025467,1.3223490826671527,32.533770188515334,29.572184169844306,25.966008926646456,139.8408621944584,4.9825375006744,0.2629859756850325,1.3103374860021206,1.5050804528759412,ZONE_01,SUSPENSION_FAULT,REAR_BOGIE,3
21.16,RUN_059_SUSPENSION_FAULT,TRAIN001,0.04630260439452069,0.053083660053594994,2.0936471632156466,32.27186332489356,29.464187541825112,25.914944770474964,140.6217603780222,4.991725503903636,0.20944290041851776,1.0454814676306645,1.1494121543849751,ZONE_01,SUSPENSION_FAULT,REAR_BOGIE,3
21.17,RUN_059_SUSPENSION_FAULT,TRAIN001,-0.007053537656681871,0.4535242689920196,1.6509206606095528,32.50765475585587,29.575022825138795,26.02516919618729,140.35555497233625,5.014047724578859,0.23068775673744207,1.1566794217575727,1.509734358708777,ZONE_01,SUSPENSION_FAULT,REAR_BOGIE,3
21.18,RUN_059_SUSPENSION_FAULT,TRAIN001,-0.09519630637315424,0.6415407930652951,2.381401721068026,32.518052130699594,29.431864511581068,25.949721091875617,139.63975043032212,5.01653979842507,0.231113836332985,1.159391757931117,1.7545567027024414,ZONE_01,SUSPENSION_FAULT,REAR_BOGIE,3
21.19,RUN_059_SUSPENSION_FAULT,TRAIN001,0.031782586917551196,1.0549914490269452,2.744130109852885,32.35866701754,29.51233630329132,26.03200093620375,140.98201691950416,5.03097103322457,0.2173596586799964,1.0935301466106413,1.6094322651633652,ZONE_01,SUSPENSION_FAULT,REAR_BOGIE,3
21.2,RUN_059_SUSPENSION_FAULT,TRAIN001,-0.043746519457944236,1.824465460782566,2.402001098786097,32.46264047449049,29.62055553728081,25.955994735287042,138.48240430726435,5.014053002168484,0.2598696383270943,1.3030001402264053,1.246905141524836,ZONE_01,SUSPENSION_FAULT,REAR_BOGIE,3
21.21,RUN_059_SUSPENSION_FAULT,TRAIN001,0.03568416258196359,1.0325325767892444,2.07442509356638,32.29298818481088,29.19120833944589,26.040397128214053,139.29543605883694,4.979606922325405,0.22309804922192714,1.1109405902628022,1.9275730789330243,ZONE_01,SUSPENSION_FAULT,REAR_BOGIE,3
21.22,RUN_059_SUSPENSION_FAULT,TRAIN001,0.026618659969258687,1.5562529401180392,3.270697885782547,32.31251331753277,29.44915657159472,26.12569341407387,139.38947267490352,4.983581564146769,0.208066949813668,1.036918615199647,1.7254213412443522,ZONE_01,SUSPENSION_FAULT,REAR_BOGIE,3
21.23,RUN_059_SUSPENSION_FAULT,TRAIN001,0.02073239434780943,0.714702754921848,3.0562651305112163,32.39394310145817,29.399202745713165,26.030444094238106,139.8851495689125,4.994870958208786,0.2615624770188414,1.3064708202185638,1.2193746282415239,ZONE_01,SUSPENSION_FAULT,REAR_BOGIE,3
21.240000000000002,RUN_059_SUSPENSION_FAULT,TRAIN001,-0.08628474095486398,1.1341731353820559,2.3512174299945925,32.54220351422622,29.497413665814868,25.9199813224335,139.45308712165837,4.973538735396925,0.21491639389673667,1.0688950099172432,2.0856060451574256,ZONE_01,SUSPENSION_FAULT,REAR_BOGIE,3
21.25,RUN_059_SUSPENSION_FAULT,TRAIN001,-0.054924612162674524,1.1149007821293333,1.9340148811057094,32.40424076855394,29.496695874428134,26.07895308223985,140.4460260668385,5.003592022165033,0.25397963614845664,1.2708104812247953,1.2006616084885604,ZONE_01,SUSPENSION_FAULT,REAR_BOGIE,3
21.26,RUN_059_SUSPENSION_FAULT,TRAIN001,0.03154246774390512,1.0371309714351302,0.9173569195202975,32.2499306736226,29.482853773430488,25.983279645980137,141.1379898481039,4.9873046603635025,0.22023101509060633,1.0983591679179658,1.4073515424879723,ZONE_01,SUSPENSION_FAULT,REAR_BOGIE,3
21.27,RUN_059_SUSPENSION_FAULT,TRAIN001,-0.12277680388984871,0.4542554343559786,1.465362268683484,32.44059234754701,29.4264719751928,25.9231296644877,139.26252506422185,4.992910760870543,0.21614821252621327,1.0792087362650633,1.6247770522701512,ZONE_01,SUSPENSION_FAULT,REAR_BOGIE,3
21.28,RUN_059_SUSPENSION_FAULT,TRAIN001,0.14468841324207043,-0.41983860680614693,1.2290416899366006,32.24553026308536,29.446842504813176,25.979150609166037,139.6929159853335,5.002946148586455,0.25340853752678233,1.2677892668385418,1.046457247833755,ZONE_01,SUSPENSION_FAULT,REAR_BOGIE,3
21.29,RUN_059_SUSPENSION_FAULT,TRAIN001,0.01746955868023988,-0.48066097293453525,1.3349190450938246,32.35935682234025,29.28388230649106,26.066729739779532,140.08947418388536,4.967128649557226,0.21739168509805668,1.07981246722608,1.532484012459421,ZONE_01,SUSPENSION_FAULT,REAR_BOGIE,3
21.3,RUN_059_SUSPENSION_FAULT,TRAIN001,0.02197323304696378,-1.1702247247462632,0.2334665050869687,32.5118749909025,29.60851988402468,25.857715952551786,140.09973352177082,5.019206793243691,0.24787413893310017,1.244131562002447,0.8055916322325261,ZONE_01,SUSPENSION_FAULT,REAR_BOGIE,3
21.31,RUN_059_SUSPENSION_FAULT,TRAIN001,-0.09453717357430895,0.07301883922181096,-0.42157435523372144,32.32057290739318,29.49654135951789,25.917685506317103,139.63621694005298,5.014185583236827,0.22505234443892902,1.1284542209593267,0.7386168687697147,ZONE_01,SUSPENSION_FAULT,REAR_BOGIE,3
21.32,RUN_059_SUSPENSION_FAULT,TRAIN001,-0.039825464019647414,-0.9145034635155648,0.416419914974557,32.54033690110068,29.400224074327234,26.048635512635812,140.20504586374463,5.0188555053888475,0.2400993774686331,1.2050240824488843,0.15409314179527356,ZONE_01,SUSPENSION_FAULT,REAR_BOGIE,3
21.330000000000002,RUN_059_SUSPENSION_FAULT,TRAIN001,-0.049121637056901854,-0.47396298115484203,1.1281344662803665,32.4168884991806,29.629669789710874,25.99562536653382,139.30654079023887,5.021884351696441,0.2151722203056298,1.0805700060726215,0.6719768125985353,ZONE_01,SUSPENSION_FAULT,REAR_BOGIE,3
21.34,RUN_059_SUSPENSION_FAULT,TRAIN001,-0.15994311779478765,-1.0383062043729872,-0.6901348239561318,32.48965099594794,29.612100943288887,26.030958172969385,139.64372169070336,4.99978630179003,0.22027064923043668,1.1013061747087338,-0.33121827321095365,ZONE_01,SUSPENSION_FAULT,REAR_BOGIE,3
21.35,RUN_059_SUSPENSION_FAULT,TRAIN001,-0.10787010482976418,-1.4772631987060836,-0.248351668877044,32.49255999006487,29.664111501594764,26.058720521591333,140.39673278715387,5.032538751856529,0.2478161434380278,1.2471443451875108,0.49147964534126537,ZONE_01,SUSPENSION_FAULT,REAR_BOGIE,3
21.36,RUN_059_SUSPENSION_FAULT,TRAIN001,0.12157729822161566,-1.026040657637287,-1.2206517577509466,32.44945178158723,29.5281728227535,25.99564200756827,139.355719152392,4.970774217150368,0.22887965337220742,1.137709079812882,1.0693760449556857,ZONE_01,SUSPENSION_FAULT,REAR_BOGIE,3
21.37,RUN_059_SUSPENSION_FAULT,TRAIN001,-0.10243835455484714,-1.5924088046876337,-0.27000312227472967,32.43623652366369,29.510481714622202,25.980297340524615,138.64597808022046,5.011067895781333,0.22380885517524945,1.1215213689602666,0.4225819999385714,ZONE_01,SUSPENSION_FAULT,REAR_BOGIE,3
21.38,RUN_059_SUSPENSION_FAULT,TRAIN001,0.009912333409593072,-0.7469744712757728,-0.0013793207206844738,32.511398588463216,29.394808127412105,26.03894629221857,141.15754810901166,5.0188020591811,0.22591251641097898,1.1338102025582053,0.46001777768298063,ZONE_01,SUSPENSION_FAULT,REAR_BOGIE,3
21.39,RUN_059_SUSPENSION_FAULT,TRAIN001,0.08904885478843422,-1.0438617339805274,-0.0074423679836816,32.31846820517875,29.48702927785644,26.05070634779182,139.98022280280244,4.988352619109147,0.2554317891733697,1.2741838345267142,0.274848973383741,ZONE_01,SUSPENSION_FAULT,REAR_BOGIE,3
21.400000000000002,RUN_059_SUSPENSION_FAULT,TRAIN001,-0.04614142587561116,-0.0715941674007391,0.7505054176560483,32.52290482758774,29.590991589952434,25.99844951860327,140.83019991558612,5.028316153480493,0.20708973193294417,1.0413126442983682,0.6877701531572762,ZONE_01,SUSPENSION_FAULT,REAR_BOGIE,3
21.41,RUN_059_SUSPENSION_FAULT,TRAIN001,0.02747032961029179,-0.11544352195454799,-0.013213950006817354,32.42681982497684,29.411766348782326,26.003811410172812,138.3502899146702,5.001283687187127,0.21406806367436004,1.070615114802312,0.5421348405623774,ZONE_01,SUSPENSION_FAULT,REAR_BOGIE,3
21.42,RUN_059_SUSPENSION_FAULT,TRAIN001,-0.02454530934441956,-0.11109820792727473,0.1389852863498754,32.47328228243864,29.475088415898536,25.97280627573458,140.5423545739515,5.005915924844083,0.1969938773299981,0.9861347876230192,1.0443962539173737,ZONE_01,SUSPENSION_FAULT,REAR_BOGIE,3
21.43,RUN_059_SUSPENSION_FAULT,TRAIN001,-0.04147600413014934,-0.03303624042931837,-0.13370103796607302,32.55703881720126,29.371771816206476,25.937672799541406,140.63577120650248,4.997270429866841,0.26542879515201545,1.32641946924835,1.1458048928888018,ZONE_01,SUSPENSION_FAULT,REAR_BOGIE,3
21.44,RUN_059_SUSPENSION_FAULT,TRAIN001,0.0961353271654376,0.49694550319642616,1.3510048800424874,32.47580244293694,29.3445417437122,26.064059326029025,141.49577650124132,5.006024264788253,0.2187383103011709,1.0950092890064438,1.1279279870693886,ZONE_01,SUSPENSION_FAULT,REAR_BOGIE,3
21.45,RUN_059_SUSPENSION_FAULT,TRAIN001,-0.03559924942312477,0.1851048080065526,2.4110448179728436,32.374289442974636,29.48593685026762,25.977354876954635,139.56256494061802,5.017228507921844,0.24530078185531506,1.2307300757400041,1.2777448089389973,ZONE_01,SUSPENSION_FAULT,REAR_BOGIE,3
21.46,RUN_059_SUSPENSION_FAULT,TRAIN001,-0.20348855880764316,1.2495247349720278,1.7203233542409868,32.559145290918984,29.440467774064103,26.007905893366853,139.76675445111655,4.983925376254373,0.23289567034613368,1.1607346414578685,1.4333514284519724,ZONE_01,SUSPENSION_FAULT,REAR_BOGIE,3
21.47,RUN_059_SUSPENSION_FAULT,TRAIN001,-0.11172160021018902,0.30736416167224734,1.8977451524238447,32.55568139430668,29.445007093427787,26.060910038872066,138.62125942870904,5.012009893381587,0.23046649261837832,1.1551003410962666,1.6957746803097957,ZONE_01,SUSPENSION_FAULT,REAR_BOGIE,3
21.48,RUN_059_SUSPENSION_FAULT,TRAIN001,-0.02526546808492445,0.8981474913109502,2.3017754683485734,32.41704152211108,29.358012325666962,26.072129709040908,139.84503678781675,4.980821628222958,0.2092627395070035,1.04230037891767,1.2179751498543603,ZONE_01,SUSPENSION_FAULT,REAR_BOGIE,3
21.490000000000002,RUN_059_SUSPENSION_FAULT,TRAIN001,0.06695512826856641,0.6548363856393186,2.695810740471332,32.33427492362551,29.701576685251943,26.079473125942645,140.8604097806501,4.9714932566757035,0.21821982760370318,1.0848784014047448,1.7639745309951098,ZONE_01,SUSPENSION_FAULT,REAR_BOGIE,3
21.5,RUN_059_SUSPENSION_FAULT,TRAIN001,-0.07601535258782838,1.4414718167702631,2.9578797322567256,32.378688728975135,29.587255845833283,25.928046581043507,139.73607820381278,4.978599542779917,0.25420521587391715,1.265585971522154,1.8270839366858183,ZONE_01,SUSPENSION_FAULT,REAR_BOGIE,3
21.51,RUN_059_SUSPENSION_FAULT,TRAIN001,0.11758908880593,0.9349193824433861,1.9723464986511758,32.39170426150313,29.555983247208513,25.994980525819248,141.34982510460327,4.990442172789237,0.23091375062973385,1.152361719419561,2.0241629491465085,ZONE_01,SUSPENSION_FAULT,REAR_BOGIE,3
21.52,RUN_059_SUSPENSION_FAULT,TRAIN001,-0.18035061110504474,1.0716807444758647,1.8828673655285066,32.55789185045527,29.614956688525528,25.969585365148845,140.24268044070806,4.9734796057144655,0.24476279681577037,1.2173227782008675,1.9240912447531353,ZONE_01,SUSPENSION_FAULT,REAR_BOGIE,3
21.53,RUN_059_SUSPENSION_FAULT,TRAIN001,-0.06713686052645013,0.3014023231286157,1.9946149678527,32.41250140864369,29.501736875833554,25.992534865804966,140.41597592156225,5.032417485820724,0.27261527743971914,1.3719138890895104,1.8969278542530579,ZONE_01,SUSPENSION_FAULT,REAR_BOGIE,3
21.54,RUN_059_SUSPENSION_FAULT,TRAIN001,-0.007989366554370096,1.1689581399771842,1.6809577090956769,32.7415106117176,29.528938507852477,26.02620364433039,140.1786093219796,4.988885880953682,0.24388540056795616,1.2167164314642096,1.2891882969073336,ZONE_01,SUSPENSION_FAULT,REAR_BOGIE,3
21.55,RUN_059_SUSPENSION_FAULT,TRAIN001,-0.04445662848088062,0.659143117276274,1.2011451209026207,32.507483103174316,29.45771519450957,26.00838204242507,140.80205022911798,5.055578277331967,0.28912676795191994,1.4617030074529267,1.1486744805194644,ZONE_01,SUSPENSION_FAULT,REAR_BOGIE,3
21.56,RUN_059_SUSPENSION_FAULT,TRAIN001,-0.07319735519068533,0.48660443234309003,1.5961971035191382,32.51773522236978,29.371105015700174,25.998380530365463,140.03682863690256,4.976303601567703,0.23303446327533323,1.1596502388864374,1.643699869312322,ZONE_01,SUSPENSION_FAULT,REAR_BOGIE,3
21.57,RUN_059_SUSPENSION_FAULT,TRAIN001,0.06657826546219059,0.5187189924275387,1.9865493914568624,32.509497799535914,29.42743395398037,25.990934954975184,140.36666867814137,4.997836482309787,0.2002844792953228,1.0009890774625836,0.6994032385343136,ZONE_01,SUSPENSION_FAULT,REAR_BOGIE,3
21.580000000000002,RUN_059_SUSPENSION_FAULT,TRAIN001,-0.12723798564997554,-0.8270513341601388,1.183680298747618,32.35067490427898,29.530917976497857,25.92181726427565,139.6597593422267,4.999421825681167,0.21375126288963026,1.0686327289573303,1.495716415652357,ZONE_01,SUSPENSION_FAULT,REAR_BOGIE,3
21.59,RUN_059_SUSPENSION_FAULT,TRAIN001,-0.07159198645690754,1.2921686909239514,-0.6879834020702699,32.462767147611245,29.672587722922653,25.92318276207116,141.57243191790414,4.9561667986726645,0.239062847955671,1.1848353498340278,0.7538949891041773,ZONE_01,SUSPENSION_FAULT,REAR_BOGIE,3
21.6,RUN_059_SUSPENSION_FAULT,TRAIN001,-0.03812167591338772,0.3731691948037529,-0.45195191144530944,32.55205078482328,29.576425866352743,26.10527493136223,140.65820428614583,4.9985788081182525,0.2228354804906928,1.1138607104776252,1.0439538719845585,ZONE_01,SUSPENSION_FAULT,REAR_BOGIE,3
21.61,RUN_059_SUSPENSION_FAULT,TRAIN001,-0.17248092846308358,-0.7835656274439984,-0.7819469874147899,32.53970378104009,29.463770407944807,26.002855308184987,139.06623840808325,5.024772884736903,0.2412844274779692,1.2123994487005674,0.8182123357795533,ZONE_01,SUSPENSION_FAULT,REAR_BOGIE,3
21.62,RUN_059_SUSPENSION_FAULT,TRAIN001,-0.015445577405943432,-1.1675711985455712,-1.0670186940544735,32.561046578559456,29.344129554237355,25.930378605862487,138.39313278034479,4.9956977519777075,0.20086144592006444,1.0034430738418578,0.5540002877701886,ZONE_01,SUSPENSION_FAULT,REAR_BOGIE,3
21.63,RUN_059_SUSPENSION_FAULT,TRAIN001,0.007821413851348871,-1.2570951845993832,0.276025080202433,32.581585469834764,29.467792969013168,26.042849179679774,139.60771812844706,4.987607095617118,0.20568115658498465,1.025856796018005,0.8106103407836707,ZONE_01,SUSPENSION_FAULT,REAR_BOGIE,3
21.64,RUN_059_SUSPENSION_FAULT,TRAIN001,0.015903987436412338,-1.2231356635440356,-0.32327351468275983,32.52497591001424,29.545191879666667,26.102756131243233,140.52977948651892,5.0000134802672624,0.23710955681034654,1.185550980351929,1.1258784818191465,ZONE_01,SUSPENSION_FAULT,REAR_BOGIE,3
21.650000000000002,RUN_059_SUSPENSION_FAULT,TRAIN001,0.09623814557350763,-0.7917982068154182,0.6356472833149514,32.63573759063163,29.507645335311167,25.897784509985534,139.86480561605381,5.005445641119225,0.20498890329436747,1.026060812472602,0.9596879481862499,ZONE_01,SUSPENSION_FAULT,REAR_BOGIE,3
21.66,RUN_059_SUSPENSION_FAULT,TRAIN001,-0.06877076281662053,-0.6148619243173152,-0.2508061062766268,32.413413141195825,29.54216162472888,26.046271899065243,139.89568301719174,4.99130261255701,0.23673705061488057,1.1816262592230944,0.6539742902219869,ZONE_01,SUSPENSION_FAULT,REAR_BOGIE,3
21.67,RUN_059_SUSPENSION_FAULT,TRAIN001,0.07112215517660639,-0.7339271850281307,0.1998642233161833,32.69215686474758,29.518451117435546,25.9765708847133,138.9565220995057,5.0078303032063936,0.21499445465654024,1.076655745050355,0.563041740704045,ZONE_01,SUSPENSION_FAULT,REAR_BOGIE,3
21.68,RUN_059_SUSPENSION_FAULT,TRAIN001,0.013126768297008512,-0.840800182556429,0.22530695767766634,32.518658648719196,29.437879966367866,25.9926387922777,139.25430781742656,4.991095987123176,0.2363735687795567,1.1797631705976295,0.8629566020460578,ZONE_01,SUSPENSION_FAULT,REAR_BOGIE,3
21.69,RUN_059_SUSPENSION_FAULT,TRAIN001,-0.0609732485947978,-0.9930483042068632,0.6912681236711382,32.64787406813317,29.632236276987435,26.095864895256266,139.61355161053078,4.9637796461771195,0.1940751156663661,0.9633461089741783,0.26596903021472307,ZONE_01,SUSPENSION_FAULT,REAR_BOGIE,3
21.7,RUN_059_SUSPENSION_FAULT,TRAIN001,-0.11452187464572744,-0.5154921315516872,0.43503862336892035,32.40232939919619,29.42523639656359,25.9761267844291,140.8958796118924,5.023712872050095,0.1939325847904103,0.9742616225215307,0.6172712992417693,ZONE_01,SUSPENSION_FAULT,REAR_BOGIE,3
21.71,RUN_059_SUSPENSION_FAULT,TRAIN001,0.08896592974110536,-0.4812975246369839,1.4325209155869607,32.507715575884056,29.452220719311693,25.96493141195115,140.52942706997598,5.004758374601984,0.23029494190487892,1.15257053912692,1.1941273429326975,ZONE_01,SUSPENSION_FAULT,REAR_BOGIE,3
21.72,RUN_059_SUSPENSION_FAULT,TRAIN001,-0.183730041547442,-0.1704399745199886,1.8892028638890468,32.375157923075385,29.57863883185821,26.01426127653926,138.21627181923006,5.030743465457475,0.2220356632833917,1.117004462161439,0.792231472107207,ZONE_01,SUSPENSION_FAULT,REAR_BOGIE,3
21.73,RUN_059_SUSPENSION_FAULT,TRAIN001,0.06146292300674394,0.4034757377740362,0.568319728357548,32.449483972702744,29.567348139983007,26.089021153583523,138.8535682216528,4.984569551462501,0.19416441308435362,0.9678260214378562,1.3377400942862983,ZONE_01,SUSPENSION_FAULT,REAR_BOGIE,3
21.740000000000002,RUN_059_SUSPENSION_FAULT,TRAIN001,-0.0014801771579887176,0.35950778627728286,0.5837586446880685,32.38450792724639,29.453982347850953,25.957670358611267,138.3142556507629,4.9986991457206,0.23642405967241337,1.1818127451122888,1.5012243691514515,ZONE_01,SUSPENSION_FAULT,REAR_BOGIE,3
21.75,RUN_059_SUSPENSION_FAULT,TRAIN001,0.09296617260239631,0.21875850805547037,2.0639140685986987,32.464593324583916,29.59528693783202,25.976870097946545,139.6799594209821,5.024783012424863,0.20542021523633847,1.0321920079282125,1.4339755133535728,ZONE_01,SUSPENSION_FAULT,REAR_BOGIE,3
21.76,RUN_059_SUSPENSION_FAULT,TRAIN001,-0.09043947922603285,0.3671192042162116,2.587982114247694,32.61728361805871,29.638083773706306,25.99257337875721,140.20807615333956,4.98478638253543,0.2335078595809453,1.1639867986540915,1.570701207984481,ZONE_01,SUSPENSION_FAULT,REAR_BOGIE,3
21.77,RUN_059_SUSPENSION_FAULT,TRAIN001,-0.16971927508787932,1.0190956049934017,2.748545729815966,32.45053361004088,29.622942555764773,25.944974714814336,139.84130675728778,5.005004796124525,0.23312217651033118,1.1667776115171957,1.3670910799821692,ZONE_01,SUSPENSION_FAULT,REAR_BOGIE,3
21.78,RUN_059_SUSPENSION_FAULT,TRAIN001,0.014993824783924518,0.7876068300724186,2.7470836779149264,32.39491413953328,29.495836700398968,25.874684791204885,141.19296343480784,4.9729435501764865,0.21797981582591114,1.0840013191801232,1.8499796429337139,ZONE_01,SUSPENSION_FAULT,REAR_BOGIE,3
21.79,RUN_059_SUSPENSION_FAULT,TRAIN001,0.04127004531375994,0.5395297556752211,1.1564072276711264,32.602927429858276,29.541897978725224,26.02642427028905,139.18445902972354,4.988955231890356,0.25988843448172666,1.296571764915404,1.655723411570678,ZONE_01,SUSPENSION_FAULT,REAR_BOGIE,3
21.8,RUN_059_SUSPENSION_FAULT,TRAIN001,0.06252632076407509,1.6533991034534399,2.8046091122933254,32.42338646447932,29.486444229673502,26.026462300861738,142.2097350706757,4.997725417271102,0.23799804286915904,1.1894488681079736,1.7615451278776535,ZONE_01,SUSPENSION_FAULT,REAR_BOGIE,3
21.81,RUN_059_SUSPENSION_FAULT,TRAIN001,-0.005051325103103199,0.9822997204783661,1.8600812169007601,32.47139700480862,29.42731541248071,25.909996059193773,139.2055880384964,5.007078900801679,0.2386283135503601,1.1948307939118956,1.1056719746047163,ZONE_01,SUSPENSION_FAULT,REAR_BOGIE,3
21.82,RUN_059_SUSPENSION_FAULT,TRAIN001,-0.03288671021800751,0.4133164930776229,1.8550363741271891,32.508785312805294,29.611366603881343,26.002702302453788,140.74571227427066,5.016872925372965,0.2376828887907202,1.1924248495985976,1.42358768317615,ZONE_01,SUSPENSION_FAULT,REAR_BOGIE,3
21.830000000000002,RUN_059_SUSPENSION_FAULT,TRAIN001,-0.03669763779158632,0.7432690082460909,1.9241754748728415,32.636441710966224,29.522799329369,26.01725477766896,139.98065455821848,5.011553609605142,0.2665198892664004,1.3356787130845915,1.6298879674892692,ZONE_01,SUSPENSION_FAULT,REAR_BOGIE,3
21.84,RUN_059_SUSPENSION_FAULT,TRAIN001,0.03194050329664555,0.9795617290277834,2.287361627570233,32.439690035085285,29.393784106769537,25.996183555099524,141.18785964200947,5.012982844179352,0.2224374702958386,1.1150752224956932,1.661338137229874,ZONE_01,SUSPENSION_FAULT,REAR_BOGIE,3
21.85,RUN_059_SUSPENSION_FAULT,TRAIN001,-0.1253025050332038,0.10754359389125234,1.7397149174429254,32.482634795038145,29.64797037110542,25.96649698748426,138.67698330885042,5.023526630814198,0.21887425852609382,1.0995206665055437,0.7550238131171481,ZONE_01,SUSPENSION_FAULT,REAR_BOGIE,3
21.86,RUN_059_SUSPENSION_FAULT,TRAIN001,-0.016567742722537835,0.10861325982104585,0.9464236704877775,32.40730290582944,29.501719914630232,26.011621913485364,138.9014921429296,5.01133593185103,0.22179761062104572,1.11150233570395,1.1385516740923771,ZONE_01,SUSPENSION_FAULT,REAR_BOGIE,3
21.87,RUN_059_SUSPENSION_FAULT,TRAIN001,0.014791551878011254,-0.7769687954225136,0.46677086366453474,32.51140306660597,29.467613200800486,25.97636133392232,140.16970259274638,4.981265479155293,0.24784185909485268,1.2345660969988599,1.2036069114343568,ZONE_01,SUSPENSION_FAULT,REAR_BOGIE,3
21.88,RUN_059_SUSPENSION_FAULT,TRAIN001,0.14360766143765394,0.02148851336324542,-0.29458275678396584,32.701231916529395,29.398102107919705,26.03088256255188,140.63143723094575,4.998014777850057,0.23220265138697327,1.1605522830880575,1.419432576212445,ZONE_01,SUSPENSION_FAULT,REAR_BOGIE,3
21.89,RUN_059_SUSPENSION_FAULT,TRAIN001,-0.042289807357531545,-1.294582405528395,-0.2077885883754994,32.49891206121198,29.4456189043932,25.92906122764514,140.37537468346974,4.967337066406695,0.2285539765766363,1.135304639523773,0.7611752936142792,ZONE_01,SUSPENSION_FAULT,REAR_BOGIE,3
21.900000000000002,RUN_059_SUSPENSION_FAULT,TRAIN001,-0.10713645105650225,-0.9176827892246466,0.7291711374579375,32.68933852376411,29.48127633638148,26.030270359833718,139.53144995561402,5.0091798098815365,0.21936676764114504,1.0988475834269982,0.9415775831347533,ZONE_01,SUSPENSION_FAULT,REAR_BOGIE,3
21.91,RUN_059_SUSPENSION_FAULT,TRAIN001,0.14938471408923476,-2.2973496396251183,-0.7859704086235744,32.56960729182167,29.47917923083619,26.11680089163551,139.64745170724612,5.024351445522638,0.2218408535244677,1.114606413081635,0.8308287869358045,ZONE_01,SUSPENSION_FAULT,REAR_BOGIE,3
21.92,RUN_059_SUSPENSION_FAULT,TRAIN001,0.017981743125413414,-0.8814082819622192,-0.2836766826095203,32.540133854368165,29.38011558829208,25.97177195377512,139.11634286772198,5.0311291659734305,0.22407428267254614,1.1273466588984218,0.5397153318673619,ZONE_01,SUSPENSION_FAULT,REAR_BOGIE,3
21.93,RUN_059_SUSPENSION_FAULT,TRAIN001,0.07967804608023059,-0.8616830905635081,-0.8806805508686966,32.473798556577414,29.48916891530574,26.00817850001725,140.40749304045744,5.007686717222825,0.21139003363910708,1.0585750636078426,0.4435522536761481,ZONE_01,SUSPENSION_FAULT,REAR_BOGIE,3
21.94,RUN_059_SUSPENSION_FAULT,TRAIN001,-0.08146307014053251,-1.395232753554528,0.0001752191020001348,32.60681446615828,29.62656781534636,25.98383562709443,140.34199049171565,5.001992911461547,0.22206644766189237,1.1107747970782322,0.5949730579251501,ZONE_01,SUSPENSION_FAULT,REAR_BOGIE,3
21.95,RUN_059_SUSPENSION_FAULT,TRAIN001,-0.16123962459687613,-1.4373607757288493,0.9303163870151836,32.460632923465916,29.643145987048833,25.949324881685456,142.1129265477798,4.973193699638705,0.20434910488235133,1.0162676809277187,0.5452295151058941,ZONE_01,SUSPENSION_FAULT,REAR_BOGIE,3
21.96,RUN_059_SUSPENSION_FAULT,TRAIN001,-0.04678957097526633,-0.18040361181007525,0.6377192446755651,32.61950458603454,29.413278551398157,25.934908336121783,140.09071228777694,5.003586660543313,0.20682049795148047,1.0348442846769532,0.8121930310338896,ZONE_01,SUSPENSION_FAULT,REAR_BOGIE,3
21.97,RUN_059_SUSPENSION_FAULT,TRAIN001,0.032961943616510316,-0.8012022490929901,1.0727534028964762,32.53291974508845,29.549517109737085,25.998027875303425,139.4109203023137,5.023662105357324,0.19164149772226052,0.9627421299212421,0.6897472447229245,ZONE_01,SUSPENSION_FAULT,REAR_BOGIE,3
21.98,RUN_059_SUSPENSION_FAULT,TRAIN001,0.055648503413716854,-0.1209389443612503,0.41821525842439916,32.56735596914082,29.44994181931229,26.029511158103233,139.08268910424718,4.970689383565998,0.20274955628013724,1.007805066924395,1.2292655218719766,ZONE_01,SUSPENSION_FAULT,REAR_BOGIE,3
21.990000000000002,RUN_059_SUSPENSION_FAULT,TRAIN001,0.07588491204227243,-0.49105412290945605,0.23534627995854085,32.48581637672237,29.51812756644737,26.00187036604584,139.7469585175508,5.029360965771205,0.22273905497159863,1.1202351086269247,1.0073415047702028,ZONE_01,SUSPENSION_FAULT,REAR_BOGIE,3
22.0,RUN_059_SUSPENSION_FAULT,TRAIN001,-0.08550588904175002,0.4861366824504566,1.4979232115047134,32.442167387895914,29.540540305322292,25.97397481086784,140.99475785509912,5.029559686072274,0.21927407711384556,1.1028520584525008,0.8195932222200293,ZONE_01,SUSPENSION_FAULT,REAR_BOGIE,3
22.01,RUN_059_SUSPENSION_FAULT,TRAIN001,-0.007805178331181538,0.8629649742708291,1.808455449856565,32.59471951265062,29.375862211755667,26.10282034116344,139.71517004575836,4.9860836353851665,0.21560164076447141,1.0750078127779223,0.6974381073482605,ZONE_01,SUSPENSION_FAULT,REAR_BOGIE,3
22.02,RUN_059_SUSPENSION_FAULT,TRAIN001,-0.17766382934364666,0.9382251200532203,1.8418206134835602,32.54679244772025,29.44272157932462,26.017717959701166,139.87894822486837,4.96946484890649,0.23478993126958217,1.1667803103213594,1.2862431123024722,ZONE_01,SUSPENSION_FAULT,REAR_BOGIE,3
22.03,RUN_059_SUSPENSION_FAULT,TRAIN001,-0.12590881808972498,0.583957378085611,2.136224417035952,32.77530540355692,29.568991002738773,26.019801916670335,139.40333765529186,4.986098452034565,0.248972116694103,1.241399485648236,1.5423517758540415,ZONE_01,SUSPENSION_FAULT,REAR_BOGIE,3
22.04,RUN_059_SUSPENSION_FAULT,TRAIN001,-0.06392961633576665,1.0812455198004867,2.3539912359906854,32.738825589280516,29.381237235952867,26.047772106009276,140.31691547326523,4.995866821426647,0.2276003083007345,1.1370608287861153,1.3195519247146277,ZONE_01,SUSPENSION_FAULT,REAR_BOGIE,3
22.05,RUN_059_SUSPENSION_FAULT,TRAIN001,-0.028291965911979966,0.6188628775894038,2.042313303820049,32.45291059044524,29.45989975159974,26.06080094769641,140.66311323978096,4.9876160152535425,0.23683035355487694,1.181218864288463,1.9056389138035457,ZONE_01,SUSPENSION_FAULT,REAR_BOGIE,3
22.06,RUN_059_SUSPENSION_FAULT,TRAIN001,0.09699748601978862,1.5989838907033334,2.222147581731841,32.65348669627014,29.495909835490956,26.053787421812213,138.59082353730443,4.997002566585477,0.23681296716807632,1.1833550047395998,1.5050055379602296,ZONE_01,SUSPENSION_FAULT,REAR_BOGIE,3
22.07,RUN_059_SUSPENSION_FAULT,TRAIN001,0.03879849419320222,1.6238604396765282,3.2022927818376217,32.73156979669586,29.572417348046134,26.051916676574375,139.14657908720017,5.03371553312995,0.22543508661810205,1.134776097222036,1.631067900518304,ZONE_01,SUSPENSION_FAULT,REAR_BOGIE,3
22.080000000000002,RUN_059_SUSPENSION_FAULT,TRAIN001,0.10759489499819373,1.4571068804880805,1.475638361039977,32.50166813949185,29.484537227888573,25.969532351855808,141.24405491937645,5.037214947619808,0.2341345037873207,1.1793858222310385,1.6932319853490996,ZONE_01,SUSPENSION_FAULT,REAR_BOGIE,3
22.09,RUN_059_SUSPENSION_FAULT,TRAIN001,-0.18978167637318014,0.5556902982908002,2.069385019131124,32.41195918092367,29.555479403750216,26.010954263019933,140.88609209356736,4.981467192980151,0.18534440602646732,0.9232870780232396,2.154943281650423,ZONE_01,SUSPENSION_FAULT,REAR_BOGIE,3
22.1,RUN_059_SUSPENSION_FAULT,TRAIN001,0.0012901296528681936,1.2033700444105797,1.815169895887559,32.624355864834946,29.5751012409089,26.04719678305756,141.74716482551267,5.0358061258840054,0.25086118541838787,1.263288294276441,1.3529153197383337,ZONE_01,SUSPENSION_FAULT,REAR_BOGIE,3
22.11,RUN_059_SUSPENSION_FAULT,TRAIN001,-0.13447680776036916,0.5061735326694676,1.727848430724266,32.53371230438685,29.48035042331628,25.99018794733781,139.2369045799464,4.97290843108333,0.24014983222085481,1.1942431253743362,1.0226314800791911,ZONE_01,SUSPENSION_FAULT,REAR_BOGIE,3
22.12,RUN_059_SUSPENSION_FAULT,TRAIN001,0.06462467390601404,0.15119245116460778,1.4044717637842146,32.52276500282405,29.358446263364858,26.00799180144517,139.2780996127155,5.031598046889278,0.24224194702040316,1.2188641075025166,1.691938785670399,ZONE_01,SUSPENSION_FAULT,REAR_BOGIE,3
22.13,RUN_059_SUSPENSION_FAULT,TRAIN001,-0.05744189272149957,0.7399239944431628,1.0113156030330737,32.68368096656489,29.491225420229572,25.97375815075063,140.60772325454138,5.009406015750635,0.21038465387969757,1.0539021507665722,1.0069902988148394,ZONE_01,SUSPENSION_FAULT,REAR_BOGIE,3
22.14,RUN_059_SUSPENSION_FAULT,TRAIN001,0.0027759693020949685,0.3397952051246125,0.9129153379129706,32.57694218941056,29.502105409627948,25.974463318886343,138.2645973685477,5.010132558830103,0.2282144437052646,1.1433846148030458,1.3620608627770843,ZONE_01,SUSPENSION_FAULT,REAR_BOGIE,3
22.150000000000002,RUN_059_SUSPENSION_FAULT,TRAIN001,0.052882644713072406,-0.24997778733015852,0.4937756283961313,32.69138643630449,29.365398387320333,26.046308191715717,140.23671771696408,5.014773881957947,0.23973260619115347,1.2022048121811064,0.7675139582579813,ZONE_01,SUSPENSION_FAULT,REAR_BOGIE,3
22.16,RUN_059_SUSPENSION_FAULT,TRAIN001,-0.013706162724454008,-0.9109462704590386,-0.6861057797945374,32.714494437677864,29.409734661948807,26.002975947435385,139.75420482622712,5.011970548650816,0.18053881023557958,0.9048551997891834,1.4147601760733735,ZONE_01,SUSPENSION_FAULT,REAR_BOGIE,3
22.17,RUN_059_SUSPENSION_FAULT,TRAIN001,-0.12294032201795513,0.48673064962033785,0.8019062438951787,32.64731392667531,29.42434220556874,25.998897790506263,140.31160506987914,5.001070576371455,0.23917263882161902,1.1961192466839161,0.665497845516425,ZONE_01,SUSPENSION_FAULT,REAR_BOGIE,3
22.18,RUN_059_SUSPENSION_FAULT,TRAIN001,-0.09467417134087512,-0.18321569520665004,0.11664350822717001,32.57608463804467,29.684692638000875,26.03549179017937,140.55614071811624,5.021466663312188,0.25361243024225216,1.2735063638630568,0.8487203582069058,ZONE_01,SUSPENSION_FAULT,REAR_BOGIE,3
22.19,RUN_059_SUSPENSION_FAULT,TRAIN001,-0.12379818396235005,-0.7190678409663305,-0.17723576054799128,32.438438970348656,29.43473869110283,26.014921065745035,138.71957944244505,5.034860907885682,0.21813487111561985,1.098278735226716,0.4856390291399244,ZONE_01,SUSPENSION_FAULT,REAR_BOGIE,3
22.2,RUN_059_SUSPENSION_FAULT,TRAIN001,-0.09844189989984342,-1.0434071062861283,-0.305768647596576,32.59652747382918,29.718404257208295,26.015243216802396,138.91437226283267,4.991224646915192,0.22712884748938206,1.1336511016144455,0.8395250554614729,ZONE_01,SUSPENSION_FAULT,REAR_BOGIE,3
22.21,RUN_059_SUSPENSION_FAULT,TRAIN001,-0.0744697408700672,-1.0893997233870498,-0.31562666821471796,32.40384351023232,29.61883238685273,25.947824532064413,140.3759183216273,4.988909824911041,0.20782254290872523,1.0368079261553358,0.4328027032739517,ZONE_01,SUSPENSION_FAULT,REAR_BOGIE,3
22.22,RUN_059_SUSPENSION_FAULT,TRAIN001,0.04169358648537874,-0.9040835106743106,-0.5796064759445896,32.55844315233566,29.75776696990299,25.940993855731172,137.66201123492263,5.051522329666,0.261677625782732,1.3218703698154541,0.6053804731812854,ZONE_01,SUSPENSION_FAULT,REAR_BOGIE,3
22.23,RUN_059_SUSPENSION_FAULT,TRAIN001,-0.22318683557925223,-1.142021308124984,0.3478637300724924,32.57895084057904,29.64664816770819,26.040644454381837,139.71937242816227,5.007751241761068,0.2231370001032556,1.1174145893499177,0.9598594339239641,ZONE_01,SUSPENSION_FAULT,REAR_BOGIE,3
22.240000000000002,RUN_059_SUSPENSION_FAULT,TRAIN001,0.22653748823969488,-0.8449752474155905,-0.7136519490991511,32.76444756180484,29.766834122884735,25.991226207332154,139.76621528218564,4.960830255261832,0.22560332594345128,1.1191798050279698,0.6318710502116683,ZONE_01,SUSPENSION_FAULT,REAR_BOGIE,3
22.25,RUN_059_SUSPENSION_FAULT,TRAIN001,-0.03285597736011255,-1.2254740335083594,0.45322980732749396,32.473540694781526,29.504009504486667,25.99756854828761,140.24631023957699,5.007094879865201,0.2292092459987032,1.1476724420578701,0.5352794530179046,ZONE_01,SUSPENSION_FAULT,REAR_BOGIE,3
22.26,RUN_059_SUSPENSION_FAULT,TRAIN001,-0.009656968098170822,0.273460814668277,-0.18592255918232048,32.64432349692096,29.499384965801877,26.00398269588581,140.38711158936147,4.976692073928184,0.2157381782847959,1.0736624819136493,1.2111500357095728,ZONE_01,SUSPENSION_FAULT,REAR_BOGIE,3
22.27,RUN_059_SUSPENSION_FAULT,TRAIN001,-0.07957689895261182,-0.09893378709423106,0.3112777229846039,32.58462754239333,29.746032175229445,25.99861978247984,139.99027958317077,4.986071747635602,0.2175482134245073,1.0847110007045362,1.0817375891312957,ZONE_01,SUSPENSION_FAULT,REAR_BOGIE,3
22.28,RUN_059_SUSPENSION_FAULT,TRAIN001,-0.0585544209664978,-0.5255478090248371,1.1841336111121206,32.65138305409173,29.459919472854175,25.96681864423787,139.81765553422,5.01691288651083,0.21262676788336682,1.06672997181121,1.2170228152363627,ZONE_01,SUSPENSION_FAULT,REAR_BOGIE,3
22.29,RUN_059_SUSPENSION_FAULT,TRAIN001,-0.05171228485504817,-0.7945207734298058,0.8594809310126468,32.34851822348114,29.550888667370845,25.97009554013828,139.19650642462355,5.000481189416145,0.24623083800126921,1.2312726736795208,0.9600540613995836,ZONE_01,SUSPENSION_FAULT,REAR_BOGIE,3
22.3,RUN_059_SUSPENSION_FAULT,TRAIN001,-0.09477827709629968,0.28021090863397446,1.5293568073705948,32.61533311778807,29.6724268987073,25.995504837402397,140.08402331026227,5.014978737755454,0.20848317166134878,1.0455386730614846,1.1609205415995978,ZONE_01,SUSPENSION_FAULT,REAR_BOGIE,3
22.31,RUN_059_SUSPENSION_FAULT,TRAIN001,0.09622393800962614,0.4162701937515178,1.9113411245164755,32.68098673685618,29.630702854961367,25.994499798834894,140.0659909960456,5.035471312985038,0.24301544367131545,1.2236972952192404,1.449383668973781,ZONE_01,SUSPENSION_FAULT,REAR_BOGIE,3
22.32,RUN_059_SUSPENSION_FAULT,TRAIN001,-0.03903649532324276,1.080486709741394,1.3382823365389844,32.48153975472018,29.578702688306826,26.034646860138295,141.57633943117636,4.98245704588506,0.2442688259877264,1.2170589331326191,1.530040334516181,ZONE_01,SUSPENSION_FAULT,REAR_BOGIE,3
22.330000000000002,RUN_059_SUSPENSION_FAULT,TRAIN001,-0.01371626333401843,0.8844908460570258,2.2703192664364713,32.593606881720376,29.379442461267576,25.966323278304717,139.6282469821983,5.007040036790323,0.2243827964201618,1.1234936452427224,1.3864094966286555,ZONE_01,SUSPENSION_FAULT,REAR_BOGIE,3
22.34,RUN_059_SUSPENSION_FAULT,TRAIN001,-0.060319193616771564,0.22683727496112582,2.8568179000743763,32.559566231927235,29.57014981679287,25.99395925896696,138.86269360474736,4.992075268314295,0.21511467295936748,1.0738686387319762,1.296197727544379,ZONE_01,SUSPENSION_FAULT,REAR_BOGIE,3
22.35,RUN_059_SUSPENSION_FAULT,TRAIN001,0.2750166855845834,0.6359242979072506,2.0999914934696937,32.46927292596238,29.567584254580964,25.978370524453982,139.86248370606918,5.007502599892337,0.22129174468015755,1.1081189868206003,1.8569727035211725,ZONE_01,SUSPENSION_FAULT,REAR_BOGIE,3
22.36,RUN_059_SUSPENSION_FAULT,TRAIN001,-0.06714897410249629,1.6494455971594562,1.9487071556026143,32.5734726900848,29.588756584390193,26.002331452555616,139.03639240620217,4.958255869059308,0.21148957638231872,1.0486194333424987,1.208845408953452,ZONE_01,SUSPENSION_FAULT,REAR_BOGIE,3
22.37,RUN_059_SUSPENSION_FAULT,TRAIN001,0.04188747564792843,0.8181472741673942,3.3509028504430685,32.50638280420545,29.49705595611505,26.026835614440934,140.86975492189146,4.999285542159651,0.22208771649863465,1.1102799101828755,1.6142005377260387,ZONE_01,SUSPENSION_FAULT,REAR_BOGIE,3
22.38,RUN_059_SUSPENSION_FAULT,TRAIN001,0.10630551635443666,0.8001296977019438,1.928004339452694,32.45234869969591,29.51815041594602,25.99740666503486,139.3659338685736,5.004050127618234,0.24182272746784875,1.210093050246478,1.5443301417319777,ZONE_01,SUSPENSION_FAULT,REAR_BOGIE,3
22.39,RUN_059_SUSPENSION_FAULT,TRAIN001,-0.11218683854548722,0.7235438475008464,2.4208977308572743,32.59879321709982,29.53846376726024,26.034891743563023,138.97345875338596,4.9745511214654385,0.2535234776692954,1.2611655001576114,1.7251121284703417,ZONE_01,SUSPENSION_FAULT,REAR_BOGIE,3
22.400000000000002,RUN_059_SUSPENSION_FAULT,TRAIN001,-0.08895098080680565,0.19227045821888566,2.2207079665798224,32.615234548779036,29.742364326499256,25.950437003176866,141.57125543026194,5.010834416534035,0.19063924981767597,0.9552617141286405,1.2678261645886868,ZONE_01,SUSPENSION_FAULT,REAR_BOGIE,3
22.41,RUN_059_SUSPENSION_FAULT,TRAIN001,-0.11220077845697965,0.10581295455297801,1.3110381028809457,32.50438162393895,29.674945608078737,25.985795089171727,140.68722552202857,5.018456134027198,0.22415058344329322,1.12488987042677,1.2574679645023132,ZONE_01,SUSPENSION_FAULT,REAR_BOGIE,3
22.42,RUN_059_SUSPENSION_FAULT,TRAIN001,0.031352682535747335,0.8411892208149597,1.708402787934801,32.70149020339842,29.563749347063787,26.003482096110694,140.69882530836085,5.019822959389032,0.20494901113697825,1.0288077516094818,1.28939572082164,ZONE_01,SUSPENSION_FAULT,REAR_BOGIE,3
22.43,RUN_059_SUSPENSION_FAULT,TRAIN001,0.04531000206795768,0.021404449611566373,0.7439161582088393,32.553525686724,29.644296411900164,26.028574576031968,139.91681410266193,4.991357491568255,0.2102328967675914,1.049347544255013,1.6164442753310237,ZONE_01,SUSPENSION_FAULT,REAR_BOGIE,3
22.44,RUN_059_SUSPENSION_FAULT,TRAIN001,0.09412533833598127,-0.40332482252959967,0.9975476584392544,32.76531001226513,29.48830459673902,26.011994042648308,139.1086611404221,5.0225048111741915,0.23242328636755694,1.1673470740099716,0.8699015478869938,ZONE_01,SUSPENSION_FAULT,REAR_BOGIE,3
22.45,RUN_059_SUSPENSION_FAULT,TRAIN001,-0.09107436416173886,-0.2996309953288855,0.9847678615768036,32.78374447703584,29.418828289156973,26.00645974381269,141.05201772293225,5.001682251297255,0.24796583320369198,1.2402463068630416,1.2472366038550877,ZONE_01,SUSPENSION_FAULT,REAR_BOGIE,3
22.46,RUN_059_SUSPENSION_FAULT,TRAIN001,0.005114689555406174,-0.4100471447311065,0.9978483105585326,32.53320332592118,29.55334554462327,26.062827992352275,141.61036153471764,4.987148634256268,0.188690941672428,0.9410297720581785,0.5198705667266362,ZONE_01,SUSPENSION_FAULT,REAR_BOGIE,3
22.47,RUN_059_SUSPENSION_FAULT,TRAIN001,-0.04667347943148409,-0.8326771975331207,-0.565581875326512,32.74695110875223,29.663881783097235,25.93473002275962,139.51293213723457,4.993549811447731,0.20300231215574333,1.0137021575887655,0.5145840287968727,ZONE_01,SUSPENSION_FAULT,REAR_BOGIE,3
22.48,RUN_059_SUSPENSION_FAULT,TRAIN001,0.04231330974029473,-0.9784821423799807,-1.0479904394033732,32.528091582841476,29.68474562072972,25.975761257586427,140.2215440754759,4.98100807971478,0.20551682103568494,1.0236809460960432,1.0110723827573052,ZONE_01,SUSPENSION_FAULT,REAR_BOGIE,3
22.490000000000002,RUN_059_SUSPENSION_FAULT,TRAIN001,-0.2683978011084828,-0.6423704608050129,-0.6506425854752631,32.5979941793562,29.472780019763128,25.99245491725401,137.92753165881584,4.997113133750955,0.201706818993684,1.007951794360465,0.30853261742333016,ZONE_01,SUSPENSION_FAULT,REAR_BOGIE,3
22.5,RUN_059_SUSPENSION_FAULT,TRAIN001,0.1807081150844478,-0.7429905508359721,-1.688493045668839,32.48276742069688,29.526905698893824,26.01934032536137,140.0536854511889,4.978652231256132,0.21077520434285124,1.0493764413950035,0.7552088891129649,ZONE_01,SUSPENSION_FAULT,REAR_BOGIE,3
22.51,RUN_059_SUSPENSION_FAULT,TRAIN001,-0.06698842620908668,0.052798344426439936,-0.10753433746378588,32.60202436440759,29.49682478953448,26.032829374113188,139.41150166574596,5.03735340583443,0.24187016616269347,1.2183855052893833,0.5447544612657765,ZONE_01,SUSPENSION_FAULT,REAR_BOGIE,3
22.52,RUN_059_SUSPENSION_FAULT,TRAIN001,0.0780581829868839,-0.8244185831243861,-0.40046060145973006,32.70295919106969,29.599392870595228,26.11188365970656,140.31316882824459,5.005503492693984,0.22228948358673967,1.1126707864825676,0.24941545740897092,ZONE_01,SUSPENSION_FAULT,REAR_BOGIE,3
22.53,RUN_059_SUSPENSION_FAULT,TRAIN001,-0.09287253068591947,-0.2941983546078676,-0.3092977498344848,32.781575458833174,29.556174569220747,25.989226710431826,138.69859447639735,5.000147064506093,0.22077380263544316,1.1039014811674586,1.0967075263123447,ZONE_01,SUSPENSION_FAULT,REAR_BOGIE,3
22.54,RUN_059_SUSPENSION_FAULT,TRAIN001,0.024826125133641703,-0.8998345971362753,0.31047554182586723,32.763210126115226,29.702553979454198,26.01192770783133,139.4715617679735,5.006208491878583,0.21361327290514703,1.0693925807957243,0.8876371321945143,ZONE_01,SUSPENSION_FAULT,REAR_BOGIE,3
22.55,RUN_059_SUSPENSION_FAULT,TRAIN001,-0.056819723325375805,-1.0017769554355014,-0.6098385824932655,32.66439334225292,29.78098367474984,25.96056182730818,140.95890779096607,4.98282803398772,0.19429677284906444,0.9681474066656623,1.2414587135335269,ZONE_01,SUSPENSION_FAULT,REAR_BOGIE,3
22.56,RUN_059_SUSPENSION_FAULT,TRAIN001,-0.05417680598929645,0.7518137480597653,0.3341582197191507,32.56234011047723,29.662193121996967,26.00580545397325,139.63667598122132,5.000654330777987,0.25244694377941984,1.2623999027022228,1.2097013622346635,ZONE_01,SUSPENSION_FAULT,REAR_BOGIE,3
22.57,RUN_059_SUSPENSION_FAULT,TRAIN001,0.14485020523723896,-0.13552888495491908,1.8406134317623464,32.567208161811536,29.63206245956766,26.058842677556235,140.19803240480886,4.986333702308425,0.23277549710773782,1.1606963062999103,1.0973555510128223,ZONE_01,SUSPENSION_FAULT,REAR_BOGIE,3
22.580000000000002,RUN_059_SUSPENSION_FAULT,TRAIN001,0.17136798974267003,0.5085571570745411,1.3553077613749862,32.636916319517056,29.377048304617727,25.91488572133324,140.77775638432453,4.966225774410971,0.23499868874936944,1.1670565450199,1.2017883776923717,ZONE_01,SUSPENSION_FAULT,REAR_BOGIE,3
22.59,RUN_059_SUSPENSION_FAULT,TRAIN001,-0.10194224921439837,0.3079860129645212,1.4577632964906966,32.54502786364639,29.617737882789054,26.003293640492956,140.5767145376375,5.006523649141649,0.21610156355707189,1.0819175885649677,0.8909828928706206,ZONE_01,SUSPENSION_FAULT,REAR_BOGIE,3
22.6,RUN_059_SUSPENSION_FAULT,TRAIN001,-0.03515114317522262,0.8745788312672329,2.50974212640983,32.62869371330356,29.613620397680254,25.993032146468583,139.61078772058124,4.982669279865989,0.2261280981886836,1.1267215281592737,1.4989814675699864,ZONE_01,SUSPENSION_FAULT,REAR_BOGIE,3
22.61,RUN_059_SUSPENSION_FAULT,TRAIN001,-0.13913511361438227,0.9237187199873886,3.396541052278435,32.68529677139476,29.546884851937598,26.07511729122978,141.2969862176255,4.977102688709077,0.22841149475222836,1.136827464663375,1.4749541001605453,ZONE_01,SUSPENSION_FAULT,REAR_BOGIE,3
22.62,RUN_059_SUSPENSION_FAULT,TRAIN001,0.12531594678271848,1.0568053212548187,1.4303187863331912,32.62154845232347,29.50978279990893,25.987317479046084,141.27670087638074,5.026953161563521,0.23190194017541282,1.165760191337506,1.8099434853057468,ZONE_01,SUSPENSION_FAULT,REAR_BOGIE,3
22.63,RUN_059_SUSPENSION_FAULT,TRAIN001,0.0849394835081619,0.9080948943704321,3.6484079061002803,32.712760011850115,29.762593525804547,26.058227386201214,140.70296814852247,4.9888247893839965,0.25177998470221113,1.2560862291531143,1.603693508656187,ZONE_01,SUSPENSION_FAULT,REAR_BOGIE,3
22.64,RUN_059_SUSPENSION_FAULT,TRAIN001,0.06759869045914511,1.8567293734487098,2.545574197217132,32.465153688548895,29.633281608500948,26.01621188576377,140.19799341211862,5.006234611357478,0.22987067135194636,1.1507865110580937,2.01830274796097,ZONE_01,SUSPENSION_FAULT,REAR_BOGIE,3
22.650000000000002,RUN_059_SUSPENSION_FAULT,TRAIN001,-0.11490720832312507,1.3071806122631755,1.7107333389827033,32.520769731319156,29.536938380528344,25.94857098187009,139.92344653046874,4.995530802032898,0.22952842016096034,1.1466162928560262,1.8350323233998145,ZONE_01,SUSPENSION_FAULT,REAR_BOGIE,3
22.66,RUN_059_SUSPENSION_FAULT,TRAIN001,0.01646368092810006,0.7297443080158089,2.460367999478283,32.534184363772,29.492295623974965,25.950026466701715,140.68268523599647,5.004523185609762,0.20551082641958981,1.0284836957106605,1.1625536950770297,ZONE_01,SUSPENSION_FAULT,REAR_BOGIE,3
22.67,RUN_059_SUSPENSION_FAULT,TRAIN001,-0.03909433942203343,1.5701596322656544,2.445241611239105,32.51437817948181,29.78201149331614,26.07683836094948,139.9289108694955,4.996514282212916,0.2434822952311209,1.2165627655882771,1.453531385511374,ZONE_01,SUSPENSION_FAULT,REAR_BOGIE,3
22.68,RUN_059_SUSPENSION_FAULT,TRAIN001,-0.04958572110591945,1.3718348975426018,5.936965377136099,32.79470242013394,29.78898883154276,25.983940977954333,138.97041669228787,4.990455240279596,0.20912415693675376,1.0436247448540754,1.5470164067511045,ZONE_01,SUSPENSION_FAULT,REAR_BOGIE,3
22.69,RUN_059_SUSPENSION_FAULT,TRAIN001,0.0016311844920247785,0.4579182837441083,2.2735961782521805,32.51898695230346,29.60126313002173,26.064984377697034,141.0124697222064,5.00376570032321,0.1902876250530771,0.9521546914365506,1.6867603310765518,ZONE_01,SUSPENSION_FAULT,REAR_BOGIE,3
22.7,RUN_059_SUSPENSION_FAULT,TRAIN001,0.07572915769472564,-1.0756202056319297,1.1204290676894226,32.563944663512814,29.62479992935337,25.955479949095587,139.30273053751355,5.000266558983973,0.24600247735517136,1.2300779609462753,1.0542393447165084,ZONE_01,SUSPENSION_FAULT,REAR_BOGIE,3
22.71,RUN_059_SUSPENSION_FAULT,TRAIN001,0.11334886760806458,0.2301178408182074,1.6238999187784156,32.556860338020385,29.71006013603228,26.031286630730577,140.71565950015784,4.988000824203229,0.22372360429836233,1.1159335226339484,0.9598283352030132,ZONE_01,SUSPENSION_FAULT,REAR_BOGIE,3
22.72,RUN_059_SUSPENSION_FAULT,TRAIN001,0.04367593283735581,-0.6349126575330781,0.7355256405398392,32.81782977616095,29.575729705961013,26.08721397381236,140.73765617052118,5.031925322737086,0.2098621787111911,1.0560108113416182,1.2391243751879661,ZONE_01,SUSPENSION_FAULT,REAR_BOGIE,3
22.73,RUN_059_SUSPENSION_FAULT,TRAIN001,0.11867254437858787,0.06541848539567341,0.41820829795579323,32.679979925483906,29.550040781342087,25.96049626016985,138.75457728227943,4.987615778358604,0.20831798431265075,1.0390100654736372,0.9902061935341286,ZONE_01,SUSPENSION_FAULT,REAR_BOGIE,3
22.740000000000002,RUN_059_SUSPENSION_FAULT,TRAIN001,0.02003096892009472,-0.5404644468098156,-0.42912373709070617,32.59951760432472,29.582841521894586,25.917339921236355,140.33209516747925,5.003766085885816,0.22925961458535357,1.1471614843254454,0.6407560942224582,ZONE_01,SUSPENSION_FAULT,REAR_BOGIE,3
22.75,RUN_059_SUSPENSION_FAULT,TRAIN001,-0.006532497619656558,0.025295973728700294,-0.12553531946737206,32.67301489031882,29.638210791094377,25.986517930459588,140.40965061495103,4.955259253381648,0.23092640579658996,1.1443002091737178,0.6671673909956964,ZONE_01,SUSPENSION_FAULT,REAR_BOGIE,3
22.76,RUN_059_SUSPENSION_FAULT,TRAIN001,0.04669497083010344,-1.3716537459903688,-0.9013099729668363,32.4549794709382,29.587741755194575,25.885878975185193,141.59061328127396,4.976107893856457,0.22245372750663164,1.106953749463543,0.6741435449489442,ZONE_01,SUSPENSION_FAULT,REAR_BOGIE,3
22.77,RUN_059_SUSPENSION_FAULT,TRAIN001,0.01749241878573651,-2.031732553300452,-0.26425908901530837,32.73126001929279,29.495480160327,25.95966287845332,139.43187458955023,4.988509317766739,0.22940153973978028,1.1443717185019306,0.6364177367947755,ZONE_01,SUSPENSION_FAULT,REAR_BOGIE,3
22.78,RUN_059_SUSPENSION_FAULT,TRAIN001,0.013115694018575333,-0.5709661682824649,-0.653263984844844,32.811470825154586,29.532565049739993,26.056618949001262,140.77267087787519,4.998071998024665,0.23262663227245522,1.1626846567557394,0.6176754222051007,ZONE_01,SUSPENSION_FAULT,REAR_BOGIE,3
22.79,RUN_059_SUSPENSION_FAULT,TRAIN001,0.14604203775137464,-0.38751318532711854,-1.1560263286565702,32.75231151702542,29.351290510563935,26.01131572034267,139.46086213158893,4.964399147335167,0.20698169536395733,1.0275397519788172,0.3759658215002145,ZONE_01,SUSPENSION_FAULT,REAR_BOGIE,3
22.8,RUN_059_SUSPENSION_FAULT,TRAIN001,0.10360514103291346,-0.4892925133265785,-1.0678830135006376,32.696497895772,29.537760632124115,25.977505464554774,139.95429549858176,5.004673320608756,0.2364106710410802,1.1831581780665072,0.8037767906173297,ZONE_01,SUSPENSION_FAULT,REAR_BOGIE,3
22.81,RUN_059_SUSPENSION_FAULT,TRAIN001,0.021687245855685395,-0.4918655979975651,0.252170961993311,32.46025820663229,29.68260147022758,25.95934296795884,139.66228066858338,4.974485612799153,0.2533849519336017,1.2604597978935068,0.41705611794133596,ZONE_01,SUSPENSION_FAULT,REAR_BOGIE,3
22.82,RUN_059_SUSPENSION_FAULT,TRAIN001,-0.014293600235104391,-1.3672608903078824,0.3078080709510807,32.504436053571155,29.683006433478113,25.910279813081356,141.75459078343425,5.024936444154552,0.23046019011771485,1.158047808249292,0.12609092505319408,ZONE_01,SUSPENSION_FAULT,REAR_BOGIE,3
22.830000000000002,RUN_059_SUSPENSION_FAULT,TRAIN001,0.06060503218243068,-0.11004955949208822,-0.8511975914396717,32.60436659503465,29.641291895886205,26.057659477427926,140.80036842335053,5.010497960993513,0.2479415884507305,1.242310823377878,0.434641764094288,ZONE_01,SUSPENSION_FAULT,REAR_BOGIE,3
22.84,RUN_059_SUSPENSION_FAULT,TRAIN001,0.08180710149870248,-0.7798748749280284,0.3095875876856239,32.504833973579245,29.69495377287614,25.93726627189644,139.17739793251104,4.982586787667688,0.21870396848005505,1.0897115037592127,0.9687689187265547,ZONE_01,SUSPENSION_FAULT,REAR_BOGIE,3
22.85,RUN_059_SUSPENSION_FAULT,TRAIN001,-0.015546860181174925,0.3274700355868895,1.6527153565096808,32.685809777276354,29.54733970327946,26.052886206097643,140.35873134483512,4.996162191425937,0.2328546118157391,1.163379407652959,0.7448123805375861,ZONE_01,SUSPENSION_FAULT,REAR_BOGIE,3
22.86,RUN_059_SUSPENSION_FAULT,TRAIN001,-0.07995516660769288,0.4265026086005134,1.965377059472961,32.72248700117133,29.55543191420152,26.069159439343952,141.47635806327088,4.961296958499608,0.21435855770874174,1.063496460388743,1.3523119196007618,ZONE_01,SUSPENSION_FAULT,REAR_BOGIE,3
22.87,RUN_059_SUSPENSION_FAULT,TRAIN001,-0.1797661158739818,0.1045279893906367,3.0158772690099243,32.77680515811169,29.60102298965839,26.013150053854535,140.47417896783767,5.022900637109549,0.23221303863749224,1.166383019717404,1.2601243708354377,ZONE_01,SUSPENSION_FAULT,REAR_BOGIE,3
22.88,RUN_059_SUSPENSION_FAULT,TRAIN001,0.17998754792653737,0.7181334918959823,1.765175414869462,32.818210233800734,29.461771668033887,25.960217589603065,138.22373406575403,5.003082433020856,0.21186147101090858,1.0599604038486339,1.3797614829107203,ZONE_01,SUSPENSION_FAULT,REAR_BOGIE,3
22.89,RUN_059_SUSPENSION_FAULT,TRAIN001,0.015050518221747479,0.9083467895823636,2.1518918735985872,32.75295468049638,29.508433327566813,26.001185209388474,140.1346328556062,4.973965506070424,0.23256829404578816,1.156786672389394,1.4493147213945214,ZONE_01,SUSPENSION_FAULT,REAR_BOGIE,3
22.900000000000002,RUN_059_SUSPENSION_FAULT,TRAIN001,-0.004522944704708056,0.6972978938809944,2.5616233542322986,32.715452051800085,29.64770775486443,26.030990671224213,139.97975550836776,4.974466494344593,0.24725793963159384,1.2299763361580418,1.7749640059000826,ZONE_01,SUSPENSION_FAULT,REAR_BOGIE,3
22.91,RUN_059_SUSPENSION_FAULT,TRAIN001,0.09861777118819894,0.9141243752089476,2.309105435081072,32.60265908046045,29.7620836203511,25.948737740101958,139.4231091883402,4.991400149516427,0.2136435319044798,1.066380357091238,1.535596883470882,ZONE_01,SUSPENSION_FAULT,REAR_BOGIE,3
22.92,RUN_059_SUSPENSION_FAULT,TRAIN001,0.1729244702800138,0.9666682657101303,1.9747466079658482,32.560976056625464,29.54975615671184,25.990148571303422,139.51886294322054,5.0215763639359245,0.19853255393241676,0.9969463802988582,1.430820750847465,ZONE_01,SUSPENSION_FAULT,REAR_BOGIE,3
22.93,RUN_059_SUSPENSION_FAULT,TRAIN001,-0.08687717285122998,0.8383378236198282,2.1573984684644927,32.777079283656775,29.373334913861328,25.990005547998347,141.6816898634212,4.962240268890931,0.2357106348388312,1.1696528040030938,1.8139574171191848,ZONE_01,SUSPENSION_FAULT,REAR_BOGIE,3
22.94,RUN_059_SUSPENSION_FAULT,TRAIN001,0.16218161341517545,1.1262890526468219,3.393146787312287,32.603572107917984,29.571835121253688,26.04017036986455,140.01649043739067,5.018902347378915,0.2007914979945652,1.007752920618652,1.3760182479389311,ZONE_01,SUSPENSION_FAULT,REAR_BOGIE,3
22.95,RUN_059_SUSPENSION_FAULT,TRAIN001,0.13238108359879894,1.3575628764382752,2.024240268750613,32.57962102267546,29.48483575610715,25.96204013495229,139.7910482135062,5.025168055503408,0.23141591037107717,1.162903840331977,1.5902049532974856,ZONE_01,SUSPENSION_FAULT,REAR_BOGIE,3
22.96,RUN_059_SUSPENSION_FAULT,TRAIN001,0.11358179218003164,1.250773122437131,1.2727766680641879,32.55271545402269,29.68457223784752,26.14181727760835,139.59005687288035,4.990251841261804,0.2369220321264765,1.1823006070546376,2.05763907245147,ZONE_01,SUSPENSION_FAULT,REAR_BOGIE,3
22.97,RUN_059_SUSPENSION_FAULT,TRAIN001,-0.025275148960338764,0.041979572791130404,2.1239335746512302,32.48137940926224,29.384887693827572,26.019568223895977,139.1134922273376,4.988398253347257,0.24185829560300715,1.2064854993435854,1.406841558416791,ZONE_01,SUSPENSION_FAULT,REAR_BOGIE,3
22.98,RUN_059_SUSPENSION_FAULT,TRAIN001,-0.0008795081095472131,0.14771638851752805,1.485237879166656,32.921602962385776,29.561162968402428,25.93593462447032,139.74677124925157,5.008442485626722,0.23560996308594542,1.1800389491565926,1.6357385527497228,ZONE_01,SUSPENSION_FAULT,REAR_BOGIE,3
22.990000000000002,RUN_059_SUSPENSION_FAULT,TRAIN001,0.0609552423631872,0.15425034540114452,1.4318329979217588,32.73102914307349,29.728785878566704,25.92601251464139,138.59892016143806,5.044517525491225,0.23540650310011196,1.1875122305031192,1.504401560531866,ZONE_01,SUSPENSION_FAULT,REAR_BOGIE,3
23.0,RUN_059_SUSPENSION_FAULT,TRAIN001,0.032062267087406594,-0.4567738370290255,0.10424678052349856,32.72388356093954,29.51652653680733,26.026370069129488,140.834578584473,5.001638305026138,0.23375719230143008,1.1691689270901937,0.7443464884135285,ZONE_01,SUSPENSION_FAULT,REAR_BOGIE,3
23.01,RUN_059_SUSPENSION_FAULT,TRAIN001,0.010262321241264657,0.15795521007774993,0.35480555045381584,32.53308810837529,29.72013561561141,25.990594846230973,140.05345742464496,4.9916389391893485,0.23001572216821142,1.1481554354006027,0.8823108731037742,ZONE_01,SUSPENSION_FAULT,REAR_BOGIE,3
23.02,RUN_059_SUSPENSION_FAULT,TRAIN001,0.09508609319845553,-1.0751015184135675,4.508242013591197,32.605900799427936,29.575973274981813,25.944300338965917,140.55327009154192,4.999332614452231,0.23262075710141544,1.1629485377756767,0.9939156607508801,ZONE_01,SUSPENSION_FAULT,REAR_BOGIE,3
23.03,RUN_059_SUSPENSION_FAULT,TRAIN001,0.0629314870093897,-1.532311207982,0.2635131944939445,32.55173776669589,29.7218820162806,26.07329462238582,140.527243847748,4.998265291386046,0.23885139502340097,1.1938426375446027,0.5555939738498388,ZONE_01,SUSPENSION_FAULT,REAR_BOGIE,3
23.04,RUN_059_SUSPENSION_FAULT,TRAIN001,-0.06011657102974907,-0.7566502733303779,1.2699057765449127,32.65517856974523,29.661683430859725,26.05076356565092,140.71338313395555,5.020268925087228,0.22164486852935034,1.1127168458829415,0.7629875309272169,ZONE_01,SUSPENSION_FAULT,REAR_BOGIE,3
23.05,RUN_059_SUSPENSION_FAULT,TRAIN001,-0.1407694933281594,-0.3281874942373836,-1.3195638456094008,32.75388991364278,29.846773456049288,26.109733632152533,140.98387667917893,5.007637734746004,0.23034914344321203,1.1535050628726486,0.6881383917929339,ZONE_01,SUSPENSION_FAULT,REAR_BOGIE,3
23.06,RUN_059_SUSPENSION_FAULT,TRAIN001,-0.0032938644082285127,-1.089180156785543,-1.4555936488243104,32.63869032414534,29.618088020186985,26.029875807580797,141.6187613378373,5.013826230132439,0.14921411996293565,0.7481336685762953,0.5645465764317479,ZONE_01,SUSPENSION_FAULT,REAR_BOGIE,3
23.07,RUN_059_SUSPENSION_FAULT,TRAIN001,0.001151147908878422,-1.3036610218200069,-0.3415453627273032,32.43232209114032,29.756134407326417,25.961133576050134,140.4099826766429,5.020775086336847,0.23284849231132548,1.1690799090878,0.8146155576003673,ZONE_01,SUSPENSION_FAULT,REAR_BOGIE,3
23.080000000000002,RUN_059_SUSPENSION_FAULT,TRAIN001,-0.10440195781274367,-1.9112901806778533,-0.28751239760976294,32.6942320657729,29.571301792309107,25.89624885913689,139.99956332014784,5.004250673181952,0.20877317700561826,1.0447533115727,0.5725645763317831,ZONE_01,SUSPENSION_FAULT,REAR_BOGIE,3
23.09,RUN_059_SUSPENSION_FAULT,TRAIN001,-0.08755360263910168,-0.33720162334231785,-0.27819802525778126,32.82409679712292,29.580059742060158,25.999476815758506,139.45141634679985,5.019817490805647,0.2614190365015775,1.3122758518601787,0.6212117540417608,ZONE_01,SUSPENSION_FAULT,REAR_BOGIE,3
23.1,RUN_059_SUSPENSION_FAULT,TRAIN001,-0.12932009075677783,-1.0885315077079156,0.49605898746074695,32.63774982198721,29.769619341473398,26.06220609347485,138.8954977611795,5.033349889031635,0.23788588272212316,1.1973628814015913,0.07113943761922836,ZONE_01,SUSPENSION_FAULT,REAR_BOGIE,3
23.11,RUN_059_SUSPENSION_FAULT,TRAIN001,-0.01912420225454477,-0.35813893256725177,-1.114154722872094,32.63169818313165,29.45052832147719,26.083310311513358,140.77414460293645,5.000896219966357,0.21728404310700883,1.0866149498328475,0.8499068834197312,ZONE_01,SUSPENSION_FAULT,REAR_BOGIE,3
23.12,RUN_059_SUSPENSION_FAULT,TRAIN001,-0.16337498724948196,0.07953385332868101,-0.35718589415648927,32.83678461922307,29.64095707919044,26.062266102534565,140.6526006667367,5.024586267666486,0.23971081094929975,1.2044476489070486,0.35590870252067086,ZONE_01,SUSPENSION_FAULT,REAR_BOGIE,3
23.13,RUN_059_SUSPENSION_FAULT,TRAIN001,0.08524254829140157,-0.1011728181003391,1.0888488169885362,32.63270061863016,29.790308409450947,26.064840371087257,139.2567297767705,5.024578768464899,0.2293438866815896,1.1523564236975348,1.1812131726479231,ZONE_01,SUSPENSION_FAULT,REAR_BOGIE,3
23.14,RUN_059_SUSPENSION_FAULT,TRAIN001,-0.02455513956753785,-0.5072331193154935,1.7459423781048211,32.76561925049245,29.760306690065,25.997676315650512,140.04752036205394,4.970627605840864,0.20803053637237354,1.0340423269504018,0.9863489408552053,ZONE_01,SUSPENSION_FAULT,REAR_BOGIE,3
23.150000000000002,RUN_059_SUSPENSION_FAULT,TRAIN001,0.01798649045647755,0.220060241057703,1.1755177581054428,32.519952513234244,29.46475208476386,26.030337598261266,140.02439326927387,5.0079703220383225,0.22264393894581,1.1149942386223286,1.1440171524239253,ZONE_01,SUSPENSION_FAULT,REAR_BOGIE,3
23.16,RUN_059_SUSPENSION_FAULT,TRAIN001,0.2074142191892268,0.1951227213510859,1.8677947463677875,32.64552641400012,29.395511440885922,25.995776881321873,139.00074705011346,5.012218258283909,0.21911301298664576,1.0982422443192652,1.0637960505716848,ZONE_01,SUSPENSION_FAULT,REAR_BOGIE,3
23.17,RUN_059_SUSPENSION_FAULT,TRAIN001,0.017658209041838714,1.0123836921607412,2.026669376966778,32.61827200716538,29.56281795050243,26.08069259441003,139.42559935596483,5.026995191485954,0.19138262148339538,0.962079517931005,1.0047549817181847,ZONE_01,SUSPENSION_FAULT,REAR_BOGIE,3
23.18,RUN_059_SUSPENSION_FAULT,TRAIN001,-0.14198803162338525,1.6550240500396822,1.9053122752131892,32.58069790456905,29.37207710366981,25.976385212204793,140.99547687893474,5.000669399486355,0.2175570233568183,1.0879307493437795,1.841887940970548,ZONE_01,SUSPENSION_FAULT,REAR_BOGIE,3
23.19,RUN_059_SUSPENSION_FAULT,TRAIN001,0.11099144419230905,1.7172024966736499,1.3686096069025226,32.5449946287496,29.46863699934622,26.06578372584639,140.8154154008546,5.003803893465248,0.200671621843367,1.0041214426878258,1.6877880315066793,ZONE_01,SUSPENSION_FAULT,REAR_BOGIE,3
23.2,RUN_059_SUSPENSION_FAULT,TRAIN001,-0.00573177618880685,1.098075046102338,2.3262145656209072,32.73966652700859,29.617546562107684,25.92536115053753,139.26120432568047,4.993421358878079,0.19240621087738438,0.9607652829759309,1.7266354683965681,ZONE_01,SUSPENSION_FAULT,REAR_BOGIE,3
23.21,RUN_059_SUSPENSION_FAULT,TRAIN001,-0.13604099255053956,0.8828292549738042,3.6738829114339033,32.55630846243243,29.57522180772604,25.9854107256878,138.50256994521897,4.995346991293921,0.24948483594909707,1.2462633246317796,1.76298392433268,ZONE_01,SUSPENSION_FAULT,REAR_BOGIE,3
23.22,RUN_059_SUSPENSION_FAULT,TRAIN001,-0.13018725643203474,1.3585838540593889,2.422435184362104,32.72085295382273,29.64151959046739,26.009104029053763,140.90036268622708,5.021496533604738,0.2335886247655518,1.1729644695497163,1.6122789620044895,ZONE_01,SUSPENSION_FAULT,REAR_BOGIE,3
23.23,RUN_059_SUSPENSION_FAULT,TRAIN001,-0.01660861157211354,0.3101235141613654,5.116710386588964,32.6869100253495,29.63434613435813,26.076034236098863,138.7224348277996,5.012240725350185,0.19454177362505268,0.9750902005453455,1.4315742941603407,ZONE_01,SUSPENSION_FAULT,REAR_BOGIE,3
23.240000000000002,RUN_059_SUSPENSION_FAULT,TRAIN001,-0.037916087049122416,0.19037710952168452,2.6169211761652624,32.72215711495655,29.57812181305702,25.991534879516475,139.2849233198836,4.976329835059434,0.24211764474559805,1.2048572591418405,1.7025438340650878,ZONE_01,SUSPENSION_FAULT,REAR_BOGIE,3
23.25,RUN_059_SUSPENSION_FAULT,TRAIN001,0.13872514185751963,0.08980378284273083,1.6092385924113641,32.543054273676354,29.617117316349614,25.94985998458682,141.01600243503324,5.012261883776848,0.24879087100124386,1.2470049997511774,1.1314845661695414,ZONE_01,SUSPENSION_FAULT,REAR_BOGIE,3
23.26,RUN_059_SUSPENSION_FAULT,TRAIN001,-0.07714776702796326,0.1204031295785497,1.568771015302969,32.746377952522806,29.77920895776548,26.02847641844253,140.96246774409065,5.006448426817797,0.238098127958576,1.1920259981464754,1.643452282765967,ZONE_01,SUSPENSION_FAULT,REAR_BOGIE,3
23.27,RUN_059_SUSPENSION_FAULT,TRAIN001,0.04896328848734727,0.17580765056734968,0.9051309739976712,32.586310933216474,29.52707376308697,25.978967692588935,140.09771866255437,5.014140756079389,0.2180882195357347,1.0935250299949166,1.363591701193289,ZONE_01,SUSPENSION_FAULT,REAR_BOGIE,3
23.28,RUN_059_SUSPENSION_FAULT,TRAIN001,0.03892543367443016,-0.010292341179278713,0.6163156932622172,32.77517755044927,29.670492193162897,25.975106272670676,139.85902111094595,5.010674314168134,0.19705273253440106,0.9873670654467668,0.6234664263775342,ZONE_01,SUSPENSION_FAULT,REAR_BOGIE,3
23.29,RUN_059_SUSPENSION_FAULT,TRAIN001,-0.0899044640658949,-0.16196214664475345,1.5109811161774451,32.68874004180841,29.533106963597596,25.998129338925803,140.08219620962421,5.015855108633047,0.2768826728577843,1.38880336914569,0.830575890353262,ZONE_01,SUSPENSION_FAULT,REAR_BOGIE,3
23.3,RUN_059_SUSPENSION_FAULT,TRAIN001,0.041808793062303194,-0.5747900340689819,-0.13403987551669239,32.554071552884146,29.614672646720816,26.08393880732736,140.0622303563795,5.01685171628847,0.2307645070849523,1.1577113134276058,0.7295651908724664,ZONE_01,SUSPENSION_FAULT,REAR_BOGIE,3
23.31,RUN_059_SUSPENSION_FAULT,TRAIN001,-0.015877074793949064,-0.8434112310938953,-0.4278284570848301,32.692222922806764,29.62304488119848,25.930570823539224,140.68556100811472,4.974200707113182,0.20989258679100134,1.0440478536336137,0.41532226659006305,ZONE_01,SUSPENSION_FAULT,REAR_BOGIE,3
23.32,RUN_059_SUSPENSION_FAULT,TRAIN001,-0.01623365631520984,-0.5885884568087475,-0.4133311793120627,32.605413691609286,29.630048105526907,26.032872019354443,141.02954356961385,5.015345634363368,0.23159820274309692,1.1615450350539933,0.620756335971783,ZONE_01,SUSPENSION_FAULT,REAR_BOGIE,3
23.330000000000002,RUN_059_SUSPENSION_FAULT,TRAIN001,0.000972908783672843,-0.5402224850919912,-0.5425264629580506,32.64302861886046,29.552643555886927,26.064495076376964,140.61119726568282,5.037939349833255,0.24051341672407886,1.2116920062770806,0.2563081780299693,ZONE_01,SUSPENSION_FAULT,REAR_BOGIE,3
23.34,RUN_059_SUSPENSION_FAULT,TRAIN001,0.09771073096784702,-0.434786758932196,-1.0300796360224251,32.76798640924702,29.58741272144016,25.995111976501086,139.1706436453513,4.964876102055291,0.23485109946215899,1.1660066112610832,1.1120761029777833,ZONE_01,SUSPENSION_FAULT,REAR_BOGIE,3
23.35,RUN_059_SUSPENSION_FAULT,TRAIN001,0.044743710853926484,-1.1766165378484228,-0.8475590056066158,32.880841768508986,29.621575452136554,25.947215305821434,140.3175530860934,4.9672323424657066,0.23722225293651691,1.1783380471388472,0.622827747709938,ZONE_01,SUSPENSION_FAULT,REAR_BOGIE,3
23.36,RUN_059_SUSPENSION_FAULT,TRAIN001,0.20123207121871253,-1.3666973478063593,-0.6915887271919837,32.60244445745423,29.63646017114576,25.991309081347072,140.33837230605434,4.992826995036161,0.20396206917047638,1.0183473249177872,1.0045929024749545,ZONE_01,SUSPENSION_FAULT,REAR_BOGIE,3
23.37,RUN_059_SUSPENSION_FAULT,TRAIN001,-0.010960991973997405,-0.7328142470525758,0.23824211407379114,32.831516293858144,29.6737068443876,25.97993293011042,140.87670515134343,5.0061104135183125,0.20063462331869045,1.0043990771080202,0.5489104200771207,ZONE_01,SUSPENSION_FAULT,REAR_BOGIE,3
23.38,RUN_059_SUSPENSION_FAULT,TRAIN001,-0.07186338993934417,-1.6481079559689689,-0.2917924017772263,32.61550877999793,29.620169499689652,26.064841514563945,138.04178094221305,5.0001734117707155,0.20307335439245494,1.015401987272245,0.13989747048369,ZONE_01,SUSPENSION_FAULT,REAR_BOGIE,3
23.39,RUN_059_SUSPENSION_FAULT,TRAIN001,0.0708279231024803,-0.6373792153723047,-0.8175074646056538,32.71969914127504,29.759535216446416,26.02314253041458,140.22048659498574,5.004520122053194,0.1997774976755946,0.9997905070509483,0.9557197898827324,ZONE_01,SUSPENSION_FAULT,REAR_BOGIE,3
23.400000000000002,RUN_059_SUSPENSION_FAULT,TRAIN001,-0.18873258806614168,-0.5342835977414423,-0.09220005591522865,32.6817861103912,29.741917013595206,25.96806220622502,141.266182228986,5.023546303724899,0.2540054192756409,1.276007985128239,0.39200053212664576,ZONE_01,SUSPENSION_FAULT,REAR_BOGIE,3
23.41,RUN_059_SUSPENSION_FAULT,TRAIN001,0.17795947408526938,-0.8816482461707311,0.02895727151209493,32.74666185513658,29.650477424652337,26.025572889977507,140.18426365039775,5.022055489014656,0.23900779353747198,1.2003104014521428,0.8435771446891045,ZONE_01,SUSPENSION_FAULT,REAR_BOGIE,3
23.42,RUN_059_SUSPENSION_FAULT,TRAIN001,0.22868466552586142,0.34086486209314826,0.7236478567604148,32.65849137867966,29.641158485255943,26.07531098273489,141.03807321738097,5.0142721689789465,0.19401677018404917,0.972852891049062,1.0334375553584096,ZONE_01,SUSPENSION_FAULT,REAR_BOGIE,3
23.43,RUN_059_SUSPENSION_FAULT,TRAIN001,0.15349496134826024,-0.6140547138792918,0.27916128190534817,32.744827764373376,29.641551291157104,25.959873342449185,140.4959448179775,4.9822888768492355,0.20656957680732635,1.029189304822596,0.6213935747582153,ZONE_01,SUSPENSION_FAULT,REAR_BOGIE,3
23.44,RUN_059_SUSPENSION_FAULT,TRAIN001,0.06765851183134043,0.3311290909632216,0.5749633736740727,32.73071837819743,29.634846728822442,25.98876273207104,139.92811244207985,5.034968812904852,0.2096917622825259,1.0557914834155757,1.023159799947411,ZONE_01,SUSPENSION_FAULT,REAR_BOGIE,3
23.45,RUN_059_SUSPENSION_FAULT,TRAIN001,-0.007830201243768858,-0.2648995208932247,2.278989902315052,32.600161917550096,29.675329250799653,25.972005731262065,141.25320736718814,5.0021503279765795,0.20287386724404693,1.0148055815726864,0.8759656497303986,ZONE_01,SUSPENSION_FAULT,REAR_BOGIE,3
23.46,RUN_059_SUSPENSION_FAULT,TRAIN001,0.07218491253435655,0.8707420101960347,2.5581261534905586,32.64015214380363,29.726651172121493,25.937770936271136,141.27651619298607,5.014681811415152,0.23494433600946243,1.1781710884816612,1.0420921564551338,ZONE_01,SUSPENSION_FAULT,REAR_BOGIE,3
23.47,RUN_059_SUSPENSION_FAULT,TRAIN001,-0.06269430246670159,0.9820099653807433,3.202441237660848,32.943953096833944,29.61153979569867,26.05929770162029,140.74844883042252,4.982131348735957,0.2258593980328578,1.1252611873461331,1.6702170048682734,ZONE_01,SUSPENSION_FAULT,REAR_BOGIE,3
23.48,RUN_059_SUSPENSION_FAULT,TRAIN001,0.053149681547427864,0.5710358912277698,2.6126206274089796,32.75335913604515,29.658344817197488,25.954814983666154,140.7273175568589,5.026914955023107,0.24180519464033554,1.215534149139776,1.8463284691208282,ZONE_01,SUSPENSION_FAULT,REAR_BOGIE,3
23.490000000000002,RUN_059_SUSPENSION_FAULT,TRAIN001,0.028224090394203045,1.1269856036236658,2.2316544313797264,32.699581824842745,29.61513522745851,25.95574039840845,139.35371911750406,4.983407555706384,0.25988359880632705,1.2951058898956167,1.7029296263513505,ZONE_01,SUSPENSION_FAULT,REAR_BOGIE,3
23.5,RUN_059_SUSPENSION_FAULT,TRAIN001,0.0739880157420986,1.1794467397739061,2.6142808712251973,32.61239905752834,29.748529297867307,25.981718464151598,139.45082989690778,4.997601197278498,0.23623130426592556,1.1805898490340507,1.610812913867607,ZONE_01,SUSPENSION_FAULT,REAR_BOGIE,3
23.51,RUN_059_SUSPENSION_FAULT,TRAIN001,-0.09506433730725589,0.8491936235821729,2.521491095003354,32.711784646937666,29.619772331518945,26.04825036782153,138.91845717347664,5.028427729886249,0.206585703501991,1.0388012800874704,1.9623796068677306,ZONE_01,SUSPENSION_FAULT,REAR_BOGIE,3
23.52,RUN_059_SUSPENSION_FAULT,TRAIN001,0.04884139613749758,0.7126034693383709,2.1213396319281426,32.7356927351092,29.701551897584334,25.990864066794828,139.36501330589755,4.9956834686948515,0.19545704559748436,0.9764415315312884,1.652595599578546,ZONE_01,SUSPENSION_FAULT,REAR_BOGIE,3
23.53,RUN_059_SUSPENSION_FAULT,TRAIN001,-0.0202706513124991,1.1476583214113982,1.633040711714564,32.70600713949173,29.69070294016679,25.953652704325947,140.3804596371392,4.963758833738697,0.20350345934694203,1.0101420940297674,1.091996206452694,ZONE_01,SUSPENSION_FAULT,REAR_BOGIE,3
23.54,RUN_059_SUSPENSION_FAULT,TRAIN001,-0.07756339236493565,0.6701198874010281,1.5418105604505938,32.91974259789619,29.7540554817625,25.99247075327273,139.15349233467037,4.987000895430898,0.23428777902327177,1.1683933637775727,1.06567319593612,ZONE_01,SUSPENSION_FAULT,REAR_BOGIE,3
23.55,RUN_059_SUSPENSION_FAULT,TRAIN001,-0.05839194227098592,0.42845109932913905,1.4690452189893568,32.887595765317904,29.51500720678282,25.99402940283432,139.76159749547625,5.009231762165815,0.23894146456617332,1.196913173603293,2.0548547501286203,ZONE_01,SUSPENSION_FAULT,REAR_BOGIE,3
23.56,RUN_059_SUSPENSION_FAULT,TRAIN001,0.022382551830954847,0.6056857699181911,1.5629396526967052,32.819444953274306,29.77257915661516,26.03224627404491,140.324651760922,4.990855949678483,0.210586730042792,1.051008034557405,1.1247159367322639,ZONE_01,SUSPENSION_FAULT,REAR_BOGIE,3
23.57,RUN_059_SUSPENSION_FAULT,TRAIN001,0.046556913290082665,-0.8593993061234295,1.2897066440636222,32.69709580080542,29.680492243531305,25.990226055963134,139.98702738597908,4.994795027661712,0.25276521594734147,1.26251044377962,0.7590126910123225,ZONE_01,SUSPENSION_FAULT,REAR_BOGIE,3
23.580000000000002,RUN_059_SUSPENSION_FAULT,TRAIN001,-0.3019020915869065,-0.4279643707595639,1.0465688377164306,32.896552137165756,29.73307966196904,26.00689593939953,140.95607572946494,4.987081262770331,0.1815674873098607,0.9054918138912961,0.8212050638605564,ZONE_01,SUSPENSION_FAULT,REAR_BOGIE,3
23.59,RUN_059_SUSPENSION_FAULT,TRAIN001,-0.05366638728890382,0.07921687637338054,-0.047940438724587364,32.76939940214933,29.6502963161415,26.07848899648691,140.86138576716223,4.986572335693539,0.2129853496961912,1.0620668527030415,0.2578758291073624,ZONE_01,SUSPENSION_FAULT,REAR_BOGIE,3
23.6,RUN_059_SUSPENSION_FAULT,TRAIN001,0.15296462491242985,-0.38140913251978315,-1.3284019031829062,32.87169406790105,29.69996026052591,26.016132681345965,140.98398315810115,5.030754613920022,0.2696431629107731,1.35650858592536,1.3820636183201211,ZONE_01,SUSPENSION_FAULT,REAR_BOGIE,3
23.61,RUN_059_SUSPENSION_FAULT,TRAIN001,0.1835593914649938,-0.7237373442508136,-0.8088514363169077,32.59675528097162,29.716570911116914,25.943490087720743,138.78779433581224,4.984393518035659,0.2205965835834653,1.0995401813142358,1.0384392547474353,ZONE_01,SUSPENSION_FAULT,REAR_BOGIE,3
23.62,RUN_059_SUSPENSION_FAULT,TRAIN001,0.046465547904698506,-1.062977438069009,-0.9384472442471694,32.780359815327,29.804907832982018,25.91748264076793,141.936096103249,4.961179105084541,0.23489211040338975,1.1653418300825082,0.5466854203018835,ZONE_01,SUSPENSION_FAULT,REAR_BOGIE,3
23.63,RUN_059_SUSPENSION_FAULT,TRAIN001,-0.013678978482724811,-0.6756802841424356,0.044736854103684776,32.75452488736951,29.705644659698613,25.991580247099385,139.74798240703203,5.016807458741593,0.2387955636299665,1.1979913647332188,0.5612634039480953,ZONE_01,SUSPENSION_FAULT,REAR_BOGIE,3
23.64,RUN_059_SUSPENSION_FAULT,TRAIN001,-0.06217188069456963,-1.2521531241329433,-1.5107158048565317,32.529012119374535,29.75483689238785,25.97828460826491,141.29373136421293,4.997361752962123,0.22728832512944033,1.1358419828966848,0.4037504727394102,ZONE_01,SUSPENSION_FAULT,REAR_BOGIE,3
23.650000000000002,RUN_059_SUSPENSION_FAULT,TRAIN001,0.17817516433672553,-1.3240385532491445,-0.31316918576627883,32.71012129787434,29.777095022803373,25.928864490479146,140.25805059647803,4.992400802044805,0.26342191097299195,1.31510775961774,0.9062691581159684,ZONE_01,SUSPENSION_FAULT,REAR_BOGIE,3
23.66,RUN_059_SUSPENSION_FAULT,TRAIN001,-0.002528047235923116,-1.4810818177317795,-0.6905665011922975,32.77257872588132,29.71029919823989,26.005942527914303,140.04405394804672,4.991611813178601,0.21718875451475886,1.0841219527254176,0.38966304525870255,ZONE_01,SUSPENSION_FAULT,REAR_BOGIE,3
23.67,RUN_059_SUSPENSION_FAULT,TRAIN001,0.07943069958284173,-0.8622501657300379,-1.7206364040020892,32.757985786105046,29.569488080586986,26.163771387832945,139.26558631648155,4.996009644414177,0.22928811007387093,1.1455256092785586,0.7462818042679522,ZONE_01,SUSPENSION_FAULT,REAR_BOGIE,3
23.68,RUN_059_SUSPENSION_FAULT,TRAIN001,-0.1378704149321942,-0.9805349767213911,-0.36264371500068937,32.7493813633648,29.655910211686216,25.951042510849494,138.74605477767454,5.0205502937866555,0.2469915282236663,1.2400333895861428,0.7437821032129286,ZONE_01,SUSPENSION_FAULT,REAR_BOGIE,3
23.69,RUN_059_SUSPENSION_FAULT,TRAIN001,-0.06631848626116571,-0.8710433482062467,0.29585221643197174,32.539224317794556,29.621471844493247,25.97855401930955,139.09996310774204,5.0022064032825035,0.23649435479011682,1.1829935758712866,0.7860824008219444,ZONE_01,SUSPENSION_FAULT,REAR_BOGIE,3
23.7,RUN_059_SUSPENSION_FAULT,TRAIN001,0.1557355823809765,-0.31057845405308027,1.449959019797661,32.755537496127864,29.51586902292803,26.000009431040294,139.46762223327696,4.994259477849309,0.22058794164643225,1.1016734182669645,0.8842902125687707,ZONE_01,SUSPENSION_FAULT,REAR_BOGIE,3
23.71,RUN_059_SUSPENSION_FAULT,TRAIN001,0.07866344991822483,-0.21256410386833943,1.342214242812434,32.88803674933815,29.7471105046782,26.00538592504669,140.3372346217108,4.965218858393244,0.21668346261530963,1.0758808148794827,0.8086832028539163,ZONE_01,SUSPENSION_FAULT,REAR_BOGIE,3
23.72,RUN_059_SUSPENSION_FAULT,TRAIN001,0.02188131072302373,0.1466390797046557,1.242492465486008,32.70177436387435,29.658919296257682,25.96014418697306,138.98835004604697,4.992442100861801,0.24087170644968703,1.2025380481858425,1.310110530028766,ZONE_01,SUSPENSION_FAULT,REAR_BOGIE,3
23.73,RUN_059_SUSPENSION_FAULT,TRAIN001,-0.15047068331316057,1.6321888627502534,1.4808414188318095,32.858644720173345,29.582035459184358,26.016073028972276,140.2458731482682,4.995337754244979,0.25190683477246495,1.258359722291246,1.5319480956617637,ZONE_01,SUSPENSION_FAULT,REAR_BOGIE,3
23.740000000000002,RUN_059_SUSPENSION_FAULT,TRAIN001,0.0481501863280193,0.6773046125997018,2.905570025872501,32.76592851902939,29.66172595131888,26.03180863304727,141.11099066530124,5.000595143483242,0.2092925727583018,1.046587422902277,1.5152560333475713,ZONE_01,SUSPENSION_FAULT,REAR_BOGIE,3
23.75,RUN_059_SUSPENSION_FAULT,TRAIN001,0.05506919075895736,1.0226702746724805,1.7648975757046768,32.81321847541844,29.78840460190963,25.966421796261972,141.85360873361236,5.00986898392325,0.25105204164162087,1.2577378367709646,1.6939528701204005,ZONE_01,SUSPENSION_FAULT,REAR_BOGIE,3
23.76,RUN_059_SUSPENSION_FAULT,TRAIN001,0.11365312725886126,0.907573755805937,1.9675204713325007,32.79775067393203,29.73502260635712,25.936042597128456,139.7187840574288,4.9849747106402065,0.2495701932506192,1.2441011018839259,1.8513546849040057,ZONE_01,SUSPENSION_FAULT,REAR_BOGIE,3
23.77,RUN_059_SUSPENSION_FAULT,TRAIN001,-0.12377343605890755,0.5427480422429392,2.92675421675756,32.80149019826464,29.70455585162715,25.995570610586388,139.46971043202728,5.010821699271418,0.21423144283041223,1.0734755624008538,1.6172963134564258,ZONE_01,SUSPENSION_FAULT,REAR_BOGIE,3
23.78,RUN_059_SUSPENSION_FAULT,TRAIN001,-0.10772588758083212,0.548909114784835,1.5785154631818687,32.728693252739525,29.7823223972114,25.91478330537442,141.31588616281073,5.003224403128092,0.193008951528359,0.9656670963088528,1.8348731542006151,ZONE_01,SUSPENSION_FAULT,REAR_BOGIE,3
23.79,RUN_059_SUSPENSION_FAULT,TRAIN001,0.00839882182640416,0.887127715694167,1.0889428288122869,32.670349756864304,29.506951054115127,25.982166392087105,141.74731006118984,5.00951410706268,0.22273055698847627,1.1157718673077,1.6538243711408276,ZONE_01,SUSPENSION_FAULT,REAR_BOGIE,3
23.8,RUN_059_SUSPENSION_FAULT,TRAIN001,0.0014765259765593553,1.1856757107558078,1.8855616320695097,32.81503706136016,29.77995178123956,26.080919678286723,140.83485965712208,5.020909146345214,0.1749212709505385,0.8782638092058881,2.1834618463981514,ZONE_01,SUSPENSION_FAULT,REAR_BOGIE,3
23.81,RUN_059_SUSPENSION_FAULT,TRAIN001,-0.028995817290722384,0.4656870137424097,1.2746672750013541,32.86100539417444,29.65966237613982,26.02708477205961,140.62254464106448,5.01495497804339,0.2807851320654897,1.4081247958123984,1.7087102332979136,ZONE_01,SUSPENSION_FAULT,REAR_BOGIE,3
23.82,RUN_059_SUSPENSION_FAULT,TRAIN001,-0.05347870785969491,1.230034715720618,2.672772611029795,32.86100710193237,29.815586373362997,25.95142416877439,140.7391543886824,5.006988272793099,0.18806974126428513,0.941662988977508,1.6362788465960398,ZONE_01,SUSPENSION_FAULT,REAR_BOGIE,3
23.830000000000002,RUN_059_SUSPENSION_FAULT,TRAIN001,-0.09611944699657582,0.8368221596718689,1.4848134577123906,32.74458405898201,29.59278595054387,25.997165771102257,140.01286776579485,4.999085535937781,0.2415069163475586,1.207313732342016,1.3416862295570455,ZONE_01,SUSPENSION_FAULT,REAR_BOGIE,3
23.84,RUN_059_SUSPENSION_FAULT,TRAIN001,-0.0020950345486196323,-0.24391734535944776,2.485315744940729,32.821855916194615,29.651018326645573,26.088631862484753,139.42553918480283,4.971440328863244,0.23904996719597219,1.1884226475314916,1.089024720591388,ZONE_01,SUSPENSION_FAULT,REAR_BOGIE,3
23.85,RUN_059_SUSPENSION_FAULT,TRAIN001,-0.11181080962866392,0.0383781594236427,0.8767512522293881,32.729713340229566,29.581282012287257,26.099759005379898,140.08728372968548,5.022910285908209,0.22987640448218982,1.154648556561187,0.9879751002293632,ZONE_01,SUSPENSION_FAULT,REAR_BOGIE,3
23.86,RUN_059_SUSPENSION_FAULT,TRAIN001,-0.03917490334860594,0.21267220448943153,2.268045062401306,32.706807752608334,29.790972951298656,26.02210373271935,139.84905649062014,4.991815775622688,0.22163967700070158,1.1063844361560191,0.4537445569607439,ZONE_01,SUSPENSION_FAULT,REAR_BOGIE,3
23.87,RUN_059_SUSPENSION_FAULT,TRAIN001,0.056858014355902035,-0.37484758389570233,1.2871272379081118,32.949727866467114,29.638910553903102,25.985460734332108,140.09999344973764,4.999194375263685,0.17823433860009147,0.8910281030084204,0.9997967873095646,ZONE_01,SUSPENSION_FAULT,REAR_BOGIE,3
23.88,RUN_059_SUSPENSION_FAULT,TRAIN001,-0.0841479159415194,-0.8272729369672374,1.1717355094838688,32.690257519916166,29.837116947725583,25.92909381717915,140.88286711998308,4.997803367873792,0.21725058074589784,1.0857756841243855,0.3492225936892208,ZONE_01,SUSPENSION_FAULT,REAR_BOGIE,3
23.89,RUN_059_SUSPENSION_FAULT,TRAIN001,-0.025760082826954675,0.08275437625906135,0.7713561427503539,32.672043709747385,29.52070507768062,26.038179220425523,140.4220503900216,5.003727198261522,0.22726577316067303,1.1371759303979931,0.5872719022786922,ZONE_01,SUSPENSION_FAULT,REAR_BOGIE,3
23.900000000000002,RUN_059_SUSPENSION_FAULT,TRAIN001,0.20269525518244502,-1.3418310487791014,0.1565173821699169,32.63769613126733,29.68884848587299,25.991813349637454,139.7729385538076,4.993755798331208,0.24584134274303893,1.2276716307925806,0.5595244319889,ZONE_01,SUSPENSION_FAULT,REAR_BOGIE,3
23.91,RUN_059_SUSPENSION_FAULT,TRAIN001,-0.1208937653356411,-0.27333740656795424,-1.2405251883254893,32.68401772797736,29.72480809360746,26.025122130200387,140.93861585073086,5.015965887238689,0.23275946680500617,1.167513545425777,0.95808370805669,ZONE_01,SUSPENSION_FAULT,REAR_BOGIE,3
23.92,RUN_059_SUSPENSION_FAULT,TRAIN001,-0.05307512125774353,-1.8150461551955672,-0.5939362581140304,32.93739492640831,29.53205588830501,25.95107230779614,140.79140070894093,4.995307730601617,0.2806202793375172,1.401784650738285,1.0221290147361484,ZONE_01,SUSPENSION_FAULT,REAR_BOGIE,3
23.93,RUN_059_SUSPENSION_FAULT,TRAIN001,0.015906583731909184,-0.7143848977572098,-0.7075170299032728,32.90485049482318,29.467218571572868,25.949361165483197,140.07778060904454,4.986113178837336,0.21358284630190116,1.0649482447194984,0.4099888009761862,ZONE_01,SUSPENSION_FAULT,REAR_BOGIE,3
23.94,RUN_059_SUSPENSION_FAULT,TRAIN001,0.12922893262461815,-1.5337540685937703,-1.2907402431341457,32.68174100883911,29.76969124786023,26.03658166975062,139.44239896946195,4.981578377148516,0.23076470128138368,1.1495724461124774,0.6992883904506277,ZONE_01,SUSPENSION_FAULT,REAR_BOGIE,3
23.95,RUN_059_SUSPENSION_FAULT,TRAIN001,0.07570034791016801,-1.259177615114716,-0.262700207064402,32.78539357522059,29.603769362003924,26.08100166911862,138.31747085536554,4.97067203718255,0.20521096421032772,1.020036401523545,0.5676921498483615,ZONE_01,SUSPENSION_FAULT,REAR_BOGIE,3
23.96,RUN_059_SUSPENSION_FAULT,TRAIN001,0.1270171153717444,-0.7465702921965965,-0.16534017647936564,32.82850377653585,29.74005410582151,26.101839017646686,140.4610774316344,5.002783817893966,0.23442977740557253,1.1728014968370828,0.7110929126481284,ZONE_01,SUSPENSION_FAULT,REAR_BOGIE,3
23.97,RUN_059_SUSPENSION_FAULT,TRAIN001,0.08148844671578787,-0.12080216707991809,3.9197205611133747,32.681648583805824,29.460044379403797,26.048736507182742,140.84461688547353,5.018152091605673,0.19808732056375492,0.9940323020075702,1.2258113702167277,ZONE_01,SUSPENSION_FAULT,REAR_BOGIE,3
23.98,RUN_059_SUSPENSION_FAULT,TRAIN001,-0.06786095930868788,-0.510375298217413,-0.11528009028459463,32.770853975524986,29.683726941153097,26.02370136084785,138.65823599628092,5.017137007003326,0.22239243916182225,1.1157733365965141,0.647525619394848,ZONE_01,SUSPENSION_FAULT,REAR_BOGIE,3
23.990000000000002,RUN_059_SUSPENSION_FAULT,TRAIN001,-0.0529284800458429,-0.2635825873474259,-0.24908819636362245,32.715921796537394,29.633505398998256,26.10296323213495,140.54331362266385,5.048060384763784,0.22179236441319608,1.119621248437348,0.9204387668202865,ZONE_01,SUSPENSION_FAULT,REAR_BOGIE,3
24.0,RUN_059_SUSPENSION_FAULT,TRAIN001,-0.006738265201465196,0.4190734354894461,1.127813270099709,32.76283323554013,29.71589794285213,25.939196977881657,140.7869086887906,4.983736813301858,0.21138817468038004,1.0535030280512938,1.1829832936562257,ZONE_01,SUSPENSION_FAULT,REAR_BOGIE,3
24.01,RUN_059_SUSPENSION_FAULT,TRAIN001,0.020881919736630887,-0.011700681942353297,1.2859920895618557,32.9231684461464,29.578967079702885,25.985448688903904,139.29772676561342,4.992522388827154,0.21885304876537678,1.0926287458242245,1.2820296774133337,ZONE_01,SUSPENSION_FAULT,REAR_BOGIE,3
24.02,RUN_059_SUSPENSION_FAULT,TRAIN001,0.11131667802469339,0.5581561916659751,2.2290523006169765,32.78662909334548,29.72351318024733,25.923640080129847,139.9528788894912,5.001554033677761,0.2082133166995118,1.0413901540038681,0.9872994299900908,ZONE_01,SUSPENSION_FAULT,REAR_BOGIE,3
24.03,RUN_059_SUSPENSION_FAULT,TRAIN001,-0.03934256264997624,1.488611362916675,2.4139314784266617,32.91551737239955,29.651380641485748,26.046842808910004,141.6158634821165,4.988616134821677,0.22586945957741422,1.1267760304113412,1.084454253842573,ZONE_01,SUSPENSION_FAULT,REAR_BOGIE,3
24.04,RUN_059_SUSPENSION_FAULT,TRAIN001,0.03377876295499279,0.6948576392466403,2.228158367562593,32.796860682462224,29.6781636559308,26.009388528940352,140.03878623143353,5.010949919625129,0.22742946042760712,1.1396376364501044,2.0566600885182753,ZONE_01,SUSPENSION_FAULT,REAR_BOGIE,3
24.05,RUN_059_SUSPENSION_FAULT,TRAIN001,0.0839901366087023,0.5670166688979832,2.132745089837501,32.66119847234598,29.85234828471663,26.01166299759834,140.9193217921666,4.989641536650381,0.21342995364985431,1.0649389618966787,1.2087686234494832,ZONE_01,SUSPENSION_FAULT,REAR_BOGIE,3
24.060000000000002,RUN_059_SUSPENSION_FAULT,TRAIN001,-0.15835637098313302,1.4787893348372232,2.7413995548674315,32.74366424752251,29.553979944691342,26.004636323373138,139.27757889338525,4.988664727835581,0.20455838716441443,1.020473210830049,2.004570760552856,ZONE_01,SUSPENSION_FAULT,REAR_BOGIE,3
24.07,RUN_059_SUSPENSION_FAULT,TRAIN001,0.030153712128602846,0.7093152063352178,2.93308575618254,32.69352690159234,29.63068742055367,26.025012572384572,140.01426453572554,4.930084881774146,0.2617668383809651,1.2905327324518123,1.9350640987790249,ZONE_01,SUSPENSION_FAULT,REAR_BOGIE,3
24.080000000000002,RUN_059_SUSPENSION_FAULT,TRAIN001,0.006784187505664528,1.3983851506340352,1.9597371444775142,32.68635021464121,29.93560192598129,26.043855106663457,139.68324789491027,5.008236122796497,0.24693768867983318,1.236722252526216,1.4624526409405663,ZONE_01,SUSPENSION_FAULT,REAR_BOGIE,3
24.09,RUN_059_SUSPENSION_FAULT,TRAIN001,-0.03782231032057304,1.295771396880044,1.5858034443585818,32.80037622568462,29.669282500441366,25.959328561683083,140.00610526747695,4.999564146142321,0.2674498063013932,1.337132462477154,1.825567589532473,ZONE_01,SUSPENSION_FAULT,REAR_BOGIE,3
24.1,RUN_059_SUSPENSION_FAULT,TRAIN001,-0.05023677232728307,0.7053311211147958,2.0357705174171628,32.64339969672046,29.70490287657069,26.008348749015134,140.2764734936283,5.005046058824794,0.21094240165169148,1.0557764360258353,1.6658502840381892,ZONE_01,SUSPENSION_FAULT,REAR_BOGIE,3
24.11,RUN_059_SUSPENSION_FAULT,TRAIN001,-0.21817821353418881,0.09090690141187308,2.5541142751422776,32.6478723300219,29.665963808293547,26.04785086309687,140.4528479526071,4.970252419743567,0.19761556010752346,0.9821992158033989,1.8041126475102622,ZONE_01,SUSPENSION_FAULT,REAR_BOGIE,3
24.12,RUN_059_SUSPENSION_FAULT,TRAIN001,-0.14765907519168503,0.49420024069379587,2.2951460634895726,32.813392975787686,29.573841632651295,26.093289178181838,138.99086964099396,5.000926591566489,0.20524420271560215,1.0264111911253178,2.1465646919696573,ZONE_01,SUSPENSION_FAULT,REAR_BOGIE,3
24.13,RUN_059_SUSPENSION_FAULT,TRAIN001,-0.006676561624652116,-0.5106112273845695,1.149744587762272,32.82931868220294,29.677751110525772,25.970488027334145,139.2492269966688,4.979534155042907,0.22508622731379302,1.120824556738784,1.4608560664864758,ZONE_01,SUSPENSION_FAULT,REAR_BOGIE,3
24.14,RUN_059_SUSPENSION_FAULT,TRAIN001,-0.07138232522431641,0.369305778889354,0.5592553212970672,32.70687871930633,29.57349361223786,25.96448187108607,140.73308371817967,5.014522488629644,0.22381969473084848,1.1223488926260614,0.891020752778329,ZONE_01,SUSPENSION_FAULT,REAR_BOGIE,3
24.150000000000002,RUN_059_SUSPENSION_FAULT,TRAIN001,0.0996667871994537,-0.7723994510717247,0.5306028411026534,32.67407400865429,29.428596000973485,25.981967571514197,140.37779885435717,4.958142824298629,0.27288771886089,1.3530162851093435,1.1893817223757517,ZONE_01,SUSPENSION_FAULT,REAR_BOGIE,3
24.16,RUN_059_SUSPENSION_FAULT,TRAIN001,-0.09308184397422048,-0.050318342603831445,0.869043420273407,32.835549316266984,29.67772751821371,26.05309918549814,138.5476413059818,4.997051981283211,0.2354334447419224,1.1764731615079547,0.7405180487637832,ZONE_01,SUSPENSION_FAULT,REAR_BOGIE,3
24.17,RUN_059_SUSPENSION_FAULT,TRAIN001,-0.08453267247141155,-0.48929158686737284,-1.0841189218523204,32.67109658567355,29.583399417613176,26.013502072133516,139.2556935854866,4.9915351217585755,0.18798448857896372,0.9383311770877212,0.5802016082017492,ZONE_01,SUSPENSION_FAULT,REAR_BOGIE,3
24.18,RUN_059_SUSPENSION_FAULT,TRAIN001,0.08902977201970298,-0.2088542185222163,-0.6693959409684908,32.771797843936966,29.760091369257555,26.106226152458287,140.15461354516873,4.974703827754116,0.18771230897088026,0.9338131419540012,0.5715154524486169,ZONE_01,SUSPENSION_FAULT,REAR_BOGIE,3
24.19,RUN_059_SUSPENSION_FAULT,TRAIN001,-0.008562076921808616,-1.217451998625273,-0.5094883968901789,32.89552714907776,29.595638196071608,26.002129168642995,140.52170308073804,5.019903674988058,0.21089085560763318,1.0586517810861336,0.7047614176873713,ZONE_01,SUSPENSION_FAULT,REAR_BOGIE,3
24.2,RUN_059_SUSPENSION_FAULT,TRAIN001,0.0836198792234398,-0.550984908733509,-0.16697348234749038,32.697656091947685,29.64614051870536,25.969693633373268,140.88256210949302,4.992064992809947,0.2307101012233357,1.1517198198046537,0.1608211828677707,ZONE_01,SUSPENSION_FAULT,REAR_BOGIE,3
24.21,RUN_059_SUSPENSION_FAULT,TRAIN001,-0.07345522224061576,-0.8568141982379859,-1.4488883555778167,32.877869737153986,29.599621070742632,26.04875169379952,139.2749171026348,5.02544723690108,0.21215644597884858,1.0661810252351578,0.3094633919858061,ZONE_01,SUSPENSION_FAULT,REAR_BOGIE,3
24.22,RUN_059_SUSPENSION_FAULT,TRAIN001,-0.10050466070182867,-1.297848157146378,-0.9755402916148761,32.97267189981457,29.703165128146296,25.94736917959913,140.17966626653066,5.032920345086449,0.21870704642811054,1.100735143581804,0.37038632852031617,ZONE_01,SUSPENSION_FAULT,REAR_BOGIE,3
24.23,RUN_059_SUSPENSION_FAULT,TRAIN001,0.11622783861751676,-1.2201027441231362,3.7035392401686105,32.875551567297606,29.73665383076017,26.050646651294397,141.13388233341493,4.980978211113076,0.220201191723987,1.0968173380383122,0.4992855226129949,ZONE_01,SUSPENSION_FAULT,REAR_BOGIE,3
24.240000000000002,RUN_059_SUSPENSION_FAULT,TRAIN001,0.07368673245068898,-0.6514052706650799,0.16668522473920228,32.929126019599614,29.630364709812643,26.004854732103954,140.05837575624471,4.998648404852665,0.28322086291459914,1.4157215146290565,0.11063713812687043,ZONE_01,SUSPENSION_FAULT,REAR_BOGIE,3
24.25,RUN_059_SUSPENSION_FAULT,TRAIN001,-0.11665362567122006,-0.3717635265998429,-0.9751110291207885,32.65089653181916,29.632550310287257,25.95497643087451,138.3117329420525,5.021750443492494,0.24342445544035893,1.2224168670645414,0.36025980162307886,ZONE_01,SUSPENSION_FAULT,REAR_BOGIE,3
24.26,RUN_059_SUSPENSION_FAULT,TRAIN001,-0.0851111411731599,-0.32371382590087583,0.36585011029317427,32.776283183144024,29.730461599363686,26.014797319304165,139.97695993230272,5.025406353159342,0.2261280913398645,1.136385546847151,0.45505397406028936,ZONE_01,SUSPENSION_FAULT,REAR_BOGIE,3
24.27,RUN_059_SUSPENSION_FAULT,TRAIN001,0.2184635552312153,-0.21346611594120057,0.6469686067529757,32.80534403596623,29.716777650508533,25.943265692597418,141.3337553561656,5.00087508183537,0.2156772364664534,1.0785749175642017,0.2438447665725737,ZONE_01,SUSPENSION_FAULT,REAR_BOGIE,3
24.28,RUN_059_SUSPENSION_FAULT,TRAIN001,0.02173084650403371,-0.7496266919305251,0.7856511261078677,32.70210454272797,29.674014617373054,26.05769016926536,140.23669289344744,5.014325658105294,0.22632265701336574,1.134855506072684,1.292633432679965,ZONE_01,SUSPENSION_FAULT,REAR_BOGIE,3
24.29,RUN_059_SUSPENSION_FAULT,TRAIN001,0.24106417867652996,1.0744261901686327,0.798566531847982,32.6053466475596,29.82396555040298,26.027195826926377,140.6158963309466,4.966698649066578,0.20909444014424777,1.038509073391768,1.0977690184715507,ZONE_01,SUSPENSION_FAULT,REAR_BOGIE,3
24.3,RUN_059_SUSPENSION_FAULT,TRAIN001,0.015337762831635052,0.7795011240373462,1.5801464039485507,32.684338923809335,29.63527274507439,25.97152318709134,140.06679802637876,5.0117745901258735,0.23115005882035095,1.158471991301936,1.8548476543559982,ZONE_01,SUSPENSION_FAULT,REAR_BOGIE,3
24.310000000000002,RUN_059_SUSPENSION_FAULT,TRAIN001,0.0002964334866914433,1.392309773195969,1.7379906822131983,32.73603763299924,29.791998449869098,25.926609933696593,140.8036936992172,4.981375078855448,0.23129799020698494,1.1521820442064263,1.8420300186968026,ZONE_01,SUSPENSION_FAULT,REAR_BOGIE,3
24.32,RUN_059_SUSPENSION_FAULT,TRAIN001,0.050528820886765184,0.8662346780467153,2.83062685739295,32.78493519940792,29.90783563368729,25.977436531671074,139.63456935338232,5.020959424966428,0.27263020074034866,1.3688651759377428,1.2329267354723834,ZONE_01,SUSPENSION_FAULT,REAR_BOGIE,3
24.330000000000002,RUN_059_SUSPENSION_FAULT,TRAIN001,0.13881821129607827,0.7958253369040251,2.3639557762981918,32.69461730619625,29.78952983392599,25.996659311979894,138.3483540616252,4.965567090564426,0.21580389918871346,1.0715887398269586,1.8785127800044732,ZONE_01,SUSPENSION_FAULT,REAR_BOGIE,3
24.34,RUN_059_SUSPENSION_FAULT,TRAIN001,0.0036791023742864283,1.8351505778157229,2.1557437667289623,32.67600421715751,29.74439132367733,25.97551245808335,139.95500443762887,4.995322920401339,0.2414267165637915,1.2060044108483452,1.505248100504333,ZONE_01,SUSPENSION_FAULT,REAR_BOGIE,3
24.35,RUN_059_SUSPENSION_FAULT,TRAIN001,-0.019240062442688888,0.42818700881920235,2.9520921644938585,32.68029656356302,29.69717065319216,26.0505935749847,138.73335032405566,4.989890165861616,0.18706951020340218,0.9334563092965058,1.5919535427682836,ZONE_01,SUSPENSION_FAULT,REAR_BOGIE,3
24.36,RUN_059_SUSPENSION_FAULT,TRAIN001,-0.022054234406992702,1.527573887872329,2.811793112256024,32.86386583379439,29.79636270494896,26.008959156235303,141.08022781181685,5.00636199186556,0.26414323431382203,1.3223966486771574,1.9161583969947917,ZONE_01,SUSPENSION_FAULT,REAR_BOGIE,3
24.37,RUN_059_SUSPENSION_FAULT,TRAIN001,-0.030273603827858982,0.8820429167676745,2.4400463431083086,32.98625867405262,29.66438516014548,26.09590001087803,138.39063647511836,4.9887345042764,0.22370009468569654,1.115980380968432,1.9632874870990102,ZONE_01,SUSPENSION_FAULT,REAR_BOGIE,3
24.38,RUN_059_SUSPENSION_FAULT,TRAIN001,0.04113822147252894,0.5751417632469387,1.68108623399646,32.672658045749344,29.802153215483408,26.058642333734507,140.52170838638037,5.001506387369816,0.21402084999102178,1.0704266482604128,1.5938952958869215,ZONE_01,SUSPENSION_FAULT,REAR_BOGIE,3
24.39,RUN_059_SUSPENSION_FAULT,TRAIN001,0.14667794000118292,0.6270558993126334,1.5644965450841235,32.7836898492664,29.70895275812547,25.97467201310664,140.35702405916217,5.000159971662364,0.2138917246713283,1.069492839971403,1.6371913942078622,ZONE_01,SUSPENSION_FAULT,REAR_BOGIE,3
24.400000000000002,RUN_059_SUSPENSION_FAULT,TRAIN001,0.05615476350728182,0.3008516015304786,2.6385998371576056,32.733663188024714,29.75933413099286,26.0096660021754,141.77811791020807,4.990865138651989,0.248035445894251,1.237911460063619,1.1613031941271283,ZONE_01,SUSPENSION_FAULT,REAR_BOGIE,3
24.41,RUN_059_SUSPENSION_FAULT,TRAIN001,-0.05471602932167401,0.7567155314840232,2.4613948905235725,32.60607434572892,29.91711544391737,26.0288255656958,139.74601109039475,5.016828309995678,0.18135654413006555,0.9098346447946934,1.221729801196893,ZONE_01,SUSPENSION_FAULT,REAR_BOGIE,3
24.42,RUN_059_SUSPENSION_FAULT,TRAIN001,-0.02210955365315813,-0.5140277292035247,0.27286773334285597,32.79904085106182,29.563496265470977,25.97147305282079,139.5900308996548,5.025084612877907,0.2597074197196508,1.3050517586834416,1.3748347630121347,ZONE_01,SUSPENSION_FAULT,REAR_BOGIE,3
24.43,RUN_059_SUSPENSION_FAULT,TRAIN001,-0.06793741250437964,-0.18504024405884564,0.774096737075072,33.09068837757647,29.90037953928076,26.024799851643007,139.96670593641159,4.987521652499782,0.2569910878149705,1.2817486149766382,1.0917100568658615,ZONE_01,SUSPENSION_FAULT,REAR_BOGIE,3
24.44,RUN_059_SUSPENSION_FAULT,TRAIN001,-0.0024546368134010493,-0.9200231634852237,1.6386421464238436,32.715434217798304,29.77758484517336,26.010465860062556,139.48020150828233,4.9942373790855195,0.23715643559180027,1.1844155353232564,1.1002272757144087,ZONE_01,SUSPENSION_FAULT,REAR_BOGIE,3
24.45,RUN_059_SUSPENSION_FAULT,TRAIN001,-0.13869255873579175,-0.6408752364323701,0.5065644517419294,32.79896007676737,29.773345661971714,25.97514223372921,138.28493006655924,5.009248388403142,0.21855872925038541,1.0948149622689318,1.0018029263395036,ZONE_01,SUSPENSION_FAULT,REAR_BOGIE,3
24.46,RUN_059_SUSPENSION_FAULT,TRAIN001,0.08020250695011359,-0.8970214148535275,-0.16792510184819776,32.758033374312596,29.54242965543432,25.952404829343955,140.4776293614378,5.021731213461172,0.24224225317391476,1.2164754839826115,0.4144093619742202,ZONE_01,SUSPENSION_FAULT,REAR_BOGIE,3
24.47,RUN_059_SUSPENSION_FAULT,TRAIN001,0.017921773696978335,-0.3794904962445492,-1.2315198192395047,32.842548359186296,29.653276941314665,26.054951112468938,141.28907323682733,4.96211756948205,0.20936263804338998,1.0388820246282164,1.1032201067938117,ZONE_01,SUSPENSION_FAULT,REAR_BOGIE,3
24.48,RUN_059_SUSPENSION_FAULT,TRAIN001,-0.041971694859351115,-1.385692412643977,-0.4431023819650295,32.983016242008276,29.607226102951643,26.021324719662,139.87783512391042,4.982690680573219,0.21051862884089279,1.048949210012569,0.24919895279065646,ZONE_01,SUSPENSION_FAULT,REAR_BOGIE,3
24.490000000000002,RUN_059_SUSPENSION_FAULT,TRAIN001,-0.0061742188504370285,-0.9132410340897537,-1.0571665289017393,32.90434233183835,29.6063630132789,26.016042032715536,139.68265492041462,5.005449476149685,0.2119038644922075,1.0606740875166139,0.6492374375821466,ZONE_01,SUSPENSION_FAULT,REAR_BOGIE,3
24.5,RUN_059_SUSPENSION_FAULT,TRAIN001,-0.004009497933333803,-1.3539414978995505,-0.1704676948657179,32.811205672398984,29.73935673286922,25.899701006760797,139.70998576623845,5.02381254512711,0.22396901602238203,1.1251783524130177,0.8955529673598159,ZONE_01,SUSPENSION_FAULT,REAR_BOGIE,3
24.51,RUN_059_SUSPENSION_FAULT,TRAIN001,0.01714061795776622,-1.1864760311909879,-1.5219365235799587,32.82535967288637,29.836011322647057,26.01887181991958,140.3648059816101,4.986684941597941,0.2737680300393265,1.3651949128880423,1.3177993922644302,ZONE_01,SUSPENSION_FAULT,REAR_BOGIE,3
24.52,RUN_059_SUSPENSION_FAULT,TRAIN001,0.009238584225240296,-1.3397402474245061,-0.41240660449706795,32.78564185023931,29.709405789699805,26.078546753346295,138.67383377100458,5.018882277464479,0.23732545768066757,1.1911085335446485,0.6487984589128393,ZONE_01,SUSPENSION_FAULT,REAR_BOGIE,3
24.53,RUN_059_SUSPENSION_FAULT,TRAIN001,0.09543515598804485,-1.0659594918067998,0.5938780556907947,32.72748441602636,29.705319294154794,26.071227987552355,139.86520897404264,4.995785506312012,0.2455226500067252,1.2265784963749145,0.7586813976296134,ZONE_01,SUSPENSION_FAULT,REAR_BOGIE,3
24.54,RUN_059_SUSPENSION_FAULT,TRAIN001,0.07873793710684278,0.10244484366417916,0.9522137430854581,32.81306948438299,29.711095179997237,25.96206672850934,139.4066672568894,5.014684654482175,0.22060045792612415,1.1062417311338755,0.9469201036978749,ZONE_01,SUSPENSION_FAULT,REAR_BOGIE,3
24.55,RUN_059_SUSPENSION_FAULT,TRAIN001,-0.19746404703357767,-0.20756330551046565,0.1538238905375099,32.87353851391557,29.645493538268305,25.961012599364857,140.08789908479628,4.9874582166829375,0.26109336616705736,1.3021922544112972,0.6621853706253884,ZONE_01,SUSPENSION_FAULT,REAR_BOGIE,3
24.560000000000002,RUN_059_SUSPENSION_FAULT,TRAIN001,0.026242089935838483,0.38448120829255517,0.22931402307948434,33.001512969394994,29.945019784162856,26.05151257235648,141.42500465666822,5.005734998239413,0.2321062504107068,1.1618623809909963,1.234158619419199,ZONE_01,SUSPENSION_FAULT,REAR_BOGIE,3
24.57,RUN_059_SUSPENSION_FAULT,TRAIN001,0.21644891069786742,0.08531795890377289,0.577821879568455,32.851674407312615,29.63710941540049,26.013047863426134,139.86065218667082,5.027326423942759,0.2329617601264119,1.1711748124517252,1.1275923977632185,ZONE_01,SUSPENSION_FAULT,REAR_BOGIE,3
24.580000000000002,RUN_059_SUSPENSION_FAULT,TRAIN001,-0.06004903742874266,1.0882351272058612,1.3749339548826094,32.6686643741649,29.907344460857615,26.027478229954273,141.13097033895102,5.002633081704644,0.2141643532660912,1.071385678570828,1.1412756330339728,ZONE_01,SUSPENSION_FAULT,REAR_BOGIE,3
24.59,RUN_059_SUSPENSION_FAULT,TRAIN001,0.03711064384461165,-0.04554049906133523,1.556530616581615,32.7457616542142,29.681868108176978,26.001166403048106,139.99716655870387,5.012261361258257,0.20163984187217895,1.0106715883061472,1.7464047789040205,ZONE_01,SUSPENSION_FAULT,REAR_BOGIE,3
24.6,RUN_059_SUSPENSION_FAULT,TRAIN001,-0.042003318679763084,0.20873748920327595,1.782692037464446,32.90524491339341,29.797980153899054,25.919023033747216,138.44538790186724,4.998056044399915,0.22359381905295908,1.117534438808103,1.0321941263813437,ZONE_01,SUSPENSION_FAULT,REAR_BOGIE,3
24.61,RUN_059_SUSPENSION_FAULT,TRAIN001,-0.15802461563775774,0.5010828408960353,1.739457693686461,32.787981077381595,29.915111785967294,25.98025532280431,138.70032907370722,4.982572117725071,0.25992039610818307,1.295072118476689,0.9398735065295265,ZONE_01,SUSPENSION_FAULT,REAR_BOGIE,3
24.62,RUN_059_SUSPENSION_FAULT,TRAIN001,0.1184677223903178,1.0211776718656473,2.0030909616417625,32.74189134866493,29.69307084633068,25.98734798001569,139.6084873705542,4.994703189299582,0.25469284826326394,1.2721151815123188,1.7768308536574726,ZONE_01,SUSPENSION_FAULT,REAR_BOGIE,3
24.63,RUN_059_SUSPENSION_FAULT,TRAIN001,0.07104335601935871,0.8269921389112181,3.0158621580465184,32.98000293646804,29.70612799046527,25.936160470005195,139.73572074184594,4.977918168666506,0.2256061981490487,1.1230491927299255,2.3295971174160868,ZONE_01,SUSPENSION_FAULT,REAR_BOGIE,3
24.64,RUN_059_SUSPENSION_FAULT,TRAIN001,-0.21545854322953925,1.1467976490192537,2.678434629871327,32.839171834989834,29.654419480624505,26.076886461245955,140.9345387691453,4.995360331827915,0.23646153301422007,1.1812105620224518,1.2883670127750901,ZONE_01,SUSPENSION_FAULT,REAR_BOGIE,3
24.650000000000002,RUN_059_SUSPENSION_FAULT,TRAIN001,-0.025800585777568066,0.6789155797563994,2.533667796525611,32.959353780850506,29.72376844141843,26.05630352283222,140.7246177497352,5.00250383304609,0.21707688002430345,1.0859279243872642,1.7351309838072182,ZONE_01,SUSPENSION_FAULT,REAR_BOGIE,3
24.66,RUN_059_SUSPENSION_FAULT,TRAIN001,0.051118503832166984,0.4460778628166169,2.9642939333475513,32.856123768493376,29.773570390303327,25.94352556694169,139.09853937000156,5.000647199394857,0.26739272220030746,1.3371366674095344,2.1346827996657387,ZONE_01,SUSPENSION_FAULT,REAR_BOGIE,3
24.67,RUN_059_SUSPENSION_FAULT,TRAIN001,0.060704650338239685,0.9299392726235157,3.031876758190238,32.88020849633265,29.809521400312544,25.991470982775297,139.88723650478312,5.008620680685034,0.24009908935130025,1.2025652643385663,1.8937590745959432,ZONE_01,SUSPENSION_FAULT,REAR_BOGIE,3
24.68,RUN_059_SUSPENSION_FAULT,TRAIN001,-0.14272198189156815,0.9598375030027039,2.1566324508387313,32.940495990563804,29.77828831271756,26.045877423890833,139.39758596938822,4.988413107283885,0.22203472587089154,1.1076009368065398,1.606832917707464,ZONE_01,SUSPENSION_FAULT,REAR_BOGIE,3
24.69,RUN_059_SUSPENSION_FAULT,TRAIN001,0.0671192825772497,0.11520134765535528,1.7900655631710631,32.83003808667932,29.711934742321432,26.020632766811506,140.521396621773,5.003757587020947,0.2826540877991481,1.414332536327472,1.1647032792910887,ZONE_01,SUSPENSION_FAULT,REAR_BOGIE,3
24.7,RUN_059_SUSPENSION_FAULT,TRAIN001,0.013924878403426072,-0.26642709413309784,2.1514044263536323,32.99333032959473,29.604021744690936,25.934378399308997,139.703432188987,4.9684806262809715,0.20548565215790987,1.0209514817252858,1.8581842765746426,ZONE_01,SUSPENSION_FAULT,REAR_BOGIE,3
24.71,RUN_059_SUSPENSION_FAULT,TRAIN001,-0.13747334139057357,1.1643938945708272,1.2180368580727179,32.91627721607436,29.59079762467804,25.986382865315523,140.6576398314992,5.033909292498841,0.24895397817573472,1.2532117441433845,1.4944607024957273,ZONE_01,SUSPENSION_FAULT,REAR_BOGIE,3
24.72,RUN_059_SUSPENSION_FAULT,TRAIN001,-0.026644944992491617,-0.6856002648503339,0.29799962597525353,33.023103250393916,29.599446026348918,25.971447773141342,139.9828050724588,5.023519954005772,0.21688795656810408,1.089540977603408,1.538243120121899,ZONE_01,SUSPENSION_FAULT,REAR_BOGIE,3
24.73,RUN_059_SUSPENSION_FAULT,TRAIN001,0.0631960872874224,-0.46982863773618144,1.7090566487137946,33.000281183671305,29.79515870881782,25.994333511087095,139.79086939432295,5.047074475703233,0.2052932442165447,1.0361302929196332,0.9721866773209875,ZONE_01,SUSPENSION_FAULT,REAR_BOGIE,3
24.740000000000002,RUN_059_SUSPENSION_FAULT,TRAIN001,0.09548907102414178,-1.0289993501791335,-0.5091620920809161,32.76616917928061,29.70246686606491,26.017574753919554,140.3734951346121,4.970877258939988,0.23464410998043975,1.1663870702459815,1.0127898991791744,ZONE_01,SUSPENSION_FAULT,REAR_BOGIE,3
24.75,RUN_059_SUSPENSION_FAULT,TRAIN001,-0.017239360110593786,-0.3979219732734425,-0.11596824529158183,32.87714385840373,29.57655077623893,25.99288663370621,138.43566223227407,5.011261721496035,0.24141020046080042,1.2097696967478935,1.1165434606615507,ZONE_01,SUSPENSION_FAULT,REAR_BOGIE,3
24.76,RUN_059_SUSPENSION_FAULT,TRAIN001,0.13573586431939097,-1.1879470458895633,0.2914689984483321,32.90832635555974,29.747343082162903,26.015323253182686,139.65330997819808,5.024354102835441,0.24903456435971455,1.2512378351885685,0.5327109032537003,ZONE_01,SUSPENSION_FAULT,REAR_BOGIE,3
24.77,RUN_059_SUSPENSION_FAULT,TRAIN001,0.0005508327283874209,-0.9832018327468873,-0.9478657906976715,32.99677782259157,29.883021200948235,26.065916151273193,140.618195876742,5.02360961488253,0.24782141845335406,1.2449580605160964,0.9678258523665375,ZONE_01,SUSPENSION_FAULT,REAR_BOGIE,3
24.78,RUN_059_SUSPENSION_FAULT,TRAIN001,0.03666983433002552,-1.3940118507720987,0.37658761119324424,32.851139672455815,29.6653929323049,25.971584300921307,140.87227683060578,5.014717059940082,0.2371589480892016,1.1892850229003638,0.9548421107007827,ZONE_01,SUSPENSION_FAULT,REAR_BOGIE,3
24.79,RUN_059_SUSPENSION_FAULT,TRAIN001,0.08008001184208938,-0.3411510409468361,-1.8247392698378575,32.89013203648458,29.66896009437785,25.983212867340075,139.6793742007041,5.004884197133335,0.24395109122460693,1.2209469613434678,0.7936294224631758,ZONE_01,SUSPENSION_FAULT,REAR_BOGIE,3
24.8,RUN_059_SUSPENSION_FAULT,TRAIN001,-0.0920855634488912,-1.8161474397324406,0.4806522909451041,32.969762018234704,29.75426400960066,26.06129006247231,139.3899962504866,4.995279248085314,0.21848800461938928,1.0914085954308035,0.8660299632211397,ZONE_01,SUSPENSION_FAULT,REAR_BOGIE,3
24.810000000000002,RUN_059_SUSPENSION_FAULT,TRAIN001,0.008619469790720454,-0.45199542128349657,-0.5388160130172082,32.89162931680005,29.774333575472305,25.989595273717047,140.99494598487016,5.034695294041364,0.1849913718094627,0.9313751890873581,0.5092127939833235,ZONE_01,SUSPENSION_FAULT,REAR_BOGIE,3
24.82,RUN_059_SUSPENSION_FAULT,TRAIN001,-0.11232209985377979,-0.36344358745354066,0.557902764159246,32.888375193727555,29.805452525321957,26.002201897992915,140.09848186641688,5.010002766086085,0.2520137696550365,1.2625896830635146,1.116180251178823,ZONE_01,SUSPENSION_FAULT,REAR_BOGIE,3
24.830000000000002,RUN_059_SUSPENSION_FAULT,TRAIN001,-0.14963970657855918,-0.41540455036795193,0.26965480094669225,32.95719241373321,29.647681151856716,25.973197720055353,138.90636751902656,5.024608837335837,0.23194906971450682,1.165453345499337,0.34483297741675134,ZONE_01,SUSPENSION_FAULT,REAR_BOGIE,3
24.84,RUN_059_SUSPENSION_FAULT,TRAIN001,-0.0640389370531481,-0.41206697225377004,0.3011905633426677,33.04757438455358,29.60410454648186,25.920189278927616,138.87515980855326,5.007019765298339,0.23346164904094105,1.1689470911871358,0.8030905309398036,ZONE_01,SUSPENSION_FAULT,REAR_BOGIE,3
24.85,RUN_059_SUSPENSION_FAULT,TRAIN001,-0.07371393817588484,-0.310869463645442,0.20697952601677316,33.00659752390728,29.961018174201346,25.958820720517114,139.5401439395179,4.964156607008314,0.2286235891359503,1.1349233005271817,0.7284252237639773,ZONE_01,SUSPENSION_FAULT,REAR_BOGIE,3
24.86,RUN_059_SUSPENSION_FAULT,TRAIN001,-0.007305726385024101,0.3148389083815991,1.1061449462013537,32.86572206642345,29.767915908873547,25.916560120587075,140.57593815703896,5.007627376106893,0.28048485351105207,1.4045636310252758,0.9622103068981833,ZONE_01,SUSPENSION_FAULT,REAR_BOGIE,3
24.87,RUN_059_SUSPENSION_FAULT,TRAIN001,0.052764908599333284,0.3337211868445741,1.3309961920291844,32.85688301752453,29.786975824169875,26.009200206044255,139.7934780356354,4.9749942057640615,0.23285442782340549,1.1584494292079481,1.4663434138278721,ZONE_01,SUSPENSION_FAULT,REAR_BOGIE,3
24.88,RUN_059_SUSPENSION_FAULT,TRAIN001,-0.00743259965397549,0.5693468494442806,1.1467760063957602,32.816575349637525,29.590251328526772,25.97382940478584,140.5091795216423,4.999860651036322,0.21019360033891074,1.0509387114341746,1.4222258442454208,ZONE_01,SUSPENSION_FAULT,REAR_BOGIE,3
24.89,RUN_059_SUSPENSION_FAULT,TRAIN001,-0.06659307077726237,0.06949877982714114,1.8726403748010185,32.84764333395677,29.76673102666136,26.01535182156631,140.48804649330785,4.987491652832387,0.21369195097052793,1.0657868217429758,2.241497574632983,ZONE_01,SUSPENSION_FAULT,REAR_BOGIE,3
24.900000000000002,RUN_059_SUSPENSION_FAULT,TRAIN001,0.02250043461680405,0.806853315642498,2.274511786877898,32.89245842752708,29.797719890997467,26.00231151604222,137.35270522437222,4.991579652746625,0.23608476801157766,1.1784359243299984,2.1678382762184856,ZONE_01,SUSPENSION_FAULT,REAR_BOGIE,3
24.91,RUN_059_SUSPENSION_FAULT,TRAIN001,-0.09426917161297135,0.10898359946686276,2.4282707665058862,32.62048009941405,29.817331057287937,26.037761263529944,140.58791063469104,4.998812597240889,0.2078005871064864,1.0387561925419568,1.7340833662350958,ZONE_01,SUSPENSION_FAULT,REAR_BOGIE,3
24.92,RUN_059_SUSPENSION_FAULT,TRAIN001,-0.0031518393804949953,0.8099072371790927,2.6176486842267006,32.93439175136735,29.734524215515243,25.96423043515654,140.8227388331002,5.054893274338895,0.21480016993314757,1.0857919343219193,1.9346965109731329,ZONE_01,SUSPENSION_FAULT,REAR_BOGIE,3
24.93,RUN_059_SUSPENSION_FAULT,TRAIN001,0.11751087947271964,0.6606523002838727,2.0542606259390714,32.74343543527281,29.77547533216654,26.044028968861653,139.6348289559973,5.025796921947762,0.2357645326887678,1.1849046626916617,1.9531659368545986,ZONE_01,SUSPENSION_FAULT,REAR_BOGIE,3
24.94,RUN_059_SUSPENSION_FAULT,TRAIN001,-0.011662634047763172,1.6618609068152277,2.830899658194386,32.87792148840803,29.831589120045813,25.966853952141896,140.69114501722257,5.011262061980886,0.2446505030934529,1.2260077845967579,1.8999910312588955,ZONE_01,SUSPENSION_FAULT,REAR_BOGIE,3
24.95,RUN_059_SUSPENSION_FAULT,TRAIN001,-0.20607383892758305,1.3192804002382803,2.997735825372155,32.89101795103668,29.531395796126617,25.98994245113573,138.99600681423865,4.996376787661459,0.2094705022319686,1.046593555051596,1.9603350308824714,ZONE_01,SUSPENSION_FAULT,REAR_BOGIE,3
24.96,RUN_059_SUSPENSION_FAULT,TRAIN001,-0.2427620461811762,1.081149848706599,1.8042526230253926,32.89608819226619,29.71489367739748,26.032212987602165,140.27941431002327,5.019740170693425,0.228785373284144,1.148443128741508,1.8846232129488563,ZONE_01,SUSPENSION_FAULT,REAR_BOGIE,3
24.97,RUN_059_SUSPENSION_FAULT,TRAIN001,0.08534733168020196,1.7777165132690702,2.0517707054559433,32.73550624199487,29.816230299617285,25.97827728662846,139.53372257645927,4.993528949524622,0.2300477061107352,1.1487498802356884,1.7558244787764892,ZONE_01,SUSPENSION_FAULT,REAR_BOGIE,3
24.98,RUN_059_SUSPENSION_FAULT,TRAIN001,0.06738862032962001,0.28760797612563294,1.67608975204772,32.98893814126427,29.81371631766712,26.063337959190466,139.71233039538998,5.0321677531565445,0.23236044934273387,1.1692767602914702,1.5886524382291838,ZONE_01,SUSPENSION_FAULT,REAR_BOGIE,3
24.990000000000002,RUN_059_SUSPENSION_FAULT,TRAIN001,-0.004065797377716798,0.33208582322671354,1.6917854277608542,32.96983373817112,29.612524459911846,26.058518547587312,139.60099560156488,5.005573675355352,0.25163673913938517,1.2595862371883682,1.3556402642258296,ZONE_01,SUSPENSION_FAULT,REAR_BOGIE,3
25.0,RUN_059_SUSPENSION_FAULT,TRAIN001,0.10745489075813107,-0.035821410572707484,-0.10314367640482192,32.875751661123005,29.737502293877935,25.97475780819876,140.15812836597155,4.969850479883865,0.24009307320389703,1.1932266750791796,0.6909360317153395,ZONE_01,SUSPENSION_FAULT,REAR_BOGIE,3
25.01,RUN_059_SUSPENSION_FAULT,TRAIN001,0.04213793230037909,-0.3221931702184745,0.3989675289538795,32.89823805083394,29.687765385563964,25.984621802970402,139.93676390002707,4.975523264483374,0.2483288412503399,1.2355659268832648,0.9182196108959904,ZONE_01,SUSPENSION_FAULT,REAR_BOGIE,3
25.02,RUN_059_SUSPENSION_FAULT,TRAIN001,0.056921444751673815,0.06746554497375667,0.7348952492677756,32.93912000253831,29.82425829620036,25.952973171849308,140.59324236788441,5.032138356883033,0.23247266359352023,1.169834607395719,0.729101372078532,ZONE_01,SUSPENSION_FAULT,REAR_BOGIE,3
25.03,RUN_059_SUSPENSION_FAULT,TRAIN001,-0.085765952130541,0.06860383883647736,0.14228799485196944,32.95258037440393,29.709857536168094,25.934408596291064,139.1208051037072,5.011629786025191,0.21622269410962464,1.0836280942144083,0.7601394001004754,ZONE_01,SUSPENSION_FAULT,REAR_BOGIE,3
25.04,RUN_059_SUSPENSION_FAULT,TRAIN001,0.11765078369062767,-1.0398948313437788,0.033523042589333,32.93793863957422,29.964034788685826,26.014798160299208,139.70220349432648,5.027664196600669,0.26258879457894246,1.3202082809330768,1.1583356752228546,ZONE_01,SUSPENSION_FAULT,REAR_BOGIE,3
25.05,RUN_059_SUSPENSION_FAULT,TRAIN001,0.18890940422749156,-0.30474460623847033,-0.7447194855411765,32.939317298043115,29.857739666313527,26.02208591126121,140.4305597194104,5.030671174978264,0.24207331643744362,1.2177912552332395,0.007282892371843652,ZONE_01,SUSPENSION_FAULT,REAR_BOGIE,3
25.060000000000002,RUN_059_SUSPENSION_FAULT,TRAIN001,0.15661213520598694,-1.2141373406573335,-1.1859481440925201,33.019192397147904,29.76843166726641,26.1195139561489,140.57981688132688,5.050008445481349,0.1936018261458839,0.9776908570973255,0.01163120815133245,ZONE_01,SUSPENSION_FAULT,REAR_BOGIE,3
25.07,RUN_059_SUSPENSION_FAULT,TRAIN001,0.022122845407468922,-0.03921206047282699,-0.4448399022771183,32.77621856832346,29.496118883402147,26.02312910699686,140.25562438044898,4.998443356350255,0.24790132147068755,1.239120713335607,0.4696584164408867,ZONE_01,SUSPENSION_FAULT,REAR_BOGIE,3
25.080000000000002,RUN_059_SUSPENSION_FAULT,TRAIN001,0.03989289217867939,-0.6692575289906335,-0.6194012805302661,32.954307319901154,29.73827096690651,26.031174116028826,140.1194537341611,4.998503506184185,0.27764098510716634,1.387789437518602,0.19231770283982524,ZONE_01,SUSPENSION_FAULT,REAR_BOGIE,3
25.09,RUN_059_SUSPENSION_FAULT,TRAIN001,0.12250449130957275,-1.5727157363782849,-0.6398946869163056,32.646392450442505,29.93748960257441,25.980621647864595,139.418049240396,5.021968705685638,0.23182090901317703,1.1641973503877727,0.4235992355899816,ZONE_01,SUSPENSION_FAULT,REAR_BOGIE,3
25.1,RUN_059_SUSPENSION_FAULT,TRAIN001,-0.02598685665907064,-0.45963056638516137,-1.0593423275629623,32.87807079815441,29.67530383325412,25.9562482234727,139.9756386929976,5.018486963781766,0.2352918971759436,1.1808093186609525,1.1542084099609924,ZONE_01,SUSPENSION_FAULT,REAR_BOGIE,3
25.11,RUN_059_SUSPENSION_FAULT,TRAIN001,0.09730135989014112,-1.1498938846067808,-0.3187326115916776,32.83905536358478,29.746102054157568,26.051967096446294,140.43010507464064,4.995389590270799,0.2489401285670888,1.2435529268447096,0.49360500654220435,ZONE_01,SUSPENSION_FAULT,REAR_BOGIE,3
25.12,RUN_059_SUSPENSION_FAULT,TRAIN001,-0.06485567278448286,-1.2612601857701469,-0.6167629515928632,32.99813609721639,29.74978339779162,26.011509819045912,140.3734487085365,5.0090515042718415,0.2319931718296085,1.1620657463338961,0.7450616988590428,ZONE_01,SUSPENSION_FAULT,REAR_BOGIE,3
25.13,RUN_059_SUSPENSION_FAULT,TRAIN001,0.14465168831515698,-0.17647215555286028,0.502528478834145,32.841282878695466,29.78856823710955,25.971920968385376,139.8755037363033,5.02520157043368,0.2520630411384723,1.26666759017734,1.0212172489131768,ZONE_01,SUSPENSION_FAULT,REAR_BOGIE,3
25.14,RUN_059_SUSPENSION_FAULT,TRAIN001,0.13449297564849588,0.16155746761851986,2.2843683161624586,32.76779735109031,29.710491537183604,26.040818075837993,141.19003782179777,5.018103794537574,0.20586849888625863,1.0330694954368889,0.6935425201006197,ZONE_01,SUSPENSION_FAULT,REAR_BOGIE,3
25.150000000000002,RUN_059_SUSPENSION_FAULT,TRAIN001,0.1524178947282247,-0.01422656181787571,1.2201849940739007,33.06919689997263,29.71735463892423,26.04027274423926,139.76768489553962,4.966850350320936,0.23167413047221183,1.1506907360962035,1.0429851263133387,ZONE_01,SUSPENSION_FAULT,REAR_BOGIE,3
25.16,RUN_059_SUSPENSION_FAULT,TRAIN001,0.05910616851277265,0.6603967672572492,1.688042462552479,32.98039827612663,29.81547281389193,26.005293609743163,140.32339778079435,4.983575317365967,0.24257407553301916,1.2088861754592222,1.9033196029570458,ZONE_01,SUSPENSION_FAULT,REAR_BOGIE,3
25.17,RUN_059_SUSPENSION_FAULT,TRAIN001,-0.10412188236201524,0.6084823326806036,2.7384001628161774,32.86110384847228,29.711532401694726,26.056043505175435,140.56141889265444,5.007225961277918,0.22835572026129095,1.1434286908986537,1.6866525757189126,ZONE_01,SUSPENSION_FAULT,REAR_BOGIE,3
25.18,RUN_059_SUSPENSION_FAULT,TRAIN001,0.03833610276574706,0.5059133149088757,2.5674337846006745,32.76695210607106,29.78832133228742,25.991208506459436,139.4658645663448,4.969344907915046,0.22724471835846025,1.1292573840252031,1.2556199968793222,ZONE_01,SUSPENSION_FAULT,REAR_BOGIE,3
25.19,RUN_059_SUSPENSION_FAULT,TRAIN001,0.03464120439363255,1.6250561919377595,2.3988393837686344,32.56882990058289,29.90306345606584,26.05067416759696,140.68025827002438,4.992268049062795,0.23417164252572314,1.1690476089777222,1.8454770441699364,ZONE_01,SUSPENSION_FAULT,REAR_BOGIE,3
25.2,RUN_059_SUSPENSION_FAULT,TRAIN001,-0.007590475201775875,1.0434936880544798,2.5301392554918998,33.00107726306461,29.908026713790587,25.979062203403732,139.78038546275178,5.002997099158696,0.20200294401141006,1.010620142910601,0.846113046834727,ZONE_01,SUSPENSION_FAULT,REAR_BOGIE,3
25.21,RUN_059_SUSPENSION_FAULT,TRAIN001,0.0038476695368009784,1.7295683183389525,2.1607912536786005,32.992284273496,29.805627607525405,25.912425488718327,140.12845662623496,4.999155769859137,0.2379835695460364,1.189716934827741,1.3084215665606953,ZONE_01,SUSPENSION_FAULT,REAR_BOGIE,3
25.22,RUN_059_SUSPENSION_FAULT,TRAIN001,0.2126757012538931,1.4994770201834622,2.3704602786956674,32.937136376703485,29.874713192887636,26.010393730980663,139.28430840495264,4.998116850065461,0.20895475761735668,1.0443802949486547,2.1181361391076843,ZONE_01,SUSPENSION_FAULT,REAR_BOGIE,3
25.23,RUN_059_SUSPENSION_FAULT,TRAIN001,0.049363373212493615,0.5481040547496079,1.34789630454498,32.79508070992175,29.750064052260512,25.931063733819798,140.9369491526298,4.98121800684242,0.22692024426850266,1.130339206867346,1.7754057116333464,ZONE_01,SUSPENSION_FAULT,REAR_BOGIE,3
25.240000000000002,RUN_059_SUSPENSION_FAULT,TRAIN001,0.11571158430091644,1.6013823751101046,2.379543257959048,32.82767464972531,29.891983398566687,26.055782732777082,141.96024544940045,4.996504708445119,0.2443958566799646,1.2211250486259217,1.4962834583688833,ZONE_01,SUSPENSION_FAULT,REAR_BOGIE,3
25.25,RUN_059_SUSPENSION_FAULT,TRAIN001,0.06801173917021043,0.8920607265721568,1.2196630079056452,32.91298896048911,29.836873380995794,26.07534546356453,140.70007079921146,4.985063200913298,0.20890382592209744,1.0413987751342455,1.4058775091648081,ZONE_01,SUSPENSION_FAULT,REAR_BOGIE,3
25.26,RUN_059_SUSPENSION_FAULT,TRAIN001,-0.048995820616476074,1.3403842583559404,1.594838620548709,32.8589104635685,29.825155948101006,25.982060100785034,141.52024634206984,4.984046798464908,0.2680267252633978,1.3358577419520714,1.6886202261189913,ZONE_01,SUSPENSION_FAULT,REAR_BOGIE,3
25.27,RUN_059_SUSPENSION_FAULT,TRAIN001,0.04695856973194967,0.3143189429796,2.07237098933798,32.69836905059361,29.874106648959792,25.99075291977197,139.56834761401404,5.008997568571569,0.23050182178652476,1.1545830648800197,1.247510359764949,ZONE_01,SUSPENSION_FAULT,REAR_BOGIE,3
25.28,RUN_059_SUSPENSION_FAULT,TRAIN001,-0.01451526065699372,-0.07952599775872721,0.716235675795959,33.23748435047427,29.875166603117002,25.964680730498596,140.459429638474,5.027624313087007,0.21087373971943638,1.0601939408050196,1.081618342079136,ZONE_01,SUSPENSION_FAULT,REAR_BOGIE,3
25.29,RUN_059_SUSPENSION_FAULT,TRAIN001,0.10053872646898623,-0.2240408661689347,-0.08456405628250474,32.77427024272506,29.572622926252365,26.02150531478676,139.8433656690798,5.008614638011707,0.23948833053708404,1.1995047579610252,1.637375779375901,ZONE_01,SUSPENSION_FAULT,REAR_BOGIE,3
25.3,RUN_059_SUSPENSION_FAULT,TRAIN001,-0.06741577412240732,0.14030868731686214,0.6183900281092554,32.949267860188264,29.799424300341716,26.05968779162797,139.54465177774716,4.996214364078252,0.2440398880476214,1.2192755940715745,0.7155327069002424,ZONE_01,SUSPENSION_FAULT,REAR_BOGIE,3
25.310000000000002,RUN_059_SUSPENSION_FAULT,TRAIN001,-0.10388931967244153,-1.3085961316256614,0.24908413126570964,33.125194510460155,29.785165792493938,26.023883212504007,140.33448135841198,5.014943973914549,0.22110631023414856,1.108835758103224,0.8845305549486778,ZONE_01,SUSPENSION_FAULT,REAR_BOGIE,3
25.32,RUN_059_SUSPENSION_FAULT,TRAIN001,0.007546737121514113,-0.04557462061684958,-0.2373924709960274,32.90970534787641,29.89798553100271,26.021858714181754,140.38826837774857,4.968289635035202,0.20030762236098823,0.9951862839946433,0.2902988662809079,ZONE_01,SUSPENSION_FAULT,REAR_BOGIE,3
25.330000000000002,RUN_059_SUSPENSION_FAULT,TRAIN001,0.030191101442176217,-1.311679406196987,0.8507960120689484,32.88896910894897,29.73127272633872,26.018727128381702,139.56529878872615,4.992776175049663,0.21850602955889104,1.0909516984863286,0.7668282997388994,ZONE_01,SUSPENSION_FAULT,REAR_BOGIE,3
25.34,RUN_059_SUSPENSION_FAULT,TRAIN001,-0.03849866258836423,-0.9676642777755988,-0.8373376316200495,32.90696738677505,29.606314514532922,26.05351889975106,140.12902201659372,4.987488024210666,0.2067837430617455,1.031331442121911,0.6349754940865076,ZONE_01,SUSPENSION_FAULT,REAR_BOGIE,3
25.35,RUN_059_SUSPENSION_FAULT,TRAIN001,-0.03425845500950241,-1.6253928972957716,-1.0953771308068827,32.81874512112467,29.64807049355454,25.972072616579517,140.08100914319382,5.001331597042523,0.21349249153882432,1.0677467436644557,0.2995922740410252,ZONE_01,SUSPENSION_FAULT,REAR_BOGIE,3
25.36,RUN_059_SUSPENSION_FAULT,TRAIN001,0.020699386241126824,-0.9683356981627574,-0.9627597892778385,33.02744078587727,29.94728731528031,26.00716495241502,142.22820053782385,5.012382768516844,0.21959595975983728,1.1006990047361267,0.39610067528694115,ZONE_01,SUSPENSION_FAULT,REAR_BOGIE,3
25.37,RUN_059_SUSPENSION_FAULT,TRAIN001,0.0029771162301333877,-0.39777788136034353,-1.2578521949201873,32.879741536256994,29.917671156279354,26.061055968318442,141.20179012266803,4.993207912028365,0.20061543837296653,1.0017145941589354,1.2111557184227895,ZONE_01,SUSPENSION_FAULT,REAR_BOGIE,3
25.38,RUN_059_SUSPENSION_FAULT,TRAIN001,-0.023694369508156732,-1.0946375323419701,0.3836725261998436,32.88658058569678,29.883605941393867,25.973247151988605,139.3323513379226,5.0035453434707495,0.25609650215650703,1.2813904608443376,1.191253592355247,ZONE_01,SUSPENSION_FAULT,REAR_BOGIE,3
25.39,RUN_059_SUSPENSION_FAULT,TRAIN001,0.09282636649445447,-0.587757432864358,-0.8130337920245586,32.923984800190794,29.726520794416633,25.986970731127606,141.6817240797951,5.01767699273701,0.25897440508259006,1.2994499140906668,0.5254542726657971,ZONE_01,SUSPENSION_FAULT,REAR_BOGIE,3
25.400000000000002,RUN_059_SUSPENSION_FAULT,TRAIN001,0.0223929773260398,-0.991298018104983,0.5955886397432136,33.02906401076352,29.808496496507036,26.00618280338928,140.37710855230216,5.036986667848896,0.2312973631493414,1.1650417344918371,1.1028920409131826,ZONE_01,SUSPENSION_FAULT,REAR_BOGIE,3
25.41,RUN_059_SUSPENSION_FAULT,TRAIN001,0.09600757777097246,-1.2412024503076315,0.3972909124785109,32.92044982233245,29.699170190803507,25.97225612475234,138.26684342544795,4.985623189174483,0.22536925560284884,1.1236061868605545,0.43513067515886017,ZONE_01,SUSPENSION_FAULT,REAR_BOGIE,3
25.42,RUN_059_SUSPENSION_FAULT,TRAIN001,0.05952912624470905,0.04764542489363635,-0.11680212631846187,32.927870428329776,29.649515038904607,26.029550651546344,139.7854403036844,5.026831713784606,0.23365586714490238,1.1745487230758378,0.8126501173815946,ZONE_01,SUSPENSION_FAULT,REAR_BOGIE,3
25.43,RUN_059_SUSPENSION_FAULT,TRAIN001,-0.06829320723681384,0.1309404230382637,1.5850509454782893,32.90899691496542,29.846145833351063,25.958235942336504,139.5618900135487,5.023599263617456,0.23837153143667797,1.1974830497926607,1.354255386470352,ZONE_01,SUSPENSION_FAULT,REAR_BOGIE,3
25.44,RUN_059_SUSPENSION_FAULT,TRAIN001,-0.008070969616371982,-0.5163813141730822,1.019620807017594,33.13431217307103,29.68991485250404,26.012325755013297,139.95899317345032,4.985050364076043,0.20686016875575147,1.0312083595686907,1.1721772070302545,ZONE_01,SUSPENSION_FAULT,REAR_BOGIE,3
25.45,RUN_059_SUSPENSION_FAULT,TRAIN001,0.10321927828834275,0.18381186957304707,0.7371896570661296,32.803832307336364,29.670960604852752,26.093915518406224,139.37805093723065,5.016152133396648,0.22692027858843306,1.1382666395523302,1.410370399470232,ZONE_01,SUSPENSION_FAULT,REAR_BOGIE,3
25.46,RUN_059_SUSPENSION_FAULT,TRAIN001,0.029335875809769547,1.5016646078550144,2.163312827333717,32.87042453242259,29.665010854618362,25.99032673895901,139.11673676528386,4.996116757363502,0.2684693141516907,1.3413040392711482,1.0757519226864958,ZONE_01,SUSPENSION_FAULT,REAR_BOGIE,3
25.47,RUN_059_SUSPENSION_FAULT,TRAIN001,0.17569638762328785,0.31220138434756306,1.609308104557057,32.958835971683555,29.757622450744723,26.007354092388034,138.95957778834207,5.032330498940867,0.23224609706018998,1.168739117495975,1.6769438808793014,ZONE_01,SUSPENSION_FAULT,REAR_BOGIE,3
25.48,RUN_059_SUSPENSION_FAULT,TRAIN001,0.007854440122203897,1.2819174990099926,2.0139876152400173,32.76177922805026,29.608557629578186,26.057467338790257,140.37191559277892,5.019973417352962,0.24022949152700093,1.2059456615297635,1.4825610927474129,ZONE_01,SUSPENSION_FAULT,REAR_BOGIE,3
25.490000000000002,RUN_059_SUSPENSION_FAULT,TRAIN001,-0.01560677307893326,1.5069630789630752,3.5682940851130196,33.07214877532619,29.633954761975726,26.0446774471459,139.6235300267698,4.982805831443339,0.20827718429800277,1.0378047684766871,1.4143575215354312,ZONE_01,SUSPENSION_FAULT,REAR_BOGIE,3
25.5,RUN_059_SUSPENSION_FAULT,TRAIN001,-0.093318207624426,0.8782806772068174,1.7551426664163645,32.98979200183491,29.96652269751157,26.017766895483003,138.79035785996308,4.998789122023135,0.2573800339491344,1.2865885139308781,1.191696076831379,ZONE_01,SUSPENSION_FAULT,REAR_BOGIE,3
25.51,RUN_059_SUSPENSION_FAULT,TRAIN001,-0.18220467780700098,0.7622642468607368,1.917610830669172,32.92613574487597,29.85457733852102,25.981077323257836,140.8417381187795,4.98253335180833,0.2380597767370154,1.186140777316224,1.9287928216186325,ZONE_01,SUSPENSION_FAULT,REAR_BOGIE,3
25.52,RUN_059_SUSPENSION_FAULT,TRAIN001,-0.09152745890653441,1.3853010400494417,1.9398134268320957,32.922452683115175,29.55344296358817,25.960870305959208,140.76320701832398,4.976084938975712,0.23251403126558792,1.1570095690812199,1.3270004765493635,ZONE_01,SUSPENSION_FAULT,REAR_BOGIE,3
25.53,RUN_059_SUSPENSION_FAULT,TRAIN001,0.16661361181576995,0.12266120560764349,2.605116564877881,32.70755917951436,29.71189284859444,26.005149623538347,139.9629768272272,4.980446072105028,0.2196531010758823,1.0939704244790667,1.0850019856680748,ZONE_01,SUSPENSION_FAULT,REAR_BOGIE,3
25.54,RUN_059_SUSPENSION_FAULT,TRAIN001,-0.1613995267522933,0.7476625568053189,2.4230682255940597,32.85360866400066,29.920713621895136,25.950084925706943,139.30120416766266,5.007180065020722,0.2065424980999983,1.0341954790658918,2.2069665364276725,ZONE_01,SUSPENSION_FAULT,REAR_BOGIE,3
25.55,RUN_059_SUSPENSION_FAULT,TRAIN001,0.1537548920971481,-0.4814165731038063,0.9143826969808662,32.9811830761594,29.81281980288728,25.999675171831854,140.70647277303195,4.993746856335453,0.25324860539394206,1.264659427057336,0.7970445440218724,ZONE_01,SUSPENSION_FAULT,REAR_BOGIE,3
25.560000000000002,RUN_059_SUSPENSION_FAULT,TRAIN001,0.08593272276611125,0.25608564491615726,0.9944019274893341,33.02965920392522,29.793039635007496,26.035801160893396,138.1494429846622,5.03377526690633,0.25603664877063764,1.288830950003219,1.5190087772179486,ZONE_01,SUSPENSION_FAULT,REAR_BOGIE,3
25.57,RUN_059_SUSPENSION_FAULT,TRAIN001,-0.20985300377183622,0.026174486582141908,1.0970912413966576,33.06723587787325,29.911340057643834,26.016125201625155,139.4106739853013,5.023677797798813,0.24149781134316786,1.2132071930616788,0.7758257891921063,ZONE_01,SUSPENSION_FAULT,REAR_BOGIE,3
25.580000000000002,RUN_059_SUSPENSION_FAULT,TRAIN001,-0.06652181705377427,0.09255629968862683,1.119109433446216,33.04279717203497,29.671611805064174,25.94755845850743,141.71931648960134,5.007080242357306,0.2244991426118234,1.124085221397816,1.398087847407212,ZONE_01,SUSPENSION_FAULT,REAR_BOGIE,3
25.59,RUN_059_SUSPENSION_FAULT,TRAIN001,0.11839523696718711,0.06059549705980588,-0.2725574113108329,33.14638931795955,29.957059159686793,25.975308835494843,140.264599430255,4.9693824644474605,0.21695969617975455,1.078155709687521,1.426680401210552,ZONE_01,SUSPENSION_FAULT,REAR_BOGIE,3
25.6,RUN_059_SUSPENSION_FAULT,TRAIN001,0.1269842293137262,-0.4348452161043207,-0.5925936366847862,32.89287211252558,29.594681793341106,25.996716412531843,139.8299147792621,4.973823416480942,0.2341475162154827,1.1646083990634188,0.7206688922641857,ZONE_01,SUSPENSION_FAULT,REAR_BOGIE,3
25.61,RUN_059_SUSPENSION_FAULT,TRAIN001,0.07991808296165975,-1.3287370144757618,0.22672041109248386,33.05465679506748,29.68355833741703,25.915244610048923,139.76884135434986,5.026983010227787,0.23133431789997266,1.1629136857657965,0.6410109434869912,ZONE_01,SUSPENSION_FAULT,REAR_BOGIE,3
25.62,RUN_059_SUSPENSION_FAULT,TRAIN001,0.03815173145043534,-0.8344793408182469,-0.13222896965827377,33.03517626918247,29.846420549254955,25.940694342607514,140.3159686188327,5.004290239464936,0.22458691610458295,1.1238981121736948,0.4509466854058434,ZONE_01,SUSPENSION_FAULT,REAR_BOGIE,3
25.63,RUN_059_SUSPENSION_FAULT,TRAIN001,0.11147290720524926,-0.24242563332718114,-0.3309388911916662,32.988350434519006,29.80323636598928,25.927609403543343,138.10222618503707,5.026197381228174,0.24314607538093874,1.2221001673355825,0.4986877228525835,ZONE_01,SUSPENSION_FAULT,REAR_BOGIE,3
25.64,RUN_059_SUSPENSION_FAULT,TRAIN001,0.04921355446484629,-1.1463759823123154,-0.5231021131858251,32.92866602459455,29.79385425564482,26.02314562275683,140.91583154679492,4.990922708761098,0.20875420943917267,1.0418761244394372,0.2769757517044738,ZONE_01,SUSPENSION_FAULT,REAR_BOGIE,3
25.650000000000002,RUN_059_SUSPENSION_FAULT,TRAIN001,-0.1805268341220008,-1.285377333822682,0.1809871231796013,32.91676739487495,29.71019800204964,26.01187526865785,139.1916388967648,4.99704199103543,0.224253943574765,1.1206063726983906,0.11637519175021477,ZONE_01,SUSPENSION_FAULT,REAR_BOGIE,3
25.66,RUN_059_SUSPENSION_FAULT,TRAIN001,-0.07050952971309099,-0.6276196140180531,0.3373375469487213,32.87396517780423,29.99515224163172,25.997412792868847,140.1658804204567,5.007083803480347,0.21364483494768674,1.0697375927637942,0.409991505791406,ZONE_01,SUSPENSION_FAULT,REAR_BOGIE,3
25.67,RUN_059_SUSPENSION_FAULT,TRAIN001,-0.1580881982178867,-0.4386836234795742,-0.9498781833922157,33.08747549953783,29.825261531501273,25.95800949495894,139.91076938933665,5.008383128901335,0.24142835904885107,1.2091657202985997,0.9493914602091086,ZONE_01,SUSPENSION_FAULT,REAR_BOGIE,3
25.68,RUN_059_SUSPENSION_FAULT,TRAIN001,-0.025874951696875915,-1.1431827327854056,0.6447081042784746,32.89724493491996,29.88400085488212,25.962944835296014,139.17254522384044,5.004618752000707,0.21232165065384592,1.0625889143179805,0.684568181609342,ZONE_01,SUSPENSION_FAULT,REAR_BOGIE,3
25.69,RUN_059_SUSPENSION_FAULT,TRAIN001,0.16410569973914246,-0.6135371693349427,-0.5018200285503267,32.874745520430665,29.776103318449636,26.00248350628684,140.33395483244308,5.013183612896456,0.2175073132206437,1.0904040983228678,0.9134853191668237,ZONE_01,SUSPENSION_FAULT,REAR_BOGIE,3
25.7,RUN_059_SUSPENSION_FAULT,TRAIN001,-0.10673236925012025,-0.7687421179473786,0.4793888216720812,32.910011982728975,29.878572139120713,26.087576958455486,139.84310480930088,5.0191044943622,0.27239662980043783,1.3671871488804939,0.8512548643251446,ZONE_01,SUSPENSION_FAULT,REAR_BOGIE,3
25.71,RUN_059_SUSPENSION_FAULT,TRAIN001,-0.18310668733549293,-0.488254079077114,1.455342423622237,33.09612631758331,29.81859034382993,25.952500305265747,140.1621113185036,5.0485085553149425,0.23640936582152342,1.193514705906541,1.0149405070423654,ZONE_01,SUSPENSION_FAULT,REAR_BOGIE,3
25.72,RUN_059_SUSPENSION_FAULT,TRAIN001,0.040487177835102,-0.5815088429004,1.673266057270847,32.92524299076931,29.72251803748983,25.964788674273613,139.40917516868623,5.028110437888361,0.25420127178295804,1.2781520679763874,1.1669391359233463,ZONE_01,SUSPENSION_FAULT,REAR_BOGIE,3
25.73,RUN_059_SUSPENSION_FAULT,TRAIN001,-0.24251750599571148,-0.11372889177469636,1.135761165316708,32.96204349276028,29.690810054340982,26.049913884319885,139.8586689170026,5.020336326915206,0.26762294416060906,1.3435571884855055,2.14978010194729,ZONE_01,SUSPENSION_FAULT,REAR_BOGIE,3
25.740000000000002,RUN_059_SUSPENSION_FAULT,TRAIN001,-0.02245492546032609,0.2615275322580362,1.969321620510711,32.95934920464962,29.790048897954595,25.963286415016405,139.19252381917386,4.989391108050993,0.2274486412458564,1.1348302281703564,1.3018590679994095,ZONE_01,SUSPENSION_FAULT,REAR_BOGIE,3
25.75,RUN_059_SUSPENSION_FAULT,TRAIN001,0.017396777010882557,0.3642296351048688,2.4357138339013074,32.79119988183364,29.778886536877714,26.015604992057217,139.4380129744396,4.998162834204921,0.2422503436533372,1.2108066642214799,1.402471431054061,ZONE_01,SUSPENSION_FAULT,REAR_BOGIE,3
25.76,RUN_059_SUSPENSION_FAULT,TRAIN001,0.152795475909901,0.7365316471403015,2.242028686175727,33.06670153984857,29.73888627423045,25.919910214120776,140.35561521880285,4.994895767656367,0.2356694492847455,1.177144334798282,1.6683749439079307,ZONE_01,SUSPENSION_FAULT,REAR_BOGIE,3
25.77,RUN_059_SUSPENSION_FAULT,TRAIN001,0.03994554675405189,1.5771577148996068,2.8189144041343046,33.0397202615156,29.90184867859092,26.07239586942528,139.73879573469583,4.997258582664689,0.2605526581623202,1.3020490072377535,1.7276379247608675,ZONE_01,SUSPENSION_FAULT,REAR_BOGIE,3
25.78,RUN_059_SUSPENSION_FAULT,TRAIN001,0.19117749077403018,2.1530966224863572,2.0365393727474066,33.065201094204674,29.65031586482454,25.997498710081977,140.39025733984613,5.001828604463839,0.2303781544985754,1.1523120430145641,1.3498032610601152,ZONE_01,SUSPENSION_FAULT,REAR_BOGIE,3
25.79,RUN_059_SUSPENSION_FAULT,TRAIN001,-0.05288463514170112,0.6766708207597982,3.582673685242755,33.094056711261295,29.767666438158052,25.943245461261316,139.54792849753844,5.015547262623941,0.25086781644848277,1.258239390068633,1.9720344913155303,ZONE_01,SUSPENSION_FAULT,REAR_BOGIE,3
25.8,RUN_059_SUSPENSION_FAULT,TRAIN001,0.06117045173038961,0.520538911573347,1.9221465593670244,32.97550975911845,29.656676707293297,25.992816342012542,138.0488416791575,5.042759767527922,0.21309048915043738,1.074564145530671,1.36155714014934,ZONE_01,SUSPENSION_FAULT,REAR_BOGIE,3
25.810000000000002,RUN_059_SUSPENSION_FAULT,TRAIN001,-0.09050427472504657,0.5655527085354017,5.464072941501386,32.92651967947077,29.724291911519163,25.911853805600252,139.14316858060556,4.999882875706047,0.2283908523534217,1.1419275116497813,1.176011287259884,ZONE_01,SUSPENSION_FAULT,REAR_BOGIE,3
25.82,RUN_059_SUSPENSION_FAULT,TRAIN001,0.05584053644205167,1.3489002627778037,1.9345114632777811,33.06635514553929,29.822422747393976,25.950109936204843,140.9995437066536,4.991525717027099,0.24912592357326524,1.2435184542940811,1.7627161838536831,ZONE_01,SUSPENSION_FAULT,REAR_BOGIE,3
25.830000000000002,RUN_059_SUSPENSION_FAULT,TRAIN001,0.0987082071340447,-0.317933215703184,1.3822618550484336,32.86478635324327,29.82729498720966,25.944168635694577,138.64251294963316,4.986304227147849,0.2197338054261338,1.0956596028436139,1.389471536847229,ZONE_01,SUSPENSION_FAULT,REAR_BOGIE,3
25.84,RUN_059_SUSPENSION_FAULT,TRAIN001,-0.06365369265191476,-0.1829572629318954,2.7414781313266783,33.027597930849325,30.020943392855777,25.972390792781724,139.95561405376412,5.035997807903549,0.22493930794831676,1.1327938617390645,1.7387360726089864,ZONE_01,SUSPENSION_FAULT,REAR_BOGIE,3
25.85,RUN_059_SUSPENSION_FAULT,TRAIN001,0.005703546843152206,0.9358392508429856,0.6200085552469724,33.03310595655607,29.964125634296146,25.990099179332205,140.53170116294638,4.998230986982771,0.2204721008914115,1.1019704864406448,1.4442176204085855,ZONE_01,SUSPENSION_FAULT,REAR_BOGIE,3
25.86,RUN_059_SUSPENSION_FAULT,TRAIN001,0.0076410029497816214,0.12303534377532951,0.7772638095891308,32.840608259246906,29.909286365243773,26.04802835565911,140.64390085735732,4.99427241809118,0.2252680817410301,1.125050167315536,1.3800458221970862,ZONE_01,SUSPENSION_FAULT,REAR_BOGIE,3
25.87,RUN_059_SUSPENSION_FAULT,TRAIN001,0.1665637683774753,0.22966407867074268,0.9524514063314573,33.232917179841856,29.79938746926602,25.991174203171383,138.9463548361621,5.020474638877876,0.24377509499214003,1.2238666819980841,1.1171951569039191,ZONE_01,SUSPENSION_FAULT,REAR_BOGIE,3
25.88,RUN_059_SUSPENSION_FAULT,TRAIN001,0.007803042939534552,-1.0795287170239738,1.2697543880229092,32.98398071919373,29.7577067510485,25.972485389181003,139.26285755236395,5.019183884294077,0.2589849828971934,1.2998932524317703,1.4067783531208011,ZONE_01,SUSPENSION_FAULT,REAR_BOGIE,3
25.89,RUN_059_SUSPENSION_FAULT,TRAIN001,-0.02423001534778253,-0.08870425085676104,-1.1077043927366454,33.03324984716526,29.866752282409614,26.13373982061892,140.6585297027582,4.992295470859098,0.20701367781673696,1.0334734461703805,0.7489380304471476,ZONE_01,SUSPENSION_FAULT,REAR_BOGIE,3
25.900000000000002,RUN_059_SUSPENSION_FAULT,TRAIN001,-0.024452146482560933,-0.9726552719550263,-0.6193451049354033,33.01081507855563,29.763719193389168,25.937474440897685,138.7973080415176,4.991544021222829,0.2231936698495631,1.1140810283123688,0.5776629414794003,ZONE_01,SUSPENSION_FAULT,REAR_BOGIE,3
25.91,RUN_059_SUSPENSION_FAULT,TRAIN001,-0.2604316141942713,-0.8204800693032971,-0.6276193826271074,32.92938729308058,29.95790622196002,26.02181608670353,139.7800041290153,4.99766332361772,0.1825875184426065,0.9125109442709887,0.8540342502432162,ZONE_01,SUSPENSION_FAULT,REAR_BOGIE,3
25.92,RUN_059_SUSPENSION_FAULT,TRAIN001,-0.039407932820932905,-0.6750486484506828,-1.1007366690205644,32.951269899996674,29.865162652009566,25.99618667185712,140.49649931683402,5.0258834087842255,0.2524962883016169,1.269016906154695,0.6731369090764863,ZONE_01,SUSPENSION_FAULT,REAR_BOGIE,3
25.93,RUN_059_SUSPENSION_FAULT,TRAIN001,0.04972906238882163,-0.6444699263540681,-0.989617946890849,32.825025281616675,29.89944807286785,26.027552568515073,138.76540333986458,5.021608705665917,0.23412899727035213,1.175704210941632,0.7071226000121227,ZONE_01,SUSPENSION_FAULT,REAR_BOGIE,3
25.94,RUN_059_SUSPENSION_FAULT,TRAIN001,-0.044843487435984396,-0.59381843614977,-0.8881557923776895,33.083839277623646,29.999062459728684,26.00419903246773,140.0681069329239,5.0091574448296425,0.21579782893961902,1.0809653014109664,0.6167773051459723,ZONE_01,SUSPENSION_FAULT,REAR_BOGIE,3
25.95,RUN_059_SUSPENSION_FAULT,TRAIN001,-0.02813386031191439,-1.6043216438902634,-0.0792258896616308,32.93779230169874,29.655107472876324,26.01500982831077,140.14010734455186,5.034453997967368,0.2585253784879417,1.3015341253046453,0.18193992541096915,ZONE_01,SUSPENSION_FAULT,REAR_BOGIE,3
25.96,RUN_059_SUSPENSION_FAULT,TRAIN001,0.014029787667693803,-0.6676366733129807,-1.1262460865469186,33.04583889274248,29.85425151307617,25.96833261157947,141.04157071214192,5.034004688598474,0.23336266244578796,1.1747487368959195,0.9410661201094525,ZONE_01,SUSPENSION_FAULT,REAR_BOGIE,3
25.97,RUN_059_SUSPENSION_FAULT,TRAIN001,0.0927038027225433,-1.2253656476070434,1.0858373826007712,32.85376916036777,29.713890092823586,26.00164546184594,141.2113344477061,5.028965984952682,0.23085499414271302,1.1609619130001545,0.9115920689279611,ZONE_01,SUSPENSION_FAULT,REAR_BOGIE,3
25.98,RUN_059_SUSPENSION_FAULT,TRAIN001,0.023003986622258447,-0.8069406409920983,0.7678556964429464,33.008311909662325,29.985454272332326,25.982587914705658,140.38194607706595,4.993708456797337,0.21542680668572636,1.0757786663673568,0.5802676114319205,ZONE_01,SUSPENSION_FAULT,REAR_BOGIE,3
25.990000000000002,RUN_059_SUSPENSION_FAULT,TRAIN001,0.017487784925520354,0.024568966617954158,0.9787523054346725,32.869077317167296,29.826341884970685,26.007277500773775,139.96224882043853,5.023919761881168,0.23624759333150508,1.186888952835014,1.3922422032990474,ZONE_01,SUSPENSION_FAULT,REAR_BOGIE,3
26.0,RUN_059_SUSPENSION_FAULT,TRAIN001,0.025268984342641538,-0.023478364977259445,0.9815851208476982,32.958581121517554,29.847471095129205,25.924071198866375,138.09893741322895,4.974702757673244,0.20200471352706773,1.0049134054460975,1.520350948139169,ZONE_01,SUSPENSION_FAULT,REAR_BOGIE,3
26.01,RUN_059_SUSPENSION_FAULT,TRAIN001,-0.09703158142161412,-0.21149233103703455,1.7824943096209926,32.84394380749303,29.798472236686692,25.969500256189313,140.40897039391106,5.009861831111909,0.2093952173974405,1.0490411072568175,0.594123330649124,ZONE_01,SUSPENSION_FAULT,REAR_BOGIE,3
26.02,RUN_059_SUSPENSION_FAULT,TRAIN001,-0.11288094894805319,0.8839141062337421,2.0230694698351526,32.81370483750209,29.727535578845984,25.993045701428432,139.4057420705785,5.010154946173101,0.20215731091414993,1.0128394511815817,1.3382712088007904,ZONE_01,SUSPENSION_FAULT,REAR_BOGIE,3
26.03,RUN_059_SUSPENSION_FAULT,TRAIN001,-0.11240198098939497,0.5304367898669415,2.602239273137485,33.02866977156806,29.83374119796416,25.96322634769445,139.41130411037216,4.983294698762745,0.21418035146393255,1.0673238100293567,1.4713319328181087,ZONE_01,SUSPENSION_FAULT,REAR_BOGIE,3
26.04,RUN_059_SUSPENSION_FAULT,TRAIN001,0.024655039486951937,-0.09456400058069014,2.2286278845975223,32.821569464103,29.806033970157795,26.01133296768879,140.82967944486927,4.9976672128581034,0.26503714173882686,1.324567433457761,1.4109607959993333,ZONE_01,SUSPENSION_FAULT,REAR_BOGIE,3
26.05,RUN_059_SUSPENSION_FAULT,TRAIN001,-0.11037910081308898,1.4402615281092799,1.426855758887795,32.92601207541452,29.852986471173985,26.00579339039549,140.98086314953463,5.020986453091663,0.2214840330107339,1.1120683293230016,1.7289998245324707,ZONE_01,SUSPENSION_FAULT,REAR_BOGIE,3
26.060000000000002,RUN_059_SUSPENSION_FAULT,TRAIN001,0.05639866001147042,1.2106289798772558,1.722920866604388,32.74448946128847,29.717789723668062,26.03062376166635,140.72560543782876,5.016405696331039,0.1830688105376164,0.9183474240014465,1.550334957753104,ZONE_01,SUSPENSION_FAULT,REAR_BOGIE,3
26.07,RUN_059_SUSPENSION_FAULT,TRAIN001,-0.09082220138133931,1.481131577498545,2.906078192352341,33.11886679336112,29.730687651905356,25.92422013102332,140.86666462653372,5.003144698760876,0.23282404567595827,1.1648523898677305,2.408616884718076,ZONE_01,SUSPENSION_FAULT,REAR_BOGIE,3
26.080000000000002,RUN_059_SUSPENSION_FAULT,TRAIN001,-0.018539469995392074,1.2839856811440662,2.5205437725001407,33.13095440514873,29.961458864961994,26.05748344687266,140.59782666519106,4.984915106922285,0.25597329922210144,1.276005166260992,1.6870287827608659,ZONE_01,SUSPENSION_FAULT,REAR_BOGIE,3
26.09,RUN_059_SUSPENSION_FAULT,TRAIN001,0.09810249944755269,0.4986884313048381,2.28712558271196,32.91480979361555,29.896250001899855,25.954642959607675,140.05835697843833,4.983861695209597,0.2443901692920911,1.2180068034206415,1.477683996418347,ZONE_01,SUSPENSION_FAULT,REAR_BOGIE,3
26.1,RUN_059_SUSPENSION_FAULT,TRAIN001,0.2318449996453409,0.6592704013551621,2.3595732577688726,32.9516521253659,29.859568716915895,26.07998044592181,141.4285576642534,4.9948607317943425,0.2105931044990988,1.051883228049211,1.351739654624701,ZONE_01,SUSPENSION_FAULT,REAR_BOGIE,3
26.11,RUN_059_SUSPENSION_FAULT,TRAIN001,0.03620058969138662,0.19255710621728928,1.9275289869941392,32.99585324426234,29.758063497082553,25.997940546741717,139.8678285932738,5.000713432860126,0.20539164797199616,1.0271047730108394,1.0536611492125372,ZONE_01,SUSPENSION_FAULT,REAR_BOGIE,3
26.12,RUN_059_SUSPENSION_FAULT,TRAIN001,-0.21580400816945336,-0.08172673583209811,1.3484535499403247,32.91119890918428,29.648506240584577,26.057996306934786,140.50288125607364,5.003116189136274,0.24776136166603224,1.2395788795937734,1.4246674911504318,ZONE_01,SUSPENSION_FAULT,REAR_BOGIE,3
26.13,RUN_059_SUSPENSION_FAULT,TRAIN001,-0.035876647860133316,0.6174055203857645,0.977823208740929,32.95636093069081,29.89973871089816,25.941640569863363,140.0163990328443,4.95906712290075,0.1890991529582844,0.9377553924038082,0.8678237383651699,ZONE_01,SUSPENSION_FAULT,REAR_BOGIE,3
26.14,RUN_059_SUSPENSION_FAULT,TRAIN001,0.046994081062999155,0.16076520188458276,0.7690344115249357,32.791981609357215,29.630960076701427,26.033657567257862,139.41959742754517,4.994336914656651,0.22625060616147932,1.1299717543157197,2.1241852182195378,ZONE_01,SUSPENSION_FAULT,REAR_BOGIE,3
26.150000000000002,RUN_059_SUSPENSION_FAULT,TRAIN001,0.06682822197916709,-0.24867357715836205,0.9732039831955555,33.07794862064416,29.593721430841477,26.00915948996852,139.51804130219656,5.011670514100466,0.20356871546359379,1.0202193288822006,0.8278383944497956,ZONE_01,SUSPENSION_FAULT,REAR_BOGIE,3
26.16,RUN_059_SUSPENSION_FAULT,TRAIN001,-0.08592958416406632,-0.7429030720744763,1.1258524102143332,32.898631262943255,29.604318467839338,25.96961949219667,139.48868260567676,4.987081478866199,0.2543237528104917,1.2683332772769484,1.7133372451734352,ZONE_01,SUSPENSION_FAULT,REAR_BOGIE,3
26.17,RUN_059_SUSPENSION_FAULT,TRAIN001,-0.20821153939628734,-0.8674731167131424,0.2915552228952078,33.03255354998646,29.76995197935384,25.92301291821057,141.12657614310393,4.978105997186563,0.2781393019192787,1.3846069269376455,1.2049642648494963,ZONE_01,SUSPENSION_FAULT,REAR_BOGIE,3
26.18,RUN_059_SUSPENSION_FAULT,TRAIN001,-0.016460610595375975,-1.1354598973962355,-1.400973486157539,33.11081311166259,29.826415883238525,25.99590051450967,141.26245861152103,5.003869529262231,0.20877772252015986,1.0446964841073931,0.289661891886695,ZONE_01,SUSPENSION_FAULT,REAR_BOGIE,3
26.19,RUN_059_SUSPENSION_FAULT,TRAIN001,-0.07982426649857723,-0.7538073532242668,-1.578595085959754,33.0438428439493,29.886651375224325,26.022241588044164,140.19954750415664,5.024098801027038,0.23542304446034928,1.182788635407376,1.120415060211755,ZONE_01,SUSPENSION_FAULT,REAR_BOGIE,3
26.2,RUN_059_SUSPENSION_FAULT,TRAIN001,-0.08984032520641713,-0.6705252282850422,-0.32132592982574515,32.919978449181954,29.714776345292446,26.10525451752839,139.93048734302627,4.976929011209017,0.266715870740985,1.3274259548406826,0.7580108946232662,ZONE_01,SUSPENSION_FAULT,REAR_BOGIE,3
26.21,RUN_059_SUSPENSION_FAULT,TRAIN001,-0.18139755857836862,-1.064843696570447,0.5061594453836848,32.83522800131414,29.66060473240255,25.930525749938898,140.36454957305673,4.99047505103482,0.236085093349907,1.1781767682839372,0.6594406380404816,ZONE_01,SUSPENSION_FAULT,REAR_BOGIE,3
26.22,RUN_059_SUSPENSION_FAULT,TRAIN001,-0.004720473931846005,-1.3591631484495066,-0.2679839214367642,33.11255963139309,29.98536356923253,25.961423046526555,140.5264633701954,5.008156174446924,0.2162549383818348,1.0830385049116251,0.7112170855556363,ZONE_01,SUSPENSION_FAULT,REAR_BOGIE,3
26.23,RUN_059_SUSPENSION_FAULT,TRAIN001,-0.20410363349745708,-0.5102795708910024,-0.05227037361957815,33.03166285914147,29.72182735805654,26.065117586018324,139.26383923214843,4.991372925134998,0.23919797050234168,1.1939262737126282,0.060685321087908084,ZONE_01,SUSPENSION_FAULT,REAR_BOGIE,3
26.240000000000002,RUN_059_SUSPENSION_FAULT,TRAIN001,-0.07578610088812965,-0.7236992667512538,-1.016200262332529,33.21597964596954,29.845154418023675,26.02518211315082,140.11970250832331,5.002460790277436,0.24847561189609585,1.242989505850413,0.7387273981511626,ZONE_01,SUSPENSION_FAULT,REAR_BOGIE,3
26.25,RUN_059_SUSPENSION_FAULT,TRAIN001,-0.040927501989146645,-1.1119984883075793,0.2587496015887525,33.07177684714872,29.867658306980047,25.988482439604375,138.9010602098313,5.018894196386104,0.21507784414249076,1.0794529437379818,0.649893505415072,ZONE_01,SUSPENSION_FAULT,REAR_BOGIE,3
26.26,RUN_059_SUSPENSION_FAULT,TRAIN001,-0.05248263531295092,-0.4045495657847849,0.10766916922856799,33.1035525542905,30.051821789698764,26.00322206130512,141.01691809071767,4.98831360544905,0.23891930385141782,1.191804414006443,0.744347251843748,ZONE_01,SUSPENSION_FAULT,REAR_BOGIE,3
26.27,RUN_059_SUSPENSION_FAULT,TRAIN001,-0.018606028887638636,-0.18795309262181256,0.9623032020029372,32.941307649388975,29.74740234136951,25.975430002949537,140.87842876684525,4.9722380834625985,0.24260646615517173,1.206297110311025,1.1439170570296073,ZONE_01,SUSPENSION_FAULT,REAR_BOGIE,3
26.28,RUN_059_SUSPENSION_FAULT,TRAIN001,0.12786734951620782,-0.6878307399452028,0.8608926309907821,32.97872038441687,29.829179227366836,25.965405638827594,141.13935899204202,5.009212271649303,0.22311870727547373,1.1176489665188316,0.5879956836216971,ZONE_01,SUSPENSION_FAULT,REAR_BOGIE,3
26.29,RUN_059_SUSPENSION_FAULT,TRAIN001,0.14308260157097452,-0.021345209844709057,0.8265012601093106,32.93291641693249,29.990056738318877,26.00018393264015,139.42657714470585,5.00824928306471,0.218442762919062,1.0940158107800666,1.057878300150601,ZONE_01,SUSPENSION_FAULT,REAR_BOGIE,3
26.3,RUN_059_SUSPENSION_FAULT,TRAIN001,-0.02892135163566415,0.05951685966825471,2.554153120485852,33.12551871333348,29.829435775707683,25.931942372966088,140.69439335986777,5.030897923789584,0.2370046475728129,1.1923461894025464,1.3318639303860462,ZONE_01,SUSPENSION_FAULT,REAR_BOGIE,3
26.310000000000002,RUN_059_SUSPENSION_FAULT,TRAIN001,-0.09854767183193329,1.1521642770402003,2.4184643905558962,33.03953147798002,29.749896164258374,25.95665945238408,140.19476492897383,5.008186419641693,0.21054946026201662,1.05447094754712,1.462422136414167,ZONE_01,SUSPENSION_FAULT,REAR_BOGIE,3
26.32,RUN_059_SUSPENSION_FAULT,TRAIN001,-0.13342329672782596,0.6509046597512833,2.246350618742442,33.02502803737791,29.839802331266082,26.005599563450424,139.09152219254867,5.017259971341034,0.23709941585952543,1.1895894084203387,1.4996877227982106,ZONE_01,SUSPENSION_FAULT,REAR_BOGIE,3
26.330000000000002,RUN_059_SUSPENSION_FAULT,TRAIN001,-0.12652212933719106,0.744265196949967,2.4616099728138137,33.27976101184887,29.821812465764573,25.95038129707998,139.24388261710578,4.980717759022563,0.21800907035772946,1.0858416483587425,1.3247054807482161,ZONE_01,SUSPENSION_FAULT,REAR_BOGIE,3
26.34,RUN_059_SUSPENSION_FAULT,TRAIN001,-0.10450099272609259,0.9874683115258652,2.25091346141777,32.777233285564996,29.885886110261843,26.03773491232344,140.42530443889785,4.976500747341171,0.23574603927012372,1.1731903406104918,1.629867330604431,ZONE_01,SUSPENSION_FAULT,REAR_BOGIE,3
26.35,RUN_059_SUSPENSION_FAULT,TRAIN001,0.0561092299387136,1.1889901370469096,1.9322241626184633,32.92632853544381,29.898302700758894,26.027143201462223,140.364137775293,5.002780327891087,0.2567341664285023,1.2843846373060275,1.3562002024188278,ZONE_01,SUSPENSION_FAULT,REAR_BOGIE,3
26.36,RUN_059_SUSPENSION_FAULT,TRAIN001,0.027095892454598626,1.0721576446718553,2.7181629897484814,33.022754747394416,29.919178187472315,25.957902027779348,139.92605632872414,4.99819800569848,0.22286062716916566,1.1139015422656364,1.639716600971636,ZONE_01,SUSPENSION_FAULT,REAR_BOGIE,3
26.37,RUN_059_SUSPENSION_FAULT,TRAIN001,-0.11974120200812377,1.2705824022621206,2.796492985047867,32.93135288463265,30.00507572459321,25.990592531287103,138.63078752377672,5.008396936834324,0.2348663502866194,1.176303909340962,1.50147692151293,ZONE_01,SUSPENSION_FAULT,REAR_BOGIE,3
26.38,RUN_059_SUSPENSION_FAULT,TRAIN001,-0.08756615697373873,1.0940334242089884,2.157543468638471,32.92462798587215,29.815997082579045,25.950777807051217,140.29771214442977,4.993162364917873,0.23083105211138533,1.1525769220569655,1.7400450067844209,ZONE_01,SUSPENSION_FAULT,REAR_BOGIE,3
26.39,RUN_059_SUSPENSION_FAULT,TRAIN001,0.10388310566469057,1.3306043220732011,1.2669395462494264,33.102597656176606,29.907311526425833,26.117674506225736,139.0683023287457,4.98766147261649,0.23856681050853337,1.1898904894184108,1.835701511742609,ZONE_01,SUSPENSION_FAULT,REAR_BOGIE,3
26.400000000000002,RUN_059_SUSPENSION_FAULT,TRAIN001,-0.1966764561658645,0.7715463380610393,2.181547264783283,33.20533643228071,29.955655448218366,25.968474154614977,140.63066312067122,5.002603298949888,0.22472589599719398,1.124214508675032,1.852270691672716,ZONE_01,SUSPENSION_FAULT,REAR_BOGIE,3
26.41,RUN_059_SUSPENSION_FAULT,TRAIN001,0.026631986393586545,0.4132931009533818,1.5664717013326572,32.889753034878424,29.959290097528434,25.9683746435816,140.3389633965359,5.036237929248958,0.2164194263200005,1.0899397234590866,1.678781088706773,ZONE_01,SUSPENSION_FAULT,REAR_BOGIE,3
26.42,RUN_059_SUSPENSION_FAULT,TRAIN001,0.09347057154432747,0.5068014634399834,0.7595289825395715,33.047096167575496,29.869267275345656,25.964799681324713,139.00633084775498,4.9817487847302155,0.23744682680730592,1.1829004408853423,1.461700900756979,ZONE_01,SUSPENSION_FAULT,REAR_BOGIE,3
26.43,RUN_059_SUSPENSION_FAULT,TRAIN001,-0.06836659091155788,0.5112300775543747,1.2973568713250752,32.911618877943525,30.01360762034491,25.971467511615685,140.7017932192115,5.01502680159283,0.2144221339956146,1.0753327488427364,0.6750259590476457,ZONE_01,SUSPENSION_FAULT,REAR_BOGIE,3
26.44,RUN_059_SUSPENSION_FAULT,TRAIN001,0.04491501169110712,-0.5491543419397824,0.789874455704648,33.13445530240312,29.93367895048349,26.020258597560254,140.00317386550253,4.987803274308213,0.2634776835120705,1.3141748525286483,0.7700487131637115,ZONE_01,SUSPENSION_FAULT,REAR_BOGIE,3
26.45,RUN_059_SUSPENSION_FAULT,TRAIN001,0.03384286199603822,-0.7540570298080944,0.8616725456672221,33.01184661781326,29.9614378138919,26.008209675927848,139.6500365304432,4.988556932007413,0.18814707705647263,0.9385824054869993,1.2058145915568421,ZONE_01,SUSPENSION_FAULT,REAR_BOGIE,3
26.46,RUN_059_SUSPENSION_FAULT,TRAIN001,-0.003613262394352169,-0.8735308779743871,0.4015472280344492,33.185420607155706,29.88495438822592,26.070736537274243,140.77590930270705,5.016062728181538,0.20923536322918942,1.0495377069114629,1.367433751544893,ZONE_01,SUSPENSION_FAULT,REAR_BOGIE,3
26.47,RUN_059_SUSPENSION_FAULT,TRAIN001,-0.12856780448170882,-0.6971470771757017,-0.6464291434951589,33.09872931719797,29.867644837165088,26.088592950591014,141.4085006293549,5.008822318205002,0.23326202580541408,1.1683680408438692,0.3793522311810702,ZONE_01,SUSPENSION_FAULT,REAR_BOGIE,3
26.48,RUN_059_SUSPENSION_FAULT,TRAIN001,-0.025035574266382993,-1.7889529208504902,-0.25486852676200084,33.071036148726996,29.97727746180719,26.060187524453568,141.17871086069135,4.997865052643774,0.236932538443714,1.1841568537220157,0.3236664477515784,ZONE_01,SUSPENSION_FAULT,REAR_BOGIE,3
26.490000000000002,RUN_059_SUSPENSION_FAULT,TRAIN001,-0.14153117054841802,-1.3384435956453313,-0.2563597989208219,33.24414370881762,29.73348515360558,26.01778632047044,139.39931250537887,4.992518666421776,0.2197528998734297,1.0971204546184132,0.5657892628728525,ZONE_01,SUSPENSION_FAULT,REAR_BOGIE,3
26.5,RUN_059_SUSPENSION_FAULT,TRAIN001,-0.11814325189209403,-1.6473213060203693,-0.6903323385020212,33.09142341236181,29.819166274509154,26.021857376983444,139.85481060925346,4.994333572008622,0.20148692424267092,1.0062929100659292,1.008487192596851,ZONE_01,SUSPENSION_FAULT,REAR_BOGIE,3
26.51,RUN_059_SUSPENSION_FAULT,TRAIN001,0.11115343897967861,-0.7897935138562391,0.7978370529307244,32.908644552047086,29.852201374816197,25.9429993387085,140.67077597450043,4.971629503172083,0.23571201362612754,1.1718728011957555,0.3393964883234394,ZONE_01,SUSPENSION_FAULT,REAR_BOGIE,3
26.52,RUN_059_SUSPENSION_FAULT,TRAIN001,-0.0578761276836825,-0.12624631819044208,-0.456041653225136,33.119305335621526,29.82694612121662,25.971794676560517,137.65708290663804,4.988994599585589,0.2680169424981694,1.3371350787208083,0.33177723196605874,ZONE_01,SUSPENSION_FAULT,REAR_BOGIE,3
26.53,RUN_059_SUSPENSION_FAULT,TRAIN001,-0.17776734745207812,-0.7446431365780947,0.24589779091329866,33.08142778684277,29.774344338441267,25.985194861469324,139.34380427672568,4.978224882744327,0.23856697823625947,1.1876400672568712,0.6482793628607338,ZONE_01,SUSPENSION_FAULT,REAR_BOGIE,3
26.54,RUN_059_SUSPENSION_FAULT,TRAIN001,0.06246221705468117,-1.2889908167664406,0.9259308623064136,33.09778071136538,29.833286638203386,26.034627930460942,140.84226043013885,4.989851432972787,0.23376380271006642,1.166446645929993,0.5985664367771953,ZONE_01,SUSPENSION_FAULT,REAR_BOGIE,3
26.55,RUN_059_SUSPENSION_FAULT,TRAIN001,0.10395616580093409,-0.18919920056103795,0.22883114797632872,33.11268869883686,29.782485292384862,25.960931741871462,139.4151640538232,5.0099343351598495,0.21521427229189038,1.0782093721715826,0.8039250281035918,ZONE_01,SUSPENSION_FAULT,REAR_BOGIE,3
26.560000000000002,RUN_059_SUSPENSION_FAULT,TRAIN001,0.11217338507201653,-0.6991217759966525,0.6681052996057818,32.995150693873754,30.004109192342334,26.087334870117612,140.3480733531636,5.019999870106273,0.2033253849281747,1.020693405928745,1.2032078027488935,ZONE_01,SUSPENSION_FAULT,REAR_BOGIE,3
26.57,RUN_059_SUSPENSION_FAULT,TRAIN001,0.054988035982723595,-0.6236455992687439,1.3226366229643605,33.12838581635292,29.939725428366142,25.98099201880985,139.7442223705036,5.027126608042453,0.2183775951301037,1.0978118190788664,0.9252530901667805,ZONE_01,SUSPENSION_FAULT,REAR_BOGIE,3
26.580000000000002,RUN_059_SUSPENSION_FAULT,TRAIN001,0.022672703645605148,-0.6438751110769031,0.38396083370649914,33.029657950068405,29.76091046966598,26.02656756627746,141.1127970638042,4.980047624129714,0.2185203980989106,1.088241989376359,1.1377340310667703,ZONE_01,SUSPENSION_FAULT,REAR_BOGIE,3
26.59,RUN_059_SUSPENSION_FAULT,TRAIN001,-0.253265998813744,1.322620890670763,1.825088332837059,32.91033710529088,30.07219768606243,26.127178791850245,138.564092925245,4.975008682428227,0.22137778367308436,1.1013563958703123,1.437819002923328,ZONE_01,SUSPENSION_FAULT,REAR_BOGIE,3
26.6,RUN_059_SUSPENSION_FAULT,TRAIN001,0.06509512586051991,0.8564976558021655,1.6390313948261332,33.144937499653466,29.789660817033003,26.02319892554632,140.31709874598496,5.018647258577278,0.19954506791886847,1.001446308073646,1.6714688534735804,ZONE_01,SUSPENSION_FAULT,REAR_BOGIE,3
26.61,RUN_059_SUSPENSION_FAULT,TRAIN001,-0.08873729192382618,0.9447635969791575,2.316788108405314,33.044289834678075,29.89228768114753,26.018488147221557,140.71742130828923,5.0026078830936305,0.22232837491010105,1.1122216809606675,1.6343734921583342,ZONE_01,SUSPENSION_FAULT,REAR_BOGIE,3
26.62,RUN_059_SUSPENSION_FAULT,TRAIN001,-0.027846364533830405,0.8662229808820583,1.6942768106165291,32.999876794180125,29.944810233572145,26.02694590775215,140.00156114198225,4.993915728275002,0.2398234741115846,1.1976582193753953,1.3279409986712927,ZONE_01,SUSPENSION_FAULT,REAR_BOGIE,3
26.63,RUN_059_SUSPENSION_FAULT,TRAIN001,0.06770852156516455,0.7170599992586111,3.0700328736330262,33.045998416602416,29.80753791862176,26.008415163034723,140.01830128397782,5.00885207768019,0.2551787283934919,1.278152503893531,1.727398188004981,ZONE_01,SUSPENSION_FAULT,REAR_BOGIE,3
26.64,RUN_059_SUSPENSION_FAULT,TRAIN001,0.04172642776071827,0.9465620085570402,2.4204815272138367,33.228339778309994,29.904776930931934,26.05096957066454,139.9808336419864,5.011778111039776,0.21820062172840016,1.0935730997936661,1.537594623536287,ZONE_01,SUSPENSION_FAULT,REAR_BOGIE,3
26.650000000000002,RUN_059_SUSPENSION_FAULT,TRAIN001,0.00924564938362306,1.1273578255408703,2.95591576702539,32.96605599840777,29.847062970936843,26.045953006034637,139.02256336429215,4.991030988020444,0.2629479451801875,1.3123813426306168,1.6949168734503133,ZONE_01,SUSPENSION_FAULT,REAR_BOGIE,3
26.66,RUN_059_SUSPENSION_FAULT,TRAIN001,0.11911729398139875,1.6745424007941097,2.8625088032800865,32.97566427394531,29.832146035192196,26.04651832793504,140.9298142482655,5.04205393462455,0.21146678036087557,1.0662269119609382,2.4963865079227068,ZONE_01,SUSPENSION_FAULT,REAR_BOGIE,3
26.67,RUN_059_SUSPENSION_FAULT,TRAIN001,0.16558167010499983,0.4369472952695793,3.014677111779353,33.234743625805166,29.887800933676957,26.008627899518643,140.14072324342547,5.0343151580739995,0.22475512306332662,1.1314881228924925,1.7082051753238143,ZONE_01,SUSPENSION_FAULT,REAR_BOGIE,3
26.68,RUN_059_SUSPENSION_FAULT,TRAIN001,-0.052548111898413255,1.0163747816652953,2.254208751951948,33.235226170166264,30.053703102006857,26.03927479819522,139.42201864957804,5.0084446839359265,0.2444912480087204,1.2245208913581358,1.690185126405334,ZONE_01,SUSPENSION_FAULT,REAR_BOGIE,3
26.69,RUN_059_SUSPENSION_FAULT,TRAIN001,-0.06899954724140515,0.19963974115448085,1.2209101190540035,33.11495308169888,29.740873007282907,26.021161042878514,140.50097603130558,5.005989962584112,0.24404256028671129,1.2216746072386049,1.2465526660081971,ZONE_01,SUSPENSION_FAULT,REAR_BOGIE,3
26.7,RUN_059_SUSPENSION_FAULT,TRAIN001,0.22199969586554388,-0.38652947158521955,5.984759029127639,33.131010260891266,30.008273501583076,25.93385697528183,139.76784248853446,5.027694286581213,0.26353114955743234,1.3249540549660819,1.0152723787411198,ZONE_01,SUSPENSION_FAULT,REAR_BOGIE,3
26.71,RUN_059_SUSPENSION_FAULT,TRAIN001,0.09962140058414362,0.07903513298581173,0.7580488956304097,33.03926670983096,29.952131494785192,25.910239281938576,140.57895860205775,4.970254468012837,0.20755675219659056,1.0316098749713374,1.7343068884018136,ZONE_01,SUSPENSION_FAULT,REAR_BOGIE,3
26.72,RUN_059_SUSPENSION_FAULT,TRAIN001,0.004799647798597421,-0.4442274265047586,1.9561657968759616,32.9441199443696,29.8408536563233,26.021790832978905,140.50481543601185,4.990390597785523,0.2602370260687366,1.2986844080890891,1.1673320057483714,ZONE_01,SUSPENSION_FAULT,REAR_BOGIE,3
26.73,RUN_059_SUSPENSION_FAULT,TRAIN001,-0.06741070020791302,-1.198281325715728,-0.23833361536675624,33.16129939227184,29.973390762027336,26.054655320159892,141.08164328054394,5.01568881470937,0.19514475253487568,0.9787853525384039,0.18202964405160693,ZONE_01,SUSPENSION_FAULT,REAR_BOGIE,3
26.740000000000002,RUN_059_SUSPENSION_FAULT,TRAIN001,0.059028919993304854,0.11399011510053114,0.17286018888679433,33.10408320531148,29.79882109939701,26.01887467174343,139.6192179402875,4.975293035361008,0.2351391684689309,1.1698862672240506,0.7928752923505593,ZONE_01,SUSPENSION_FAULT,REAR_BOGIE,3
26.75,RUN_059_SUSPENSION_FAULT,TRAIN001,0.1956818732923563,0.04344738736128473,-0.4982263368743741,33.068033691620016,29.88631755275862,26.072928790564397,138.33316857419769,4.981348340976407,0.2231455302252579,1.111565616783889,0.764595301081838,ZONE_01,SUSPENSION_FAULT,REAR_BOGIE,3
26.76,RUN_059_SUSPENSION_FAULT,TRAIN001,-0.04803861528923231,-1.1018181313898057,-0.9030653958615908,33.19972546290553,29.728677831770522,25.97599848046224,139.8385863550162,4.998849233922923,0.23454217660567603,1.1724409798478985,0.2289007384429087,ZONE_01,SUSPENSION_FAULT,REAR_BOGIE,3
26.77,RUN_059_SUSPENSION_FAULT,TRAIN001,0.08040260429254514,-1.2226218714412072,-0.7649735736892537,32.94085657174218,29.77663284863783,26.049975080699923,140.7386705049526,5.010423530483372,0.2164020193068918,1.0842657695793676,0.2562574316233354,ZONE_01,SUSPENSION_FAULT,REAR_BOGIE,3
26.78,RUN_059_SUSPENSION_FAULT,TRAIN001,-0.0902421796825604,-1.325207900735554,-0.8461322949052126,33.181723326429235,29.79635702655717,25.996826366562523,141.41589715855613,5.015181195428911,0.21614665652168236,1.0840146472423733,0.8128254857046506,ZONE_01,SUSPENSION_FAULT,REAR_BOGIE,3
26.79,RUN_059_SUSPENSION_FAULT,TRAIN001,0.11565461138420159,-0.32714777354103686,-0.366547904355212,33.17494827776275,29.947460904646515,26.02336627585119,140.29016728154892,5.002045980227515,0.23893994445123468,1.1951885886580842,0.36061800496225865,ZONE_01,SUSPENSION_FAULT,REAR_BOGIE,3
26.8,RUN_059_SUSPENSION_FAULT,TRAIN001,0.03545552275903984,-0.9779735072749867,0.2099889585700625,32.85204779802754,29.866489725067552,25.941386894125774,140.40421640652028,4.957614265862409,0.21003046414277782,1.0412500252999384,0.879999911376096,ZONE_01,SUSPENSION_FAULT,REAR_BOGIE,3
26.810000000000002,RUN_059_SUSPENSION_FAULT,TRAIN001,0.18051722892226943,-1.0936531533833218,-0.3429504794156973,33.17431958716986,29.80154378596278,25.963284318482966,139.679520933736,5.0006959585003585,0.24624802175282745,1.2314114871680726,0.38486731794972406,ZONE_01,SUSPENSION_FAULT,REAR_BOGIE,3
26.82,RUN_059_SUSPENSION_FAULT,TRAIN001,0.07400368671772638,-0.7061652520961283,0.06529543893206469,33.22373087138469,29.795389258406566,26.00281627076028,140.89728886297289,4.989388908078428,0.25362526695199267,1.2654350937387027,0.5802157291800745,ZONE_01,SUSPENSION_FAULT,REAR_BOGIE,3
26.830000000000002,RUN_059_SUSPENSION_FAULT,TRAIN001,0.03581346805069782,-0.8756981954537533,-0.023912264093284064,33.10091300873309,29.851158040318733,26.10719464045802,140.92551710398274,4.972192454029641,0.21576746624942195,1.072837367510471,0.913097400935306,ZONE_01,SUSPENSION_FAULT,REAR_BOGIE,3
26.84,RUN_059_SUSPENSION_FAULT,TRAIN001,-0.05009169447468055,-0.5518870226130353,-1.8654636043913588,33.16065622350571,29.74561091377937,26.06845055470081,139.86601147527995,5.002729744812653,0.26121723563937504,1.3067992345908372,0.542540833191326,ZONE_01,SUSPENSION_FAULT,REAR_BOGIE,3
26.85,RUN_059_SUSPENSION_FAULT,TRAIN001,-0.06810755071864637,-0.7186324176980798,1.0327695877688927,33.202965268089756,29.732226725665445,25.966901391700397,140.04660251790077,5.0042782351746125,0.22336301895737584,1.1177706943112904,1.0664613920851074,ZONE_01,SUSPENSION_FAULT,REAR_BOGIE,3
26.86,RUN_059_SUSPENSION_FAULT,TRAIN001,-0.01601149388223657,0.4932448673182555,1.4317038958260278,33.07934030999426,29.833782289473337,26.028742747912673,140.1180106551427,5.0134553591674385,0.2054978546076085,1.030254320479926,1.2763983708879143,ZONE_01,SUSPENSION_FAULT,REAR_BOGIE,3
26.87,RUN_059_SUSPENSION_FAULT,TRAIN001,0.08260464988234814,1.1850056017663246,1.5871501981330163,33.03965557718116,29.829301874500732,26.055842958764206,140.5754769634839,5.0354733288292355,0.24016747288535722,1.2093569041665349,1.2327043061183318,ZONE_01,SUSPENSION_FAULT,REAR_BOGIE,3
26.88,RUN_059_SUSPENSION_FAULT,TRAIN001,0.02944298485428484,0.5989892996396582,2.462067662055319,33.018160778410156,29.930274675536378,26.029518225661594,140.84599110520972,5.002671770173431,0.23953258595784443,1.198302905807949,1.4073398498694483,ZONE_01,SUSPENSION_FAULT,REAR_BOGIE,3
26.89,RUN_059_SUSPENSION_FAULT,TRAIN001,0.04925916056272865,0.3501222234366429,2.6315587128793068,33.10915070328829,29.657366276739598,26.04625651434089,142.21723236350778,4.9753668970234415,0.21181719180448727,1.0538682443245109,1.8706370435534838,ZONE_01,SUSPENSION_FAULT,REAR_BOGIE,3
26.900000000000002,RUN_059_SUSPENSION_FAULT,TRAIN001,0.04075412290236788,0.4814374985190613,2.8658946758398542,33.04186550213694,29.857895246292454,25.9861888302696,141.37540662450814,4.983481392554474,0.24945202242929418,1.2431395121114688,1.9477365951471044,ZONE_01,SUSPENSION_FAULT,REAR_BOGIE,3
26.91,RUN_059_SUSPENSION_FAULT,TRAIN001,0.1083386172934707,1.094767454816553,2.8973756839657283,32.927314314928374,29.84552297161727,26.08827877640517,140.75146882639075,4.998340162920031,0.19911599159133012,0.9952494578505925,1.9547298669451358,ZONE_01,SUSPENSION_FAULT,REAR_BOGIE,3
26.92,RUN_059_SUSPENSION_FAULT,TRAIN001,0.18877365603535007,1.4869959472151293,2.7353257797015,33.10908816674066,29.872272648900474,26.079392876409624,139.32454508378663,4.9888388665553896,0.2204542037496975,1.0998104999620117,1.2783052658275529,ZONE_01,SUSPENSION_FAULT,REAR_BOGIE,3
26.93,RUN_059_SUSPENSION_FAULT,TRAIN001,0.04482994306212002,1.4458548582930728,2.650243003092849,33.07418565026945,29.74133539815732,25.995106299308155,137.61814807281772,4.985303431182396,0.22379828956233466,1.1157023808478583,1.4941789058742128,ZONE_01,SUSPENSION_FAULT,REAR_BOGIE,3
26.94,RUN_059_SUSPENSION_FAULT,TRAIN001,0.1035857225714607,0.43877780410776335,2.881977854528146,33.00144528954755,30.16299859789017,26.023633791110246,141.4426553838265,4.987812329937475,0.22689036306687385,1.1316865504489435,2.0435660175919517,ZONE_01,SUSPENSION_FAULT,REAR_BOGIE,3
26.95,RUN_059_SUSPENSION_FAULT,TRAIN001,-0.12844866159121757,0.918187068267421,2.8105632515272134,32.94344052089839,29.718722933678134,25.90727414836501,141.0607134361931,4.996022262884151,0.27985333062499684,1.398153470144763,1.7829282968984268,ZONE_01,SUSPENSION_FAULT,REAR_BOGIE,3
26.96,RUN_059_SUSPENSION_FAULT,TRAIN001,-0.1731939717279863,0.6611091983030065,1.9518372607750518,33.09280601419907,29.841320685161488,25.889567218690278,139.54698872537344,5.021465766792047,0.23438988910663222,1.1769808042311378,1.1363364108595047,ZONE_01,SUSPENSION_FAULT,REAR_BOGIE,3
26.97,RUN_059_SUSPENSION_FAULT,TRAIN001,-0.0767086836068071,0.35270699520740123,2.2485419509563096,33.187218278637985,29.939296101610253,26.04074762659833,139.44014082718326,4.993356597917646,0.22041872163743076,1.100629277992838,1.3645595952325595,ZONE_01,SUSPENSION_FAULT,REAR_BOGIE,3
26.98,RUN_059_SUSPENSION_FAULT,TRAIN001,0.0668846031116838,0.34979312920606476,1.5996180219369844,33.11254624881137,29.773861370570078,25.98474069260187,138.6990521126888,5.020760214618493,0.231928149920645,1.1644556277716476,0.9181058356805427,ZONE_01,SUSPENSION_FAULT,REAR_BOGIE,3
26.990000000000002,RUN_059_SUSPENSION_FAULT,TRAIN001,-0.09427574119431009,-0.265340411734296,1.5929575750640108,33.027825461482216,29.869906306808883,26.015202703170363,140.0817738749519,5.01953472347087,0.17449568057363327,0.8758871277350335,0.9426859049597496,ZONE_01,SUSPENSION_FAULT,REAR_BOGIE,3
27.0,RUN_059_SUSPENSION_FAULT,TRAIN001,-0.10083831451950592,0.3744254932270521,0.9988464772605923,33.139205498882376,29.79764545317199,26.02344162363869,140.75959191682372,5.0403410866958795,0.22348811298357554,1.1264563182592466,1.589302588713724,ZONE_01,SUSPENSION_FAULT,REAR_BOGIE,3
27.01,RUN_059_SUSPENSION_FAULT,TRAIN001,0.08144804095872593,-0.2911663848174351,0.3689248238626261,33.01350504691222,29.71894846572251,25.945032335304216,139.90213269061783,4.997126699619949,0.24151195979480267,1.206865862568148,0.8862475082313696,ZONE_01,SUSPENSION_FAULT,REAR_BOGIE,3
27.02,RUN_059_SUSPENSION_FAULT,TRAIN001,0.008768761885096383,-0.522109204961713,0.4417103629491524,33.167723531836764,29.96803210374857,25.96984009835511,140.64618197441874,5.008530579992143,0.22392055052727433,1.1215129248045292,0.5118566676116076,ZONE_01,SUSPENSION_FAULT,REAR_BOGIE,3
27.03,RUN_059_SUSPENSION_FAULT,TRAIN001,-0.00015407822595414936,-1.2153193298506189,-0.06818847716937756,32.94519223618561,30.003778689799496,26.01887669546673,140.2185903641787,5.0040211044658225,0.24533190690329013,1.227646039742908,0.8491464167937476,ZONE_01,SUSPENSION_FAULT,REAR_BOGIE,3
27.04,RUN_059_SUSPENSION_FAULT,TRAIN001,-0.054938296626148686,-1.2313172381656279,-0.9863288935580805,33.056269087902926,29.992009192932727,25.959355426143958,139.74907268220213,5.01487767628293,0.23631696774521785,1.1851006860723663,0.9889863388105979,ZONE_01,SUSPENSION_FAULT,REAR_BOGIE,3
27.05,RUN_059_SUSPENSION_FAULT,TRAIN001,0.0793563023533141,-0.3673582162557373,-0.9927624628925525,33.287019081149325,29.905485559404045,25.93580742210565,140.30315549976905,5.028244872495404,0.2421784966181453,1.2177327838488345,0.6720813650700934,ZONE_01,SUSPENSION_FAULT,REAR_BOGIE,3
27.060000000000002,RUN_059_SUSPENSION_FAULT,TRAIN001,0.035570757820185234,-2.283890512696664,-0.5824597533747831,33.17705732843061,29.99049152512823,26.003897748968534,139.39895834105297,5.015935153111465,0.2503055388535331,1.2555163513539445,0.003439129711100941,ZONE_01,SUSPENSION_FAULT,REAR_BOGIE,3
27.07,RUN_059_SUSPENSION_FAULT,TRAIN001,0.010607018410719142,-1.4109253404152242,-0.0942648850833307,33.00124703638669,29.656040918407445,25.914123152165473,139.69378732349168,5.00344610667735,0.2287361833883628,1.1444691662307402,0.693490539072951,ZONE_01,SUSPENSION_FAULT,REAR_BOGIE,3
27.080000000000002,RUN_059_SUSPENSION_FAULT,TRAIN001,-0.09138223261940863,-1.5527729774478938,-0.6817722446173053,33.01922656727853,29.78052845169558,26.052477324783347,140.56554523325434,4.983945584615418,0.2541685793329904,1.2667623687146312,0.0027318220364215273,ZONE_01,SUSPENSION_FAULT,REAR_BOGIE,3
27.09,RUN_059_SUSPENSION_FAULT,TRAIN001,-0.11565819756427967,-0.5635620977633311,-0.1915082544959203,33.11035821067417,29.924468928239072,26.076201147984026,139.44638083412548,5.012707853699694,0.23606144787112204,1.1833070736992943,0.2797344714283618,ZONE_01,SUSPENSION_FAULT,REAR_BOGIE,3
27.1,RUN_059_SUSPENSION_FAULT,TRAIN001,0.16852704027587145,-0.17547969900581506,-0.010104892574321872,33.088727584933146,29.889107674091154,26.0557038406521,139.40464343416485,5.006059886722417,0.20921979077524686,1.04736680210842,0.041361028588727256,ZONE_01,SUSPENSION_FAULT,REAR_BOGIE,3
27.11,RUN_059_SUSPENSION_FAULT,TRAIN001,-0.0514478616317656,-1.019123173393211,-0.7011657857518774,33.108074944318055,29.863316031079073,25.96989737854465,139.83511899741333,5.0116884729281,0.24746502527074482,1.2402176146022528,0.5776525639783261,ZONE_01,SUSPENSION_FAULT,REAR_BOGIE,3
27.12,RUN_059_SUSPENSION_FAULT,TRAIN001,-0.03188140997972397,-0.015332156852743029,0.1977886186798386,33.07578303023716,29.88846309836881,25.997459850479736,141.31451035459486,5.023766930635558,0.23152691246817791,1.1631372464097858,1.1392251099048414,ZONE_01,SUSPENSION_FAULT,REAR_BOGIE,3
27.13,RUN_059_SUSPENSION_FAULT,TRAIN001,-0.05246950752331854,-1.1085345130240372,0.7539761309017436,33.27926605821987,29.799980863628033,26.077393582596127,140.13353960189056,4.970097885601494,0.23873130055369735,1.186517932108826,0.7611033738498741,ZONE_01,SUSPENSION_FAULT,REAR_BOGIE,3
27.14,RUN_059_SUSPENSION_FAULT,TRAIN001,-0.11938382392403363,0.06641293286597048,2.074039430866277,33.0926069232554,29.974765524205356,25.973716908517364,140.188300150171,5.005230998938514,0.25164684980365204,1.2595506134224634,1.2350440147403652,ZONE_01,SUSPENSION_FAULT,REAR_BOGIE,3
27.150000000000002,RUN_059_SUSPENSION_FAULT,TRAIN001,-0.11045623238764679,-0.09937929464139894,0.6959832188149649,32.9468113313015,29.956049765510432,25.94699666842782,140.42371007699987,4.992617483373899,0.22059531161279708,1.101348009508364,1.312266559288481,ZONE_01,SUSPENSION_FAULT,REAR_BOGIE,3
27.16,RUN_059_SUSPENSION_FAULT,TRAIN001,0.03573684523670985,0.638492257303707,1.5830648135085683,33.22328194950241,29.87209006467761,25.963039426306022,140.95041757110812,4.986626315549995,0.1778855801928311,0.8870489153464506,1.239066172536721,ZONE_01,SUSPENSION_FAULT,REAR_BOGIE,3
27.17,RUN_059_SUSPENSION_FAULT,TRAIN001,-0.19274607043022274,0.03922509413365027,1.5804409992549686,33.0468351402152,30.066419021119238,26.042970225237383,139.47789502639228,5.026127253366122,0.1985216717836665,0.9977951849356904,1.2662096188135488,ZONE_01,SUSPENSION_FAULT,REAR_BOGIE,3
27.18,RUN_059_SUSPENSION_FAULT,TRAIN001,0.11068207267488583,1.479309678173899,2.5030474287045803,33.15550353925628,29.793184590579255,25.97706402882744,141.86419722608701,4.993545755852624,0.2569525430122232,1.283104280614226,0.8336606123149708,ZONE_01,SUSPENSION_FAULT,REAR_BOGIE,3
27.19,RUN_059_SUSPENSION_FAULT,TRAIN001,-0.1396247440663302,1.4461958094239593,2.050795908766682,33.127041169839714,29.868883734310813,26.03398855120956,139.24180871672314,4.999523873439946,0.20921772060707614,1.0459889889217657,1.673147485517029,ZONE_01,SUSPENSION_FAULT,REAR_BOGIE,3
27.2,RUN_059_SUSPENSION_FAULT,TRAIN001,-0.17865956675269593,1.7936224814697548,1.2159821849785937,33.11467962901546,29.936447210279564,26.027978538178637,141.60076893816432,4.97601720127002,0.25353917746946986,1.2616153082839343,1.11756993184793,ZONE_01,SUSPENSION_FAULT,REAR_BOGIE,3
27.21,RUN_059_SUSPENSION_FAULT,TRAIN001,-0.20683304694367985,1.5497312503706673,2.044952987107738,33.04144117064895,29.92511734248917,26.010778262918734,141.1144399784907,5.0019915790147484,0.26559675939911925,1.3285127539280008,1.6064543325767386,ZONE_01,SUSPENSION_FAULT,REAR_BOGIE,3
27.22,RUN_059_SUSPENSION_FAULT,TRAIN001,0.0028973670594987784,1.2360404629526,2.751962820960089,33.100300977595616,29.911870492833028,25.960090993911578,140.47500783603832,4.975367968613472,0.19480719651032258,0.9692374855728492,1.6313721623158128,ZONE_01,SUSPENSION_FAULT,REAR_BOGIE,3
27.23,RUN_059_SUSPENSION_FAULT,TRAIN001,0.2189111114503131,0.42293804234838717,2.9461401395257614,33.096534825163936,29.76547209484438,26.014047435278766,140.70947951720973,5.056858082931159,0.22386329202170546,1.1320448977315396,1.275839713327162,ZONE_01,SUSPENSION_FAULT,REAR_BOGIE,3
27.240000000000002,RUN_059_SUSPENSION_FAULT,TRAIN001,0.10115260104783763,0.967498750661078,0.964450276064198,33.16221154531667,29.96309651157209,25.966911736223953,139.57285000141192,4.9816363195257995,0.20702584677550473,1.0313274773774375,1.3016082698619535,ZONE_01,SUSPENSION_FAULT,REAR_BOGIE,3
27.25,RUN_059_SUSPENSION_FAULT,TRAIN001,0.06146067411814904,0.8253023097442374,1.3660803171387645,33.06169252471034,30.06592374416883,26.023459863037907,140.10735806547126,5.014475414786468,0.18402391813526603,0.9227834132219692,1.4238694583821312,ZONE_01,SUSPENSION_FAULT,REAR_BOGIE,3
27.26,RUN_059_SUSPENSION_FAULT,TRAIN001,-0.02076724546551796,0.18851631642272842,1.1237191143019736,33.32516243484569,30.001070126732895,26.02036184913442,139.3785387465076,4.982257423204811,0.20415227089906135,1.017139167150968,1.5449950466482305,ZONE_01,SUSPENSION_FAULT,REAR_BOGIE,3
27.27,RUN_059_SUSPENSION_FAULT,TRAIN001,0.07975053360244831,0.07419713183524895,1.2403547666361026,33.155773333579496,29.977520463018433,25.995939610105992,140.61559474177835,4.995310584374321,0.22540529908103152,1.1259694762735362,1.6054792881713373,ZONE_01,SUSPENSION_FAULT,REAR_BOGIE,3
27.28,RUN_059_SUSPENSION_FAULT,TRAIN001,0.03491206230350907,-0.1464360902356854,2.1755245608868328,33.16255930155311,29.82963563154092,25.98351557734557,139.61124534941942,5.008504692395878,0.2243024061155601,1.1234196535454686,1.2281929270251328,ZONE_01,SUSPENSION_FAULT,REAR_BOGIE,3
27.29,RUN_059_SUSPENSION_FAULT,TRAIN001,0.02868531615969023,-0.20997434571135415,0.9545218787067922,33.10803410004291,29.84644305993734,26.055910760209517,140.53304670674422,5.001125324234398,0.2257395066695059,1.1289515634850456,1.0318655306428803,ZONE_01,SUSPENSION_FAULT,REAR_BOGIE,3
27.3,RUN_059_SUSPENSION_FAULT,TRAIN001,0.04541531431896807,-1.0052142005681917,0.3867596850876388,33.046680530112894,29.92286641986554,26.081991424108512,140.53015816707665,5.035887054669075,0.2423767249063714,1.2205818113090834,0.7605702171226066,ZONE_01,SUSPENSION_FAULT,REAR_BOGIE,3
27.310000000000002,RUN_059_SUSPENSION_FAULT,TRAIN001,0.18082875478611649,-0.3410283550226523,0.42667967403307117,33.18550039591187,29.821296436934727,25.977111173249263,139.99819518182937,5.014280237473815,0.2660726917404766,1.3341630399257343,0.9914479226052757,ZONE_01,SUSPENSION_FAULT,REAR_BOGIE,3
27.32,RUN_059_SUSPENSION_FAULT,TRAIN001,0.12794200141087347,-0.6151466925530884,0.5155383648571594,33.091714699343314,29.813579737086737,25.98469557533321,140.15715416587008,4.987003123566726,0.23947467535507083,1.194260954010866,0.4157449632352759,ZONE_01,SUSPENSION_FAULT,REAR_BOGIE,3
27.330000000000002,RUN_059_SUSPENSION_FAULT,TRAIN001,0.17873518525882742,-1.706604435840311,0.28698338809871904,33.26609886700589,29.89160317117391,26.021096119694466,139.44603478960394,4.982823479344251,0.2664721481206823,1.327783676247035,0.29554108150138025,ZONE_01,SUSPENSION_FAULT,REAR_BOGIE,3
27.34,RUN_059_SUSPENSION_FAULT,TRAIN001,0.01141138863086298,-0.7330560116580612,0.10944396912582344,33.16356617050806,29.931168500557614,25.996114996567613,140.51757506659996,5.02513016384771,0.21292314280394428,1.069966507485354,0.46514246063869985,ZONE_01,SUSPENSION_FAULT,REAR_BOGIE,3
27.35,RUN_059_SUSPENSION_FAULT,TRAIN001,0.13006119445671083,-0.9627007211120898,-0.37659311726816647,33.11137605680266,30.01882510180093,26.027471276957517,139.90737799209876,5.029578888419294,0.20521416170340753,1.0321408153081215,0.392075209344557,ZONE_01,SUSPENSION_FAULT,REAR_BOGIE,3
27.36,RUN_059_SUSPENSION_FAULT,TRAIN001,0.08910767302269496,-0.7887357920163887,-0.8167025530277262,33.050983115853434,29.900341506102173,26.03344989814469,141.0361164405432,4.9964466439744655,0.20849642390353332,1.0417412574934866,0.03878207442475223,ZONE_01,SUSPENSION_FAULT,REAR_BOGIE,3
27.37,RUN_059_SUSPENSION_FAULT,TRAIN001,-0.11451550237671033,-0.9736205623030265,3.335980550622324,33.21714063016782,29.882240187624586,26.00217852569491,140.27434734257145,5.022485478725018,0.22515510996564367,1.13083827026318,0.268992064993506,ZONE_01,SUSPENSION_FAULT,REAR_BOGIE,3
27.38,RUN_059_SUSPENSION_FAULT,TRAIN001,-0.07035417862354608,-1.074206664670235,0.28121258056395837,33.216884646668554,29.728714090983008,25.982612542222853,139.70603825124303,5.001254133060813,0.2286885770737054,1.1437296912736656,0.32508963598649754,ZONE_01,SUSPENSION_FAULT,REAR_BOGIE,3
27.39,RUN_059_SUSPENSION_FAULT,TRAIN001,0.09855056696874163,-0.5220816332306106,-0.11196865366416948,33.17467443780563,30.191251527693332,25.92203138721906,140.64294040271193,5.00262286311989,0.23931006912498484,1.1971780231794504,0.698062996822734,ZONE_01,SUSPENSION_FAULT,REAR_BOGIE,3
27.400000000000002,RUN_059_SUSPENSION_FAULT,TRAIN001,0.01817629027865519,-0.21003950992406517,0.0834333574090622,33.09198588920968,30.174596972618815,25.95058529041051,139.15564828093534,4.97288276996764,0.2646273735853681,1.3159609065644668,0.3704342990862659,ZONE_01,SUSPENSION_FAULT,REAR_BOGIE,3
27.41,RUN_059_SUSPENSION_FAULT,TRAIN001,0.11395750013702238,-1.2948736936869407,0.48635781602377975,33.165150910511635,29.930689675526708,25.94517513610708,140.08725977722688,4.968830302680852,0.2188969956957649,1.0876620253789167,0.5792932861232756,ZONE_01,SUSPENSION_FAULT,REAR_BOGIE,3
27.42,RUN_059_SUSPENSION_FAULT,TRAIN001,0.026970324962224387,-0.398296497591616,-0.09834439341616275,33.29960595910069,29.698921434034723,25.995658803610155,140.62343027092774,4.965636950488002,0.23322810795590931,1.158126110758268,0.590103601488569,ZONE_01,SUSPENSION_FAULT,REAR_BOGIE,3
27.43,RUN_059_SUSPENSION_FAULT,TRAIN001,0.010305244362076423,-0.32686990482677036,1.1737759887766508,33.01990642388077,30.143714102025296,25.91872264404449,139.56571197552427,5.0089259924149605,0.21760343017032494,1.0899594774187944,1.8146442591778496,ZONE_01,SUSPENSION_FAULT,REAR_BOGIE,3
27.44,RUN_059_SUSPENSION_FAULT,TRAIN001,-0.06381095437293594,0.4894347866654031,1.4010255970220173,33.24028367438099,29.969663500845044,25.983454412116664,140.1121976048194,4.981970963787299,0.2163189647371092,1.0776948012368068,0.973374268946489,ZONE_01,SUSPENSION_FAULT,REAR_BOGIE,3
27.45,RUN_059_SUSPENSION_FAULT,TRAIN001,-0.18182467903749736,-0.010049709889516645,1.6841230304194124,33.06069768609785,29.74584344476012,26.057978772809758,138.78724084645802,5.010766477176577,0.20157320496242645,1.0100362581227695,1.1388924291868623,ZONE_01,SUSPENSION_FAULT,REAR_BOGIE,3
27.46,RUN_059_SUSPENSION_FAULT,TRAIN001,0.10352456631506178,-0.054273260430946935,2.3156344811871223,33.12264349646484,29.95217482410183,26.053009163879302,140.3320345789202,5.021758678254086,0.24764366871559185,1.2436067424872033,1.0006171287609034,ZONE_01,SUSPENSION_FAULT,REAR_BOGIE,3
27.47,RUN_059_SUSPENSION_FAULT,TRAIN001,-0.04120696403130503,1.652989566173693,2.073689693357547,33.24889490500259,29.91171375558987,25.96396956674727,141.29768000905895,5.043975990600143,0.2223242336477897,1.1213980966480277,1.5740866917839689,ZONE_01,SUSPENSION_FAULT,REAR_BOGIE,3
27.48,RUN_059_SUSPENSION_FAULT,TRAIN001,-0.004785169178145757,1.7295664820110654,1.9719158184145889,32.993775819680046,30.12125657718059,25.974180393960598,139.72696536761367,4.980230884330077,0.23673081207477406,1.1789741015673294,1.4362728294516678,ZONE_01,SUSPENSION_FAULT,REAR_BOGIE,3
27.490000000000002,RUN_059_SUSPENSION_FAULT,TRAIN001,-0.05422316244147029,2.2569495160497777,2.6660340565085106,33.43523980941688,29.91352592777493,25.973178030361698,140.05278990694,5.004209704901345,0.22390585784978348,1.1204718668361475,1.4859648022734189,ZONE_01,SUSPENSION_FAULT,REAR_BOGIE,3
27.5,RUN_059_SUSPENSION_FAULT,TRAIN001,0.061270937426694774,0.8944860823000607,3.219977949854659,33.16605066666076,29.70907617567042,26.034813037205637,140.14886834193626,4.984312987214999,0.2521083599558728,1.2565869727135304,1.423977159541089,ZONE_01,SUSPENSION_FAULT,REAR_BOGIE,3
27.51,RUN_059_SUSPENSION_FAULT,TRAIN001,-0.023085439323734788,0.5418198183880507,1.730525112743684,33.03613782838101,29.930937452836453,26.06554795296976,139.8704272959011,5.00634057524922,0.224127720090628,1.1220596991278107,1.4532361327739762,ZONE_01,SUSPENSION_FAULT,REAR_BOGIE,3
27.52,RUN_059_SUSPENSION_FAULT,TRAIN001,-0.05280138603673517,0.9463629521999409,2.6744962191842605,33.09917146245249,29.933741710531404,25.948354249695527,138.4288129902132,5.012091286469095,0.25524189371342376,1.2792956714229222,1.6203624832655998,ZONE_01,SUSPENSION_FAULT,REAR_BOGIE,3
27.53,RUN_059_SUSPENSION_FAULT,TRAIN001,-0.05053025688257208,0.313468555137848,2.4195442971554693,33.15589600643733,29.968181995160336,25.94987833037957,138.4945019483605,5.0037213659297475,0.232996411234805,1.1658491210805477,1.5832802545486493,ZONE_01,SUSPENSION_FAULT,REAR_BOGIE,3
27.54,RUN_059_SUSPENSION_FAULT,TRAIN001,-0.04850534229468591,1.0247303562368268,2.687702311808993,33.12427707898136,30.02087653712017,25.941928798827508,138.79535973700055,4.996733953961031,0.25485884137823456,1.2734618261817932,1.6347122931519402,ZONE_01,SUSPENSION_FAULT,REAR_BOGIE,3
27.55,RUN_059_SUSPENSION_FAULT,TRAIN001,0.0029487273590601206,0.4118119031099304,2.0864137117972996,33.28993763552495,29.717683255853913,26.035440129170652,139.80916492116836,5.011480769288888,0.20722282135502576,1.0384931841784983,1.429047813398482,ZONE_01,SUSPENSION_FAULT,REAR_BOGIE,3
27.560000000000002,RUN_059_SUSPENSION_FAULT,TRAIN001,0.04392723354862582,0.3047085290449767,0.4668040206608859,33.137757545429125,29.957684221372215,25.897616277630505,140.0951450703452,5.005821154495636,0.2434523780261411,1.2186790640355256,1.042098147992811,ZONE_01,SUSPENSION_FAULT,REAR_BOGIE,3
27.57,RUN_059_SUSPENSION_FAULT,TRAIN001,-0.25941141147101593,-1.0448149585618984,0.9986454440470577,33.19570675180467,29.911345121704255,25.90587817386047,139.6363003250597,5.019109698129766,0.24246711784505762,1.2169690626537015,0.4752259449070574,ZONE_01,SUSPENSION_FAULT,REAR_BOGIE,3
27.580000000000002,RUN_059_SUSPENSION_FAULT,TRAIN001,-0.0852465967444687,0.4243132998544905,1.836421517185878,33.21676792266975,29.83203611305384,25.98445051285539,141.18624007951007,5.023651184055737,0.2124566049757622,1.0673078751469496,1.4915017731790732,ZONE_01,SUSPENSION_FAULT,REAR_BOGIE,3
27.59,RUN_059_SUSPENSION_FAULT,TRAIN001,-0.022061660103369952,-0.6039332181385915,0.7292366957625029,32.93724768851281,29.87033659155611,26.03583216596453,140.9945067693718,5.016691776186296,0.24436386876615923,1.2258982108362584,1.0096513652035333,ZONE_01,SUSPENSION_FAULT,REAR_BOGIE,3
27.6,RUN_059_SUSPENSION_FAULT,TRAIN001,0.10840995136661923,-0.01576169820451967,0.20217841275739162,33.20019799263321,30.11462390751259,26.004831814060655,139.53058331633915,4.985169331800759,0.24115612705862663,1.2022041287885128,1.4260343466480587,ZONE_01,SUSPENSION_FAULT,REAR_BOGIE,3
27.61,RUN_059_SUSPENSION_FAULT,TRAIN001,0.0797697007005278,-0.7456897372649689,0.40959252474791286,33.091721748952764,29.863427279205165,26.0448172770682,139.81662371839266,4.979970915232759,0.21822169622295928,1.0867377002630956,0.40653231136708334,ZONE_01,SUSPENSION_FAULT,REAR_BOGIE,3
27.62,RUN_059_SUSPENSION_FAULT,TRAIN001,-0.05309546156103491,-1.5482210756033241,-0.9964754259971558,33.19090476381814,29.886431886103367,25.89641510900788,139.0222976545949,4.995595938165269,0.2387116125360695,1.1925067619780703,0.5640481227453974,ZONE_01,SUSPENSION_FAULT,REAR_BOGIE,3
27.63,RUN_059_SUSPENSION_FAULT,TRAIN001,-0.09179075542795907,-0.81413327814811,-1.2314253198053522,33.01963942062336,29.886564102825012,26.022155097822964,140.69635211804007,5.014484225018057,0.2370243812836315,1.1885550208914355,0.6682475889683173,ZONE_01,SUSPENSION_FAULT,REAR_BOGIE,3
27.64,RUN_059_SUSPENSION_FAULT,TRAIN001,0.0022169834079901977,-1.1714977189242874,-0.34354695204031993,33.27016693540724,30.02391464527532,26.040394683359924,138.55280036908113,5.0097181867145215,0.22853507079301094,1.1448963004538375,0.2874334071527037,ZONE_01,SUSPENSION_FAULT,REAR_BOGIE,3
27.650000000000002,RUN_059_SUSPENSION_FAULT,TRAIN001,-0.08839926703798551,-1.049920273940299,-0.9930610358512864,33.012166167547534,29.812130723513683,25.975641391477957,140.143218342549,5.015600174705284,0.2492719671174824,1.2502485218235746,0.6720181165919195,ZONE_01,SUSPENSION_FAULT,REAR_BOGIE,3
27.66,RUN_059_SUSPENSION_FAULT,TRAIN001,0.06623869355376713,-1.39154294304854,-0.21495352343356464,33.12811591473913,30.011042061517404,25.997139993665694,140.6581194977276,4.961201118410063,0.23769281564362485,1.1792418628091885,0.5886983956811087,ZONE_01,SUSPENSION_FAULT,REAR_BOGIE,3
27.67,RUN_059_SUSPENSION_FAULT,TRAIN001,0.1717399551677104,-0.5431543143608046,-0.03818868496266006,33.11764511915299,29.983619001586323,25.939291374901487,139.50649844199216,5.021964485543209,0.22263175602753216,1.1180487721243868,1.0853857626629102,ZONE_01,SUSPENSION_FAULT,REAR_BOGIE,3
27.68,RUN_059_SUSPENSION_FAULT,TRAIN001,0.11883756552135726,-1.1942094709260052,0.08993664549139217,33.186313874696495,29.908270259827507,25.943733036383065,140.80750828896865,4.981995734882598,0.2558284408442659,1.2745362011477979,0.803565975121495,ZONE_01,SUSPENSION_FAULT,REAR_BOGIE,3
27.69,RUN_059_SUSPENSION_FAULT,TRAIN001,0.10054178901348468,-0.32381216318450035,-0.07814280188432005,33.12318457310825,29.88253254592989,26.030766666830893,139.56793535788628,5.001166090224388,0.19540856160624606,0.9772706720446811,0.9799261975165559,ZONE_01,SUSPENSION_FAULT,REAR_BOGIE,3
27.7,RUN_059_SUSPENSION_FAULT,TRAIN001,-0.07010510210667481,-0.8419496645265346,0.6722162855344781,32.993008742162445,30.070674873764403,26.047699603534024,139.22878896684364,4.999444283974043,0.22387277711596926,1.1192394758898274,1.0530042723737547,ZONE_01,SUSPENSION_FAULT,REAR_BOGIE,3
27.71,RUN_059_SUSPENSION_FAULT,TRAIN001,-0.19339907199504813,0.09757688702831584,1.054124377368634,33.04281925021563,29.984407988189847,26.02687721853117,140.00843347899655,5.003725603650224,0.2453371313661153,1.2275996857427296,0.5166912532685675,ZONE_01,SUSPENSION_FAULT,REAR_BOGIE,3
27.72,RUN_059_SUSPENSION_FAULT,TRAIN001,-0.10167872049932909,0.7468465490441119,2.0122655472017117,33.38022871529861,29.75909389336348,26.04373618335152,139.42908320683614,4.985719704395666,0.24625174267679062,1.2277421657054461,1.0012916005463761,ZONE_01,SUSPENSION_FAULT,REAR_BOGIE,3
27.73,RUN_059_SUSPENSION_FAULT,TRAIN001,0.05347384853774512,0.2955787619916727,1.6823029313099425,33.37281539866953,30.20749046860558,26.053790052253873,140.54795538629563,4.998094138115506,0.21591841241575982,1.0791805514064154,1.3027107037581045,ZONE_01,SUSPENSION_FAULT,REAR_BOGIE,3
27.740000000000002,RUN_059_SUSPENSION_FAULT,TRAIN001,0.19692025582656558,0.31030710347392676,1.1662200558363447,33.102831383425844,29.994405972221653,26.029871713801,141.0078624245495,4.980823166932162,0.18526305746117894,0.9227625285793244,1.496958313240933,ZONE_01,SUSPENSION_FAULT,REAR_BOGIE,3
27.75,RUN_059_SUSPENSION_FAULT,TRAIN001,0.12176224895231068,0.9223417205880152,2.169696736826958,33.167671523428055,30.056333626540987,25.942977795116608,140.4369910642418,4.996091514962571,0.25617398866559565,1.2798686911263002,1.3586721011875533,ZONE_01,SUSPENSION_FAULT,REAR_BOGIE,3
27.76,RUN_059_SUSPENSION_FAULT,TRAIN001,0.046994763035915474,1.8119753101137106,2.4463177357800325,33.14870119489004,29.95955062833062,26.0390489725644,139.10541403595943,5.002169402296815,0.21822530716835903,1.0915999543243893,1.4655397349251924,ZONE_01,SUSPENSION_FAULT,REAR_BOGIE,3
27.77,RUN_059_SUSPENSION_FAULT,TRAIN001,-0.06913783195998634,1.404699934924254,2.3443546062874363,33.38416700903918,30.04067523258266,26.05338396840942,139.63668178972154,5.0182848066094445,0.22948883773421117,1.1516403476880521,1.4452480093753919,ZONE_01,SUSPENSION_FAULT,REAR_BOGIE,3
27.78,RUN_059_SUSPENSION_FAULT,TRAIN001,0.055849914745499545,0.8842704054286157,2.6018244244255593,33.222556129365685,30.046168376198203,25.995575191958622,139.57923974476958,5.0178198843976975,0.22041984097345824,1.106027060952397,1.6001586249601716,ZONE_01,SUSPENSION_FAULT,REAR_BOGIE,3
27.79,RUN_059_SUSPENSION_FAULT,TRAIN001,-0.06027604956716062,1.0671976817577447,2.4834128334385457,33.27473827100701,29.918061446531695,25.972331091476057,139.54931831905492,4.984183160866649,0.22799614977211502,1.1363745704366062,1.6865939477683798,ZONE_01,SUSPENSION_FAULT,REAR_BOGIE,3
27.8,RUN_059_SUSPENSION_FAULT,TRAIN001,-0.12527336380037055,0.8671976212343421,3.5414753890781454,33.200256306954,29.955305192268714,26.05154089305778,139.5180840669182,4.986453868113625,0.23281580895650433,1.1609252911291637,1.9206481368383033,ZONE_01,SUSPENSION_FAULT,REAR_BOGIE,3
27.810000000000002,RUN_059_SUSPENSION_FAULT,TRAIN001,-0.07047034449777775,1.258407904778306,2.14071970258196,33.18033984026345,29.99934983885763,26.04970665097024,140.190494407351,5.014310276353652,0.24028698983392988,1.20487352239836,2.023246211587911,ZONE_01,SUSPENSION_FAULT,REAR_BOGIE,3
27.82,RUN_059_SUSPENSION_FAULT,TRAIN001,-0.08755082424088055,0.6731001390640999,2.6934371111699456,33.125102532792646,30.007254597925716,25.965877124237426,140.66827698876864,4.996635713471534,0.2325050187093659,1.1617428800445848,1.1123410944120276,ZONE_01,SUSPENSION_FAULT,REAR_BOGIE,3
27.830000000000002,RUN_059_SUSPENSION_FAULT,TRAIN001,0.169058545719036,1.238182904748258,1.8768912447639896,33.239042732428324,29.899660457836013,25.95461166021995,141.2129488967652,5.017257898187524,0.2408645372843835,1.2084795020833565,1.362515296829376,ZONE_01,SUSPENSION_FAULT,REAR_BOGIE,3
27.84,RUN_059_SUSPENSION_FAULT,TRAIN001,-0.056164131397252605,0.3384420307955328,0.13489038410610443,33.25467668189022,29.913869458309684,25.986742827512867,138.17069004534812,5.012531958303371,0.21030517932125461,1.05416143234451,0.8416934101251332,ZONE_01,SUSPENSION_FAULT,REAR_BOGIE,3
27.85,RUN_059_SUSPENSION_FAULT,TRAIN001,0.11292351626492836,-0.3403507435355014,1.6211750101572395,33.23816776812756,29.88330125352896,26.01849841088352,139.8498465103727,5.034606055260438,0.24821714367413023,1.2496755345612263,0.7284481588454212,ZONE_01,SUSPENSION_FAULT,REAR_BOGIE,3
27.86,RUN_059_SUSPENSION_FAULT,TRAIN001,0.031734609675941876,0.760828754658622,0.5508711933918486,33.194315068840204,29.876283879554236,26.063119483051874,138.1329033947435,5.032509374170804,0.23056364356361292,1.160313697576858,1.2900492977765685,ZONE_01,SUSPENSION_FAULT,REAR_BOGIE,3
27.87,RUN_059_SUSPENSION_FAULT,TRAIN001,0.014813698167616327,0.17106485749965028,0.2737856577815622,33.177762110277044,30.12898889200619,26.087605151756808,139.92472751789933,4.992857436872168,0.18571234221530208,0.92723524894862,1.00543367499539,ZONE_01,SUSPENSION_FAULT,REAR_BOGIE,3
27.88,RUN_059_SUSPENSION_FAULT,TRAIN001,0.0517583142106948,-0.5912160473563343,0.5181677656519983,33.21101863303913,29.85733793837181,25.87684926814467,140.80783001671614,4.9563033687845515,0.23287426108811632,1.1541954847342442,0.5697798560607241,ZONE_01,SUSPENSION_FAULT,REAR_BOGIE,3
27.89,RUN_059_SUSPENSION_FAULT,TRAIN001,0.04683455582324793,-0.8652663045397467,-0.07498123832509954,33.27514517284636,30.095582220668494,25.879062833054252,141.30743079717757,4.968488845410282,0.2391584140800588,1.1882559126427854,0.2820437871919504,ZONE_01,SUSPENSION_FAULT,REAR_BOGIE,3
27.900000000000002,RUN_059_SUSPENSION_FAULT,TRAIN001,0.22163921005885584,-0.2619087752695365,1.7015144965529319,32.976673695625436,29.9251255980781,26.055698770882785,139.9675109135545,5.028515272534908,0.21264596618788717,1.0692934886187322,0.7072229879359415,ZONE_01,SUSPENSION_FAULT,REAR_BOGIE,3
27.91,RUN_059_SUSPENSION_FAULT,TRAIN001,-0.08806788216533501,-1.1587371398142974,0.2121581249271388,33.31602193582262,29.893983939033163,25.968146078038835,141.111102261355,4.977223289523558,0.18630884369964756,0.9273007159060903,0.7931080995390135,ZONE_01,SUSPENSION_FAULT,REAR_BOGIE,3
27.92,RUN_059_SUSPENSION_FAULT,TRAIN001,-0.028423792147256613,-0.4572783736600081,0.09166885982635542,33.11590838110798,30.041484390895338,26.021930261835486,141.19563445086374,5.008610080500376,0.2482000771358146,1.243137408323412,0.5243456741858784,ZONE_01,SUSPENSION_FAULT,REAR_BOGIE,3
27.93,RUN_059_SUSPENSION_FAULT,TRAIN001,0.05230804003976807,-0.7517408724491369,-0.6312165740281056,33.10095320236543,29.789478354226183,26.000065186819025,139.81410948392093,5.012913275490462,0.2342225326700025,1.174137243440454,0.2556411725689916,ZONE_01,SUSPENSION_FAULT,REAR_BOGIE,3
27.94,RUN_059_SUSPENSION_FAULT,TRAIN001,0.09384889313563087,-0.3366227835845824,-0.13733876056318206,33.097285990076195,30.056112996520742,25.879718175906646,138.5011022822208,5.0043087490473175,0.2591199579618819,1.2967162726814188,0.37103486103949446,ZONE_01,SUSPENSION_FAULT,REAR_BOGIE,3
27.95,RUN_059_SUSPENSION_FAULT,TRAIN001,-0.10788148211723801,-1.5535859027448646,-0.3273679528534907,33.07095154390521,29.943209386355946,25.950408626602588,139.9759994992333,5.02948826325068,0.2192584883085567,1.1027579935659724,0.5747347638265753,ZONE_01,SUSPENSION_FAULT,REAR_BOGIE,3
27.96,RUN_059_SUSPENSION_FAULT,TRAIN001,-0.01878249572461326,-0.14107005112956195,0.5803910535957958,33.06078044749413,29.819527517410407,25.972814402958342,139.36939785225076,4.987046214216817,0.21098557109099986,1.052194793563744,1.0014190539642438,ZONE_01,SUSPENSION_FAULT,REAR_BOGIE,3
27.97,RUN_059_SUSPENSION_FAULT,TRAIN001,0.14520746406397475,-0.9706945842287219,0.5731446453223779,33.10635923620762,29.95283252937457,25.98204596737458,139.95620258277285,5.018599903811064,0.25466513395560014,1.2780624167736068,0.4002934860917762,ZONE_01,SUSPENSION_FAULT,REAR_BOGIE,3
27.98,RUN_059_SUSPENSION_FAULT,TRAIN001,0.0032906052198595536,-0.5706908840774667,-0.3699535665718213,33.25195003141098,29.82172732200575,26.014911807959024,141.0131657745565,5.004951529528485,0.2087950941382494,1.0450093257652753,1.1705212936141893,ZONE_01,SUSPENSION_FAULT,REAR_BOGIE,3
27.990000000000002,RUN_059_SUSPENSION_FAULT,TRAIN001,-0.006092693035112251,-0.5205687882543948,1.3332781440432182,33.01932170788315,29.830920496702156,26.023209057772295,139.1158519879869,4.994097189708217,0.24457032876582394,1.2214079915754161,0.7907138632613256,ZONE_01,SUSPENSION_FAULT,REAR_BOGIE,3
28.0,RUN_059_SUSPENSION_FAULT,TRAIN001,-0.014020681981169512,-0.09959117444035032,1.1892440965914517,33.12126593849729,30.096734271925982,26.026879034063874,139.51379858157813,4.988243235615236,0.25869040317824676,1.2904106537724678,0.9351771041617704,ZONE_01,SUSPENSION_FAULT,REAR_BOGIE,3
28.01,RUN_059_SUSPENSION_FAULT,TRAIN001,-0.05274330706108349,-0.11068667743966712,1.2973843602061925,33.21218972447823,30.04566678671018,25.972358220405148,139.67590428496115,4.99277592092652,0.23289772388410088,1.162806147847132,1.1007953300455755,ZONE_01,SUSPENSION_FAULT,REAR_BOGIE,3
28.02,RUN_059_SUSPENSION_FAULT,TRAIN001,0.10393916352261666,0.33652167016974766,1.8871973823672565,33.32597338063589,29.966183698085313,26.03611653212547,138.56467401326253,4.9700881495592535,0.25704421097030905,1.2775323868563417,1.8576706630685171,ZONE_01,SUSPENSION_FAULT,REAR_BOGIE,3
28.03,RUN_059_SUSPENSION_FAULT,TRAIN001,-0.09321821555641907,-0.010538633034787637,2.759079287362407,33.129737284738944,30.04855261068606,26.00148310084515,139.72715419800696,4.971834932402224,0.23612425720838884,1.1739708303761953,1.4628878795259086,ZONE_01,SUSPENSION_FAULT,REAR_BOGIE,3
28.04,RUN_059_SUSPENSION_FAULT,TRAIN001,0.06287082585416358,1.0487138564306062,2.2071913097359763,32.96300960288401,29.852846463896157,25.996491337489317,140.86353845243127,5.005754855780606,0.20101143120647735,1.0062139478292333,1.4805638892243922,ZONE_01,SUSPENSION_FAULT,REAR_BOGIE,3
28.05,RUN_059_SUSPENSION_FAULT,TRAIN001,0.04990060838254534,0.6790405746008965,1.3434579994905016,33.19790676436705,29.9404286917766,26.03526236560983,140.7537647252138,4.973743871028758,0.2775818473174222,1.380621011803869,1.4611003325968959,ZONE_01,SUSPENSION_FAULT,REAR_BOGIE,3
28.060000000000002,RUN_059_SUSPENSION_FAULT,TRAIN001,-0.12168334127951436,1.3235987944106247,2.5962153550120366,33.3166798875129,29.742208698707167,25.9821402630546,139.9355422868242,5.013689160766373,0.2156569009831928,1.0812366669039006,1.664705576494933,ZONE_01,SUSPENSION_FAULT,REAR_BOGIE,3
28.07,RUN_059_SUSPENSION_FAULT,TRAIN001,0.062420219165693604,0.8723921800441937,2.2434055131395407,33.349563049908525,29.807885957945725,26.011579411152535,139.35239745133705,4.973847887314237,0.19232177002633427,0.9565792295300173,1.3263304796542121,ZONE_01,SUSPENSION_FAULT,REAR_BOGIE,3
28.080000000000002,RUN_059_SUSPENSION_FAULT,TRAIN001,0.09526372917933171,0.5669999124077048,2.3959599689593447,33.08328206461891,29.995933832122898,26.009537331486193,140.8332058116677,5.011012691213671,0.24834219086681653,1.2444458701974255,1.0371151974389825,ZONE_01,SUSPENSION_FAULT,REAR_BOGIE,3
28.09,RUN_059_SUSPENSION_FAULT,TRAIN001,0.1908920781287468,0.6422862565990096,3.0184658223516325,33.326543295094076,30.00468529430859,25.974605094217615,138.7541447401886,5.016429164859664,0.21848401868919745,1.096009603408234,1.7582019190861582,ZONE_01,SUSPENSION_FAULT,REAR_BOGIE,3
28.1,RUN_059_SUSPENSION_FAULT,TRAIN001,0.06628870718550024,0.8794509054812891,3.212760053387928,33.212400190948756,29.892144292577807,25.96084602203792,140.7107432724598,4.988441508392706,0.2419270828782547,1.206839102234248,2.0098467702942138,ZONE_01,SUSPENSION_FAULT,REAR_BOGIE,3
28.11,RUN_059_SUSPENSION_FAULT,TRAIN001,0.012631007165732162,0.18703367085675093,1.2867186266189816,33.32646161244839,30.04239837660692,25.988512139630465,140.56236214672683,5.025735071638835,0.2262192934445533,1.1369182369456488,1.3638825329272515,ZONE_01,SUSPENSION_FAULT,REAR_BOGIE,3
28.12,RUN_059_SUSPENSION_FAULT,TRAIN001,0.04632423059732537,0.14407071319794562,2.0629835026594185,33.1830620227481,29.84093230745463,26.087619273765824,139.48832180807707,4.994591582976168,0.2279335969633807,1.1384352248707834,1.8253206117991634,ZONE_01,SUSPENSION_FAULT,REAR_BOGIE,3
28.13,RUN_059_SUSPENSION_FAULT,TRAIN001,-0.10903145480975229,0.7649783347297563,1.1233195957179127,33.21401750675508,29.941276424859176,26.01126828012437,140.25891804757325,5.006565676722745,0.26459898316639807,1.3247321872166278,1.136181787107411,ZONE_01,SUSPENSION_FAULT,REAR_BOGIE,3
28.14,RUN_059_SUSPENSION_FAULT,TRAIN001,0.0879533713936217,0.5215025692738257,1.7442282673397769,33.174935937196175,29.987887848702137,26.03172419881786,140.5940266404438,4.995689954223033,0.2591097327691495,1.2944318890362547,0.5524394419182759,ZONE_01,SUSPENSION_FAULT,REAR_BOGIE,3
28.150000000000002,RUN_059_SUSPENSION_FAULT,TRAIN001,0.0918148699280906,-0.2223336527275983,0.15286383811578885,33.11384867646605,29.87053555365525,26.033946874299964,139.07424861074009,4.984701526279881,0.25416594819053817,1.266941389873749,0.6505423757707112,ZONE_01,SUSPENSION_FAULT,REAR_BOGIE,3
28.16,RUN_059_SUSPENSION_FAULT,TRAIN001,-0.10254393983600807,0.21861781709945666,0.705395856838748,33.45655582959722,30.11319779348423,26.00552193124158,141.0887726120617,5.017535197426934,0.25391273184674945,1.2740160691158922,0.7371988172361879,ZONE_01,SUSPENSION_FAULT,REAR_BOGIE,3
28.17,RUN_059_SUSPENSION_FAULT,TRAIN001,-0.1734890431424816,-0.8039918217490408,-0.08554449241433315,33.235998047601214,29.984832100575,26.081633561758682,139.6667961228063,5.001629420517461,0.21696888256344715,1.0851979463661352,1.3843585970543697,ZONE_01,SUSPENSION_FAULT,REAR_BOGIE,3
28.18,RUN_059_SUSPENSION_FAULT,TRAIN001,-0.12682413230354006,-0.7088660083348156,0.3195379038472915,33.14365892893353,29.8211732760054,25.93610407032169,140.3786304379633,4.96712149241282,0.2592221816472555,1.287588069770223,0.7937109249491444,ZONE_01,SUSPENSION_FAULT,REAR_BOGIE,3
28.19,RUN_059_SUSPENSION_FAULT,TRAIN001,-0.024742406125874,-0.9669083969828685,-0.3133666701219026,33.20512879150414,29.852818144643415,26.022514639283294,139.20407184964503,4.993524297124686,0.2507044005703954,1.2518985156443492,0.5700492031537272,ZONE_01,SUSPENSION_FAULT,REAR_BOGIE,3
28.2,RUN_059_SUSPENSION_FAULT,TRAIN001,-0.04580199724449685,-0.6196162016567668,-0.11464751175120774,33.32163546423529,29.92581119252907,26.07237005292959,138.39953493721353,4.982834137901139,0.25444295311419857,1.2678470329258076,0.5375150521312488,ZONE_01,SUSPENSION_FAULT,REAR_BOGIE,3
28.21,RUN_059_SUSPENSION_FAULT,TRAIN001,0.1328277664737336,-0.9996163360455168,-0.8124325168818634,33.0353355098483,29.853697163345053,26.017639646166757,140.07401821751202,4.997768395010828,0.20706891978688263,1.0348825028999145,0.26312264972784205,ZONE_01,SUSPENSION_FAULT,REAR_BOGIE,3
28.22,RUN_059_SUSPENSION_FAULT,TRAIN001,0.03717520264652146,-0.6912055027099323,-0.5350006455187383,33.31463916952063,29.946534309669477,26.01158087266421,140.12141469553436,4.992135203466767,0.26638071046542944,1.3298085222389586,0.7014395064594023,ZONE_01,SUSPENSION_FAULT,REAR_BOGIE,3
28.23,RUN_059_SUSPENSION_FAULT,TRAIN001,-0.03318837374509995,-1.6844491763259144,-0.4850724257896614,32.99241117806441,29.886225178659398,26.079747721620624,140.75248681307968,4.989362691276867,0.23097829915180462,1.152434508282601,0.09965390122908485,ZONE_01,SUSPENSION_FAULT,REAR_BOGIE,3
28.240000000000002,RUN_059_SUSPENSION_FAULT,TRAIN001,0.0744215554954679,-0.8824757291061476,0.139085090709071,33.30598937775889,30.135916152959282,26.04041888414504,139.32650155423855,5.008681628617983,0.23101701183175738,1.1570906630599462,0.017634788416352132,ZONE_01,SUSPENSION_FAULT,REAR_BOGIE,3
28.25,RUN_059_SUSPENSION_FAULT,TRAIN001,0.02007510002378171,0.1267180348547048,0.8800052635439212,33.194806267089845,29.911759117766238,25.922303508124934,139.60848946260842,4.969968428419223,0.21339342882293444,1.060558604082109,-0.02900158927915697,ZONE_01,SUSPENSION_FAULT,REAR_BOGIE,3
28.26,RUN_059_SUSPENSION_FAULT,TRAIN001,-0.06001294488508514,-0.8367853918911216,0.08663286122309545,33.23711497512811,29.91274581176179,25.95669091774616,140.04087203999723,5.0108698033778944,0.21588772241259885,1.0817852691573207,0.9958115889063338,ZONE_01,SUSPENSION_FAULT,REAR_BOGIE,3
28.27,RUN_059_SUSPENSION_FAULT,TRAIN001,-0.08235089672800755,0.10480702811373549,0.5428231578467994,33.145608395379845,30.0279634139512,25.89290809134503,140.06713915033976,4.960411689071645,0.24892745068891914,1.23478263612812,0.7688237268715409,ZONE_01,SUSPENSION_FAULT,REAR_BOGIE,3
28.28,RUN_059_SUSPENSION_FAULT,TRAIN001,-0.027992316036201566,-0.39829659295023506,0.5072981418370008,33.18898406151469,30.06753670139672,25.979029097966457,139.91138999978588,5.024632013355365,0.22246065183263036,1.1177829129101364,1.6585303733868757,ZONE_01,SUSPENSION_FAULT,REAR_BOGIE,3
28.29,RUN_059_SUSPENSION_FAULT,TRAIN001,0.13948201110114086,0.3132432013643294,0.37384639650331486,33.18281629758452,30.043189623960856,25.955999543622568,139.56051015598615,4.9873884314088865,0.21861773972601728,1.0903315860102976,1.3698698167892183,ZONE_01,SUSPENSION_FAULT,REAR_BOGIE,3
28.3,RUN_059_SUSPENSION_FAULT,TRAIN001,0.09271823591682511,0.355844961208143,1.9539317629824684,33.11077779481571,29.917515780939606,25.94274018444931,139.83699915865202,4.989096631634542,0.25271426082683535,1.2608158674571772,0.823338001270212,ZONE_01,SUSPENSION_FAULT,REAR_BOGIE,3
28.310000000000002,RUN_059_SUSPENSION_FAULT,TRAIN001,0.20857422283250002,0.20837507152434498,2.1606643018106335,33.305985833283025,29.84588544247921,25.999798311475782,139.02219496348334,5.015738836197204,0.25374555113258485,1.2727214153279691,2.014821993483107,ZONE_01,SUSPENSION_FAULT,REAR_BOGIE,3
28.32,RUN_059_SUSPENSION_FAULT,TRAIN001,-0.032836729589796124,1.3492935416152405,1.9830257696093654,33.34879050522769,29.886268476731814,26.0493785518518,139.21097359253156,5.005154263132615,0.2659984487172502,1.3313632695838071,1.6602324231546777,ZONE_01,SUSPENSION_FAULT,REAR_BOGIE,3
28.330000000000002,RUN_059_SUSPENSION_FAULT,TRAIN001,0.05905717034592383,0.5423095143844269,3.0653726988703065,33.14511841932457,30.130861120321626,26.041850793224544,139.36823846204692,4.997542253849378,0.2316163720021268,1.157512605763925,1.7176368210337802,ZONE_01,SUSPENSION_FAULT,REAR_BOGIE,3
28.34,RUN_059_SUSPENSION_FAULT,TRAIN001,-0.05659036533223279,1.839919336236511,2.2481304863558678,33.121062085473326,30.079143373817743,25.97519952364378,139.36573654807913,4.985390769233145,0.21443152234010698,1.0690249321069805,2.093489533077888,ZONE_01,SUSPENSION_FAULT,REAR_BOGIE,3
28.35,RUN_059_SUSPENSION_FAULT,TRAIN001,-0.052505296818065574,0.5650648369441382,2.4391334786619803,33.16445776021346,29.96418708822254,26.030827244307247,139.13619714811324,4.973102616304301,0.2381263702680108,1.1842268749908913,2.183770972925572,ZONE_01,SUSPENSION_FAULT,REAR_BOGIE,3
28.36,RUN_059_SUSPENSION_FAULT,TRAIN001,-0.08619137203297764,0.7348846587786434,1.9925497377056818,33.10923276194753,29.92141012080221,25.99672189188867,139.43634668137804,5.007841309908028,0.23369861894854244,1.170325598038966,1.8979273395486227,ZONE_01,SUSPENSION_FAULT,REAR_BOGIE,3
28.37,RUN_059_SUSPENSION_FAULT,TRAIN001,-0.13746062582485077,0.6839466342684472,1.7305164373300919,33.10002687038878,30.038981433601887,25.977665876712514,138.3008900066951,4.981773303671215,0.20673527136811648,1.0299082558289068,1.4479931641489254,ZONE_01,SUSPENSION_FAULT,REAR_BOGIE,3
28.38,RUN_059_SUSPENSION_FAULT,TRAIN001,0.11146346030108463,0.5408038439394636,3.7565775314751146,33.16142020229676,29.882247012830124,25.971332048466717,139.21187766924677,5.038201104506148,0.18979205481993822,0.956210540220304,1.5495717685205335,ZONE_01,SUSPENSION_FAULT,REAR_BOGIE,3
28.39,RUN_059_SUSPENSION_FAULT,TRAIN001,-0.02059858462358412,0.696021433941693,2.2943045030796005,33.29106972345816,30.113061813397543,25.971048111948654,139.92571413262462,4.980262777168601,0.23279934171858835,1.159401896110439,1.5017197823114083,ZONE_01,SUSPENSION_FAULT,REAR_BOGIE,3
28.400000000000002,RUN_059_SUSPENSION_FAULT,TRAIN001,-0.12808304676180368,1.0862081111407575,1.8085166766053355,33.45855982975742,30.05973549504239,25.981821573502007,140.79166234899975,5.030769340313831,0.2117907506401422,1.0654704148824792,1.392748079404264,ZONE_01,SUSPENSION_FAULT,REAR_BOGIE,3
28.41,RUN_059_SUSPENSION_FAULT,TRAIN001,-0.13563455318653805,0.6616428187106073,1.3442670272368327,33.29231501485823,30.02667102948179,25.999429479548606,139.60082615912575,5.004087444084179,0.20575076224033292,1.0295948059375992,1.4837676590343851,ZONE_01,SUSPENSION_FAULT,REAR_BOGIE,3
28.42,RUN_059_SUSPENSION_FAULT,TRAIN001,-0.012773242106041341,0.3418393260498828,1.585107536802145,33.205191605433924,29.872275101192383,26.009967692143483,140.6797373392746,5.008913816472567,0.22366124640181645,1.1202999073115336,1.3172679865602535,ZONE_01,SUSPENSION_FAULT,REAR_BOGIE,3
28.43,RUN_059_SUSPENSION_FAULT,TRAIN001,0.015250961401976607,-0.0033622014424656115,0.6122127035890288,33.360481284851375,29.933728952611865,26.0581551678217,139.57159298984456,4.974064759451634,0.2773265882894939,1.379440409669724,1.2771023044995784,ZONE_01,SUSPENSION_FAULT,REAR_BOGIE,3
28.44,RUN_059_SUSPENSION_FAULT,TRAIN001,0.023689691506585047,-0.09817157160174869,-0.5925648159010104,33.12178648090844,29.85410488693406,26.087684381247122,139.48194228306414,4.991336033191982,0.23067003715155998,1.1513516682123146,0.9103199950995319,ZONE_01,SUSPENSION_FAULT,REAR_BOGIE,3
28.45,RUN_059_SUSPENSION_FAULT,TRAIN001,-0.11312271787028681,-1.479439055329506,1.334224814607197,33.0364750993779,30.04946791992831,25.951073034502244,138.61166006062805,5.004008234554809,0.24798025061886425,1.240895216103762,0.4200608266945172,ZONE_01,SUSPENSION_FAULT,REAR_BOGIE,3
28.46,RUN_059_SUSPENSION_FAULT,TRAIN001,-0.1285852061144589,-0.4368419121225995,0.28123796202093687,33.26122452647782,29.995792326882523,25.963569591014714,140.61664136815835,5.001591739840516,0.2221814632407416,1.1112609712905726,0.6763205764016371,ZONE_01,SUSPENSION_FAULT,REAR_BOGIE,3
28.47,RUN_059_SUSPENSION_FAULT,TRAIN001,-0.1786375370922071,-1.561486205359646,-0.5043182363416069,33.224729632538256,29.9920314331032,26.01588020770157,138.95562990609176,4.973157964026134,0.24957521027032248,1.2411769445793512,0.3155036702698169,ZONE_01,SUSPENSION_FAULT,REAR_BOGIE,3
28.48,RUN_059_SUSPENSION_FAULT,TRAIN001,0.04081672594735566,-1.2865834897860606,-0.5604375056628769,33.24204485674345,29.891130943581512,26.038671771278366,138.76644456067947,5.029322674385464,0.21407922683504768,1.0766735096364144,0.6455835499549075,ZONE_01,SUSPENSION_FAULT,REAR_BOGIE,3
28.490000000000002,RUN_059_SUSPENSION_FAULT,TRAIN001,-0.010155490695200916,-0.8491816580013979,-0.8255803202802118,33.13924194499077,29.89260706735681,26.05268562922725,140.3287918682646,4.9837987499292,0.24359803372633748,1.2140435759705317,0.43453540523845513,ZONE_01,SUSPENSION_FAULT,REAR_BOGIE,3
28.5,RUN_059_SUSPENSION_FAULT,TRAIN001,0.14098384784808524,-1.4544261778839749,0.13728690592195947,33.33027151900472,29.748238864777935,26.003936558555203,140.98124210965162,4.993277666554598,0.21691953248778065,1.0831394570106998,0.2835003371616933,ZONE_01,SUSPENSION_FAULT,REAR_BOGIE,3
28.51,RUN_059_SUSPENSION_FAULT,TRAIN001,-0.035055802654208955,-0.7253907227320733,0.14579419901165913,33.3380536757217,29.952665080414818,25.98861110902582,140.65062016893282,5.026036374786,0.2581506634719433,1.2974746247851268,0.6001464520814153,ZONE_01,SUSPENSION_FAULT,REAR_BOGIE,3
28.52,RUN_059_SUSPENSION_FAULT,TRAIN001,0.027048559909498622,-0.8337444379792442,-0.4411889256222269,33.05366728176174,30.033290756453248,25.973413283459347,139.36833028008223,5.0184799987378295,0.25136276563615223,1.2614590117724547,0.578716121760065,ZONE_01,SUSPENSION_FAULT,REAR_BOGIE,3
28.53,RUN_059_SUSPENSION_FAULT,TRAIN001,-0.055225605181818196,-0.8474721389691822,-0.4774192194140647,33.2741587721298,29.82989356959054,25.98512266656955,139.09540257084845,4.986460398000389,0.24389105889372809,1.2161531065999558,0.29288975153386926,ZONE_01,SUSPENSION_FAULT,REAR_BOGIE,3
28.54,RUN_059_SUSPENSION_FAULT,TRAIN001,-0.15671083850221784,-0.834610783791098,-0.2898596366705205,33.24944299318388,30.080514252277087,25.952516839580635,139.92934037296675,5.00068879431089,0.24745617230332995,1.2374513079203269,0.25365353579409566,ZONE_01,SUSPENSION_FAULT,REAR_BOGIE,3
28.55,RUN_059_SUSPENSION_FAULT,TRAIN001,0.10738225039627552,0.8200792029218822,0.22526101917421767,33.37131731253243,29.935647058800175,26.015130115059343,141.58150803115217,4.99283811167213,0.22868754668625743,1.1417998987599456,0.8888656881357581,ZONE_01,SUSPENSION_FAULT,REAR_BOGIE,3
28.560000000000002,RUN_059_SUSPENSION_FAULT,TRAIN001,-0.15806432363002262,-0.44923078095198593,0.7025770985702038,33.06470827696349,29.93485689500277,25.98038553233655,140.05483932492746,5.021532316766542,0.22138216221866444,1.1116776819366765,0.48181626618815065,ZONE_01,SUSPENSION_FAULT,REAR_BOGIE,3
28.57,RUN_059_SUSPENSION_FAULT,TRAIN001,0.07427826708727628,0.510426956123635,1.3954257238979042,33.02911390804335,30.166552595377333,26.01244116287591,140.1645811531717,4.995868689998844,0.2512448111542702,1.2551860855702908,1.388575736595528,ZONE_01,SUSPENSION_FAULT,REAR_BOGIE,3
28.580000000000002,RUN_059_SUSPENSION_FAULT,TRAIN001,0.11705641735531887,0.6482971179828834,1.6565377849242569,33.236762228475705,30.0144888358714,25.9289107494687,139.9961103081671,4.9960970804861775,0.23753305547921813,1.186738204998683,1.3176668831928315,ZONE_01,SUSPENSION_FAULT,REAR_BOGIE,3
28.59,RUN_059_SUSPENSION_FAULT,TRAIN001,-0.10499982585176602,1.0284179601116288,1.8638222505285333,33.27330967681694,30.03471814362872,26.056364007954183,141.73440303791918,4.9839616028463585,0.21434636971877083,1.0682940763878632,1.8371008838321954,ZONE_01,SUSPENSION_FAULT,REAR_BOGIE,3
28.6,RUN_059_SUSPENSION_FAULT,TRAIN001,-0.0463642413749841,1.1636433071947871,2.0514481590765974,33.2494280167582,29.871551584855876,26.00925088365137,139.62330750802687,4.999225704810787,0.22275701553849295,1.1136125980069698,1.438821030915611,ZONE_01,SUSPENSION_FAULT,REAR_BOGIE,3
28.61,RUN_059_SUSPENSION_FAULT,TRAIN001,-0.015005857932830042,0.3725655678534905,3.3456315289521403,33.25179180443126,29.8605400144418,25.965514994220033,140.86399251460386,5.021692694998632,0.21780510289712274,1.0937502941519066,1.6078397370566302,ZONE_01,SUSPENSION_FAULT,REAR_BOGIE,3
28.62,RUN_059_SUSPENSION_FAULT,TRAIN001,-0.05156900785537556,1.1070823426221752,1.3870761140694923,33.302290403341125,29.98251439303679,26.008468295684754,139.0636194335407,5.019617928901507,0.21769881710341482,1.092764885432951,1.7992749325726183,ZONE_01,SUSPENSION_FAULT,REAR_BOGIE,3
28.63,RUN_059_SUSPENSION_FAULT,TRAIN001,0.0777942305809193,1.129926015769657,2.43541706757699,33.191393045176845,29.991280389587594,26.035341009251248,140.12009107082244,5.014428552788392,0.2409472748166876,1.2082128945573496,1.7901871011940416,ZONE_01,SUSPENSION_FAULT,REAR_BOGIE,3
28.64,RUN_059_SUSPENSION_FAULT,TRAIN001,-0.16446946657968622,1.8466957237594448,1.7862096401521592,33.17839274116889,29.718952367720917,26.009311116309014,140.7332256903762,4.969648658182006,0.23207338889570495,1.153323205725291,1.734219155643029,ZONE_01,SUSPENSION_FAULT,REAR_BOGIE,3
28.650000000000002,RUN_059_SUSPENSION_FAULT,TRAIN001,-0.1398834107811153,0.018975872701437302,2.360902586754549,33.321873702604556,30.028165489336736,26.01061872101306,139.3359484173485,5.012420564556293,0.20842618149404418,1.0447196783126893,1.4951149914822301,ZONE_01,SUSPENSION_FAULT,REAR_BOGIE,3
28.66,RUN_059_SUSPENSION_FAULT,TRAIN001,0.012833518158849838,0.8932053783770905,2.8110770983850704,33.17397411708114,29.876111679677773,26.035674043748582,138.86737743666305,4.987509093443802,0.19671897483931156,0.9811376758640089,1.3680619396099964,ZONE_01,SUSPENSION_FAULT,REAR_BOGIE,3
28.67,RUN_059_SUSPENSION_FAULT,TRAIN001,-0.09554780365418208,0.43565295415928934,2.1369232871633805,33.33547422833213,29.98693409080546,25.969632274381325,140.51710563248855,5.037648267128565,0.22624647635165607,1.1397501695368641,1.2727051462149956,ZONE_01,SUSPENSION_FAULT,REAR_BOGIE,3
28.68,RUN_059_SUSPENSION_FAULT,TRAIN001,0.06284620542110265,0.39833147221195225,0.9791184293759467,33.1829693030986,30.00490238398301,26.050243943085874,139.8587838186524,5.041491726662477,0.2365632141033041,1.1926314867344918,1.4747646209530774,ZONE_01,SUSPENSION_FAULT,REAR_BOGIE,3
28.69,RUN_059_SUSPENSION_FAULT,TRAIN001,-0.09980759901221893,0.410508065842885,0.7581511645794752,33.22701302334758,29.984758091098193,25.948461291583445,141.52194064734346,4.970527601036952,0.24128927137530928,1.1993349832050701,1.4147816319081121,ZONE_01,SUSPENSION_FAULT,REAR_BOGIE,3
28.7,RUN_059_SUSPENSION_FAULT,TRAIN001,-0.07722431568147109,0.8580364761537678,0.7989598888642728,33.2574960096787,30.085812039486385,25.979011186797553,139.5632207009956,4.990048777210641,0.2562891257040408,1.278895238331833,1.5034338808049679,ZONE_01,SUSPENSION_FAULT,REAR_BOGIE,3
28.71,RUN_059_SUSPENSION_FAULT,TRAIN001,0.12988590406044975,0.12220354916550148,0.9017668459136208,33.280296322319295,29.951613371865804,26.06223342364163,139.982451690064,5.004765990641273,0.20673429051658945,1.0346567462767795,0.8629627688923156,ZONE_01,SUSPENSION_FAULT,REAR_BOGIE,3
28.72,RUN_059_SUSPENSION_FAULT,TRAIN001,-0.07266072286113139,0.15514486737430877,0.41558156555325804,33.33254370226112,29.999250211834436,26.015390674469334,140.85176144940536,5.017815819959451,0.23604726835424128,1.184441717406126,1.3178424379660045,ZONE_01,SUSPENSION_FAULT,REAR_BOGIE,3
28.73,RUN_059_SUSPENSION_FAULT,TRAIN001,-0.1053818251715776,-0.6531639409459904,-0.5026599189113504,33.52625069379498,30.072398081620204,25.986643819534372,140.14563403880868,5.032874961486038,0.23631939624189913,1.189365972259352,0.5898227018003328,ZONE_01,SUSPENSION_FAULT,REAR_BOGIE,3
28.740000000000002,RUN_059_SUSPENSION_FAULT,TRAIN001,-0.02286710910909398,-0.3769019146537632,0.37114062738421677,33.24033456529174,30.04387848122833,25.93898177758392,141.96235815545987,4.98801419879763,0.24425235721699157,1.2183342258881447,0.6846449915710078,ZONE_01,SUSPENSION_FAULT,REAR_BOGIE,3
28.75,RUN_059_SUSPENSION_FAULT,TRAIN001,0.0033420934639592746,-1.0663391687287438,0.999010979334267,33.24932809510632,30.04581490122287,26.008607342113095,140.76579485247683,5.005148428284563,0.2439200739897901,1.2208561749570521,0.41330825396617477,ZONE_01,SUSPENSION_FAULT,REAR_BOGIE,3
28.76,RUN_059_SUSPENSION_FAULT,TRAIN001,-0.00264644407627976,-0.47257105161683444,-0.3060676575609263,33.254701897336815,30.00048968584803,26.019745752927086,139.82762751666976,5.013601897018971,0.2329007289996076,1.1676715367295338,0.3872522274230943,ZONE_01,SUSPENSION_FAULT,REAR_BOGIE,3
28.77,RUN_059_SUSPENSION_FAULT,TRAIN001,-0.0232705767642034,-0.5180090658754479,-0.7479555278767377,33.283747498281905,29.93988443050173,26.053716175859563,140.14024800711024,4.98489711032456,0.24353055804413945,1.2139747750699583,0.9549159292107618,ZONE_01,SUSPENSION_FAULT,REAR_BOGIE,3
28.78,RUN_059_SUSPENSION_FAULT,TRAIN001,0.164499864044226,-1.0300961506733886,0.5416164250711586,33.2774218007859,29.8595983081587,26.053280806612996,140.55589457256443,4.952555608822606,0.239558089443679,1.18642475951312,0.6106064422797877,ZONE_01,SUSPENSION_FAULT,REAR_BOGIE,3
28.79,RUN_059_SUSPENSION_FAULT,TRAIN001,-0.0988146212085767,-0.8314888372164312,-0.41632859439852193,33.14511196154541,30.15010637833878,26.022912046746455,141.56011785764147,4.986188224007878,0.20234285537991764,1.0089195627074745,0.6375456832623785,ZONE_01,SUSPENSION_FAULT,REAR_BOGIE,3
28.8,RUN_059_SUSPENSION_FAULT,TRAIN001,-0.010368958724500369,0.11057767749365954,0.3223621072830244,33.16409173815669,29.934520998072525,25.980890292649704,139.47165571003504,4.989284980077506,0.22688038664236837,1.1319709053489457,0.8400047653533638,ZONE_01,SUSPENSION_FAULT,REAR_BOGIE,3
28.810000000000002,RUN_059_SUSPENSION_FAULT,TRAIN001,0.05860121781306887,-1.6036146626079901,0.5488990940704332,33.27128707570289,30.014307741819742,26.04612010084803,140.91034478001004,5.001334031776148,0.23797809078391619,1.1902079242547137,0.506265683442114,ZONE_01,SUSPENSION_FAULT,REAR_BOGIE,3
28.82,RUN_059_SUSPENSION_FAULT,TRAIN001,-0.12079052075141279,-1.1254460223194176,-0.5447878959271015,33.20318471266091,30.00441333005489,26.03281221789458,138.40427890933825,4.985289999205159,0.24435545348488721,1.2181827985094498,0.6076957469520753,ZONE_01,SUSPENSION_FAULT,REAR_BOGIE,3
28.830000000000002,RUN_059_SUSPENSION_FAULT,TRAIN001,0.08312647638282326,-0.5886512418411439,0.5628597676770695,33.38132973267428,29.948117174475833,25.944969022037764,140.84816556168002,5.03326586354136,0.2051471661892385,1.0325602285825406,0.8657954903356058,ZONE_01,SUSPENSION_FAULT,REAR_BOGIE,3
28.84,RUN_059_SUSPENSION_FAULT,TRAIN001,0.05203677015136141,-1.241283205003811,0.2238851898088225,33.271318172801486,29.695024403243167,26.02557149428175,140.2460008046181,4.9993482726892085,0.2176187673520089,1.0879520086660204,1.2752336886345583,ZONE_01,SUSPENSION_FAULT,REAR_BOGIE,3
28.85,RUN_059_SUSPENSION_FAULT,TRAIN001,-0.11253699536232441,-0.337876435475551,0.5277854905364043,33.328313006095115,29.9765605381329,25.947761243273806,139.62009453392673,4.989125568915584,0.21727220132120326,1.0839982950261895,0.7379137061368786,ZONE_01,SUSPENSION_FAULT,REAR_BOGIE,3
28.86,RUN_059_SUSPENSION_FAULT,TRAIN001,0.11950881760542419,0.3084880143246134,0.887987895954129,33.2203409333075,29.990041746960323,25.87944913997041,138.22605196882546,5.002193266157086,0.2319322600213972,1.1601699892836272,1.1989048429594373,ZONE_01,SUSPENSION_FAULT,REAR_BOGIE,3
28.87,RUN_059_SUSPENSION_FAULT,TRAIN001,0.12099113947795062,0.035251002721590374,1.1976613691129643,33.41856360602216,29.966395246808002,25.94154041786418,140.41263852655422,4.988406428893693,0.2150227752512432,1.0726209944218652,1.4872656094140222,ZONE_01,SUSPENSION_FAULT,REAR_BOGIE,3
28.88,RUN_059_SUSPENSION_FAULT,TRAIN001,-0.12399129484389378,1.3512794643889465,1.6888575763425713,33.204753531461876,29.9628311677116,25.928143493591282,140.03255027082096,5.009539140322133,0.2164219429123545,1.0841741938440022,0.9810551175918358,ZONE_01,SUSPENSION_FAULT,REAR_BOGIE,3
28.89,RUN_059_SUSPENSION_FAULT,TRAIN001,0.07221403346739245,0.3527200712138571,1.3670683983578333,33.14320109840366,29.781771751367426,25.992181080678293,140.71282230934705,4.985306588512106,0.2584120534170179,1.2882633124508016,1.7065762537482856,ZONE_01,SUSPENSION_FAULT,REAR_BOGIE,3
28.900000000000002,RUN_059_SUSPENSION_FAULT,TRAIN001,-0.06452024257856923,0.3252329783319342,2.1237916043453664,33.40934148297062,29.91031933244101,25.983462001841502,139.96674438146115,5.002287351418274,0.21842300144108961,1.092614617367578,1.6350021895839635,ZONE_01,SUSPENSION_FAULT,REAR_BOGIE,3
28.91,RUN_059_SUSPENSION_FAULT,TRAIN001,-0.015146078979594411,1.0774882561939423,3.5275720456400705,33.327001240454386,30.170702607766934,26.016513963867776,140.19969901877874,4.981855494609683,0.20052337212951138,0.9989784632410685,1.5284298310086804,ZONE_01,SUSPENSION_FAULT,REAR_BOGIE,3
28.92,RUN_059_SUSPENSION_FAULT,TRAIN001,0.04263998524818342,1.181939786789603,2.3756721891375685,33.21099086250236,30.00082386255578,25.946499034631014,140.3405489113765,5.013622594857569,0.2411528482254861,1.2090493686775552,2.229017850946912,ZONE_01,SUSPENSION_FAULT,REAR_BOGIE,3
28.93,RUN_059_SUSPENSION_FAULT,TRAIN001,0.04728663576196087,0.9434194741301337,6.455690088000631,33.26767994699275,30.05278076140575,25.951943527901822,140.50371281045744,4.985434614312699,0.22719185404177794,1.1326501332297583,1.6423529030889064,ZONE_01,SUSPENSION_FAULT,REAR_BOGIE,3
28.94,RUN_059_SUSPENSION_FAULT,TRAIN001,-0.02754773215890033,1.3215148529030154,2.7915569251675896,33.33063501953923,29.860156600306773,25.995470168624774,140.30098836424295,4.965347074138782,0.259563139356898,1.2888210745600504,1.735741368996621,ZONE_01,SUSPENSION_FAULT,REAR_BOGIE,3
28.95,RUN_059_SUSPENSION_FAULT,TRAIN001,-0.08384580837321375,1.0920302807817066,1.5277313005562343,33.23572414624279,30.067822510600465,25.87997160244835,139.7778339756015,5.023472937873082,0.2336988171845412,1.1739796837394916,1.757227608456857,ZONE_01,SUSPENSION_FAULT,REAR_BOGIE,3
28.96,RUN_059_SUSPENSION_FAULT,TRAIN001,0.10060613758333561,0.43092638109815057,0.44699968761019715,33.365042810097385,30.084275944838648,26.02557902254099,141.83207257060366,4.995307304705346,0.21302896966566381,1.064145168284744,1.4472955440754227,ZONE_01,SUSPENSION_FAULT,REAR_BOGIE,3
28.97,RUN_059_SUSPENSION_FAULT,TRAIN001,-0.06738017120123503,1.2646181775884533,2.22361100077974,33.35893792964975,29.968981208413464,25.99128669688258,138.95961541832403,4.981796634080665,0.19997977492909266,0.9962585696259628,1.1744585860164145,ZONE_01,SUSPENSION_FAULT,REAR_BOGIE,3
28.98,RUN_059_SUSPENSION_FAULT,TRAIN001,-0.01906892036551998,0.39806621946317444,1.1230676300246236,33.45351583363521,30.091189280251022,26.01893176670451,138.47140113058362,5.017724289912084,0.2294362772849978,1.1512479815199377,1.5200385785253385,ZONE_01,SUSPENSION_FAULT,REAR_BOGIE,3
28.990000000000002,RUN_059_SUSPENSION_FAULT,TRAIN001,-0.06289704856111288,0.32924759464039166,0.7343040640523875,33.168940766247665,29.98731497908792,26.012179945580442,139.6284015865901,4.994669837539689,0.2308045174975331,1.15279236191283,0.6298913342772516,ZONE_01,SUSPENSION_FAULT,REAR_BOGIE,3
29.0,RUN_059_SUSPENSION_FAULT,TRAIN001,0.003296580675346367,-0.20883348898631154,1.4830507487307312,33.24374806526519,29.94512266736986,26.025662810321304,141.6845104081512,4.977169348646711,0.22643142762897517,1.1269875611652511,1.260390908060823,ZONE_01,SUSPENSION_FAULT,REAR_BOGIE,3
29.01,RUN_059_SUSPENSION_FAULT,TRAIN001,-0.08899637698566486,0.08985908728182906,-0.15776886580103666,33.15826879971685,29.836513081738,26.105515414187124,139.58285762018474,4.992047774262209,0.25368676989436895,1.2664164750109537,0.7213545816920419,ZONE_01,SUSPENSION_FAULT,REAR_BOGIE,3
29.02,RUN_059_SUSPENSION_FAULT,TRAIN001,0.01020630812949389,-0.790963934609294,0.07362934855157038,33.283226434950365,29.909260582390683,25.969540810799273,141.04326322427207,4.955187562672789,0.24591908928683603,1.218575212657949,0.4947298615338306,ZONE_01,SUSPENSION_FAULT,REAR_BOGIE,3
29.03,RUN_059_SUSPENSION_FAULT,TRAIN001,0.004392696808149372,0.16625531860488119,0.4809631233535272,33.38244510760642,29.98215718509197,26.04179669728135,140.35803444887236,4.990650492654812,0.21389059393539886,1.0674531979979285,0.8530074321086931,ZONE_01,SUSPENSION_FAULT,REAR_BOGIE,3
29.04,RUN_059_SUSPENSION_FAULT,TRAIN001,0.0395127855062205,-0.9991508060739466,-0.6733100495164436,33.21305931758199,30.030401200198924,25.975230816926796,139.8882543714253,5.01370045821499,0.20895478545330973,1.047636703573474,0.6466746192792004,ZONE_01,SUSPENSION_FAULT,REAR_BOGIE,3
29.05,RUN_059_SUSPENSION_FAULT,TRAIN001,0.05924554233438213,0.5921231552866544,-0.25961412571590453,33.31294859708225,30.032654657793465,25.93375339625201,139.37105853711608,4.997678062660324,0.20956828177830492,1.0473548044728518,0.45848892201513247,ZONE_01,SUSPENSION_FAULT,REAR_BOGIE,3
29.060000000000002,RUN_059_SUSPENSION_FAULT,TRAIN001,0.19225950996548058,-1.2011436683057455,-0.3165232714363523,33.266130826397095,29.772356931761003,26.01133084793906,140.1652758184217,5.029875543543708,0.22625062279095925,1.1380124742877786,0.5079120837326698,ZONE_01,SUSPENSION_FAULT,REAR_BOGIE,3
29.07,RUN_059_SUSPENSION_FAULT,TRAIN001,-0.005434507429379728,-0.8725096465270711,-0.6217704217333049,33.36883938926688,29.98975277419395,26.00656138407225,141.58062951802782,4.99494281079635,0.2313989207586037,1.1558243756692217,0.40927327275968806,ZONE_01,SUSPENSION_FAULT,REAR_BOGIE,3
29.080000000000002,RUN_059_SUSPENSION_FAULT,TRAIN001,-0.004388378856978501,-0.9348761330665658,-0.6278179341715817,33.244224753964886,30.08231834062043,26.05981885505627,140.32900758524244,5.009237392372219,0.23941010680007616,1.199262059094768,0.8109474230386632,ZONE_01,SUSPENSION_FAULT,REAR_BOGIE,3
29.09,RUN_059_SUSPENSION_FAULT,TRAIN001,-0.04475520957909787,-0.7890289150286977,-0.6772145445620826,33.21796205067259,29.855050884383484,26.034123570772806,139.20926092690397,4.985054122286764,0.18616737462089283,0.9280544382891861,0.6270724481888169,ZONE_01,SUSPENSION_FAULT,REAR_BOGIE,3
29.1,RUN_059_SUSPENSION_FAULT,TRAIN001,-0.0838903405337159,-1.127753447210965,-0.2300026863183671,33.206396054933705,30.08521466687911,25.994339085085425,139.15904222611948,4.987042990904564,0.24645472383352468,1.2290803030692994,0.5460613256275,ZONE_01,SUSPENSION_FAULT,REAR_BOGIE,3
29.11,RUN_059_SUSPENSION_FAULT,TRAIN001,0.14019442433017587,-1.5215445865933033,-0.006443509540870827,33.295600607074114,30.251019536665424,25.967482289540737,140.16036407488463,4.98230905013359,0.23841941931777724,1.1878792305945567,0.882233390079595,ZONE_01,SUSPENSION_FAULT,REAR_BOGIE,3
29.12,RUN_059_SUSPENSION_FAULT,TRAIN001,-0.05169378012474272,-0.8622151774653486,-0.15812380825367423,33.278629154025666,30.027031670566284,25.921179349689588,140.2799255110773,5.012059124929322,0.23899865865984574,1.197875407981948,0.5600877999953173,ZONE_01,SUSPENSION_FAULT,REAR_BOGIE,3
29.13,RUN_059_SUSPENSION_FAULT,TRAIN001,-0.1527627834486605,-0.33337916100110954,1.151743957010666,33.00992441715487,30.02985671511616,26.001654681845416,139.91474536864752,5.016725132691976,0.23156697297425738,1.1617078532213605,1.09495077023392,ZONE_01,SUSPENSION_FAULT,REAR_BOGIE,3
29.14,RUN_059_SUSPENSION_FAULT,TRAIN001,-0.06910626637917065,-0.294815613189211,0.3293921495876966,33.16084652457265,30.131312172980305,25.977670032933865,140.594118415105,5.0016122923406305,0.26830982919295093,1.3419817398472784,0.978584845651989,ZONE_01,SUSPENSION_FAULT,REAR_BOGIE,3
29.150000000000002,RUN_059_SUSPENSION_FAULT,TRAIN001,0.08303124452701405,-0.041066829351935646,1.0878727552473708,33.495246224063344,30.117789145435985,25.980852429274734,139.43555015163275,4.996285808350296,0.202612977190693,1.0123123425254617,0.8576134888932814,ZONE_01,SUSPENSION_FAULT,REAR_BOGIE,3
29.16,RUN_059_SUSPENSION_FAULT,TRAIN001,-0.11464273785071835,0.23437147931714905,2.911938125915041,33.188384483403,29.93684048735576,26.007768018284665,140.64271847613182,4.976646080415396,0.2459282984351357,1.2238981024704458,0.8828640166538912,ZONE_01,SUSPENSION_FAULT,REAR_BOGIE,3
29.17,RUN_059_SUSPENSION_FAULT,TRAIN001,0.14647787908187943,0.4273062076132747,1.1305549384099078,33.14993427941778,29.971415525527547,26.061026565199672,140.4760046932756,4.974924089154891,0.22189986572925777,1.1039349873967204,1.1507108426353878,ZONE_01,SUSPENSION_FAULT,REAR_BOGIE,3
29.18,RUN_059_SUSPENSION_FAULT,TRAIN001,0.07975795419085113,0.8796192910548308,2.2392452513334815,33.1438388679471,30.201148707150676,25.93229364154139,139.43566133828426,4.994742615355467,0.2191612895353841,1.094654232478641,1.4402581084802344,ZONE_01,SUSPENSION_FAULT,REAR_BOGIE,3
29.19,RUN_059_SUSPENSION_FAULT,TRAIN001,0.013607720321514036,0.2218728958698073,1.7867151917749804,33.178167016872905,29.768878466859242,25.985470415822526,140.64190506803257,4.98335996550697,0.26642562806920717,1.327694808705137,1.4199580968130796,ZONE_01,SUSPENSION_FAULT,REAR_BOGIE,3
29.2,RUN_059_SUSPENSION_FAULT,TRAIN001,-0.0676174330212496,0.6543394415970034,1.0154103592404464,33.32104172415645,30.199042071383296,25.954685389969583,140.5267093642361,5.035355055587987,0.23705355933541386,1.193648838444703,1.6679485104713487,ZONE_01,SUSPENSION_FAULT,REAR_BOGIE,3
29.21,RUN_059_SUSPENSION_FAULT,TRAIN001,-0.06607092158034007,0.24366420600258243,3.436740915536487,33.3948945484367,29.833449831449848,25.943247263510713,140.00888410343336,5.016947897687894,0.2009231158291592,1.0080208035560014,1.6165578277843322,ZONE_01,SUSPENSION_FAULT,REAR_BOGIE,3
29.22,RUN_059_SUSPENSION_FAULT,TRAIN001,0.07303067945680917,0.5995246041034744,2.6551517632221326,33.47699262127585,30.035798532369377,26.011741590021053,139.77490337134498,5.011002409595324,0.24355350566306158,1.22044720374299,1.9916959410810082,ZONE_01,SUSPENSION_FAULT,REAR_BOGIE,3
29.23,RUN_059_SUSPENSION_FAULT,TRAIN001,0.030933283296970024,1.1816806318730406,1.9819055134508439,33.37478774263983,29.9693115374986,25.967878363108756,141.41051531658775,5.0064181031433606,0.2298974257713708,1.1509626342478476,1.898798853399699,ZONE_01,SUSPENSION_FAULT,REAR_BOGIE,3
29.240000000000002,RUN_059_SUSPENSION_FAULT,TRAIN001,-0.04376840530807413,0.8151870500302092,2.4766694127409874,33.35405768635446,30.200221503569455,26.020462330613267,140.26428990966278,5.012485406314981,0.26168761289548004,1.3117053406519976,1.376859205294336,ZONE_01,SUSPENSION_FAULT,REAR_BOGIE,3
29.25,RUN_059_SUSPENSION_FAULT,TRAIN001,-0.16174882942396887,0.16689380379050234,7.490268580517746,33.175510223017945,30.151797370999066,25.984068140172756,140.09347057935832,5.023422991047327,0.21757949897220002,1.0929938575175078,1.0116431337160487,ZONE_01,SUSPENSION_FAULT,REAR_BOGIE,3
29.26,RUN_059_SUSPENSION_FAULT,TRAIN001,0.04600494677702337,0.07642769314860198,2.0947829604583266,33.349439645850815,29.971070799346887,26.024415904493722,140.21282476111824,5.004862056467363,0.22308822912705348,1.1165258132024871,1.2920438101367406,ZONE_01,SUSPENSION_FAULT,REAR_BOGIE,3
29.27,RUN_059_SUSPENSION_FAULT,TRAIN001,-0.1389329656201181,-0.10292065688228164,1.6941775206389227,33.43423123811643,30.16004636743725,26.049949954015528,139.7639405061306,5.007399921872459,0.2148089171697407,1.075634155053267,0.9158665722662278,ZONE_01,SUSPENSION_FAULT,REAR_BOGIE,3
29.28,RUN_059_SUSPENSION_FAULT,TRAIN001,0.04324532433227222,-0.4723829629198354,2.446445390196013,33.332805644554654,30.11419734822024,25.894065464702624,140.00095539535693,5.026744384462974,0.23689567861663452,1.190814022189713,1.4990760633268583,ZONE_01,SUSPENSION_FAULT,REAR_BOGIE,3
29.29,RUN_059_SUSPENSION_FAULT,TRAIN001,-0.033398873361409065,0.13112595400645977,0.7534233266704504,33.40494121989928,30.040397479722674,26.100526256224565,138.96367102075254,4.9862664235096545,0.24389728053237128,1.2161368207038779,0.9891397843156993,ZONE_01,SUSPENSION_FAULT,REAR_BOGIE,3
29.3,RUN_059_SUSPENSION_FAULT,TRAIN001,-0.03351716045003108,0.08865913652390028,0.5290238831729992,33.19387052355905,29.969099531189652,26.084930851336196,140.34600518671922,4.986114383308221,0.23072994402461347,1.150445892561026,0.3864353839647434,ZONE_01,SUSPENSION_FAULT,REAR_BOGIE,3
29.310000000000002,RUN_059_SUSPENSION_FAULT,TRAIN001,-0.029911337069279932,-0.9461475925818046,-0.18536567175727786,33.33986122943419,30.09269276123473,25.92745153826654,140.19797287813515,4.975258167419974,0.26421402289855916,1.3145329753729444,0.9540887428054922,ZONE_01,SUSPENSION_FAULT,REAR_BOGIE,3
29.32,RUN_059_SUSPENSION_FAULT,TRAIN001,-0.08530202069315668,-0.318489680243916,0.3638325898518936,33.38886104873325,29.99782514969689,26.03146209289045,141.4211666735267,5.030055618467942,0.23566601355404235,1.1854131555594527,1.0454954874228013,ZONE_01,SUSPENSION_FAULT,REAR_BOGIE,3
29.330000000000002,RUN_059_SUSPENSION_FAULT,TRAIN001,-0.021641903574636554,-0.8316608988906439,-0.7721367370158512,33.109392303488335,30.15374815371402,26.061674666261656,139.82892699754055,4.993880059570577,0.1827253179551077,0.9125083217147059,0.17977591609286003,ZONE_01,SUSPENSION_FAULT,REAR_BOGIE,3
29.34,RUN_059_SUSPENSION_FAULT,TRAIN001,0.054000426772885225,-1.0454355421135735,-0.7787452179866456,33.16794058608635,30.057297371438274,25.994465849705453,138.79019653772926,5.003709021659973,0.1720188810850316,0.8607324271810267,0.7761479187343524,ZONE_01,SUSPENSION_FAULT,REAR_BOGIE,3
29.35,RUN_059_SUSPENSION_FAULT,TRAIN001,0.012159650145738788,-0.5045662637704373,-1.3733864574656454,33.108375507048294,29.96869912582324,25.992315079055583,137.94440163865448,4.988137161569821,0.215913270961362,1.0770050105584639,0.5202039684362677,ZONE_01,SUSPENSION_FAULT,REAR_BOGIE,3
29.36,RUN_059_SUSPENSION_FAULT,TRAIN001,0.051299275840114206,-0.49949037718435385,-1.310132159944261,33.38057416013625,30.14407850023047,26.07089822753952,139.9181654257349,4.986812774544155,0.234323959668451,1.1685297154564007,0.1531936158056511,ZONE_01,SUSPENSION_FAULT,REAR_BOGIE,3
29.37,RUN_059_SUSPENSION_FAULT,TRAIN001,-0.015264018254454448,-2.0558955304338493,-1.2117781017579516,33.41712114873187,29.933328744230565,26.080751312565464,139.08113769603733,5.004538075699696,0.22792476619436838,1.1406581708146675,0.7171599018040089,ZONE_01,SUSPENSION_FAULT,REAR_BOGIE,3
29.38,RUN_059_SUSPENSION_FAULT,TRAIN001,-0.005268969316149628,-0.24265745386361182,0.7458260523663376,33.18665860490076,29.96553642723043,25.93576679563091,138.87261451078703,4.983736756633849,0.2406443525819183,1.1993081052388619,0.3535348500581968,ZONE_01,SUSPENSION_FAULT,REAR_BOGIE,3
29.39,RUN_059_SUSPENSION_FAULT,TRAIN001,-0.09093130403298227,-0.8205203007131741,-0.2298021766394795,33.526270693791275,30.022847302451353,25.996817424342435,140.27520526047817,4.997912257727601,0.25705316985725635,1.2847291885173167,0.8618950127062087,ZONE_01,SUSPENSION_FAULT,REAR_BOGIE,3
29.400000000000002,RUN_059_SUSPENSION_FAULT,TRAIN001,-0.1277839442300099,-1.1194786275427435,0.21519077670838427,33.04581365761575,30.12138378109296,25.99787931774391,138.471235125644,5.008593497701586,0.25504378958195256,1.2774106661293392,0.738847178676264,ZONE_01,SUSPENSION_FAULT,REAR_BOGIE,3
29.41,RUN_059_SUSPENSION_FAULT,TRAIN001,0.18372170802357776,0.11541937011895537,1.4730948709762846,33.32362941597937,29.911836878143742,25.980494316197078,139.46095119037912,4.994846056497212,0.24935058468159726,1.2454677845821502,0.8810746493543621,ZONE_01,SUSPENSION_FAULT,REAR_BOGIE,3
29.42,RUN_059_SUSPENSION_FAULT,TRAIN001,0.03513730699609459,-0.3025637196287114,0.2058611045367128,33.293836125477924,30.07216218883889,26.05408658798855,140.57120299049836,4.992398236293948,0.23199749151352841,1.1582238674567593,0.714488805826583,ZONE_01,SUSPENSION_FAULT,REAR_BOGIE,3
29.43,RUN_059_SUSPENSION_FAULT,TRAIN001,0.11527407991315344,0.02976791418519127,1.0310334993866699,33.35711153596007,29.815202926201348,25.979835756845063,140.93667349913696,5.0148054631143975,0.25671021126990173,1.2873517699135544,0.8276916540932012,ZONE_01,SUSPENSION_FAULT,REAR_BOGIE,3
29.44,RUN_059_SUSPENSION_FAULT,TRAIN001,-0.04700981535046045,0.20148190686657458,1.2190723803736399,33.450345627193386,29.92633111285632,26.007466080789513,138.35877600053308,5.002661274232666,0.24588419184342025,1.230075324481074,1.3581251945308677,ZONE_01,SUSPENSION_FAULT,REAR_BOGIE,3
29.45,RUN_059_SUSPENSION_FAULT,TRAIN001,0.1715576315741696,0.4495456776663813,0.9994459224836801,33.27992209216079,30.043999666512406,25.982238744336115,138.87434413481745,5.026111205854032,0.22566136948815135,1.1341991379127647,1.7008482095710387,ZONE_01,SUSPENSION_FAULT,REAR_BOGIE,3
29.46,RUN_059_SUSPENSION_FAULT,TRAIN001,0.19247489791674832,0.41007686131840615,2.804228651476632,33.39608880747214,30.11587001608604,25.96288983890173,138.8693245669451,4.969158213468817,0.2590157551825514,1.2870902672832034,0.9348997861717835,ZONE_01,SUSPENSION_FAULT,REAR_BOGIE,3
29.47,RUN_059_SUSPENSION_FAULT,TRAIN001,-0.05223933145664642,0.9076541006380127,2.3406954766567916,33.1664632147303,30.25881796110533,25.93224609525107,140.07839603646303,4.984892077565399,0.22378460735284272,1.1155421162742691,1.1070916616782576,ZONE_01,SUSPENSION_FAULT,REAR_BOGIE,3
29.48,RUN_059_SUSPENSION_FAULT,TRAIN001,0.08661003486862875,1.0877254191585755,2.14559789409844,33.27737999047088,29.987022401844143,26.053808403007842,140.39274860873172,5.050779286309429,0.2242375061274655,1.1325741511622864,1.5415093155547201,ZONE_01,SUSPENSION_FAULT,REAR_BOGIE,3
29.490000000000002,RUN_059_SUSPENSION_FAULT,TRAIN001,-0.1812830627214114,1.6481952705441203,2.7320656680778055,33.49410172671746,30.088759953217366,26.032377189332685,140.5901186700898,4.953350529068817,0.21633060023980605,1.071561293151618,1.3662419251649436,ZONE_01,SUSPENSION_FAULT,REAR_BOGIE,3
29.5,RUN_059_SUSPENSION_FAULT,TRAIN001,-0.041350104179190175,1.4064952625716,2.4231043400318475,33.21081265051426,30.062345462734395,26.002583840875776,140.03837246310778,5.012317226261648,0.22028319745953062,1.1041292652824015,1.1319975753159068,ZONE_01,SUSPENSION_FAULT,REAR_BOGIE,3
29.51,RUN_059_SUSPENSION_FAULT,TRAIN001,-0.0042736502645762875,1.514608733485876,1.885255631298624,33.32799116041561,29.94045380262481,26.00603718822118,140.49954752837596,5.008342305426845,0.22399515681827736,1.121844420103699,1.374775913209377,ZONE_01,SUSPENSION_FAULT,REAR_BOGIE,3
29.52,RUN_059_SUSPENSION_FAULT,TRAIN001,0.048707569983003594,1.1603061701784951,0.7675847632106927,33.313160971103656,29.973808374659566,25.964559885241684,140.98503753811906,5.026715764389451,0.19468266517848182,0.9786144221060277,1.577302500477419,ZONE_01,SUSPENSION_FAULT,REAR_BOGIE,3
29.53,RUN_059_SUSPENSION_FAULT,TRAIN001,0.08569967433153325,1.0689524816029867,2.478852197766953,33.48733680287269,30.07328110611366,26.107347172881706,139.9340353394213,4.9993593140242965,0.2214627111552872,1.1071716677232575,1.092717873135034,ZONE_01,SUSPENSION_FAULT,REAR_BOGIE,3
29.54,RUN_059_SUSPENSION_FAULT,TRAIN001,-0.025800664472009682,0.7343363114718252,1.8902471621633468,33.272873366983994,29.937240328051725,26.03101481192586,141.32710038290787,4.980412449063871,0.22447903733137858,1.1179981920790714,1.7658568169619282,ZONE_01,SUSPENSION_FAULT,REAR_BOGIE,3
29.55,RUN_059_SUSPENSION_FAULT,TRAIN001,0.05099179204179508,0.8654515392977744,1.868215540416669,33.26791322457703,30.104758979165656,26.09024352149456,139.37719041817013,4.959963535608183,0.22091561518150488,1.0957333957467137,1.476335242877542,ZONE_01,SUSPENSION_FAULT,REAR_BOGIE,3
29.560000000000002,RUN_059_SUSPENSION_FAULT,TRAIN001,-0.006936946521886517,-0.5131981693130707,1.4666480164281905,33.323498212143356,30.07454097334139,26.061576879234075,139.1537594613597,4.996545040092929,0.24767256726025,1.2375071375112845,1.2488443197179997,ZONE_01,SUSPENSION_FAULT,REAR_BOGIE,3
29.57,RUN_059_SUSPENSION_FAULT,TRAIN001,0.2119941815530917,0.04832237115627653,1.299048183556104,33.25089138396753,30.201207120874273,25.984247530011604,139.27851881110035,5.000694462130603,0.22097973760380207,1.105052150078407,1.0720895949127156,ZONE_01,SUSPENSION_FAULT,REAR_BOGIE,3
29.580000000000002,RUN_059_SUSPENSION_FAULT,TRAIN001,-0.16093163040874325,0.5559131497723881,-0.3762762627126608,33.313358859369345,30.034027746069725,25.92090809056884,139.78336884063873,4.998174815659274,0.22258553796749037,1.1125214301990816,0.8204016638666387,ZONE_01,SUSPENSION_FAULT,REAR_BOGIE,3
29.59,RUN_059_SUSPENSION_FAULT,TRAIN001,-0.04060506208300568,0.39713595250798644,0.962989852945028,33.34676852357336,29.9849508998676,26.010739523021755,140.68678498749355,5.025576066839994,0.2723196149405248,1.3685629393761845,0.6943663549759417,ZONE_01,SUSPENSION_FAULT,REAR_BOGIE,3
29.6,RUN_059_SUSPENSION_FAULT,TRAIN001,0.014967147968974054,-0.17059147902332122,0.48857205225491535,33.108267200463416,30.24749518677688,26.011806240458025,140.25368086819933,4.9906281674473485,0.2195009235136177,1.0954474916677666,0.8110591576379351,ZONE_01,SUSPENSION_FAULT,REAR_BOGIE,3
29.61,RUN_059_SUSPENSION_FAULT,TRAIN001,0.015393588647026593,-0.7003164754657147,-0.3131619823591516,33.183997339352835,30.13156073761931,25.963779161957362,140.66856657598473,4.968922113828736,0.2299776091643722,1.1427408278623112,0.43706329744482497,ZONE_01,SUSPENSION_FAULT,REAR_BOGIE,3
29.62,RUN_059_SUSPENSION_FAULT,TRAIN001,-0.2407595083654234,-0.5418170727023986,-0.3633684477328623,33.13798872014594,30.035211609000577,26.03133693459802,140.8938606344647,5.062665636047957,0.23623265076293465,1.1959669231300276,0.6065290597813779,ZONE_01,SUSPENSION_FAULT,REAR_BOGIE,3
29.63,RUN_059_SUSPENSION_FAULT,TRAIN001,-0.08998728470355839,-1.3321220028984742,-0.9202459251329791,33.326691767826,30.01604494714957,25.97765401639044,140.86399980127212,5.017192865398273,0.2194409459800919,1.1009775485475648,0.25472605337445386,ZONE_01,SUSPENSION_FAULT,REAR_BOGIE,3
29.64,RUN_059_SUSPENSION_FAULT,TRAIN001,0.059183509737092424,-1.8060180600063669,-1.0429008953004986,33.23399669695321,29.969846195555267,25.973790054943233,139.49073003361912,4.932180305530626,0.20875593534410983,1.0296219129668434,0.6238043731962268,ZONE_01,SUSPENSION_FAULT,REAR_BOGIE,3
29.650000000000002,RUN_059_SUSPENSION_FAULT,TRAIN001,0.0340701365079371,-0.8472264954614646,-0.5492794107744171,33.29067021105176,30.04199540624335,25.98687911453619,139.9982887463081,5.003186654377675,0.23261425333906538,1.1638125279240394,0.3614066160765175,ZONE_01,SUSPENSION_FAULT,REAR_BOGIE,3
29.66,RUN_059_SUSPENSION_FAULT,TRAIN001,-0.2311413952724442,-1.1543328970026543,-0.5887163886755216,33.51900335256201,30.13754970233066,26.009390623641618,140.56822469964268,4.987051859757747,0.232677034443538,1.1603724373445634,0.8186499044887128,ZONE_01,SUSPENSION_FAULT,REAR_BOGIE,3
29.67,RUN_059_SUSPENSION_FAULT,TRAIN001,-0.044521589990866896,-0.9668900067011005,-1.0502872588791003,33.40798843608489,29.990758421039132,25.955853040579893,138.95208005077458,5.007406188165258,0.20365123534928958,1.019764456115532,0.9231544635167377,ZONE_01,SUSPENSION_FAULT,REAR_BOGIE,3
29.68,RUN_059_SUSPENSION_FAULT,TRAIN001,0.029366350063022628,-0.8847305542757794,-0.6480196846393584,33.41623262597215,30.002469543493586,26.00341784477382,140.69681967088655,5.020804081259199,0.2252779480980536,1.1310764412284056,0.6080755623138178,ZONE_01,SUSPENSION_FAULT,REAR_BOGIE,3
29.69,RUN_059_SUSPENSION_FAULT,TRAIN001,-0.012272821836684628,-0.3977187211715476,-0.12867357309287797,33.175097814567884,29.814057757099626,26.103314650735467,140.1446136157893,5.010578886461816,0.2232860479626147,1.1187923575629775,0.7669844876323397,ZONE_01,SUSPENSION_FAULT,REAR_BOGIE,3
29.7,RUN_059_SUSPENSION_FAULT,TRAIN001,-0.04122148784409805,0.20210608312672174,0.2699639495746483,33.33508135219229,29.937425365054086,26.00768704115411,139.5392229466814,5.002165482558874,0.2186486115908261,1.0937165377090525,0.9826302434251953,ZONE_01,SUSPENSION_FAULT,REAR_BOGIE,3
29.71,RUN_059_SUSPENSION_FAULT,TRAIN001,-0.2290798310435311,0.1347943671845409,-0.14896315863609555,33.39134988379773,29.996323625643615,25.977558436905127,139.80871592965917,4.989059049874532,0.2141072338042031,1.0681936324544619,0.9485168043233297,ZONE_01,SUSPENSION_FAULT,REAR_BOGIE,3
29.72,RUN_059_SUSPENSION_FAULT,TRAIN001,-0.13304742039400272,0.7257171295499616,1.194313426471286,33.40717021745861,30.00668983518287,25.866006615348407,140.98115663208566,4.974519133091638,0.2525730794461479,1.256429616208737,1.2483633267346503,ZONE_01,SUSPENSION_FAULT,REAR_BOGIE,3
29.73,RUN_059_SUSPENSION_FAULT,TRAIN001,-0.0477658296818785,0.28452841147580965,2.4301257457258316,33.23919472400878,30.004368935038276,26.019501767351052,138.58995267682548,4.995354268750855,0.22571824731419177,1.1275426102559092,1.7948685692812472,ZONE_01,SUSPENSION_FAULT,REAR_BOGIE,3
29.740000000000002,RUN_059_SUSPENSION_FAULT,TRAIN001,0.12290724439725792,0.3042986893884166,0.4923463429561816,33.21792334028184,29.979672324126433,26.0986754415295,138.48392927130354,5.00771286234129,0.24504636795824555,1.2271218486945228,1.1562344535627342,ZONE_01,SUSPENSION_FAULT,REAR_BOGIE,3
29.75,RUN_059_SUSPENSION_FAULT,TRAIN001,-0.07474312548366442,0.8495470163273626,1.216973194128796,33.20435729284741,29.936721144199765,25.900178262143243,139.49613449726553,5.01614232584396,0.24710064071958454,1.2394919826566695,1.7133293861098304,ZONE_01,SUSPENSION_FAULT,REAR_BOGIE,3
29.76,RUN_059_SUSPENSION_FAULT,TRAIN001,0.0001754259325065739,1.5504989698475988,2.34332982728402,33.43148270743328,30.18393060924427,26.006464336812627,138.8601886996648,4.981805048288313,0.21739226370186238,1.0830058767687623,1.5317116233620354,ZONE_01,SUSPENSION_FAULT,REAR_BOGIE,3
29.77,RUN_059_SUSPENSION_FAULT,TRAIN001,-0.09658637217103959,1.8625333576193623,2.0940994473606103,33.33018363593816,29.916783080734188,26.12162131512651,138.66919662173666,4.995060617397665,0.23298709747234705,1.1637846749459118,2.0189653049479057,ZONE_01,SUSPENSION_FAULT,REAR_BOGIE,3
29.78,RUN_059_SUSPENSION_FAULT,TRAIN001,-0.002380199083828406,1.1687392107938115,1.2620553587604266,33.362236589276336,29.961692084964973,26.054059788954447,139.02216900181384,4.9954194105963525,0.224928807662407,1.1236137317990815,1.8642489257274388,ZONE_01,SUSPENSION_FAULT,REAR_BOGIE,3
29.79,RUN_059_SUSPENSION_FAULT,TRAIN001,0.1265039183965375,0.9249600543392689,2.4425438574466303,33.42883351317012,29.98345505407954,26.0983154597608,140.2954425940149,5.029536862726981,0.22560415536206266,1.134684415777879,1.8158260806935582,ZONE_01,SUSPENSION_FAULT,REAR_BOGIE,3
29.8,RUN_059_SUSPENSION_FAULT,TRAIN001,-0.024730551122447486,1.3389868211661677,2.3112960491628245,33.207821429849325,30.070854192799,25.96508046622116,139.13675308862832,4.990369596238519,0.21614460034564179,1.0786414419560164,1.5647122300825382,ZONE_01,SUSPENSION_FAULT,REAR_BOGIE,3
29.810000000000002,RUN_059_SUSPENSION_FAULT,TRAIN001,-0.019889303918751378,0.5771833536995934,1.8817732082021228,33.37102298868923,29.97190910170982,26.024157530052424,140.07135166358808,4.953303481633333,0.1871672175019152,0.9270960300998599,1.496476228819688,ZONE_01,SUSPENSION_FAULT,REAR_BOGIE,3
29.82,RUN_059_SUSPENSION_FAULT,TRAIN001,0.1085480190568867,1.255299020188371,2.3753381987503417,33.21645967486408,30.039162534232627,25.934804288296167,140.44826373822073,4.986154749875769,0.18733292977037536,0.9340709775827009,2.1980158027729235,ZONE_01,SUSPENSION_FAULT,REAR_BOGIE,3
29.830000000000002,RUN_059_SUSPENSION_FAULT,TRAIN001,-0.09899282439639713,0.8147549406022047,2.433000419617289,33.40318516598442,30.059806465027776,26.033245603382962,140.12604380739015,5.0158902811401225,0.2233574551607184,1.120336488560838,1.650419796861889,ZONE_01,SUSPENSION_FAULT,REAR_BOGIE,3
29.84,RUN_059_SUSPENSION_FAULT,TRAIN001,-0.0001956611937836569,0.482214946782815,1.8574791470183651,33.39668041692543,29.974924344256817,25.983826801181138,140.34849937872596,4.991315673056302,0.25489961381409304,1.2722844374862814,1.2838453070216096,ZONE_01,SUSPENSION_FAULT,REAR_BOGIE,3
29.85,RUN_059_SUSPENSION_FAULT,TRAIN001,-0.07987878251884128,-0.10118168615763215,0.2574579367559604,33.538840795264086,29.99272499226229,26.047818769361385,139.43935088871297,4.998407198746001,0.21073184752851587,1.0533235836915784,1.342437118570321,ZONE_01,SUSPENSION_FAULT,REAR_BOGIE,3
29.86,RUN_059_SUSPENSION_FAULT,TRAIN001,0.09082046084196488,0.7280735928819234,0.26014926897239143,33.33481198061078,30.150467342840983,25.998242533365833,139.5404050539427,4.9942921621342915,0.22735657014274546,1.1354851362736489,1.1103308189271073,ZONE_01,SUSPENSION_FAULT,REAR_BOGIE,3
29.87,RUN_059_SUSPENSION_FAULT,TRAIN001,-0.03193717407790405,-0.24216791400255178,-0.3043914781255258,33.37402191142154,29.90996846804639,25.93289644784975,140.33844479720455,4.972107067061734,0.21313049298070144,1.059707630355697,1.5505239010088863,ZONE_01,SUSPENSION_FAULT,REAR_BOGIE,3
29.88,RUN_059_SUSPENSION_FAULT,TRAIN001,0.1088222198132428,-0.5960195664108228,1.0844789378220794,33.12244625685223,30.041727345462675,26.000521836036572,139.18960839967502,4.986471435126323,0.26113077437013965,1.3021211472291183,0.8790318418141903,ZONE_01,SUSPENSION_FAULT,REAR_BOGIE,3
29.89,RUN_059_SUSPENSION_FAULT,TRAIN001,0.17845509671158089,0.22439522964236203,-0.14533656189287747,33.47169792456849,29.849172169204486,26.103829311490454,139.0729047498833,5.012525715438912,0.25477674839033404,1.2770750030024587,0.7576496962758781,ZONE_01,SUSPENSION_FAULT,REAR_BOGIE,3
29.900000000000002,RUN_059_SUSPENSION_FAULT,TRAIN001,-0.08294377047329156,-0.6626466038703178,0.1538024031479478,33.562771715291184,29.765034519442665,26.091555294768146,141.1878626325927,4.971196329472101,0.2228855205548476,1.1080076816747368,0.16108910086735617,ZONE_01,SUSPENSION_FAULT,REAR_BOGIE,3
29.91,RUN_059_SUSPENSION_FAULT,TRAIN001,0.127154200079885,-0.24363859409277266,-0.40761509608220364,33.32529310476416,30.062665891534223,26.034979277206276,140.67864611903948,4.953783894103285,0.21433225348907234,1.0617556653210292,1.075764152281534,ZONE_01,SUSPENSION_FAULT,REAR_BOGIE,3
29.92,RUN_059_SUSPENSION_FAULT,TRAIN001,0.13294380541679907,-0.932813835497168,-0.6726626679210408,33.2511086744273,30.072989662921483,25.978106499171695,139.4059716709677,5.001580253198355,0.21864050655253497,1.0935480401224444,0.08532624205605821,ZONE_01,SUSPENSION_FAULT,REAR_BOGIE,3
29.93,RUN_059_SUSPENSION_FAULT,TRAIN001,-0.020504392666818545,-2.0631256220709404,-1.2533317121816654,33.33314168294094,29.874086580732182,26.077768996705856,140.15937674098132,5.005180644580107,0.23675032320517136,1.1849781353046083,0.4946195398817999,ZONE_01,SUSPENSION_FAULT,REAR_BOGIE,3
29.94,RUN_059_SUSPENSION_FAULT,TRAIN001,-0.08001891140331803,-1.0708706766274971,-0.08615935376341316,33.33749089969372,29.994632539606688,26.02121337353474,140.7969850749979,5.000787227606473,0.2513212363088453,1.2568040285595417,0.4448406521598821,ZONE_01,SUSPENSION_FAULT,REAR_BOGIE,3
29.95,RUN_059_SUSPENSION_FAULT,TRAIN001,0.11053069724359772,-1.3435582959757668,0.5772056422815516,33.265667857601564,30.03265811178922,25.993820524350166,138.49178642856614,4.97759400488161,0.24658400913970707,1.2273950855934779,0.6702140754111762,ZONE_01,SUSPENSION_FAULT,REAR_BOGIE,3
29.96,RUN_059_SUSPENSION_FAULT,TRAIN001,0.003316437339850513,-0.9310943569510152,-0.5908724329508799,33.24990692002523,30.0238243381245,26.00547342701366,141.23942873799552,5.007235376832254,0.23305144461748586,1.166943438110538,0.2770747192077634,ZONE_01,SUSPENSION_FAULT,REAR_BOGIE,3
29.97,RUN_059_SUSPENSION_FAULT,TRAIN001,-0.03798012432681566,-0.8540794389458495,-0.661133810789703,33.331133215791134,30.29019420155831,25.9978893421405,140.68730227235807,4.971390826622788,0.23041262489858336,1.1454712097588948,0.6224071618866643,ZONE_01,SUSPENSION_FAULT,REAR_BOGIE,3
29.98,RUN_059_SUSPENSION_FAULT,TRAIN001,0.030205300324425685,-0.5535048295115581,0.15459869575615937,33.24268683693283,29.92782875602587,25.957327277688034,139.60010613851696,4.984073002283209,0.22755588250113257,1.134155130484625,0.9576281195157295,ZONE_01,SUSPENSION_FAULT,REAR_BOGIE,3
29.990000000000002,RUN_059_SUSPENSION_FAULT,TRAIN001,-0.018932873475472872,0.5994217719179444,0.5639024622756618,33.43613600914881,29.998147102001507,26.000968927215048,139.48508585456406,4.982803519392824,0.22196378204038938,1.106001914328594,0.7398946805348083,ZONE_01,SUSPENSION_FAULT,REAR_BOGIE,3
