timestamp,run_id,train_id,imu_x,imu_y,imu_z,motor_temperature,bearing_temperature,ambient_temperature,rpm,voltage,current,power,load,zone,fault_type,fault_location,fault_severity
0.0,RUN_055_SUSPENSION_FAULT,TRAIN001,-0.08734230864984933,0.4311589125131369,0.47379116597900073,23.978637306164273,23.977472766185798,24.090952042195493,119.97086993994199,5.024167420792137,0.21911447149146154,1.1008677890914886,1.8887830349405141,ZONE_01,SUSPENSION_FAULT,REAR_BOGIE,2
0.01,RUN_055_SUSPENSION_FAULT,TRAIN001,0.06003409921309288,0.3280189032674876,1.3906962635481297,24.173531427379206,23.930429988683663,24.060552529602074,120.44658992122218,5.004848338789535,0.23051737933174382,1.1537045230105951,1.5078023834580885,ZONE_01,SUSPENSION_FAULT,REAR_BOGIE,2
0.02,RUN_055_SUSPENSION_FAULT,TRAIN001,-0.21476118637522446,0.38375192851225254,1.402080041343466,24.05041507070533,23.81376137280068,23.9718622962052,119.66861004308852,5.008049282165286,0.22944921157866333,1.1490929593399157,1.7653435589800937,ZONE_01,SUSPENSION_FAULT,REAR_BOGIE,2
0.03,RUN_055_SUSPENSION_FAULT,TRAIN001,-0.10335764174155304,0.326153847975793,1.778771229638634,24.15668411382206,24.174202950500675,24.004748862567226,121.28767346309705,4.963908808870039,0.21809398491668167,1.0825986528894855,2.282423135349847,ZONE_01,SUSPENSION_FAULT,REAR_BOGIE,2
0.04,RUN_055_SUSPENSION_FAULT,TRAIN001,0.13458672395950966,0.2618531973654507,4.051728748537077,23.98203936295302,24.03853061562999,24.046711637023083,119.59692862957063,4.9732324408639625,0.25273859138346827,1.2569277617265255,2.0843678601586686,ZONE_01,SUSPENSION_FAULT,REAR_BOGIE,2
0.05,RUN_055_SUSPENSION_FAULT,TRAIN001,-0.043627429501805065,0.4265799678189534,1.6176339603703647,23.942838717502745,24.058241717296998,23.960974719768537,121.72268608339003,5.012564510449841,0.2221371361353106,1.113476725044823,1.9698897627084293,ZONE_01,SUSPENSION_FAULT,REAR_BOGIE,2
0.06,RUN_055_SUSPENSION_FAULT,TRAIN001,-0.038767607419505704,1.0285740666938774,2.6123402913200056,23.98792152475145,23.903949163031413,23.980547267252504,119.26282319047759,4.994179440039307,0.2097848931286396,1.0477034000938952,2.1106011917043537,ZONE_01,SUSPENSION_FAULT,REAR_BOGIE,2
0.07,RUN_055_SUSPENSION_FAULT,TRAIN001,-0.05063540798754701,0.5099095796341413,2.4874375131912183,23.916085072529878,23.91011248954207,24.066322938418512,119.47804140896679,4.9876358326721615,0.20030229363402896,0.9990348970955039,2.408659763294695,ZONE_01,SUSPENSION_FAULT,REAR_BOGIE,2
0.08,RUN_055_SUSPENSION_FAULT,TRAIN001,-0.003768280223281864,0.7727248350805906,1.6132735407615568,24.19183082033602,23.957680254016633,24.051229718133676,119.73908836861983,5.0104770280116595,0.23929817297983522,1.1989979985606247,2.413782033146601,ZONE_01,SUSPENSION_FAULT,REAR_BOGIE,2
0.09,RUN_055_SUSPENSION_FAULT,TRAIN001,-0.006364240392803692,0.8408187668317628,1.6793686738737272,23.964054395125597,23.749917599996685,24.068566117428517,121.64432360699797,4.985753206551754,0.2225505491656538,1.1095821141225124,2.2099174624652207,ZONE_01,SUSPENSION_FAULT,REAR_BOGIE,2
0.1,RUN_055_SUSPENSION_FAULT,TRAIN001,0.01865427569783462,0.5067025970683903,1.7475717871418253,24.004845226435975,24.00690402831395,23.960713196455877,118.8446105937569,4.985334797034672,0.26664967616804947,1.329337909218604,2.1883415717234964,ZONE_01,SUSPENSION_FAULT,REAR_BOGIE,2
0.11,RUN_055_SUSPENSION_FAULT,TRAIN001,-0.1692476181094916,0.485614541048931,1.3088262442837542,24.018256797464364,23.931052159488488,24.030751704880174,119.77101571521357,4.991807126684848,0.24520387171230967,1.2240104343042246,2.058040421755663,ZONE_01,SUSPENSION_FAULT,REAR_BOGIE,2
0.12,RUN_055_SUSPENSION_FAULT,TRAIN001,0.07117643836927626,0.7565394304479922,1.5186484196541201,23.967812755996004,24.075731339751982,24.025351228200257,119.43150424050935,4.980208493380285,0.24616766951365976,1.2259663185075595,2.393675401803325,ZONE_01,SUSPENSION_FAULT,REAR_BOGIE,2
0.13,RUN_055_SUSPENSION_FAULT,TRAIN001,-0.0006118732718311824,0.30243125401794324,0.8765962453701082,24.094995440461396,23.960533123879213,24.03432957554233,120.4464732479199,4.97769254380552,0.2278014656159362,1.1339256568644152,1.8814944314939661,ZONE_01,SUSPENSION_FAULT,REAR_BOGIE,2
0.14,RUN_055_SUSPENSION_FAULT,TRAIN001,0.06306155305160989,0.07374055629225917,1.6385271134665271,24.078943710049085,23.95733540220634,24.005632343212422,120.09760532439607,4.998965017936457,0.21936396252313697,1.0965927748490856,1.6836597598929013,ZONE_01,SUSPENSION_FAULT,REAR_BOGIE,2
0.15,RUN_055_SUSPENSION_FAULT,TRAIN001,-0.013243864508987064,-0.1670014630583036,0.4740461464288222,24.127417470674736,24.008296158874344,23.963387528556744,120.11380830854715,4.976690643867215,0.1661263548919688,0.8267594760906257,1.448875521896026,ZONE_01,SUSPENSION_FAULT,REAR_BOGIE,2
0.16,RUN_055_SUSPENSION_FAULT,TRAIN001,-0.24995130197961243,-0.2804776727769162,0.8213740225052764,24.20382716354908,24.1381691705299,24.00106259856943,119.17954696882823,5.018420136643354,0.247231164350098,1.2407098535803145,1.6582670861549487,ZONE_01,SUSPENSION_FAULT,REAR_BOGIE,2
0.17,RUN_055_SUSPENSION_FAULT,TRAIN001,0.07403775766980543,-0.2193146279222018,0.19318479817909096,24.14921707180891,23.95679435288747,23.971081241425264,120.33425549959101,5.025762449498197,0.23146723421491583,1.1632993340065283,1.3701738954557208,ZONE_01,SUSPENSION_FAULT,REAR_BOGIE,2
0.18,RUN_055_SUSPENSION_FAULT,TRAIN001,-0.00846793830681329,0.11496374209931048,1.0190146524637829,24.17899805248288,24.00860625587225,24.001473628094274,120.04084008602081,4.980040370803502,0.2520092670046666,1.2550163234998386,1.294978418128402,ZONE_01,SUSPENSION_FAULT,REAR_BOGIE,2
0.19,RUN_055_SUSPENSION_FAULT,TRAIN001,0.08828055985055766,-0.8824472815882483,-0.5283194503122117,24.14999202024553,24.128121942190482,24.023715132741884,120.47879725451216,5.026290388342892,0.23068152948657566,1.1594723544266128,1.4096809444413585,ZONE_01,SUSPENSION_FAULT,REAR_BOGIE,2
0.2,RUN_055_SUSPENSION_FAULT,TRAIN001,0.013461772145567295,-0.6536847375683639,0.11042759343134978,23.925968755419106,24.037536716842567,23.868958967657463,118.82786387769393,5.0213059550740216,0.20614172861647917,1.0351006894911796,1.4074160173387218,ZONE_01,SUSPENSION_FAULT,REAR_BOGIE,2
0.21,RUN_055_SUSPENSION_FAULT,TRAIN001,-0.08409892822682254,-0.8342864254063984,0.24553341761266304,24.060929304797902,24.06103584284569,24.06409229931234,120.02291601939002,5.021332755288581,0.2586953595177484,1.2989954823876257,1.3108215256575495,ZONE_01,SUSPENSION_FAULT,REAR_BOGIE,2
0.22,RUN_055_SUSPENSION_FAULT,TRAIN001,0.06899974115210912,-0.29984277021789807,-0.41471257012330076,24.062772424749433,24.052811409949793,24.002940463395365,120.37936157170303,4.998881578391883,0.1897275541846513,0.9484255755270011,1.200216511349994,ZONE_01,SUSPENSION_FAULT,REAR_BOGIE,2
0.23,RUN_055_SUSPENSION_FAULT,TRAIN001,-0.09158746842278352,-0.7741747573995965,-0.4484046594872322,24.034439451728126,24.074769580068864,23.934692174594097,120.55278809143974,5.047476878501625,0.20689248711781194,1.0442850450628511,1.7769569569054693,ZONE_01,SUSPENSION_FAULT,REAR_BOGIE,2
0.24,RUN_055_SUSPENSION_FAULT,TRAIN001,-0.11487481748469286,-0.547822240282503,3.3618990198866214,24.155869520166423,23.915370976827365,24.11232323494417,120.14264591688803,5.0188027109791635,0.23089922554060266,1.158837659106166,1.8328126738661545,ZONE_01,SUSPENSION_FAULT,REAR_BOGIE,2
0.25,RUN_055_SUSPENSION_FAULT,TRAIN001,-0.069607172088032,-0.05937511862130024,0.19674289479492385,23.98256152069618,24.26181642232948,24.113533921736618,118.63301737449795,4.9861567641453375,0.20163020530738276,1.0053598120494196,1.4884309883573825,ZONE_01,SUSPENSION_FAULT,REAR_BOGIE,2
0.26,RUN_055_SUSPENSION_FAULT,TRAIN001,0.16343102998139847,0.02781225876248944,0.44342644323515923,24.290938341265875,23.959831640290126,23.968416433417904,120.12257481314052,4.993707748553388,0.23530530551629975,1.1750459274324683,1.804479721816704,ZONE_01,SUSPENSION_FAULT,REAR_BOGIE,2
0.27,RUN_055_SUSPENSION_FAULT,TRAIN001,0.18573741227395257,-0.21258313138042761,0.9099054103849339,24.338623406086892,24.009737746224587,24.092794438061023,119.5853284713029,5.020349886185065,0.2303449154714688,1.1564120701704967,1.5958493468003245,ZONE_01,SUSPENSION_FAULT,REAR_BOGIE,2
0.28,RUN_055_SUSPENSION_FAULT,TRAIN001,0.03619585920222656,0.0915710022808292,1.0628541119681332,24.106253386845065,24.12261482312995,24.023314512895407,120.98112546080375,4.974961137162979,0.22895888241617757,1.1390615420287515,1.8310708294053122,ZONE_01,SUSPENSION_FAULT,REAR_BOGIE,2
0.29,RUN_055_SUSPENSION_FAULT,TRAIN001,-0.029319070126168502,0.3249428828224311,1.3654331261409172,24.070269609269904,23.955125362187918,23.973465193737017,120.27060034190066,5.012722336342685,0.24432682432876576,1.2247425296804795,2.0605033128273247,ZONE_01,SUSPENSION_FAULT,REAR_BOGIE,2
0.3,RUN_055_SUSPENSION_FAULT,TRAIN001,-0.21646172436229,0.5336236253606108,1.8126451488997697,24.09640366145077,24.076754190081886,23.992496517289684,120.09287834661167,5.004870044280661,0.2608043367518496,1.305291812427818,1.7036601842663845,ZONE_01,SUSPENSION_FAULT,REAR_BOGIE,2
0.31,RUN_055_SUSPENSION_FAULT,TRAIN001,0.13799325315648284,0.2729317622383508,0.8672391548665127,24.243137957803132,24.10267467052593,23.941535583205155,118.85918107836639,4.99966245532358,0.2367731564177833,1.1837858605704483,2.0709043135160194,ZONE_01,SUSPENSION_FAULT,REAR_BOGIE,2
0.32,RUN_055_SUSPENSION_FAULT,TRAIN001,0.030088945764770433,0.15024342252658757,1.090249754028049,24.269377982775726,24.151386015590695,24.01894055584514,119.33834056077586,5.02623313988559,0.25863047146553975,1.2999370466643303,2.252795880636694,ZONE_01,SUSPENSION_FAULT,REAR_BOGIE,2
0.33,RUN_055_SUSPENSION_FAULT,TRAIN001,0.07040111836873521,-0.04102693910063926,2.195075038368302,24.30189846876245,24.129334500444084,23.999243508832798,119.85420369750021,4.979902369814684,0.22657797525338688,1.128336195912154,2.226289675054678,ZONE_01,SUSPENSION_FAULT,REAR_BOGIE,2
0.34,RUN_055_SUSPENSION_FAULT,TRAIN001,0.0018415226746962216,0.5438420461068167,0.9638524218371698,24.265643714385636,24.23684617119476,24.076066507420045,119.91336050450504,4.981377802786142,0.2322710789326919,1.1570299968244993,1.9364250166915047,ZONE_01,SUSPENSION_FAULT,REAR_BOGIE,2
0.35000000000000003,RUN_055_SUSPENSION_FAULT,TRAIN001,0.028028606558241617,0.7967438802031456,2.6134046821014967,24.12259169014649,24.173703694648374,23.96513673120756,121.10111665461123,5.024721494138079,0.21726537241350163,1.091697986698036,2.162517466753597,ZONE_01,SUSPENSION_FAULT,REAR_BOGIE,2
0.36,RUN_055_SUSPENSION_FAULT,TRAIN001,0.19139425809735647,0.5551418694749968,2.8457376943202677,24.36055576235577,24.17786271632505,23.953582516762378,120.72984360513843,4.986544711786665,0.24127707314125318,1.2031389131478805,2.3665070555914505,ZONE_01,SUSPENSION_FAULT,REAR_BOGIE,2
0.37,RUN_055_SUSPENSION_FAULT,TRAIN001,-0.16165286058490336,0.5423732899218451,2.3234619063443716,24.34273997599218,24.14478613695145,24.044394222768467,120.40718814527023,4.989941792266411,0.23908810699460137,1.1930357371262246,2.1584361268717216,ZONE_01,SUSPENSION_FAULT,REAR_BOGIE,2
0.38,RUN_055_SUSPENSION_FAULT,TRAIN001,0.07844731814553661,1.0783077816373656,1.9280522993984661,24.233134746330798,24.061323084213857,24.050393998025385,119.01703848608743,4.939256333080072,0.19965180174967972,0.9861314262029527,2.195235383594708,ZONE_01,SUSPENSION_FAULT,REAR_BOGIE,2
0.39,RUN_055_SUSPENSION_FAULT,TRAIN001,0.05167610992560656,0.5270580221164205,1.8612134839532533,24.19974670826158,24.142225448165096,23.99952673274495,119.38518890122735,5.002192708003017,0.21793049227551914,1.0901303193121097,1.9248108079886765,ZONE_01,SUSPENSION_FAULT,REAR_BOGIE,2
0.4,RUN_055_SUSPENSION_FAULT,TRAIN001,0.048456509779530206,0.5189688286584787,1.483235099313496,24.15070043640311,23.95198187677578,23.958288541172884,119.29333470800793,4.979568380978341,0.2108249714579969,1.0498173617929025,2.616724295446771,ZONE_01,SUSPENSION_FAULT,REAR_BOGIE,2
0.41000000000000003,RUN_055_SUSPENSION_FAULT,TRAIN001,-0.14998485825796487,0.1123735602242443,1.2637522446439884,24.32267172435968,24.39128830418353,23.99313103800451,119.38247936029576,4.993760070874433,0.16933885593010298,0.8456376171913065,1.7116063364702028,ZONE_01,SUSPENSION_FAULT,REAR_BOGIE,2
0.42,RUN_055_SUSPENSION_FAULT,TRAIN001,-0.09474791155525641,-0.09772361915044411,0.7118832178796048,24.203397800319124,24.165445206826007,24.058310611382595,120.22926413148707,4.99958993072782,0.21528239641331282,1.076323701370954,1.6016219206871622,ZONE_01,SUSPENSION_FAULT,REAR_BOGIE,2
0.43,RUN_055_SUSPENSION_FAULT,TRAIN001,-0.004821013551492872,0.44991045297310306,1.4586231431638497,24.362297021797193,23.936545721285672,24.071229032557078,120.56531603695652,5.0129558133299525,0.2010307197916466,1.0077581154374395,1.6990715328509125,ZONE_01,SUSPENSION_FAULT,REAR_BOGIE,2
0.44,RUN_055_SUSPENSION_FAULT,TRAIN001,0.051188437694966005,-0.10744614092030665,1.1273094541249535,24.0561034171443,24.160184099532625,23.957547832565247,120.56606105233563,5.023078392125565,0.23864436154336915,1.1987293358710986,1.79989355275483,ZONE_01,SUSPENSION_FAULT,REAR_BOGIE,2
0.45,RUN_055_SUSPENSION_FAULT,TRAIN001,0.05388149256320506,-0.4273618469073062,0.5805186077517398,24.270031578852915,24.071011648089886,23.870404257782987,121.2936124506718,5.0078324169096495,0.21042553822861348,1.0537758316869112,1.5876893588051768,ZONE_01,SUSPENSION_FAULT,REAR_BOGIE,2
0.46,RUN_055_SUSPENSION_FAULT,TRAIN001,0.0740614947964144,-0.5411760974323175,0.05048753973687847,24.268780395206026,24.15657574982986,23.99007192875473,120.96823136355425,4.997465054119117,0.20042405843398217,1.0016122280285538,1.6155027882992294,ZONE_01,SUSPENSION_FAULT,REAR_BOGIE,2
0.47000000000000003,RUN_055_SUSPENSION_FAULT,TRAIN001,0.1319275894969544,-0.4677254103248427,0.06966536690506159,24.272925923416615,24.216973751943964,24.032768523731868,119.72262963425742,4.996080629246197,0.23077623642539805,1.1529766844952718,1.4679736316356309,ZONE_01,SUSPENSION_FAULT,REAR_BOGIE,2
0.48,RUN_055_SUSPENSION_FAULT,TRAIN001,0.01905378490651841,-0.5772420179347224,0.020326801295526054,24.133183180140517,24.077559159602288,23.962618650026275,119.5709376954276,4.995955132063215,0.21972576064658225,1.0977400415487861,1.5192948823210173,ZONE_01,SUSPENSION_FAULT,REAR_BOGIE,2
0.49,RUN_055_SUSPENSION_FAULT,TRAIN001,0.06467753967907915,-0.7088356278997497,-0.36200119895207783,24.32917845706782,24.05652101786476,23.96501149562694,119.86654060774805,4.9996696562106555,0.22599135628946143,1.1298821266063115,1.5683467122084025,ZONE_01,SUSPENSION_FAULT,REAR_BOGIE,2
0.5,RUN_055_SUSPENSION_FAULT,TRAIN001,-0.051850400028065194,-0.45116580676459467,-0.10717489742914771,24.17465570884612,24.06046054638595,23.989539268488937,118.4683047465385,5.0052383184882725,0.23813492077750456,1.191922030445735,1.991190280707496,ZONE_01,SUSPENSION_FAULT,REAR_BOGIE,2
0.51,RUN_055_SUSPENSION_FAULT,TRAIN001,0.27337259174628986,-0.23902639940809944,-0.17439020472167538,24.285136859764606,24.160137547791262,24.023683031752903,119.77701296801634,4.994908204995285,0.2542168653562146,1.2697899066159382,1.3575483822000558,ZONE_01,SUSPENSION_FAULT,REAR_BOGIE,2
0.52,RUN_055_SUSPENSION_FAULT,TRAIN001,-0.06925764279617155,-0.5994729619220541,0.44838127771648345,24.313844036783888,23.96433540492557,23.940280651541247,122.02693140720226,4.984351289489006,0.23185823885164658,1.1556629117988546,1.1406883050377792,ZONE_01,SUSPENSION_FAULT,REAR_BOGIE,2
0.53,RUN_055_SUSPENSION_FAULT,TRAIN001,-0.12273216571152841,-0.523095512451245,0.7493837510112992,24.291554160395016,24.05667907805275,23.9156964195848,119.3045608334376,4.993556814084495,0.21286266473388105,1.062941809946055,1.5599699181874085,ZONE_01,SUSPENSION_FAULT,REAR_BOGIE,2
0.54,RUN_055_SUSPENSION_FAULT,TRAIN001,0.08954353117882964,-0.5500316354964996,-0.13659623266276943,24.142044865986144,24.11976239482282,23.942740222183744,122.3306402255616,5.034991916225799,0.2113811714430578,1.0643024894581357,1.28503188844844,ZONE_01,SUSPENSION_FAULT,REAR_BOGIE,2
0.55,RUN_055_SUSPENSION_FAULT,TRAIN001,-0.15080118161900258,-0.7641168898989563,0.45981292089916265,24.380256494419037,24.1476037569259,24.01489222900572,120.24763974599523,5.006529513161912,0.19238353213807524,0.9631738314956069,1.4339014949447733,ZONE_01,SUSPENSION_FAULT,REAR_BOGIE,2
0.56,RUN_055_SUSPENSION_FAULT,TRAIN001,0.05639981972777979,0.11306451381402674,1.3129154517954011,24.256385886374193,24.19703240022128,23.901169428200937,119.80668298767841,4.995941756074865,0.2325921177139824,1.162016673021165,1.6582175176455618,ZONE_01,SUSPENSION_FAULT,REAR_BOGIE,2
0.5700000000000001,RUN_055_SUSPENSION_FAULT,TRAIN001,0.005557166703159571,0.27095548289370874,0.26460716342820045,24.30077896379762,24.21090978762041,24.003349860384667,120.01582523387302,4.988553401195511,0.2639348698658344,1.316653192763303,1.7783039872216433,ZONE_01,SUSPENSION_FAULT,REAR_BOGIE,2
0.58,RUN_055_SUSPENSION_FAULT,TRAIN001,0.20811975855497572,-0.02055709589195373,0.7825625912547269,24.15745506988351,24.109545309727377,24.007092571403234,120.78457281001914,4.976036749221143,0.19130916077501997,0.9519614144791553,2.0607483841867937,ZONE_01,SUSPENSION_FAULT,REAR_BOGIE,2
0.59,RUN_055_SUSPENSION_FAULT,TRAIN001,0.021875641334811263,0.7066849257238121,1.866522110789728,24.308319294871502,24.352603012994546,23.916299094469487,120.07397343695602,5.013868008048765,0.20319995222495965,1.0188177396977627,1.817563460517801,ZONE_01,SUSPENSION_FAULT,REAR_BOGIE,2
0.6,RUN_055_SUSPENSION_FAULT,TRAIN001,-0.23811513549764407,0.1827546171388456,1.5826630173734073,24.276063664198595,24.158640735300683,23.966824708420948,120.07905044902782,5.004212917812569,0.21706743426100586,1.086251658565356,2.2310559115687707,ZONE_01,SUSPENSION_FAULT,REAR_BOGIE,2
0.61,RUN_055_SUSPENSION_FAULT,TRAIN001,-0.16031355542344633,0.315859296304666,1.0301928674194416,24.515640968116173,24.2227188175459,24.02657747428416,121.29899986059863,4.945648515868309,0.26739357280842246,1.3224346265126992,1.9138796167033163,ZONE_01,SUSPENSION_FAULT,REAR_BOGIE,2
0.62,RUN_055_SUSPENSION_FAULT,TRAIN001,-0.07823134453933413,0.6317221840389727,2.9408613500053127,24.499064634053774,24.236109592154616,24.040942664662065,119.680986130667,4.974008770118924,0.237325772968014,1.1804604761181543,2.260218162252261,ZONE_01,SUSPENSION_FAULT,REAR_BOGIE,2
0.63,RUN_055_SUSPENSION_FAULT,TRAIN001,0.0017824088180845663,0.20324470127211108,1.2469876876628359,24.47902312415691,24.159388027201615,23.962963109700368,121.14327983823692,4.995147083460992,0.23358625619674458,1.1667977063777408,2.0649765181145847,ZONE_01,SUSPENSION_FAULT,REAR_BOGIE,2
0.64,RUN_055_SUSPENSION_FAULT,TRAIN001,0.10360064348231682,0.6022426812682777,2.335455031354382,24.421097625153923,24.21083681974718,23.988153077940126,120.75511266338059,4.99873845291089,0.23948967370917323,1.1971462410451263,1.9772121452838234,ZONE_01,SUSPENSION_FAULT,REAR_BOGIE,2
0.65,RUN_055_SUSPENSION_FAULT,TRAIN001,0.00832937675244954,0.5171862200896273,2.0922281691698834,24.478331654030956,24.22463346031916,23.93074499471634,120.33717716755179,4.977846810775314,0.21681989712009275,1.0792962333918854,2.388577184779592,ZONE_01,SUSPENSION_FAULT,REAR_BOGIE,2
0.66,RUN_055_SUSPENSION_FAULT,TRAIN001,0.1680388884612064,0.8418750876086711,1.8840562458101517,24.513257807771314,24.330045865955785,23.957829855486654,119.24445113781323,4.974103818602618,0.2388944223298559,1.1882856583538026,2.363406480728107,ZONE_01,SUSPENSION_FAULT,REAR_BOGIE,2
0.67,RUN_055_SUSPENSION_FAULT,TRAIN001,0.19952745470531408,0.5853273657904778,2.605932319197819,24.542713550408575,24.212087608555045,23.95265905441492,119.37134640016481,4.9875394695586355,0.2499498303405638,1.2466346442330465,2.1775892356879836,ZONE_01,SUSPENSION_FAULT,REAR_BOGIE,2
0.68,RUN_055_SUSPENSION_FAULT,TRAIN001,0.22820432866778254,0.7472797757997856,2.0696065223850226,24.360788538790253,24.05034796179375,23.87926836037888,120.04600262042887,5.0041190117368,0.22340677985854876,1.1179541144410619,2.0249057836828737,ZONE_01,SUSPENSION_FAULT,REAR_BOGIE,2
0.6900000000000001,RUN_055_SUSPENSION_FAULT,TRAIN001,-0.06019708354697614,0.576006118877597,1.1953078823830352,24.263612899735772,24.125009736201775,24.112246030152093,120.31276792696704,5.01712364252269,0.21813208743612642,1.0943956530686165,2.1145791491001034,ZONE_01,SUSPENSION_FAULT,REAR_BOGIE,2
0.7000000000000001,RUN_055_SUSPENSION_FAULT,TRAIN001,0.04973380614143681,-0.0067452007595117935,0.644917861200408,24.23894000076267,24.296792361978046,23.9225281744319,121.14284162435175,4.981888371688039,0.23929914390932247,1.1921616223967562,2.09490951708832,ZONE_01,SUSPENSION_FAULT,REAR_BOGIE,2
0.71,RUN_055_SUSPENSION_FAULT,TRAIN001,-0.18581663816161703,-0.49803947676593696,1.0218410122691555,24.26737725688244,24.101159045651162,24.018882703344453,118.50678301545531,5.035186199642674,0.19790948867789265,0.9965111261692632,1.9693607720927222,ZONE_01,SUSPENSION_FAULT,REAR_BOGIE,2
0.72,RUN_055_SUSPENSION_FAULT,TRAIN001,-0.036294737127352504,-0.6258149745164432,1.0838807870121,24.46835922115934,24.190222083784242,23.90972416511695,119.87902447526322,4.999984201011107,0.20947535803235726,1.0473734806629313,1.9355247295745237,ZONE_01,SUSPENSION_FAULT,REAR_BOGIE,2
0.73,RUN_055_SUSPENSION_FAULT,TRAIN001,0.10962521922473412,0.02420554124393201,0.7687923761704851,24.347931362566754,24.11152929884577,24.094634323851412,119.79850319763224,4.966456368309366,0.23919845484043006,1.1879686893320143,1.698491098643354,ZONE_01,SUSPENSION_FAULT,REAR_BOGIE,2
0.74,RUN_055_SUSPENSION_FAULT,TRAIN001,0.03285600485809923,-0.5995158011890614,1.1107921564384946,24.412044874839445,24.18899016201343,24.115444968233742,121.41795086950872,5.007041702933693,0.20988915772908945,1.0509237657431785,1.3613067211966567,ZONE_01,SUSPENSION_FAULT,REAR_BOGIE,2
0.75,RUN_055_SUSPENSION_FAULT,TRAIN001,0.023367422358733448,-1.3048681957510089,0.674891785101719,24.370987964831695,24.021934023688814,23.982655344452716,118.62440321317182,4.982574562029557,0.2061825628456336,1.0273199927687144,1.6927323296921697,ZONE_01,SUSPENSION_FAULT,REAR_BOGIE,2
0.76,RUN_055_SUSPENSION_FAULT,TRAIN001,0.03455834895061242,-0.5116772823438054,0.6306471630119843,24.44157721596401,24.169178578364352,23.977070402754325,121.80970432367594,5.010168918825903,0.23322583736225974,1.1685008414195388,1.1491196319546306,ZONE_01,SUSPENSION_FAULT,REAR_BOGIE,2
0.77,RUN_055_SUSPENSION_FAULT,TRAIN001,0.06075564661430724,-0.3219972899417218,-0.06459921723689986,24.269321879419735,24.305850074519938,23.984877603537715,120.48712663122483,5.001684195224572,0.24840976757257177,1.2424672084071415,1.1254629709324495,ZONE_01,SUSPENSION_FAULT,REAR_BOGIE,2
0.78,RUN_055_SUSPENSION_FAULT,TRAIN001,0.01750365928986542,-1.077102590766928,0.21825126727715566,24.39679339644868,24.26786861806237,24.00409006329294,121.10470251629057,4.969661077889864,0.2246461816005612,1.1164153849968872,1.5614864070241468,ZONE_01,SUSPENSION_FAULT,REAR_BOGIE,2
0.79,RUN_055_SUSPENSION_FAULT,TRAIN001,0.15419078850747708,-0.507578845547058,0.4343652958674743,24.36589192135943,24.153015528339,23.93975222028719,120.54151371405557,5.039970646853774,0.2422414732712943,1.2208899147379364,1.466257547062305,ZONE_01,SUSPENSION_FAULT,REAR_BOGIE,2
0.8,RUN_055_SUSPENSION_FAULT,TRAIN001,0.02046175886705213,-0.9038694310070288,-0.06818957760908345,24.28847432458757,24.16404420628251,24.02989697282934,120.6627475532507,5.00054038862592,0.22267767000409502,1.1135086825005918,1.5098990355010713,ZONE_01,SUSPENSION_FAULT,REAR_BOGIE,2
0.81,RUN_055_SUSPENSION_FAULT,TRAIN001,-0.0725148612122266,-1.0242061369266284,-0.018412167497862675,24.31143933068947,24.18652470238798,23.98686048458371,120.58136846484345,4.972771527418364,0.24158316999261914,1.201337909242767,1.5780129795316977,ZONE_01,SUSPENSION_FAULT,REAR_BOGIE,2
0.8200000000000001,RUN_055_SUSPENSION_FAULT,TRAIN001,0.05607749097160713,-0.4724267949941289,0.34509551057490206,24.527675991169627,24.275850358485208,24.007605317836955,119.16435546001497,4.987799449604947,0.21790474710573085,1.0868651776802696,1.130912072211369,ZONE_01,SUSPENSION_FAULT,REAR_BOGIE,2
0.8300000000000001,RUN_055_SUSPENSION_FAULT,TRAIN001,0.16560699197862427,-0.5128219081748272,0.2010885613938559,24.514264239914144,24.231725738160073,23.944154173607146,118.57610305001268,5.028991562203034,0.2271911516530394,1.142542384670325,1.660910917583395,ZONE_01,SUSPENSION_FAULT,REAR_BOGIE,2
0.84,RUN_055_SUSPENSION_FAULT,TRAIN001,-0.08718172116336727,-0.2785462506048605,0.3382491553535008,24.492025725003558,24.402503001979692,23.948506627692403,121.24647190381619,5.018754071796631,0.2144885747597906,1.0764654079295553,2.0518094359819736,ZONE_01,SUSPENSION_FAULT,REAR_BOGIE,2
0.85,RUN_055_SUSPENSION_FAULT,TRAIN001,-0.006438522095602231,0.004126922093892135,0.28463002289529227,24.281837371950928,24.19398024091257,23.97275567292527,120.5036807439837,5.005469919708253,0.2320742247989701,1.161640551370856,1.7090243477750156,ZONE_01,SUSPENSION_FAULT,REAR_BOGIE,2
0.86,RUN_055_SUSPENSION_FAULT,TRAIN001,-0.010741457882820013,-0.2190271474976131,0.3474315278641591,24.548182099975996,24.413099278107733,24.07482150766291,120.28799670027396,4.986940577909562,0.24221195421630776,1.2078966229360781,1.5553781485590754,ZONE_01,SUSPENSION_FAULT,REAR_BOGIE,2
0.87,RUN_055_SUSPENSION_FAULT,TRAIN001,-0.005375600073813294,0.5701119419859659,1.5934068117684692,24.476776465255657,24.343455081691474,24.01261430969733,119.3582234799566,5.014684422811115,0.22765856025750508,1.1416358358429164,1.915158726586079,ZONE_01,SUSPENSION_FAULT,REAR_BOGIE,2
0.88,RUN_055_SUSPENSION_FAULT,TRAIN001,-0.10927641141774257,-0.017532439927228582,1.7071307887525276,24.38930266888329,24.326805555018463,23.989202035667542,120.22589772666964,4.966746744550436,0.22536776523333163,1.119344614299257,1.9190851408428173,ZONE_01,SUSPENSION_FAULT,REAR_BOGIE,2
0.89,RUN_055_SUSPENSION_FAULT,TRAIN001,0.01731538436005593,0.6455517132269639,2.2939535508983098,24.622164990304046,24.460053143652466,24.03123802710686,119.2894192373311,5.032868388018549,0.2573938536308239,1.295429389208847,2.4038895560047147,ZONE_01,SUSPENSION_FAULT,REAR_BOGIE,2
0.9,RUN_055_SUSPENSION_FAULT,TRAIN001,0.10194896357022781,0.4332965168766953,2.158234695692248,24.56721889560454,24.15778138206407,24.025697718097128,121.56925579754967,4.992741006603085,0.24187170471551903,1.2076027784701646,2.0503811517446464,ZONE_01,SUSPENSION_FAULT,REAR_BOGIE,2
0.91,RUN_055_SUSPENSION_FAULT,TRAIN001,-0.04907142669358702,0.9302423124248531,1.583477530130983,24.576761117590458,24.34306214528401,24.053488519236524,119.73157771179974,5.011626481213331,0.2232052657951586,1.118621420805277,2.2074634150612646,ZONE_01,SUSPENSION_FAULT,REAR_BOGIE,2
0.92,RUN_055_SUSPENSION_FAULT,TRAIN001,-0.0549309756351571,0.9511368378556335,2.0495847385709203,24.483986363186503,24.297145626637153,23.985412071256643,120.21407891009649,4.97028013890796,0.2308293311754029,1.147286440218513,2.5594912558302374,ZONE_01,SUSPENSION_FAULT,REAR_BOGIE,2
0.93,RUN_055_SUSPENSION_FAULT,TRAIN001,-0.06890248173352685,0.7762692795485098,1.8012917177142165,24.46454619706665,24.193925582012845,23.992927874840763,121.3571933615596,4.997280132077647,0.26009599947751977,1.2997725706218877,2.6551592325449107,ZONE_01,SUSPENSION_FAULT,REAR_BOGIE,2
0.9400000000000001,RUN_055_SUSPENSION_FAULT,TRAIN001,-0.15094354378190422,0.927074657058681,1.6828460149033884,24.632192759752947,24.153348566373417,24.044935569737312,118.9954477092856,5.007475139702686,0.25936197470245614,1.298748640506746,2.0207042848853036,ZONE_01,SUSPENSION_FAULT,REAR_BOGIE,2
0.9500000000000001,RUN_055_SUSPENSION_FAULT,TRAIN001,-0.024626235189856148,0.38214583121287865,1.9835748961176758,24.241433370970597,24.264174560012034,24.033686998760434,120.14746686050255,5.001394073401694,0.23896904371042263,1.1951783589397782,2.1468810391554105,ZONE_01,SUSPENSION_FAULT,REAR_BOGIE,2
0.96,RUN_055_SUSPENSION_FAULT,TRAIN001,0.06109212882314592,0.9673732886499758,1.576534271515627,24.373755300705252,24.176101452132524,23.94579331353539,119.56100919220326,5.0149386476366065,0.2175605956526802,1.0910530393414666,2.2403694091981308,ZONE_01,SUSPENSION_FAULT,REAR_BOGIE,2
0.97,RUN_055_SUSPENSION_FAULT,TRAIN001,0.16749391857729007,0.014601374635976161,2.203957762930546,24.597024713272543,24.199584848725046,23.942382138113516,119.90492745534361,5.011765468773622,0.2524002696185091,1.2649709555831958,1.9855200688395482,ZONE_01,SUSPENSION_FAULT,REAR_BOGIE,2
0.98,RUN_055_SUSPENSION_FAULT,TRAIN001,-0.12649046288180835,0.7281976954302383,2.944304091510181,24.534949881901106,24.289812040733178,23.95919249732438,119.47266127248162,5.029571369499369,0.22491957785366154,1.1312490692126604,1.8368925484690362,ZONE_01,SUSPENSION_FAULT,REAR_BOGIE,2
0.99,RUN_055_SUSPENSION_FAULT,TRAIN001,0.013474917077164826,0.22972227541362003,1.165565418086602,24.46819807022427,23.901217380335492,24.014958343668724,119.28276249389712,5.024585436212877,0.2746299544689845,1.3799016695726651,2.31777684267834,ZONE_01,SUSPENSION_FAULT,REAR_BOGIE,2
1.0,RUN_055_SUSPENSION_FAULT,TRAIN001,-0.0784452608858991,-0.13086093965624881,1.4917752675066374,24.691700713717772,24.324212187619672,24.002883404110175,119.49825159401142,5.042230025189386,0.21855489982537638,1.1020040780517713,2.0398090807238707,ZONE_01,SUSPENSION_FAULT,REAR_BOGIE,2
1.01,RUN_055_SUSPENSION_FAULT,TRAIN001,-0.021197377883777548,-0.22069257393713138,0.4762928621800351,24.576191577619113,24.287539180191022,24.055817098895954,119.01360822629653,4.994069481805087,0.23775124153280117,1.1873462196002325,1.7902482640431328,ZONE_01,SUSPENSION_FAULT,REAR_BOGIE,2
1.02,RUN_055_SUSPENSION_FAULT,TRAIN001,-0.1428766903336251,-0.4202966048128519,0.47792226985434494,24.5808505168716,24.261559640817854,23.95958886674,119.97987539631903,4.983711726459539,0.2361575646387211,1.1769412241821209,1.7231861833318118,ZONE_01,SUSPENSION_FAULT,REAR_BOGIE,2
1.03,RUN_055_SUSPENSION_FAULT,TRAIN001,0.08698280277516991,-0.5171789408274333,0.8371864049596431,24.3643536945849,24.341673510397243,23.938168105946886,118.6933417586012,5.039324598109038,0.2075066630766292,1.0456934315135822,1.6629296589481688,ZONE_01,SUSPENSION_FAULT,REAR_BOGIE,2
1.04,RUN_055_SUSPENSION_FAULT,TRAIN001,0.04808640709782022,-0.8973998960652305,0.4592398626027243,24.58751368829464,24.119897297733196,23.93391873422116,120.12781817451594,5.003279298983194,0.26417540058487654,1.3217433130469054,1.774435411909364,ZONE_01,SUSPENSION_FAULT,REAR_BOGIE,2
1.05,RUN_055_SUSPENSION_FAULT,TRAIN001,0.08136197192567202,-0.7967834202348929,0.22820513472149764,24.574740520687087,24.150016246242465,23.95749802545304,120.20698765992968,5.002171791750238,0.22826834202175483,1.1418374614108175,1.3500347027048973,ZONE_01,SUSPENSION_FAULT,REAR_BOGIE,2
1.06,RUN_055_SUSPENSION_FAULT,TRAIN001,0.15979492473868193,0.13036549590297908,-0.544649904244752,24.520351540710926,24.294229129151816,23.938866456429796,121.59716488276156,5.0264886552811605,0.2564901777502519,1.2892449686526894,1.6047741076496846,ZONE_01,SUSPENSION_FAULT,REAR_BOGIE,2
1.07,RUN_055_SUSPENSION_FAULT,TRAIN001,0.03631758323329541,-0.4632855925329047,-0.01633104109074833,24.70862294786451,24.309985235502708,23.964589553720415,120.05851254352223,4.988967618055194,0.21924734858345818,1.0938179224273323,1.5545591103000251,ZONE_01,SUSPENSION_FAULT,REAR_BOGIE,2
1.08,RUN_055_SUSPENSION_FAULT,TRAIN001,0.009387147773169156,-0.7130448401813915,-0.10419435972424906,24.529580539929395,24.37581080286859,24.010598642812187,119.8490515025883,4.97926612352024,0.24345922062930292,1.212248249738128,1.2868927275301671,ZONE_01,SUSPENSION_FAULT,REAR_BOGIE,2
1.09,RUN_055_SUSPENSION_FAULT,TRAIN001,0.15062855172904524,-1.1394939340515373,0.7505764202757608,24.685033784999188,24.22442497171359,24.023936614131795,119.73424344133247,4.990974680866582,0.21120966933482432,1.0541421120043113,1.3737370579062804,ZONE_01,SUSPENSION_FAULT,REAR_BOGIE,2
1.1,RUN_055_SUSPENSION_FAULT,TRAIN001,-0.1660143088727514,-0.26662656617034797,-0.21237937425615794,24.62331999442951,24.36266594777779,24.058900286790067,119.46521576893865,5.021198170361607,0.2211769076519739,1.1105730840283294,1.6350315249924896,ZONE_01,SUSPENSION_FAULT,REAR_BOGIE,2
1.11,RUN_055_SUSPENSION_FAULT,TRAIN001,-0.09132531572450782,-0.10404478373578901,0.1840240198103737,24.65318654966594,24.221014154017,23.975541723999076,120.25321638141426,5.010669066930534,0.24318295287984631,1.2185092995998716,1.8810501046585661,ZONE_01,SUSPENSION_FAULT,REAR_BOGIE,2
1.12,RUN_055_SUSPENSION_FAULT,TRAIN001,0.06580553476072287,0.013191575755294727,1.207052462433609,24.71934779269532,24.368365762963126,24.013839916672982,119.78825925281151,5.022845972258189,0.2364903855428646,1.1878547805017636,1.6834953452070403,ZONE_01,SUSPENSION_FAULT,REAR_BOGIE,2
1.1300000000000001,RUN_055_SUSPENSION_FAULT,TRAIN001,-0.05916144546510759,0.03947055821635706,1.0657471373437555,24.682652957601732,24.439153543384634,23.997722086093432,120.94683156687971,5.013759811886269,0.2350847793996655,1.1786586193401918,2.0192944482801387,ZONE_01,SUSPENSION_FAULT,REAR_BOGIE,2
1.1400000000000001,RUN_055_SUSPENSION_FAULT,TRAIN001,0.1244615653355472,-0.012088285546775858,1.3340865265513204,24.533940063512116,24.239634894107514,24.015475144021323,120.01476969829412,4.965600187896929,0.16053050598995505,0.79713031070691,1.6999835645915495,ZONE_01,SUSPENSION_FAULT,REAR_BOGIE,2
1.1500000000000001,RUN_055_SUSPENSION_FAULT,TRAIN001,0.04478656255994339,0.2318707779080793,1.0098592951065473,24.53018595466409,24.254811643960696,23.964476310911156,119.35098273612819,4.985808808094127,0.20747025311648848,1.0344070154057063,1.6093577496165183,ZONE_01,SUSPENSION_FAULT,REAR_BOGIE,2
1.16,RUN_055_SUSPENSION_FAULT,TRAIN001,-0.13195171702536299,-0.05913457548237516,1.7903386720394168,24.69177596511772,24.261611436632545,23.97272313189498,120.04442287047587,5.017918421059355,0.24082677745065564,1.2084491228540066,1.8224244655233064,ZONE_01,SUSPENSION_FAULT,REAR_BOGIE,2
1.17,RUN_055_SUSPENSION_FAULT,TRAIN001,-0.02401573828846421,0.7524108208134612,1.854462292727564,24.644073121602332,24.233589485882245,24.03314473487023,120.24244142491926,4.979557385241973,0.23521731469472287,1.1712781165248927,1.6196498515068698,ZONE_01,SUSPENSION_FAULT,REAR_BOGIE,2
1.18,RUN_055_SUSPENSION_FAULT,TRAIN001,-0.05827772204609414,-0.3299181191172035,1.6027758492136706,24.74929310222243,24.33757878128693,24.054930112530858,120.99412403460245,5.037791119617182,0.24343362157685425,1.2263677369961261,1.9295023450405213,ZONE_01,SUSPENSION_FAULT,REAR_BOGIE,2
1.19,RUN_055_SUSPENSION_FAULT,TRAIN001,-0.03466061648274487,1.0858781594521936,1.532513965318685,24.689662712236732,24.35529602651051,23.942391136675,119.58513950761183,4.99124594892941,0.24145599277644966,1.2051662457901833,2.6113410379191233,ZONE_01,SUSPENSION_FAULT,REAR_BOGIE,2
1.2,RUN_055_SUSPENSION_FAULT,TRAIN001,0.18666955928238085,1.0948265691528514,2.1037608339624603,24.691107768716083,24.469242086802126,23.92209851371445,119.55611839705708,5.03769398417457,0.22004048334805848,1.1084966192373789,2.3117246595698546,ZONE_01,SUSPENSION_FAULT,REAR_BOGIE,2
1.21,RUN_055_SUSPENSION_FAULT,TRAIN001,0.08060612003456409,0.5646003103064589,2.455304056209992,24.75191527173607,24.437868817840688,23.96812605812549,118.23948513538105,5.01088171695519,0.22313788318601865,1.1181175392169038,2.1401178258060214,ZONE_01,SUSPENSION_FAULT,REAR_BOGIE,2
1.22,RUN_055_SUSPENSION_FAULT,TRAIN001,0.0019313267968885134,0.5272414461862664,1.9571223116512773,24.758277011711343,24.33356549884784,24.06379190522708,120.50577908427013,4.998109615584792,0.22803940391743166,1.1397659374519395,2.085687413512228,ZONE_01,SUSPENSION_FAULT,REAR_BOGIE,2
1.23,RUN_055_SUSPENSION_FAULT,TRAIN001,0.042133514122738025,0.8841274431148842,2.360872834851628,24.6115131625393,24.44209203341334,23.916431958990874,119.31009927819642,4.991665520668082,0.21271831109331932,1.0618186590992689,2.123386269369011,ZONE_01,SUSPENSION_FAULT,REAR_BOGIE,2
1.24,RUN_055_SUSPENSION_FAULT,TRAIN001,-0.039853680293509074,0.9052584238041261,1.2619651738075195,24.686594490921397,24.417213946320928,23.972709419516672,119.34424449855544,5.034901852095611,0.24638388613505952,1.2405186846279252,2.417627836868987,ZONE_01,SUSPENSION_FAULT,REAR_BOGIE,2
1.25,RUN_055_SUSPENSION_FAULT,TRAIN001,-0.016324732655211154,0.54292508855322,1.7253467434520364,24.559051379185043,24.209499762536147,24.003967363638996,119.72190442091853,4.967237563819771,0.24204343619769236,1.2022872483571916,1.963331448440398,ZONE_01,SUSPENSION_FAULT,REAR_BOGIE,2
1.26,RUN_055_SUSPENSION_FAULT,TRAIN001,-0.09701156351881447,0.3707595889962579,1.1313426620792582,24.5409613566811,24.42144030024931,24.06905614851419,119.9906695814812,4.969225348205032,0.2453324141430417,1.2191120510959375,2.216920272640631,ZONE_01,SUSPENSION_FAULT,REAR_BOGIE,2
1.27,RUN_055_SUSPENSION_FAULT,TRAIN001,-0.0014718999448713305,0.003759006183171043,1.3435324652083973,24.587473226396185,24.415577100235176,24.072162908443058,119.81124830393794,4.9829392422699526,0.21421442201335367,1.0674174497105164,2.2113096537095083,ZONE_01,SUSPENSION_FAULT,REAR_BOGIE,2
1.28,RUN_055_SUSPENSION_FAULT,TRAIN001,0.054272316982224636,0.10162088328688341,0.8637565956995451,24.795808507886196,24.34813457563857,23.89063718252848,120.79225631745162,4.967691265636749,0.1954048457194041,0.9707109453433803,2.167396328466117,ZONE_01,SUSPENSION_FAULT,REAR_BOGIE,2
1.29,RUN_055_SUSPENSION_FAULT,TRAIN001,0.06273827714297718,-0.06635450476031014,0.918206836225662,24.656066752717624,24.259475199909485,23.934279353082424,120.13697856274023,4.995806805851928,0.2162389465772721,1.0802880010009874,1.9022705365071801,ZONE_01,SUSPENSION_FAULT,REAR_BOGIE,2
1.3,RUN_055_SUSPENSION_FAULT,TRAIN001,0.09691362389098797,-0.2476302452479159,0.8711001571220902,24.772683559303815,24.49568708125549,24.023294428840092,119.41223127254794,4.974447902352521,0.21036120006095108,1.046430830379557,1.5995915850630626,ZONE_01,SUSPENSION_FAULT,REAR_BOGIE,2
1.31,RUN_055_SUSPENSION_FAULT,TRAIN001,0.06268773570949082,-0.1926861015114457,0.5807678162395773,24.721414298803428,24.489895030349096,23.989362775250004,121.25845754139283,4.988866755771765,0.21088614498816696,1.0520828779843305,1.6366238865389546,ZONE_01,SUSPENSION_FAULT,REAR_BOGIE,2
1.32,RUN_055_SUSPENSION_FAULT,TRAIN001,-0.03233791032395656,-1.080461392010412,0.19557153688646745,24.82211943067909,24.28599652387989,23.957272573023385,120.87479618515859,4.98575430993814,0.23290102415454428,1.161187284967526,1.2761079319850608,ZONE_01,SUSPENSION_FAULT,REAR_BOGIE,2
1.33,RUN_055_SUSPENSION_FAULT,TRAIN001,0.047014055301559166,-0.4816398942838108,-0.1560722906055692,24.780807706664117,24.444349872393605,23.978971092163995,119.94929510798332,4.9955206962628225,0.19858015939471418,0.9920112961234648,1.7230152363563123,ZONE_01,SUSPENSION_FAULT,REAR_BOGIE,2
1.34,RUN_055_SUSPENSION_FAULT,TRAIN001,0.022193968250964327,-0.4302410306676919,-0.22495824318244023,24.758527993365636,24.388561671559042,23.995023292545874,119.65190533128475,5.024545141814911,0.1809117409887275,0.9089992092821882,1.1512463759756217,ZONE_01,SUSPENSION_FAULT,REAR_BOGIE,2
1.35,RUN_055_SUSPENSION_FAULT,TRAIN001,-0.003707189463227044,-0.8162059510766781,0.18848147794882109,24.70362726227474,24.370052750125755,24.016087620004676,120.53501780221384,4.999722830149811,0.23993315200017246,1.1995992577650672,1.065853657440842,ZONE_01,SUSPENSION_FAULT,REAR_BOGIE,2
1.36,RUN_055_SUSPENSION_FAULT,TRAIN001,-0.05587547089891022,-0.5060981414732828,-0.5419775391946625,24.604448998713252,24.413033452363184,23.977885557857693,120.20696335712019,4.9749482163921,0.20022669788369463,0.9961174535105665,1.3148580076066028,ZONE_01,SUSPENSION_FAULT,REAR_BOGIE,2
1.37,RUN_055_SUSPENSION_FAULT,TRAIN001,-0.13815549514190675,-0.6393743051982425,-0.37700238724685936,24.649044497111984,24.513227042029033,24.02965459648957,120.11399865874198,5.010432316420784,0.2398909488497325,1.201957362533545,1.2662465992560263,ZONE_01,SUSPENSION_FAULT,REAR_BOGIE,2
1.3800000000000001,RUN_055_SUSPENSION_FAULT,TRAIN001,-0.0028430634802421423,-0.6209969690643277,-0.3418991599134188,24.972745316192473,24.495869703926243,24.122259913468998,119.10368667307891,5.025602926151048,0.23600135222598323,1.1860490863225055,1.3673957675847128,ZONE_01,SUSPENSION_FAULT,REAR_BOGIE,2
1.3900000000000001,RUN_055_SUSPENSION_FAULT,TRAIN001,0.022551949667622386,-0.4894352239733456,0.613774125851106,24.8084688393843,24.360049406850333,24.0451359786163,120.39451589459766,4.98756846305729,0.23646039027685062,1.1793623853070387,1.59228025219985,ZONE_01,SUSPENSION_FAULT,REAR_BOGIE,2
1.4000000000000001,RUN_055_SUSPENSION_FAULT,TRAIN001,0.05679523176166318,-0.21890567309056738,-0.10682310137418716,24.76585568380542,24.28889791050749,24.092121335741037,119.01730228424233,4.978749841102939,0.2102034599529121,1.046550442839849,1.6028008032119747,ZONE_01,SUSPENSION_FAULT,REAR_BOGIE,2
1.41,RUN_055_SUSPENSION_FAULT,TRAIN001,-0.039718235477563354,0.06476160261931446,0.7917806061467713,24.79933343297556,24.394105039353388,23.956943167046806,120.4886092042491,5.006748275854081,0.23904405097841863,1.1968333900893724,1.6162346885134538,ZONE_01,SUSPENSION_FAULT,REAR_BOGIE,2
1.42,RUN_055_SUSPENSION_FAULT,TRAIN001,-0.059059061553592765,-0.555241760177461,2.489510060157914,24.593416462731398,24.312879439861934,24.00200016339336,118.91803585570965,4.998131273399901,0.2122085917687648,1.0606463990036161,1.7448837309458605,ZONE_01,SUSPENSION_FAULT,REAR_BOGIE,2
1.43,RUN_055_SUSPENSION_FAULT,TRAIN001,-0.0705768552354253,-0.4229072388772544,1.451434057040445,24.730002832544283,24.349946725144473,24.062941108708323,120.49655211423183,5.02326565192513,0.24226870420923596,1.2169800603906642,1.5604625462059247,ZONE_01,SUSPENSION_FAULT,REAR_BOGIE,2
1.44,RUN_055_SUSPENSION_FAULT,TRAIN001,0.17257477507067942,0.6937366406600318,1.084791495676927,24.77364313761921,24.234307140156872,24.0316354370722,119.69502539926829,4.9893760305891695,0.22051890410095407,1.100251734413092,1.7957476968718293,ZONE_01,SUSPENSION_FAULT,REAR_BOGIE,2
1.45,RUN_055_SUSPENSION_FAULT,TRAIN001,-0.008865707344400568,0.6748950964879815,3.3517352027799756,24.66873838438424,24.41991926680676,24.014707452120543,119.4755908201905,5.000181364688092,0.2240094570638012,1.120087912724316,2.2140845592496046,ZONE_01,SUSPENSION_FAULT,REAR_BOGIE,2
1.46,RUN_055_SUSPENSION_FAULT,TRAIN001,0.07899298719950384,0.18015872506478314,1.3789150984679759,24.982540560838988,24.341833155273996,24.055369934690848,119.06299843305136,5.004851361532573,0.21271408301749248,1.06460236800725,2.1204126585943817,ZONE_01,SUSPENSION_FAULT,REAR_BOGIE,2
1.47,RUN_055_SUSPENSION_FAULT,TRAIN001,0.1758025311263931,0.16181275932599726,1.3943435324959952,24.863012485972384,24.351674992681897,24.027457721815264,119.52310115398559,4.974952968223928,0.2498427029281652,1.2429556965215645,2.4816587438931728,ZONE_01,SUSPENSION_FAULT,REAR_BOGIE,2
1.48,RUN_055_SUSPENSION_FAULT,TRAIN001,-0.03344216136285794,0.8236162947852405,1.1812424862977475,24.689371881394404,24.32861046735371,23.91118379353077,119.71899643879725,4.980713181725251,0.19145997336947537,0.9536072131341115,2.123410729262743,ZONE_01,SUSPENSION_FAULT,REAR_BOGIE,2
1.49,RUN_055_SUSPENSION_FAULT,TRAIN001,-0.030786988972793625,0.352502276704551,1.9887709910783702,24.843455107203656,24.393855489846118,24.001158621012756,118.71158718522977,4.974549030259117,0.20921736450841424,1.0407620377287001,2.466070136516599,ZONE_01,SUSPENSION_FAULT,REAR_BOGIE,2
1.5,RUN_055_SUSPENSION_FAULT,TRAIN001,-0.03999818335137275,0.5602531842859831,1.4687520206225053,24.815902617934853,24.423634323551276,23.95599032288024,120.88571065336966,4.988128011799175,0.23955721848611256,1.1949420719592732,2.383015212117894,ZONE_01,SUSPENSION_FAULT,REAR_BOGIE,2
1.51,RUN_055_SUSPENSION_FAULT,TRAIN001,-0.020407703141784136,1.1392984308304182,1.8154873071650177,25.058353396595827,24.3691685976744,24.021505002066803,120.76995058263711,4.996828443511855,0.22380880284843196,1.1183341919813818,1.942582085790383,ZONE_01,SUSPENSION_FAULT,REAR_BOGIE,2
1.52,RUN_055_SUSPENSION_FAULT,TRAIN001,-0.04033063415843413,1.2743592816994318,1.9331244106140317,24.904778834684265,24.564281952060227,23.89731665567684,120.82080261286609,4.992954004686957,0.2209393786644371,1.1031401554956493,2.056774119920956,ZONE_01,SUSPENSION_FAULT,REAR_BOGIE,2
1.53,RUN_055_SUSPENSION_FAULT,TRAIN001,-0.041037399293986226,0.8829419962076621,1.483455811082294,24.719553027229185,24.263965020770318,23.914641281704323,118.48070150546198,4.998893103643119,0.2486865347471805,1.2431574035165853,2.306295271246664,ZONE_01,SUSPENSION_FAULT,REAR_BOGIE,2
1.54,RUN_055_SUSPENSION_FAULT,TRAIN001,0.10315983033492147,0.29740729103560665,1.8986372501329094,24.867647248196228,24.265904152361674,24.006826580407484,119.1604035118591,4.985555951248036,0.24354110412161628,1.2141878010270415,2.123531099434019,ZONE_01,SUSPENSION_FAULT,REAR_BOGIE,2
1.55,RUN_055_SUSPENSION_FAULT,TRAIN001,0.06526290012069655,0.5894921999054112,0.8748957286867183,24.847385236706792,24.327211537725947,23.96739368217618,119.86938811125974,5.003024948310188,0.2077599992151384,1.0394284593342424,2.069909386113637,ZONE_01,SUSPENSION_FAULT,REAR_BOGIE,2
1.56,RUN_055_SUSPENSION_FAULT,TRAIN001,-0.023307975005908414,0.19312111130001394,0.9928707354912548,24.852653344493532,24.470210370318252,23.976043233952495,119.30508861471448,4.969704691717675,0.21401456767721333,1.063589201081377,1.9652097122993646,ZONE_01,SUSPENSION_FAULT,REAR_BOGIE,2
1.57,RUN_055_SUSPENSION_FAULT,TRAIN001,-0.08303707163717049,0.27301951032317684,0.9468704130402988,24.942271799517755,24.323607985663013,23.90309332299218,120.97450506958748,4.990976445418473,0.2409094435045883,1.2023733580102725,1.8693924615117983,ZONE_01,SUSPENSION_FAULT,REAR_BOGIE,2
1.58,RUN_055_SUSPENSION_FAULT,TRAIN001,-0.02214064330314278,-0.09622726892378514,0.08597393050103819,24.878507365116715,24.290059182617508,23.97293349814542,118.58497081525569,5.007453234325584,0.2483228888904258,1.2434652531314352,1.667577218863422,ZONE_01,SUSPENSION_FAULT,REAR_BOGIE,2
1.59,RUN_055_SUSPENSION_FAULT,TRAIN001,-0.0900496741716359,-0.08681131758585112,0.1845625415393024,24.88379241841599,24.47983924305973,23.98255264178239,120.13746967231741,5.0063492434292,0.2525164015339256,1.2641852957728326,1.7523815726062821,ZONE_01,SUSPENSION_FAULT,REAR_BOGIE,2
1.6,RUN_055_SUSPENSION_FAULT,TRAIN001,-0.11286443805993387,-0.6507139635607716,1.5210522701542915,24.83217452459807,24.416523496456946,23.940416372942448,121.32841332196517,4.974694824740414,0.21611313868602877,1.0750969125797947,1.8259975307191045,ZONE_01,SUSPENSION_FAULT,REAR_BOGIE,2
1.61,RUN_055_SUSPENSION_FAULT,TRAIN001,0.08584889423022644,-0.4566766290766828,-0.04524119843215846,25.064876969799467,24.679475954032206,24.043248719357084,121.06150070612446,4.985192428400309,0.21768214582848905,1.0851873851821154,1.702322518647559,ZONE_01,SUSPENSION_FAULT,REAR_BOGIE,2
1.62,RUN_055_SUSPENSION_FAULT,TRAIN001,-0.23522505239648603,-0.5643764193826388,0.5054938095866082,24.577225406085752,24.413665058907753,23.968188230889602,120.46996301212397,5.042450514118172,0.23744974647745948,1.197328596202495,1.5931594671880183,ZONE_01,SUSPENSION_FAULT,REAR_BOGIE,2
1.6300000000000001,RUN_055_SUSPENSION_FAULT,TRAIN001,-0.20631793608636279,-0.3215613991546272,0.35221184612927214,24.856899355179312,24.525360046973503,23.916383134051685,120.11199887411884,4.971916482616468,0.24214880553933182,1.2039436375068937,1.4978924726329872,ZONE_01,SUSPENSION_FAULT,REAR_BOGIE,2
1.6400000000000001,RUN_055_SUSPENSION_FAULT,TRAIN001,-0.03752258297257681,-0.74787937560641,-0.07497108368694337,24.863485288796166,24.482867575886946,24.042932480327433,120.79940905791929,5.000090016569906,0.23768296113930812,1.1884362011014273,1.7043703161561419,ZONE_01,SUSPENSION_FAULT,REAR_BOGIE,2
1.6500000000000001,RUN_055_SUSPENSION_FAULT,TRAIN001,0.04035692906581465,-0.7952436210342011,0.14934899237863833,24.841485144961023,24.495196240577275,23.971975170958487,120.90651197062073,5.016730692325938,0.258813110248336,1.2983956737591638,1.2925161939904215,ZONE_01,SUSPENSION_FAULT,REAR_BOGIE,2
1.6600000000000001,RUN_055_SUSPENSION_FAULT,TRAIN001,0.03477901068943367,-0.8103329559772721,0.025800544717428167,24.802863067600256,24.33905307271231,23.9062452448871,118.80174239631484,4.9939432453808665,0.24454073249788205,1.2212225392782874,1.4668107280127543,ZONE_01,SUSPENSION_FAULT,REAR_BOGIE,2
1.67,RUN_055_SUSPENSION_FAULT,TRAIN001,-0.15644092393649844,-0.35858260535213826,0.5483181232440645,24.911288557843385,24.460496141301842,24.130488832602914,120.21067687027318,5.030556157592386,0.21719714262326623,1.0926224232349435,1.4898322727872868,ZONE_01,SUSPENSION_FAULT,REAR_BOGIE,2
1.68,RUN_055_SUSPENSION_FAULT,TRAIN001,-0.0007365569523386015,-1.296055540096465,3.252440968735656,24.948135017980626,24.39130414416213,23.878328608724516,120.28014985129637,4.980899109993345,0.23144835888462326,1.1528209247778403,1.3527031296753411,ZONE_01,SUSPENSION_FAULT,REAR_BOGIE,2
1.69,RUN_055_SUSPENSION_FAULT,TRAIN001,0.05124390569028268,-0.42248777487072287,0.050754373736262404,24.98213080703958,24.450274226185815,23.98820519927617,119.97222963627806,4.999561861730263,0.25639330505345764,1.28185418954824,1.1822921166667097,ZONE_01,SUSPENSION_FAULT,REAR_BOGIE,2
1.7,RUN_055_SUSPENSION_FAULT,TRAIN001,0.04126339234641184,-0.38602791664205616,1.438185965951177,24.956458626066865,24.347602730017307,24.018675633071172,119.653035386849,5.0136646449946065,0.21848771915153167,1.0954241528755453,1.4671830255864355,ZONE_01,SUSPENSION_FAULT,REAR_BOGIE,2
1.71,RUN_055_SUSPENSION_FAULT,TRAIN001,0.03411512656210932,-0.04583047355581307,0.9540288635552883,24.786578434036723,24.52345917285642,23.96819668572941,119.82185896271481,5.014583315929692,0.25224699177778126,1.2649135564623162,1.8184386227883775,ZONE_01,SUSPENSION_FAULT,REAR_BOGIE,2
1.72,RUN_055_SUSPENSION_FAULT,TRAIN001,0.039524433450279804,0.14668161565283663,1.2033320093148967,24.93503601323958,24.5889779053719,24.062618795698818,119.47209522982746,5.018634171750497,0.25745101676111454,1.2920524702692393,1.8845513655387256,ZONE_01,SUSPENSION_FAULT,REAR_BOGIE,2
1.73,RUN_055_SUSPENSION_FAULT,TRAIN001,-0.18257443797602158,0.10036842729808843,1.1987840804751253,24.85105706717708,24.528674281085777,24.041603394206483,120.73271341546027,4.998699775518897,0.24151448060445635,1.207258379982059,1.8617617552496228,ZONE_01,SUSPENSION_FAULT,REAR_BOGIE,2
1.74,RUN_055_SUSPENSION_FAULT,TRAIN001,-0.04153686563462647,0.5236936436192644,2.0572685335618974,25.017262720726073,24.498612482893975,23.973389961862615,119.57314684556758,5.012939415546608,0.21637681377705592,1.084683858393392,2.1532035180814,ZONE_01,SUSPENSION_FAULT,REAR_BOGIE,2
1.75,RUN_055_SUSPENSION_FAULT,TRAIN001,0.08792546634105343,0.09907768934984523,2.231425469660241,25.14759250285895,24.61401060605398,24.007126423880614,118.81313898616892,4.98381119201346,0.24586098207130244,1.2253247141263777,1.9566363336956327,ZONE_01,SUSPENSION_FAULT,REAR_BOGIE,2
1.76,RUN_055_SUSPENSION_FAULT,TRAIN001,0.09628944186764653,0.5842223046011289,1.5857207723590325,25.132149614876145,24.383252122330763,23.97945186340738,119.40957545607591,5.0055801603884325,0.24041474993400888,1.203415302534421,2.395609480077747,ZONE_01,SUSPENSION_FAULT,REAR_BOGIE,2
1.77,RUN_055_SUSPENSION_FAULT,TRAIN001,0.0938675031848405,0.9830155036542776,1.8231734712692986,24.90148384567762,24.38604957333092,23.933626093969824,118.59880046438346,5.0007623526090565,0.24070757112399047,1.2037213596648184,2.53441575593191,ZONE_01,SUSPENSION_FAULT,REAR_BOGIE,2
1.78,RUN_055_SUSPENSION_FAULT,TRAIN001,-0.14426516222767477,0.9925003708447628,2.328596023665734,25.03549698751111,24.611816972584005,24.00710146280547,120.60028355387303,5.010356372199171,0.21041223784916746,1.0542402966962638,2.112086023670605,ZONE_01,SUSPENSION_FAULT,REAR_BOGIE,2
1.79,RUN_055_SUSPENSION_FAULT,TRAIN001,-0.018086908717221833,0.3839743037511148,1.415815371276468,24.814333134895424,24.549144486406703,24.03466346288456,119.72792918242021,4.991261368064072,0.25668772724145594,1.281195536636447,2.0698693450565346,ZONE_01,SUSPENSION_FAULT,REAR_BOGIE,2
1.8,RUN_055_SUSPENSION_FAULT,TRAIN001,-0.016296384760607123,0.43204856644884315,1.9587333377174179,24.918804442806355,24.438653594717255,24.01102025355434,120.24369595236642,4.96430802696509,0.23091633970555872,1.1463398387577026,2.200214229473859,ZONE_01,SUSPENSION_FAULT,REAR_BOGIE,2
1.81,RUN_055_SUSPENSION_FAULT,TRAIN001,0.039549984301921054,0.8527635909524902,2.346665463602567,24.944710385596654,24.512279721615247,23.890290814834493,119.89886469190186,4.991332672874952,0.23645879149719434,1.180244491788472,2.124259040080316,ZONE_01,SUSPENSION_FAULT,REAR_BOGIE,2
1.82,RUN_055_SUSPENSION_FAULT,TRAIN001,-0.05204836300943599,0.8847121983998885,2.116397050798877,24.982495715389895,24.505324882857526,23.95841006154232,120.09951398073967,5.000212175718272,0.25382032718698805,1.2691554904451732,1.9313596968677316,ZONE_01,SUSPENSION_FAULT,REAR_BOGIE,2
1.83,RUN_055_SUSPENSION_FAULT,TRAIN001,-0.1305366866330094,0.32749172527175885,1.0209241623080358,24.878315541571883,24.46169602614723,24.02456629605904,119.93134600609046,5.012852081040461,0.2374209899810222,1.1901563037090537,2.0475993254502622,ZONE_01,SUSPENSION_FAULT,REAR_BOGIE,2
1.84,RUN_055_SUSPENSION_FAULT,TRAIN001,-0.15386173292060315,0.38129358637611255,1.3872880176469604,24.98834724787083,24.56316493024798,23.92146224779605,120.54696592463233,5.000969384014918,0.19035294255585566,0.9519492378789846,1.7027107161219683,ZONE_01,SUSPENSION_FAULT,REAR_BOGIE,2
1.85,RUN_055_SUSPENSION_FAULT,TRAIN001,0.014641300060319296,0.6490093205632954,1.066560479512784,25.001999654868634,24.51351550196179,24.0053339270266,119.25039994659663,5.010272520207863,0.23697389767133173,1.1873038075092235,2.117346556227163,ZONE_01,SUSPENSION_FAULT,REAR_BOGIE,2
1.86,RUN_055_SUSPENSION_FAULT,TRAIN001,0.011185016449719792,-0.09330608480290227,0.5975753938177512,25.000092872378197,24.39686421844703,24.086047084730943,120.76527108822418,5.022454714289285,0.2517611616295155,1.264459033101107,1.7659711485449765,ZONE_01,SUSPENSION_FAULT,REAR_BOGIE,2
1.87,RUN_055_SUSPENSION_FAULT,TRAIN001,-0.06668799123700439,0.1280606809960617,0.5734185018828026,24.821776477851323,24.322688430776232,23.94878785841991,119.73505557051172,4.966306531774153,0.23190599546234164,1.1517162600222144,1.8220657251270935,ZONE_01,SUSPENSION_FAULT,REAR_BOGIE,2
1.8800000000000001,RUN_055_SUSPENSION_FAULT,TRAIN001,-0.06483077401418144,-0.49713429655981434,0.10215418069853605,24.942920231650458,24.595612313358178,23.993108824280444,118.92920382603437,4.993060985674549,0.24150451183988492,1.2058467559321067,1.5826814833214689,ZONE_01,SUSPENSION_FAULT,REAR_BOGIE,2
1.8900000000000001,RUN_055_SUSPENSION_FAULT,TRAIN001,0.008858444008686494,-0.108448479536149,0.2619440933660768,24.97901739977203,24.680173052190593,24.031314029860635,121.35272274333286,5.045476908677175,0.2667105333829453,1.3456818374846233,1.713916923987397,ZONE_01,SUSPENSION_FAULT,REAR_BOGIE,2
1.9000000000000001,RUN_055_SUSPENSION_FAULT,TRAIN001,0.13367909591871857,-0.9518335030800379,0.027044553603208232,25.158513760217097,24.50982385305807,24.050854605098127,118.98165697761074,5.0360843085880544,0.21379355993622348,1.0766823924719948,1.803691637207422,ZONE_01,SUSPENSION_FAULT,REAR_BOGIE,2
1.9100000000000001,RUN_055_SUSPENSION_FAULT,TRAIN001,0.01715812364438278,-0.8522210791985775,-0.10027568043805302,25.093033547474356,24.502161642982745,23.961281831375185,120.08074197069456,4.985343480564263,0.2178759328244725,1.0861863612783413,1.526312337770009,ZONE_01,SUSPENSION_FAULT,REAR_BOGIE,2
1.92,RUN_055_SUSPENSION_FAULT,TRAIN001,-0.13883517761796876,-0.906781507077187,0.2563068238447447,25.07518439449026,24.514796321993472,23.939910267635042,119.00525231702612,5.011361664880429,0.20942601717102632,1.0495095140794717,1.3833950387033436,ZONE_01,SUSPENSION_FAULT,REAR_BOGIE,2
1.93,RUN_055_SUSPENSION_FAULT,TRAIN001,-0.1905482129332423,-1.0169760059082493,-0.449179054892714,25.347141629289396,24.51367148216953,23.99779562328344,120.8780206434073,4.966590526259913,0.2522418051994052,1.2527817600300644,1.966733486803479,ZONE_01,SUSPENSION_FAULT,REAR_BOGIE,2
1.94,RUN_055_SUSPENSION_FAULT,TRAIN001,0.007303284134253169,-0.7944209828230332,-0.24692610832236445,25.142840359615622,24.363696748545447,23.97177533782068,120.1282608036265,5.016901261463619,0.2122242568215321,1.0647081417611233,1.2232255288438973,ZONE_01,SUSPENSION_FAULT,REAR_BOGIE,2
1.95,RUN_055_SUSPENSION_FAULT,TRAIN001,0.01722466032560691,-0.3966409312256136,0.1651117225061778,24.97892920171849,24.51350292112659,24.02205210941306,120.22513638574537,4.990089511246209,0.21086194644385178,1.0522199872704248,1.2617019591517065,ZONE_01,SUSPENSION_FAULT,REAR_BOGIE,2
1.96,RUN_055_SUSPENSION_FAULT,TRAIN001,0.009298119480256772,-0.6861490165412456,-0.38515886597695737,25.173413044874444,24.320608421127616,24.01792027992704,119.88388181971077,4.970690370106838,0.2573607721697214,1.279260711867294,1.5405261789482716,ZONE_01,SUSPENSION_FAULT,REAR_BOGIE,2
1.97,RUN_055_SUSPENSION_FAULT,TRAIN001,-0.23567810386142551,-0.7853214144683147,0.5923339314121232,25.12667788283124,24.49531352156806,23.996325656155463,121.3619234553636,4.995449000097693,0.23459431133578723,1.1719039179909652,1.6747314860032956,ZONE_01,SUSPENSION_FAULT,REAR_BOGIE,2
1.98,RUN_055_SUSPENSION_FAULT,TRAIN001,-0.06424612872630452,0.047725619435217914,0.4951909669345286,24.920775898511952,24.526498527862355,24.0463016035931,119.3910230116763,5.033082886283343,0.21374657631460373,1.0758042352506885,1.7624654688824484,ZONE_01,SUSPENSION_FAULT,REAR_BOGIE,2
1.99,RUN_055_SUSPENSION_FAULT,TRAIN001,0.028114642029067157,0.057055934129617875,0.7405214395615316,25.172565089340377,24.617447769994236,24.05598599877027,120.44874279874472,5.020337556479886,0.22291411982496057,1.119104127626907,1.6139013255103372,ZONE_01,SUSPENSION_FAULT,REAR_BOGIE,2
2.0,RUN_055_SUSPENSION_FAULT,TRAIN001,0.03450082505171365,-0.05196943324278837,1.6415556420798,25.211917697064443,24.52715390975027,23.929484334307315,120.43084470180834,5.015068326633618,0.2393213283001835,1.200212813446136,1.5831289129941133,ZONE_01,SUSPENSION_FAULT,REAR_BOGIE,2
2.0100000000000002,RUN_055_SUSPENSION_FAULT,TRAIN001,0.03651356343650659,0.3211384102836003,1.6920373342605801,25.03917547284022,24.482455328328513,24.082517231082896,120.82391832156114,4.997582565778177,0.22812163142340197,1.1400566880784688,1.8763869611638353,ZONE_01,SUSPENSION_FAULT,REAR_BOGIE,2
2.02,RUN_055_SUSPENSION_FAULT,TRAIN001,-0.05005370395574568,-0.07614498040766865,1.6663034935003687,25.194865297573216,24.49562619136587,23.99575438631034,120.0009362427878,4.975908668023762,0.20579396599182667,1.0240119792057176,1.928050583961502,ZONE_01,SUSPENSION_FAULT,REAR_BOGIE,2
2.0300000000000002,RUN_055_SUSPENSION_FAULT,TRAIN001,0.03435752091880534,0.5271508312620593,1.4528003334477377,24.99368347649672,24.505026568365544,24.088688355393725,119.48509033713724,4.97357045291419,0.2547382885822128,1.2669588253184219,1.6122533181715653,ZONE_01,SUSPENSION_FAULT,REAR_BOGIE,2
2.04,RUN_055_SUSPENSION_FAULT,TRAIN001,0.03199258889966715,0.12441771296048992,2.178123363082868,25.028763616958905,24.539547627563163,23.97277746027026,119.71274622324776,4.987200115466211,0.21649365530320835,1.0796971827258628,1.9389122359654196,ZONE_01,SUSPENSION_FAULT,REAR_BOGIE,2
2.05,RUN_055_SUSPENSION_FAULT,TRAIN001,-0.040168000459595225,0.7068255502135685,1.775175123463321,25.18717828368742,24.59254975077604,24.056909259888975,119.4599007352494,4.982308643074497,0.24983862610631716,1.2447731462233618,2.0417382288120454,ZONE_01,SUSPENSION_FAULT,REAR_BOGIE,2
2.06,RUN_055_SUSPENSION_FAULT,TRAIN001,0.016864850342135994,1.1753699620960647,1.8176753363404965,25.121706475913058,24.520115627105376,24.01452710258022,119.81773268396023,4.981868948969973,0.21247557453360938,1.0585254671835438,2.098967621304596,ZONE_01,SUSPENSION_FAULT,REAR_BOGIE,2
2.07,RUN_055_SUSPENSION_FAULT,TRAIN001,-0.02946780137214788,0.9048877543441116,1.9471939850154198,25.094692635390242,24.708823147626163,23.98675705813444,120.02819675812795,5.03727707087854,0.25960811102667125,1.3077179850887413,2.144120856004934,ZONE_01,SUSPENSION_FAULT,REAR_BOGIE,2
2.08,RUN_055_SUSPENSION_FAULT,TRAIN001,0.04127930871188327,1.0565324926331594,1.8553448770562624,25.165219035494218,24.579272359523976,23.976226217155958,120.3348291081494,5.009808866198839,0.22921525925232503,1.1483246380703636,2.215483283657327,ZONE_01,SUSPENSION_FAULT,REAR_BOGIE,2
2.09,RUN_055_SUSPENSION_FAULT,TRAIN001,0.12021655752213907,0.7145992237394483,2.676072527636254,25.10463679807274,24.64706359317505,23.995868648569388,120.44367405536009,5.003479422428289,0.24074364231740447,1.2045558604155695,2.049258662261583,ZONE_01,SUSPENSION_FAULT,REAR_BOGIE,2
2.1,RUN_055_SUSPENSION_FAULT,TRAIN001,0.12016216880879337,0.4665901556879725,1.7539176630490938,25.206980389618295,24.646748004146943,23.98022519135358,120.18330840841878,5.009462144222516,0.24407904288450727,1.2227047255280032,2.100406387298762,ZONE_01,SUSPENSION_FAULT,REAR_BOGIE,2
2.11,RUN_055_SUSPENSION_FAULT,TRAIN001,0.016721709207718538,0.18770545150828433,4.172923215948542,25.129024767629126,24.588545816986024,24.064123440618744,119.74971712032689,4.995066470286091,0.24159051039901647,1.2067606580334305,1.9744452966133132,ZONE_01,SUSPENSION_FAULT,REAR_BOGIE,2
2.12,RUN_055_SUSPENSION_FAULT,TRAIN001,-0.022171579417348267,0.7065873573748327,1.3341183020076843,25.04110807790154,24.42614212121784,24.064337794139725,121.10244128352423,4.992656432369844,0.24786766041314034,1.2375180691381293,2.036408208753595,ZONE_01,SUSPENSION_FAULT,REAR_BOGIE,2
2.13,RUN_055_SUSPENSION_FAULT,TRAIN001,0.08945341480691245,0.04910937526751641,1.1851771783339125,25.0806829156179,24.5173662191731,23.965970849751663,119.87007179662294,5.009340237549691,0.22135296033797563,1.1088322909217623,2.1174761519325322,ZONE_01,SUSPENSION_FAULT,REAR_BOGIE,2
2.14,RUN_055_SUSPENSION_FAULT,TRAIN001,-0.08284376150032494,0.15786353436923228,1.1379850552614377,25.069568112697088,24.530104025644736,23.98872984447985,120.0565638444267,5.011045696467296,0.20931746466641607,1.0488993805120894,1.6789301434011703,ZONE_01,SUSPENSION_FAULT,REAR_BOGIE,2
2.15,RUN_055_SUSPENSION_FAULT,TRAIN001,0.02127729606484142,-0.3001690682131051,0.9214869299188602,25.17007875575892,24.506448879527056,23.9313377108349,120.35969721564457,5.021892320552526,0.23991297010882062,1.204817102190434,2.0717533783382347,ZONE_01,SUSPENSION_FAULT,REAR_BOGIE,2
2.16,RUN_055_SUSPENSION_FAULT,TRAIN001,0.048252067476064475,-0.4404419307016004,1.229249590506257,25.13284140878227,24.641774527616437,24.018417750366464,119.53841336558816,4.979089126223446,0.24134358142083318,1.2016712019362934,1.7721430211760578,ZONE_01,SUSPENSION_FAULT,REAR_BOGIE,2
2.17,RUN_055_SUSPENSION_FAULT,TRAIN001,-0.03918343455768063,-0.4861899630218164,0.11017307326368364,25.107631203520945,24.625594731229835,24.06370245261591,119.549866806852,5.028404113735357,0.23242549855963507,1.1687293330942603,1.4850258202852875,ZONE_01,SUSPENSION_FAULT,REAR_BOGIE,2
2.18,RUN_055_SUSPENSION_FAULT,TRAIN001,-0.045740101566317776,-0.5641840986177927,0.9567341087110478,25.338263011216583,24.423359645685554,23.971150391024057,119.46240925480106,5.015389572544827,0.2415508745042576,1.2114717372277377,1.8064669898789563,ZONE_01,SUSPENSION_FAULT,REAR_BOGIE,2
2.19,RUN_055_SUSPENSION_FAULT,TRAIN001,0.07472345856008693,-0.5201080675110475,-0.28741281102776745,25.048317929449492,24.585763954243443,23.931830191121374,118.84150579824798,5.004886740407132,0.19789709404346095,0.990452541943221,1.5513844117307607,ZONE_01,SUSPENSION_FAULT,REAR_BOGIE,2
2.2,RUN_055_SUSPENSION_FAULT,TRAIN001,0.06758331397092093,-1.016201746349801,0.6987267475403711,25.136427585804494,24.470765949231733,24.074626358972278,119.66125666342656,4.98254113468335,0.2141102719463838,1.066813237331096,1.1876100308423347,ZONE_01,SUSPENSION_FAULT,REAR_BOGIE,2
2.21,RUN_055_SUSPENSION_FAULT,TRAIN001,-0.1185355034161989,-0.3735177140204029,-0.4592452044149872,25.18294632261832,24.533430030499204,23.979859309959537,120.14072433697392,4.981327521506766,0.21169291751902897,1.0545117561456008,1.084065866581974,ZONE_01,SUSPENSION_FAULT,REAR_BOGIE,2
2.22,RUN_055_SUSPENSION_FAULT,TRAIN001,0.10978181468153447,-0.43551018340967945,-0.19443829175439473,25.23206152634089,24.685166090935986,23.95570834091248,120.3560983622443,4.9866585884245795,0.204705092491729,1.0207944075681283,1.9582382158512497,ZONE_01,SUSPENSION_FAULT,REAR_BOGIE,2
2.23,RUN_055_SUSPENSION_FAULT,TRAIN001,-0.0574140947809203,-0.925455345043382,-0.2049752902951577,25.111741115881703,24.678640409197786,24.01044764878156,119.1263557838256,4.991829794713526,0.23187302835751925,1.1574706915455188,1.2789610944092396,ZONE_01,SUSPENSION_FAULT,REAR_BOGIE,2
2.24,RUN_055_SUSPENSION_FAULT,TRAIN001,-0.1443748293926266,-0.5072460591867763,0.2548151346069332,25.18707513195748,24.70950700056597,24.0295629977238,119.73381714188776,5.012174527494256,0.23249698682440453,1.1653154750804482,1.26579497340039,ZONE_01,SUSPENSION_FAULT,REAR_BOGIE,2
2.25,RUN_055_SUSPENSION_FAULT,TRAIN001,-0.16427453164400496,-0.539872285802845,-0.4899970711249356,25.144217836687762,24.58775154575537,23.958251405520326,119.92115307086965,4.995750663668536,0.2297879542995847,1.1479633251951855,1.114418746087441,ZONE_01,SUSPENSION_FAULT,REAR_BOGIE,2
2.2600000000000002,RUN_055_SUSPENSION_FAULT,TRAIN001,0.05864215024895991,-0.27859225250936476,0.49319743920697906,25.24866891636042,24.62481052837452,23.981375629771037,118.62899333964502,5.007337774147437,0.22485575373854927,1.1259287094294317,1.063014146907777,ZONE_01,SUSPENSION_FAULT,REAR_BOGIE,2
2.27,RUN_055_SUSPENSION_FAULT,TRAIN001,0.1063762827280119,-0.33621517330304135,0.41125979592202566,25.294075884325284,24.494788831601483,23.93291351265137,119.86001587104094,4.972749834638351,0.24100811515375373,1.1984730647773294,1.799256207988506,ZONE_01,SUSPENSION_FAULT,REAR_BOGIE,2
2.2800000000000002,RUN_055_SUSPENSION_FAULT,TRAIN001,0.15428811656324887,-0.22868506125107466,0.9400995113556286,25.291051479898425,24.494399335852222,24.01034597195235,121.05798266790536,4.958734245432079,0.23739312712475238,1.1771694291037207,2.1456991775411747,ZONE_01,SUSPENSION_FAULT,REAR_BOGIE,2
2.29,RUN_055_SUSPENSION_FAULT,TRAIN001,0.15620322920594706,0.1514969259196195,1.1250038512017244,25.11998854672013,24.726397214022324,24.063924344282675,119.41490281317202,5.01991453093877,0.22836483803459268,1.1463719688053304,1.8519438582896361,ZONE_01,SUSPENSION_FAULT,REAR_BOGIE,2
2.3000000000000003,RUN_055_SUSPENSION_FAULT,TRAIN001,-0.10018520847862467,0.3619907782153843,0.8578316076980478,25.00469763700374,24.491151658979682,23.95454560805245,120.26617270244444,4.992987132767972,0.19729011196104151,0.9850669904438328,2.2094810175420205,ZONE_01,SUSPENSION_FAULT,REAR_BOGIE,2
2.31,RUN_055_SUSPENSION_FAULT,TRAIN001,0.04643202261259821,0.23311467523914686,1.3613986299759846,25.287973230158286,24.476049348436536,23.945111600102546,119.85043297334458,5.017289278669902,0.2364700184026884,1.186438488058683,2.1151599348316963,ZONE_01,SUSPENSION_FAULT,REAR_BOGIE,2
2.32,RUN_055_SUSPENSION_FAULT,TRAIN001,0.05800223965927164,0.7069115302025188,1.6797109391416092,25.045112007746013,24.385054704516083,24.042667755899508,120.81472886418459,5.009552167351378,0.24711407060656798,1.2379308279901542,2.0577152820379876,ZONE_01,SUSPENSION_FAULT,REAR_BOGIE,2
2.33,RUN_055_SUSPENSION_FAULT,TRAIN001,0.048052953596708636,0.41728991738834237,5.179418422583457,25.086874354890114,24.44935231811863,23.98907970815135,120.40015461621505,4.99715566055933,0.22053750559275365,1.1020602444384637,1.986936484133897,ZONE_01,SUSPENSION_FAULT,REAR_BOGIE,2
2.34,RUN_055_SUSPENSION_FAULT,TRAIN001,0.02519496413965416,1.0209342787005387,2.1781558405481816,25.299854612870348,24.720587459772794,24.017694145426333,120.38168897096597,4.992115312745975,0.23936639759254097,1.194944658778565,2.2701003034600626,ZONE_01,SUSPENSION_FAULT,REAR_BOGIE,2
2.35,RUN_055_SUSPENSION_FAULT,TRAIN001,-0.00423697251990127,0.519268404698081,2.0539144739431108,25.209702370471483,24.66552166030397,24.082582494932737,121.18716437926643,5.018108903122577,0.2415479141046192,1.2121137382990772,2.1489900590998725,ZONE_01,SUSPENSION_FAULT,REAR_BOGIE,2
2.36,RUN_055_SUSPENSION_FAULT,TRAIN001,-0.127582115233287,0.3491768302791509,2.4058231493590583,25.172277045606094,24.629922166594223,23.98429093282118,121.03071149887988,4.9904862065223545,0.23865452677442667,1.1910021239918962,2.2345890564721396,ZONE_01,SUSPENSION_FAULT,REAR_BOGIE,2
2.37,RUN_055_SUSPENSION_FAULT,TRAIN001,0.3365872163840261,0.7363407480098976,1.7506203692987705,25.153956109638102,24.631117867085962,23.948694307471857,120.54584370075227,5.0188241599569885,0.20261430311992987,1.0168855596511526,1.9095892635927834,ZONE_01,SUSPENSION_FAULT,REAR_BOGIE,2
2.38,RUN_055_SUSPENSION_FAULT,TRAIN001,-0.0007020139070325138,0.5246987778125953,1.6985240571951201,25.296091490963597,24.661035430163498,24.046691443134822,119.51899336125918,4.9908757827206855,0.22260586199666416,1.110998205730814,2.3109092588375937,ZONE_01,SUSPENSION_FAULT,REAR_BOGIE,2
2.39,RUN_055_SUSPENSION_FAULT,TRAIN001,0.010039750636303498,0.3960004293025634,2.0662657165936076,25.103346188724544,24.55439779617236,23.963742568892357,120.11400629641653,5.010053502353748,0.23032710495212472,1.1539511188523917,2.143046368206711,ZONE_01,SUSPENSION_FAULT,REAR_BOGIE,2
2.4,RUN_055_SUSPENSION_FAULT,TRAIN001,-0.05312312445902038,0.46674480213086195,1.2765919251467848,25.294561494526732,24.696865299405534,23.962717405951004,119.21829717603458,4.992246494855291,0.21067419778415614,1.0517375254444037,1.9931530048408785,ZONE_01,SUSPENSION_FAULT,REAR_BOGIE,2
2.41,RUN_055_SUSPENSION_FAULT,TRAIN001,0.05301845360104793,-0.3298953371122588,1.0077510394317708,25.190578208729676,24.67959906595208,24.094934543924527,118.3758759871763,4.995005652923354,0.2216623606606223,1.1072047445401438,1.7952395397318792,ZONE_01,SUSPENSION_FAULT,REAR_BOGIE,2
2.42,RUN_055_SUSPENSION_FAULT,TRAIN001,-0.0006187343182612637,0.08202282421203269,1.4686131682973849,25.196670071451774,24.749837849440357,23.959152877157212,120.13035680580303,4.990318385803122,0.21145501656955146,1.0552278569573366,1.500938795674901,ZONE_01,SUSPENSION_FAULT,REAR_BOGIE,2
2.43,RUN_055_SUSPENSION_FAULT,TRAIN001,0.06310497372532696,-0.23845696842327982,0.4871823983301389,25.235260214067473,24.476070464885375,24.112841415835067,119.87633139354745,4.977572193742539,0.2366491281723381,1.1779381200640442,1.8034119038802487,ZONE_01,SUSPENSION_FAULT,REAR_BOGIE,2
2.44,RUN_055_SUSPENSION_FAULT,TRAIN001,-0.09981184369347373,-0.32150989191642915,0.6688086880009932,25.26947291415321,24.609654538212283,24.021048202749142,120.73447119273624,4.985065631883373,0.2560768327463184,1.2765598180452185,1.7094327900220982,ZONE_01,SUSPENSION_FAULT,REAR_BOGIE,2
2.45,RUN_055_SUSPENSION_FAULT,TRAIN001,-0.07256598028408139,-0.17209755482413444,-0.29349373218780594,25.333897977464908,24.638636791541078,24.015078871508344,119.52766614196928,5.035890128026454,0.2277106955600186,1.1467260438167348,1.6863573609172828,ZONE_01,SUSPENSION_FAULT,REAR_BOGIE,2
2.46,RUN_055_SUSPENSION_FAULT,TRAIN001,0.11934230389556921,-0.5017491862968252,-0.39478363607444367,25.226777861631376,24.81888832473787,23.979842813897882,119.10473298766708,5.015891924344706,0.23826427645213905,1.195107860116119,1.6285192091191822,ZONE_01,SUSPENSION_FAULT,REAR_BOGIE,2
2.47,RUN_055_SUSPENSION_FAULT,TRAIN001,-0.009618447394537525,0.16993784376535537,0.8019195529758416,25.207887883939268,24.7526297209411,24.028502558724732,121.20573296701431,4.995366196163654,0.22697390601782558,1.133817777532672,1.5727775557630281,ZONE_01,SUSPENSION_FAULT,REAR_BOGIE,2
2.48,RUN_055_SUSPENSION_FAULT,TRAIN001,-0.14289865029379034,-0.33341971043643825,-0.3105251699578196,25.299098487196048,24.530758778885463,23.94589872402112,120.99456001107386,5.03079787854608,0.25218250866725356,1.2686792296096476,1.5014066772529222,ZONE_01,SUSPENSION_FAULT,REAR_BOGIE,2
2.49,RUN_055_SUSPENSION_FAULT,TRAIN001,0.02500658953583724,-1.2430707654085804,0.7977873986626682,25.468887678245594,24.665083380666825,23.98944499475984,120.53355050020281,4.986274877579615,0.24198278498073125,1.20659268155617,1.435471755686959,ZONE_01,SUSPENSION_FAULT,REAR_BOGIE,2
2.5,RUN_055_SUSPENSION_FAULT,TRAIN001,0.08303029928820387,-0.724164132605418,-0.012043960056369993,25.39251119569701,24.665147697853108,23.999037435279625,120.64682582912819,4.979317723655343,0.24087434637720517,1.199389902089914,1.428363435859784,ZONE_01,SUSPENSION_FAULT,REAR_BOGIE,2
2.5100000000000002,RUN_055_SUSPENSION_FAULT,TRAIN001,-0.10647172118553777,-0.3318307088084906,0.2923293801857328,25.28519072482129,24.808972638779146,23.972393126760576,120.50064169129212,5.006235519633048,0.24922775247939188,1.247692826940645,1.4552450031308328,ZONE_01,SUSPENSION_FAULT,REAR_BOGIE,2
2.52,RUN_055_SUSPENSION_FAULT,TRAIN001,0.08760268807112098,-0.8539525726607362,0.36750169489125556,25.281034538154874,24.796358239023217,24.03292736304291,119.55230209692049,5.035370400036254,0.23372565309787166,1.1768952353381648,1.527827828913252,ZONE_01,SUSPENSION_FAULT,REAR_BOGIE,2
2.5300000000000002,RUN_055_SUSPENSION_FAULT,TRAIN001,0.06930718128172318,-1.3489950483785975,0.4229711256751074,25.2737881110913,24.659956000964605,24.042432736421485,119.62301344709311,5.010376249505893,0.2251936152263624,1.1283047412705347,1.8826189866752303,ZONE_01,SUSPENSION_FAULT,REAR_BOGIE,2
2.54,RUN_055_SUSPENSION_FAULT,TRAIN001,-0.07613052026382543,-0.5657092463315331,0.416843089235443,25.34482583189337,24.558182510774945,24.054722328854268,120.42671724697269,5.003971394222766,0.24069776234905496,1.2044447174481006,1.716669611576843,ZONE_01,SUSPENSION_FAULT,REAR_BOGIE,2
2.5500000000000003,RUN_055_SUSPENSION_FAULT,TRAIN001,-0.12228828512156394,-0.296058390018618,0.6731006221520159,25.187249682986387,24.54314914167958,24.01559711181169,120.8539262178284,4.994240206366346,0.23104598124186887,1.153899129037506,1.4553133012453112,ZONE_01,SUSPENSION_FAULT,REAR_BOGIE,2
2.56,RUN_055_SUSPENSION_FAULT,TRAIN001,0.08474740997370689,-0.10135450729249416,0.33310065429163327,25.37663918549965,24.890881924093478,23.911752360247046,120.3185367074969,5.003294843050089,0.22373937758653467,1.1194340740659456,1.8486477285885465,ZONE_01,SUSPENSION_FAULT,REAR_BOGIE,2
2.57,RUN_055_SUSPENSION_FAULT,TRAIN001,0.032282644111602546,0.634323938221543,1.8717471480945513,25.304740449644058,24.6457111899307,23.99250713995862,119.64488987055961,4.9653942969252896,0.2199954677608426,1.0923642409690992,1.7241697845116724,ZONE_01,SUSPENSION_FAULT,REAR_BOGIE,2
2.58,RUN_055_SUSPENSION_FAULT,TRAIN001,-0.018171170198061092,-0.1420307866625325,1.0261015092082837,25.398677930345016,24.773131718153024,23.952428050801977,119.43332781190205,4.989529114752995,0.23901388737497728,1.1925667498877424,1.8508018501391243,ZONE_01,SUSPENSION_FAULT,REAR_BOGIE,2
2.59,RUN_055_SUSPENSION_FAULT,TRAIN001,0.03762012501445197,0.404636086272632,1.6284563067899878,25.51845491961791,24.659424309023343,23.95052354352862,120.97546585440526,4.997119011704562,0.23761634500991177,1.1873971551407807,1.964824565374116,ZONE_01,SUSPENSION_FAULT,REAR_BOGIE,2
2.6,RUN_055_SUSPENSION_FAULT,TRAIN001,0.17752707680587515,0.48081673065957453,1.928439350792711,25.31726510865628,24.736055915882886,23.998455081947093,119.23921826735766,5.014295996257609,0.20317561151011215,1.0187826553323467,2.1693256536997714,ZONE_01,SUSPENSION_FAULT,REAR_BOGIE,2
2.61,RUN_055_SUSPENSION_FAULT,TRAIN001,-0.03401012417473308,0.23083329629160515,1.333370869236505,25.310213598778056,24.574856108754698,24.078347825403323,119.9441133039303,5.014965800492913,0.2349342608516628,1.1781872835351699,2.0391491651102798,ZONE_01,SUSPENSION_FAULT,REAR_BOGIE,2
2.62,RUN_055_SUSPENSION_FAULT,TRAIN001,-0.016569470650139743,0.37399536634307073,2.255661935872636,25.4448145486119,24.66879354907125,23.965419326907547,118.06485224525213,4.9839647211419456,0.2137021668384236,1.0650840603542935,2.1978028211410443,ZONE_01,SUSPENSION_FAULT,REAR_BOGIE,2
2.63,RUN_055_SUSPENSION_FAULT,TRAIN001,-0.019349224853191734,1.0139646707540084,1.7333668853616881,25.477995134369067,24.56955727828324,24.024792067700353,120.22382485231697,4.999963812891279,0.2077132480310224,1.0385587236132228,2.0137365158254306,ZONE_01,SUSPENSION_FAULT,REAR_BOGIE,2
2.64,RUN_055_SUSPENSION_FAULT,TRAIN001,-0.10176267269875837,0.6146407458246749,2.2319397427005074,25.597497077963254,24.656959042755105,24.015137481353108,120.80061416101198,5.019718828884447,0.22521876386299164,1.1305348695811392,2.234820710013026,ZONE_01,SUSPENSION_FAULT,REAR_BOGIE,2
2.65,RUN_055_SUSPENSION_FAULT,TRAIN001,0.05085392919288078,0.7694375880108304,2.0302136156978148,25.45642207968659,24.655241410856256,24.080555607989915,119.59934324132506,4.959504039222941,0.22299004257132354,1.1059200168389747,2.3785611034371907,ZONE_01,SUSPENSION_FAULT,REAR_BOGIE,2
2.66,RUN_055_SUSPENSION_FAULT,TRAIN001,-0.04260913580746876,1.0676332622000961,1.2307090863044068,25.246546221835157,24.681700972912623,23.99654581243434,119.9054933972331,4.980271747591847,0.2459347766185747,1.2248220197437996,2.005480006942024,ZONE_01,SUSPENSION_FAULT,REAR_BOGIE,2
2.67,RUN_055_SUSPENSION_FAULT,TRAIN001,-0.05998755521360251,0.7078259173313652,1.8632932739552568,25.44041594782835,24.888798009121768,23.981066784217024,120.61337362859496,4.971386593552749,0.23605807819542235,1.1735359652405493,2.4969066494366756,ZONE_01,SUSPENSION_FAULT,REAR_BOGIE,2
2.68,RUN_055_SUSPENSION_FAULT,TRAIN001,-0.03531761276307099,0.4406650101706133,1.5434067778637102,25.344987774973717,24.736271726275138,24.045846049493232,119.79846685694423,5.005688854122695,0.23027085571562964,1.1526642558850226,2.2247493720041867,ZONE_01,SUSPENSION_FAULT,REAR_BOGIE,2
2.69,RUN_055_SUSPENSION_FAULT,TRAIN001,-0.0008741589801486458,0.10363535946717373,1.93858356031889,25.43179278766546,24.641577294514985,23.941248498105477,120.26171838406043,5.021157463194728,0.2284209127372704,1.146937370740497,1.880477121203945,ZONE_01,SUSPENSION_FAULT,REAR_BOGIE,2
2.7,RUN_055_SUSPENSION_FAULT,TRAIN001,-0.11505133294778876,0.46132005692790107,1.7173954023970588,25.219283214570876,24.617946861334804,23.96578931319214,120.25541255893411,4.99705374339098,0.2633945998954927,1.3161969713967412,2.1139970389644382,ZONE_01,SUSPENSION_FAULT,REAR_BOGIE,2
2.71,RUN_055_SUSPENSION_FAULT,TRAIN001,-0.147501472665255,-0.42489591260743476,1.6336821041464886,25.32329785393621,24.790986054024717,24.010064177597886,119.01432476695784,5.003270967798183,0.21110480175085172,1.0562145257628273,2.045458166163026,ZONE_01,SUSPENSION_FAULT,REAR_BOGIE,2
2.72,RUN_055_SUSPENSION_FAULT,TRAIN001,-0.06009362045224284,-0.13368603724211195,1.3391557434941683,25.470218440145633,24.656201660641873,23.995580310327256,118.80465469541927,5.030166155036491,0.24674684736391572,1.2411776404719237,2.0166090986385083,ZONE_01,SUSPENSION_FAULT,REAR_BOGIE,2
2.73,RUN_055_SUSPENSION_FAULT,TRAIN001,-0.028540476708401492,0.2070873930595276,0.3070692223486318,25.40762468364172,24.72608974168675,23.97454638252976,119.10016132057433,4.984935007099743,0.20551585372863324,1.0244831737658542,1.7077750132335208,ZONE_01,SUSPENSION_FAULT,REAR_BOGIE,2
2.74,RUN_055_SUSPENSION_FAULT,TRAIN001,0.08753648423977145,-0.0018159637823556007,0.6155306386392545,25.317813895770755,24.537125237370677,24.078129088160996,119.10378897388968,5.000958410116001,0.2549292334458559,1.2748904939854784,1.539339694158023,ZONE_01,SUSPENSION_FAULT,REAR_BOGIE,2
2.75,RUN_055_SUSPENSION_FAULT,TRAIN001,0.11584415757472868,-0.44596029960564737,0.08039499577393647,25.343966666797048,24.80439697089868,24.021971782107798,119.4773251682979,4.998159788585515,0.210975831066073,1.054490915197857,1.613035351924974,ZONE_01,SUSPENSION_FAULT,REAR_BOGIE,2
2.7600000000000002,RUN_055_SUSPENSION_FAULT,TRAIN001,-0.14460953307773258,-0.3816653847170103,0.7128271698783658,25.489904996245084,24.749424934073176,24.02034247491442,120.20903650418254,4.9989510961511945,0.27001440809193544,1.3497888213077966,1.5393526327125293,ZONE_01,SUSPENSION_FAULT,REAR_BOGIE,2
2.77,RUN_055_SUSPENSION_FAULT,TRAIN001,-0.12716107269143653,-0.773796809009782,0.4552164687007541,25.50757799154765,24.8287871852282,24.012425676250256,120.04515466392647,5.047444524888009,0.23590230499902187,1.1907037977757742,1.1233039989940183,ZONE_01,SUSPENSION_FAULT,REAR_BOGIE,2
2.7800000000000002,RUN_055_SUSPENSION_FAULT,TRAIN001,-0.05314795737212154,-0.4478037731146257,2.453034753380389,25.303181557926305,24.802307095587942,24.067516370768924,119.1606393259195,5.014827997432934,0.24065428950828605,1.2068398687284836,1.2468790070603881,ZONE_01,SUSPENSION_FAULT,REAR_BOGIE,2
2.79,RUN_055_SUSPENSION_FAULT,TRAIN001,-0.012401806614435861,-0.30087501841177317,-0.05211295430707533,25.432115376305372,24.890188766309358,24.108836576771104,119.22547502393604,5.0032930141704135,0.2164342687588906,1.082884064908439,1.4210168853200111,ZONE_01,SUSPENSION_FAULT,REAR_BOGIE,2
2.8000000000000003,RUN_055_SUSPENSION_FAULT,TRAIN001,0.18158430458751434,-0.9122672213625089,0.45224707760469496,25.57942556466634,24.772448836599047,24.049301926350555,120.52755918555476,5.005712983032002,0.21936978624651368,1.0981021870991288,1.4959929305185709,ZONE_01,SUSPENSION_FAULT,REAR_BOGIE,2
2.81,RUN_055_SUSPENSION_FAULT,TRAIN001,0.057288433560684894,-0.711004295364959,-0.16433160601631125,25.285207940283183,24.72835149538158,24.03755692909453,118.34161184264002,5.009061604172013,0.2293487818233088,1.1488221769947602,1.1792514960760283,ZONE_01,SUSPENSION_FAULT,REAR_BOGIE,2
2.82,RUN_055_SUSPENSION_FAULT,TRAIN001,0.04611430399913943,-0.6292897260394406,0.03198599612670602,25.546222209347416,24.87602463884535,23.93517238425594,118.9904147307378,5.009227352565631,0.22363217979747096,1.1202244319553667,1.468639857746104,ZONE_01,SUSPENSION_FAULT,REAR_BOGIE,2
2.83,RUN_055_SUSPENSION_FAULT,TRAIN001,-0.05533702616826306,-0.2068962109873428,0.6121225955531776,25.453808885049195,24.70853207345295,23.951544021889966,119.77554341338511,5.008549025530429,0.2018587918420355,1.0110196551751767,1.5130393508819835,ZONE_01,SUSPENSION_FAULT,REAR_BOGIE,2
2.84,RUN_055_SUSPENSION_FAULT,TRAIN001,0.15239083227929534,0.2027619849305175,0.8422187877733333,25.337986974698158,24.73006656768999,23.96843444440568,118.50107929434999,4.991146838372145,0.2352754997654073,1.174294566800539,1.510846801647732,ZONE_01,SUSPENSION_FAULT,REAR_BOGIE,2
2.85,RUN_055_SUSPENSION_FAULT,TRAIN001,0.2112012411739304,0.21525960250765003,1.0231199528119792,25.454323190095636,24.723103992158613,24.03995728749221,120.03577169825843,4.979818230491176,0.22549143724872292,1.1229063700308475,2.022002031242697,ZONE_01,SUSPENSION_FAULT,REAR_BOGIE,2
2.86,RUN_055_SUSPENSION_FAULT,TRAIN001,-0.06385770060414771,-0.03456486133013177,0.7553966466676545,25.529358630689313,24.668213651841885,24.02486619490921,119.47047280085366,5.002693243578626,0.2028807171725024,1.014949993051264,1.719583787408944,ZONE_01,SUSPENSION_FAULT,REAR_BOGIE,2
2.87,RUN_055_SUSPENSION_FAULT,TRAIN001,-0.08163108286806085,0.6948986238160677,0.875902311854897,25.602597164121892,24.794352348603358,24.030253697894,120.15621089691541,4.974687764508325,0.24173123705034733,1.2025374272538245,2.030425826928242,ZONE_01,SUSPENSION_FAULT,REAR_BOGIE,2
2.88,RUN_055_SUSPENSION_FAULT,TRAIN001,-0.006263742343055306,-0.18917603642875574,0.9806676682982037,25.362351786436157,24.72257442115323,24.030558664797564,120.07553762931317,4.989701767212734,0.22718288347803003,1.1335748351708113,2.288745654955275,ZONE_01,SUSPENSION_FAULT,REAR_BOGIE,2
2.89,RUN_055_SUSPENSION_FAULT,TRAIN001,-0.2243045549285062,-0.10935909438628261,1.6628116872795922,25.401257310790182,24.570987935737193,23.97512030152675,120.79901149365405,4.978381345438538,0.22377660260080703,1.1140452639334708,1.822860634921195,ZONE_01,SUSPENSION_FAULT,REAR_BOGIE,2
2.9,RUN_055_SUSPENSION_FAULT,TRAIN001,0.012396739149491588,0.4402680289851112,2.106753134107427,25.528673149540595,24.735676622921616,23.961760385417037,119.36344510041819,5.001654745688087,0.22394230497741255,1.1200820924506043,2.5381196071204566,ZONE_01,SUSPENSION_FAULT,REAR_BOGIE,2
2.91,RUN_055_SUSPENSION_FAULT,TRAIN001,-0.05681197175579072,0.6420255051590794,2.7001199504977027,25.47066943632181,24.68979127056597,24.120152434068153,120.55450939419664,4.9865113750291075,0.22961400314766958,1.1449728385618236,2.012944002835541,ZONE_01,SUSPENSION_FAULT,REAR_BOGIE,2
2.92,RUN_055_SUSPENSION_FAULT,TRAIN001,-0.19210233753253483,1.160955037984201,1.5213191656457101,25.316981201084428,24.845586943054037,24.01726355583698,120.01141955460666,4.9813060776540565,0.22990017700362544,1.1452031489619028,1.893006745506863,ZONE_01,SUSPENSION_FAULT,REAR_BOGIE,2
2.93,RUN_055_SUSPENSION_FAULT,TRAIN001,-0.0599713160372927,0.9895825851024955,1.6197567002243123,25.60453843098527,24.867276919699073,24.026286136111057,120.55083187409413,5.005753069966257,0.22118325657386656,1.1071887656197668,2.2772948238445276,ZONE_01,SUSPENSION_FAULT,REAR_BOGIE,2
2.94,RUN_055_SUSPENSION_FAULT,TRAIN001,0.08257019635282159,0.8820931396239078,2.1543423799347834,25.44543519719511,24.603048672308706,23.991905501535257,120.73737203539093,5.017100182606991,0.25862143662790676,1.2975296569319534,2.4061378929580566,ZONE_01,SUSPENSION_FAULT,REAR_BOGIE,2
2.95,RUN_055_SUSPENSION_FAULT,TRAIN001,-0.114505413474545,0.4313219714396981,1.4917544696027512,25.59308978272434,24.799797308321345,24.066133864464817,121.86458795320527,5.032609080082423,0.26153829472034906,1.3162199967989017,2.1416406575746563,ZONE_01,SUSPENSION_FAULT,REAR_BOGIE,2
2.96,RUN_055_SUSPENSION_FAULT,TRAIN001,0.04949707869667336,0.9682895875933286,2.030145118149131,25.48343270851643,24.749084720657667,23.99590375310902,119.6546121907492,5.008343079964117,0.24060429640672773,1.2050288629182702,2.07630872597249,ZONE_01,SUSPENSION_FAULT,REAR_BOGIE,2
2.97,RUN_055_SUSPENSION_FAULT,TRAIN001,-0.05019218910895538,1.0600512246053018,2.1648953808174363,25.516803096624322,24.72134505297755,23.93014514712106,120.42936999601633,4.999260119130211,0.23884102845725014,1.1940284283783744,2.5810797019441365,ZONE_01,SUSPENSION_FAULT,REAR_BOGIE,2
2.98,RUN_055_SUSPENSION_FAULT,TRAIN001,-0.043118875234433245,0.4141132598965249,1.9113562683304888,25.54064622729673,24.717198833859385,23.988119711580506,119.49873964779387,4.968710112286227,0.20969596224051085,1.0419184480900172,1.565006330834875,ZONE_01,SUSPENSION_FAULT,REAR_BOGIE,2
2.99,RUN_055_SUSPENSION_FAULT,TRAIN001,-0.13786747896542173,0.2561499009338488,1.3549498189486322,25.568414184771513,24.71671006908639,23.860497986454234,119.95254098742,5.020532524060262,0.241084488305786,1.2103725145856246,2.1930257419526495,ZONE_01,SUSPENSION_FAULT,REAR_BOGIE,2
3.0,RUN_055_SUSPENSION_FAULT,TRAIN001,0.15259846232259283,-0.38567256891528484,1.6069651142997938,25.506921416444975,24.818422869250558,23.97448413001257,119.87190332168669,4.989642963219314,0.2035975416443276,1.0158790409943705,2.1721889161301724,ZONE_01,SUSPENSION_FAULT,REAR_BOGIE,2
3.0100000000000002,RUN_055_SUSPENSION_FAULT,TRAIN001,-0.15250720602379156,-0.4780145089845939,1.233408083810383,25.50950672001811,24.681470084915993,24.057666075596163,118.97859348959702,5.007479103109208,0.2622253372773413,1.3130878967220507,1.6837243566061404,ZONE_01,SUSPENSION_FAULT,REAR_BOGIE,2
3.02,RUN_055_SUSPENSION_FAULT,TRAIN001,-0.04090395578408862,-0.7478618233100782,1.0566931285643664,25.5498168540812,24.60331377182589,23.98614904038256,118.47405384855955,4.998933672062937,0.24737495407206422,1.2366109875358644,1.3358381467058398,ZONE_01,SUSPENSION_FAULT,REAR_BOGIE,2
3.0300000000000002,RUN_055_SUSPENSION_FAULT,TRAIN001,0.0630768437676675,-0.4821008672114015,0.9415556266834919,25.42298433055154,24.813944356270028,24.00560201319997,120.83512216734172,5.008583341347539,0.18332840512547025,0.9182155959072431,1.696155600158401,ZONE_01,SUSPENSION_FAULT,REAR_BOGIE,2
3.04,RUN_055_SUSPENSION_FAULT,TRAIN001,-0.1657634015687772,-0.019335525267502485,0.6853994884842539,25.460111731136553,24.628692171258812,23.957835600558525,120.51050955825718,5.008176536339849,0.21958604377934915,1.0997256721634312,1.687923860755268,ZONE_01,SUSPENSION_FAULT,REAR_BOGIE,2
3.0500000000000003,RUN_055_SUSPENSION_FAULT,TRAIN001,0.07820972397084225,-0.4708434757785541,0.040065101611000256,25.38242466804835,24.618384337419624,23.970673064800422,120.42849563353292,5.005251124020486,0.22656354883759705,1.134007457481453,1.4471741902340833,ZONE_01,SUSPENSION_FAULT,REAR_BOGIE,2
3.06,RUN_055_SUSPENSION_FAULT,TRAIN001,0.0600137442362535,0.01156482245842072,-0.31534835401531336,25.736187854773725,24.790770049089588,23.92187293227718,118.68711152089905,5.01980593470726,0.2528832884502725,1.269425032150966,1.4190275291039247,ZONE_01,SUSPENSION_FAULT,REAR_BOGIE,2
3.0700000000000003,RUN_055_SUSPENSION_FAULT,TRAIN001,-0.0018222947997694136,-1.184876763969088,0.22145709604499922,25.540266541115365,24.65942118103466,23.991714050087364,116.85974833738108,4.980945531946392,0.24487350404666672,1.2197015858733014,1.3480419038404883,ZONE_01,SUSPENSION_FAULT,REAR_BOGIE,2
3.08,RUN_055_SUSPENSION_FAULT,TRAIN001,0.15182260042475834,-0.35855528546972365,-0.4174744457139361,25.6337271404316,24.77311338088382,24.11321602561064,119.28717543840642,5.014545377861671,0.18622825695916384,0.9338500451618106,1.8500248402045154,ZONE_01,SUSPENSION_FAULT,REAR_BOGIE,2
3.09,RUN_055_SUSPENSION_FAULT,TRAIN001,-0.01761394722809317,-1.049405305504402,-0.02085341401187285,25.477213596611012,24.889712843861535,23.965994663791243,119.4774005695992,4.9956648170178,0.22489215370766252,1.1234858199007287,1.2736661647728886,ZONE_01,SUSPENSION_FAULT,REAR_BOGIE,2
3.1,RUN_055_SUSPENSION_FAULT,TRAIN001,-0.10045584534572882,-0.9689744273620328,-0.06098671287677937,25.47537370288799,24.914198409778354,23.977401375078692,120.32161814120914,4.99959288691413,0.2243636475128654,1.121726896187431,1.599296285720482,ZONE_01,SUSPENSION_FAULT,REAR_BOGIE,2
3.11,RUN_055_SUSPENSION_FAULT,TRAIN001,0.0775354270773197,-0.6145021182944909,0.1417276002613608,25.463240427437448,24.89740361873174,24.103691544610097,120.77911893050245,4.9904728612330915,0.2671033742546498,1.3329721403616155,1.3199364516540335,ZONE_01,SUSPENSION_FAULT,REAR_BOGIE,2
3.12,RUN_055_SUSPENSION_FAULT,TRAIN001,0.0262015015322559,-0.6148128704718505,1.1065154834458646,25.696255714563463,24.90754725300773,23.99301506404205,119.53365867670979,5.026199175089661,0.2358934532173474,1.1856474799700831,1.5002210376643528,ZONE_01,SUSPENSION_FAULT,REAR_BOGIE,2
3.13,RUN_055_SUSPENSION_FAULT,TRAIN001,-0.06372873627998758,-0.534756744999831,0.38962628644593855,25.67543505693916,24.91704480803737,23.958191399747395,120.52893955409786,4.995714921591466,0.21007922557541292,1.0494959219234699,1.795254685227605,ZONE_01,SUSPENSION_FAULT,REAR_BOGIE,2
3.14,RUN_055_SUSPENSION_FAULT,TRAIN001,-0.1294513592972415,-0.16237773924301052,1.1904911968448795,25.657056883136118,24.792248099167203,24.07877621825977,117.74196179375123,5.022619062243641,0.22919494369619625,1.1511588931783734,1.610019837146474,ZONE_01,SUSPENSION_FAULT,REAR_BOGIE,2
3.15,RUN_055_SUSPENSION_FAULT,TRAIN001,-0.1802955382136375,0.39860375093557643,1.532239757690499,25.821553661428364,24.861853291844387,23.864091553122975,120.29780419690853,5.0070923797782045,0.22522965872103726,1.1277457078821513,1.9302248870116205,ZONE_01,SUSPENSION_FAULT,REAR_BOGIE,2
3.16,RUN_055_SUSPENSION_FAULT,TRAIN001,0.011414465010889836,0.46302609252588645,0.918290649245483,25.55594158190044,24.816240498122568,24.078250200078184,119.76403381321033,5.003780701330094,0.22294347219217125,1.115560243642709,1.922928260199943,ZONE_01,SUSPENSION_FAULT,REAR_BOGIE,2
3.17,RUN_055_SUSPENSION_FAULT,TRAIN001,-0.0798141658983231,0.6664709294481448,1.318433624007434,25.6582881676497,24.713086640224578,24.02168394788797,120.34004556404747,5.012507235192265,0.2486354809485803,1.2462871471802672,1.9430824062663339,ZONE_01,SUSPENSION_FAULT,REAR_BOGIE,2
3.18,RUN_055_SUSPENSION_FAULT,TRAIN001,0.09762686335284104,0.4104607120091894,1.6572983106202426,25.64197506871024,24.786712703137184,24.00811846113422,118.97795403693321,5.002877253380887,0.22201806849565792,1.1107291447164866,2.23733251874856,ZONE_01,SUSPENSION_FAULT,REAR_BOGIE,2
3.19,RUN_055_SUSPENSION_FAULT,TRAIN001,-0.03537095877037344,0.7914938714017807,1.9648221073698477,25.52968675025187,24.712397237666817,23.98057890634645,121.38415294132913,4.9648058841271165,0.2385794333484028,1.1845005745198633,2.1328441983623803,ZONE_01,SUSPENSION_FAULT,REAR_BOGIE,2
3.2,RUN_055_SUSPENSION_FAULT,TRAIN001,0.1346154817208328,0.5884023206858657,2.2394871640133878,25.69669149108528,24.89494831405166,23.991277181071816,119.60483552799927,4.997094482864592,0.21904942705641162,1.0946106834182443,2.2111791970647197,ZONE_01,SUSPENSION_FAULT,REAR_BOGIE,2
3.21,RUN_055_SUSPENSION_FAULT,TRAIN001,0.056982486754972,0.29618573120850805,2.2704291641799283,25.703359877515933,24.840672090480503,24.08833228173556,119.84311299067078,5.032878479156957,0.2649031280790132,1.3332252523702244,2.3446301427949314,ZONE_01,SUSPENSION_FAULT,REAR_BOGIE,2
3.22,RUN_055_SUSPENSION_FAULT,TRAIN001,-0.1395158734639659,0.20224766718669784,1.7636948703900903,25.66954683683855,24.870926244825366,23.98236699789197,118.28545640069869,5.023432228307821,0.20213147432549244,1.0153937624820537,2.4105453016563887,ZONE_01,SUSPENSION_FAULT,REAR_BOGIE,2
3.23,RUN_055_SUSPENSION_FAULT,TRAIN001,-0.03190070437807746,0.5612137511773406,1.9776659663187397,25.742732505882923,24.594352096824725,24.031093721584966,121.69487633166827,4.985516652013922,0.22756478225583773,1.1345280113484013,1.8545497029526143,ZONE_01,SUSPENSION_FAULT,REAR_BOGIE,2
3.24,RUN_055_SUSPENSION_FAULT,TRAIN001,0.011013704531338582,0.6219256499476746,1.691616345903927,25.714081290837722,25.01684689638444,23.99014077869109,119.57584856799042,4.9831651221105355,0.22623012925444866,1.1273420896713269,2.175240945244004,ZONE_01,SUSPENSION_FAULT,REAR_BOGIE,2
3.25,RUN_055_SUSPENSION_FAULT,TRAIN001,-0.0041729804015699316,0.6402565159341772,1.6134728088723687,25.596591842100324,24.71840714715485,24.028846204590387,120.43504845735846,5.001416378476647,0.21693622785883548,1.0849884030981216,2.2555765888888173,ZONE_01,SUSPENSION_FAULT,REAR_BOGIE,2
3.2600000000000002,RUN_055_SUSPENSION_FAULT,TRAIN001,-0.13650949419664513,-0.12048090716559184,1.5007163768691523,25.61851894888454,25.0278812614647,24.01263896404792,121.07519497707315,4.956629496959023,0.2483492100374531,1.230975020018112,2.177861517849329,ZONE_01,SUSPENSION_FAULT,REAR_BOGIE,2
3.27,RUN_055_SUSPENSION_FAULT,TRAIN001,0.18607413739782608,0.140031232812019,1.601571492745287,25.679212198779442,24.78203648057156,24.07122872242541,119.85839598363343,5.0240822136981595,0.2288285325780466,1.1496533605120138,2.0071040333564927,ZONE_01,SUSPENSION_FAULT,REAR_BOGIE,2
3.2800000000000002,RUN_055_SUSPENSION_FAULT,TRAIN001,0.1944816092955831,0.3842263973777074,1.36844340890871,25.593830768446253,24.71530251350862,24.00953873990275,119.60863249015487,4.9800168466169525,0.21357577250009896,1.0636109450797224,2.0743920357084766,ZONE_01,SUSPENSION_FAULT,REAR_BOGIE,2
3.29,RUN_055_SUSPENSION_FAULT,TRAIN001,0.09366005390137819,0.4025425166954024,0.737417410938277,25.8048395893752,24.780617070941748,24.04291302036937,119.69848326340484,5.005539588953794,0.24268066519969134,1.2147476771306962,2.18136291136488,ZONE_01,SUSPENSION_FAULT,REAR_BOGIE,2
3.3000000000000003,RUN_055_SUSPENSION_FAULT,TRAIN001,0.12323998048062385,-0.2722075353932336,1.6861073801493311,25.553672522699575,24.84407087501128,24.068447167266868,119.79441524171246,5.020049991944858,0.22358051697683684,1.122385372448597,1.7025722335077498,ZONE_01,SUSPENSION_FAULT,REAR_BOGIE,2
3.31,RUN_055_SUSPENSION_FAULT,TRAIN001,0.04631452446494392,-0.20669024081466447,0.6687814812244385,25.51093137763289,24.80903013997752,24.03273914049986,120.20296909771648,4.999122470639016,0.24255462304684658,1.2125602664308668,1.4061667407439222,ZONE_01,SUSPENSION_FAULT,REAR_BOGIE,2
3.3200000000000003,RUN_055_SUSPENSION_FAULT,TRAIN001,0.17663608738912273,-0.41130506973860165,0.14319519254662083,25.865571502716616,24.77322510004173,23.956354239447823,122.06953746357637,5.011241034439788,0.2559675679958788,1.2827151802267043,1.1557722879540562,ZONE_01,SUSPENSION_FAULT,REAR_BOGIE,2
3.33,RUN_055_SUSPENSION_FAULT,TRAIN001,0.15994908548416323,-0.014986440083898378,-0.12782435931892877,25.796658179757834,24.7946642792716,24.030872460347947,121.22725402910568,4.9673444579038675,0.21745132873291784,1.0801556526452913,1.5648946971057298,ZONE_01,SUSPENSION_FAULT,REAR_BOGIE,2
3.34,RUN_055_SUSPENSION_FAULT,TRAIN001,-0.12427841868445662,-0.7283170284922343,-0.021637673330800078,25.611233036057513,24.77539643475006,24.00928624372739,120.24553529084925,4.99033952107703,0.2131268900114909,1.0635755422285804,1.4117463734141174,ZONE_01,SUSPENSION_FAULT,REAR_BOGIE,2
3.35,RUN_055_SUSPENSION_FAULT,TRAIN001,0.02139098721204415,-0.48432634300005073,0.24237037966963548,25.750159008162903,24.794931737503134,23.992978102530945,120.71209161569631,5.0051711759703466,0.23525078781843126,1.177470462313128,1.1419630030890424,ZONE_01,SUSPENSION_FAULT,REAR_BOGIE,2
3.36,RUN_055_SUSPENSION_FAULT,TRAIN001,-0.07103508071367164,-0.8093552027043002,-0.13823900783689366,25.745954417943075,24.88042844837275,23.936857682712695,121.19016997492832,5.004600032172536,0.2409855969614585,1.206036526306433,1.8297874157878682,ZONE_01,SUSPENSION_FAULT,REAR_BOGIE,2
3.37,RUN_055_SUSPENSION_FAULT,TRAIN001,0.08352945382101915,-0.7097392478317022,0.35004873624629734,25.62238145642798,24.592808118215903,24.028311726958503,119.8449144989162,5.035859085959326,0.22707276081392994,1.143506425718698,1.4744760082442347,ZONE_01,SUSPENSION_FAULT,REAR_BOGIE,2
3.38,RUN_055_SUSPENSION_FAULT,TRAIN001,0.02159349313051698,-0.8653776577594712,-0.20167142334735982,25.62001806181946,24.875176003051276,24.021605929761872,120.40768743630349,4.984933135282179,0.23299339179706535,1.161456479070974,1.5641305436940425,ZONE_01,SUSPENSION_FAULT,REAR_BOGIE,2
3.39,RUN_055_SUSPENSION_FAULT,TRAIN001,-0.12537562197713492,-0.8349891827719598,-0.26701347863051406,25.809785315917967,25.090988483471072,24.040534792301983,120.89742970297877,4.9766871829453265,0.19799725331058046,0.985370392809145,1.2820839452658221,ZONE_01,SUSPENSION_FAULT,REAR_BOGIE,2
3.4,RUN_055_SUSPENSION_FAULT,TRAIN001,0.10303386076413074,-0.7615448115522219,0.01833397150151589,25.882327503585355,24.941339832647113,23.96073629150258,120.89222162415442,5.016049353404202,0.27040339290709337,1.356356764149928,0.985838088631037,ZONE_01,SUSPENSION_FAULT,REAR_BOGIE,2
3.41,RUN_055_SUSPENSION_FAULT,TRAIN001,0.015150138771333324,-0.024445517345654366,0.6243070958553241,25.776919630666075,24.891756366970288,24.01469205905279,119.85458179752196,4.978428136197614,0.253424810206624,1.2616572055431972,1.7726328953164985,ZONE_01,SUSPENSION_FAULT,REAR_BOGIE,2
3.42,RUN_055_SUSPENSION_FAULT,TRAIN001,0.10302948968566746,-0.31350432089814395,0.9085112070358035,25.87530690923299,25.10484324239787,24.062235206540674,120.46872846268501,5.014354315968149,0.2601152364307909,1.3043099584458118,1.8441562619309488,ZONE_01,SUSPENSION_FAULT,REAR_BOGIE,2
3.43,RUN_055_SUSPENSION_FAULT,TRAIN001,0.00951763817305798,0.1596942814647694,1.0485336566786978,25.68128546897202,24.852802431152853,24.037836951056885,120.33117469667499,5.033530063703847,0.24759258226825726,1.246264706397341,1.759149491810342,ZONE_01,SUSPENSION_FAULT,REAR_BOGIE,2
3.44,RUN_055_SUSPENSION_FAULT,TRAIN001,0.12163413837685555,0.5120343296566948,1.3932398061343618,25.67867789753909,24.94603766258239,24.013374151755798,120.98155834230037,4.998777617357061,0.23396992606570732,1.1695636295519443,1.237159070406733,ZONE_01,SUSPENSION_FAULT,REAR_BOGIE,2
3.45,RUN_055_SUSPENSION_FAULT,TRAIN001,-0.005177274040525352,0.4370968813251122,1.7569533220829197,25.83354201063562,24.76892641507769,23.955222483943203,120.64222184235457,5.004221441611799,0.2458855365551763,1.230465674211635,1.7459204199062393,ZONE_01,SUSPENSION_FAULT,REAR_BOGIE,2
3.46,RUN_055_SUSPENSION_FAULT,TRAIN001,0.04306527046344863,0.6005781029341067,1.1275442691574888,25.747994960587615,24.985523994374603,24.00584231026434,119.7861692901726,5.01704030936856,0.24326859148887903,1.2204883295030193,2.0333784558002743,ZONE_01,SUSPENSION_FAULT,REAR_BOGIE,2
3.47,RUN_055_SUSPENSION_FAULT,TRAIN001,0.0637523328993742,0.8035249122590684,2.5534868151210404,25.704582179976484,24.97153182088551,24.101448717716075,120.34646001453636,5.00626081289136,0.22155372376259494,1.1091557252228363,1.714317541042519,ZONE_01,SUSPENSION_FAULT,REAR_BOGIE,2
3.48,RUN_055_SUSPENSION_FAULT,TRAIN001,-0.0372052202582078,1.1055528561771553,2.223640988891825,25.679215908009336,24.80483107498144,24.073305264274424,121.05433450408809,5.005333486714338,0.2406406494986001,1.204486701200031,2.1534348237910246,ZONE_01,SUSPENSION_FAULT,REAR_BOGIE,2
3.49,RUN_055_SUSPENSION_FAULT,TRAIN001,0.038242069255344194,0.30647716432028127,2.2394600522151995,25.755325270649745,24.933597912821327,23.971712139474498,119.57515089295462,4.9860567255222925,0.21493851782763465,1.0716956423882709,2.377103337741802,ZONE_01,SUSPENSION_FAULT,REAR_BOGIE,2
3.5,RUN_055_SUSPENSION_FAULT,TRAIN001,-0.10714181441391642,0.7429356447858917,1.9305113451700802,25.722409471031817,24.901801851799267,24.06081927856822,118.42509458629269,4.96338176575959,0.22026189077365618,1.0932438523576955,2.0182348661343896,ZONE_01,SUSPENSION_FAULT,REAR_BOGIE,2
3.5100000000000002,RUN_055_SUSPENSION_FAULT,TRAIN001,-0.020286785787781772,0.9237167461694216,1.740758797593927,25.892565531592865,24.788512037203493,23.991714832945362,120.19306535025682,4.98328082057027,0.24406116500505826,1.216225322615743,2.1760708827886908,ZONE_01,SUSPENSION_FAULT,REAR_BOGIE,2
3.52,RUN_055_SUSPENSION_FAULT,TRAIN001,0.05365114618935318,0.2688395834842147,1.8081610019364798,25.80856741803087,24.953660176938026,24.08148198681279,120.38833978505149,4.988310491322243,0.20836145241593784,1.039371619073563,2.3157245868085097,ZONE_01,SUSPENSION_FAULT,REAR_BOGIE,2
3.5300000000000002,RUN_055_SUSPENSION_FAULT,TRAIN001,-0.04644600512214903,0.4649058568177917,2.059910808763544,25.664279378186404,24.88062193364305,24.008614603626718,119.31678184762102,4.985305822736433,0.24712364017264626,1.2319869222885165,2.0216033168192684,ZONE_01,SUSPENSION_FAULT,REAR_BOGIE,2
3.54,RUN_055_SUSPENSION_FAULT,TRAIN001,-0.019684823291241008,0.10908436706988522,1.6188548477662454,25.64831676168706,24.830590706426744,23.96224146083435,119.26214677854101,4.986052860334598,0.19871698324467693,0.9908133827041838,2.0586791346472704,ZONE_01,SUSPENSION_FAULT,REAR_BOGIE,2
3.5500000000000003,RUN_055_SUSPENSION_FAULT,TRAIN001,-0.031092966748761438,-0.2895488215260444,1.8981702598453203,25.72604522427073,24.699020544952514,24.070070789067326,119.92959881643625,5.027204580042307,0.18850294664417808,0.9476428767210826,2.001826847336477,ZONE_01,SUSPENSION_FAULT,REAR_BOGIE,2
3.56,RUN_055_SUSPENSION_FAULT,TRAIN001,-0.25166319464445086,0.9961199089851721,1.2567377508921564,25.613990760736606,24.90047946065128,24.01028525358927,119.60209936092411,5.020735992165496,0.22931769440281385,1.1513436019286156,2.117470269119907,ZONE_01,SUSPENSION_FAULT,REAR_BOGIE,2
3.5700000000000003,RUN_055_SUSPENSION_FAULT,TRAIN001,-0.09621572521735196,0.28747599605421464,0.41941874818142344,25.728329583192718,24.931915639444178,23.93249324522447,120.00793677631691,5.0192565284122415,0.21100352973952038,1.0590808441631143,1.5432159221363007,ZONE_01,SUSPENSION_FAULT,REAR_BOGIE,2
3.58,RUN_055_SUSPENSION_FAULT,TRAIN001,0.08647251705772446,-0.11234118705898209,0.5946532108644239,25.78732257193085,24.869958072633686,23.995046359263316,119.06792036182904,5.007947558387708,0.19483561384573778,0.9757265366457328,1.4619565960627792,ZONE_01,SUSPENSION_FAULT,REAR_BOGIE,2
3.59,RUN_055_SUSPENSION_FAULT,TRAIN001,0.03849205142960237,-0.7324951004772096,0.8246683936983946,25.729743162666345,24.6759531386018,23.984534966358808,119.36986646048031,5.0035596870046115,0.22387506947879757,1.120172272569468,1.4887902131490336,ZONE_01,SUSPENSION_FAULT,REAR_BOGIE,2
3.6,RUN_055_SUSPENSION_FAULT,TRAIN001,-0.2380866358079739,-0.6440295365251169,1.1663270254896334,25.778926625229285,24.919560062650508,23.928961510792266,117.98724822331435,4.995188674314552,0.23494319574811243,1.1735855905082382,1.4754495106622612,ZONE_01,SUSPENSION_FAULT,REAR_BOGIE,2
3.61,RUN_055_SUSPENSION_FAULT,TRAIN001,0.1320838720660695,-0.04862387154209746,-0.06989395241352825,25.776615787707875,25.00205942670397,23.97871541231538,119.17663436619391,4.984680855969135,0.21435858218735362,1.068509120941988,1.3331339473621642,ZONE_01,SUSPENSION_FAULT,REAR_BOGIE,2
3.62,RUN_055_SUSPENSION_FAULT,TRAIN001,-0.008484983410789895,-0.8104993380322669,-0.3179416067918537,25.95387356665944,24.93127306738095,23.976994434708136,121.72565519379366,5.051598691055303,0.19604959607352238,0.9903638829069265,1.5662721520672314,ZONE_01,SUSPENSION_FAULT,REAR_BOGIE,2
3.63,RUN_055_SUSPENSION_FAULT,TRAIN001,-0.12247875259367302,-0.4685497648014926,0.21687074604381618,25.837101569883533,24.927622797033226,23.976430911492084,119.08407978282922,5.003512990002756,0.2333488097328155,1.167563800699824,1.299592504403809,ZONE_01,SUSPENSION_FAULT,REAR_BOGIE,2
3.64,RUN_055_SUSPENSION_FAULT,TRAIN001,0.1782215545320982,-0.5207131352654878,-0.00388495768179631,25.654370110720752,24.994551944079877,24.001815051742525,119.65205262897985,5.022124407476939,0.23368780607431483,1.1736092346155542,1.744487743965671,ZONE_01,SUSPENSION_FAULT,REAR_BOGIE,2
3.65,RUN_055_SUSPENSION_FAULT,TRAIN001,0.16999709748036124,-0.4594010739506824,0.24178173137982517,25.70242551753636,24.99492920475023,24.04769794881306,120.67293797290915,5.037655349966492,0.22097062651714958,1.113173858859566,1.746846762845632,ZONE_01,SUSPENSION_FAULT,REAR_BOGIE,2
3.66,RUN_055_SUSPENSION_FAULT,TRAIN001,0.09037831116110966,-0.3621516674304433,1.0234185836390988,25.9626396395179,24.88733621775295,23.995302025187186,118.60645930932921,4.989430784787217,0.21215317014037255,1.058523558188575,1.6123701165897741,ZONE_01,SUSPENSION_FAULT,REAR_BOGIE,2
3.67,RUN_055_SUSPENSION_FAULT,TRAIN001,-0.12921118406484336,-0.5458976256876094,3.3440052983069846,26.00438829329936,24.915608076815932,23.979830357852283,119.47313216419269,5.008243400954552,0.22446007342034643,1.1241506814852242,1.4651408559901251,ZONE_01,SUSPENSION_FAULT,REAR_BOGIE,2
3.68,RUN_055_SUSPENSION_FAULT,TRAIN001,0.07180873341799933,-0.12419798569325163,0.06499146604569145,25.99003585001073,24.924239722192528,23.93786429712378,119.99521800764413,5.00058892438145,0.2388044788820078,1.194163032190052,1.475962027928409,ZONE_01,SUSPENSION_FAULT,REAR_BOGIE,2
3.69,RUN_055_SUSPENSION_FAULT,TRAIN001,0.013024641514730543,-0.33198755912880096,-0.02473647026768011,25.888861898665155,24.785066588292484,24.072984585392103,119.18826661568428,4.985813118663676,0.18219358042366254,0.9083831434126022,1.2241956785087629,ZONE_01,SUSPENSION_FAULT,REAR_BOGIE,2
3.7,RUN_055_SUSPENSION_FAULT,TRAIN001,-0.16489038210967388,-0.10236333468391348,0.6791518670555441,25.92495556354034,25.125918113604836,24.00305348197142,121.06848974719179,4.984217720259168,0.2545924403601817,1.268944152687243,2.14635991391495,ZONE_01,SUSPENSION_FAULT,REAR_BOGIE,2
3.71,RUN_055_SUSPENSION_FAULT,TRAIN001,-0.17753020057351573,-0.5229386434374433,0.8985673672540908,25.83044938942998,24.926764631447213,24.02459262842792,121.13027945088078,4.973469885319696,0.21401126637568826,1.0643785884386172,1.937050304644498,ZONE_01,SUSPENSION_FAULT,REAR_BOGIE,2
3.72,RUN_055_SUSPENSION_FAULT,TRAIN001,0.10265397584075736,0.3264866410519295,1.4545990306849539,25.695520294928762,24.87263577651617,24.02449367282133,120.41375565483972,4.994139035496998,0.22233186496236054,1.110356245643372,1.7796924621107932,ZONE_01,SUSPENSION_FAULT,REAR_BOGIE,2
3.73,RUN_055_SUSPENSION_FAULT,TRAIN001,0.010949023521202443,0.15977055013863029,1.8781936622093225,25.802979687050087,24.944273292495616,23.94879654277239,120.32139468456505,4.9814502771589835,0.2562995946472378,1.2767436867912179,1.92027542907643,ZONE_01,SUSPENSION_FAULT,REAR_BOGIE,2
3.74,RUN_055_SUSPENSION_FAULT,TRAIN001,0.061392017058000986,0.6668524834059919,1.9260817249425695,25.90261482690274,24.94782424807804,24.044004844625405,119.1092547592847,4.977901094940604,0.26481446458894675,1.3182202132334278,1.9134914045443816,ZONE_01,SUSPENSION_FAULT,REAR_BOGIE,2
3.75,RUN_055_SUSPENSION_FAULT,TRAIN001,-0.2036561696604161,0.4916508595070042,2.1699070306606525,25.894041793975617,24.934461580000768,23.96510405115608,119.36291612318215,4.990048430154838,0.2217176783065888,1.1063819525713687,2.0486605817783925,ZONE_01,SUSPENSION_FAULT,REAR_BOGIE,2
3.7600000000000002,RUN_055_SUSPENSION_FAULT,TRAIN001,0.04721837148652447,0.3398768541342183,1.433551957072948,25.906844308755748,24.91569394261221,24.040442651705217,119.28112389417996,4.979945352283329,0.20989515113110851,1.0452663823421706,2.2671896078775244,ZONE_01,SUSPENSION_FAULT,REAR_BOGIE,2
3.77,RUN_055_SUSPENSION_FAULT,TRAIN001,0.24055532280125133,0.3939479653477769,1.191995698084268,25.706621678327195,25.154681799061485,24.02436323640259,120.4846393296581,5.006349674768424,0.24453425876832335,1.2242240068545334,1.805923842782918,ZONE_01,SUSPENSION_FAULT,REAR_BOGIE,2
3.7800000000000002,RUN_055_SUSPENSION_FAULT,TRAIN001,0.05270898662129001,0.688193353059028,1.9296585761421519,26.016295619891373,24.953854822587406,24.026679776005256,119.93448874105987,4.987346040292412,0.2517062912584225,1.2553463750243818,2.661969157496325,ZONE_01,SUSPENSION_FAULT,REAR_BOGIE,2
3.79,RUN_055_SUSPENSION_FAULT,TRAIN001,-0.10385779755855423,0.3439030427150814,1.8296748402070973,25.989740161760682,24.955219683373418,23.990698873717815,119.77741780986193,4.944903778071915,0.2184705897236687,1.0803160445221687,2.233776106818259,ZONE_01,SUSPENSION_FAULT,REAR_BOGIE,2
3.8000000000000003,RUN_055_SUSPENSION_FAULT,TRAIN001,-0.019025888413711858,1.026255288085689,2.956344954260427,25.775492393342365,24.8772407400987,23.94992777748721,119.63112700852284,4.9990067206873885,0.20556843048113282,1.0276379655363412,2.1669502528072364,ZONE_01,SUSPENSION_FAULT,REAR_BOGIE,2
3.81,RUN_055_SUSPENSION_FAULT,TRAIN001,-0.025626174490930343,0.9335966130126887,2.5865382093757283,25.976508247756918,24.878934951565373,24.02824189505498,120.28197335269952,4.990015888038561,0.20283118955253535,1.0121308584569124,2.297081109629661,ZONE_01,SUSPENSION_FAULT,REAR_BOGIE,2
3.8200000000000003,RUN_055_SUSPENSION_FAULT,TRAIN001,-0.07313786364894025,0.5338235619764501,1.1396214717975002,25.794161812513398,24.989264549295328,24.01389817741975,121.17066703307333,5.015787655406441,0.22196496226470083,1.1133291176600428,1.9743287501586069,ZONE_01,SUSPENSION_FAULT,REAR_BOGIE,2
3.83,RUN_055_SUSPENSION_FAULT,TRAIN001,0.01972098018873776,0.1331081705567448,1.742767319929638,25.98840088692738,24.800201619377262,24.00355080851347,119.61385185283854,5.003947431077968,0.24626715181860903,1.2323078817016166,2.0027688978051956,ZONE_01,SUSPENSION_FAULT,REAR_BOGIE,2
3.84,RUN_055_SUSPENSION_FAULT,TRAIN001,0.04647639425913889,0.674243348335757,1.2767748040362108,25.95387661659397,24.828194122774683,24.073306503552768,118.65149444893702,5.00366556289208,0.23209988294314313,1.1613501914338882,2.039698881462051,ZONE_01,SUSPENSION_FAULT,REAR_BOGIE,2
3.85,RUN_055_SUSPENSION_FAULT,TRAIN001,-0.13079400536884275,-0.23455263853174993,0.7299491548344441,26.01922121473326,24.81647380686355,23.988519977672876,119.24865818615224,4.9943689908498365,0.24693686351160343,1.2332938138200706,1.591630831671571,ZONE_01,SUSPENSION_FAULT,REAR_BOGIE,2
3.86,RUN_055_SUSPENSION_FAULT,TRAIN001,-0.19041774639205442,0.2098816154911183,0.7187585087554015,25.852433982897278,24.92781874246571,24.017434083152175,120.28509655628167,4.99812176090423,0.19211933830652916,0.960235845480385,1.7269454916770512,ZONE_01,SUSPENSION_FAULT,REAR_BOGIE,2
3.87,RUN_055_SUSPENSION_FAULT,TRAIN001,-0.05289047460554022,-0.09811067840043064,0.42595829894767334,25.91667103521868,24.91445644581556,23.989367196707345,120.40056635694306,4.988128631331958,0.2247273138069125,1.1209687482425819,1.5781597022633882,ZONE_01,SUSPENSION_FAULT,REAR_BOGIE,2
3.88,RUN_055_SUSPENSION_FAULT,TRAIN001,0.014175738889923174,-0.3078020291485976,0.33077478216805156,26.053918238712296,24.826214489411253,23.98371922658759,118.60125771336897,5.009820573198118,0.18983676025911528,0.9510481070953946,1.4976588118760839,ZONE_01,SUSPENSION_FAULT,REAR_BOGIE,2
3.89,RUN_055_SUSPENSION_FAULT,TRAIN001,-0.1522356238496414,0.1738476542080919,0.2833134817276527,26.051804361850678,25.038846210927204,24.092685213966995,119.8485441067436,5.020043390640501,0.2226120084070819,1.117521941481179,1.8727977877727155,ZONE_01,SUSPENSION_FAULT,REAR_BOGIE,2
3.9,RUN_055_SUSPENSION_FAULT,TRAIN001,-0.07057225773593458,0.006006362205717042,0.027849356515630252,25.852068108855153,24.956982552637633,23.933038434181572,119.21618848237225,5.012046714977718,0.23933315232953564,1.1995489399185109,1.3680736971254963,ZONE_01,SUSPENSION_FAULT,REAR_BOGIE,2
3.91,RUN_055_SUSPENSION_FAULT,TRAIN001,-0.1828692332055282,-1.0168247813490983,-0.11743655217802526,26.14343461633119,24.956201016161597,24.05717904982376,120.88253284913942,4.997017995071958,0.22814620410498135,1.1400506874199516,1.5941091686237254,ZONE_01,SUSPENSION_FAULT,REAR_BOGIE,2
3.92,RUN_055_SUSPENSION_FAULT,TRAIN001,0.026056009862464976,-0.8846907866983444,0.1256605564856848,25.782546005021498,24.957777718427668,23.92503483560711,120.12051766669954,5.003925222528484,0.24241429450317764,1.2130230025658988,1.6320029525827144,ZONE_01,SUSPENSION_FAULT,REAR_BOGIE,2
3.93,RUN_055_SUSPENSION_FAULT,TRAIN001,-0.196097045357715,-0.4456715283034282,0.4027354424194051,26.08474988059717,25.189241615472987,24.07341692797203,120.13749163877301,4.983481748476936,0.24155001285470024,1.2037600804057678,1.5333540609517797,ZONE_01,SUSPENSION_FAULT,REAR_BOGIE,2
3.94,RUN_055_SUSPENSION_FAULT,TRAIN001,0.1857913698916901,-0.4192315662118368,0.8118338073581247,26.026143854173647,24.708277446245248,24.037231412390874,121.04646193052623,5.010872382800235,0.24175103655827332,1.2113835926031817,1.2648736912978027,ZONE_01,SUSPENSION_FAULT,REAR_BOGIE,2
3.95,RUN_055_SUSPENSION_FAULT,TRAIN001,-0.25074325614236453,-0.42886021218911674,0.24561451514075786,26.05581181108073,25.04689027935019,23.97309827332153,118.4616058048796,4.998148393742224,0.21525389655704394,1.075870917323344,1.766146691290588,ZONE_01,SUSPENSION_FAULT,REAR_BOGIE,2
3.96,RUN_055_SUSPENSION_FAULT,TRAIN001,0.07739706027536558,-0.5414729771277016,0.5070828043928752,26.087700493143316,24.99681521220028,24.00773960333914,120.65575209629661,5.0167963567266876,0.18930864349161342,0.9497229129655975,1.6853601504576599,ZONE_01,SUSPENSION_FAULT,REAR_BOGIE,2
3.97,RUN_055_SUSPENSION_FAULT,TRAIN001,-0.13265079840144836,-0.022516380938009506,-0.0987481646059914,25.92874831446432,25.040898465574394,23.93260649336398,120.69335086661515,4.980690500339325,0.2512129970898495,1.2512141881671839,1.4561003880288512,ZONE_01,SUSPENSION_FAULT,REAR_BOGIE,2
3.98,RUN_055_SUSPENSION_FAULT,TRAIN001,0.01792335035824116,0.15424409251480103,0.8583699764242068,25.96006858615496,25.053981121017664,24.016250786638107,120.76637653519282,5.027014666303164,0.25163582628820225,1.264976989318108,1.675359167590142,ZONE_01,SUSPENSION_FAULT,REAR_BOGIE,2
3.99,RUN_055_SUSPENSION_FAULT,TRAIN001,-0.0749863934328685,0.1509259357575375,0.8916847185881366,26.004965725860465,25.103147456152552,24.07690755779924,119.80691440564945,4.993385812548627,0.19898693552150853,0.993618540715629,1.914163402302944,ZONE_01,SUSPENSION_FAULT,REAR_BOGIE,2
4.0,RUN_055_SUSPENSION_FAULT,TRAIN001,-0.13426735541510476,0.40966696454291585,1.3848925245590862,26.00874500255359,25.146106967264274,24.014677795717066,119.3996012405264,4.991923032976882,0.22083615533032394,1.1023970903075044,1.4464132037690463,ZONE_01,SUSPENSION_FAULT,REAR_BOGIE,2
4.01,RUN_055_SUSPENSION_FAULT,TRAIN001,0.0027200596160307533,0.02088336038661051,0.30070741670382706,26.079021670620868,25.018172997627136,24.057221999388663,119.45831153805045,5.036287938915065,0.24056759481103157,1.2115676762406047,1.6237306947514116,ZONE_01,SUSPENSION_FAULT,REAR_BOGIE,2
4.0200000000000005,RUN_055_SUSPENSION_FAULT,TRAIN001,-0.07424049829762003,0.3588843022713208,1.515680799623186,25.890220258114415,24.972292121768167,23.916713139660025,120.45703170207844,4.993343621266417,0.20450012829965797,1.021139411193261,2.2471747981514056,ZONE_01,SUSPENSION_FAULT,REAR_BOGIE,2
4.03,RUN_055_SUSPENSION_FAULT,TRAIN001,0.06384368321683323,0.39370392745124716,1.102810553784031,26.041430300680727,25.111597467386936,23.995278192889714,120.14969075878459,5.008373218598837,0.21362646124005902,1.0699210472587541,2.3230933527209254,ZONE_01,SUSPENSION_FAULT,REAR_BOGIE,2
4.04,RUN_055_SUSPENSION_FAULT,TRAIN001,0.003349063766502267,0.8189145049269848,1.6875869823207013,26.088186750892643,24.927636265423452,24.023698880780437,119.85520476515676,5.0199295683449545,0.2466073666583852,1.2379516116601135,2.1094471974185676,ZONE_01,SUSPENSION_FAULT,REAR_BOGIE,2
4.05,RUN_055_SUSPENSION_FAULT,TRAIN001,-0.0933872329696687,0.9005554325825949,0.9653235048441288,25.913149197442667,24.93765580254961,24.036627670598968,121.35710486137563,5.003227390266192,0.22981236967012741,1.1498035425555608,2.020463319332205,ZONE_01,SUSPENSION_FAULT,REAR_BOGIE,2
4.0600000000000005,RUN_055_SUSPENSION_FAULT,TRAIN001,0.07231918847710407,1.164426553001633,1.6914284884386408,25.94381876490116,24.88107881075832,23.938864643925672,119.69615063312268,5.017148928338813,0.19288559390330362,0.9677357507439551,2.3225328384085264,ZONE_01,SUSPENSION_FAULT,REAR_BOGIE,2
4.07,RUN_055_SUSPENSION_FAULT,TRAIN001,-0.018724990264709807,0.04945423058285836,5.26767959933127,26.29526430068993,25.0083684936404,24.012659839748242,120.4457828470307,4.990846161068027,0.21530026499186447,1.0745305010115758,2.48708616399637,ZONE_01,SUSPENSION_FAULT,REAR_BOGIE,2
4.08,RUN_055_SUSPENSION_FAULT,TRAIN001,-0.15049419841345416,0.45229682447237773,1.9954633985479937,25.961860694929072,24.811502481173207,24.014716345258158,120.63754373590064,5.000222408671705,0.22691185595251384,1.1346097469270457,2.12496774327045,ZONE_01,SUSPENSION_FAULT,REAR_BOGIE,2
4.09,RUN_055_SUSPENSION_FAULT,TRAIN001,-0.057013722255872916,0.06257334583408036,2.268368821271307,26.161021051188822,24.983841803995222,23.928570737193223,120.81387125049135,4.994836071327134,0.20914475073353234,1.0446437450925694,2.2771108405230476,ZONE_01,SUSPENSION_FAULT,REAR_BOGIE,2
4.1,RUN_055_SUSPENSION_FAULT,TRAIN001,-0.06020966350636897,0.37523598867902597,2.651921506737442,25.98363495388491,24.998381570595846,24.015522380452246,119.9319447550716,4.990150787931015,0.19111469977560602,0.9536911696704399,2.4418262917276863,ZONE_01,SUSPENSION_FAULT,REAR_BOGIE,2
4.11,RUN_055_SUSPENSION_FAULT,TRAIN001,-0.05665181340456759,-0.12885857152849145,2.128453171421489,25.984490193897813,25.026781437481393,23.936142859695973,119.45556394280246,4.993139055745362,0.23936381727988187,1.1951768245924748,1.9278543833663457,ZONE_01,SUSPENSION_FAULT,REAR_BOGIE,2
4.12,RUN_055_SUSPENSION_FAULT,TRAIN001,-0.10235745921823235,-0.33911200519371953,1.8779115869275236,26.233674684654524,25.02713368695742,24.02602196179073,121.20034067890212,5.005649065803038,0.22150909762823456,1.1087968076096462,2.1965693474348997,ZONE_01,SUSPENSION_FAULT,REAR_BOGIE,2
4.13,RUN_055_SUSPENSION_FAULT,TRAIN001,0.06263269464822929,0.022183431230004436,0.6091641138051268,26.037087692271676,24.870377624276237,24.044688647585282,120.47579503474812,5.004808071522513,0.23917075980641953,1.1970037491513406,2.1849036154608097,ZONE_01,SUSPENSION_FAULT,REAR_BOGIE,2
4.14,RUN_055_SUSPENSION_FAULT,TRAIN001,0.003846006921595877,0.5111094440553613,0.4032396298754085,26.10559821567215,24.92870942973806,23.980392683809793,119.83339145297519,4.983423568741834,0.17783508896932448,0.8862275737190326,1.6394899497804383,ZONE_01,SUSPENSION_FAULT,REAR_BOGIE,2
4.15,RUN_055_SUSPENSION_FAULT,TRAIN001,0.13475776341998622,-0.44301986141850414,0.44779692486844846,26.018000547461703,25.078655012456334,24.020397180879126,120.2371878635952,5.012964548301147,0.23059992030781615,1.155989225344152,1.9871237322457305,ZONE_01,SUSPENSION_FAULT,REAR_BOGIE,2
4.16,RUN_055_SUSPENSION_FAULT,TRAIN001,0.04288368888772912,-0.3435071495116373,0.23239469780661148,26.101166528093913,25.114750929671484,24.068361135981384,119.77006826571369,5.01851102120908,0.24208933010160125,1.214927971232009,1.6041780287323908,ZONE_01,SUSPENSION_FAULT,REAR_BOGIE,2
4.17,RUN_055_SUSPENSION_FAULT,TRAIN001,0.01857754779378302,-0.3216413544552581,0.34844428031362623,26.134322853807284,25.097705927643734,23.95936035032915,119.61100486781184,5.011791032013394,0.2327011375862096,1.1662494744938803,1.450659386261087,ZONE_01,SUSPENSION_FAULT,REAR_BOGIE,2
4.18,RUN_055_SUSPENSION_FAULT,TRAIN001,0.050634596314638396,-0.4487828215572891,-0.04153490292303175,26.03865436800829,25.142471791766653,23.99163803341371,120.12808895574703,5.008267715823557,0.20774141708258176,1.0404246324141306,1.4692872341525598,ZONE_01,SUSPENSION_FAULT,REAR_BOGIE,2
4.19,RUN_055_SUSPENSION_FAULT,TRAIN001,0.013668083074166651,-0.5366418611592002,-0.051779537949603494,25.97723732727082,25.173959204304047,24.038961914759597,119.14927545426315,4.99117379819516,0.21022011129766366,1.0492451113625691,1.405174135932771,ZONE_01,SUSPENSION_FAULT,REAR_BOGIE,2
4.2,RUN_055_SUSPENSION_FAULT,TRAIN001,-0.0910397947227111,-0.4539660120357638,-0.3278694999622745,26.01135687158647,25.215283578504398,24.025846261964542,119.11064529903399,5.001809108309086,0.24628556139617813,1.2318733642364204,1.1953592554183272,ZONE_01,SUSPENSION_FAULT,REAR_BOGIE,2
4.21,RUN_055_SUSPENSION_FAULT,TRAIN001,0.041593354024736906,-0.7744817701625887,-0.013806212944117071,26.012538887472054,25.02330521931761,24.01075080326157,119.15503778010432,5.009429430691101,0.18829281254693936,0.9432395567602407,1.5409202234369277,ZONE_01,SUSPENSION_FAULT,REAR_BOGIE,2
4.22,RUN_055_SUSPENSION_FAULT,TRAIN001,-0.088330321734302,-1.0530820881086496,0.902343126916765,26.01918128424503,24.992398792103714,23.99739589319232,119.79843260380248,5.0166045290098955,0.23801421363562492,1.1940231820932048,1.2896004209952492,ZONE_01,SUSPENSION_FAULT,REAR_BOGIE,2
4.23,RUN_055_SUSPENSION_FAULT,TRAIN001,0.09577873021620462,-0.41808534264017316,0.5709663977270287,26.17506483591657,25.0388477917898,23.983790685687012,120.28839620350958,5.0107362770802,0.21212278699332426,1.0628913439828058,1.2617081220858684,ZONE_01,SUSPENSION_FAULT,REAR_BOGIE,2
4.24,RUN_055_SUSPENSION_FAULT,TRAIN001,-0.06122418989503468,-0.2821959004023849,-0.2065686595090367,26.28683502143008,25.146947362293552,24.036187918816548,121.35000153300942,4.979176334731992,0.23902589451538717,1.1901520773591612,1.347066173095009,ZONE_01,SUSPENSION_FAULT,REAR_BOGIE,2
4.25,RUN_055_SUSPENSION_FAULT,TRAIN001,0.03707132168174498,-0.7136473832711587,0.4642032157122969,26.077536849470576,25.01708675557193,23.967415512470083,119.92905701529482,4.9914659097774585,0.20386568541633115,1.0175886189290326,1.4291852062296482,ZONE_01,SUSPENSION_FAULT,REAR_BOGIE,2
4.26,RUN_055_SUSPENSION_FAULT,TRAIN001,-0.0010932583374525814,-0.3181596845928877,0.4413208380186066,26.09697292063718,25.139699709982747,23.928782055837786,119.44674829074751,5.003933117148322,0.2085462750393544,1.043551612127348,1.1746761151078606,ZONE_01,SUSPENSION_FAULT,REAR_BOGIE,2
4.2700000000000005,RUN_055_SUSPENSION_FAULT,TRAIN001,-0.08037933921357404,0.150013669842593,0.9283035701328756,26.018163056590904,24.79214536596787,24.095437905974265,120.6814243260357,5.0044349208697625,0.21293067511994027,1.0655977062946034,1.5696244933879209,ZONE_01,SUSPENSION_FAULT,REAR_BOGIE,2
4.28,RUN_055_SUSPENSION_FAULT,TRAIN001,0.1337661313496958,0.01597915996868217,1.1705437602663942,25.974939165212707,25.01146125728451,23.932651716879953,119.66244568056496,5.017222028330366,0.22410069510499303,1.124362944044918,1.7591873596342884,ZONE_01,SUSPENSION_FAULT,REAR_BOGIE,2
4.29,RUN_055_SUSPENSION_FAULT,TRAIN001,-0.054155583140659595,0.01574811181240484,1.0339803397260985,25.89096971740225,25.068086038445898,24.107403287209902,119.50288872228396,4.98050573537556,0.21182042056797934,1.0549728195084844,1.8179420528636043,ZONE_01,SUSPENSION_FAULT,REAR_BOGIE,2
4.3,RUN_055_SUSPENSION_FAULT,TRAIN001,0.0529404884131411,0.27466302988605096,1.787234699409875,26.202905924563527,25.177268667181647,24.04657152935462,119.35168277509167,5.0307618670132985,0.22651852934533948,1.1395607796024667,1.853597713069948,ZONE_01,SUSPENSION_FAULT,REAR_BOGIE,2
4.3100000000000005,RUN_055_SUSPENSION_FAULT,TRAIN001,0.05797966594841151,0.009537689730574561,1.0519741407826524,26.201030184430365,25.15410494181437,23.9223670201564,119.35243293741712,5.000430796249162,0.2720122228313305,1.3601782960019744,1.6537133219409872,ZONE_01,SUSPENSION_FAULT,REAR_BOGIE,2
4.32,RUN_055_SUSPENSION_FAULT,TRAIN001,0.07494951026445004,0.6542302051230555,1.5525093235094172,26.139632189938727,24.955094213858587,23.98214380389406,119.73482552463244,4.9927435009401995,0.2115117774797918,1.0560240523845401,2.344666664431965,ZONE_01,SUSPENSION_FAULT,REAR_BOGIE,2
4.33,RUN_055_SUSPENSION_FAULT,TRAIN001,-0.008969371505833702,0.8759323269407177,1.971827462525816,26.158695138913107,25.182071590085215,23.923838170646494,119.85453131736989,5.021229661033334,0.21266876941350724,1.0678587329545612,1.9886544032906268,ZONE_01,SUSPENSION_FAULT,REAR_BOGIE,2
4.34,RUN_055_SUSPENSION_FAULT,TRAIN001,-0.0770612086599658,0.813951923478262,1.6375187307061756,26.32042072893056,25.143748179186673,23.941551825875187,120.38734266187542,4.988680453537167,0.2293953452590981,1.1443800750264725,2.2005018687778723,ZONE_01,SUSPENSION_FAULT,REAR_BOGIE,2
4.3500000000000005,RUN_055_SUSPENSION_FAULT,TRAIN001,0.023765230371402032,0.6879880837695633,1.5670887294920748,26.226262226639687,24.995211426973928,24.080641485563,119.68359426176617,5.022113463894876,0.23318720657370964,1.171092609741863,1.9872976630930586,ZONE_01,SUSPENSION_FAULT,REAR_BOGIE,2
4.36,RUN_055_SUSPENSION_FAULT,TRAIN001,0.025553351232106804,0.4180483896955449,2.094211244407262,26.1162784619051,25.002373847336383,24.036992034149065,119.70888848092935,4.983931610087252,0.24036547988874105,1.197965113191288,2.579828605716999,ZONE_01,SUSPENSION_FAULT,REAR_BOGIE,2
4.37,RUN_055_SUSPENSION_FAULT,TRAIN001,0.0770508747235639,0.5282435648823118,2.450410892110202,26.342642623874166,24.852131889672858,23.89968733249829,119.30763341898025,5.003302260429324,0.28600053176203816,1.430947107048994,2.4752539952937855,ZONE_01,SUSPENSION_FAULT,REAR_BOGIE,2
4.38,RUN_055_SUSPENSION_FAULT,TRAIN001,-0.029610885115314945,0.9148884536938056,1.898041672079757,26.345367454107947,25.187262131650254,24.039005553792496,120.32912261384892,4.9786351425104645,0.2253164959372208,1.1217686248603638,1.9933791345627685,ZONE_01,SUSPENSION_FAULT,REAR_BOGIE,2
4.39,RUN_055_SUSPENSION_FAULT,TRAIN001,0.10486137560857303,0.39026203589909536,2.2768698584793534,26.20506414950687,25.04764268311281,24.02683543726542,119.80462676771874,4.989658960323028,0.23832269534766662,1.1891489722898199,2.27231487417676,ZONE_01,SUSPENSION_FAULT,REAR_BOGIE,2
4.4,RUN_055_SUSPENSION_FAULT,TRAIN001,0.07000887197439254,0.8042866831986917,1.6517513318572745,26.115456009750343,25.110684229312582,23.99278240597375,119.52844198579442,4.987079595708759,0.2190491678277638,1.0924156353308243,2.0183676937992883,ZONE_01,SUSPENSION_FAULT,REAR_BOGIE,2
4.41,RUN_055_SUSPENSION_FAULT,TRAIN001,-0.06932208030784674,-0.13994166414436165,1.5056803113490382,26.079270168076757,25.024685045626967,24.035256884156084,119.28727498968811,5.020178085852347,0.2368891707708391,1.1892258238795008,1.8921548580471443,ZONE_01,SUSPENSION_FAULT,REAR_BOGIE,2
4.42,RUN_055_SUSPENSION_FAULT,TRAIN001,-0.1398195895815596,0.5484579924885264,0.9054364415277435,26.292093654532586,25.119236157563755,24.031314350612806,119.56440163537322,4.994243975683507,0.2576567183991716,1.2868005136594447,1.961839623497481,ZONE_01,SUSPENSION_FAULT,REAR_BOGIE,2
4.43,RUN_055_SUSPENSION_FAULT,TRAIN001,-0.1392361226833212,0.28018031222388756,1.7076670570691965,26.361088315696747,25.159923600732597,23.971828889724573,118.81239392652449,5.033251204772094,0.2278520086708727,1.1468363971524118,1.855510647265535,ZONE_01,SUSPENSION_FAULT,REAR_BOGIE,2
4.44,RUN_055_SUSPENSION_FAULT,TRAIN001,0.07866029061391487,-0.3112712209116668,0.4370620420851933,26.143330128951614,25.188772136656713,24.015237447722246,120.76458971865218,5.032551718517404,0.26371194141427795,1.3271439839579853,1.369235613300198,ZONE_01,SUSPENSION_FAULT,REAR_BOGIE,2
4.45,RUN_055_SUSPENSION_FAULT,TRAIN001,0.18618073003962393,-0.23574291617500878,1.135458172700359,25.972465040049062,24.92569441440457,23.994651027124668,120.85245855282147,5.005325389361135,0.2379468799926632,1.1910015597465442,1.6494143069055016,ZONE_01,SUSPENSION_FAULT,REAR_BOGIE,2
4.46,RUN_055_SUSPENSION_FAULT,TRAIN001,0.07557283588282998,-0.4491472903599275,1.062904313725816,26.10981800215658,25.060080118761483,23.986751302405107,121.09875500220757,4.982961597581294,0.21971576158928854,1.094835202382752,1.560003873169733,ZONE_01,SUSPENSION_FAULT,REAR_BOGIE,2
4.47,RUN_055_SUSPENSION_FAULT,TRAIN001,-0.09426496263796699,-0.430634390248113,0.27461088399326133,26.23329442463878,25.31206682260035,23.98793856186008,120.59501882537808,4.99789947731862,0.18121225043044362,0.905680611710045,1.1593354011358712,ZONE_01,SUSPENSION_FAULT,REAR_BOGIE,2
4.48,RUN_055_SUSPENSION_FAULT,TRAIN001,-0.05734090515556731,-0.5368457394089757,-0.03247475757201779,26.15556426149903,25.024215431964617,24.057756376639663,119.98567134909916,4.959590740223555,0.22971672663178772,1.13930095027748,1.6138768029248918,ZONE_01,SUSPENSION_FAULT,REAR_BOGIE,2
4.49,RUN_055_SUSPENSION_FAULT,TRAIN001,-0.19954762680349117,-0.6308712074741318,0.3920790925194768,26.277155957865098,25.03894020213737,24.02572670236474,119.20200860824653,4.982932445823828,0.23070501536831883,1.149587506493081,1.467032925978839,ZONE_01,SUSPENSION_FAULT,REAR_BOGIE,2
4.5,RUN_055_SUSPENSION_FAULT,TRAIN001,-0.07133007425084742,-0.9712225370459732,-0.47110012755403563,26.165624076539046,24.935903957343488,23.96687820382685,121.48255272734694,5.007164877120506,0.23177205001873868,1.1605208683520456,1.327290624050177,ZONE_01,SUSPENSION_FAULT,REAR_BOGIE,2
4.51,RUN_055_SUSPENSION_FAULT,TRAIN001,0.02402310536611659,-1.3163572116512197,-0.04109228332801711,26.184949480635908,25.190070936380934,24.023476544693395,119.3321280994655,5.01564511695527,0.24147863559720942,1.2111711394821643,1.1715510712215618,ZONE_01,SUSPENSION_FAULT,REAR_BOGIE,2
4.5200000000000005,RUN_055_SUSPENSION_FAULT,TRAIN001,-0.05836114433409104,-0.7076350779407976,-0.1493524824923016,26.3520783771608,25.138074444689675,23.995826056054913,119.72171760040439,4.963619071886816,0.22643460763408127,1.1239351369877337,1.5966471899794474,ZONE_01,SUSPENSION_FAULT,REAR_BOGIE,2
4.53,RUN_055_SUSPENSION_FAULT,TRAIN001,0.031109714367734183,-0.43366138133478976,0.1274544196949985,26.401023727662846,25.160898115428274,23.937263450237374,119.76189908845352,4.996957714475108,0.2274466219257194,1.1365411520630266,1.4727946940446628,ZONE_01,SUSPENSION_FAULT,REAR_BOGIE,2
4.54,RUN_055_SUSPENSION_FAULT,TRAIN001,-0.008575306236773696,-0.6908213356122919,0.12352153889089157,26.291124698216226,25.09591887021752,23.889241869822534,120.91035813135662,4.983151680775766,0.2288663717252256,1.1404758449356092,1.6658805330407642,ZONE_01,SUSPENSION_FAULT,REAR_BOGIE,2
4.55,RUN_055_SUSPENSION_FAULT,TRAIN001,-0.10456721817921018,-0.2625306725866993,0.1986795008486097,26.30785125132806,25.2547390464749,23.996952029376388,119.78983635127558,4.9877488035310105,0.21863885610178974,1.0905156929270905,1.6860168503307373,ZONE_01,SUSPENSION_FAULT,REAR_BOGIE,2
4.5600000000000005,RUN_055_SUSPENSION_FAULT,TRAIN001,0.037080906583294625,-0.2955177401724186,0.7636156764190318,26.30972279916699,25.019572876789336,24.003020959001876,119.4897670193693,4.983453164944556,0.23853763317090404,1.188741122983925,1.4071597111920182,ZONE_01,SUSPENSION_FAULT,REAR_BOGIE,2
4.57,RUN_055_SUSPENSION_FAULT,TRAIN001,-0.029446291569516198,-0.10279088878856302,1.3920205856894619,26.270725222258978,25.299817082107893,24.01863582285514,119.68901815414077,4.964073702272405,0.2515664195899338,1.248794247861216,2.2653961799640787,ZONE_01,SUSPENSION_FAULT,REAR_BOGIE,2
4.58,RUN_055_SUSPENSION_FAULT,TRAIN001,-0.100950902093214,-0.13776809205575002,0.6755854484342307,26.265504315373622,25.024551757561163,24.03455811200281,120.96400836355004,4.986667477950312,0.2615061286893172,1.3040441072197073,1.8497333662277613,ZONE_01,SUSPENSION_FAULT,REAR_BOGIE,2
4.59,RUN_055_SUSPENSION_FAULT,TRAIN001,0.12694250758942022,0.12626534819333288,1.9197994808681973,26.252764620651146,25.254871423542795,23.899124067421408,118.23723509720001,5.011034586903509,0.2334912261014448,1.1700326097328473,2.026358256161685,ZONE_01,SUSPENSION_FAULT,REAR_BOGIE,2
4.6000000000000005,RUN_055_SUSPENSION_FAULT,TRAIN001,-0.14576371828995002,-0.11478195795929896,1.568911366479953,26.11685563508078,25.12844557794414,23.966339781156602,119.92296795904035,5.012026872643861,0.22760015816612322,1.1407381089466027,2.311831821085888,ZONE_01,SUSPENSION_FAULT,REAR_BOGIE,2
4.61,RUN_055_SUSPENSION_FAULT,TRAIN001,0.05431181700694172,0.3184328598401493,2.3105985765091686,26.44838406450701,25.166161117984476,24.035862997845395,119.4358114027386,4.994465693974321,0.2046111393087169,1.0219233158823873,2.2592956646093105,ZONE_01,SUSPENSION_FAULT,REAR_BOGIE,2
4.62,RUN_055_SUSPENSION_FAULT,TRAIN001,0.011494094992398056,1.1113809188976829,2.233497547018967,26.198986223445218,25.215747418696353,24.045565158085754,120.29077954747586,5.004060364745043,0.2037222363534076,1.0194383683533088,2.554753861214226,ZONE_01,SUSPENSION_FAULT,REAR_BOGIE,2
4.63,RUN_055_SUSPENSION_FAULT,TRAIN001,-0.08370631215322383,1.0732132146059428,2.726673791709333,26.214039615025513,25.160372532086196,24.02743761265568,119.87427021199278,5.002854198411205,0.23513249007769568,1.1763335651680809,2.3539192417181343,ZONE_01,SUSPENSION_FAULT,REAR_BOGIE,2
4.64,RUN_055_SUSPENSION_FAULT,TRAIN001,0.0036814118108874773,0.7232200062737053,1.6608366178809841,26.25329080934761,25.13115953545447,23.98046503559028,119.85586033883065,5.002666833222066,0.19210910378495188,0.9610578418649944,2.4032441460730274,ZONE_01,SUSPENSION_FAULT,REAR_BOGIE,2
4.65,RUN_055_SUSPENSION_FAULT,TRAIN001,0.04231995137565467,0.7400839604328048,2.6404311552025517,26.31466375688497,25.043540070390847,24.056566284826708,119.86865642854724,5.011014695334237,0.21684904254696616,1.0866337388720066,2.478726357917148,ZONE_01,SUSPENSION_FAULT,REAR_BOGIE,2
4.66,RUN_055_SUSPENSION_FAULT,TRAIN001,-0.09469841158755701,0.22815125269165754,2.1100710543381087,26.290244405407645,25.17443824155096,23.964570446485123,120.32802095721692,4.995043589815342,0.2193717539764804,1.0957714734867667,2.2775269001894434,ZONE_01,SUSPENSION_FAULT,REAR_BOGIE,2
4.67,RUN_055_SUSPENSION_FAULT,TRAIN001,-0.16144296853540452,1.0336488978832645,2.445763049414664,26.40313337384369,25.06332404306216,23.958293083865048,120.21742329114839,4.997437966845131,0.22689591317580238,1.1338982510267512,2.1417059700867838,ZONE_01,SUSPENSION_FAULT,REAR_BOGIE,2
4.68,RUN_055_SUSPENSION_FAULT,TRAIN001,0.1915558574239862,0.5091798420695077,1.4171005711193292,26.186154644691115,25.24812669366961,23.973807657065525,120.08771907084534,4.994764151252847,0.22805147066238282,1.1390633103049599,2.064573648014422,ZONE_01,SUSPENSION_FAULT,REAR_BOGIE,2
4.69,RUN_055_SUSPENSION_FAULT,TRAIN001,-0.02447245726994704,0.8329946587569503,0.8565124797163138,26.4290303307457,25.16366236818457,23.96248042832638,120.98197662370151,5.027213469128897,0.23778203953426116,1.1953810718635776,1.693914552211279,ZONE_01,SUSPENSION_FAULT,REAR_BOGIE,2
4.7,RUN_055_SUSPENSION_FAULT,TRAIN001,-0.10836145548714404,-0.20278247711095074,1.2444600717552203,26.56260813944108,25.296025451342988,24.009215440379645,119.00662042500579,4.983120383025226,0.23058723047539634,1.149043928247283,2.181568311782215,ZONE_01,SUSPENSION_FAULT,REAR_BOGIE,2
4.71,RUN_055_SUSPENSION_FAULT,TRAIN001,-0.11694462917645587,0.09474844918575526,1.1195376437887237,26.150209189264082,25.246747529571767,24.020027818214484,120.01016984477015,5.000424752280031,0.252590083399612,1.263057705211897,1.9471745644628882,ZONE_01,SUSPENSION_FAULT,REAR_BOGIE,2
4.72,RUN_055_SUSPENSION_FAULT,TRAIN001,-0.16490172391542254,-0.4406988623310641,0.7996397792073695,26.2798063834589,25.23972126773244,23.975313645392898,120.81829508849495,5.008490349896433,0.2204064406503176,1.1039035310521366,1.940448171761261,ZONE_01,SUSPENSION_FAULT,REAR_BOGIE,2
4.73,RUN_055_SUSPENSION_FAULT,TRAIN001,-0.11915935105434244,0.07765439587006545,0.6935577507240489,26.16431798683727,25.379107466572606,23.978619752427278,119.88457825170187,5.000544237804837,0.22987572982579643,1.1495037561915677,1.9346828600460861,ZONE_01,SUSPENSION_FAULT,REAR_BOGIE,2
4.74,RUN_055_SUSPENSION_FAULT,TRAIN001,0.013219439912133455,-0.25713821944902293,0.6900064252953131,26.20163016184246,25.074695550737687,24.02006920476173,119.74524483557838,5.022623675492046,0.22046109150200255,1.1072930977027762,1.6320212691081077,ZONE_01,SUSPENSION_FAULT,REAR_BOGIE,2
4.75,RUN_055_SUSPENSION_FAULT,TRAIN001,0.08473603850427906,-0.6693463656994695,-0.3846858878560344,26.15017616822481,25.21219708968845,24.0512091681309,119.53607792059647,4.996526592821741,0.2783959412173675,1.3910127236262149,1.5585916789983958,ZONE_01,SUSPENSION_FAULT,REAR_BOGIE,2
4.76,RUN_055_SUSPENSION_FAULT,TRAIN001,-0.11265631455130885,-0.43346748215037667,0.7877635956299461,26.43565667552631,25.203636994358767,23.986606861876144,119.19615105504955,4.967538301285679,0.23604994848342442,1.1725871601079223,1.8294762368296125,ZONE_01,SUSPENSION_FAULT,REAR_BOGIE,2
4.7700000000000005,RUN_055_SUSPENSION_FAULT,TRAIN001,0.024633725013007604,-0.5362107938248899,0.5701447462012308,26.086939574242056,25.240305812182235,24.066513213652808,119.87941046442185,5.018948217309412,0.23580185821008845,1.1834773159017702,1.7669514534422,ZONE_01,SUSPENSION_FAULT,REAR_BOGIE,2
4.78,RUN_055_SUSPENSION_FAULT,TRAIN001,0.10492073111702807,-0.23815363057319444,-0.208799999262789,26.38845127020702,25.30110884778472,24.018971401584963,121.07094401730171,5.000844913520767,0.23352333993277122,1.16781400669118,1.5970412546728334,ZONE_01,SUSPENSION_FAULT,REAR_BOGIE,2
4.79,RUN_055_SUSPENSION_FAULT,TRAIN001,0.07530981980066292,-1.134259797769832,-0.2987357217318252,26.527049761097356,25.17979417201141,24.005871413077905,119.70639732800062,4.978388234310312,0.2348387406166634,1.1691184232462484,1.2871223884734047,ZONE_01,SUSPENSION_FAULT,REAR_BOGIE,2
4.8,RUN_055_SUSPENSION_FAULT,TRAIN001,0.019535089211454335,-0.34826236807583527,0.10598534833754342,26.380774237788675,25.269375600432706,24.015456152696583,120.15527878422346,4.9657977395956205,0.23078346923952772,1.146024029885682,1.3863042477328742,ZONE_01,SUSPENSION_FAULT,REAR_BOGIE,2
4.8100000000000005,RUN_055_SUSPENSION_FAULT,TRAIN001,0.14437801971199385,-1.2223843271202584,-0.09899971164124566,26.562676641172878,25.176562442744533,24.02487606973681,120.52114512105862,5.0140460512722616,0.24860065965328726,1.2464951558782444,1.4336805866783198,ZONE_01,SUSPENSION_FAULT,REAR_BOGIE,2
4.82,RUN_055_SUSPENSION_FAULT,TRAIN001,-0.06859194503297625,-0.5239137090769342,0.6182193053088547,26.014114493519685,25.295243135443116,24.066014665018464,120.65579571237062,5.0105138225966455,0.23940122037842662,1.1995231238526123,0.9446359347951208,ZONE_01,SUSPENSION_FAULT,REAR_BOGIE,2
4.83,RUN_055_SUSPENSION_FAULT,TRAIN001,-0.011316554383164328,-0.3170181409990427,-0.03832870084717799,26.425601026255993,25.009547998413073,24.039033436008857,118.9262220605701,5.0289883458201174,0.22543349821827913,1.1337024352971858,1.576960476194665,ZONE_01,SUSPENSION_FAULT,REAR_BOGIE,2
4.84,RUN_055_SUSPENSION_FAULT,TRAIN001,0.12530962627136563,-0.5998159530761387,0.5695405793901852,26.329626791177116,25.149474982385893,24.034271935419117,120.41860084157202,5.041761155123979,0.22277652255603003,1.123186017696593,1.431853738295737,ZONE_01,SUSPENSION_FAULT,REAR_BOGIE,2
4.8500000000000005,RUN_055_SUSPENSION_FAULT,TRAIN001,-0.07792491047092204,-0.5998507666147319,0.4533258858211211,26.227193381284216,25.2069034349644,23.953990761169102,119.6581384912796,4.99836894906857,0.2710199133980145,1.3546575197078885,1.5072534271206228,ZONE_01,SUSPENSION_FAULT,REAR_BOGIE,2
4.86,RUN_055_SUSPENSION_FAULT,TRAIN001,-0.03384358053653041,0.13464941246680534,0.9765516201498694,26.246378635044636,25.25863903501232,24.08903667435191,120.15728631739609,4.981447680241857,0.236644084662038,1.1788301265826668,1.9842422864948017,ZONE_01,SUSPENSION_FAULT,REAR_BOGIE,2
4.87,RUN_055_SUSPENSION_FAULT,TRAIN001,-0.005319422449102898,-0.16004039475472567,0.7924322203664814,26.41216925347731,25.272020127062486,24.032893485034727,119.84660089485688,5.00526576641791,0.24579989469109836,1.230293798286482,1.8649224788990106,ZONE_01,SUSPENSION_FAULT,REAR_BOGIE,2
4.88,RUN_055_SUSPENSION_FAULT,TRAIN001,0.03209474133111272,0.48572967171070097,1.5342975793329205,26.28046333879642,25.232664568141818,23.99194113676397,120.9704421811165,5.006848661827762,0.21445447595858508,1.0737411059762156,2.4482237270379144,ZONE_01,SUSPENSION_FAULT,REAR_BOGIE,2
4.89,RUN_055_SUSPENSION_FAULT,TRAIN001,-0.1053347858188495,0.5850151820622934,1.6203481481264572,26.431704101991937,25.239094371295888,24.045934026226742,119.4488339001277,5.02315100262472,0.19632214630340536,0.9861557860413876,1.9345756140058203,ZONE_01,SUSPENSION_FAULT,REAR_BOGIE,2
4.9,RUN_055_SUSPENSION_FAULT,TRAIN001,0.1632971638408139,0.28282208715631246,1.8667961717884574,26.316538097143663,25.09986648731133,24.01366666628286,120.50009968655282,4.993386768573307,0.21842357115637356,1.0906733701567661,2.423589814444787,ZONE_01,SUSPENSION_FAULT,REAR_BOGIE,2
4.91,RUN_055_SUSPENSION_FAULT,TRAIN001,-0.03967540747738646,0.39910470732171077,2.370888034410489,26.353578233313076,25.111187402387934,23.973117778355316,120.0332000808513,4.965423676494374,0.2174983142294469,1.079971279072509,2.539492331748471,ZONE_01,SUSPENSION_FAULT,REAR_BOGIE,2
4.92,RUN_055_SUSPENSION_FAULT,TRAIN001,-0.25640113188795444,0.8841942353499974,2.285338302791452,26.58734312325597,25.123810952329666,23.972487403228136,119.85027272389743,5.001847809046797,0.20678676817344224,1.0343159433282,2.1564600223454513,ZONE_01,SUSPENSION_FAULT,REAR_BOGIE,2
4.93,RUN_055_SUSPENSION_FAULT,TRAIN001,-0.06878299213787227,1.043663189958874,2.116032229614843,26.19715051880162,25.3281560028301,24.0028031934401,120.67812742609175,4.997455481753951,0.20365652375575083,1.0177644110381308,2.46378435120569,ZONE_01,SUSPENSION_FAULT,REAR_BOGIE,2
4.94,RUN_055_SUSPENSION_FAULT,TRAIN001,-0.10951551834135782,1.0954134702699818,1.499058366090306,26.239332600896315,25.1236997372395,23.977870226205628,121.03208673156811,4.991743693810191,0.2519381146231814,1.2576104949006948,2.1992977586990805,ZONE_01,SUSPENSION_FAULT,REAR_BOGIE,2
4.95,RUN_055_SUSPENSION_FAULT,TRAIN001,-0.0724523728650075,0.6454051369234508,1.361540781789906,26.227437933796924,25.098863117736677,23.982113986700448,119.63870631398676,5.0179097894664535,0.25554697778477425,1.282311681494785,2.1878661564248234,ZONE_01,SUSPENSION_FAULT,REAR_BOGIE,2
4.96,RUN_055_SUSPENSION_FAULT,TRAIN001,-0.04392917710900998,0.3185431040748984,2.0600825200042054,26.304823498573004,25.040220912677658,23.99485788206704,119.96606811377323,4.988239154825876,0.2335658156055474,1.1650821466324321,1.9902643808712184,ZONE_01,SUSPENSION_FAULT,REAR_BOGIE,2
4.97,RUN_055_SUSPENSION_FAULT,TRAIN001,-0.03886232896323587,0.3750132100638437,1.7856319765913726,26.513209932048582,25.116625338325576,23.97181435722254,119.93154997400738,5.029876660720833,0.26954887852856757,1.355797613034317,2.1002457972370037,ZONE_01,SUSPENSION_FAULT,REAR_BOGIE,2
4.98,RUN_055_SUSPENSION_FAULT,TRAIN001,-0.07535207863967752,-0.2896285715870357,1.4791714716964532,26.320587757152943,25.212763569315666,23.934756370573798,119.70067163464248,4.961004774022149,0.23307397138401686,1.1562810847364093,1.9494901176543677,ZONE_01,SUSPENSION_FAULT,REAR_BOGIE,2
4.99,RUN_055_SUSPENSION_FAULT,TRAIN001,0.0797077519707737,0.37039664576174053,0.9468852647463137,26.325227346989937,25.14253643315516,24.006703308490195,120.90134795371863,5.018784147093593,0.2168992362172989,1.0885704482440883,1.6812811635348912,ZONE_01,SUSPENSION_FAULT,REAR_BOGIE,2
5.0,RUN_055_SUSPENSION_FAULT,TRAIN001,-0.01446206484555162,-0.4413318865727575,1.2036097166311601,26.412454605834164,25.070499699432347,24.052967393362998,119.09539794968238,4.987350370522297,0.24109209347158816,1.2024107417055214,1.8010674919163128,ZONE_01,SUSPENSION_FAULT,REAR_BOGIE,2
5.01,RUN_055_SUSPENSION_FAULT,TRAIN001,-0.2371443282286966,-0.25293004747388786,1.2422089296457792,26.359283960764394,25.145594621801997,24.069970246451607,119.7897623232522,5.017922970800165,0.2695748198874596,1.3527056810626008,1.8208185407629285,ZONE_01,SUSPENSION_FAULT,REAR_BOGIE,2
5.0200000000000005,RUN_055_SUSPENSION_FAULT,TRAIN001,0.09832262075217257,-0.5912397351749819,1.0853093822507083,26.515567559359276,25.029290800773452,24.0813039884581,119.63379550527453,4.976964605565275,0.20684553635539704,1.0294629132599764,1.4992837627776914,ZONE_01,SUSPENSION_FAULT,REAR_BOGIE,2
5.03,RUN_055_SUSPENSION_FAULT,TRAIN001,-0.15023492182926268,-0.2332606809400131,3.252174084230021,26.373789321785434,25.16233388194602,23.970188960133488,120.09135366012755,4.967024895419012,0.21559558159811332,1.07086862114017,1.7744484804944374,ZONE_01,SUSPENSION_FAULT,REAR_BOGIE,2
5.04,RUN_055_SUSPENSION_FAULT,TRAIN001,0.05292951668698347,-0.45378583470685907,0.245654362932141,26.35126631952632,25.344473732304692,23.950272571111782,120.43630545002739,5.00975946544446,0.27575504630841835,1.3814664533876742,1.4994189337164223,ZONE_01,SUSPENSION_FAULT,REAR_BOGIE,2
5.05,RUN_055_SUSPENSION_FAULT,TRAIN001,0.1163201013237589,-0.3716997563635303,0.17441443129376707,26.429237600434792,25.07373005486565,24.033896192026273,120.34323209768708,4.998845972975255,0.25987334475533114,1.2990668229137972,1.5002937469873323,ZONE_01,SUSPENSION_FAULT,REAR_BOGIE,2
5.0600000000000005,RUN_055_SUSPENSION_FAULT,TRAIN001,-0.05106763908981195,-0.6400234802968708,-0.24173761546538042,26.388420705183727,25.08898964569829,23.997562719487224,120.43217519325128,5.005670102056466,0.24820276591530824,1.242421164589978,1.515393252488974,ZONE_01,SUSPENSION_FAULT,REAR_BOGIE,2
5.07,RUN_055_SUSPENSION_FAULT,TRAIN001,0.027673743640285964,-0.5443849106695964,0.21044813040065086,26.618079755898417,25.16967245690082,23.963688927742307,121.3505846323453,5.004095804546496,0.2495113916304657,1.248578908044571,1.201112102979502,ZONE_01,SUSPENSION_FAULT,REAR_BOGIE,2
5.08,RUN_055_SUSPENSION_FAULT,TRAIN001,-0.0008000737189606509,-0.7891944999094757,-0.17656883254817135,26.581707628240032,25.274668820444386,23.983306166363086,119.78865327548442,5.01647920676019,0.2518613097698666,1.2634570234479228,1.3974798868992664,ZONE_01,SUSPENSION_FAULT,REAR_BOGIE,2
5.09,RUN_055_SUSPENSION_FAULT,TRAIN001,0.12680635066830037,-1.092994877886521,-0.08566761157292746,26.44166828997786,25.083043764679516,23.957386094328054,121.14186306412698,4.993058306516795,0.22076707027862172,1.1023028540600492,1.5638998557388022,ZONE_01,SUSPENSION_FAULT,REAR_BOGIE,2
5.1000000000000005,RUN_055_SUSPENSION_FAULT,TRAIN001,0.0010551109483293096,-0.2328777400166726,0.16958640594769758,26.37382221616686,25.516914586319974,23.924198010866636,119.94449727898386,5.014970061324433,0.237967128385529,1.1933980244327755,1.3298055310085972,ZONE_01,SUSPENSION_FAULT,REAR_BOGIE,2
5.11,RUN_055_SUSPENSION_FAULT,TRAIN001,0.0004590274520891581,-0.14431910885942495,0.9051852236512092,26.568232671326424,25.197803104445722,23.996096575610864,118.92852556152515,5.014611963954208,0.24241146736473737,1.2155994444469072,1.2064557167175047,ZONE_01,SUSPENSION_FAULT,REAR_BOGIE,2
5.12,RUN_055_SUSPENSION_FAULT,TRAIN001,0.07159609867234684,-0.03695990988225506,0.5431687195085474,26.432980056816195,25.228156975716647,24.012764025884497,119.24147146918823,5.003929994131843,0.2448882048414822,1.2254034334153956,1.8469860340913473,ZONE_01,SUSPENSION_FAULT,REAR_BOGIE,2
5.13,RUN_055_SUSPENSION_FAULT,TRAIN001,-0.16650682350519067,-0.025010269947899927,0.7701768366598076,26.581516289922405,25.120124350642957,24.05545037923129,120.0422075667546,4.990342595224625,0.233564752090296,1.165568131099284,1.5225540345821387,ZONE_01,SUSPENSION_FAULT,REAR_BOGIE,2
5.14,RUN_055_SUSPENSION_FAULT,TRAIN001,0.03955114612018317,-0.24722197940597584,1.1827508778009856,26.325991451850882,25.248893445409227,24.006822786888783,121.76481564973088,4.955531787167026,0.2332939889853029,1.1560957781716628,1.6243885692069862,ZONE_01,SUSPENSION_FAULT,REAR_BOGIE,2
5.15,RUN_055_SUSPENSION_FAULT,TRAIN001,0.06130088576706793,0.14943744839201772,0.3129412897274988,26.46438715545466,25.293745644751606,23.969993414116768,119.78426642549519,4.9918531630419025,0.23610664238654977,1.1786096896125018,1.7025437904939262,ZONE_01,SUSPENSION_FAULT,REAR_BOGIE,2
5.16,RUN_055_SUSPENSION_FAULT,TRAIN001,-0.0576465191461676,0.4578675333484202,1.2427355568363347,26.438451010535736,25.26418527446822,24.032163946052307,119.75537339616706,5.01678488224894,0.2329939773083934,1.1688806630158006,2.204380586227617,ZONE_01,SUSPENSION_FAULT,REAR_BOGIE,2
5.17,RUN_055_SUSPENSION_FAULT,TRAIN001,-0.05895778181769173,0.6778893684634772,1.6160718800376856,26.556743965862825,25.324833683771534,24.013418650222693,119.63524329796039,4.997856783025338,0.2483591095402154,1.2412632602416986,2.1638189514146458,ZONE_01,SUSPENSION_FAULT,REAR_BOGIE,2
5.18,RUN_055_SUSPENSION_FAULT,TRAIN001,0.03174349703412251,0.2897481779854384,1.8880678417827155,26.495072121798383,25.136980888659313,24.109071609266028,119.34153460325162,4.992669210173721,0.22232306344791408,1.1099855135878993,2.174704375079804,ZONE_01,SUSPENSION_FAULT,REAR_BOGIE,2
5.19,RUN_055_SUSPENSION_FAULT,TRAIN001,0.09392077136656951,0.3904314935706874,2.029348624271376,26.39586887371897,25.386958116656047,23.995415041736905,119.2059637564054,5.012564922517434,0.22923120243874107,1.1490362844909263,1.9867001342398898,ZONE_01,SUSPENSION_FAULT,REAR_BOGIE,2
5.2,RUN_055_SUSPENSION_FAULT,TRAIN001,0.16458601200601733,0.553250707142721,2.333792434045239,26.440669120136224,25.39599204266052,23.994428077830825,121.47590061255718,4.996720223560975,0.22687546866246586,1.1336332424956173,1.9579033600934022,ZONE_01,SUSPENSION_FAULT,REAR_BOGIE,2
5.21,RUN_055_SUSPENSION_FAULT,TRAIN001,-0.029023248579523597,0.8349109408183408,2.292010181835685,26.417218598744117,25.2864726587082,24.02608018068455,119.79938865181995,4.956204529609163,0.2333941101066831,1.1567489456948425,1.9898531234816137,ZONE_01,SUSPENSION_FAULT,REAR_BOGIE,2
5.22,RUN_055_SUSPENSION_FAULT,TRAIN001,-0.09175120405522744,0.365027829031002,1.834467641730343,26.539255135905673,25.27618447509452,23.893667752272897,120.7695259158561,4.97267337466192,0.2365572047790323,1.1763217137891413,1.7937241237542856,ZONE_01,SUSPENSION_FAULT,REAR_BOGIE,2
5.23,RUN_055_SUSPENSION_FAULT,TRAIN001,0.1419276728812061,0.9006387760296716,1.8403530250400466,26.49821688299327,25.246040473447028,23.968329337930395,120.38110701147207,4.9804217291513595,0.2295814987430735,1.1434126849511388,1.6956107443225719,ZONE_01,SUSPENSION_FAULT,REAR_BOGIE,2
5.24,RUN_055_SUSPENSION_FAULT,TRAIN001,-0.04146314118389476,0.529550431250441,1.8392254330512368,26.582912765592273,25.300523068328413,23.997442568625104,120.5105437343416,5.021409298091289,0.186253097865361,0.9352530374194306,2.166571251188648,ZONE_01,SUSPENSION_FAULT,REAR_BOGIE,2
5.25,RUN_055_SUSPENSION_FAULT,TRAIN001,0.08995785263219794,0.6720159266549741,1.6769904574356398,26.652756839813378,25.40309822850113,23.956045541864025,120.0167972386652,4.969478112651246,0.1991560199534722,0.989701482161515,1.9146091867477701,ZONE_01,SUSPENSION_FAULT,REAR_BOGIE,2
5.26,RUN_055_SUSPENSION_FAULT,TRAIN001,0.07372070193126619,0.6267397095386575,1.9023501223081003,26.73798750818691,25.326769848055587,23.93931200603981,120.80293044877443,5.032418703093562,0.22983849872327952,1.1566435596659776,1.8446910662057319,ZONE_01,SUSPENSION_FAULT,REAR_BOGIE,2
5.2700000000000005,RUN_055_SUSPENSION_FAULT,TRAIN001,0.16227720310159083,0.5774595242835256,2.258738151426341,26.38759514875316,25.327268511905988,23.9574796021954,121.92390657300996,5.0103787116121,0.23369577978323078,1.1709043600194888,1.635587586167231,ZONE_01,SUSPENSION_FAULT,REAR_BOGIE,2
5.28,RUN_055_SUSPENSION_FAULT,TRAIN001,0.05327908000155092,-0.37175429293839973,1.4384296493751985,26.57696014750711,25.25219805153172,23.94847656827242,119.1865611119278,5.001377038190503,0.2534104900191626,1.2674014060184435,1.8367407330872374,ZONE_01,SUSPENSION_FAULT,REAR_BOGIE,2
5.29,RUN_055_SUSPENSION_FAULT,TRAIN001,0.2157037890874829,-0.24178617014445078,0.5750859476183781,26.598984290732776,25.408190260193297,23.949016851318046,118.81431030865188,4.984586707750542,0.22261437032818138,1.1096406312921094,1.936729939942785,ZONE_01,SUSPENSION_FAULT,REAR_BOGIE,2
5.3,RUN_055_SUSPENSION_FAULT,TRAIN001,-0.03631697944057764,-0.09716528543174174,0.7294575638860109,26.647832881042543,25.27067597020777,23.98471667037895,118.17340228111773,5.022532814876913,0.22028851954390952,1.1064063181499397,1.7093412679267812,ZONE_01,SUSPENSION_FAULT,REAR_BOGIE,2
5.3100000000000005,RUN_055_SUSPENSION_FAULT,TRAIN001,-0.13224017831947374,-0.8491761530714467,0.48047650275795595,26.418639492928392,25.357347526453847,24.021152168374933,119.20080034649739,4.9959131823426155,0.23730378893778417,1.1855491273741257,1.8089117207036356,ZONE_01,SUSPENSION_FAULT,REAR_BOGIE,2
5.32,RUN_055_SUSPENSION_FAULT,TRAIN001,-0.08034915554688157,-0.430704234665218,0.2962590271146347,26.519219278397703,25.265042973686903,23.91349752921417,120.91484029700558,5.005952085174012,0.20697653654679266,1.0361146247085118,1.170507313538351,ZONE_01,SUSPENSION_FAULT,REAR_BOGIE,2
5.33,RUN_055_SUSPENSION_FAULT,TRAIN001,0.05917331449174878,-0.5533998445923658,2.9375884426053913,26.655087274287432,25.048100520236133,23.997741178181705,121.46748864345558,4.986109773089698,0.22690387583125537,1.1313676328341538,1.243155869685414,ZONE_01,SUSPENSION_FAULT,REAR_BOGIE,2
5.34,RUN_055_SUSPENSION_FAULT,TRAIN001,-0.08903709191791946,-1.4639354167089218,-0.15989155887368373,26.627250154061084,25.470934332974846,23.91465436037874,121.16817929654268,5.007534146660942,0.24315036856067804,1.2175837733407884,1.581458619638998,ZONE_01,SUSPENSION_FAULT,REAR_BOGIE,2
5.3500000000000005,RUN_055_SUSPENSION_FAULT,TRAIN001,0.0004524784629515053,-1.0945187741033302,-0.19254002800493877,26.52849683062597,25.293074215009245,23.935121177959413,119.54651501927229,5.003684765840211,0.2473927978114856,1.2378755735879179,1.2645241554033304,ZONE_01,SUSPENSION_FAULT,REAR_BOGIE,2
5.36,RUN_055_SUSPENSION_FAULT,TRAIN001,0.03809217713795613,-0.5778636995049944,-0.1293361735798239,26.570264751426105,25.264499281001438,23.920731733801432,120.79821391133515,4.985755379775533,0.23581175839161062,1.175699743015301,1.3145337562287736,ZONE_01,SUSPENSION_FAULT,REAR_BOGIE,2
5.37,RUN_055_SUSPENSION_FAULT,TRAIN001,0.0719474575682051,-0.5273868193680031,0.219742018679291,26.627366591540973,25.26160937206912,24.06713755225857,119.44344723569901,5.014335943004761,0.21284961427305538,1.0672994713040809,1.7429482695037497,ZONE_01,SUSPENSION_FAULT,REAR_BOGIE,2
5.38,RUN_055_SUSPENSION_FAULT,TRAIN001,0.07024955721328129,-0.33167735829429273,0.0386603262164078,26.535390444099914,25.321743710900773,23.961461984824414,120.80394491162501,5.011464577816147,0.25937049951086066,1.2998260708291585,1.4539690186020477,ZONE_01,SUSPENSION_FAULT,REAR_BOGIE,2
5.39,RUN_055_SUSPENSION_FAULT,TRAIN001,-0.06801983632049075,-0.918110296808728,0.019396556070976956,26.516797503732604,25.29978403847616,24.019584101464243,121.20040335071418,4.996227564276708,0.24884168387340455,1.2432696801093346,1.7234452077453768,ZONE_01,SUSPENSION_FAULT,REAR_BOGIE,2
5.4,RUN_055_SUSPENSION_FAULT,TRAIN001,0.028187627830714393,-0.016115085330591472,0.46739364668228756,26.611180659992115,25.434033034700256,23.983205632670884,118.98202859551442,4.986805612576565,0.22993903073734165,1.1466612490313906,1.6960598085553986,ZONE_01,SUSPENSION_FAULT,REAR_BOGIE,2
5.41,RUN_055_SUSPENSION_FAULT,TRAIN001,0.055427701326307824,-0.4023203887330827,0.6756866422950413,26.659954029626412,25.458151029796955,23.996552372997265,119.43781001128976,5.029613792748989,0.23856381732815762,1.1998838660845517,1.8268252095538664,ZONE_01,SUSPENSION_FAULT,REAR_BOGIE,2
5.42,RUN_055_SUSPENSION_FAULT,TRAIN001,0.04751178407296706,-0.068276229388039,0.5369555057891329,26.73959316671362,25.39682752355622,23.942838363788706,120.09054252978794,5.022213479223573,0.20834528202247382,1.0463544837059047,1.7729414508302825,ZONE_01,SUSPENSION_FAULT,REAR_BOGIE,2
5.43,RUN_055_SUSPENSION_FAULT,TRAIN001,0.04398495738465357,0.3050352005072154,0.8544977099915488,26.570332977289752,25.24585839534624,23.975830072772947,119.16020118236897,4.999867239544944,0.23006467955370144,1.1502928542769573,1.6475646523809457,ZONE_01,SUSPENSION_FAULT,REAR_BOGIE,2
5.44,RUN_055_SUSPENSION_FAULT,TRAIN001,-0.142424913840517,0.712254387135498,2.1453186838271776,26.759773049782574,25.33995085597032,24.02784709136277,118.13552485380828,5.006984818984727,0.19865473367263142,0.9946612357183197,1.984491020753051,ZONE_01,SUSPENSION_FAULT,REAR_BOGIE,2
5.45,RUN_055_SUSPENSION_FAULT,TRAIN001,0.0464402797763174,0.3883760584216577,1.1725852228289988,26.605301080606665,25.311903605317486,24.013169860801053,119.76613016827586,4.960073683587275,0.2222784323077087,1.1025174025185014,1.9910784816202514,ZONE_01,SUSPENSION_FAULT,REAR_BOGIE,2
5.46,RUN_055_SUSPENSION_FAULT,TRAIN001,0.10236460160591035,0.3206339126540897,2.226748095060916,26.55082159384113,25.211041015755256,23.951779789434354,119.94225793632171,4.952880352078431,0.22403751113849923,1.1096309870464254,2.2695344111208695,ZONE_01,SUSPENSION_FAULT,REAR_BOGIE,2
5.47,RUN_055_SUSPENSION_FAULT,TRAIN001,0.052898381017627796,0.9950922907543183,1.7339438006372807,26.66281306740697,25.508820144802257,24.035738251091008,119.32580831502365,4.9911649656563934,0.18913636962162367,0.9440108217868862,2.054477562767413,ZONE_01,SUSPENSION_FAULT,REAR_BOGIE,2
5.48,RUN_055_SUSPENSION_FAULT,TRAIN001,0.19136458044929286,0.11803345650188035,1.9955040602919196,26.49489835649272,25.392048938924408,24.07220362322812,120.74275735811703,4.980568734346191,0.2449401846876252,1.2199414256401677,2.778461533196135,ZONE_01,SUSPENSION_FAULT,REAR_BOGIE,2
5.49,RUN_055_SUSPENSION_FAULT,TRAIN001,0.062393019861000376,0.22263653747648632,2.3544866236971282,26.774381703213308,25.358483985394592,23.989457328123827,120.50681059348345,4.961125634100214,0.2462812776834241,1.2218323599141883,2.377745993282539,ZONE_01,SUSPENSION_FAULT,REAR_BOGIE,2
5.5,RUN_055_SUSPENSION_FAULT,TRAIN001,-0.0019692563337954743,0.7244971374203956,2.594012109160074,26.68939422880267,25.468329427090314,24.043592087015448,119.80283026031101,5.034551350456708,0.23581963993635935,1.1872460867058126,2.1251671053376566,ZONE_01,SUSPENSION_FAULT,REAR_BOGIE,2
5.51,RUN_055_SUSPENSION_FAULT,TRAIN001,-0.1690165087089863,0.6727510405552007,1.9704675694970255,26.597755267351825,25.355911447068113,23.918300626890673,119.71039156084946,5.029166891973148,0.2226407730533274,1.1196976046431015,2.520940853631537,ZONE_01,SUSPENSION_FAULT,REAR_BOGIE,2
5.5200000000000005,RUN_055_SUSPENSION_FAULT,TRAIN001,0.07934731639820557,0.8823061802289706,2.624221471778879,26.56056491165333,25.48318616652235,24.00483253923723,119.02345543859136,5.019023861309345,0.2219178369112445,1.1138109187076919,2.290350607200649,ZONE_01,SUSPENSION_FAULT,REAR_BOGIE,2
5.53,RUN_055_SUSPENSION_FAULT,TRAIN001,-0.1471961158668271,0.35129773195446956,2.2840901420728317,26.413372465845423,25.408168709215307,23.916816592603386,120.67804109551787,4.999414954573368,0.22713092829210615,1.1355217595496867,2.171339408770248,ZONE_01,SUSPENSION_FAULT,REAR_BOGIE,2
5.54,RUN_055_SUSPENSION_FAULT,TRAIN001,-0.12452589044610039,0.37474816869350225,1.391143991309459,26.548964343028754,25.330099889533386,24.005171972740165,119.32124356421899,4.9689049451781315,0.25115006247734584,1.2479407874254804,2.191850441313545,ZONE_01,SUSPENSION_FAULT,REAR_BOGIE,2
5.55,RUN_055_SUSPENSION_FAULT,TRAIN001,0.0703215580990446,-0.04144946204660027,0.9280762559410067,26.637125875370497,25.243250757267134,23.936418749210905,119.41844389007123,5.011913718467791,0.2189224573943371,1.0972204674953585,2.066509623466132,ZONE_01,SUSPENSION_FAULT,REAR_BOGIE,2
5.5600000000000005,RUN_055_SUSPENSION_FAULT,TRAIN001,0.08208022352788732,0.1124594374872391,1.9612360360884944,26.603176710581337,25.407640891862506,24.020303163994807,119.09440836269889,4.984103775951913,0.219338404721926,1.0932053711858203,1.997005702753631,ZONE_01,SUSPENSION_FAULT,REAR_BOGIE,2
5.57,RUN_055_SUSPENSION_FAULT,TRAIN001,-0.10538818000032533,-0.2478554403533713,1.196624941772985,26.607803152503134,25.30344592054137,23.95866802032916,119.28583768770135,5.01591753029427,0.20304125628961425,1.0184381967960479,1.5591360956413305,ZONE_01,SUSPENSION_FAULT,REAR_BOGIE,2
5.58,RUN_055_SUSPENSION_FAULT,TRAIN001,0.11553043919035491,-0.30614524322774583,1.551304676402519,26.59465533136808,25.28845191719115,24.076386976211673,121.18493154716607,4.993619847271093,0.20842949613321665,1.0408176686475443,1.7721599708195264,ZONE_01,SUSPENSION_FAULT,REAR_BOGIE,2
5.59,RUN_055_SUSPENSION_FAULT,TRAIN001,-0.10375068628846118,0.07236767930882637,0.4445891151512664,26.80977133524358,25.51075973045699,23.971615573513066,120.43944262060806,5.046181730648739,0.2172518743190954,1.0962924391382152,1.5286836940270938,ZONE_01,SUSPENSION_FAULT,REAR_BOGIE,2
5.6000000000000005,RUN_055_SUSPENSION_FAULT,TRAIN001,0.05362470815810394,-0.29503327977910243,0.18846400957819504,26.70679054410568,25.340372935058078,23.998629053219467,120.63213540948138,4.943525701657759,0.24927285371022118,1.232286759042053,2.1355207530099216,ZONE_01,SUSPENSION_FAULT,REAR_BOGIE,2
5.61,RUN_055_SUSPENSION_FAULT,TRAIN001,0.008708523649385803,-0.48600737951481443,0.7896909728103371,26.852275414427957,25.54602337766985,24.001644982377975,120.18718291443193,4.977047631314218,0.23565226430371602,1.1728525438666417,1.5628328615399587,ZONE_01,SUSPENSION_FAULT,REAR_BOGIE,2
5.62,RUN_055_SUSPENSION_FAULT,TRAIN001,0.06472991014767229,-1.003613518276846,0.020810236705524746,26.559615295057903,25.300949495852812,24.022825514253363,119.78922509355087,4.982514303797812,0.268094488722093,1.3357846248271896,1.6711353381431808,ZONE_01,SUSPENSION_FAULT,REAR_BOGIE,2
5.63,RUN_055_SUSPENSION_FAULT,TRAIN001,-0.053955004610372614,-0.566014165476612,-0.10784968523811755,26.632560379187797,25.33025279637813,23.978609428968475,119.81505130998609,4.975015850926685,0.21316486201267204,1.060498567373643,1.0788495006330383,ZONE_01,SUSPENSION_FAULT,REAR_BOGIE,2
5.64,RUN_055_SUSPENSION_FAULT,TRAIN001,0.09801072925402006,-0.6945131708760475,0.4205197616485892,26.71662880370581,25.334031952349918,24.00269760179717,121.53201077708822,5.012371056903968,0.23366741890147744,1.1712278074432205,1.2963585720065849,ZONE_01,SUSPENSION_FAULT,REAR_BOGIE,2
5.65,RUN_055_SUSPENSION_FAULT,TRAIN001,-0.028992758419814926,-0.738276395089376,-0.03478543142540602,26.724250172644744,25.328293439682046,23.99889176399089,120.33838552074116,4.996677030894656,0.24876623580120505,1.243004536490005,1.5270698027051788,ZONE_01,SUSPENSION_FAULT,REAR_BOGIE,2
5.66,RUN_055_SUSPENSION_FAULT,TRAIN001,0.11479474968164333,-0.5535401356678185,0.3387482070295929,26.73114941818178,25.454421959915987,24.036680644003265,119.45793812594114,4.9702141158774085,0.20695344095761176,1.0286029135769237,1.4577794225320326,ZONE_01,SUSPENSION_FAULT,REAR_BOGIE,2
5.67,RUN_055_SUSPENSION_FAULT,TRAIN001,0.25053616351899727,-0.3625786671494201,0.20301809009883326,26.63609858089738,25.363954363897882,23.989262967527445,119.8430271185892,4.990148688371513,0.20909857313273603,1.0434329704586776,1.350460174987618,ZONE_01,SUSPENSION_FAULT,REAR_BOGIE,2
5.68,RUN_055_SUSPENSION_FAULT,TRAIN001,-0.05431267619389605,-0.5635040653108989,0.8803360543542635,26.624733539471165,25.55873600949513,23.960835681185916,120.21076196111486,4.993291163750684,0.2135581821437674,1.0663581838451328,1.5760290002631243,ZONE_01,SUSPENSION_FAULT,REAR_BOGIE,2
5.69,RUN_055_SUSPENSION_FAULT,TRAIN001,0.03167467590134088,-0.4768750919089475,0.009538412777428729,26.69981096832561,25.182736967379903,24.03453126090861,118.86519553612065,4.9953661898140815,0.22256721763000947,1.1118047539099418,1.40236403557028,ZONE_01,SUSPENSION_FAULT,REAR_BOGIE,2
5.7,RUN_055_SUSPENSION_FAULT,TRAIN001,0.12163924960215898,-0.09630335808510754,0.480608230142506,26.651975342180805,25.288745441584922,23.924338856584946,119.50317513136964,4.99183164691844,0.23728555233954746,1.1844895295250748,1.6497977879758685,ZONE_01,SUSPENSION_FAULT,REAR_BOGIE,2
5.71,RUN_055_SUSPENSION_FAULT,TRAIN001,-0.0883023056978468,-0.2546119004940594,1.3900609609367707,26.80778436322509,25.491826392635907,23.9035361338843,120.22025851385642,4.961926419081111,0.23043189820810575,1.1433861235178093,1.8984972125183766,ZONE_01,SUSPENSION_FAULT,REAR_BOGIE,2
5.72,RUN_055_SUSPENSION_FAULT,TRAIN001,-0.11696024027678775,-0.08576341289023105,1.7061197857302361,26.76204064158917,25.485298058458135,24.024194717943303,120.49782511453701,4.977096578496779,0.23718893999871793,1.1805122617248969,2.146855592914439,ZONE_01,SUSPENSION_FAULT,REAR_BOGIE,2
5.73,RUN_055_SUSPENSION_FAULT,TRAIN001,0.13294584399502113,0.09484379765232534,1.2116616349923741,26.817137934930894,25.311550279565726,23.98409959528792,121.14921936514489,5.001065669896728,0.2473130457851467,1.2368287829936948,2.0743778710178202,ZONE_01,SUSPENSION_FAULT,REAR_BOGIE,2
5.74,RUN_055_SUSPENSION_FAULT,TRAIN001,-0.11744445101509571,-0.012311648393618313,2.048451423054606,26.710815672672258,25.297814117716197,23.96741108210067,119.37876102893667,4.97967861197528,0.18940142448580355,0.943158222589607,2.150310161825226,ZONE_01,SUSPENSION_FAULT,REAR_BOGIE,2
5.75,RUN_055_SUSPENSION_FAULT,TRAIN001,0.03723201727384933,0.3456921462965127,1.4411726691997249,26.69696564344506,25.420567110644885,23.98086221373316,120.91853569016826,5.014342545539733,0.23338287225641907,1.1702616657556266,2.1645124865945657,ZONE_01,SUSPENSION_FAULT,REAR_BOGIE,2
5.76,RUN_055_SUSPENSION_FAULT,TRAIN001,0.1550722792809223,0.7642178616211373,1.2663384216245681,26.69736943432095,25.486743154523886,24.002841047026156,119.64465759794092,4.980283670866516,0.25182576832777454,1.2541637619062298,2.166585191273369,ZONE_01,SUSPENSION_FAULT,REAR_BOGIE,2
5.7700000000000005,RUN_055_SUSPENSION_FAULT,TRAIN001,0.02186660529413558,0.5000068938639669,1.7302317920474901,26.564282446695675,25.56654539036826,23.926495432218356,118.34893481895216,5.004121935032524,0.20730417176858132,1.0373753531709078,2.285546761708472,ZONE_01,SUSPENSION_FAULT,REAR_BOGIE,2
5.78,RUN_055_SUSPENSION_FAULT,TRAIN001,-0.10715087579723553,0.8399842637317527,1.330124196631751,26.652451776679964,25.265687493895193,24.037162652989945,119.69680299170254,4.99806029211432,0.2386457070417887,1.192765632249111,2.504784513656521,ZONE_01,SUSPENSION_FAULT,REAR_BOGIE,2
5.79,RUN_055_SUSPENSION_FAULT,TRAIN001,-0.008485893242047291,0.9061660499888557,2.037429945408417,26.659448615990282,25.246596616589322,24.033742509368444,119.34678806674692,4.99515112715738,0.1787875759022744,0.8930709612899815,2.4998834887862795,ZONE_01,SUSPENSION_FAULT,REAR_BOGIE,2
5.8,RUN_055_SUSPENSION_FAULT,TRAIN001,-0.02097399875668568,1.0109286575280922,1.1050270061584304,26.759125514084555,25.28071807686932,23.935657844151187,121.57653507357354,4.976347321590269,0.2220416646196025,1.1049564430112038,2.3081816015568313,ZONE_01,SUSPENSION_FAULT,REAR_BOGIE,2
5.8100000000000005,RUN_055_SUSPENSION_FAULT,TRAIN001,-0.13081547469431226,0.5553591641041495,1.7752950003821355,26.79815176997974,25.365528005444574,24.12261755337446,119.08976412027877,4.998249045328083,0.19382414629237393,0.9687813541673888,2.2822652309919502,ZONE_01,SUSPENSION_FAULT,REAR_BOGIE,2
5.82,RUN_055_SUSPENSION_FAULT,TRAIN001,-0.14582616301509274,0.602527655779717,1.1134185758199964,26.692575081359426,25.179473953872467,23.914727326832967,121.11425208187359,4.978432848319093,0.22949231415225443,1.142512075212348,2.03327151507711,ZONE_01,SUSPENSION_FAULT,REAR_BOGIE,2
5.83,RUN_055_SUSPENSION_FAULT,TRAIN001,0.14428097002354132,-0.02065363310989854,1.495147383149366,26.504742095421314,25.538689183938246,23.968436930261774,120.88122146383319,5.006510340346571,0.18755123157513243,0.9389771802256348,2.2232209929566795,ZONE_01,SUSPENSION_FAULT,REAR_BOGIE,2
5.84,RUN_055_SUSPENSION_FAULT,TRAIN001,-0.019118159481478766,0.055635741661295646,1.3478651665626735,26.664253988117274,25.320380918093292,23.98021000258439,120.55577572107656,5.021017752847566,0.22962509090737573,1.1529516579451697,1.8790688627916081,ZONE_01,SUSPENSION_FAULT,REAR_BOGIE,2
5.8500000000000005,RUN_055_SUSPENSION_FAULT,TRAIN001,-0.054133011152233027,0.5340061830899926,3.341861216785532,26.70150615420428,25.405196689835,24.01286188159379,119.51943266669828,4.987285748153457,0.22927554324832716,1.1434626492425237,1.8922232609108196,ZONE_01,SUSPENSION_FAULT,REAR_BOGIE,2
5.86,RUN_055_SUSPENSION_FAULT,TRAIN001,-0.18191943451885886,0.24943932252683004,1.220573677162167,26.705644528813817,25.498804135178087,24.019376225763914,120.21812788305581,5.016391161289196,0.22811832342121321,1.1443307413382842,1.9575183647705452,ZONE_01,SUSPENSION_FAULT,REAR_BOGIE,2
5.87,RUN_055_SUSPENSION_FAULT,TRAIN001,0.02951086816407656,-0.21895073053728595,0.2728122348304852,26.75123001152372,25.34614531682823,23.963010117379408,119.5977462530496,4.996547624086207,0.23132573233795048,1.1558300383031883,1.7380706279882134,ZONE_01,SUSPENSION_FAULT,REAR_BOGIE,2
5.88,RUN_055_SUSPENSION_FAULT,TRAIN001,0.07989864640864437,-0.3631806259960226,0.41449927661168395,26.824473495014104,25.4346257776262,23.994379147811664,120.13478799082375,5.037572699586989,0.23791976797979614,1.1985381278670917,1.2317664655947242,ZONE_01,SUSPENSION_FAULT,REAR_BOGIE,2
5.89,RUN_055_SUSPENSION_FAULT,TRAIN001,-0.17409675184727808,-0.7134605236129794,0.3019758088101547,26.734931139566992,25.476675624736224,23.970287791489014,120.25823550179395,5.009064855169534,0.24432800947470038,1.2238548453932505,1.7111227104733602,ZONE_01,SUSPENSION_FAULT,REAR_BOGIE,2
5.9,RUN_055_SUSPENSION_FAULT,TRAIN001,-0.026875645009253848,-0.4075704719222548,0.6155817510829117,27.055631478784928,25.303438941842163,23.988345798286737,120.35076550059374,4.98025490802052,0.24301664070352935,1.2102848175944112,1.6396877267275507,ZONE_01,SUSPENSION_FAULT,REAR_BOGIE,2
5.91,RUN_055_SUSPENSION_FAULT,TRAIN001,-0.06058339574026587,-0.5928376895195931,0.10282542517232673,26.625213878764963,25.361578888455714,24.03813545119622,120.22658059464003,4.995703555233855,0.24294760181619246,1.2136941981286917,1.6416279545338286,ZONE_01,SUSPENSION_FAULT,REAR_BOGIE,2
5.92,RUN_055_SUSPENSION_FAULT,TRAIN001,0.01606243307592506,-0.26403200398921545,-0.14380576159755287,26.91129925308428,25.246714077201442,24.111587951056247,120.68200812332734,4.981398504075628,0.21584462487607414,1.0752080914704407,1.2330612886228876,ZONE_01,SUSPENSION_FAULT,REAR_BOGIE,2
5.93,RUN_055_SUSPENSION_FAULT,TRAIN001,0.004024486968997325,-0.5443667054919388,0.0973013345278018,26.728025343291232,25.49545917049327,23.960422929067448,119.72637235662299,5.03128460643419,0.23821402760439345,1.198522570122674,1.488556155077188,ZONE_01,SUSPENSION_FAULT,REAR_BOGIE,2
5.94,RUN_055_SUSPENSION_FAULT,TRAIN001,-0.07946406232594266,-0.5050145777311221,0.4449822661057739,26.821372166225352,25.522025919021996,23.95047395062801,120.15884038866378,5.001648942323685,0.22355874537187068,1.118162362336427,1.3098404744445795,ZONE_01,SUSPENSION_FAULT,REAR_BOGIE,2
5.95,RUN_055_SUSPENSION_FAULT,TRAIN001,0.07221153486236728,-0.7040148167188736,0.09278837752057482,26.834889431149062,25.450486957784413,24.001991475290087,117.42012142002007,4.999318153575598,0.23045700266788477,1.1521278770561765,1.2145458745997342,ZONE_01,SUSPENSION_FAULT,REAR_BOGIE,2
5.96,RUN_055_SUSPENSION_FAULT,TRAIN001,-0.012689379313201857,-0.546616223017243,0.7542902073407868,26.808806208347235,25.379330923413928,23.969050002184925,120.64663495899904,4.969412059846762,0.22783538629022076,1.1322079162904688,1.8088160224982508,ZONE_01,SUSPENSION_FAULT,REAR_BOGIE,2
5.97,RUN_055_SUSPENSION_FAULT,TRAIN001,-0.033993678268731196,-0.44649260727067996,0.7295568874334076,26.853067097007294,25.479824886781067,24.046850242562083,120.66422783191152,5.01905955830029,0.22257096829576048,1.1170969458249875,1.7586402884275019,ZONE_01,SUSPENSION_FAULT,REAR_BOGIE,2
5.98,RUN_055_SUSPENSION_FAULT,TRAIN001,-0.05048705681306325,-0.6234710449654841,0.33746318114030915,26.826602541449176,25.508505141340276,24.026023675140358,119.8070067094003,5.036818964256152,0.2149849918220223,1.0828404838396155,1.8709086539031734,ZONE_01,SUSPENSION_FAULT,REAR_BOGIE,2
5.99,RUN_055_SUSPENSION_FAULT,TRAIN001,-0.13912484127928673,-0.6077642867720491,0.8448759687453179,26.845695998465533,25.251571491510532,24.0093238395345,120.24041596061535,4.994544199975875,0.24395720482558367,1.2184550424039455,1.7040649709684195,ZONE_01,SUSPENSION_FAULT,REAR_BOGIE,2
6.0,RUN_055_SUSPENSION_FAULT,TRAIN001,0.03478874127440251,0.39057380154741594,1.5151967002153133,26.83710398669867,25.301518647910665,24.0188196024807,119.62578192438002,5.021115547135183,0.2288905205140935,1.1492857511451795,1.71344775457197,ZONE_01,SUSPENSION_FAULT,REAR_BOGIE,2
6.01,RUN_055_SUSPENSION_FAULT,TRAIN001,0.10588664959900072,0.33195325031160267,1.573378362945562,26.709434208221463,25.436379650270755,23.9882223728872,119.72897596229222,4.996879692461554,0.22685272533728484,1.133555776417437,1.8327160121418595,ZONE_01,SUSPENSION_FAULT,REAR_BOGIE,2
6.0200000000000005,RUN_055_SUSPENSION_FAULT,TRAIN001,0.032743412827538364,0.39246643945744386,1.5438016693166778,26.758588637314062,25.495840088569988,23.954369312052894,121.4587010943525,5.0162365149331185,0.23788035957849096,1.1932641459030466,1.982356482691393,ZONE_01,SUSPENSION_FAULT,REAR_BOGIE,2
6.03,RUN_055_SUSPENSION_FAULT,TRAIN001,-0.06799397552259766,0.46940776178821203,2.242417024167346,26.796737723427796,25.418674236210066,23.941008681870173,119.41297383688533,5.018691226711543,0.23915544365663727,1.2002473268998723,2.0139490269548594,ZONE_01,SUSPENSION_FAULT,REAR_BOGIE,2
6.04,RUN_055_SUSPENSION_FAULT,TRAIN001,-0.00018446743971083015,0.5789809689184766,1.2945106871247314,26.803808080469693,25.446128934212382,23.97248061684214,119.5856892463009,4.988737358408995,0.23335990062904005,1.164171254222703,2.2298887365596363,ZONE_01,SUSPENSION_FAULT,REAR_BOGIE,2
6.05,RUN_055_SUSPENSION_FAULT,TRAIN001,0.11470978962504617,0.5506805093632944,1.7771191803083795,26.934738202573936,25.457945174908954,23.9636525740212,120.0202293505002,4.9606994925738075,0.22102932199311928,1.0964600454551996,2.4029383538681164,ZONE_01,SUSPENSION_FAULT,REAR_BOGIE,2
6.0600000000000005,RUN_055_SUSPENSION_FAULT,TRAIN001,0.09960353979142927,0.8256006328611653,2.1897557483943197,26.675344213500267,25.451909059773723,23.976266790185903,120.76205821962435,4.989022722971524,0.23391409656691306,1.1670027429956846,2.250479603599951,ZONE_01,SUSPENSION_FAULT,REAR_BOGIE,2
6.07,RUN_055_SUSPENSION_FAULT,TRAIN001,-0.03182373207181378,0.7613613866100619,2.52951218178449,26.738466451351094,25.37785425886217,23.99701024840263,120.67002957445996,5.050593592784273,0.23120797271919594,1.167737505616212,2.3485372017833326,ZONE_01,SUSPENSION_FAULT,REAR_BOGIE,2
6.08,RUN_055_SUSPENSION_FAULT,TRAIN001,0.15607650248943972,0.9413401207588171,1.8529111429555036,26.913267303047913,25.374316145949344,24.00054142248848,118.07849582822624,5.0065336830303755,0.23372728645184973,1.1701635322644748,2.018490021716942,ZONE_01,SUSPENSION_FAULT,REAR_BOGIE,2
6.09,RUN_055_SUSPENSION_FAULT,TRAIN001,-0.12304778943224098,0.6564889658636799,2.2440515133971912,26.940227573624007,25.45052746551552,23.971232150609527,119.78315409596179,5.030705403803748,0.23331812343239489,1.173754744356699,2.2889164536272992,ZONE_01,SUSPENSION_FAULT,REAR_BOGIE,2
6.1000000000000005,RUN_055_SUSPENSION_FAULT,TRAIN001,-0.07287055699170299,0.6615561476140338,1.9425050987421575,26.727406924294645,25.58295413585366,23.984939425608967,119.3286172938949,4.989082155284981,0.21776028645488102,1.0864239592817926,2.071537398994565,ZONE_01,SUSPENSION_FAULT,REAR_BOGIE,2
6.11,RUN_055_SUSPENSION_FAULT,TRAIN001,-0.10550867458554297,0.7321382162016353,1.9620453501941444,26.696384082888088,25.48533029581062,24.035664095141186,120.1191452350667,4.984825419861929,0.25871072981815824,1.2896278223885866,2.312456494401019,ZONE_01,SUSPENSION_FAULT,REAR_BOGIE,2
6.12,RUN_055_SUSPENSION_FAULT,TRAIN001,0.07887572475847245,0.7009867296481493,1.455631565195875,26.873663317169584,25.431658142721144,24.031966748220917,119.82629574976538,4.985911409075138,0.24678467065322804,1.2304465049947801,2.3044450038568485,ZONE_01,SUSPENSION_FAULT,REAR_BOGIE,2
6.13,RUN_055_SUSPENSION_FAULT,TRAIN001,-0.09712935882385483,0.17412303808668494,1.1634460026466402,26.89022408700405,25.489941880379956,23.905628878257737,119.64317332154559,4.9733310531445465,0.254231214656763,1.2643759945311366,1.7472127440459246,ZONE_01,SUSPENSION_FAULT,REAR_BOGIE,2
6.140000000000001,RUN_055_SUSPENSION_FAULT,TRAIN001,0.1338608163685819,0.5376587741520068,1.3092342212944788,26.65979118081011,25.25818444535184,24.13075259971288,122.39403769048346,4.984079673705078,0.20812029285061784,1.0372881212823126,1.7068909507276806,ZONE_01,SUSPENSION_FAULT,REAR_BOGIE,2
6.15,RUN_055_SUSPENSION_FAULT,TRAIN001,-0.25564344844853515,-0.2725964075161159,1.5523568608491427,26.82772374242958,25.50619707721935,24.00153134107975,119.03734305351021,5.009192736358934,0.22410428976941743,1.1225815804998436,1.3980374366261525,ZONE_01,SUSPENSION_FAULT,REAR_BOGIE,2
6.16,RUN_055_SUSPENSION_FAULT,TRAIN001,-0.060546565995185535,-0.11023866752882899,0.4751098767087556,26.861462389034315,25.528584600831167,24.067375621648473,119.50652020962897,5.0258556908045255,0.20293886328947341,1.0199414409488017,1.7744802988970398,ZONE_01,SUSPENSION_FAULT,REAR_BOGIE,2
6.17,RUN_055_SUSPENSION_FAULT,TRAIN001,-0.019792237656160613,-0.34972855372463274,0.6791995016336276,26.902717365343392,25.422441891614138,24.008323953696948,119.99113443359046,4.996162082409776,0.24597816583208168,1.2289467852309504,1.7396584208940153,ZONE_01,SUSPENSION_FAULT,REAR_BOGIE,2
6.18,RUN_055_SUSPENSION_FAULT,TRAIN001,-0.06722433025943021,-0.5097303222356963,1.1582478517895831,26.734295651477254,25.420806125165427,24.02884968741185,119.59376421874758,4.985035339304994,0.2125354920859667,1.0594969389051208,1.703205717405612,ZONE_01,SUSPENSION_FAULT,REAR_BOGIE,2
6.19,RUN_055_SUSPENSION_FAULT,TRAIN001,0.07321960932845416,-0.09310620199030706,-0.24623175340149306,26.983412802212847,25.35467657042545,23.981995880321097,121.95780879238247,4.984552679326638,0.22713234810080182,1.1321531542876024,1.3501719967274686,ZONE_01,SUSPENSION_FAULT,REAR_BOGIE,2
6.2,RUN_055_SUSPENSION_FAULT,TRAIN001,-0.042825865084817116,-0.8252142394342257,0.04403820689132459,26.951511682625355,25.380644224472952,24.0514821183357,120.37744839193927,5.005832445066506,0.2462504078114521,1.2326882810334256,1.2974175961395027,ZONE_01,SUSPENSION_FAULT,REAR_BOGIE,2
6.21,RUN_055_SUSPENSION_FAULT,TRAIN001,-0.013076871169981887,-0.795570083614544,1.0800421920880872,26.754211593676068,25.559055785950605,24.091819903263637,120.84628657141276,5.028576551786426,0.21649613360863423,1.0886673810167993,1.4342873256100204,ZONE_01,SUSPENSION_FAULT,REAR_BOGIE,2
6.22,RUN_055_SUSPENSION_FAULT,TRAIN001,-0.20682633961347646,-1.3915740032472033,0.18715164522148428,26.898401688291862,25.354496430463193,23.95384878211186,120.37884438789817,4.992869679505385,0.21783353778370637,1.0876144659796583,1.2609876747211508,ZONE_01,SUSPENSION_FAULT,REAR_BOGIE,2
6.23,RUN_055_SUSPENSION_FAULT,TRAIN001,-0.0032633883888538435,-0.24486286704263432,0.4962404768823151,27.027762194361394,25.442988946288477,24.022971491010203,120.78383173718566,4.9924389410725665,0.19573462103061362,0.9771931441493168,1.5996510418835004,ZONE_01,SUSPENSION_FAULT,REAR_BOGIE,2
6.24,RUN_055_SUSPENSION_FAULT,TRAIN001,0.12678161491071585,-0.8876729740618658,0.5514967881425406,26.8205020023513,25.18518881732605,23.98252212286438,120.92805447855092,5.023021374692353,0.22467898582110996,1.1285673482236354,1.4176435736473285,ZONE_01,SUSPENSION_FAULT,REAR_BOGIE,2
6.25,RUN_055_SUSPENSION_FAULT,TRAIN001,-0.03542391291951864,-0.14360328359628433,0.8250148248106065,26.996660299738092,25.373305155668525,23.979818086884077,119.83047534107675,4.977760628448635,0.20336825067183087,1.0123184712707125,1.4114544756763616,ZONE_01,SUSPENSION_FAULT,REAR_BOGIE,2
6.26,RUN_055_SUSPENSION_FAULT,TRAIN001,0.05584466030630968,-0.4532731638100003,0.14271094024935788,26.75031811758412,25.62377919444482,23.92176010559261,120.04368210388357,5.041787343808654,0.2648890325119479,1.335514171632458,1.3751925210470308,ZONE_01,SUSPENSION_FAULT,REAR_BOGIE,2
6.2700000000000005,RUN_055_SUSPENSION_FAULT,TRAIN001,-0.09031857197603431,-0.009114883755911019,0.6958286126456755,26.79886492749463,25.44105634991092,24.025997248537937,121.27335573473283,5.0111678909609285,0.21977683990146862,1.1013386432911,1.397735504491298,ZONE_01,SUSPENSION_FAULT,REAR_BOGIE,2
6.28,RUN_055_SUSPENSION_FAULT,TRAIN001,-0.1162777141550271,0.008198924844126404,1.3891588285014524,26.826995129204374,25.520750687494843,24.026592429169337,120.08680476079066,5.004147410651785,0.21453534939394553,1.0735665131629886,1.6410888110116806,ZONE_01,SUSPENSION_FAULT,REAR_BOGIE,2
6.29,RUN_055_SUSPENSION_FAULT,TRAIN001,0.011443651731084544,0.3619713680717034,0.3396896627111309,26.956150967430098,25.40900251039003,23.987884986975267,121.37775876712168,5.036473311044733,0.2520879560597079,1.2696342627305364,1.7442017550772302,ZONE_01,SUSPENSION_FAULT,REAR_BOGIE,2
6.3,RUN_055_SUSPENSION_FAULT,TRAIN001,0.053142617561449626,0.015167453362116973,1.941164308072818,26.989460868445526,25.46211264097953,23.966018538460606,119.49776146504813,5.010792920762415,0.22864768231662672,1.1457061879008867,1.907155652004547,ZONE_01,SUSPENSION_FAULT,REAR_BOGIE,2
6.3100000000000005,RUN_055_SUSPENSION_FAULT,TRAIN001,0.04015651306433332,0.6249036070394393,1.7267167839369222,27.04760335743838,25.518777065898373,24.011855789533396,120.94394006018817,4.967959194537506,0.2617157333976481,1.3001930840879723,2.077374042936935,ZONE_01,SUSPENSION_FAULT,REAR_BOGIE,2
6.32,RUN_055_SUSPENSION_FAULT,TRAIN001,0.028278594265139723,0.0025105670395373925,1.7792442078998836,26.976599150404223,25.396441740132232,24.018277240497778,120.09997436577264,5.005987974635628,0.24701670849650312,1.236562672267569,1.8402856899248399,ZONE_01,SUSPENSION_FAULT,REAR_BOGIE,2
6.33,RUN_055_SUSPENSION_FAULT,TRAIN001,-0.062358970466827736,0.26388413413743006,1.951311673639423,27.026344777611463,25.462943313678466,23.878687000032503,120.53497373393684,4.9899510554886275,0.2845180917809042,1.419731352387733,2.4320910583414617,ZONE_01,SUSPENSION_FAULT,REAR_BOGIE,2
6.34,RUN_055_SUSPENSION_FAULT,TRAIN001,0.10644740249076895,0.07282556319278577,1.6211389120795765,26.892910424562366,25.64046202673029,23.978191237537303,120.84260676757086,5.0070137417212335,0.2397953969740403,1.200658847850518,2.188911652674652,ZONE_01,SUSPENSION_FAULT,REAR_BOGIE,2
6.3500000000000005,RUN_055_SUSPENSION_FAULT,TRAIN001,-0.07782481055937873,1.0045196426649752,2.351722059955866,26.87217818072303,25.568975177732764,23.995514324447885,120.16443823151751,5.026035415392043,0.24389812702570562,1.2258406241789837,2.5128967995499956,ZONE_01,SUSPENSION_FAULT,REAR_BOGIE,2
6.36,RUN_055_SUSPENSION_FAULT,TRAIN001,0.07660676383334394,1.430321153218956,1.870340818768798,26.8870868955857,25.536335682636633,23.921578297180563,119.89446621572802,4.982459680710759,0.2161321450503491,1.076869698418894,1.971283322649176,ZONE_01,SUSPENSION_FAULT,REAR_BOGIE,2
6.37,RUN_055_SUSPENSION_FAULT,TRAIN001,-0.12518446859001403,0.7195559929949018,2.0823492022135555,26.97815951107384,25.30906321035187,24.148939302606724,120.93480624068134,5.010954622651027,0.21852886768934138,1.0950382397305998,2.35166204459808,ZONE_01,SUSPENSION_FAULT,REAR_BOGIE,2
6.38,RUN_055_SUSPENSION_FAULT,TRAIN001,-0.04016596129666065,0.25320498051265555,2.350684478757354,27.021344380758094,25.3939787508899,24.061525650159066,118.57116567103076,4.980727346811088,0.23693080689242677,1.180087749191127,2.1049758899585016,ZONE_01,SUSPENSION_FAULT,REAR_BOGIE,2
6.390000000000001,RUN_055_SUSPENSION_FAULT,TRAIN001,0.04509799425625955,0.3603751239069669,1.0854235151029292,26.837552986050273,25.58516748142499,24.046860991411844,119.90408802042201,5.04633244726936,0.20414279978830588,1.0301724344481407,2.5315241780901676,ZONE_01,SUSPENSION_FAULT,REAR_BOGIE,2
6.4,RUN_055_SUSPENSION_FAULT,TRAIN001,0.04758941902259443,0.2737700027685348,1.1813176800531386,26.981653025764892,25.34705642562123,23.99780871930538,119.9730792027046,5.0170203669616,0.2350774379663226,1.1793882940901927,2.029032944936887,ZONE_01,SUSPENSION_FAULT,REAR_BOGIE,2
6.41,RUN_055_SUSPENSION_FAULT,TRAIN001,0.144953649297906,0.12920794104209443,1.3985956545263398,26.863979194973883,25.52366721464247,23.985912160531445,119.76231841788356,4.996981027144883,0.2334648673503697,1.166619512654694,1.8232466806733347,ZONE_01,SUSPENSION_FAULT,REAR_BOGIE,2
6.42,RUN_055_SUSPENSION_FAULT,TRAIN001,0.10247367964702672,0.24693324076609335,1.7550650934758858,26.85828580537167,25.4686400104844,23.95912868743809,119.68527040812933,5.007100665365289,0.2144828093048497,1.0739370171797293,1.8050510618969464,ZONE_01,SUSPENSION_FAULT,REAR_BOGIE,2
6.43,RUN_055_SUSPENSION_FAULT,TRAIN001,-0.018284023287096787,0.3381232963027115,0.8060275530323778,27.045508003406443,25.527609920747423,24.084423760027054,120.85318871959046,5.033001907546793,0.23820295792192495,1.1988759416043366,1.4949432575874182,ZONE_01,SUSPENSION_FAULT,REAR_BOGIE,2
6.44,RUN_055_SUSPENSION_FAULT,TRAIN001,0.04398391984665669,-0.9504742358994334,0.40422215943569034,26.84070805215335,25.396237640933126,24.023315331328885,119.31404119500301,4.996974653404468,0.21341537987375994,1.0664312438758645,1.534167704602047,ZONE_01,SUSPENSION_FAULT,REAR_BOGIE,2
6.45,RUN_055_SUSPENSION_FAULT,TRAIN001,0.0832176916803013,-0.6711931822219025,1.0174599722533064,27.082122690007036,25.565342721779327,23.952822402083232,119.62849173341732,5.005558224127208,0.20920983819523467,1.0472120261464795,1.900501489605697,ZONE_01,SUSPENSION_FAULT,REAR_BOGIE,2
6.46,RUN_055_SUSPENSION_FAULT,TRAIN001,-0.036364484810331214,-0.7187907002272322,0.5648696802735861,27.04125766425561,25.593901929156438,24.004832018681512,121.98735427453659,5.048556251933336,0.21119102690010602,1.0662097792087517,1.0329449948148817,ZONE_01,SUSPENSION_FAULT,REAR_BOGIE,2
6.47,RUN_055_SUSPENSION_FAULT,TRAIN001,-0.02462779267427865,-0.39019335238593683,2.0504976927665517,26.93660668155157,25.607435899436116,24.03543107847883,120.39118408131097,4.9917525929928175,0.23877712547437818,1.1919163352340987,1.1793766768173717,ZONE_01,SUSPENSION_FAULT,REAR_BOGIE,2
6.48,RUN_055_SUSPENSION_FAULT,TRAIN001,-0.055045338888194434,-0.9226799222977259,-0.36826556123946474,27.119488284943245,25.358363847038284,23.98039034335901,120.16365353307683,5.003865779174383,0.22771783820498678,1.1394694979015023,1.1899456173127945,ZONE_01,SUSPENSION_FAULT,REAR_BOGIE,2
6.49,RUN_055_SUSPENSION_FAULT,TRAIN001,0.12491166756403337,-0.59440469021173,-0.07276148384482656,26.88543775844651,25.628526321645506,24.03305067291733,119.82931539121829,4.978715134990096,0.26336667762460947,1.3112276639417006,1.2597822504650853,ZONE_01,SUSPENSION_FAULT,REAR_BOGIE,2
6.5,RUN_055_SUSPENSION_FAULT,TRAIN001,0.0915091576808853,-0.6649604666510537,0.1603410687946487,27.070534060964288,25.316497801650407,24.02210654349314,119.48018031892526,5.025596452236572,0.22236850724314983,1.1175343810903162,1.258493362888563,ZONE_01,SUSPENSION_FAULT,REAR_BOGIE,2
6.51,RUN_055_SUSPENSION_FAULT,TRAIN001,0.01618665553155885,-0.5925900398635642,-0.3359897827183618,26.9038952900022,25.537739877755694,23.935702276499672,119.35262926390232,4.969225188774442,0.20762861675576108,1.031753352293123,1.4943412204027495,ZONE_01,SUSPENSION_FAULT,REAR_BOGIE,2
6.5200000000000005,RUN_055_SUSPENSION_FAULT,TRAIN001,-0.15916882937719912,-0.6886341181526718,3.557452367727872,27.039076925277616,25.557024997026936,23.970564038109174,119.58157806623915,4.938754418991162,0.24576532939359869,1.213774606577454,1.3279219974003749,ZONE_01,SUSPENSION_FAULT,REAR_BOGIE,2
6.53,RUN_055_SUSPENSION_FAULT,TRAIN001,0.03443192920486756,-0.8722973995503873,0.2566277805213851,26.839065432349955,25.4000896004364,24.06007636188391,118.29297389733867,4.95770094584462,0.2736803709881055,1.3568254341068373,1.306696299061009,ZONE_01,SUSPENSION_FAULT,REAR_BOGIE,2
6.54,RUN_055_SUSPENSION_FAULT,TRAIN001,-0.027012972080742683,-0.8864074560733156,0.6252726573124945,27.27184369866426,25.46680250795863,24.039676200763303,121.15978782241014,5.033907832301811,0.20424924060509567,1.0281718520236882,1.6565848493219617,ZONE_01,SUSPENSION_FAULT,REAR_BOGIE,2
6.55,RUN_055_SUSPENSION_FAULT,TRAIN001,-0.1323913016052833,-0.2760656511451292,1.0021764489857343,26.92979658635078,25.457995277895566,24.07128924884238,120.22956937347594,4.974469263731984,0.25966108968007756,1.2916761096007001,1.7575316734206228,ZONE_01,SUSPENSION_FAULT,REAR_BOGIE,2
6.5600000000000005,RUN_055_SUSPENSION_FAULT,TRAIN001,-0.018633992552697733,0.20780842386908394,0.46398835921387793,26.8465100048133,25.575937865185328,24.04180920519477,118.51341948593644,4.987473063271809,0.22780228465014732,1.1361577584443867,1.697017392690201,ZONE_01,SUSPENSION_FAULT,REAR_BOGIE,2
6.57,RUN_055_SUSPENSION_FAULT,TRAIN001,-0.08639120299459574,0.07681794645511937,0.5716112633377242,26.90483517383528,25.476137807894457,23.927331998812733,119.50178534673448,5.028124803117548,0.24548385852288437,1.2343234778039138,1.8512332736173476,ZONE_01,SUSPENSION_FAULT,REAR_BOGIE,2
6.58,RUN_055_SUSPENSION_FAULT,TRAIN001,-0.14864487226220235,0.1378384798523886,2.0029593035988142,27.09437431289157,25.490100670436192,23.96359004719689,119.57625828913694,5.033701219755493,0.20429276470931218,1.0283487389044865,2.257968638006119,ZONE_01,SUSPENSION_FAULT,REAR_BOGIE,2
6.59,RUN_055_SUSPENSION_FAULT,TRAIN001,-0.13659549477096464,0.37153855265714436,0.5771464115171179,27.147669671073015,25.701799543872124,24.077968545745833,119.6137195603727,5.0043790842389235,0.2200219151149673,1.1010730700755342,2.182818226541694,ZONE_01,SUSPENSION_FAULT,REAR_BOGIE,2
6.6000000000000005,RUN_055_SUSPENSION_FAULT,TRAIN001,-0.006906093665770168,0.06148322921717825,1.4245234677669945,27.17704193595537,25.58186950063882,23.996679913315596,118.91009500133522,4.99836837403482,0.25295745977963496,1.2643745669387125,2.1259986147403396,ZONE_01,SUSPENSION_FAULT,REAR_BOGIE,2
6.61,RUN_055_SUSPENSION_FAULT,TRAIN001,0.03030350479740014,-0.07152512031761848,1.3782008049288104,26.99955704599926,25.565323118049374,24.02117609481011,121.05639626252977,4.9982764545956115,0.20792095289921508,1.0392464032932298,2.046261525297218,ZONE_01,SUSPENSION_FAULT,REAR_BOGIE,2
6.62,RUN_055_SUSPENSION_FAULT,TRAIN001,-0.019796447568743568,0.8822834006758082,2.3023749180721227,27.30673351225081,25.407041809479363,24.01140331149645,120.2744541840608,5.0360172362781235,0.19204985604486863,0.9671663852666907,2.1393426787127106,ZONE_01,SUSPENSION_FAULT,REAR_BOGIE,2
6.63,RUN_055_SUSPENSION_FAULT,TRAIN001,-0.14303173452042325,0.3405071285066264,1.7274747128500045,26.94447521193612,25.29076394221596,23.985135595901845,119.24187001341905,4.9888430829622825,0.20995889369969142,1.0474519745401187,2.360525744789228,ZONE_01,SUSPENSION_FAULT,REAR_BOGIE,2
6.640000000000001,RUN_055_SUSPENSION_FAULT,TRAIN001,-0.03689826941772906,0.4916980905559546,2.1296209733020013,27.109057640817106,25.62158368793495,23.996245127534284,120.32843033188333,4.990675909487571,0.20328841155725372,1.0145465782367808,2.2595709363121403,ZONE_01,SUSPENSION_FAULT,REAR_BOGIE,2
6.65,RUN_055_SUSPENSION_FAULT,TRAIN001,-0.006572954910778137,0.4235581290886052,2.3001362588815724,27.21001007639619,25.49540848279209,23.9668244596141,118.8254104092525,4.979675365725373,0.2536142785035555,1.2629167750603694,2.334594099822904,ZONE_01,SUSPENSION_FAULT,REAR_BOGIE,2
6.66,RUN_055_SUSPENSION_FAULT,TRAIN001,-0.01122872009940478,1.0830202051057083,1.6102069036830877,27.08077990569358,25.561405295967415,23.929171469021238,119.14167825966463,5.010809436706807,0.26310746436146626,1.318381365290435,1.8718203698551137,ZONE_01,SUSPENSION_FAULT,REAR_BOGIE,2
6.67,RUN_055_SUSPENSION_FAULT,TRAIN001,-0.1701878655034046,0.71974113335486,1.901553500086368,27.069582164439772,25.625424879334545,24.047987490573416,118.91982392263141,4.9846611757978785,0.22932200614951992,1.1430925008095942,2.0499476705404946,ZONE_01,SUSPENSION_FAULT,REAR_BOGIE,2
6.68,RUN_055_SUSPENSION_FAULT,TRAIN001,0.2660003852626662,0.8333326204118493,1.2276922184535957,27.12398751892294,25.61807277144105,23.962135137804346,120.96392427631594,4.985309148678403,0.24242412331656846,1.2085591998304301,1.5957202412068419,ZONE_01,SUSPENSION_FAULT,REAR_BOGIE,2
6.69,RUN_055_SUSPENSION_FAULT,TRAIN001,0.16763721237043058,0.3823079584532392,1.4068654400992584,26.926909335975047,25.416732337473974,23.995046011327403,119.51692171625953,5.020291692438089,0.17479989872375784,0.8775464794019009,2.0950695999689675,ZONE_01,SUSPENSION_FAULT,REAR_BOGIE,2
6.7,RUN_055_SUSPENSION_FAULT,TRAIN001,-0.09214779835729348,0.39334170986561545,0.7219160240734585,27.14192803328495,25.521938067892687,24.05378823128337,119.76753769726075,5.008923918347803,0.2299046438236998,1.1515748693877625,2.1302448165847916,ZONE_01,SUSPENSION_FAULT,REAR_BOGIE,2
6.71,RUN_055_SUSPENSION_FAULT,TRAIN001,0.060238277408256206,-0.27825520262564063,1.2616093163573947,27.062300569541996,25.68779535246367,24.043776865821936,120.01053902704072,5.0097599584739,0.17681589528625452,0.8858051922267919,1.870229366717744,ZONE_01,SUSPENSION_FAULT,REAR_BOGIE,2
6.72,RUN_055_SUSPENSION_FAULT,TRAIN001,-0.12714989111745045,-0.1611558743460002,0.9117794982391705,26.905417729024503,25.643013712504057,24.063237033916757,119.78684650698504,4.977390091907267,0.22180834803067756,1.1040266737902134,1.638788342174922,ZONE_01,SUSPENSION_FAULT,REAR_BOGIE,2
6.73,RUN_055_SUSPENSION_FAULT,TRAIN001,-0.07711127654617121,-0.7160428584630801,0.6604971040104396,27.049712037593917,25.530664918833885,23.979995322611106,120.19624679513252,4.994036454102007,0.2221448653155466,1.1093995554774203,1.274915750473737,ZONE_01,SUSPENSION_FAULT,REAR_BOGIE,2
6.74,RUN_055_SUSPENSION_FAULT,TRAIN001,0.017885686416882655,0.15770743575431911,-0.3683804481279319,27.1230179315873,25.58263564755047,24.00663901314466,119.19856522923195,4.988672208675725,0.22416015303662062,1.1182615257462867,1.0569855674716173,ZONE_01,SUSPENSION_FAULT,REAR_BOGIE,2
6.75,RUN_055_SUSPENSION_FAULT,TRAIN001,0.03922550957035614,-0.3325132449650049,1.1357610683300048,27.03095204094412,25.497540102557124,24.015002543369825,120.30811844896567,5.017042162767565,0.24233055611268764,1.2157826173442652,1.5099998111212525,ZONE_01,SUSPENSION_FAULT,REAR_BOGIE,2
6.76,RUN_055_SUSPENSION_FAULT,TRAIN001,0.05694587759520822,-0.45281835293477113,0.7654911673880278,27.134167695547355,25.672351207132497,24.101578904863032,120.58647214584228,5.006563072220693,0.22397070055730534,1.1213234386696036,1.3386006093628111,ZONE_01,SUSPENSION_FAULT,REAR_BOGIE,2
6.7700000000000005,RUN_055_SUSPENSION_FAULT,TRAIN001,-0.09456838748220547,-0.5101910900455292,0.01340045203870572,27.060741582525885,25.579619811855444,23.954362759358514,119.32369084835022,4.979002115239593,0.21822637435218495,1.0865495795005962,1.8574660806835612,ZONE_01,SUSPENSION_FAULT,REAR_BOGIE,2
6.78,RUN_055_SUSPENSION_FAULT,TRAIN001,0.0721143196584615,-1.0369099118279324,-0.08873603110639383,27.16319709760932,25.69172130457469,24.07929662874389,118.98826618829432,4.951601573310195,0.2527166221912369,1.2513520240437668,1.6615984974189422,ZONE_01,SUSPENSION_FAULT,REAR_BOGIE,2
6.79,RUN_055_SUSPENSION_FAULT,TRAIN001,-0.08791285314092218,-0.6212239978490085,-0.2374808297564514,27.163706627674454,25.670816940806933,24.001282408913887,120.53018738780936,4.966526205452496,0.2498345004155857,1.2408095933401388,1.4755469622205524,ZONE_01,SUSPENSION_FAULT,REAR_BOGIE,2
6.8,RUN_055_SUSPENSION_FAULT,TRAIN001,-0.2797062618848253,-0.4815298971810217,-0.11083223482314469,27.230082016118512,25.45978664466423,23.97518934148118,119.70163893071116,5.008168186169421,0.22860384573938689,1.1448865074679793,1.3894871759342249,ZONE_01,SUSPENSION_FAULT,REAR_BOGIE,2
6.8100000000000005,RUN_055_SUSPENSION_FAULT,TRAIN001,-0.012087969632521107,-0.8429456452706516,0.2515029795198288,26.959082792946706,25.528069300771804,23.962248672300046,121.2171353995558,5.038338530016403,0.21036180774695165,1.0598740012153696,1.5230352459562124,ZONE_01,SUSPENSION_FAULT,REAR_BOGIE,2
6.82,RUN_055_SUSPENSION_FAULT,TRAIN001,0.14894047359281645,-0.6451306722211658,-0.32524880461262917,27.15037822400822,25.487108007774896,24.022858251500363,120.48816441307179,5.03546912222245,0.18859081323683607,0.949643216788909,1.3257171093895477,ZONE_01,SUSPENSION_FAULT,REAR_BOGIE,2
6.83,RUN_055_SUSPENSION_FAULT,TRAIN001,0.1213159065381221,-0.6015471677444226,0.3431317673014844,27.205518067010438,25.625545499215654,24.0790125139025,121.25326545983225,5.009552010460305,0.2079439426700144,1.041705996065613,1.8376918661599442,ZONE_01,SUSPENSION_FAULT,REAR_BOGIE,2
6.84,RUN_055_SUSPENSION_FAULT,TRAIN001,0.2118526810515752,-0.36920038436552555,1.3142718095380843,27.034157900725482,25.65857754327623,23.944231980050176,120.5492211370493,5.023348923243389,0.2610489279080776,1.3113398509208827,1.9462180964370874,ZONE_01,SUSPENSION_FAULT,REAR_BOGIE,2
6.8500000000000005,RUN_055_SUSPENSION_FAULT,TRAIN001,-0.024408003710109455,0.19612875999724028,0.9526372290633386,27.26694479958486,25.542195957556594,24.055557929609396,119.41832014878199,4.964352508579269,0.25217936828343124,1.2519072795497872,1.658639372805525,ZONE_01,SUSPENSION_FAULT,REAR_BOGIE,2
6.86,RUN_055_SUSPENSION_FAULT,TRAIN001,0.08427363656573977,0.38906397975111884,1.289459656065011,27.192299901774707,25.684465156526212,24.051616585576507,119.32152505234107,4.980532468321594,0.2327980667723449,1.1594583301221624,1.3787713057449669,ZONE_01,SUSPENSION_FAULT,REAR_BOGIE,2
6.87,RUN_055_SUSPENSION_FAULT,TRAIN001,-0.08100888636035118,0.08692780268590336,0.7223405054863559,27.16551892166743,25.61747104590163,24.03108981891715,119.4163608659162,5.010493592966341,0.24545937219826533,1.2298726117329488,2.0551498684754264,ZONE_01,SUSPENSION_FAULT,REAR_BOGIE,2
6.88,RUN_055_SUSPENSION_FAULT,TRAIN001,0.02068465462373409,0.6259573735936664,2.030550529334626,27.13396982510972,25.700695988164085,23.953296006317057,120.38911407674608,5.0452615428380065,0.24189442606809577,1.220420645268235,2.216985000636482,ZONE_01,SUSPENSION_FAULT,REAR_BOGIE,2
6.890000000000001,RUN_055_SUSPENSION_FAULT,TRAIN001,0.08133322676217712,0.2557522929942485,1.2117078466017024,27.30567138586821,25.560197399869345,24.012576367029574,120.0694985014416,4.9712484533819445,0.2228505507943718,1.1078454559718354,1.8871661392881462,ZONE_01,SUSPENSION_FAULT,REAR_BOGIE,2
6.9,RUN_055_SUSPENSION_FAULT,TRAIN001,0.04973350290510844,0.370798600590605,1.7843754263774192,27.177781803726383,25.553539519768933,24.044151279619243,120.99807472202968,5.013913607738625,0.24617141801979583,1.2342822226457677,2.2195933384633633,ZONE_01,SUSPENSION_FAULT,REAR_BOGIE,2
6.91,RUN_055_SUSPENSION_FAULT,TRAIN001,-0.08551409463771312,0.9680195804715728,1.4833057047566605,27.09783056661956,25.480814794705196,24.012869371228497,119.24868252332404,4.978915615329296,0.2563149416162349,1.2761704652552888,2.0265972973154747,ZONE_01,SUSPENSION_FAULT,REAR_BOGIE,2
6.92,RUN_055_SUSPENSION_FAULT,TRAIN001,-0.0010131415649998281,1.4116945551312803,1.4673781978901255,27.102427784488945,25.56547513042937,24.073451930229503,119.47833326522307,5.018026749111527,0.26209380606596233,1.3151937296154481,2.4110812041663428,ZONE_01,SUSPENSION_FAULT,REAR_BOGIE,2
6.93,RUN_055_SUSPENSION_FAULT,TRAIN001,0.02439375180813889,0.15758146832921827,2.348679361877705,27.221296009887922,25.637468254123636,23.95131113220427,119.9036208485441,5.025567664316488,0.24409173413906596,1.2266995262162268,2.2758105656594183,ZONE_01,SUSPENSION_FAULT,REAR_BOGIE,2
6.94,RUN_055_SUSPENSION_FAULT,TRAIN001,-0.0057580827275790026,0.48895295044277887,2.2365725386591055,26.97708014084654,25.723943705500034,23.95790349245438,119.43572450994293,5.059399999925028,0.25704834909159463,1.3005104173747424,1.831148810999201,ZONE_01,SUSPENSION_FAULT,REAR_BOGIE,2
6.95,RUN_055_SUSPENSION_FAULT,TRAIN001,0.00979043482334982,0.9133439631664053,2.113904781484605,27.10589780881248,25.480858887281794,24.04590033100691,120.58396687225522,5.017497447239216,0.20995411850638387,1.053444253643141,2.495939293853532,ZONE_01,SUSPENSION_FAULT,REAR_BOGIE,2
6.96,RUN_055_SUSPENSION_FAULT,TRAIN001,-0.20685392282082812,1.1036682030732954,1.5312392863404907,27.042861421786572,25.505745242744716,23.896705935441663,119.24625823710703,5.034539822755055,0.24381599763440148,1.2275013495151466,2.015179037272635,ZONE_01,SUSPENSION_FAULT,REAR_BOGIE,2
6.97,RUN_055_SUSPENSION_FAULT,TRAIN001,-0.003044012567832325,0.6683072642205131,1.3649697643226812,27.277247122213,25.62178380405448,23.95192179000102,119.38226118044608,4.99848367237141,0.2361835655658315,1.1805596961632712,1.790764440513668,ZONE_01,SUSPENSION_FAULT,REAR_BOGIE,2
6.98,RUN_055_SUSPENSION_FAULT,TRAIN001,-0.08643910217104676,0.22348611925861728,1.595201203518197,26.99880534731377,25.566131893887448,24.006702889479577,119.90399837001159,4.988121324196641,0.24470361005754632,1.2206112954359463,1.9448041145047257,ZONE_01,SUSPENSION_FAULT,REAR_BOGIE,2
6.99,RUN_055_SUSPENSION_FAULT,TRAIN001,0.07230704307081433,-0.13351152838332825,1.025622321125377,27.254951889673734,25.545647157621435,23.977925891726372,119.19910298026548,5.016640880127528,0.2527449928255372,1.2679308632561286,1.8096497119631052,ZONE_01,SUSPENSION_FAULT,REAR_BOGIE,2
7.0,RUN_055_SUSPENSION_FAULT,TRAIN001,-0.12926308286557875,-0.4248249589702279,1.1582785674025722,27.205685113923693,25.706338979287658,24.037795805291918,120.05614364220982,5.014612105649707,0.27617423873882424,1.3849066808483004,1.7468490069567923,ZONE_01,SUSPENSION_FAULT,REAR_BOGIE,2
7.01,RUN_055_SUSPENSION_FAULT,TRAIN001,0.009529718657314723,0.3811401975387377,0.8307347919724224,27.273441739689172,25.76663571526199,23.978495844210432,120.09745126812066,4.995215996776272,0.21007528438482237,1.0493714210863894,1.6223961739120425,ZONE_01,SUSPENSION_FAULT,REAR_BOGIE,2
7.0200000000000005,RUN_055_SUSPENSION_FAULT,TRAIN001,0.1274791548600667,-0.11318057870346826,0.32319710435585686,27.180378396754566,25.57441519435404,24.0269413670107,120.26623409667415,5.033580489655716,0.2642204102242045,1.3299747018733854,1.4594418009484895,ZONE_01,SUSPENSION_FAULT,REAR_BOGIE,2
7.03,RUN_055_SUSPENSION_FAULT,TRAIN001,-0.0056032792254501005,-0.6933827063058662,0.6866898970221238,27.273569697036184,25.55608174017055,23.983441339319754,120.33114160022866,4.9954917206688805,0.19656236541964012,0.9819256690489032,1.3994638533438943,ZONE_01,SUSPENSION_FAULT,REAR_BOGIE,2
7.04,RUN_055_SUSPENSION_FAULT,TRAIN001,0.13422822408867247,-0.30033207965033315,0.5896310738755703,27.255020433329378,25.548318964414392,23.932652018273266,120.31858664370203,5.019409865346872,0.22097922177156548,1.10918528579687,1.2557749964311373,ZONE_01,SUSPENSION_FAULT,REAR_BOGIE,2
7.05,RUN_055_SUSPENSION_FAULT,TRAIN001,0.22805180980933193,-0.6495774323847112,-0.0765971106055841,27.358004649204503,25.73230009463218,23.944295716494835,118.57977480994222,5.044976655515427,0.23043910460977174,1.1625599032741758,1.717713735084819,ZONE_01,SUSPENSION_FAULT,REAR_BOGIE,2
7.0600000000000005,RUN_055_SUSPENSION_FAULT,TRAIN001,0.07870811352390883,-0.14879735920205628,-0.26742172810064485,27.116982215105438,25.653261356234186,24.067939824462435,118.39277188046212,5.022351603391996,0.2438701562207584,1.2248016701147826,1.322607340312402,ZONE_01,SUSPENSION_FAULT,REAR_BOGIE,2
7.07,RUN_055_SUSPENSION_FAULT,TRAIN001,-0.03885679315652533,-0.34022504108274515,0.40291319024188615,27.180100995405294,25.392420470327547,24.095953016105753,118.81719164804164,5.00444061667703,0.2118043156123935,1.0599621198381428,1.5292064255180984,ZONE_01,SUSPENSION_FAULT,REAR_BOGIE,2
7.08,RUN_055_SUSPENSION_FAULT,TRAIN001,-0.041215618681874566,-0.9104779927342822,0.5103489646746572,27.24047434176385,25.531851411156037,24.053357953387483,119.01825814459266,4.993617219573654,0.23289199530824245,1.1629734780721062,1.390457609720577,ZONE_01,SUSPENSION_FAULT,REAR_BOGIE,2
7.09,RUN_055_SUSPENSION_FAULT,TRAIN001,-0.004338620016012033,-0.6145504620230586,0.023186573541323773,27.122891215679797,25.520766643543222,23.994326246248985,120.46919181863552,4.979968332366414,0.24168604999507015,1.2035888753501753,1.5340280579559151,ZONE_01,SUSPENSION_FAULT,REAR_BOGIE,2
7.1000000000000005,RUN_055_SUSPENSION_FAULT,TRAIN001,0.03574485203980406,-0.41135153964337556,0.23654919207790207,27.39846672351969,25.727100515883016,24.003212170259328,120.003685333473,4.994388574238089,0.24749076780879276,1.2360650629736463,1.4604442792270536,ZONE_01,SUSPENSION_FAULT,REAR_BOGIE,2
7.11,RUN_055_SUSPENSION_FAULT,TRAIN001,-0.302689342840865,-0.2754398164512241,-0.04993468953480068,27.172115703847663,25.6503687595629,24.022496279738693,118.76477526102347,5.019116694700254,0.22236622131829245,1.1160820137560532,1.5702871046480258,ZONE_01,SUSPENSION_FAULT,REAR_BOGIE,2
7.12,RUN_055_SUSPENSION_FAULT,TRAIN001,0.15477355516634056,-0.37795886189874583,0.7085030927799019,27.17151044528729,25.67644080243755,23.91651339171422,121.0777371575821,4.990861138147061,0.2017988083044476,1.007149830091056,1.5160980332165275,ZONE_01,SUSPENSION_FAULT,REAR_BOGIE,2
7.13,RUN_055_SUSPENSION_FAULT,TRAIN001,-0.02880619570392068,-0.5297431552239755,1.5378316495330449,27.184647490304393,25.720667913320103,23.989361270645542,118.97023456212939,4.982943695955577,0.2269880455455887,1.1310686506086687,1.9488252160489368,ZONE_01,SUSPENSION_FAULT,REAR_BOGIE,2
7.140000000000001,RUN_055_SUSPENSION_FAULT,TRAIN001,0.059672292208820026,-0.652221413131434,1.7044990785181282,27.220617438808237,25.60490748641085,23.952458191195536,118.71468122152741,4.992010137420158,0.24385294779193098,1.217316387417108,2.127337958811795,ZONE_01,SUSPENSION_FAULT,REAR_BOGIE,2
7.15,RUN_055_SUSPENSION_FAULT,TRAIN001,0.09854846571363014,-0.22042605280214977,1.2266216756060446,27.126988688633805,25.585744854669485,23.97018305192558,120.39273081860676,4.981339494952716,0.22514367199610685,1.121517065352887,1.6731335920487864,ZONE_01,SUSPENSION_FAULT,REAR_BOGIE,2
7.16,RUN_055_SUSPENSION_FAULT,TRAIN001,-0.09480836053501346,0.43460280319513217,1.6080227643331386,27.294724021267793,25.613785462423007,23.94565777985296,121.71982626906188,4.997927533143298,0.24039841261043607,1.2014938453096415,1.5933284811483934,ZONE_01,SUSPENSION_FAULT,REAR_BOGIE,2
7.17,RUN_055_SUSPENSION_FAULT,TRAIN001,-0.028551370989804294,0.5721782402812522,1.8937339461065548,27.22430376407388,25.60820309925259,23.986406436818594,121.00767318913401,4.999561771412852,0.2489847828357182,1.2448148019289875,1.8034239216157286,ZONE_01,SUSPENSION_FAULT,REAR_BOGIE,2
7.18,RUN_055_SUSPENSION_FAULT,TRAIN001,0.19326615105036055,0.18464256931305217,1.8525085411867181,27.29369872502294,25.751033098530538,24.057990006331984,120.36176743412516,5.032761263360954,0.2555731276116988,1.2862385366001636,2.516983719826789,ZONE_01,SUSPENSION_FAULT,REAR_BOGIE,2
7.19,RUN_055_SUSPENSION_FAULT,TRAIN001,0.06196208834349485,0.8682944405302421,1.7294016017858789,27.195133466934056,25.479412703496617,24.04346716182705,121.60949633218694,5.01618281761595,0.23211501002405258,1.1643313249934064,2.12919453850113,ZONE_01,SUSPENSION_FAULT,REAR_BOGIE,2
7.2,RUN_055_SUSPENSION_FAULT,TRAIN001,-0.01372350232291168,0.3763011053276682,1.5076511749693233,27.14640760958943,25.62720205688804,23.979988200966563,121.21756824699312,4.994356121872393,0.2611092864605559,1.3040727633120097,2.3111566069222618,ZONE_01,SUSPENSION_FAULT,REAR_BOGIE,2
7.21,RUN_055_SUSPENSION_FAULT,TRAIN001,-0.07989670949440977,1.0246497523502993,1.577885678717142,27.406414248499544,25.69820015883342,23.955641198273078,120.83750388659261,5.017843812328362,0.2583236611756084,1.296227784808035,1.635829083240643,ZONE_01,SUSPENSION_FAULT,REAR_BOGIE,2
7.22,RUN_055_SUSPENSION_FAULT,TRAIN001,-0.030384300059053612,0.6317539131761594,2.200536335355739,27.51251380858339,25.72476519165537,23.931423708563262,119.20274724676545,4.988521476271137,0.214926126314696,1.072163596932624,2.180991435356012,ZONE_01,SUSPENSION_FAULT,REAR_BOGIE,2
7.23,RUN_055_SUSPENSION_FAULT,TRAIN001,0.05294486702168366,1.0795029554409867,2.4614600236337734,27.2898324416755,25.816222899942698,24.009901033314836,120.1265494972445,4.9790028757264775,0.2347053759595733,1.1685987418511796,2.2067564008048954,ZONE_01,SUSPENSION_FAULT,REAR_BOGIE,2
7.24,RUN_055_SUSPENSION_FAULT,TRAIN001,-0.11354517277491134,0.658587000826466,2.2909339523694006,27.267881881463033,25.55323851770724,24.00833512241106,122.04034195447275,4.970193526880116,0.2244639471285989,1.1156292570365227,1.53007776267071,ZONE_01,SUSPENSION_FAULT,REAR_BOGIE,2
7.25,RUN_055_SUSPENSION_FAULT,TRAIN001,0.06508603819628014,0.44089319283001677,1.4736523225548561,27.263116257604192,25.629477395017563,23.961349572435555,120.94012180142953,4.979043172056588,0.23949332904601664,1.192447624739671,1.9753753460975687,ZONE_01,SUSPENSION_FAULT,REAR_BOGIE,2
7.26,RUN_055_SUSPENSION_FAULT,TRAIN001,0.18681372391572035,0.27264695206474254,1.4653214077254988,27.381866745414566,25.692480752274943,24.07742168574222,120.62464514027232,5.012401990670964,0.2509735779108025,1.2579804615259207,1.8082859499354376,ZONE_01,SUSPENSION_FAULT,REAR_BOGIE,2
7.2700000000000005,RUN_055_SUSPENSION_FAULT,TRAIN001,-0.14830256141133688,0.0907785900519856,1.5849369892521123,27.070611566403198,25.577249816513966,24.005689730631858,119.4606663567247,4.969408658200878,0.22841458080280638,1.1350853955007902,1.900720023362056,ZONE_01,SUSPENSION_FAULT,REAR_BOGIE,2
7.28,RUN_055_SUSPENSION_FAULT,TRAIN001,0.10130190981863903,0.21555793941087037,0.9969972745181943,27.367368169557967,25.693129548016643,24.027991760743607,119.18260607496083,4.983298284049639,0.25339243762015007,1.262730099583649,1.796714428380146,ZONE_01,SUSPENSION_FAULT,REAR_BOGIE,2
7.29,RUN_055_SUSPENSION_FAULT,TRAIN001,0.1081642520691262,0.03953302409679137,0.8845898326969189,27.17473444693515,25.677032404312065,23.98310999046555,122.22061905202939,4.968609701750357,0.21492472216341696,1.0678770596871536,1.8188712656946953,ZONE_01,SUSPENSION_FAULT,REAR_BOGIE,2
7.3,RUN_055_SUSPENSION_FAULT,TRAIN001,0.006943608339900572,0.2433378610159402,0.5208584195958773,27.43499689944837,25.70239266190159,24.016784242200227,118.91421666416956,5.00172528311649,0.21156787090644316,1.0582043690078824,1.7883760633546884,ZONE_01,SUSPENSION_FAULT,REAR_BOGIE,2
7.3100000000000005,RUN_055_SUSPENSION_FAULT,TRAIN001,0.08014142161194004,-0.04366098424328141,0.43550985034928513,27.31328131453251,25.647890343588013,23.903368972810807,119.04214569662533,5.023084993498144,0.24745222792516433,1.2429735726985753,1.9569605941333579,ZONE_01,SUSPENSION_FAULT,REAR_BOGIE,2
7.32,RUN_055_SUSPENSION_FAULT,TRAIN001,0.03322794053322225,-0.5089089711341921,0.4425720440759657,27.28981861889322,25.668444934148315,23.989178438752216,119.68474843745436,4.997820992830218,0.22678489276375247,1.133430297911432,1.3903248036211668,ZONE_01,SUSPENSION_FAULT,REAR_BOGIE,2
7.33,RUN_055_SUSPENSION_FAULT,TRAIN001,-0.03851408312242285,-0.8376463724271943,0.4214222007804903,27.379429975389648,25.708716251920414,23.970909527875143,119.57823091553959,5.012291273370375,0.22695225310668862,1.1375507977183998,1.7210595365267916,ZONE_01,SUSPENSION_FAULT,REAR_BOGIE,2
7.34,RUN_055_SUSPENSION_FAULT,TRAIN001,-0.24375907467723865,-0.22944974512973038,0.21112126715755367,27.417179763170896,25.665807690915024,23.955804347161397,120.2572167601501,5.014211471258315,0.21141057043428252,1.0600573074168433,1.566080647953285,ZONE_01,SUSPENSION_FAULT,REAR_BOGIE,2
7.3500000000000005,RUN_055_SUSPENSION_FAULT,TRAIN001,0.15530051190915373,-0.8241392216218466,0.31173456454492593,27.319248799999933,25.67251293074604,24.01666426617767,120.64816610038207,5.025014069979629,0.23018862388075356,1.1567010737500354,1.7091819638983858,ZONE_01,SUSPENSION_FAULT,REAR_BOGIE,2
7.36,RUN_055_SUSPENSION_FAULT,TRAIN001,-0.039085912705674825,-0.8947684348267845,0.2594442812816794,27.276833503472595,25.656355696761914,23.952224318304122,121.29816841385076,5.017943406746778,0.22664695099849352,1.1373015734221508,1.4127689371118997,ZONE_01,SUSPENSION_FAULT,REAR_BOGIE,2
7.37,RUN_055_SUSPENSION_FAULT,TRAIN001,0.11403788680014496,-0.9419969801079644,-0.16676107058114714,27.46782176862875,25.75259808826539,23.99001326090141,120.77249390035193,5.0236088653916715,0.24692074514418927,1.2404332443554666,0.9907893066234881,ZONE_01,SUSPENSION_FAULT,REAR_BOGIE,2
7.38,RUN_055_SUSPENSION_FAULT,TRAIN001,0.05667745506037372,-0.5055540726202149,-0.2846627564857805,27.409262788686938,25.5568549682141,24.005709916985023,121.23888571759333,4.990998065999496,0.2037345757784029,1.0168388736872367,1.4061977585495413,ZONE_01,SUSPENSION_FAULT,REAR_BOGIE,2
7.390000000000001,RUN_055_SUSPENSION_FAULT,TRAIN001,0.12896614511065335,-0.2695347267578516,-0.11750246937784325,27.121410588502847,25.75792777836565,23.974883050254938,120.4899237906821,4.984578774769244,0.27989489763045416,1.3951581658949723,1.4681519913509096,ZONE_01,SUSPENSION_FAULT,REAR_BOGIE,2
7.4,RUN_055_SUSPENSION_FAULT,TRAIN001,-0.12966416232256042,-0.5214949978227732,0.4961343053135581,27.304676550004718,25.85779573915892,24.106863191982956,119.5933279232035,4.994484675351856,0.21954759392074435,1.09652709334753,1.4274690027362427,ZONE_01,SUSPENSION_FAULT,REAR_BOGIE,2
7.41,RUN_055_SUSPENSION_FAULT,TRAIN001,0.09221021430352813,-0.8195517602378553,0.6762975228757451,27.381640315933897,25.47701409378838,23.9950692281439,118.67982952986482,4.998046758950508,0.25523926168417166,1.2756977646174947,2.0071323812092903,ZONE_01,SUSPENSION_FAULT,REAR_BOGIE,2
7.42,RUN_055_SUSPENSION_FAULT,TRAIN001,0.11880575380794399,-0.4641277741526104,0.5552328396574148,27.32603787544913,25.725555957147876,23.958529217036748,120.09635540369318,5.005302072714735,0.24934719812815992,1.2480580476164906,1.963236381430824,ZONE_01,SUSPENSION_FAULT,REAR_BOGIE,2
7.43,RUN_055_SUSPENSION_FAULT,TRAIN001,0.15816972106929506,-0.4116260209346661,2.2030698030863407,27.184821481763926,25.545916061278362,23.944586932201137,120.1722930624776,4.98970082112122,0.23742558484441242,1.1846826356533506,1.3248447863372026,ZONE_01,SUSPENSION_FAULT,REAR_BOGIE,2
7.44,RUN_055_SUSPENSION_FAULT,TRAIN001,0.08042451186220428,0.13870665958502948,1.15345461620001,27.44015171634045,25.778924621446915,24.038259793322386,120.5190563836278,5.013873671485077,0.23292312315868677,1.1678471146854155,2.069051214667986,ZONE_01,SUSPENSION_FAULT,REAR_BOGIE,2
7.45,RUN_055_SUSPENSION_FAULT,TRAIN001,0.058260321685961874,0.27698800014897157,2.1608609876178067,27.253649915821686,25.618268974621163,23.979866017215098,120.64209021603604,4.988313130335878,0.25522420317592937,1.2731382438820003,1.9610950104553178,ZONE_01,SUSPENSION_FAULT,REAR_BOGIE,2
7.46,RUN_055_SUSPENSION_FAULT,TRAIN001,0.1500055361967737,1.1833177746351824,1.8534022666052328,27.429259088467553,25.783638238374895,24.05407507296362,119.535710644651,5.01668969765136,0.2638113501233699,1.3234596822874058,2.1133382955499975,ZONE_01,SUSPENSION_FAULT,REAR_BOGIE,2
7.47,RUN_055_SUSPENSION_FAULT,TRAIN001,-0.1641550083061473,0.9031606488406241,1.6127588238143404,27.34291768508112,25.752378982190205,23.907126121045383,120.79623604847872,5.012852807866331,0.23471707678887163,1.1766021574352723,2.1160921394288237,ZONE_01,SUSPENSION_FAULT,REAR_BOGIE,2
7.48,RUN_055_SUSPENSION_FAULT,TRAIN001,-0.1970971841021167,0.43312298603432475,2.946457820238124,27.415725406891998,25.61485337842934,24.060931998707403,119.53602178148795,5.004053647000324,0.2566313348641456,1.2841969671614892,2.0078534225236275,ZONE_01,SUSPENSION_FAULT,REAR_BOGIE,2
7.49,RUN_055_SUSPENSION_FAULT,TRAIN001,-0.11739908900385664,1.018631618557493,2.48353165405486,27.368945065353355,25.769073221500662,24.05321391798937,121.85234944822012,5.027972035450983,0.23827831976974745,1.198056728456537,2.2986045680934337,ZONE_01,SUSPENSION_FAULT,REAR_BOGIE,2
7.5,RUN_055_SUSPENSION_FAULT,TRAIN001,0.019764643569729286,0.9808253241096301,2.2152130310780906,27.388731354003603,25.82168716380803,24.073252012240545,119.3512600731275,4.996700853484832,0.2412396047932307,1.2054021391646794,2.117175094607261,ZONE_01,SUSPENSION_FAULT,REAR_BOGIE,2
7.51,RUN_055_SUSPENSION_FAULT,TRAIN001,0.05142540238643917,0.9035872780497652,1.9399621138374543,27.43591556192575,25.713478349037697,24.038398265096017,119.73158121352259,5.019445584851947,0.2388569774934589,1.1989296010906232,2.029485443463949,ZONE_01,SUSPENSION_FAULT,REAR_BOGIE,2
7.5200000000000005,RUN_055_SUSPENSION_FAULT,TRAIN001,-0.09798524896111255,0.9756020175561186,2.3222986975624864,27.41743475004101,25.933733416897525,23.98404606484565,120.92391182252177,4.979354229242895,0.25339755519173923,1.2617561881237966,2.1223102363960935,ZONE_01,SUSPENSION_FAULT,REAR_BOGIE,2
7.53,RUN_055_SUSPENSION_FAULT,TRAIN001,0.038109955296640206,0.30174043037122494,1.2613793245325957,27.281991667186876,25.698040376268942,23.98712463373571,118.81101971633639,4.976350550692271,0.2126651782873066,1.0582964770831083,2.1022685891235398,ZONE_01,SUSPENSION_FAULT,REAR_BOGIE,2
7.54,RUN_055_SUSPENSION_FAULT,TRAIN001,0.01912101001972894,0.22929045458686173,1.3621908727936782,27.331855396279515,25.756725341248032,24.047734223492444,119.28274667910638,4.993131255834197,0.25996331344523593,1.2980309457336299,1.9648422212770051,ZONE_01,SUSPENSION_FAULT,REAR_BOGIE,2
7.55,RUN_055_SUSPENSION_FAULT,TRAIN001,0.1308051790470928,-0.16718152291389998,1.6606226758623324,27.498948071574706,25.72216505570027,23.933204725150013,120.20927918634138,5.012913675374041,0.226342842393606,1.1346371299579388,2.491726962815356,ZONE_01,SUSPENSION_FAULT,REAR_BOGIE,2
7.5600000000000005,RUN_055_SUSPENSION_FAULT,TRAIN001,-0.1329634748846869,-0.19327955760273244,1.555181093976652,27.418797498206942,25.933452206170156,23.937242958955018,121.04070030273051,5.002035492183514,0.2311594840787247,1.1562679437166108,1.7746319465358407,ZONE_01,SUSPENSION_FAULT,REAR_BOGIE,2
7.57,RUN_055_SUSPENSION_FAULT,TRAIN001,0.2028721439642899,0.21299617558273923,1.2524949813779211,27.202097604136828,25.784805504871343,24.080609646224435,120.13297578971866,4.978426315469952,0.2121274059072275,1.0560606598009177,1.8453218637234667,ZONE_01,SUSPENSION_FAULT,REAR_BOGIE,2
7.58,RUN_055_SUSPENSION_FAULT,TRAIN001,-0.1438493355247433,0.0648367027503238,0.9909196315275374,27.50650665992813,25.6274424209464,23.958341058873014,121.22286875444415,5.026254799838746,0.22711720168344357,1.1415489250873527,1.6042342465277388,ZONE_01,SUSPENSION_FAULT,REAR_BOGIE,2
7.59,RUN_055_SUSPENSION_FAULT,TRAIN001,0.02351898145872301,-0.6188596639758139,0.45122081313507856,27.442277592684807,25.805384464990407,24.062710597589867,119.89258914895734,5.011612218601689,0.23076792757219589,1.1565193654822066,1.617287915295148,ZONE_01,SUSPENSION_FAULT,REAR_BOGIE,2
7.6000000000000005,RUN_055_SUSPENSION_FAULT,TRAIN001,0.0725275637452342,-0.3002970418456684,1.09745525551477,27.256286491488385,25.760189206899536,23.948823929725872,119.67481749377897,5.009172929152831,0.2259905345809469,1.132025668067656,1.3711403262208866,ZONE_01,SUSPENSION_FAULT,REAR_BOGIE,2
7.61,RUN_055_SUSPENSION_FAULT,TRAIN001,0.15153018844692792,-0.7164604615290735,0.2646581502840983,27.27452476626109,25.81883182156855,23.941065323747786,119.99248902497142,5.030278193568657,0.2389593395735722,1.2020319550065082,1.6325637327578113,ZONE_01,SUSPENSION_FAULT,REAR_BOGIE,2
7.62,RUN_055_SUSPENSION_FAULT,TRAIN001,-0.08163667214174027,-0.8587682565193658,-0.01587051194539299,27.51885623913921,25.82783134764065,23.973614281897433,119.758646911644,4.991828226930852,0.23202590270287862,1.158233450491341,1.4009440324364153,ZONE_01,SUSPENSION_FAULT,REAR_BOGIE,2
7.63,RUN_055_SUSPENSION_FAULT,TRAIN001,-0.10451896049651382,-0.9940511075365093,-0.0935329157941672,27.48657265669749,25.761846206733313,24.074676946880636,120.92426536858576,4.992084205633227,0.23483426338206664,1.172312417171128,1.2885652806082606,ZONE_01,SUSPENSION_FAULT,REAR_BOGIE,2
7.640000000000001,RUN_055_SUSPENSION_FAULT,TRAIN001,-0.005632613350484995,-0.8036042206083343,-0.32856984243787,27.53625255804933,25.761886141237902,23.986662074701307,117.83172903934403,5.003981761573621,0.2377971919152506,1.189932811297336,1.45021931129169,ZONE_01,SUSPENSION_FAULT,REAR_BOGIE,2
7.65,RUN_055_SUSPENSION_FAULT,TRAIN001,0.16232729334580118,-1.095858865674059,-0.040308606535424334,27.54319824205309,25.692638269168686,24.029748862685654,119.57462001817855,4.984968417927162,0.2388453095907835,1.190636325080091,1.468550801234872,ZONE_01,SUSPENSION_FAULT,REAR_BOGIE,2
7.66,RUN_055_SUSPENSION_FAULT,TRAIN001,-0.14706622040962483,-0.38283804622831435,0.41160024850364474,27.433183471828038,25.642056752767527,23.967628527426328,119.78145120360304,4.9695029689644015,0.24597258089275623,1.2223614710303885,1.6226438280234556,ZONE_01,SUSPENSION_FAULT,REAR_BOGIE,2
7.67,RUN_055_SUSPENSION_FAULT,TRAIN001,-0.025798773005125265,-1.2916830724422834,0.8796079761442438,27.311597968862007,25.777194945562847,24.06512878738837,120.44921404308174,5.033080322584419,0.26269531527348217,1.3221666221380732,1.6646677720339493,ZONE_01,SUSPENSION_FAULT,REAR_BOGIE,2
7.68,RUN_055_SUSPENSION_FAULT,TRAIN001,-0.16470990070456887,-0.9881104682112938,0.1751329521244243,27.450011718808657,25.842483175168503,24.029679896562776,119.53401767397543,4.999185478077434,0.2246428591823314,1.1230313193781052,1.487207629170203,ZONE_01,SUSPENSION_FAULT,REAR_BOGIE,2
7.69,RUN_055_SUSPENSION_FAULT,TRAIN001,-0.010866932901309575,-0.8854470094332725,0.9660504747541399,27.42723588696528,25.78309692764946,24.0511770239616,119.34557539426378,5.001885419359072,0.2492506159651358,1.2467230217622802,1.7829951194193199,ZONE_01,SUSPENSION_FAULT,REAR_BOGIE,2
7.7,RUN_055_SUSPENSION_FAULT,TRAIN001,0.09861416332470468,-0.19759935220419822,1.1597162831221026,27.480598342797602,25.700538258847097,24.040827958527988,121.50363164202385,4.993511673952881,0.2242955247455955,1.1200223212325184,1.6753061407603624,ZONE_01,SUSPENSION_FAULT,REAR_BOGIE,2
7.71,RUN_055_SUSPENSION_FAULT,TRAIN001,0.17137934461167503,-0.2230317885025522,0.34602250863870154,27.488575974260353,25.66881114533428,23.937278770114503,120.58804817496194,5.01158737455575,0.2211727104654084,1.1084263633647153,2.247477291522742,ZONE_01,SUSPENSION_FAULT,REAR_BOGIE,2
7.72,RUN_055_SUSPENSION_FAULT,TRAIN001,0.16899959870247777,0.05270922880162512,1.4489876433250253,27.42141037243076,25.64601013006279,23.973216602701566,120.29762151992075,5.0199792605189115,0.2902770522102183,1.4571847818998613,2.1329200432381774,ZONE_01,SUSPENSION_FAULT,REAR_BOGIE,2
7.73,RUN_055_SUSPENSION_FAULT,TRAIN001,0.1410302734071237,0.3778362409519529,1.3197320193114572,27.32962920330393,25.77201924298286,24.022216119163822,120.41029549066198,5.012928324109288,0.23406011455206202,1.1733265777822963,1.903963155050034,ZONE_01,SUSPENSION_FAULT,REAR_BOGIE,2
7.74,RUN_055_SUSPENSION_FAULT,TRAIN001,0.12760943677968922,0.45285065481076187,1.7157751943253812,27.43681515155848,25.67442698410272,24.0151252640174,120.36069774870604,4.9875738903151845,0.21538517056358208,1.0742494530640048,2.0833606379981795,ZONE_01,SUSPENSION_FAULT,REAR_BOGIE,2
7.75,RUN_055_SUSPENSION_FAULT,TRAIN001,-0.1327513966143188,0.4052795206168448,1.03114688006174,27.52336955121631,25.6865742918155,24.047778974715413,122.06909234566632,4.975820662979504,0.23628908239076366,1.1757320985964281,2.1406832778645044,ZONE_01,SUSPENSION_FAULT,REAR_BOGIE,2
7.76,RUN_055_SUSPENSION_FAULT,TRAIN001,-0.02875716172313224,0.43985162579613035,2.533404702498547,27.486799757033364,25.586052910850793,24.07510765431223,120.20361648121627,4.998124191070846,0.21171551906526698,1.0581804574652318,2.184601572602949,ZONE_01,SUSPENSION_FAULT,REAR_BOGIE,2
7.7700000000000005,RUN_055_SUSPENSION_FAULT,TRAIN001,0.03664290961993025,0.5800290696145693,2.298298233968524,27.19240279699632,25.53428055884876,24.033598292026777,120.13411010779436,5.026905306814825,0.2030938484938921,1.0209335447753922,2.3031315878733745,ZONE_01,SUSPENSION_FAULT,REAR_BOGIE,2
7.78,RUN_055_SUSPENSION_FAULT,TRAIN001,0.01629556369644868,0.9997453609893228,1.454199336825357,27.407174443129556,25.762932275657217,24.031660082976483,120.20188434446175,4.987776149569559,0.2187931877571064,1.0912914435831897,2.051086137268368,ZONE_01,SUSPENSION_FAULT,REAR_BOGIE,2
7.79,RUN_055_SUSPENSION_FAULT,TRAIN001,0.09510113232466269,1.513388678261388,2.3805188229274377,27.4433817343664,25.659913931183535,24.070548096545075,119.01117080044523,5.013393509739906,0.22828776571237808,1.1444964029754605,1.8626584468436809,ZONE_01,SUSPENSION_FAULT,REAR_BOGIE,2
7.8,RUN_055_SUSPENSION_FAULT,TRAIN001,0.11936544556115669,0.8011927708423007,1.680536525526868,27.501570458277932,25.735684426146978,24.003020605795324,119.44030851635802,4.996660408799947,0.22259151058019602,1.11221418825104,2.224921804962385,ZONE_01,SUSPENSION_FAULT,REAR_BOGIE,2
7.8100000000000005,RUN_055_SUSPENSION_FAULT,TRAIN001,0.09465597190657513,0.818193016463796,1.6719883906413209,27.270127993908854,25.64328889713409,24.02112360839325,120.74645696506617,5.007381215513171,0.210125920986257,1.0521805896389882,2.343900694985126,ZONE_01,SUSPENSION_FAULT,REAR_BOGIE,2
7.82,RUN_055_SUSPENSION_FAULT,TRAIN001,0.07172709545711989,0.6685247571484795,0.7160075080857504,27.551121284947094,25.950692378925815,23.997727620527126,120.72199439734355,5.016480203446568,0.2306822775196891,1.1572130784634875,2.352505656283111,ZONE_01,SUSPENSION_FAULT,REAR_BOGIE,2
7.83,RUN_055_SUSPENSION_FAULT,TRAIN001,-0.004360146125507878,0.4557324662455988,1.5403258854528135,27.413683450069737,25.632180561136508,23.917181870326903,119.744535172472,5.026062869723614,0.24625180827026869,1.2376770701494957,2.572563394364408,ZONE_01,SUSPENSION_FAULT,REAR_BOGIE,2
7.84,RUN_055_SUSPENSION_FAULT,TRAIN001,-0.0705545938481472,-0.2129486450260062,1.6663521550615013,27.526349115352595,25.830460106692513,24.110435291901826,120.93746409959147,4.995688080205509,0.2228376515400851,1.1132273996197921,1.9132526936552785,ZONE_01,SUSPENSION_FAULT,REAR_BOGIE,2
7.8500000000000005,RUN_055_SUSPENSION_FAULT,TRAIN001,0.16260062096099298,0.6152735756967717,1.013122552548839,27.584026699388186,25.672986470636666,24.015629683928292,119.81267691368373,5.00069482039719,0.2503692774854835,1.2520203491082442,1.7317793498651473,ZONE_01,SUSPENSION_FAULT,REAR_BOGIE,2
7.86,RUN_055_SUSPENSION_FAULT,TRAIN001,0.03254880387952248,0.11407108166164198,0.7306962394356004,27.470161747243022,25.667862784207273,23.953890110860016,119.37447911017068,5.040455751621438,0.19828381576251725,0.9994407996136255,1.832382105161619,ZONE_01,SUSPENSION_FAULT,REAR_BOGIE,2
7.87,RUN_055_SUSPENSION_FAULT,TRAIN001,0.08815881566518347,-0.08462104479630389,0.816371372072657,27.375432513874454,25.710125327480796,23.990623925710757,120.3987999272396,4.964418014024162,0.254986973445239,1.2658619243130451,1.7206011597929813,ZONE_01,SUSPENSION_FAULT,REAR_BOGIE,2
7.88,RUN_055_SUSPENSION_FAULT,TRAIN001,-0.04822608350737941,-0.7705100962989011,0.7298280847279479,27.529478419126068,25.577607820760807,23.943692452930854,119.4969238897856,4.996636840082997,0.2492651096277638,1.2454872297134114,1.3480220737232604,ZONE_01,SUSPENSION_FAULT,REAR_BOGIE,2
7.890000000000001,RUN_055_SUSPENSION_FAULT,TRAIN001,-0.14089233262899248,-0.5738776138434039,0.8542847130845227,27.276916582714147,25.80836046230664,23.985511491555865,120.519709388794,5.035089259475596,0.2517714515593938,1.267691731589284,1.9941012267818357,ZONE_01,SUSPENSION_FAULT,REAR_BOGIE,2
7.9,RUN_055_SUSPENSION_FAULT,TRAIN001,0.07102167102623884,0.6751577321332412,-0.08239655245130167,27.574055205328868,25.79260337605654,23.999620153634233,118.74617707187294,4.992536466535249,0.2016910235134245,1.0069497898635902,1.2491488233909886,ZONE_01,SUSPENSION_FAULT,REAR_BOGIE,2
7.91,RUN_055_SUSPENSION_FAULT,TRAIN001,-0.030036675919502844,-0.7268389955778508,0.3495450602826539,27.40107883040911,25.716436738877437,24.0086792733968,120.24616921539716,5.014964388637405,0.2119668246541564,1.0630060772131433,1.2967150841886768,ZONE_01,SUSPENSION_FAULT,REAR_BOGIE,2
7.92,RUN_055_SUSPENSION_FAULT,TRAIN001,-0.10311812790332893,-0.9554628259976634,-0.4391941666439048,27.490466395394993,25.814927829769086,24.047203232797077,118.99598248505512,4.995074465031951,0.23706224024536127,1.184143542872874,1.3447590792535737,ZONE_01,SUSPENSION_FAULT,REAR_BOGIE,2
7.930000000000001,RUN_055_SUSPENSION_FAULT,TRAIN001,0.036764928050412884,-0.9301034895475164,0.20856347073355197,27.555813260238228,25.800664574925428,24.040171047469276,121.30744280308748,4.985902648608242,0.21939267949503694,1.0938705417795638,1.454517908356524,ZONE_01,SUSPENSION_FAULT,REAR_BOGIE,2
7.94,RUN_055_SUSPENSION_FAULT,TRAIN001,0.192116655923722,-0.8934671368428366,0.662204707355926,27.452893511140175,25.786227916207665,24.011797156057852,120.82244742129375,5.019098824503962,0.21065245950705824,1.0572855118907445,1.2119209742278934,ZONE_01,SUSPENSION_FAULT,REAR_BOGIE,2
7.95,RUN_055_SUSPENSION_FAULT,TRAIN001,-0.03225514594036673,-0.6363206043446733,-0.27916549133383306,27.456880051864854,26.093726765911292,24.03878255236306,121.72387405365542,5.003440838918732,0.2584050091795994,1.2929141759103775,1.5435343989499,ZONE_01,SUSPENSION_FAULT,REAR_BOGIE,2
7.96,RUN_055_SUSPENSION_FAULT,TRAIN001,0.07713575607404609,-1.1619718556685372,0.2664984237006956,27.354199708539365,25.85096588885565,24.118428634224323,119.36553311999491,4.982442792750128,0.22981298079330334,1.1450300298340177,1.1944371811971919,ZONE_01,SUSPENSION_FAULT,REAR_BOGIE,2
7.97,RUN_055_SUSPENSION_FAULT,TRAIN001,0.07799647931230864,-0.2106012023202021,0.40803704183487816,27.443609741022325,25.838921771198418,23.996677407021895,119.04701687481788,4.999412952614264,0.2576014852861451,1.2878562021522268,1.6171416411891835,ZONE_01,SUSPENSION_FAULT,REAR_BOGIE,2
7.98,RUN_055_SUSPENSION_FAULT,TRAIN001,0.048059113096080595,-0.4621457852597046,1.2914357170171784,27.673788036503428,25.91409552314883,24.076033370510775,120.25744774051108,4.9718379071365435,0.21704787231825803,1.0791268392552478,1.391971237281838,ZONE_01,SUSPENSION_FAULT,REAR_BOGIE,2
7.99,RUN_055_SUSPENSION_FAULT,TRAIN001,-0.050400531883181256,0.16415053439421307,0.6631011917339453,27.597336604777524,25.687680770082526,24.018425459142737,120.88539953460977,5.013681551831723,0.23700348502845758,1.1882600006070037,1.6538582931532415,ZONE_01,SUSPENSION_FAULT,REAR_BOGIE,2
8.0,RUN_055_SUSPENSION_FAULT,TRAIN001,-0.1722903820853282,0.17727362084036036,1.0702838973541722,27.345105431333224,25.76559370968882,23.996395193953024,120.1367284617223,4.988618110659182,0.2569578294975924,1.2818644819073635,2.063050741521506,ZONE_01,SUSPENSION_FAULT,REAR_BOGIE,2
8.01,RUN_055_SUSPENSION_FAULT,TRAIN001,-0.015014828768933132,0.6616092520611042,1.3932361780801488,27.634703019031114,25.79049715146126,24.00441170952882,119.99985018273696,5.0005112254750035,0.22653262406030558,1.132778929549867,1.7508391097361744,ZONE_01,SUSPENSION_FAULT,REAR_BOGIE,2
8.02,RUN_055_SUSPENSION_FAULT,TRAIN001,-0.07074432900410214,0.8179732667384376,1.9739614839916808,27.793274998834235,25.774248119060676,23.9871474066102,120.71799475880951,4.979676682528344,0.23073236645870598,1.1489725851590031,1.8697048167914696,ZONE_01,SUSPENSION_FAULT,REAR_BOGIE,2
8.03,RUN_055_SUSPENSION_FAULT,TRAIN001,-0.14483098592738908,-0.05222714230677078,1.1422772333177562,27.4597805734595,25.717265437140863,23.899886691228602,120.8723270556185,4.97620870389074,0.22460873553166566,1.117699944722568,1.8379671779454603,ZONE_01,SUSPENSION_FAULT,REAR_BOGIE,2
8.040000000000001,RUN_055_SUSPENSION_FAULT,TRAIN001,0.10511889312883699,0.5967606506891274,1.968115157694545,27.5871447663066,25.87779558050869,24.061979499098808,119.10121510600467,5.003356567300994,0.23828897005316405,1.1922446832308882,2.1366064667222293,ZONE_01,SUSPENSION_FAULT,REAR_BOGIE,2
8.05,RUN_055_SUSPENSION_FAULT,TRAIN001,0.05275145285946773,0.7844490654955796,1.748946548492271,27.56666128398568,25.904581336175937,24.003645509748218,120.06187633550489,5.022882795663317,0.2172911608806226,1.0914280336369893,2.0828719135801856,ZONE_01,SUSPENSION_FAULT,REAR_BOGIE,2
8.06,RUN_055_SUSPENSION_FAULT,TRAIN001,-0.002128257432258631,0.13536838878063162,2.663691760851581,27.408427050656165,25.760834969766346,24.05592625481261,120.33057713824306,5.012945823308551,0.23049816356761407,1.1554748063365623,2.291078354122518,ZONE_01,SUSPENSION_FAULT,REAR_BOGIE,2
8.07,RUN_055_SUSPENSION_FAULT,TRAIN001,0.059656703698937025,0.7414337397881314,1.9771456129930995,27.369033533105757,25.93618652233526,23.997417449517975,119.20974028559097,4.995376489679736,0.22720491819760466,1.134974106703922,2.362029371109632,ZONE_01,SUSPENSION_FAULT,REAR_BOGIE,2
8.08,RUN_055_SUSPENSION_FAULT,TRAIN001,-0.1380923501172645,0.6444477420204724,1.6687597636227025,27.673425684230704,25.70473390491234,23.905087990143723,119.04283447507436,4.975794199260624,0.23948587574842498,1.1916324313538635,2.1614306640834697,ZONE_01,SUSPENSION_FAULT,REAR_BOGIE,2
8.09,RUN_055_SUSPENSION_FAULT,TRAIN001,0.07699877569007674,0.5865260115795906,2.348576274921067,27.514470215542413,25.690604646324566,24.10696462707395,118.66151675287094,4.987245942607642,0.23380224854429488,1.1660293154250783,2.4922652377210404,ZONE_01,SUSPENSION_FAULT,REAR_BOGIE,2
8.1,RUN_055_SUSPENSION_FAULT,TRAIN001,0.04964405854332729,0.6069311814127183,4.116515295507053,27.40273505019624,25.771254829108198,23.940279710095847,119.47709855931514,4.981156860165154,0.24057722701221718,1.1983529047314152,1.9817233617934353,ZONE_01,SUSPENSION_FAULT,REAR_BOGIE,2
8.11,RUN_055_SUSPENSION_FAULT,TRAIN001,0.0048904075748341345,1.4123983438849834,1.0153483709727262,27.622759955936143,26.00507076840813,23.93078111283104,119.53658183205707,4.982589129268808,0.2399968095325146,1.1958054942359038,1.8950172631177307,ZONE_01,SUSPENSION_FAULT,REAR_BOGIE,2
8.120000000000001,RUN_055_SUSPENSION_FAULT,TRAIN001,-0.047475889651186355,0.5207856763287676,1.6415105388599922,27.638086984627456,25.747528133437196,23.976796199425934,120.75080449996659,4.999549216813767,0.27098748988938154,1.3548152928427861,2.240424470123322,ZONE_01,SUSPENSION_FAULT,REAR_BOGIE,2
8.13,RUN_055_SUSPENSION_FAULT,TRAIN001,-0.16049515847368725,0.36325638386554404,1.616224580670729,27.68823209242114,25.716711870937534,23.989653821773352,120.38727447072688,5.001476383229832,0.19867579786424872,0.9936723109373838,2.4691238060586373,ZONE_01,SUSPENSION_FAULT,REAR_BOGIE,2
8.14,RUN_055_SUSPENSION_FAULT,TRAIN001,0.026404344601321975,0.5175060189370172,1.7353069132313186,27.552457446802304,25.788791057389158,23.962268389044908,118.89381241063856,4.981468272995822,0.20990469693217384,1.0456335881204275,1.8099834467186189,ZONE_01,SUSPENSION_FAULT,REAR_BOGIE,2
8.15,RUN_055_SUSPENSION_FAULT,TRAIN001,-0.12515883225806318,-0.8369821106559037,0.7865190995625869,27.41098561235273,25.769851314781793,23.99730520058696,119.42227878375328,5.00211249645767,0.2052095378009186,1.0264811934262776,1.759160996610046,ZONE_01,SUSPENSION_FAULT,REAR_BOGIE,2
8.16,RUN_055_SUSPENSION_FAULT,TRAIN001,-0.1255646528226809,0.16629874934725536,-0.2125088849365916,27.603941844830373,25.923040748925985,23.986865685630384,119.47140990924449,4.987432264493344,0.22384881928710307,1.1164308236812377,1.827075156729467,ZONE_01,SUSPENSION_FAULT,REAR_BOGIE,2
8.17,RUN_055_SUSPENSION_FAULT,TRAIN001,0.06999825578412214,-0.608549019813731,0.8304443045840565,27.672418145336653,25.560391279365152,24.043987272537457,119.60261830594158,5.018864288027006,0.21753433364714755,1.0917752985614202,1.3740523855431162,ZONE_01,SUSPENSION_FAULT,REAR_BOGIE,2
8.18,RUN_055_SUSPENSION_FAULT,TRAIN001,0.006288611444367823,-0.6348165787062154,0.28842535120586593,27.50434186494087,25.81751036712301,23.994654331489805,118.95584466810598,5.003535395903928,0.23976866179156472,1.1996909861026117,1.4717614867434383,ZONE_01,SUSPENSION_FAULT,REAR_BOGIE,2
8.19,RUN_055_SUSPENSION_FAULT,TRAIN001,0.07901019567596174,-0.40889862395853493,-0.10934485030346763,27.588941560611467,25.8320066170022,23.896575502167792,119.67342963803408,5.0109679528723765,0.24871413287412852,1.2462985492587,1.6719231261128238,ZONE_01,SUSPENSION_FAULT,REAR_BOGIE,2
8.2,RUN_055_SUSPENSION_FAULT,TRAIN001,-0.16125800242796856,-0.7615895249317477,0.7196858565949679,27.608141665153504,25.718742590946157,24.01452709956194,118.65998051855408,4.972472153515166,0.2523476030152604,1.254791428999682,1.445497567512518,ZONE_01,SUSPENSION_FAULT,REAR_BOGIE,2
8.21,RUN_055_SUSPENSION_FAULT,TRAIN001,0.016940121150095196,-0.7444045675421537,-0.4526200883723082,27.573794262681194,25.86182700388565,23.946486314866842,120.07293591995125,4.99619515182823,0.20217029185065294,1.0100822319879306,1.4102787640672705,ZONE_01,SUSPENSION_FAULT,REAR_BOGIE,2
8.22,RUN_055_SUSPENSION_FAULT,TRAIN001,-0.06699086125529981,-0.4297200280264341,0.30871659217537684,27.761872929815663,25.91284728962163,23.968047990475128,119.39750966266485,5.003346761128339,0.22226036221480552,1.1120456634146585,1.5561503187285435,ZONE_01,SUSPENSION_FAULT,REAR_BOGIE,2
8.23,RUN_055_SUSPENSION_FAULT,TRAIN001,-0.11655592482557911,-0.11740055694096685,-0.02590797371842586,27.742377177067702,25.874783359291076,24.01087292627254,119.42898664890818,4.983980956909184,0.21586270681569517,1.075855620076295,1.6723333038478376,ZONE_01,SUSPENSION_FAULT,REAR_BOGIE,2
8.24,RUN_055_SUSPENSION_FAULT,TRAIN001,-0.1258707213842205,-0.19292495816585137,-0.637704565413785,27.635453207569704,25.708326168351427,24.043301669463133,119.95343501057944,5.00893833134434,0.23921813251228888,1.1982288734934134,1.7988339135608002,ZONE_01,SUSPENSION_FAULT,REAR_BOGIE,2
8.25,RUN_055_SUSPENSION_FAULT,TRAIN001,-0.016935779501592637,-1.341200406480185,0.40284107879146963,27.45148976070407,26.01689220929856,23.97013161148986,119.84984924479588,4.99547845185972,0.24348514313732142,1.2163247858904687,1.668643449402029,ZONE_01,SUSPENSION_FAULT,REAR_BOGIE,2
8.26,RUN_055_SUSPENSION_FAULT,TRAIN001,-0.08540484830859106,-0.5468494314312295,0.8944130772636663,27.678665601985344,25.89483073455692,24.06661420910324,120.0350795970389,4.959560815177706,0.25410999308061344,1.2602739644276886,1.6215993547697916,ZONE_01,SUSPENSION_FAULT,REAR_BOGIE,2
8.27,RUN_055_SUSPENSION_FAULT,TRAIN001,0.02729090690102505,0.09809521072161728,0.8979232141917827,27.50190839386413,25.86369473122113,23.972716491169383,119.05242350953087,4.966436211440261,0.2359246013484651,1.1717044833066248,1.681281321805482,ZONE_01,SUSPENSION_FAULT,REAR_BOGIE,2
8.28,RUN_055_SUSPENSION_FAULT,TRAIN001,0.045962083413585535,0.03629028295536231,0.940693908208191,27.64371631583044,25.751754787089787,23.929261006483163,119.99787935060166,4.987659248162179,0.2635926492384894,1.314710314721921,1.8578632943633329,ZONE_01,SUSPENSION_FAULT,REAR_BOGIE,2
8.290000000000001,RUN_055_SUSPENSION_FAULT,TRAIN001,0.03487080439767733,-0.16955442888820352,1.1920097461277381,27.66206691372618,25.73122982482293,23.989930220421847,118.44273540111243,5.004876585473989,0.24661303199026588,1.2342677894808294,1.7205542463503027,ZONE_01,SUSPENSION_FAULT,REAR_BOGIE,2
8.3,RUN_055_SUSPENSION_FAULT,TRAIN001,-0.028061257589352108,0.2910358204338988,1.6317719595495008,27.634526401281406,26.014402826984245,24.04857314463759,120.1763933922978,5.009102925607124,0.24992568119630498,1.2519034608647646,1.8758756408780741,ZONE_01,SUSPENSION_FAULT,REAR_BOGIE,2
8.31,RUN_055_SUSPENSION_FAULT,TRAIN001,-0.02366426410606349,0.11835834032432457,1.2327478397593494,27.59343870339531,25.86900542288652,23.98976744388201,119.93473169126533,5.049935837443378,0.27491842755459595,1.3883204196815353,1.6724811248112101,ZONE_01,SUSPENSION_FAULT,REAR_BOGIE,2
8.32,RUN_055_SUSPENSION_FAULT,TRAIN001,-0.2228464035464709,0.7707336571205305,1.8497084236137802,27.619932513866075,25.734855513003136,23.916432991445486,118.2479935933937,4.999822768180965,0.22575596659221459,1.1287398218204558,2.2507432473252296,ZONE_01,SUSPENSION_FAULT,REAR_BOGIE,2
8.33,RUN_055_SUSPENSION_FAULT,TRAIN001,-0.22706721060293555,0.3601481653498829,1.7962273838054335,27.59080447851068,25.817129963306378,23.973640485347495,119.5090784843202,4.9972417864454926,0.22738380848728243,1.136291869333767,1.7771360605725883,ZONE_01,SUSPENSION_FAULT,REAR_BOGIE,2
8.34,RUN_055_SUSPENSION_FAULT,TRAIN001,-0.07666701965729164,0.6236588678068333,1.8053635726677446,27.554904211521887,25.95188205995032,23.910026381627638,120.91657143992232,5.011469276209437,0.2089660795524169,1.0472270874468743,1.9810611326964749,ZONE_01,SUSPENSION_FAULT,REAR_BOGIE,2
8.35,RUN_055_SUSPENSION_FAULT,TRAIN001,0.1035910551588553,0.5682926314169351,1.3910240986842308,27.759461649109294,25.8925879155717,24.14617159246001,120.90918124756945,5.013550639563195,0.21092439502208654,1.057480135562462,2.48313580650818,ZONE_01,SUSPENSION_FAULT,REAR_BOGIE,2
8.36,RUN_055_SUSPENSION_FAULT,TRAIN001,-0.11032536922743484,0.845775941076456,1.7491297810889597,27.768343141696374,25.692780765948704,24.016875334282172,119.81430493072779,5.0128137421220265,0.21098404689464167,1.057623729641978,2.2909428820751496,ZONE_01,SUSPENSION_FAULT,REAR_BOGIE,2
8.370000000000001,RUN_055_SUSPENSION_FAULT,TRAIN001,-0.017889393971788004,0.6815772844736114,2.1928662164996733,27.365912364465412,25.917399012188334,23.980014859915332,119.78357547303189,4.9766432190910646,0.2603424648804364,1.2956315624886774,1.8537546020860267,ZONE_01,SUSPENSION_FAULT,REAR_BOGIE,2
8.38,RUN_055_SUSPENSION_FAULT,TRAIN001,-0.15415059619796317,0.06382313507679493,2.8116239300839423,27.62812835538557,25.794691998466288,23.940283910767487,119.78184157119888,4.978901826377892,0.22719353427896133,1.1311743027627688,2.219578023849175,ZONE_01,SUSPENSION_FAULT,REAR_BOGIE,2
8.39,RUN_055_SUSPENSION_FAULT,TRAIN001,-0.13174183091128744,0.45435483316151526,2.7489714048780582,27.61093331337063,25.866812124748538,24.05778067726147,120.05954227564722,5.003720322654397,0.24690732314478836,1.235455190631774,2.1479745520485074,ZONE_01,SUSPENSION_FAULT,REAR_BOGIE,2
8.4,RUN_055_SUSPENSION_FAULT,TRAIN001,0.03681032546642575,0.5798823317938828,2.1504941127653896,27.744672206427495,25.886347014889633,23.95951001510169,120.0166396248048,4.984695268011342,0.2387148554970135,1.1899208105999746,2.2972948899884673,ZONE_01,SUSPENSION_FAULT,REAR_BOGIE,2
8.41,RUN_055_SUSPENSION_FAULT,TRAIN001,-0.08027391347746579,0.017672351856152402,1.7277639346120754,27.512669926018468,25.90724410691925,23.97409736821236,120.65348363472772,4.982560210779955,0.19637215319018664,0.9784360769906099,2.1550278575483732,ZONE_01,SUSPENSION_FAULT,REAR_BOGIE,2
8.42,RUN_055_SUSPENSION_FAULT,TRAIN001,0.07436379576128647,0.08324763119732814,2.0222103638586626,27.402562757790864,25.865368790785226,24.049217119624423,119.58654777431947,5.06116849992807,0.22258305677540574,1.1265303555693846,2.0743776848149547,ZONE_01,SUSPENSION_FAULT,REAR_BOGIE,2
8.43,RUN_055_SUSPENSION_FAULT,TRAIN001,0.04811868561580715,-0.5683709254360276,1.3358160382692088,27.590594418055066,25.767743872025743,24.056397173629033,120.01744406385838,5.004692067138463,0.23798938219825533,1.1910635731507921,1.868618361524669,ZONE_01,SUSPENSION_FAULT,REAR_BOGIE,2
8.44,RUN_055_SUSPENSION_FAULT,TRAIN001,-0.0830405661455661,0.20310321667691644,0.7316655925607675,27.63621865313605,25.866224380046205,23.995704142097367,120.99779594771206,4.979992185506639,0.2456177539471916,1.2231744952787065,1.4193762367292655,ZONE_01,SUSPENSION_FAULT,REAR_BOGIE,2
8.45,RUN_055_SUSPENSION_FAULT,TRAIN001,0.08618826458740668,-0.2423955445288238,0.696151055002282,27.72589733473646,25.81480837127589,23.987464680935965,120.20302702269039,5.017125322063992,0.21583674040922923,1.0828799757388965,1.4615874613085318,ZONE_01,SUSPENSION_FAULT,REAR_BOGIE,2
8.46,RUN_055_SUSPENSION_FAULT,TRAIN001,-0.06577903513127481,-0.05182088721028921,-0.24924159240785426,27.568524205140182,25.9255810397869,23.983584621258895,120.21911095085336,5.002587451215413,0.23070164657413697,1.1541051621265108,1.2783451823898753,ZONE_01,SUSPENSION_FAULT,REAR_BOGIE,2
8.47,RUN_055_SUSPENSION_FAULT,TRAIN001,-0.09174714179046838,-0.2681225348633635,0.2578042489346076,27.73498937837428,25.90382222717758,24.00406405126059,119.23381529441804,5.018760258682979,0.25528940290946,1.2812363097849049,1.613197545875034,ZONE_01,SUSPENSION_FAULT,REAR_BOGIE,2
8.48,RUN_055_SUSPENSION_FAULT,TRAIN001,0.03965875581178478,-0.6122977658981386,0.2779492874120219,27.733175230964584,25.756135726329784,24.02255260721732,119.50094422488306,4.972251888431469,0.2479232186825297,1.2327366922802163,1.0698848718229017,ZONE_01,SUSPENSION_FAULT,REAR_BOGIE,2
8.49,RUN_055_SUSPENSION_FAULT,TRAIN001,-0.06055992744356791,-0.21614993307417485,-0.21133204807896946,27.573737684310448,26.018769149687824,24.082406488427672,118.72979468494233,4.990191363179331,0.21821581484326538,1.0889386745400031,2.0651486197013273,ZONE_01,SUSPENSION_FAULT,REAR_BOGIE,2
8.5,RUN_055_SUSPENSION_FAULT,TRAIN001,0.03025986962135703,-0.3221206849392186,0.4541405678462229,27.573408788215954,25.760084886219392,23.89885444017817,121.3736112996432,4.996985527410401,0.2227410264019718,1.113033685291191,1.4283956113285556,ZONE_01,SUSPENSION_FAULT,REAR_BOGIE,2
8.51,RUN_055_SUSPENSION_FAULT,TRAIN001,0.024741665293704175,-0.7300132013462158,0.417840058144994,27.7324871601909,25.8896242409372,23.949607248802764,120.21605939252215,5.00344357136075,0.2593613323196954,1.297699790854539,1.3448392622131518,ZONE_01,SUSPENSION_FAULT,REAR_BOGIE,2
8.52,RUN_055_SUSPENSION_FAULT,TRAIN001,0.1061937149090479,-0.4344790306984371,0.7129543603467592,27.660851857953006,25.80431903907585,24.085536643867968,119.54683338493852,4.98850953010777,0.20549571286492474,1.0251173220229668,1.4997860217598684,ZONE_01,SUSPENSION_FAULT,REAR_BOGIE,2
8.53,RUN_055_SUSPENSION_FAULT,TRAIN001,-0.1697975051878886,-0.8287981860686411,-0.2207059141923543,27.79010588611848,25.92290257569671,23.988812957879222,121.11280450462279,4.999137014261704,0.22233333395893698,1.1114747992983305,1.4855559696236942,ZONE_01,SUSPENSION_FAULT,REAR_BOGIE,2
8.540000000000001,RUN_055_SUSPENSION_FAULT,TRAIN001,0.1049782352076443,-0.17805578337744077,0.16861295382422392,27.68743194080453,25.871115149690898,23.927091071717125,120.18144116129302,4.97131010499072,0.25768383413877227,1.2810262485468313,1.255731773717222,ZONE_01,SUSPENSION_FAULT,REAR_BOGIE,2
8.55,RUN_055_SUSPENSION_FAULT,TRAIN001,0.05387611429231907,-0.2157899067510987,0.29764586288332573,27.724622477130644,25.740827013784752,24.048660788152137,119.67975669930209,5.001388041933954,0.25841267364619164,1.2924220558582442,1.3691974074785818,ZONE_01,SUSPENSION_FAULT,REAR_BOGIE,2
8.56,RUN_055_SUSPENSION_FAULT,TRAIN001,-0.012157326423348979,-0.23966629221057834,0.26518775173717235,27.669273663463734,25.764867094985973,24.060616178227697,119.6456202092887,4.972988375376253,0.2325380952959484,1.1564092447388867,1.5207971184366444,ZONE_01,SUSPENSION_FAULT,REAR_BOGIE,2
8.57,RUN_055_SUSPENSION_FAULT,TRAIN001,-0.10561966011075924,-0.08117264446130873,0.9703511215077252,27.656153384323368,25.807826398418484,24.027900627687835,120.61508924800373,4.976852173327615,0.2150134466296305,1.070090139153338,2.039983651418292,ZONE_01,SUSPENSION_FAULT,REAR_BOGIE,2
8.58,RUN_055_SUSPENSION_FAULT,TRAIN001,-0.07580437800687617,0.023274605919284055,1.2092804073449634,27.640424330334703,25.935128756888783,24.069368099849555,118.93434995813145,5.000591636769583,0.23515979886898333,1.1759381235286552,1.8042329669737776,ZONE_01,SUSPENSION_FAULT,REAR_BOGIE,2
8.59,RUN_055_SUSPENSION_FAULT,TRAIN001,0.057947940986414974,0.26665181194050125,0.5082448148074228,27.610298288655578,25.882711211169205,24.07429797655574,120.07833857099655,4.9669169924253405,0.22873470883947805,1.1361063120922663,1.8204623940091527,ZONE_01,SUSPENSION_FAULT,REAR_BOGIE,2
8.6,RUN_055_SUSPENSION_FAULT,TRAIN001,0.09137578978307342,0.2594985542408834,1.5628547832653734,27.601600173672917,25.863387822172303,24.021644174722226,120.10696630096673,4.999686900814746,0.2466703466984392,1.2332745012076185,2.1365431605091687,ZONE_01,SUSPENSION_FAULT,REAR_BOGIE,2
8.61,RUN_055_SUSPENSION_FAULT,TRAIN001,0.02628755120119948,0.5099786329910423,2.1848300289845555,27.530202066229652,25.849386539311734,24.08213506591889,120.48204802923865,4.97284039873771,0.21998894700458937,1.0939699229401911,1.8382529021027525,ZONE_01,SUSPENSION_FAULT,REAR_BOGIE,2
8.620000000000001,RUN_055_SUSPENSION_FAULT,TRAIN001,0.09036476472663224,0.5668670823135641,2.733041335313042,27.834626028593185,25.873052977231925,24.0799139134666,120.14264366390654,4.9870687474187525,0.21858276388182973,1.0900872704794855,2.1883260641737614,ZONE_01,SUSPENSION_FAULT,REAR_BOGIE,2
8.63,RUN_055_SUSPENSION_FAULT,TRAIN001,0.022518976698789057,0.7755096209246307,1.613698897702933,27.91449357362353,26.04685615037096,23.938040221905062,119.61322459969684,4.9917707769936035,0.20820227108457676,1.0392980125036906,2.0136915155719968,ZONE_01,SUSPENSION_FAULT,REAR_BOGIE,2
8.64,RUN_055_SUSPENSION_FAULT,TRAIN001,-0.008028779586671258,0.8001088333124308,2.028275585909949,27.581233473139722,25.999680551666692,24.019239321709154,120.5907009284613,5.01294756375356,0.23222260402700717,1.1641197371056933,1.8947555435766192,ZONE_01,SUSPENSION_FAULT,REAR_BOGIE,2
8.65,RUN_055_SUSPENSION_FAULT,TRAIN001,0.14850276187302897,0.60756462629116,2.417965679225954,27.69553427654987,25.913684101753557,23.951438766499336,120.53172281788237,4.991788295601534,0.23752410300239912,1.185670037290629,2.1891795014282702,ZONE_01,SUSPENSION_FAULT,REAR_BOGIE,2
8.66,RUN_055_SUSPENSION_FAULT,TRAIN001,-0.07689886736505304,0.5859747315125446,1.7718225181609788,27.698995703837447,25.88624540365482,23.957083957986747,120.85653494801237,5.016463618815675,0.21223888164104454,1.064688628250426,2.367737943414911,ZONE_01,SUSPENSION_FAULT,REAR_BOGIE,2
8.67,RUN_055_SUSPENSION_FAULT,TRAIN001,0.0341081087387189,0.5308397379125639,1.9024497625639287,27.56345764404302,26.010408742307735,24.11061807733351,120.19559392739724,4.967657975554379,0.24629216166732246,1.2234952212232029,1.8709843877898051,ZONE_01,SUSPENSION_FAULT,REAR_BOGIE,2
8.68,RUN_055_SUSPENSION_FAULT,TRAIN001,0.043622081799036545,0.7312769608579492,1.0718953959014126,27.601693972707853,25.850628045431595,24.08203401306695,121.86409955292724,5.018258121945695,0.25768290014463224,1.293119306537322,2.1620989276871136,ZONE_01,SUSPENSION_FAULT,REAR_BOGIE,2
8.69,RUN_055_SUSPENSION_FAULT,TRAIN001,0.12862624512730278,0.3575879481150626,1.6127177722209118,27.799032058626214,25.896160913251673,23.96852196559812,120.10071330277755,4.973569397329748,0.23697907609072758,1.1786318806523204,1.939963642070044,ZONE_01,SUSPENSION_FAULT,REAR_BOGIE,2
8.700000000000001,RUN_055_SUSPENSION_FAULT,TRAIN001,0.10137439913872887,-0.08052662759405593,1.1863081312286905,27.674042515320895,25.761902901575642,24.018657112618556,119.74395179502112,4.994760445538392,0.24682290468090543,1.2328212813530792,2.312516694498859,ZONE_01,SUSPENSION_FAULT,REAR_BOGIE,2
8.71,RUN_055_SUSPENSION_FAULT,TRAIN001,-0.058229057992126604,0.03851954497327481,1.5402832558914112,27.73803493111849,25.98391370655151,23.98433647272304,121.12530765864607,4.978825567660273,0.1879018061349194,0.9355303165940807,1.741005715000145,ZONE_01,SUSPENSION_FAULT,REAR_BOGIE,2
8.72,RUN_055_SUSPENSION_FAULT,TRAIN001,-0.03727138851012617,0.08048066540478603,1.3241661167629921,27.989953606279173,25.955999171597135,24.08373635098962,119.34287666006578,4.974479033083403,0.2522261552231405,1.2546937207527524,1.8938411893966416,ZONE_01,SUSPENSION_FAULT,REAR_BOGIE,2
8.73,RUN_055_SUSPENSION_FAULT,TRAIN001,0.15183057570821654,-0.22456150923341298,0.8247817681282489,27.763738761548293,25.89087238722637,23.912531637490876,121.77291975075131,5.017791129756184,0.2236490104759697,1.1222240209450687,1.9785530331659378,ZONE_01,SUSPENSION_FAULT,REAR_BOGIE,2
8.74,RUN_055_SUSPENSION_FAULT,TRAIN001,-0.12821810060120972,-0.5198511447189835,0.3834361506496331,27.756045016803615,25.80427044534095,24.091974585299774,120.80260328309379,4.986995071579064,0.24463199523466891,1.2199785545858468,1.602360897384609,ZONE_01,SUSPENSION_FAULT,REAR_BOGIE,2
8.75,RUN_055_SUSPENSION_FAULT,TRAIN001,0.06541373123379768,-0.7167476544029332,0.24025065339367185,27.7177392054575,25.943570414026837,24.00861816513812,119.06140504183274,4.988115474688773,0.24372941827116898,1.2157504829153105,1.3663376508136778,ZONE_01,SUSPENSION_FAULT,REAR_BOGIE,2
8.76,RUN_055_SUSPENSION_FAULT,TRAIN001,0.13017549356901495,-0.3849029528081277,0.569885036896861,27.7360935161801,25.93249741180002,23.992590140538265,120.2164770241234,5.033986010894073,0.23062542046462686,1.1609651403754953,1.4305961049297766,ZONE_01,SUSPENSION_FAULT,REAR_BOGIE,2
8.77,RUN_055_SUSPENSION_FAULT,TRAIN001,0.10308253022689118,-0.6260581794467033,-0.4696896150080926,27.793746677813797,25.92763194916986,23.922151050761983,119.46540773332872,4.996965823737777,0.2531593645357559,1.2650286925443455,1.6422587453247859,ZONE_01,SUSPENSION_FAULT,REAR_BOGIE,2
8.78,RUN_055_SUSPENSION_FAULT,TRAIN001,0.15746067495211893,-0.8304638012576095,0.3271622245688491,27.705531458831892,25.830539227091734,24.051467316312692,119.50755709269434,4.9640501859681905,0.23679033992555687,1.1754391309429315,1.6470996573268448,ZONE_01,SUSPENSION_FAULT,REAR_BOGIE,2
8.790000000000001,RUN_055_SUSPENSION_FAULT,TRAIN001,-0.015582159729519604,-0.4954998647552046,0.03208346500926543,27.84886212800481,26.038060759306813,24.044851602402936,118.91167775481952,4.974223671520307,0.21818671160621642,1.0853095056828161,1.287658990723863,ZONE_01,SUSPENSION_FAULT,REAR_BOGIE,2
8.8,RUN_055_SUSPENSION_FAULT,TRAIN001,-0.09346639319112818,-0.7996336003243815,-0.5986314180435968,27.97199916214918,25.911262000816386,23.970132427186893,120.32131579502226,4.962904348849483,0.23652741025749902,1.1738629129890477,1.4251416822799572,ZONE_01,SUSPENSION_FAULT,REAR_BOGIE,2
8.81,RUN_055_SUSPENSION_FAULT,TRAIN001,0.09773590825133192,-0.7964377691583322,0.3562409022069386,27.547655036980156,25.979302835442176,23.988626957966748,120.22121729126717,4.996661367270171,0.26322971882297974,1.3152697667601727,1.3871093763689304,ZONE_01,SUSPENSION_FAULT,REAR_BOGIE,2
8.82,RUN_055_SUSPENSION_FAULT,TRAIN001,-0.01977270441737984,-0.27153671071306507,0.49242370435839367,27.65537390829446,25.847599281101747,24.01499019760008,119.07061004760246,4.986924596941375,0.267713573710778,1.3350674056733565,1.449090912715115,ZONE_01,SUSPENSION_FAULT,REAR_BOGIE,2
8.83,RUN_055_SUSPENSION_FAULT,TRAIN001,0.09613855302868168,-0.29564022827379854,0.8350617797896003,27.937605898313183,25.98451863458041,23.966228600112235,118.60409504490326,4.988156948883992,0.2506207758115596,1.2501357643991282,1.8497747032782623,ZONE_01,SUSPENSION_FAULT,REAR_BOGIE,2
8.84,RUN_055_SUSPENSION_FAULT,TRAIN001,0.10668513334206538,-0.4079947180093353,0.6746737027332905,27.79060850836861,25.893699838261032,24.0782658952641,121.31583832074152,5.027856706755125,0.21657488338792807,1.0889074799567033,1.3958797526066058,ZONE_01,SUSPENSION_FAULT,REAR_BOGIE,2
8.85,RUN_055_SUSPENSION_FAULT,TRAIN001,-0.02720540918637292,-0.3202313408569073,1.1008415001499319,27.888893841842023,25.903215080989295,23.97430689328162,120.0360481320219,5.0365828761202245,0.23230972834450375,1.1700471997360686,2.2804025436681896,ZONE_01,SUSPENSION_FAULT,REAR_BOGIE,2
8.86,RUN_055_SUSPENSION_FAULT,TRAIN001,-0.04857209353803615,0.4891768651087485,1.1198028487690872,27.820599109241844,25.98878829280275,23.983848580635343,120.31145012730529,4.9844867900891,0.23736474990783213,1.1831414603483923,2.0001998706141957,ZONE_01,SUSPENSION_FAULT,REAR_BOGIE,2
8.870000000000001,RUN_055_SUSPENSION_FAULT,TRAIN001,0.09900166799183445,0.07344512905327627,1.907712735698952,27.80861704832232,25.952385234242,23.98489706492966,120.10946851933426,5.02200908084218,0.22052179748217074,1.1074624694791015,1.7671507500160475,ZONE_01,SUSPENSION_FAULT,REAR_BOGIE,2
8.88,RUN_055_SUSPENSION_FAULT,TRAIN001,0.08735592375425427,0.524786284835025,1.3004143051234398,27.957383098686954,25.90884608254441,23.993576756929677,120.33917093972623,4.965515703521417,0.22852061531214227,1.1347227039108192,1.8804073137307993,ZONE_01,SUSPENSION_FAULT,REAR_BOGIE,2
8.89,RUN_055_SUSPENSION_FAULT,TRAIN001,-0.06440143763961198,0.2624090901994976,0.994980780460031,27.87132928638285,25.939583940802038,23.945048335662722,120.03563699877675,4.975993205300948,0.2288032232942017,1.1385232844629032,1.9066545657631346,ZONE_01,SUSPENSION_FAULT,REAR_BOGIE,2
8.9,RUN_055_SUSPENSION_FAULT,TRAIN001,0.0885737234332125,0.14993031582653243,1.9026696387570228,27.831356059382387,26.03331690479871,24.018470367121818,119.29181994269364,5.020883197727303,0.21636258979016765,1.0863312916942178,2.107691694021386,ZONE_01,SUSPENSION_FAULT,REAR_BOGIE,2
8.91,RUN_055_SUSPENSION_FAULT,TRAIN001,0.032449945088674374,0.12047675495656651,1.3956511803280465,27.72011115887186,25.99119218956386,23.96820384196128,120.52251729011043,5.009953776436682,0.20595945072412408,1.0318473279481502,2.580101733860394,ZONE_01,SUSPENSION_FAULT,REAR_BOGIE,2
8.92,RUN_055_SUSPENSION_FAULT,TRAIN001,0.01182787594238565,0.03147345865128037,2.0035475434228425,27.77154452265067,26.044696298698387,24.118535885060915,120.29472791797151,4.998192364074814,0.23566333847910026,1.1778906988786173,2.210046141150811,ZONE_01,SUSPENSION_FAULT,REAR_BOGIE,2
8.93,RUN_055_SUSPENSION_FAULT,TRAIN001,0.08221561175865533,0.4784630121003524,1.3962875290268744,27.71060814193171,25.993357349704585,24.03044395832693,119.6669943762972,4.992453091568106,0.23117605350551967,1.1541356030201457,2.403977947931902,ZONE_01,SUSPENSION_FAULT,REAR_BOGIE,2
8.94,RUN_055_SUSPENSION_FAULT,TRAIN001,-0.0842405934432816,1.0634728786224146,2.4636713364138623,27.764850681710218,25.889165541859324,23.981325738846472,119.16894295343256,5.029682619259536,0.19267813685121107,0.9691098760318467,2.3464344894754388,ZONE_01,SUSPENSION_FAULT,REAR_BOGIE,2
8.950000000000001,RUN_055_SUSPENSION_FAULT,TRAIN001,-0.12440998624536347,0.18068854049151706,1.7198808125469338,27.73943104181959,25.996126868992523,24.012592885962487,118.44589780079623,4.97483687081662,0.22208666372438635,1.1048449232127293,1.8971787030418563,ZONE_01,SUSPENSION_FAULT,REAR_BOGIE,2
8.96,RUN_055_SUSPENSION_FAULT,TRAIN001,0.0270502517271477,0.7460519769001087,1.8887524218390437,27.873572335858128,25.833247518400842,24.009239024309597,119.03729367602875,4.986645805813587,0.21930468109354712,1.093594768170423,2.1413117510191273,ZONE_01,SUSPENSION_FAULT,REAR_BOGIE,2
8.97,RUN_055_SUSPENSION_FAULT,TRAIN001,-0.05808880295650076,0.35775109167731034,1.8440284699685385,27.772858649627203,26.025529823084653,24.097055877130984,120.49073966608327,4.99702007753029,0.2241227256744942,1.119945760026261,2.289279944354143,ZONE_01,SUSPENSION_FAULT,REAR_BOGIE,2
8.98,RUN_055_SUSPENSION_FAULT,TRAIN001,-0.16133213360209045,0.3408738817537746,1.376998587909948,27.793561108856593,25.910534867385547,23.95799999868125,121.07000495381578,5.0219891810447095,0.20724604890737294,1.0407874154270897,1.866455028536466,ZONE_01,SUSPENSION_FAULT,REAR_BOGIE,2
8.99,RUN_055_SUSPENSION_FAULT,TRAIN001,-0.03157598457066081,0.34757389794669175,1.2918519798587829,27.90827460808221,25.850397704392762,24.00533385185439,119.31083842355353,4.994252321901688,0.2176695690491672,1.087096750631143,2.0314963588578285,ZONE_01,SUSPENSION_FAULT,REAR_BOGIE,2
9.0,RUN_055_SUSPENSION_FAULT,TRAIN001,0.044781419522487764,-0.016581925124693878,0.5981543961210879,27.94778432392792,25.963733513390167,23.965306459167714,119.84360647275285,4.979171099309451,0.2009662836084561,1.0006455112788513,1.5633818231588454,ZONE_01,SUSPENSION_FAULT,REAR_BOGIE,2
9.01,RUN_055_SUSPENSION_FAULT,TRAIN001,-0.1013403547531626,-0.021291313856626415,1.384689847256136,27.696751055135056,26.04483280267669,24.04948456616486,120.58261684207393,5.006480350450933,0.26079540515422944,1.3056670713925396,1.4584223129815135,ZONE_01,SUSPENSION_FAULT,REAR_BOGIE,2
9.02,RUN_055_SUSPENSION_FAULT,TRAIN001,0.021948893789758592,-0.2233285738554272,0.31429342232867136,27.73608127162427,25.885225455703704,24.007033562951428,120.36393687644964,5.0210696615052015,0.25538725062963985,1.2823171760717098,1.6105595765209069,ZONE_01,SUSPENSION_FAULT,REAR_BOGIE,2
9.03,RUN_055_SUSPENSION_FAULT,TRAIN001,-0.0011350328098036417,-0.42986108572616627,0.06202989423703803,27.855870799334042,25.875921539931145,23.967649681190082,120.22466725432223,5.010832639707952,0.22101055468688446,1.1074469011449999,1.4127803694013636,ZONE_01,SUSPENSION_FAULT,REAR_BOGIE,2
9.040000000000001,RUN_055_SUSPENSION_FAULT,TRAIN001,-0.030114869805499052,-0.49797039954680417,0.16054342352702594,27.922840744450546,26.06592699496927,23.929225282009366,119.65042569055731,4.971115953169703,0.2232355081474457,1.1097295958657125,1.4448363379514237,ZONE_01,SUSPENSION_FAULT,REAR_BOGIE,2
9.05,RUN_055_SUSPENSION_FAULT,TRAIN001,0.07607611556692484,-0.7255474279758282,-0.5506905826969845,27.849341195178393,26.00234294700483,23.955506010633247,120.4462833457111,4.970491448377155,0.2001435144556848,0.9948116270501307,1.3309602889600411,ZONE_01,SUSPENSION_FAULT,REAR_BOGIE,2
9.06,RUN_055_SUSPENSION_FAULT,TRAIN001,0.07109059779674227,-0.483695302083877,-0.01206034357830052,27.9887078290468,25.842776807687077,23.914123036137607,119.71812648465561,4.972545900436569,0.26210253111044596,1.3033168665672963,1.423876917038519,ZONE_01,SUSPENSION_FAULT,REAR_BOGIE,2
9.07,RUN_055_SUSPENSION_FAULT,TRAIN001,-0.0019388215354029193,-0.8409033216914154,0.31769869716541677,27.733300416617432,26.11430977301786,23.938967216537325,121.02238351866254,4.995264702633198,0.21226659027306763,1.0603278059393582,1.4288807605823972,ZONE_01,SUSPENSION_FAULT,REAR_BOGIE,2
9.08,RUN_055_SUSPENSION_FAULT,TRAIN001,0.0655207388045019,-0.7409649098127258,0.004716860342919901,27.87445383006425,25.985620986765714,24.024195657335934,120.21142787864503,4.962231852984904,0.25829444007072844,1.281716897967869,1.6514779055229225,ZONE_01,SUSPENSION_FAULT,REAR_BOGIE,2
9.09,RUN_055_SUSPENSION_FAULT,TRAIN001,-0.2598134285651243,-0.5026338826868727,0.4587592330697388,27.834510828787046,26.000786922527187,23.998548385450633,120.04717585354197,5.0236792813989375,0.21261435628182968,1.0681063365809997,1.2596438156791803,ZONE_01,SUSPENSION_FAULT,REAR_BOGIE,2
9.1,RUN_055_SUSPENSION_FAULT,TRAIN001,0.1275306702951979,-0.33129019718658426,-0.30583438023295817,28.229600448184158,26.113495294398625,24.01293188910883,119.0543795977436,5.014683309577163,0.22238229843425344,1.1151768003036584,1.6341812719892674,ZONE_01,SUSPENSION_FAULT,REAR_BOGIE,2
9.11,RUN_055_SUSPENSION_FAULT,TRAIN001,-0.06633916236769306,-0.5206561475650344,0.6305057348015295,27.826278441535464,25.890923012517863,23.964378262100084,119.83985762135941,4.981030371149207,0.22850651611924222,1.1381978967954414,1.5800186717131686,ZONE_01,SUSPENSION_FAULT,REAR_BOGIE,2
9.120000000000001,RUN_055_SUSPENSION_FAULT,TRAIN001,-0.06042087351965534,-0.8172079055520101,0.7367123293149437,27.86402379109191,26.028573408678827,24.038729872402005,120.18951560317126,5.014270198868459,0.21333680808560487,1.0697283991053683,1.4397115334097108,ZONE_01,SUSPENSION_FAULT,REAR_BOGIE,2
9.13,RUN_055_SUSPENSION_FAULT,TRAIN001,-0.018222843106779168,0.10336325204103605,0.2447161487529934,28.01294108280076,25.968784793002737,24.000293281082936,120.31909050186574,4.998285538747985,0.21105855045745617,1.0549309005806151,1.5209185584701794,ZONE_01,SUSPENSION_FAULT,REAR_BOGIE,2
9.14,RUN_055_SUSPENSION_FAULT,TRAIN001,0.011190809705811634,0.35145100834919596,1.5001795587891413,27.832824111163113,25.96948519970761,24.006676805765153,120.51511850249616,4.980324659001776,0.20971862278676118,1.0444668285167984,1.8358659006135332,ZONE_01,SUSPENSION_FAULT,REAR_BOGIE,2
9.15,RUN_055_SUSPENSION_FAULT,TRAIN001,0.14572412626164866,0.09292597903996741,1.7392409659349628,27.831458805339956,26.07881515624085,23.950196124642947,120.93867387916258,5.000090114096774,0.28975214471935185,1.448786834349569,1.796641762106924,ZONE_01,SUSPENSION_FAULT,REAR_BOGIE,2
9.16,RUN_055_SUSPENSION_FAULT,TRAIN001,0.17692856567113624,0.5784437473742794,1.295270897924352,27.860968496527136,26.098589201836035,24.031293128575864,121.54433130142775,4.9993263949370865,0.23488702722176905,1.174276915018096,2.106724264595293,ZONE_01,SUSPENSION_FAULT,REAR_BOGIE,2
9.17,RUN_055_SUSPENSION_FAULT,TRAIN001,-0.06588319644905556,0.14746202739345565,1.352144094533235,27.985925709366786,26.05041256749024,23.975058420344308,119.36622889678013,5.025693484501866,0.27687514676201536,1.3914896211023584,1.696694943948439,ZONE_01,SUSPENSION_FAULT,REAR_BOGIE,2
9.18,RUN_055_SUSPENSION_FAULT,TRAIN001,0.0797314585911304,0.5815126947269506,1.022794710546413,27.762284583330658,26.023519586397647,24.05862598411207,121.05846556866793,5.048282654920021,0.21956287897206087,1.1084154735789586,2.405102306361992,ZONE_01,SUSPENSION_FAULT,REAR_BOGIE,2
9.19,RUN_055_SUSPENSION_FAULT,TRAIN001,0.02491637962098789,0.5775177877409746,1.7536126462468504,27.918976062989376,26.06037426127144,24.01068824600839,119.55089074168897,4.9757874541863645,0.2602767066086613,1.295081571360322,2.400469874816089,ZONE_01,SUSPENSION_FAULT,REAR_BOGIE,2
9.200000000000001,RUN_055_SUSPENSION_FAULT,TRAIN001,-0.041024303287281794,0.7644063540457654,1.947580760420999,28.029879105680095,25.990554336977898,23.975197230761832,119.64481653574094,5.017916790222393,0.2363855361759884,1.186162950943215,2.035189559788148,ZONE_01,SUSPENSION_FAULT,REAR_BOGIE,2
9.21,RUN_055_SUSPENSION_FAULT,TRAIN001,-0.1154420476216606,0.6680099560625465,1.2142875656746348,27.839841201363424,26.086223105942477,23.99191697119403,119.93714870920299,4.968924520347632,0.18929806436826804,0.9406077936938314,2.029210447972537,ZONE_01,SUSPENSION_FAULT,REAR_BOGIE,2
9.22,RUN_055_SUSPENSION_FAULT,TRAIN001,0.11764592492467181,1.0613878231923235,2.367884521264951,27.941641638131216,26.01587174286631,24.062280549891828,118.74774768698096,5.021683027734689,0.2224341779806929,1.1169939363537624,2.0911888378169863,ZONE_01,SUSPENSION_FAULT,REAR_BOGIE,2
9.23,RUN_055_SUSPENSION_FAULT,TRAIN001,-0.07705972319980157,0.963284134586141,1.7782537568954082,27.949209777795254,25.911004542625946,24.006070640669996,120.93433408717434,5.0169938267124605,0.2140948077963834,1.0741123290456462,2.0204086866700277,ZONE_01,SUSPENSION_FAULT,REAR_BOGIE,2
9.24,RUN_055_SUSPENSION_FAULT,TRAIN001,-0.055137861235337864,0.8384765062100241,2.387194870371186,27.87346258335101,25.934763436868344,23.948671835195725,119.81602421814094,5.023724031419723,0.2866908315980604,1.440255620286881,2.191610584583708,ZONE_01,SUSPENSION_FAULT,REAR_BOGIE,2
9.25,RUN_055_SUSPENSION_FAULT,TRAIN001,-0.014175790763910324,0.40353619191959816,2.0084750750622873,27.89819246402915,26.017467542767275,24.03368605816388,120.20927737235013,5.015073078263184,0.20794631783937423,1.042865980320205,2.4127607868487395,ZONE_01,SUSPENSION_FAULT,REAR_BOGIE,2
9.26,RUN_055_SUSPENSION_FAULT,TRAIN001,-0.03013485046239683,0.8686131529230459,2.0336370271316637,27.881878162788777,25.925115229823767,24.003397157693204,120.22180275734394,5.003240456291007,0.25646945359732115,1.2831783460409663,1.7750134420963537,ZONE_01,SUSPENSION_FAULT,REAR_BOGIE,2
9.27,RUN_055_SUSPENSION_FAULT,TRAIN001,-0.03574275508499124,0.9136935280341018,1.5203945911607673,27.92511432512905,26.188294746383278,24.028101073202848,119.42287314324726,5.012145619264499,0.24191704571082803,1.2125234608849362,1.8343758083673058,ZONE_01,SUSPENSION_FAULT,REAR_BOGIE,2
9.28,RUN_055_SUSPENSION_FAULT,TRAIN001,-0.10528557826394852,0.20600202507435345,1.492550872897601,28.210397263087305,26.05232654719007,24.04213551002701,120.92199019723967,4.993129079153901,0.21365059188465557,1.066784983117716,2.2416032494596854,ZONE_01,SUSPENSION_FAULT,REAR_BOGIE,2
9.290000000000001,RUN_055_SUSPENSION_FAULT,TRAIN001,-0.15513361115771362,0.15396622898109807,1.3725180784761513,28.02913715202511,25.857581313589225,24.10890562263242,120.36949374692168,5.0080977846601415,0.23685671477964373,1.1862015885698127,1.3736283322069123,ZONE_01,SUSPENSION_FAULT,REAR_BOGIE,2
9.3,RUN_055_SUSPENSION_FAULT,TRAIN001,-0.005400686575997801,-0.24575428891266243,1.0182613909873641,27.973460639205342,26.086975623020916,24.060645837421436,121.38463734477638,5.004784405623475,0.24814753735475067,1.2419249252469249,1.716218988421111,ZONE_01,SUSPENSION_FAULT,REAR_BOGIE,2
9.31,RUN_055_SUSPENSION_FAULT,TRAIN001,-0.03451123921852265,-0.29901832266940415,1.055329046337862,27.899369585972853,25.844552704857165,24.040222828205373,119.34277501736244,5.021932865401887,0.21149869216543873,1.0621322331751333,1.6891058636954852,ZONE_01,SUSPENSION_FAULT,REAR_BOGIE,2
9.32,RUN_055_SUSPENSION_FAULT,TRAIN001,0.06518531188906761,-0.46076180003936185,0.29470945177820207,28.02555197788475,25.887237937225084,24.056974399652603,120.61991269544221,5.007878944881765,0.23265553136855777,1.1651107369508793,1.7981686772281424,ZONE_01,SUSPENSION_FAULT,REAR_BOGIE,2
9.33,RUN_055_SUSPENSION_FAULT,TRAIN001,0.012127492225741053,-0.32278152963487067,0.30074650435614353,27.962224303301827,25.987726681760215,24.071214901817473,120.47015896135515,4.9819814702709015,0.24498827834312187,1.220527063139003,1.4026436634664756,ZONE_01,SUSPENSION_FAULT,REAR_BOGIE,2
9.34,RUN_055_SUSPENSION_FAULT,TRAIN001,-0.14332144417460518,-0.4825942853648365,0.05759455738223858,27.930207822353015,26.02310612672905,24.063935552344823,120.09151227052168,4.956127437064083,0.22901268706949962,1.135016061820918,1.2117190922723184,ZONE_01,SUSPENSION_FAULT,REAR_BOGIE,2
9.35,RUN_055_SUSPENSION_FAULT,TRAIN001,-0.027072950002149973,-0.6662413572009158,0.27967830379334874,27.983064148883486,25.97694722524637,24.003650176976524,120.29786888923248,5.011938677714084,0.19546614680055502,0.9796643413334407,1.371402016609517,ZONE_01,SUSPENSION_FAULT,REAR_BOGIE,2
9.36,RUN_055_SUSPENSION_FAULT,TRAIN001,0.09849076429276005,-0.1735536955542092,-0.2625462072776042,27.77954844144368,26.05515638224573,23.956346257378605,121.09928337756394,4.995312069700418,0.20430536054189702,1.0205690334194337,1.4170166301223541,ZONE_01,SUSPENSION_FAULT,REAR_BOGIE,2
9.370000000000001,RUN_055_SUSPENSION_FAULT,TRAIN001,0.059979288810872104,-0.4563980990447146,1.059315730622627,27.88426320836898,25.998119267527,23.873658261575844,119.25129590361406,5.0197440084625145,0.24227985034492028,1.2161828271401083,1.2486020828000899,ZONE_01,SUSPENSION_FAULT,REAR_BOGIE,2
9.38,RUN_055_SUSPENSION_FAULT,TRAIN001,0.028290303915915783,-0.9149074034379179,0.3632585702413198,27.850757320765457,26.01825679164083,23.952790592891795,119.2036643839512,4.990314715923166,0.23366994198480656,1.1660865501556925,1.308088906443692,ZONE_01,SUSPENSION_FAULT,REAR_BOGIE,2
9.39,RUN_055_SUSPENSION_FAULT,TRAIN001,-0.13543696096836044,-0.7716436181870912,0.08214021833470075,27.92625755347456,25.891638546331755,23.952726416829872,120.1154814524016,4.996618730225983,0.25463454039946964,1.2723117139224747,1.6099967080016058,ZONE_01,SUSPENSION_FAULT,REAR_BOGIE,2
9.4,RUN_055_SUSPENSION_FAULT,TRAIN001,0.17173688366843606,-0.21242468563210004,0.08985547647267716,27.82495398031582,25.893311369051908,24.01654357489295,119.40035247410331,4.987893163904504,0.23490915941428436,1.1717017903810623,1.8064001690903864,ZONE_01,SUSPENSION_FAULT,REAR_BOGIE,2
9.41,RUN_055_SUSPENSION_FAULT,TRAIN001,-0.0983971623286094,-0.06584490118267794,0.7171413170472642,28.088544028192498,26.050157288304742,23.99206200728585,119.60934058281218,5.007093620969531,0.18975061161790913,0.9500990770070998,1.382258337358713,ZONE_01,SUSPENSION_FAULT,REAR_BOGIE,2
9.42,RUN_055_SUSPENSION_FAULT,TRAIN001,0.050987372768148,-0.08828991644587322,0.7082903825186933,27.980483805828534,26.04273749635757,24.065386917358264,119.63961373098365,5.024585413807451,0.2436732233199552,1.2243569236288925,1.7307931615794523,ZONE_01,SUSPENSION_FAULT,REAR_BOGIE,2
9.43,RUN_055_SUSPENSION_FAULT,TRAIN001,0.05684708221604761,0.5923022446874803,1.5899269773532883,27.972848832706724,26.25965040866638,23.967662504978144,120.1000501598794,4.985548283520552,0.20299838946051899,1.0120582721323268,1.3086597015757788,ZONE_01,SUSPENSION_FAULT,REAR_BOGIE,2
9.44,RUN_055_SUSPENSION_FAULT,TRAIN001,0.019899525000495927,-0.047985891462922675,1.2132534335932057,28.09219971486533,26.039707696530566,23.987309371366507,120.56611068936367,5.038637030474984,0.266377348884844,1.342178774170929,1.784456915120573,ZONE_01,SUSPENSION_FAULT,REAR_BOGIE,2
9.450000000000001,RUN_055_SUSPENSION_FAULT,TRAIN001,0.07431554364194913,0.20835386781825638,1.5993131503186462,28.064986301190928,26.05749399830373,24.05089453082093,119.97716161393332,5.010168363608206,0.2430214628356533,1.2175784447769775,1.859627399181526,ZONE_01,SUSPENSION_FAULT,REAR_BOGIE,2
9.46,RUN_055_SUSPENSION_FAULT,TRAIN001,-0.16125592553476262,-0.0024118321315461655,1.475386907583211,28.126083911600265,26.068545128242118,24.0395588025685,120.41910380666668,5.0059903387336755,0.23563184581108737,1.1795707436282865,1.9677561934192274,ZONE_01,SUSPENSION_FAULT,REAR_BOGIE,2
9.47,RUN_055_SUSPENSION_FAULT,TRAIN001,-0.14965886442776705,0.25774519917166916,1.334175312116273,27.89552501352716,26.063330210171856,24.03193603572013,119.69415287679121,5.005817085260494,0.17804049898802968,0.8912381717025827,2.1033110979882292,ZONE_01,SUSPENSION_FAULT,REAR_BOGIE,2
9.48,RUN_055_SUSPENSION_FAULT,TRAIN001,0.13888208217769335,0.5367195318999649,1.418777590971244,28.027662608342347,26.046469674762374,24.02139468504562,119.60412562837168,5.000567471588704,0.22147715749950525,1.1075114694919541,1.8175641915140623,ZONE_01,SUSPENSION_FAULT,REAR_BOGIE,2
9.49,RUN_055_SUSPENSION_FAULT,TRAIN001,-0.053315338363891664,0.5127050098155774,1.4570822990045693,27.965672373840768,26.196296962881082,23.98754549546217,120.57783937848187,4.990278267837282,0.2669804146928637,1.3323065613799832,1.7288444792287252,ZONE_01,SUSPENSION_FAULT,REAR_BOGIE,2
9.5,RUN_055_SUSPENSION_FAULT,TRAIN001,-0.07483379811910261,0.6624845751378096,1.8246123825631506,28.017749952752332,25.972890398627992,24.097599280644182,120.24550824945588,5.006649324998837,0.25242966986396936,1.2638268362341214,1.8725291513151885,ZONE_01,SUSPENSION_FAULT,REAR_BOGIE,2
9.51,RUN_055_SUSPENSION_FAULT,TRAIN001,0.1433869334203088,0.7318482892841199,1.9883720313829254,27.99917306948859,25.93113508321115,23.977826157715818,121.19553769023116,5.027524987864995,0.21320420779608232,1.0718894822127645,2.4675634819818484,ZONE_01,SUSPENSION_FAULT,REAR_BOGIE,2
9.52,RUN_055_SUSPENSION_FAULT,TRAIN001,0.07137716923100659,0.7399075062747655,2.1032703990058677,28.21343800874971,26.138746345090265,24.05221647403521,119.3409665384452,4.978158576841728,0.23908972239251436,1.190226552163003,2.0569053654460436,ZONE_01,SUSPENSION_FAULT,REAR_BOGIE,2
9.53,RUN_055_SUSPENSION_FAULT,TRAIN001,-0.18383300433400498,0.867818108564507,1.8349980177783727,27.996525635768535,26.04437049830646,24.011078783349042,120.49212833326429,5.027161933129892,0.24686028350922462,1.241006620059227,2.0231062538383227,ZONE_01,SUSPENSION_FAULT,REAR_BOGIE,2
9.540000000000001,RUN_055_SUSPENSION_FAULT,TRAIN001,0.11594148794286274,0.5839641847220665,2.334250094754406,28.044153288804107,25.98859634822032,24.00658791580585,119.49316069477268,4.9852249156298045,0.23005147263079048,1.1468583332363447,2.223576353118189,ZONE_01,SUSPENSION_FAULT,REAR_BOGIE,2
9.55,RUN_055_SUSPENSION_FAULT,TRAIN001,0.081804097747177,0.20949899356454094,1.580752805160677,28.094740959908652,25.988470234484623,23.997250035702454,119.52484114361535,5.0336721295808635,0.22529193781844048,1.1340457484159487,2.1082207766381518,ZONE_01,SUSPENSION_FAULT,REAR_BOGIE,2
9.56,RUN_055_SUSPENSION_FAULT,TRAIN001,0.0037945089662923407,0.238033663158039,1.2401714587955468,27.93612786875842,26.088838010455095,24.01650107115759,119.42238980486125,4.997621254111854,0.24785729545772306,1.2386968877661981,1.659052460865143,ZONE_01,SUSPENSION_FAULT,REAR_BOGIE,2
9.57,RUN_055_SUSPENSION_FAULT,TRAIN001,-0.04066151137116547,-0.0057985539504257395,1.9288986888016837,28.191144563370933,25.978762057776535,24.02342932613047,119.08779657399303,4.9880291061399085,0.22822013222924112,1.1383686621665532,1.793337353475705,ZONE_01,SUSPENSION_FAULT,REAR_BOGIE,2
9.58,RUN_055_SUSPENSION_FAULT,TRAIN001,-0.02204899342341931,-0.23207736737952991,0.5904546669618513,27.904872614504537,25.96379283335117,24.03759464842369,120.19525873572934,4.986202108713281,0.2084434615115343,1.0393412273363078,2.0717354709163254,ZONE_01,SUSPENSION_FAULT,REAR_BOGIE,2
9.59,RUN_055_SUSPENSION_FAULT,TRAIN001,-0.10050212593689285,-0.12085226380012123,1.046798060779651,27.970328784088615,26.011339101067794,23.923986751679603,119.64101542327703,5.016581958567643,0.20546547088555037,1.0307343743530575,1.6608091489756713,ZONE_01,SUSPENSION_FAULT,REAR_BOGIE,2
9.6,RUN_055_SUSPENSION_FAULT,TRAIN001,0.00630729810618004,0.0733770145799364,0.4655620476920707,28.02407869702548,26.130779905590256,23.981650100021387,119.12209795517471,5.014251151884829,0.22896826987838173,1.148104410982752,1.6307085861462216,ZONE_01,SUSPENSION_FAULT,REAR_BOGIE,2
9.61,RUN_055_SUSPENSION_FAULT,TRAIN001,0.0856609661122769,-0.22017246126428375,0.44642226725329825,28.0289391808279,25.985604796002736,24.00938476164277,119.40200510836056,4.98633191902328,0.2552649968479286,1.2728360015922033,1.7576057412630517,ZONE_01,SUSPENSION_FAULT,REAR_BOGIE,2
9.620000000000001,RUN_055_SUSPENSION_FAULT,TRAIN001,-0.08179490602574013,-0.6670214939020552,-0.44703543197884943,28.15939797152418,26.150280388354325,24.09143735466333,120.04568582415527,5.03567910876364,0.22109680297463064,1.113372551753778,1.66232768223771,ZONE_01,SUSPENSION_FAULT,REAR_BOGIE,2
9.63,RUN_055_SUSPENSION_FAULT,TRAIN001,0.04401511410378864,-0.347475664967967,0.6709482237928851,27.967784220539492,25.94585459603905,24.024387301352885,120.97701134767284,4.974134745179169,0.2656375963336506,1.32131719754909,1.2414954333199708,ZONE_01,SUSPENSION_FAULT,REAR_BOGIE,2
9.64,RUN_055_SUSPENSION_FAULT,TRAIN001,0.17558478868799776,-0.5015893273374125,0.48492096162150766,27.909218952956486,25.959284555731173,24.0149220828856,119.69703294943622,5.000959597746564,0.210273560493115,1.0515695805003862,1.5924992140357714,ZONE_01,SUSPENSION_FAULT,REAR_BOGIE,2
9.65,RUN_055_SUSPENSION_FAULT,TRAIN001,-0.08386831410345255,-0.7992271431983626,0.4484391049030193,27.906580916666652,26.18409572402634,24.00371468366547,122.15725973485131,4.995420535571182,0.20018594075720944,1.0000129593912002,1.4972599289386996,ZONE_01,SUSPENSION_FAULT,REAR_BOGIE,2
9.66,RUN_055_SUSPENSION_FAULT,TRAIN001,-0.07191975042220637,-0.35462814099418233,-0.571532836175074,28.041051833675176,26.291004848000394,23.94101559715867,119.01125660996199,5.012459913785635,0.22750915319763926,1.1403805104224818,1.2488965490432609,ZONE_01,SUSPENSION_FAULT,REAR_BOGIE,2
9.67,RUN_055_SUSPENSION_FAULT,TRAIN001,-0.1219796147531532,-0.7147843455738698,0.10407729474185441,27.93185255625308,26.060076571523577,24.04123909805239,119.18473037127279,5.034018915124907,0.22928895172709532,1.1542449200233595,1.3942221097938812,ZONE_01,SUSPENSION_FAULT,REAR_BOGIE,2
9.68,RUN_055_SUSPENSION_FAULT,TRAIN001,0.053157830065242544,0.10635548044912485,0.39985683773987996,28.262976829889038,25.93835049608801,24.028171888243296,120.36209276238534,4.982990863047832,0.23728513673166626,1.1823896682709485,1.8203465090095279,ZONE_01,SUSPENSION_FAULT,REAR_BOGIE,2
9.69,RUN_055_SUSPENSION_FAULT,TRAIN001,-0.031131061178081926,-0.049339771893349316,1.0687992917757447,27.96494078581092,26.36133932457995,23.976973797243943,120.12953859460045,4.989091815875827,0.20322189446796432,1.0138926904969017,1.488097735768556,ZONE_01,SUSPENSION_FAULT,REAR_BOGIE,2
9.700000000000001,RUN_055_SUSPENSION_FAULT,TRAIN001,0.12625248858915336,-0.1204389819857223,0.7364099509465191,27.95936697787461,25.918916345325872,23.982232225378397,119.91590658564385,5.012147954886653,0.23960144288363797,1.2009178819371171,1.5840934031166511,ZONE_01,SUSPENSION_FAULT,REAR_BOGIE,2
9.71,RUN_055_SUSPENSION_FAULT,TRAIN001,0.11958108941008805,0.23695252213159268,1.0826584722666104,28.133768080086273,26.0317552247547,24.098304721558623,118.88773185392809,4.98259757015395,0.25455888837431134,1.2683644986749343,1.7926613618069152,ZONE_01,SUSPENSION_FAULT,REAR_BOGIE,2
9.72,RUN_055_SUSPENSION_FAULT,TRAIN001,0.04681495041270165,0.03022873299258718,1.5233470285733897,27.981666931441133,26.086992364180837,23.99588953370945,119.9908139309621,4.991650208993743,0.2582567022081919,1.289127121551556,1.6340090238274394,ZONE_01,SUSPENSION_FAULT,REAR_BOGIE,2
9.73,RUN_055_SUSPENSION_FAULT,TRAIN001,0.08323528307012738,0.9426112983199093,0.9051983818064786,28.083438010747976,26.090610103687553,23.988631623050754,120.49405812416474,5.0431576744356,0.19284318883025353,0.9725386077119266,2.1819680349832256,ZONE_01,SUSPENSION_FAULT,REAR_BOGIE,2
9.74,RUN_055_SUSPENSION_FAULT,TRAIN001,-0.008395573650651241,0.5434065475388326,1.3281789342476684,28.224043592950245,26.097075759601697,24.001207095723924,120.57401072574439,4.980091670944518,0.1922708126044486,0.9575262724171487,1.7391628433374906,ZONE_01,SUSPENSION_FAULT,REAR_BOGIE,2
9.75,RUN_055_SUSPENSION_FAULT,TRAIN001,-0.06691309169060525,0.763411224518904,1.4215644636676705,28.09996097799019,26.07940079198333,24.04200997899187,120.82727973544065,4.991331323440882,0.18317232186932017,0.914273747733733,1.7564146593849783,ZONE_01,SUSPENSION_FAULT,REAR_BOGIE,2
9.76,RUN_055_SUSPENSION_FAULT,TRAIN001,0.018786525442531354,1.252874186835529,2.071797421707813,28.164778981616795,26.209460716590495,23.91157623625985,120.66347822514592,4.992706498852254,0.22651737652427337,1.1309347778757026,2.5094297218226624,ZONE_01,SUSPENSION_FAULT,REAR_BOGIE,2
9.77,RUN_055_SUSPENSION_FAULT,TRAIN001,-0.04444456190498466,0.7295221453324247,1.4655666474662838,28.081082031769924,26.131229731683646,24.018759885277902,118.90998976450702,4.999846344610387,0.22898951882217192,1.1449124086371276,2.383125955672711,ZONE_01,SUSPENSION_FAULT,REAR_BOGIE,2
9.78,RUN_055_SUSPENSION_FAULT,TRAIN001,-0.08844031247353051,0.7875858833837459,1.9207676694549594,27.946254767637836,26.338790318593244,23.994235254268403,120.12449701258377,5.03173751142835,0.25405586661543705,1.2783424340473322,1.9624681435908804,ZONE_01,SUSPENSION_FAULT,REAR_BOGIE,2
9.790000000000001,RUN_055_SUSPENSION_FAULT,TRAIN001,0.1617822735939071,0.8105876954333825,1.6732663077527063,27.820948218927906,26.202603329220373,24.012782449889965,121.12954595621366,5.01556898512384,0.236313996550005,1.1852491518468673,1.7810117886110397,ZONE_01,SUSPENSION_FAULT,REAR_BOGIE,2
9.8,RUN_055_SUSPENSION_FAULT,TRAIN001,-0.04215116410738072,0.7123756317765495,2.629487807759367,28.035682579111487,26.304562366204536,23.94742357997443,120.48212892445376,5.037706171306252,0.2027839346225844,1.0215658788899569,2.511650145998719,ZONE_01,SUSPENSION_FAULT,REAR_BOGIE,2
9.81,RUN_055_SUSPENSION_FAULT,TRAIN001,-0.3525938817384974,0.26842973456135527,2.190290602896165,28.08941403119957,26.057676734836928,23.92982583885617,119.37713256420139,5.020397564159615,0.218239761413316,1.095650366602187,2.249772000981166,ZONE_01,SUSPENSION_FAULT,REAR_BOGIE,2
9.82,RUN_055_SUSPENSION_FAULT,TRAIN001,-0.04465804070539174,0.4963534513977929,2.0475744951635177,27.96952400306867,26.175000478549613,24.018095766335477,120.06217336261601,5.045280609201673,0.1977911400550771,0.9979118035917729,2.1524355002084237,ZONE_01,SUSPENSION_FAULT,REAR_BOGIE,2
9.83,RUN_055_SUSPENSION_FAULT,TRAIN001,-0.03419955851335338,0.26219294751926847,1.9709965641157667,28.02758597145041,26.205867132689487,23.945098266431657,120.58309830948393,4.971701846363114,0.24329551824443446,1.2095927772677255,2.0659996080362837,ZONE_01,SUSPENSION_FAULT,REAR_BOGIE,2
9.84,RUN_055_SUSPENSION_FAULT,TRAIN001,-0.03201480233432039,0.7533445031374102,0.939397548620672,28.048612421961412,26.08519427469166,24.051007694218903,120.78257247525636,4.96360446197031,0.23388877176217923,1.1609313511235082,1.887632361605672,ZONE_01,SUSPENSION_FAULT,REAR_BOGIE,2
9.85,RUN_055_SUSPENSION_FAULT,TRAIN001,0.07165345844819795,0.27044537424892734,1.3059305276809647,28.06612896259853,26.01026918013488,23.994476629039994,121.07688093544783,4.982633768607346,0.25295840894375,1.260399110456315,2.1996869235082857,ZONE_01,SUSPENSION_FAULT,REAR_BOGIE,2
9.86,RUN_055_SUSPENSION_FAULT,TRAIN001,0.10973469934640193,0.2659461356090925,0.842711713833853,28.060695341922777,26.244159735824734,24.0228474706356,119.0524540017656,4.998411385025258,0.24180591465273824,1.2086454367666926,2.036634385073686,ZONE_01,SUSPENSION_FAULT,REAR_BOGIE,2
9.870000000000001,RUN_055_SUSPENSION_FAULT,TRAIN001,0.10556905257083804,-0.14228750373456733,0.30953875247008966,28.113727512515855,26.292239220985348,24.116508438864482,119.66437095769184,4.983246720687797,0.22776000900763418,1.134984317991116,1.3470702172250364,ZONE_01,SUSPENSION_FAULT,REAR_BOGIE,2
9.88,RUN_055_SUSPENSION_FAULT,TRAIN001,0.07035741887152072,-0.05878510531219794,0.7161201482656603,28.280289808018402,26.170410189258483,23.914475471029423,119.86152301779677,4.973687144222565,0.22377897124987425,1.1130065924528507,1.5744662924978043,ZONE_01,SUSPENSION_FAULT,REAR_BOGIE,2
9.89,RUN_055_SUSPENSION_FAULT,TRAIN001,-0.021078896344627913,-0.2730285260868507,-0.23016832066471427,28.02178235465886,26.03123181568675,23.994975855510575,118.97282460459387,5.0109882101604,0.25399992825305884,1.2727906458576654,1.5501501401712465,ZONE_01,SUSPENSION_FAULT,REAR_BOGIE,2
9.9,RUN_055_SUSPENSION_FAULT,TRAIN001,0.09680208948637706,-0.9615688641604528,-0.3174360511968122,28.17082854724407,26.074207142572824,23.97416943061537,118.99100203139304,5.009549820975761,0.2685329040535222,1.3452289614274233,1.240631410197821,ZONE_01,SUSPENSION_FAULT,REAR_BOGIE,2
9.91,RUN_055_SUSPENSION_FAULT,TRAIN001,-0.12542285962327313,-0.7416443759720727,0.10971362070965401,28.16495500178383,26.011297686081218,23.993335047841065,120.03230783422511,4.972356414648916,0.2108139145881656,1.0482419204997138,1.130076038386426,ZONE_01,SUSPENSION_FAULT,REAR_BOGIE,2
9.92,RUN_055_SUSPENSION_FAULT,TRAIN001,0.10841045935523459,-0.7236087859615156,0.3865568719766521,28.044929210621685,26.140603175203907,24.031988251361334,120.33889617224,4.982379871288103,0.20349098581154113,1.0138693916959955,1.4047969537031206,ZONE_01,SUSPENSION_FAULT,REAR_BOGIE,2
9.93,RUN_055_SUSPENSION_FAULT,TRAIN001,0.05427627649737913,-1.14178388574899,0.21376798175215583,28.24965602772686,26.122596514419644,24.051452638838676,119.53689794375421,5.012953464578208,0.28626259416637195,1.4350210632054599,1.5276256871381746,ZONE_01,SUSPENSION_FAULT,REAR_BOGIE,2
9.94,RUN_055_SUSPENSION_FAULT,TRAIN001,0.00277004726843528,-1.3727474520359793,-0.4529238085373027,28.279707697354297,26.107537176464994,24.056162005146334,118.11814173200334,5.009707088752826,0.18514297347390968,0.9275120666450217,1.23080150877129,ZONE_01,SUSPENSION_FAULT,REAR_BOGIE,2
9.950000000000001,RUN_055_SUSPENSION_FAULT,TRAIN001,-0.05416249505068456,-0.7916733947069858,1.1394121957028087,28.145205414066325,26.085521284136718,24.094187942895577,120.88887865364849,5.037226009659258,0.2511272631622436,1.2649847817353987,1.309837530959133,ZONE_01,SUSPENSION_FAULT,REAR_BOGIE,2
9.96,RUN_055_SUSPENSION_FAULT,TRAIN001,0.12708375215350928,-0.23413422146751922,0.14389666201710954,28.167677684470394,26.228264234283884,24.02990410153069,121.54095793737034,4.993956607766155,0.24426872286862644,1.2198674026403766,1.7139349773599437,ZONE_01,SUSPENSION_FAULT,REAR_BOGIE,2
9.97,RUN_055_SUSPENSION_FAULT,TRAIN001,-0.006149967361053336,0.06972031721554806,0.20391808650630455,28.33527392985558,26.261109324242202,24.02989896428151,119.75676365157122,4.986837121753089,0.2048357967879575,1.0214827552860586,1.494882021862494,ZONE_01,SUSPENSION_FAULT,REAR_BOGIE,2
9.98,RUN_055_SUSPENSION_FAULT,TRAIN001,-0.06596145712690106,-0.3995559933921523,0.5264497913337758,28.12823648379543,26.1033070405727,24.043450828210926,120.8650339694803,5.012656440079697,0.2550097661541651,1.2782763465958933,1.9062971803050264,ZONE_01,SUSPENSION_FAULT,REAR_BOGIE,2
9.99,RUN_055_SUSPENSION_FAULT,TRAIN001,-0.1795935597859103,-0.5705284229724346,0.19427223639103153,28.03748671140599,26.150833611474454,23.956424972619548,120.17349588829582,5.011362405358601,0.20215481840029903,1.0130710569933536,1.5815617818662262,ZONE_01,SUSPENSION_FAULT,REAR_BOGIE,2
10.0,RUN_055_SUSPENSION_FAULT,TRAIN001,-0.10164258015894637,-0.5251329222611938,0.9428616668690022,28.140962967940084,26.14045302562004,23.962878425503217,120.44899074178541,5.001886387865102,0.23519008695327542,1.176394094492398,1.7931186954621172,ZONE_01,SUSPENSION_FAULT,REAR_BOGIE,2
10.01,RUN_055_SUSPENSION_FAULT,TRAIN001,-0.0743431545926673,-0.3852519418500417,0.5648694188269099,28.260823700547256,26.006392447199833,24.001931050761353,120.56755812488281,4.992590131179987,0.25857365581994557,1.2909522822297907,2.0832885861669395,ZONE_01,SUSPENSION_FAULT,REAR_BOGIE,2
10.02,RUN_055_SUSPENSION_FAULT,TRAIN001,-0.23012414638877432,0.4822641329270356,0.4945263926138779,27.953836498396313,26.095743043453435,23.946714837943837,120.22856860350556,5.011844939039705,0.2239729539766184,1.1225177158694877,2.2162066618552316,ZONE_01,SUSPENSION_FAULT,REAR_BOGIE,2
10.03,RUN_055_SUSPENSION_FAULT,TRAIN001,-0.006927967750100028,-0.05376645269221647,1.2361517118207301,28.19321704425653,26.06817949579293,24.019265033869793,119.50933096797996,4.994317236958525,0.2326887909962469,1.1621216397195957,1.9507582076906542,ZONE_01,SUSPENSION_FAULT,REAR_BOGIE,2
10.040000000000001,RUN_055_SUSPENSION_FAULT,TRAIN001,-0.08205018693921595,0.6854383643477299,1.343590596304322,28.14643901862803,26.08467040836722,23.984071079135898,121.94368048785105,5.017583985848142,0.23603609603835363,1.1843309355641571,1.7497239827815312,ZONE_01,SUSPENSION_FAULT,REAR_BOGIE,2
10.05,RUN_055_SUSPENSION_FAULT,TRAIN001,-0.08313120089672138,0.3564223441836514,2.531980113979859,28.159725923320444,26.202915659054742,23.989340941782125,121.06219288898589,5.019365931752104,0.22901230052823432,1.1494965392235938,2.2196970616131884,ZONE_01,SUSPENSION_FAULT,REAR_BOGIE,2
10.06,RUN_055_SUSPENSION_FAULT,TRAIN001,-0.12868503953651336,0.8328099917987473,1.897953701743403,28.169149058728774,26.276998314479336,24.02592605785551,121.3256089764852,5.005071226443784,0.25954767571063164,1.2990546035896446,2.55378044945373,ZONE_01,SUSPENSION_FAULT,REAR_BOGIE,2
10.07,RUN_055_SUSPENSION_FAULT,TRAIN001,0.12363513392961854,0.8266330476644645,1.5293599258511967,28.26318688912811,26.062566259603592,23.944335129271185,118.51043037312739,5.006506771697236,0.2204476211404521,1.1036725080442202,2.4183303982184206,ZONE_01,SUSPENSION_FAULT,REAR_BOGIE,2
10.08,RUN_055_SUSPENSION_FAULT,TRAIN001,-0.012347337964740808,1.1319942950345396,2.875362516641154,27.942586597337765,26.024263958914045,24.059441097388845,120.47698955810209,5.019511478731587,0.2259535795160674,1.1341765860413908,2.3768289530903077,ZONE_01,SUSPENSION_FAULT,REAR_BOGIE,2
10.09,RUN_055_SUSPENSION_FAULT,TRAIN001,0.0696930080669527,0.6590414367778678,2.085953904115175,28.188910909353556,26.15585475543177,24.025821977119815,121.56629393939964,5.003893156770617,0.18907206607490007,0.9460964175686744,2.3653639908886066,ZONE_01,SUSPENSION_FAULT,REAR_BOGIE,2
10.1,RUN_055_SUSPENSION_FAULT,TRAIN001,0.007817441761404786,0.255466135314132,1.9778595083920818,27.983616758760196,26.379434704717326,24.00129627465714,119.04008643992816,4.983673942186616,0.24900959201094788,1.2409826150594816,2.0762937398695986,ZONE_01,SUSPENSION_FAULT,REAR_BOGIE,2
10.11,RUN_055_SUSPENSION_FAULT,TRAIN001,0.09043873085391564,0.07894667347134116,1.4404357852902703,28.16346142798795,25.971761652401337,23.97680210830434,121.01032541345938,4.980278092343769,0.21582452745752836,1.0748661658871748,2.065851879354471,ZONE_01,SUSPENSION_FAULT,REAR_BOGIE,2
10.120000000000001,RUN_055_SUSPENSION_FAULT,TRAIN001,-0.009364317656250063,0.3260481477824739,0.8991921564430702,28.24282428188934,26.209712478104542,24.058376241443703,118.97867818787478,4.975846842207034,0.2321809100134718,1.1552966479112892,2.254607195534576,ZONE_01,SUSPENSION_FAULT,REAR_BOGIE,2
10.13,RUN_055_SUSPENSION_FAULT,TRAIN001,-0.11860024539088805,0.3761662549105343,1.720868000595883,28.07563166697246,26.326095731133694,23.969430150968403,119.51433809835466,4.990801568212779,0.24822437329338617,1.238838591501266,1.8504284480051847,ZONE_01,SUSPENSION_FAULT,REAR_BOGIE,2
10.14,RUN_055_SUSPENSION_FAULT,TRAIN001,0.2983386730381259,0.16670814960242689,0.7556290096439104,28.325141696709814,26.269737060348568,24.012245969366703,121.45438478978353,5.035030723914712,0.1996958660989352,1.0054748212468971,1.6930445337803097,ZONE_01,SUSPENSION_FAULT,REAR_BOGIE,2
10.15,RUN_055_SUSPENSION_FAULT,TRAIN001,0.19006190383924482,-0.14959478555740657,0.48607141466526294,28.321606892842066,26.06522426115427,24.05523661709346,119.98480940093368,4.994513035500089,0.2611406817332473,1.3042705390160834,1.6628255488029902,ZONE_01,SUSPENSION_FAULT,REAR_BOGIE,2
10.16,RUN_055_SUSPENSION_FAULT,TRAIN001,-0.15811161138888116,-0.3453181346895051,1.020071659694112,28.225266269868143,26.164983165935148,24.01725078219934,119.44493670089571,5.005165399974929,0.220759057673431,1.1049355971981265,2.0642277612521327,ZONE_01,SUSPENSION_FAULT,REAR_BOGIE,2
10.17,RUN_055_SUSPENSION_FAULT,TRAIN001,0.1201419451022703,-0.09333394600479572,0.6829698822575749,28.39947350339415,26.013849932565716,24.048069643374248,120.68456362503031,5.003816396391645,0.26991027819810853,1.350581475602326,1.9235062339126259,ZONE_01,SUSPENSION_FAULT,REAR_BOGIE,2
10.18,RUN_055_SUSPENSION_FAULT,TRAIN001,0.0730621369850963,-0.689996876895729,0.3004171811645413,28.479054047618146,26.12032110023486,24.045358119408405,119.96852907789626,5.029833015650164,0.22607886745053005,1.1371389516434731,1.673512549438428,ZONE_01,SUSPENSION_FAULT,REAR_BOGIE,2
10.19,RUN_055_SUSPENSION_FAULT,TRAIN001,-0.025165884976499738,0.005425418946022331,0.5765132031783662,28.27388778324057,25.960547314396063,23.969665855438414,121.6026410379706,4.99719675978564,0.2588744302292357,1.2936464639328904,1.2771326714574915,ZONE_01,SUSPENSION_FAULT,REAR_BOGIE,2
10.200000000000001,RUN_055_SUSPENSION_FAULT,TRAIN001,-0.1324607822657962,-0.758623157954983,-0.5048340166240152,28.1560996373274,26.12892536373382,23.988500382477053,118.6274534006086,4.9668267055588515,0.2417125323677922,1.2005442608326085,1.5690548711112453,ZONE_01,SUSPENSION_FAULT,REAR_BOGIE,2
10.21,RUN_055_SUSPENSION_FAULT,TRAIN001,-0.05522694511236736,-1.1609486804821814,-0.30278913547171726,28.15769412371922,26.164963820910117,23.95305715060731,120.47191291183034,4.984609819047253,0.2053993961120264,1.023835846686383,1.2306970332908815,ZONE_01,SUSPENSION_FAULT,REAR_BOGIE,2
10.22,RUN_055_SUSPENSION_FAULT,TRAIN001,0.03410329598995231,-0.6153917068498876,0.012807810220562071,28.308864444698855,26.184173216369917,23.992439328203947,119.55749129748042,5.00911981773063,0.1907176193452213,0.9553274066525546,1.5164093786836934,ZONE_01,SUSPENSION_FAULT,REAR_BOGIE,2
10.23,RUN_055_SUSPENSION_FAULT,TRAIN001,-0.03907210698831248,-0.7830307753895653,-0.36848803475018066,28.07064135640288,26.134508499911604,23.975085134410598,119.85680120703691,4.9750138615435855,0.21981547255712722,1.0935850229534616,1.657897727659299,ZONE_01,SUSPENSION_FAULT,REAR_BOGIE,2
10.24,RUN_055_SUSPENSION_FAULT,TRAIN001,-0.1796470239942014,-0.5832919576017381,0.15252741061810596,28.259924732454337,26.220905732098934,23.99381050783449,119.71975397387308,4.99556627101599,0.26478562791471516,1.322754151860541,1.062665376355953,ZONE_01,SUSPENSION_FAULT,REAR_BOGIE,2
10.25,RUN_055_SUSPENSION_FAULT,TRAIN001,-0.005989813385752575,-0.27363332174855004,0.8333984829860873,28.1874166700453,26.139063473872927,24.123370588367315,120.45727891157712,5.002204872905232,0.2231154224968462,1.1160690536340339,1.6252398990433818,ZONE_01,SUSPENSION_FAULT,REAR_BOGIE,2
10.26,RUN_055_SUSPENSION_FAULT,TRAIN001,0.07417226116333174,-0.1447564983184717,0.9228442258087215,28.17276786202014,26.23583391595279,23.895855287097223,119.959485570521,4.989593192997841,0.18229312417772817,0.9095685315275026,1.5733326781892223,ZONE_01,SUSPENSION_FAULT,REAR_BOGIE,2
10.27,RUN_055_SUSPENSION_FAULT,TRAIN001,0.09401605244772335,-0.45119435470608044,0.7289332305929003,28.209493072250865,26.07330428033405,24.00364186615982,120.15393621310035,5.000173019541046,0.2569787925362518,1.2849384250340021,1.2384377291417414,ZONE_01,SUSPENSION_FAULT,REAR_BOGIE,2
10.28,RUN_055_SUSPENSION_FAULT,TRAIN001,0.14151180978021904,-0.0901284827185539,1.2887324658079686,28.341676498006215,26.189694090133372,24.023360124580226,119.02051081371303,4.9810451633977175,0.232766774553715,1.159421816590469,1.4544669718922318,ZONE_01,SUSPENSION_FAULT,REAR_BOGIE,2
10.290000000000001,RUN_055_SUSPENSION_FAULT,TRAIN001,-0.05670924112148458,0.982583280603156,1.0216958720522382,28.26964682736898,26.2782246427598,23.97858781975917,119.32704685565174,4.993175031454984,0.19863066758012332,0.9917976898423068,1.9102272550196213,ZONE_01,SUSPENSION_FAULT,REAR_BOGIE,2
10.3,RUN_055_SUSPENSION_FAULT,TRAIN001,0.017589140913366882,0.3193564458268681,2.1460548625819356,28.202924484161258,26.120923983235947,23.972293680738595,120.0558567655778,5.007020429929305,0.2168233411116271,1.0856388986314476,1.8961016171586134,ZONE_01,SUSPENSION_FAULT,REAR_BOGIE,2
10.31,RUN_055_SUSPENSION_FAULT,TRAIN001,0.16851030283689736,0.4633588540113389,0.9816232660325254,28.20355183572106,26.176808882450246,24.059067569790095,119.3015257989601,5.009153293777446,0.25486851124051974,1.2766754425606035,1.9467447624592853,ZONE_01,SUSPENSION_FAULT,REAR_BOGIE,2
10.32,RUN_055_SUSPENSION_FAULT,TRAIN001,-0.07502323793672228,0.6320447418923888,1.4513905938660896,28.29278302483143,26.222135675669055,24.052007817176356,119.33804752424453,4.987842932868925,0.24660352174610978,1.230019633161922,2.4272121826234083,ZONE_01,SUSPENSION_FAULT,REAR_BOGIE,2
10.33,RUN_055_SUSPENSION_FAULT,TRAIN001,-0.016290158831461225,0.14792262016113011,2.5238332232207097,28.16393547029359,26.156142613109008,23.98656590419683,120.14311708642038,5.008689719370227,0.2308580943680724,1.1562965638947658,1.6966287830182452,ZONE_01,SUSPENSION_FAULT,REAR_BOGIE,2
10.34,RUN_055_SUSPENSION_FAULT,TRAIN001,0.03180369447565198,0.9777610648556081,2.039805421792604,28.10410398210742,26.0378191153206,24.019092168467235,119.13439361812516,5.007351997539972,0.19588664871109837,0.9808734017149293,2.378880362353407,ZONE_01,SUSPENSION_FAULT,REAR_BOGIE,2
10.35,RUN_055_SUSPENSION_FAULT,TRAIN001,0.026024670805972136,1.1785231175175623,2.29376382772372,28.344476311389485,26.33400136704031,23.977174565905933,119.86940675364853,4.990426693163366,0.23572833759755263,1.1763849882818522,1.903380748015686,ZONE_01,SUSPENSION_FAULT,REAR_BOGIE,2
10.36,RUN_055_SUSPENSION_FAULT,TRAIN001,-0.07988153577973003,0.9244538522498806,2.2760733544080427,28.00413325144401,26.12898220123421,23.966254983538377,119.40593506253872,4.977949795139835,0.2300716492811789,1.1452851194067284,2.504183964484497,ZONE_01,SUSPENSION_FAULT,REAR_BOGIE,2
10.370000000000001,RUN_055_SUSPENSION_FAULT,TRAIN001,0.03559284883527279,1.0935810498127223,2.1814966422992805,28.27933951560448,26.40874061027958,24.07527393684254,119.10014294787601,4.990128329162888,0.23146362072832052,1.1550331709670065,2.348684464597409,ZONE_01,SUSPENSION_FAULT,REAR_BOGIE,2
10.38,RUN_055_SUSPENSION_FAULT,TRAIN001,0.0517325352960654,1.065808963939468,2.18517804311438,28.28610770980998,26.091594492010476,24.012977462293506,120.21318827210175,4.982034717268297,0.23671473995500206,1.1793210525449571,2.2843877493568256,ZONE_01,SUSPENSION_FAULT,REAR_BOGIE,2
10.39,RUN_055_SUSPENSION_FAULT,TRAIN001,-0.2771739427150339,0.6914498675880995,1.601007593883817,28.193662147494802,26.054995696376018,24.034626800970337,120.31906153992566,4.951616372091348,0.23776047178004742,1.1772986447022458,2.074216506879263,ZONE_01,SUSPENSION_FAULT,REAR_BOGIE,2
10.4,RUN_055_SUSPENSION_FAULT,TRAIN001,0.021270293617910302,0.428962498635172,3.944387763799079,28.284281984959748,26.17855346213739,24.00274086166098,119.75487260086602,5.043320055706461,0.2233192106933339,1.1262702541142278,1.9861193037644778,ZONE_01,SUSPENSION_FAULT,REAR_BOGIE,2
10.41,RUN_055_SUSPENSION_FAULT,TRAIN001,0.0639608564395575,0.14240843483123874,1.5746065490103025,28.289269596949648,26.114130916856112,23.993023947278452,119.06699646895598,4.983996923901079,0.21016909966314187,1.0474821462201582,2.2211174061082803,ZONE_01,SUSPENSION_FAULT,REAR_BOGIE,2
10.42,RUN_055_SUSPENSION_FAULT,TRAIN001,0.12084622845060591,-0.1949883152797755,1.3304427939055872,28.41015450265112,26.31476421282347,23.976334143194283,121.19097718957549,4.982666573359897,0.21945438885015484,1.0934680477007914,1.8336840769688707,ZONE_01,SUSPENSION_FAULT,REAR_BOGIE,2
10.43,RUN_055_SUSPENSION_FAULT,TRAIN001,-0.1073722756981354,-0.312379840196539,0.6801459223083166,28.27055478270861,26.104755096423954,23.95127442745204,120.22700599967719,4.971073346364735,0.20831120997115402,1.0355303036365915,1.88961309693613,ZONE_01,SUSPENSION_FAULT,REAR_BOGIE,2
10.44,RUN_055_SUSPENSION_FAULT,TRAIN001,0.06028151230682254,0.44741235921695977,0.43257446540800615,28.32213542609059,26.281409944811102,23.992651093611485,120.3837619117284,4.996179544776628,0.24738029366821093,1.2359563630059507,1.6607456061397847,ZONE_01,SUSPENSION_FAULT,REAR_BOGIE,2
10.450000000000001,RUN_055_SUSPENSION_FAULT,TRAIN001,-0.033559425080396776,-0.14405480275353566,0.2135112701825621,28.238533437782152,26.10461862075087,23.99885174944903,120.4261066140504,4.993764568685393,0.25855940636976504,1.2911848024296608,2.217885984795111,ZONE_01,SUSPENSION_FAULT,REAR_BOGIE,2
10.46,RUN_055_SUSPENSION_FAULT,TRAIN001,0.0469312296824621,-0.5610312588164998,0.17172551342112707,28.276166788553176,26.104833285654667,23.96190640989494,120.58909551425299,5.011117570959217,0.2492086042765021,1.248813615724202,1.7492842876772878,ZONE_01,SUSPENSION_FAULT,REAR_BOGIE,2
10.47,RUN_055_SUSPENSION_FAULT,TRAIN001,0.09647439156221936,-1.137893070838861,0.3361111616652158,28.0525880763882,26.329974762152172,24.074418929247194,120.17269961160169,5.002581729248532,0.23467154003581556,1.1739635585577863,1.4125515256506787,ZONE_01,SUSPENSION_FAULT,REAR_BOGIE,2
10.48,RUN_055_SUSPENSION_FAULT,TRAIN001,0.12809460966979322,-0.6495445199087896,-0.5957394197762341,28.169919760394347,26.281307513539534,24.086877369606274,119.62173290568056,4.982883722009257,0.19473173212735392,0.9703255781760589,1.2851192688913289,ZONE_01,SUSPENSION_FAULT,REAR_BOGIE,2
10.49,RUN_055_SUSPENSION_FAULT,TRAIN001,-0.0016392136524904987,-0.6977837142079708,-0.2941570148456789,28.359800402519095,26.198293087305668,24.09083703018155,118.52444098059156,4.994104284868247,0.2355779429624677,1.1765008143693074,1.362099367756537,ZONE_01,SUSPENSION_FAULT,REAR_BOGIE,2
10.5,RUN_055_SUSPENSION_FAULT,TRAIN001,0.03302461338769692,-1.5973037400142327,-0.27945139233176425,28.3464659297146,26.214020087091782,23.990010413818915,120.12631407599437,5.000844796678405,0.23072152050186032,1.1538025152834581,1.3442412312730716,ZONE_01,SUSPENSION_FAULT,REAR_BOGIE,2
10.51,RUN_055_SUSPENSION_FAULT,TRAIN001,-0.02686292084289992,-0.7945539919957703,0.2912757626931713,28.242131525203547,26.304931196629575,23.94160373730019,120.71370207039841,5.0059689870130395,0.223614625136082,1.1194078784737729,1.5732526501742057,ZONE_01,SUSPENSION_FAULT,REAR_BOGIE,2
10.52,RUN_055_SUSPENSION_FAULT,TRAIN001,0.029867343260519846,-0.12184336091482262,0.2291575826640568,28.32715764297063,26.206106981027403,23.913035540762515,119.76118625280998,5.017804389600167,0.19440628586089548,0.9754927145586663,1.335000968773484,ZONE_01,SUSPENSION_FAULT,REAR_BOGIE,2
10.53,RUN_055_SUSPENSION_FAULT,TRAIN001,0.03735468264114576,-0.5597805375903393,-0.35952353658084457,28.351019601742777,26.224285405388997,24.049740090170108,120.9495731366914,4.984188100066818,0.19205400972347306,0.9572333098338512,1.6632400898719726,ZONE_01,SUSPENSION_FAULT,REAR_BOGIE,2
10.540000000000001,RUN_055_SUSPENSION_FAULT,TRAIN001,-0.03369150718917429,-0.4585891365722181,-0.06722990835210829,28.368968166827763,26.08820624175464,23.93008768755097,119.53779159615095,4.95338704426996,0.24947893038791363,1.2357657016018186,1.7648622016937012,ZONE_01,SUSPENSION_FAULT,REAR_BOGIE,2
10.55,RUN_055_SUSPENSION_FAULT,TRAIN001,0.12252366262370165,-0.776917519786812,0.372823891871471,28.457488506578247,26.298543141822485,23.962795594279676,120.80829112665539,5.055430516324774,0.22546735956639805,1.1398345699871393,1.3250726608170145,ZONE_01,SUSPENSION_FAULT,REAR_BOGIE,2
10.56,RUN_055_SUSPENSION_FAULT,TRAIN001,0.07019617611143815,0.03362779958190379,1.5386819800408489,28.35162795353861,26.071871116716316,23.946804722327773,120.32176072525847,5.018374728401568,0.2593364009124356,1.3014472404935842,1.8113615983454554,ZONE_01,SUSPENSION_FAULT,REAR_BOGIE,2
10.57,RUN_055_SUSPENSION_FAULT,TRAIN001,0.11553287863355188,0.023933370041041662,1.4998274079466052,28.378428282094493,26.278794571761058,24.052864379053585,120.10308041736197,5.015481392110701,0.21885778192306576,1.097677132753758,1.5503344428051105,ZONE_01,SUSPENSION_FAULT,REAR_BOGIE,2
10.58,RUN_055_SUSPENSION_FAULT,TRAIN001,0.1044936054629465,0.45028853699498905,1.7109705480855404,28.354329595898342,26.507068233846706,23.9913067574163,120.86412946275173,5.004811947482887,0.23155326921520863,1.1588805682469976,1.262037456087092,ZONE_01,SUSPENSION_FAULT,REAR_BOGIE,2
10.59,RUN_055_SUSPENSION_FAULT,TRAIN001,0.05684814346338049,0.45718300859424454,1.6146595580401968,28.201062764419103,26.1360529149937,23.989500287323263,120.86480993994145,4.9823755585872025,0.25946063216316156,1.2927303121053209,1.9358419094907464,ZONE_01,SUSPENSION_FAULT,REAR_BOGIE,2
10.6,RUN_055_SUSPENSION_FAULT,TRAIN001,-0.1475834560878335,0.07525210699314183,1.4410845155252916,28.306525163584492,26.25506221516131,24.057496871342174,120.50542534079678,4.976818056500473,0.23094604875298058,1.1493764655112724,2.2264263710657803,ZONE_01,SUSPENSION_FAULT,REAR_BOGIE,2
10.61,RUN_055_SUSPENSION_FAULT,TRAIN001,-0.039894786699365296,1.0406830785134433,1.2413787269051206,28.394483294171156,26.140688864383158,24.020258143016086,120.30943231066236,5.009554472964207,0.2589610156608347,1.2972793143270884,1.8008866209323067,ZONE_01,SUSPENSION_FAULT,REAR_BOGIE,2
10.620000000000001,RUN_055_SUSPENSION_FAULT,TRAIN001,-0.03593556963460656,0.8589495188260627,1.8031754536007178,28.24547419477988,26.08518460146034,23.98180451668623,119.74585603246071,5.024298641442094,0.20210057576976545,1.0154136482746976,1.7960321426845496,ZONE_01,SUSPENSION_FAULT,REAR_BOGIE,2
10.63,RUN_055_SUSPENSION_FAULT,TRAIN001,-0.05460410150640621,1.174976687452502,1.6837385891935894,28.05490327733642,26.21925385131565,24.10886835183902,120.91612671443096,4.976829567585924,0.2522883020051036,1.255595880975047,2.4305693223332696,ZONE_01,SUSPENSION_FAULT,REAR_BOGIE,2
10.64,RUN_055_SUSPENSION_FAULT,TRAIN001,0.061544209648358474,0.6142218396547872,1.9843050157886635,28.033054743683927,26.268118731877863,24.015287890218215,119.83073289270236,4.965416460942743,0.21580486101979873,1.0715610092591694,1.7054119902779523,ZONE_01,SUSPENSION_FAULT,REAR_BOGIE,2
10.65,RUN_055_SUSPENSION_FAULT,TRAIN001,0.054535633826201094,0.5326146636040908,2.0256017369553234,28.31253380691636,26.394836058616534,23.910106685611805,119.26456652739184,5.008101197340657,0.25096056793950466,1.2568359207831246,2.398713921812645,ZONE_01,SUSPENSION_FAULT,REAR_BOGIE,2
10.66,RUN_055_SUSPENSION_FAULT,TRAIN001,-0.009928152242262797,0.21932713201601978,2.394100480467706,28.404917846732676,26.326678516131672,24.083740712217697,121.31428576843928,5.010446103084969,0.1934343683401389,0.9691924770525515,2.1977157979416395,ZONE_01,SUSPENSION_FAULT,REAR_BOGIE,2
10.67,RUN_055_SUSPENSION_FAULT,TRAIN001,0.07484879890074082,0.3674854239191142,1.408808152495005,28.451325462398778,26.267741818500223,23.925976972308696,120.53271422139409,5.024089319393539,0.2592879952298571,1.302686047481288,2.08577200404346,ZONE_01,SUSPENSION_FAULT,REAR_BOGIE,2
10.68,RUN_055_SUSPENSION_FAULT,TRAIN001,0.039908603451421595,1.108464230470334,1.9351510890688746,28.160478227930344,26.379607482176734,24.049629516242256,119.69044268118142,4.971817497039016,0.24164343319520815,1.2014070492045144,2.455394859491368,ZONE_01,SUSPENSION_FAULT,REAR_BOGIE,2
10.69,RUN_055_SUSPENSION_FAULT,TRAIN001,-0.18320052572747864,0.37967105985652483,1.5288734606049073,28.318126703782916,26.38536393088333,23.85689237803929,120.98444254164198,4.999002491002789,0.20158463808028462,1.0077221079112384,1.6262758071118046,ZONE_01,SUSPENSION_FAULT,REAR_BOGIE,2
10.700000000000001,RUN_055_SUSPENSION_FAULT,TRAIN001,-0.1266974374184485,-0.32559098099581174,1.4212589918777372,28.321648096794515,25.991214381014654,23.994077528056213,120.35877073374304,5.002957100557359,0.201794299431543,1.0095682231930359,1.8010157876895245,ZONE_01,SUSPENSION_FAULT,REAR_BOGIE,2
10.71,RUN_055_SUSPENSION_FAULT,TRAIN001,0.05814990984049674,0.6583097685931413,1.000443574922964,28.31237234862961,26.142110776459003,23.980952053134423,120.67081259340173,4.994521651684042,0.25860203318567676,1.2915934539153777,1.920735477400897,ZONE_01,SUSPENSION_FAULT,REAR_BOGIE,2
10.72,RUN_055_SUSPENSION_FAULT,TRAIN001,-0.013763596395262213,0.07597093092836624,0.9200740538560657,28.297266296854705,26.1640873964616,24.07095804400415,119.87697693279112,4.984959942944575,0.1897665494658047,0.9459786475978467,1.7796957142532146,ZONE_01,SUSPENSION_FAULT,REAR_BOGIE,2
10.73,RUN_055_SUSPENSION_FAULT,TRAIN001,0.07224149260375952,-0.3914551056114254,0.8259533497698662,28.367141602955712,26.387921775192,23.99444269982835,120.18215453700435,5.015493444538661,0.22790716437830907,1.1430668889028042,1.3781963133644135,ZONE_01,SUSPENSION_FAULT,REAR_BOGIE,2
10.74,RUN_055_SUSPENSION_FAULT,TRAIN001,-0.011593243686139974,-0.5431190733046615,0.8103879210981595,28.36431725143467,26.356315478636596,23.967933756415427,121.16181346859358,4.9953806418648705,0.24734282997792031,1.235571584775777,1.1983041499061258,ZONE_01,SUSPENSION_FAULT,REAR_BOGIE,2
10.75,RUN_055_SUSPENSION_FAULT,TRAIN001,-0.06148657061639912,-0.14844703705167717,0.8618313200456572,28.427682950483003,26.296516560200143,23.950959693031713,120.32383694105089,5.023166925870624,0.22000125973873016,1.105103051569462,1.7090952415664074,ZONE_01,SUSPENSION_FAULT,REAR_BOGIE,2
10.76,RUN_055_SUSPENSION_FAULT,TRAIN001,0.0887844320164156,-0.7355023376596894,3.4855148379628047,28.386706169957748,26.349890564884547,23.987119126672553,119.15003857094875,5.01344734695065,0.21338744346976019,1.0698067123360508,1.3612784935256976,ZONE_01,SUSPENSION_FAULT,REAR_BOGIE,2
10.77,RUN_055_SUSPENSION_FAULT,TRAIN001,0.09500990523576291,-0.6319471449954208,-0.2620280289238785,28.35915205126631,26.262656022463588,23.99052178194435,120.14918093342386,4.978516244729744,0.22807348619851267,1.1354675560314405,1.323697216845994,ZONE_01,SUSPENSION_FAULT,REAR_BOGIE,2
10.78,RUN_055_SUSPENSION_FAULT,TRAIN001,0.10904055943856113,-1.0064927201737701,-0.39270054027106455,28.128293423342026,26.304265631910805,23.972619023739956,120.20809908372658,5.026812185899937,0.23569595106695632,1.1847992789906512,1.3874442368151905,ZONE_01,SUSPENSION_FAULT,REAR_BOGIE,2
10.790000000000001,RUN_055_SUSPENSION_FAULT,TRAIN001,-0.03229754418644848,-0.8916878016618872,0.6805477365791663,28.4466214622679,26.40936279515316,23.98295698527918,120.79834006770915,4.989819651360184,0.15026018152226006,0.7497712065767217,1.3048230398377858,ZONE_01,SUSPENSION_FAULT,REAR_BOGIE,2
10.8,RUN_055_SUSPENSION_FAULT,TRAIN001,0.10460717121853554,-0.8121171144512244,-0.8161892789751424,28.14480942124052,26.191880412526995,24.017943804155145,118.77773025258222,4.996277373332618,0.23022216465292258,1.1502537920950535,1.264180820581409,ZONE_01,SUSPENSION_FAULT,REAR_BOGIE,2
10.81,RUN_055_SUSPENSION_FAULT,TRAIN001,0.23334984219660077,-0.8795657955371999,0.05150166438270204,28.2666045295482,26.29227088504598,23.97054710608534,118.64120977246068,4.994646513363694,0.27506113951286415,1.3738331614297716,1.6494237151065636,ZONE_01,SUSPENSION_FAULT,REAR_BOGIE,2
10.82,RUN_055_SUSPENSION_FAULT,TRAIN001,0.10626205546099099,-0.49458441346810916,0.12080758376905079,28.37369028124142,26.349690204022853,23.923819465450574,119.6624803663372,4.979070234406599,0.23447807306570956,1.1674827942224901,1.2469985193615518,ZONE_01,SUSPENSION_FAULT,REAR_BOGIE,2
10.83,RUN_055_SUSPENSION_FAULT,TRAIN001,-0.03160332891275231,-0.29349283104121526,0.7046409079517855,28.413927128231542,26.099354663788066,24.083471642379926,119.03165338151084,4.987120529137001,0.24620299339463908,1.227844002693386,1.5008864697368005,ZONE_01,SUSPENSION_FAULT,REAR_BOGIE,2
10.84,RUN_055_SUSPENSION_FAULT,TRAIN001,-0.06929216781820834,-0.17465054099402427,0.7742180477480087,28.17219510520596,26.23861087061936,24.066144811668774,119.49654375671089,5.014613279983595,0.209294482449632,1.049530891119218,1.7617117141495546,ZONE_01,SUSPENSION_FAULT,REAR_BOGIE,2
10.85,RUN_055_SUSPENSION_FAULT,TRAIN001,0.08317286349435829,-0.47348069736845483,0.17783532964280546,28.355522267580067,26.242698346948544,23.98228203822326,120.95081347599654,5.013826298433846,0.2662391683212288,1.3348769438021324,1.4194286864696661,ZONE_01,SUSPENSION_FAULT,REAR_BOGIE,2
10.86,RUN_055_SUSPENSION_FAULT,TRAIN001,-0.04074562289262206,0.09543350526033084,1.361391990831514,28.381414625117124,26.278951644069306,23.94566474990518,120.33965733323045,4.973229480599646,0.22494246325714237,1.1186904897091232,1.6317036980150477,ZONE_01,SUSPENSION_FAULT,REAR_BOGIE,2
10.870000000000001,RUN_055_SUSPENSION_FAULT,TRAIN001,0.012138209001532375,0.44585052534965514,0.9326613761026061,28.444332703610492,26.253969844023086,23.99186118414064,119.55052269047083,5.00164702074503,0.22998913089122394,1.150324451325829,1.813426393580142,ZONE_01,SUSPENSION_FAULT,REAR_BOGIE,2
10.88,RUN_055_SUSPENSION_FAULT,TRAIN001,-0.05512361837092268,0.4268053986733335,1.7073825438318746,28.36128982471448,26.28946042337171,23.96934294841916,119.25262284460256,4.9763788411301535,0.23368802441167486,1.1629201401077656,2.0443385756412353,ZONE_01,SUSPENSION_FAULT,REAR_BOGIE,2
10.89,RUN_055_SUSPENSION_FAULT,TRAIN001,0.15366084221528606,0.8732230327620244,1.2999454597875193,28.36610214957234,26.187933837512272,23.95519872971557,120.70781852679794,5.014554242010257,0.2767807072687527,1.387931869741123,1.9143373422010266,ZONE_01,SUSPENSION_FAULT,REAR_BOGIE,2
10.9,RUN_055_SUSPENSION_FAULT,TRAIN001,-0.05045707258524099,1.0797592449611728,2.1604373109806936,28.324654603807982,26.48776222552169,24.117576273173572,118.98399472612503,5.020919120139395,0.23058868511857042,1.1577671379996326,1.7089414559449447,ZONE_01,SUSPENSION_FAULT,REAR_BOGIE,2
10.91,RUN_055_SUSPENSION_FAULT,TRAIN001,0.10303010053681877,0.593960832124189,1.6929194789881041,28.1788446795231,26.29896959079758,23.986578092559768,118.94328339543321,5.013444491674447,0.23353026710609903,1.1707910312623344,2.079716558721957,ZONE_01,SUSPENSION_FAULT,REAR_BOGIE,2
10.92,RUN_055_SUSPENSION_FAULT,TRAIN001,-0.12337283872069645,0.7097182778825819,3.008755611053628,28.454918809834258,26.35375767956021,23.98331833906301,119.9356886449968,4.993175723504158,0.238334387621967,1.1900454783502354,2.1235372170984657,ZONE_01,SUSPENSION_FAULT,REAR_BOGIE,2
10.93,RUN_055_SUSPENSION_FAULT,TRAIN001,-0.025957007945349733,1.14783535013129,1.792595991971138,28.428706943425606,26.143931560482926,24.014337549214485,119.01716232096074,4.968013219579238,0.1911066112231488,0.9494201709055932,2.2872458801505946,ZONE_01,SUSPENSION_FAULT,REAR_BOGIE,2
10.94,RUN_055_SUSPENSION_FAULT,TRAIN001,-0.051526029859637515,0.4856241664748415,1.682554844642554,28.368511252323533,26.2416617453077,23.984637755793713,119.59929865177037,5.023625508199859,0.19766759377287246,0.9930079662218897,1.9668005234431623,ZONE_01,SUSPENSION_FAULT,REAR_BOGIE,2
10.950000000000001,RUN_055_SUSPENSION_FAULT,TRAIN001,-0.053280171300163263,0.7399001586330556,2.520086939930148,28.362902825349657,26.327970670840134,24.006417277725546,120.58885684961646,5.015487658236439,0.24625797217367448,1.2351038201793967,1.9843150519114752,ZONE_01,SUSPENSION_FAULT,REAR_BOGIE,2
10.96,RUN_055_SUSPENSION_FAULT,TRAIN001,-0.10600799619186081,0.5943073607959691,1.8899463856536076,28.334035645046892,26.32908517065725,24.03301612243621,118.9960036484891,5.010056671754095,0.2027207712456478,1.0156425524823933,2.4276549563006795,ZONE_01,SUSPENSION_FAULT,REAR_BOGIE,2
10.97,RUN_055_SUSPENSION_FAULT,TRAIN001,0.012732010570828829,0.7471194028747916,1.0264933654567447,28.551636156805838,26.05204838753183,23.914053159296003,120.39181308320046,4.993117962534238,0.2239481500355531,1.1181995306188328,1.899761902126633,ZONE_01,SUSPENSION_FAULT,REAR_BOGIE,2
10.98,RUN_055_SUSPENSION_FAULT,TRAIN001,-0.015037679757730217,0.06291980002691855,2.0692657945113,28.313783874191053,26.1956456300731,24.010543105919954,120.32331007841586,4.9982974594178575,0.2118348359147639,1.0588135221689632,1.8361767104499815,ZONE_01,SUSPENSION_FAULT,REAR_BOGIE,2
10.99,RUN_055_SUSPENSION_FAULT,TRAIN001,-0.05508235755087459,-0.0797850196100657,1.2957425891088576,28.312424299830816,26.17956058890852,24.04283530416652,121.33702569266549,5.001211246009475,0.21682461974032055,1.0843857266570192,1.8107316430403364,ZONE_01,SUSPENSION_FAULT,REAR_BOGIE,2
11.0,RUN_055_SUSPENSION_FAULT,TRAIN001,0.06689590355529883,0.29897270103420126,0.9764184907636221,28.40171393262515,26.17835978758741,23.96735350443768,120.6043504969001,4.991189101014265,0.22282175915467403,1.1121455357616346,1.947507374656787,ZONE_01,SUSPENSION_FAULT,REAR_BOGIE,2
11.01,RUN_055_SUSPENSION_FAULT,TRAIN001,-0.032628790552210025,0.10859085587613229,0.7385579840651567,28.387651205991762,26.30288832961194,23.990782518668055,120.6076298584324,5.0036290455228905,0.24878875204118692,1.2448466259126751,1.7795557517219873,ZONE_01,SUSPENSION_FAULT,REAR_BOGIE,2
11.02,RUN_055_SUSPENSION_FAULT,TRAIN001,0.12906261985127757,-0.5117242331520007,0.27680355315648547,28.343115807020695,26.372584200811126,24.03412704623356,120.51367325258214,5.0118408951265385,0.2754137354500842,1.3803298224082936,1.649395970535461,ZONE_01,SUSPENSION_FAULT,REAR_BOGIE,2
11.03,RUN_055_SUSPENSION_FAULT,TRAIN001,0.0912190120836553,-0.34684571493654587,1.3320388036920079,28.461633161192992,26.23941700420721,24.009300895770714,121.61132802966479,5.03013365411703,0.23835031582893165,1.198933945120532,1.428696573154523,ZONE_01,SUSPENSION_FAULT,REAR_BOGIE,2
11.040000000000001,RUN_055_SUSPENSION_FAULT,TRAIN001,-0.08696331250962298,-0.2993827823662183,0.43904393319103885,28.420185259782844,26.314001128543396,23.972444159144608,122.25589349445444,5.007752503813098,0.22638883778738925,1.1336992692651358,1.3741226750595197,ZONE_01,SUSPENSION_FAULT,REAR_BOGIE,2
11.05,RUN_055_SUSPENSION_FAULT,TRAIN001,-0.02300388455018414,-0.6971723551581005,0.004337121191485049,28.360713354589194,26.179828371453354,23.986577230013808,118.85204724575881,5.010868998252061,0.23449042780275062,1.1750008150636662,1.6952887889333352,ZONE_01,SUSPENSION_FAULT,REAR_BOGIE,2
11.06,RUN_055_SUSPENSION_FAULT,TRAIN001,0.22690352430427377,-0.668915968830086,0.12390106273023349,28.5284913879123,26.340902251525467,24.015793417625506,119.50021355079583,4.987984823186946,0.2208155891224416,1.1014248072658233,1.3737715586689843,ZONE_01,SUSPENSION_FAULT,REAR_BOGIE,2
11.07,RUN_055_SUSPENSION_FAULT,TRAIN001,-0.08607544216607793,-0.7187054299568825,0.05784108312785744,28.39316115847134,26.300070958327698,24.00859182794644,121.01347104648397,4.99350447301093,0.24958490610460982,1.2463033450293821,1.4839496020221319,ZONE_01,SUSPENSION_FAULT,REAR_BOGIE,2
11.08,RUN_055_SUSPENSION_FAULT,TRAIN001,-0.10606807896808257,-0.39765684996861533,0.17164846589553068,28.512955882664965,26.339603295245986,24.05532978636261,120.53675560395253,5.007118049477324,0.2124441220038191,1.0637327977906852,1.5130009047283444,ZONE_01,SUSPENSION_FAULT,REAR_BOGIE,2
11.09,RUN_055_SUSPENSION_FAULT,TRAIN001,0.09479974647544519,-0.8721904980032373,0.2023548182915702,28.27460579323196,26.307700658783638,23.952375891097294,122.65205665320816,5.008777418617285,0.2159852379319781,1.0818219825083735,1.4853125398913178,ZONE_01,SUSPENSION_FAULT,REAR_BOGIE,2
11.1,RUN_055_SUSPENSION_FAULT,TRAIN001,-0.12113331570715716,-0.7465481725736667,1.3115800247364526,28.37149742163849,26.240397575463863,24.042286938326868,119.90966197890376,4.9526931229542575,0.19772636351328993,0.9792780007990246,1.6337161330224585,ZONE_01,SUSPENSION_FAULT,REAR_BOGIE,2
11.11,RUN_055_SUSPENSION_FAULT,TRAIN001,0.04244832177489333,-0.4259680985661646,0.7900317171377729,28.374046417334075,26.370182858976708,24.090783853722808,119.72711288855605,4.994880151385729,0.2477429619814819,1.2374464034468133,1.40077271270934,ZONE_01,SUSPENSION_FAULT,REAR_BOGIE,2
11.120000000000001,RUN_055_SUSPENSION_FAULT,TRAIN001,-0.029190337195626023,-0.731764688338558,0.2135918821111069,28.46500508807243,26.34164286500315,23.92623720231544,119.65048152819655,5.013887350848813,0.21529556006531428,1.07946768530539,1.679643988460161,ZONE_01,SUSPENSION_FAULT,REAR_BOGIE,2
11.13,RUN_055_SUSPENSION_FAULT,TRAIN001,-0.14604574303261264,-0.08034219215857676,0.21775069853993345,28.419557126784515,26.17131444644754,24.00120680783688,119.74019199398626,4.978887944685854,0.2473877306103374,1.2317157895990005,1.735608644361196,ZONE_01,SUSPENSION_FAULT,REAR_BOGIE,2
11.14,RUN_055_SUSPENSION_FAULT,TRAIN001,0.0857841119691285,-0.09335877818771998,1.311563719198236,28.31134554157101,26.233307646741554,24.018790037763306,120.66443251510375,5.036429467971302,0.2466319371495984,1.2421443560030834,2.135043604554668,ZONE_01,SUSPENSION_FAULT,REAR_BOGIE,2
11.15,RUN_055_SUSPENSION_FAULT,TRAIN001,-0.08268044219557764,-0.07435185705169385,1.31372212520798,28.45873095106419,26.346219660994706,24.03304394375163,119.95603718759573,5.0459518360372995,0.21755411355736293,1.0977675787422425,1.7702275390405402,ZONE_01,SUSPENSION_FAULT,REAR_BOGIE,2
11.16,RUN_055_SUSPENSION_FAULT,TRAIN001,0.1496978489715683,0.3208341062084179,1.8074198745160923,28.522447513241868,26.252116332763592,23.97059466405987,119.28336098056754,5.02163574179359,0.2460331461963498,1.2354888406055178,1.9706459364409938,ZONE_01,SUSPENSION_FAULT,REAR_BOGIE,2
11.17,RUN_055_SUSPENSION_FAULT,TRAIN001,0.09615780826612474,0.6394262484473205,1.5444408146386421,28.655612458559627,26.243771047201278,23.99080678672754,120.26116749036893,5.014689523023386,0.2223326349459897,1.1149291350898378,2.0575863736818274,ZONE_01,SUSPENSION_FAULT,REAR_BOGIE,2
11.18,RUN_055_SUSPENSION_FAULT,TRAIN001,-0.04339414186331092,0.5736684680220618,1.4600890516085816,28.50957742036136,26.152579376901606,23.98611846949192,120.84746074468642,4.980709673020496,0.21160376105791134,1.0539368995486569,2.3983934252065633,ZONE_01,SUSPENSION_FAULT,REAR_BOGIE,2
11.19,RUN_055_SUSPENSION_FAULT,TRAIN001,-0.06609174121653606,0.10099951169823662,1.3824956600767717,28.433368403680053,26.277887328131367,24.020937768230333,119.21441885480078,4.992131901756803,0.22343492958664435,1.1154166399562722,2.4379614239786376,ZONE_01,SUSPENSION_FAULT,REAR_BOGIE,2
11.200000000000001,RUN_055_SUSPENSION_FAULT,TRAIN001,-0.15723683530266724,1.1280816809498753,1.7860475517299943,28.46900321474836,26.420426322726843,23.958979671455136,118.98141670450325,4.966868047342023,0.2040688360941574,1.0135829814543469,1.988602789979672,ZONE_01,SUSPENSION_FAULT,REAR_BOGIE,2
11.21,RUN_055_SUSPENSION_FAULT,TRAIN001,0.044412149767564704,1.0720463731923622,1.964054462128773,28.393170110118202,26.417163899728703,24.050922206872812,120.04795952726569,4.986245781105827,0.21144375975789761,1.054310555033971,2.0050417976896666,ZONE_01,SUSPENSION_FAULT,REAR_BOGIE,2
11.22,RUN_055_SUSPENSION_FAULT,TRAIN001,-0.17555163420436992,0.8081110734116517,1.7244093388921389,28.49511683958907,26.441107409803024,23.963196529771555,118.87034892471218,4.992730902122105,0.22413350692162112,1.1190382862085764,2.2591616329005926,ZONE_01,SUSPENSION_FAULT,REAR_BOGIE,2
11.23,RUN_055_SUSPENSION_FAULT,TRAIN001,-0.07042637185396138,0.9423611525126404,1.3979168767018546,28.51965423088882,26.307764890734365,24.039002265230824,120.00114857251965,4.980810188663038,0.21218480978801937,1.0568522624716956,2.329422848570176,ZONE_01,SUSPENSION_FAULT,REAR_BOGIE,2
11.24,RUN_055_SUSPENSION_FAULT,TRAIN001,0.023046288884646812,1.1003885236960036,1.9053954309450287,28.442042999963096,26.530167849027592,23.961040792650103,119.444742834453,4.965568000157174,0.2362630030904702,1.1731800077670744,2.3966662984412492,ZONE_01,SUSPENSION_FAULT,REAR_BOGIE,2
11.25,RUN_055_SUSPENSION_FAULT,TRAIN001,0.05585613865341842,0.4048317338330584,2.013061586543386,28.495721878116544,26.508352247486833,24.087698754500646,121.31847227670889,5.0185040086304,0.22294430597919462,1.1188468932579105,2.1593847685953524,ZONE_01,SUSPENSION_FAULT,REAR_BOGIE,2
11.26,RUN_055_SUSPENSION_FAULT,TRAIN001,0.04468106067805436,0.25754072552556617,3.356954448741278,28.523186434057912,26.283217951396416,23.955270376652834,120.49703876118583,4.975248034730755,0.24067297044692418,1.1974077232288725,2.174978401907175,ZONE_01,SUSPENSION_FAULT,REAR_BOGIE,2
11.27,RUN_055_SUSPENSION_FAULT,TRAIN001,-0.14341554133218415,0.28520746256325474,0.7629436360143628,28.562699951537404,26.31327830364949,23.917525832930387,119.73982914898258,5.0222727811091,0.2177980569067773,1.0938412529813586,2.0968848165362637,ZONE_01,SUSPENSION_FAULT,REAR_BOGIE,2
11.28,RUN_055_SUSPENSION_FAULT,TRAIN001,0.16655886028474978,-0.247480440015108,1.716266486684261,28.482252451534787,26.016646272000425,24.06227334009212,118.83920249202083,4.967162680772916,0.18366209016744187,0.9122794801524676,2.072273155161901,ZONE_01,SUSPENSION_FAULT,REAR_BOGIE,2
11.290000000000001,RUN_055_SUSPENSION_FAULT,TRAIN001,-0.040522290528676834,0.09618544241446685,0.2872297263628846,28.49536477975628,26.403264946689685,23.983935879956924,119.2841200045114,5.032277006366407,0.21975281406273633,1.1058570332922204,1.843409076101394,ZONE_01,SUSPENSION_FAULT,REAR_BOGIE,2
11.3,RUN_055_SUSPENSION_FAULT,TRAIN001,0.04799337580245612,0.07557559243895401,1.0701789596952929,28.498465192511887,26.384215454183103,24.11630842401693,120.17372001111858,5.013252445039561,0.20696826645487865,1.0375841678505198,1.6072549923550512,ZONE_01,SUSPENSION_FAULT,REAR_BOGIE,2
11.31,RUN_055_SUSPENSION_FAULT,TRAIN001,0.014460780938000274,-0.05704535856970805,0.3341564332390395,28.41999579177618,26.399240712365774,24.004415495129816,120.18625337399014,5.027143729178665,0.22493338228848897,1.1307724422545247,1.9414419179266227,ZONE_01,SUSPENSION_FAULT,REAR_BOGIE,2
11.32,RUN_055_SUSPENSION_FAULT,TRAIN001,-0.10032571526993371,-0.05097697214791619,0.04388822288354871,28.49638773006809,26.416793817419816,24.055060362304552,119.49227575333664,5.015764898233065,0.22323975496822243,1.1197181268597605,1.2188032399587143,ZONE_01,SUSPENSION_FAULT,REAR_BOGIE,2
11.33,RUN_055_SUSPENSION_FAULT,TRAIN001,-0.0990696118930962,-0.8223386495906181,-0.062065421519164055,28.73294996087719,26.27431219043562,23.962783047556147,117.96685664597923,5.0062336369083065,0.23293200671350905,1.1661120471217206,1.278241598850425,ZONE_01,SUSPENSION_FAULT,REAR_BOGIE,2
11.34,RUN_055_SUSPENSION_FAULT,TRAIN001,-0.1530054787754951,-0.6320979334126479,0.5376747438100462,28.404811859286706,26.28583972836272,24.014328007656953,119.32308828599724,5.00608984130961,0.24085240195208407,1.205728762667347,1.7097614966421442,ZONE_01,SUSPENSION_FAULT,REAR_BOGIE,2
11.35,RUN_055_SUSPENSION_FAULT,TRAIN001,-8.196503956708548e-05,-0.9586145270004325,-0.14067046582946197,28.531918240681392,26.33441021467927,23.96131946750719,119.93338705306904,4.991126437165696,0.21735055963790384,1.084824124341501,1.0245083893527227,ZONE_01,SUSPENSION_FAULT,REAR_BOGIE,2
11.36,RUN_055_SUSPENSION_FAULT,TRAIN001,0.0473812728513383,-0.757970355375527,-0.6442114413430188,28.57702723893844,26.39318916862374,24.01787845922957,119.31864612643304,4.99599009294696,0.22027169301183494,1.1004751960437815,1.4094465740390365,ZONE_01,SUSPENSION_FAULT,REAR_BOGIE,2
11.370000000000001,RUN_055_SUSPENSION_FAULT,TRAIN001,0.03857555609321012,-0.46796530495811617,0.5430544768153398,28.560837887721114,26.306175798165423,24.02990344571533,120.88045509220069,5.00786497148209,0.24304241447617964,1.2171235940396916,1.432105780875963,ZONE_01,SUSPENSION_FAULT,REAR_BOGIE,2
11.38,RUN_055_SUSPENSION_FAULT,TRAIN001,0.21039578460756958,-0.0730879927015673,0.4583090866655154,28.351786783138568,26.29182575658314,23.965493653187753,119.55665674582076,4.992497586254929,0.2212088666350212,1.1043847327335319,1.1621576673132328,ZONE_01,SUSPENSION_FAULT,REAR_BOGIE,2
11.39,RUN_055_SUSPENSION_FAULT,TRAIN001,-0.03557900503395631,-0.3171028220488902,-0.5872537063117026,28.333481208643683,26.285513353504747,23.98963582625237,120.80845402937462,4.985045602422532,0.2509373259346616,1.2509340131342543,1.4836343011633921,ZONE_01,SUSPENSION_FAULT,REAR_BOGIE,2
11.4,RUN_055_SUSPENSION_FAULT,TRAIN001,-0.16296199222093655,-0.29350705665094545,0.09301282696546026,28.40323357684807,26.266155124821243,24.05714826091557,120.46473145371334,4.993628203559791,0.22737078441349448,1.135405161712739,1.586877977809008,ZONE_01,SUSPENSION_FAULT,REAR_BOGIE,2
11.41,RUN_055_SUSPENSION_FAULT,TRAIN001,-0.026975528192102107,0.17209039391406394,0.7104210033574418,28.454206076262512,26.362460121035976,24.09516559361004,119.78541806613421,4.989774349542957,0.2147975477796658,1.0717912942557042,1.7951907344645732,ZONE_01,SUSPENSION_FAULT,REAR_BOGIE,2
11.42,RUN_055_SUSPENSION_FAULT,TRAIN001,-0.07748305973778256,-0.13496244156188003,0.7883645212507926,28.640945706256105,26.155231828839373,24.0080764923238,120.27904533882095,5.003583006232528,0.2563293221004082,1.2825650400607065,1.7491073459627933,ZONE_01,SUSPENSION_FAULT,REAR_BOGIE,2
11.43,RUN_055_SUSPENSION_FAULT,TRAIN001,-0.08674118262375535,-0.4810660820140684,1.0649068953198828,28.392854792345226,26.33922075384448,24.00300883457229,120.5727498515147,4.986000095053637,0.24288470225303463,1.2110231485207048,1.5882882031162948,ZONE_01,SUSPENSION_FAULT,REAR_BOGIE,2
11.44,RUN_055_SUSPENSION_FAULT,TRAIN001,-0.10928621084347104,-0.5763884204771477,1.3341761963137866,28.46370830107027,26.383302188105027,23.997591427313168,121.45968830025716,5.024149140347639,0.2132751453210277,1.071526138022159,1.5198864725354775,ZONE_01,SUSPENSION_FAULT,REAR_BOGIE,2
11.450000000000001,RUN_055_SUSPENSION_FAULT,TRAIN001,-0.05973724298384178,-0.16194905063459253,1.0085297171932175,28.499702433934683,26.41597918088126,23.94830000321631,119.34195193906922,4.972530426893681,0.240364565620933,1.1952201160971723,1.7750595627866341,ZONE_01,SUSPENSION_FAULT,REAR_BOGIE,2
11.46,RUN_055_SUSPENSION_FAULT,TRAIN001,0.15290683806857028,0.8937034941210082,1.7466237031330143,28.627647669003096,26.157234272986255,24.0429597451267,119.99188078800447,4.997218676314423,0.22588447405946577,1.1287941124594232,2.495024980740975,ZONE_01,SUSPENSION_FAULT,REAR_BOGIE,2
11.47,RUN_055_SUSPENSION_FAULT,TRAIN001,0.11920625775327186,0.27511602100314564,1.5517896079718683,28.59265085573054,26.007915533282624,24.01094890843548,120.51123175859203,4.988237697974121,0.23345120583776718,1.1645101055974665,1.8564784836309662,ZONE_01,SUSPENSION_FAULT,REAR_BOGIE,2
11.48,RUN_055_SUSPENSION_FAULT,TRAIN001,-0.022805910864740386,1.052224409872506,1.9591134381276019,28.45933724474077,26.40434438768336,23.995449903626884,119.51457485191615,4.990227688840698,0.18517143060074026,0.9240476001660578,1.8785645241188815,ZONE_01,SUSPENSION_FAULT,REAR_BOGIE,2
11.49,RUN_055_SUSPENSION_FAULT,TRAIN001,-0.011329679507910296,0.7242597919833932,2.161772907317217,28.46532582188341,26.182502749361163,24.084472327376087,119.32280395581539,5.044826022947748,0.2568216197128197,1.2956203903828232,2.0418002110056763,ZONE_01,SUSPENSION_FAULT,REAR_BOGIE,2
11.5,RUN_055_SUSPENSION_FAULT,TRAIN001,0.020031889943336555,0.7536103123644744,1.6252994905302227,28.449479783025122,26.347005013882082,23.978768329830856,119.42771934727477,4.991888685240196,0.24436523116833037,1.219844032535293,2.2366101057994983,ZONE_01,SUSPENSION_FAULT,REAR_BOGIE,2
11.51,RUN_055_SUSPENSION_FAULT,TRAIN001,0.010839868775290543,0.26119659890281516,1.9976149036858002,28.51542886350972,26.462134363606186,23.97705781281904,120.03708220901842,5.002121384309862,0.22214686970016387,1.1112056073846863,2.088882215584459,ZONE_01,SUSPENSION_FAULT,REAR_BOGIE,2
11.52,RUN_055_SUSPENSION_FAULT,TRAIN001,-0.020567499351543776,1.0142674090389272,1.934268438483936,28.554336966134755,26.319371655427503,23.999326253138793,120.14078456457659,5.016805246322426,0.25178816622890904,1.263172193299094,2.2293989039163975,ZONE_01,SUSPENSION_FAULT,REAR_BOGIE,2
11.53,RUN_055_SUSPENSION_FAULT,TRAIN001,0.06703033895878845,0.41719092257307455,1.7093106452164264,28.37645483727019,26.388983885812547,23.950185704437086,121.36753123245522,4.979874188989703,0.2571800030250507,1.2807240589887434,1.9357516310940284,ZONE_01,SUSPENSION_FAULT,REAR_BOGIE,2
11.540000000000001,RUN_055_SUSPENSION_FAULT,TRAIN001,-0.09150751711061135,0.5392016588486722,1.491404468443943,28.650590899962378,26.51656976387127,24.050907157988572,119.5383106263433,5.034596620036684,0.20809475960196835,1.0476731733394162,2.2802611328428273,ZONE_01,SUSPENSION_FAULT,REAR_BOGIE,2
11.55,RUN_055_SUSPENSION_FAULT,TRAIN001,0.05519740346452956,0.14666340613390744,1.1898494548980392,28.608929992092175,26.262858640758186,23.899455359918946,120.06401506500772,5.0103893104422195,0.23175722244370134,1.1611939099497008,2.1239580640544893,ZONE_01,SUSPENSION_FAULT,REAR_BOGIE,2
11.56,RUN_055_SUSPENSION_FAULT,TRAIN001,0.001266351280429416,0.5602668401135302,0.73050554695331,28.613828667939362,26.143633993946725,23.982356213709405,119.0582787570702,5.013094418453479,0.21652513085429897,1.0854609249405953,1.9154521048563113,ZONE_01,SUSPENSION_FAULT,REAR_BOGIE,2
11.57,RUN_055_SUSPENSION_FAULT,TRAIN001,0.1122516840522928,-0.10993027393919273,0.5263784296887093,28.697226455082273,26.382788044898156,23.941335130505088,120.72329198677444,4.983784091334001,0.22977030492302336,1.1451255903363262,1.877105661962021,ZONE_01,SUSPENSION_FAULT,REAR_BOGIE,2
11.58,RUN_055_SUSPENSION_FAULT,TRAIN001,0.0890470799282761,0.11544477927374802,1.9704860799101063,28.711975106462646,26.339647237503133,24.074214677474995,120.3416095007244,5.025171066108308,0.214856614057571,1.0796912403241055,1.7557831078313262,ZONE_01,SUSPENSION_FAULT,REAR_BOGIE,2
11.59,RUN_055_SUSPENSION_FAULT,TRAIN001,-0.019223430047129477,-0.1980132760090683,0.8411624598981735,28.618337439044097,26.49828481428527,23.990609002906254,118.43766917693071,4.975128306474139,0.210896975231574,1.0492395112243793,1.7359397549230697,ZONE_01,SUSPENSION_FAULT,REAR_BOGIE,2
11.6,RUN_055_SUSPENSION_FAULT,TRAIN001,-0.062107357318910685,-0.760324748625868,0.37584720280598943,28.634636830531154,26.352291792056285,23.954176527074324,118.97284423866867,5.004365313745529,0.2585995827826081,1.2941267822263494,1.7577252522101097,ZONE_01,SUSPENSION_FAULT,REAR_BOGIE,2
11.61,RUN_055_SUSPENSION_FAULT,TRAIN001,0.15046007543438092,-1.3382674457219739,0.0971287660747204,28.62834801700928,26.32200059968825,23.988741727383776,120.23401748779546,4.98961870883922,0.22144917863829128,1.1049469647906969,1.4560453469507628,ZONE_01,SUSPENSION_FAULT,REAR_BOGIE,2
11.620000000000001,RUN_055_SUSPENSION_FAULT,TRAIN001,-0.023650743791464753,-0.301435058661627,0.47588091369455277,28.564500084845893,26.21386637340289,24.054467514859375,120.76710285045114,4.989747755607829,0.21732277076693213,1.0843858076767743,1.6586318679289365,ZONE_01,SUSPENSION_FAULT,REAR_BOGIE,2
11.63,RUN_055_SUSPENSION_FAULT,TRAIN001,-0.047880274873907454,-0.4086096349508492,-0.29468293485226105,28.49062618367333,26.335853212033367,23.986322071192127,119.75880624033508,4.9875679000301005,0.21144275352291747,1.0545850901648797,1.132306067403029,ZONE_01,SUSPENSION_FAULT,REAR_BOGIE,2
11.64,RUN_055_SUSPENSION_FAULT,TRAIN001,0.08792816635790175,-0.11830272466870062,-0.48557534360207677,28.701794214808864,26.3196565670527,23.957213967764066,119.20472962749113,4.991543771826168,0.24567942037753407,1.2263195806513432,1.8744613680752216,ZONE_01,SUSPENSION_FAULT,REAR_BOGIE,2
11.65,RUN_055_SUSPENSION_FAULT,TRAIN001,0.10289408952829478,-0.8830098371620104,-0.06268524064553814,28.634246375482682,26.351700547609823,24.045212040727627,120.33204512782925,4.985081963267893,0.25491514929001835,1.2707729128894127,1.5326487685040846,ZONE_01,SUSPENSION_FAULT,REAR_BOGIE,2
11.66,RUN_055_SUSPENSION_FAULT,TRAIN001,0.0023429421236823263,-0.7031179542461738,0.7247439697399672,28.623864777679096,26.6620556770632,24.06663182810544,118.70771587236825,5.015463507843813,0.26037376360718556,1.3058951097717906,1.4730379417961057,ZONE_01,SUSPENSION_FAULT,REAR_BOGIE,2
11.67,RUN_055_SUSPENSION_FAULT,TRAIN001,-0.05858334630472056,-0.8181799817115626,0.5084370623293955,28.646359001071442,26.279180471003052,23.914906310213112,118.1745991776926,5.02708212144018,0.25150540397786036,1.2643383197826916,1.3939265770145497,ZONE_01,SUSPENSION_FAULT,REAR_BOGIE,2
11.68,RUN_055_SUSPENSION_FAULT,TRAIN001,-0.06600099245819412,-0.1977807940643409,0.03960062652002955,28.676270840122353,26.2430398283586,23.92977192969766,119.5398879195939,5.0038093993074835,0.21469725291800631,1.074304132156616,1.1721837152161123,ZONE_01,SUSPENSION_FAULT,REAR_BOGIE,2
11.69,RUN_055_SUSPENSION_FAULT,TRAIN001,0.051277181539029694,-0.23786307120800693,0.8484491060096312,28.634139546999418,26.290087727777614,24.02149252870528,119.81771466362895,4.984249199514879,0.202104798079336,1.007340678045047,1.4939524047508255,ZONE_01,SUSPENSION_FAULT,REAR_BOGIE,2
11.700000000000001,RUN_055_SUSPENSION_FAULT,TRAIN001,-0.20079545091964934,-0.5633782165950191,0.5065488758715435,28.678272084026357,26.36478001604711,23.99179474755934,120.71971456005467,5.006776430179679,0.19962914424365832,0.9994984941760878,1.7282541039044685,ZONE_01,SUSPENSION_FAULT,REAR_BOGIE,2
11.71,RUN_055_SUSPENSION_FAULT,TRAIN001,0.009627401571477047,0.16826097757353975,1.315495241851225,28.676988059879516,26.38778854531585,24.012184308545343,120.63830941541976,5.011087018837667,0.24518888684639834,1.2286628480392443,1.6769038707754036,ZONE_01,SUSPENSION_FAULT,REAR_BOGIE,2
11.72,RUN_055_SUSPENSION_FAULT,TRAIN001,0.020905195374310806,0.5270002160184838,1.485785357122934,28.670990296461362,26.366276099600064,24.02086588116437,121.12028144028362,4.9870231249367585,0.23378500720002326,1.1658912371700225,2.000886085749244,ZONE_01,SUSPENSION_FAULT,REAR_BOGIE,2
11.73,RUN_055_SUSPENSION_FAULT,TRAIN001,0.08879300274442406,0.4286239132731127,1.0783968608729397,28.498133076438318,26.60292099653273,23.90709749836386,120.19518878094178,4.972710248641529,0.22862026995952894,1.1368623594749425,2.023627384739822,ZONE_01,SUSPENSION_FAULT,REAR_BOGIE,2
11.74,RUN_055_SUSPENSION_FAULT,TRAIN001,-0.07846424958406899,0.8100612598306698,1.0863368618833937,28.596073816988692,26.36561433130862,24.028691590469617,120.65681506299045,4.979004671346784,0.22451097142627893,1.1178411755000472,1.9642527359146842,ZONE_01,SUSPENSION_FAULT,REAR_BOGIE,2
11.75,RUN_055_SUSPENSION_FAULT,TRAIN001,0.019000892874480355,0.9333923252793856,1.3479639356318824,28.699742832905255,26.510927910742215,23.97181639565191,119.88676093091759,5.012736501241352,0.22513188186794217,1.1285268018325898,2.2364091347897044,ZONE_01,SUSPENSION_FAULT,REAR_BOGIE,2
11.76,RUN_055_SUSPENSION_FAULT,TRAIN001,-0.1892136649766639,0.4893323863228233,1.555372626200052,28.584699148223287,26.46916220789012,24.01745287514292,119.46743398737578,5.023351918715884,0.2341536477288879,1.176236175593232,2.1744032471964614,ZONE_01,SUSPENSION_FAULT,REAR_BOGIE,2
11.77,RUN_055_SUSPENSION_FAULT,TRAIN001,0.1676373251989811,1.285006921898449,1.8819866002032193,28.625194300107673,26.262645059821775,23.935879964643608,119.38889409626069,5.012947082637541,0.220828885120454,1.1070035154266806,2.1877132267468697,ZONE_01,SUSPENSION_FAULT,REAR_BOGIE,2
11.78,RUN_055_SUSPENSION_FAULT,TRAIN001,0.0047310016388887426,-0.14103313135960915,2.2334118912528758,28.696806980084812,26.370887450835806,23.967159236457157,119.23060669858506,5.017556339123259,0.20030817693835315,1.0050575629752572,1.9680395661867467,ZONE_01,SUSPENSION_FAULT,REAR_BOGIE,2
11.790000000000001,RUN_055_SUSPENSION_FAULT,TRAIN001,-0.008344149732299416,0.736073590470609,2.3251358940083584,28.612602279067193,26.281573218270733,23.994100033996556,120.75157445682889,4.987068653919106,0.2272382109547344,1.133252558825013,2.484349569209676,ZONE_01,SUSPENSION_FAULT,REAR_BOGIE,2
11.8,RUN_055_SUSPENSION_FAULT,TRAIN001,-0.043065490288156205,0.8270875238436335,2.2622613605679818,28.708680046586085,26.435890870345062,23.98469035148299,120.5181565355468,5.029622847021087,0.19820513249313756,0.9968970627843263,1.7712336157028226,ZONE_01,SUSPENSION_FAULT,REAR_BOGIE,2
11.81,RUN_055_SUSPENSION_FAULT,TRAIN001,0.06052949045260584,0.8031799270185964,1.6242252782278919,28.61876065513532,26.470407081735928,24.055291866427698,119.63288155426353,5.014042690965759,0.22632905643158321,1.1348235511539566,1.9599342775105442,ZONE_01,SUSPENSION_FAULT,REAR_BOGIE,2
11.82,RUN_055_SUSPENSION_FAULT,TRAIN001,0.07748809776907387,0.15077528278060615,1.5275019633634317,28.653308212909447,26.352376711406507,24.04967193860875,121.08676553761688,4.978788056047815,0.2527654102358897,1.258465405464474,2.096238407758299,ZONE_01,SUSPENSION_FAULT,REAR_BOGIE,2
11.83,RUN_055_SUSPENSION_FAULT,TRAIN001,-0.021603525713288434,0.7986113636279848,1.8352857038175194,28.789126225356554,26.447307273958366,24.064366814857124,120.53041585043327,4.993162786368766,0.2649561763250311,1.3229693196447065,1.9121918685565582,ZONE_01,SUSPENSION_FAULT,REAR_BOGIE,2
11.84,RUN_055_SUSPENSION_FAULT,TRAIN001,0.1853129191832807,0.1829084037270824,1.7050120638620754,28.70290392396083,26.426590228231962,23.939902729168498,120.87698807036054,5.042325063603274,0.20262116286523538,1.0216817679318173,2.127924266907178,ZONE_01,SUSPENSION_FAULT,REAR_BOGIE,2
11.85,RUN_055_SUSPENSION_FAULT,TRAIN001,0.1288794281040355,0.3066012896252505,0.8355081902370661,28.57555012724551,26.33291860936123,24.023164547502233,118.94580698746078,5.000768399647025,0.23209483219195062,1.1606525025468857,1.4847993820994958,ZONE_01,SUSPENSION_FAULT,REAR_BOGIE,2
11.86,RUN_055_SUSPENSION_FAULT,TRAIN001,-0.04488173935375384,-0.025916361962623532,0.838728165858088,28.654490793044577,26.431794594573656,24.028701347223034,119.98405638079699,4.998510445693532,0.1845750637489774,0.9226003841638131,1.9284516351676158,ZONE_01,SUSPENSION_FAULT,REAR_BOGIE,2
11.870000000000001,RUN_055_SUSPENSION_FAULT,TRAIN001,0.12685753461168758,0.32346825178052746,1.111045968173714,28.724417184522313,26.36888846576926,24.096771824863307,119.89532175400815,5.041385701606963,0.21204393177991523,1.068995245787787,1.5066865461280874,ZONE_01,SUSPENSION_FAULT,REAR_BOGIE,2
11.88,RUN_055_SUSPENSION_FAULT,TRAIN001,0.0714626014428401,-0.24109909040368466,0.8261173466874867,28.821213457638997,26.47230337629396,23.936845323398213,119.67199024489682,5.018567520665889,0.24445238123343438,1.2268007808075494,2.0438140040985235,ZONE_01,SUSPENSION_FAULT,REAR_BOGIE,2
11.89,RUN_055_SUSPENSION_FAULT,TRAIN001,0.041291083346538214,-0.7845420933209895,-0.032203298043353534,28.47456439339675,26.53666634733991,23.96405802773146,121.35843516954965,5.003372272444359,0.2619796921754932,1.3107819277743713,1.6945287362787338,ZONE_01,SUSPENSION_FAULT,REAR_BOGIE,2
11.9,RUN_055_SUSPENSION_FAULT,TRAIN001,0.1733137470407234,-0.6517186345873994,0.760627766910172,28.575448922057316,26.327673240667398,24.104003201001298,121.32460298902971,5.022700167819992,0.2306207578864095,1.1583389193388427,1.4475140920705332,ZONE_01,SUSPENSION_FAULT,REAR_BOGIE,2
11.91,RUN_055_SUSPENSION_FAULT,TRAIN001,-0.0017374011755987998,-0.7152196327741787,-0.384252138789444,28.530234631963864,26.48874135563801,23.898288444646084,119.28506895715661,5.016077092656919,0.19594525141857067,0.9828764870555929,0.9693410991926523,ZONE_01,SUSPENSION_FAULT,REAR_BOGIE,2
11.92,RUN_055_SUSPENSION_FAULT,TRAIN001,0.09872447105744339,-0.9795029521002223,-0.02681600282358551,28.59787154315861,26.21794208384878,23.990396302156505,119.2805192782329,5.040233546497632,0.24330451813713538,1.2263115943292313,1.4422322021038474,ZONE_01,SUSPENSION_FAULT,REAR_BOGIE,2
11.93,RUN_055_SUSPENSION_FAULT,TRAIN001,-0.01228108753483631,-0.5794863792494771,-0.09021748408273694,28.55334110210408,26.51212436005136,24.006121511150198,120.76792210846153,5.028873579468036,0.20459641262483047,1.0288894939029505,1.5826894453413571,ZONE_01,SUSPENSION_FAULT,REAR_BOGIE,2
11.94,RUN_055_SUSPENSION_FAULT,TRAIN001,-0.10092849931596211,-1.3774326388382794,-0.5338923121886068,28.797892047930457,26.39716214077306,23.99112259951665,119.19665012104718,5.062035154015262,0.2083158536519359,1.054502174324798,1.1738727693610866,ZONE_01,SUSPENSION_FAULT,REAR_BOGIE,2
11.950000000000001,RUN_055_SUSPENSION_FAULT,TRAIN001,0.10433100861598002,-0.4354434578962953,-0.2868595113701097,28.77619063119609,26.533493914854606,23.916596021518846,119.49550150659832,4.978918654677849,0.2216894846944171,1.1037739108909528,1.5306933718195825,ZONE_01,SUSPENSION_FAULT,REAR_BOGIE,2
11.96,RUN_055_SUSPENSION_FAULT,TRAIN001,-0.029917206103257918,-0.6922286579280407,-0.2902238313228953,28.67428361026176,26.498631063471326,24.0103657976578,119.58752143853104,5.007711207032879,0.24088104460004123,1.2062627066054132,1.5239181762956355,ZONE_01,SUSPENSION_FAULT,REAR_BOGIE,2
11.97,RUN_055_SUSPENSION_FAULT,TRAIN001,-0.06182090839522,-0.529857182048657,-0.030082083426153372,28.57985915705881,26.384401823707876,24.012282123000624,120.68298281720728,4.99680510517093,0.23028201280385224,1.1506743372073263,1.675285689497162,ZONE_01,SUSPENSION_FAULT,REAR_BOGIE,2
11.98,RUN_055_SUSPENSION_FAULT,TRAIN001,0.17124863591309555,0.2500653650135277,0.5062558400228145,28.70387999730678,26.288593547810716,23.998173536753058,120.72229131765839,4.967955686033476,0.2578963658705116,1.281217717233778,1.359843825197113,ZONE_01,SUSPENSION_FAULT,REAR_BOGIE,2
11.99,RUN_055_SUSPENSION_FAULT,TRAIN001,0.08133383544201078,-0.4499127944641123,0.2074865347041479,28.57473271947919,26.496353792093068,24.02817243819053,118.85914481700517,4.987665051784773,0.22957147469109226,1.1450256212034533,1.4620404138156662,ZONE_01,SUSPENSION_FAULT,REAR_BOGIE,2
12.0,RUN_055_SUSPENSION_FAULT,TRAIN001,0.1692918358113622,0.046466886633746624,0.37372301241003214,28.816779395088687,26.5271233458675,24.072008214199215,121.96063316525412,4.970514713152834,0.21709497179801832,1.0790737514735496,1.726263112961154,ZONE_01,SUSPENSION_FAULT,REAR_BOGIE,2
12.01,RUN_055_SUSPENSION_FAULT,TRAIN001,-0.03240734965326596,0.04894665260198379,0.5124458084832662,28.844554799704987,26.49380997240505,24.005913007081723,120.51489008011082,5.000925316312658,0.21422525853971924,1.0713245188249065,1.6654350432997393,ZONE_01,SUSPENSION_FAULT,REAR_BOGIE,2
12.02,RUN_055_SUSPENSION_FAULT,TRAIN001,-0.007507309353428235,-0.16054522700053298,1.6181559400566792,28.782396386216927,26.391590188904516,23.99371339914327,118.59850849700648,5.0206156496742755,0.2288858562398069,1.149147911826671,1.5733429704683597,ZONE_01,SUSPENSION_FAULT,REAR_BOGIE,2
12.030000000000001,RUN_055_SUSPENSION_FAULT,TRAIN001,-0.2685963894643193,0.2811660242284211,1.2486600730240913,28.605416654485175,26.56392312519331,23.940740220952264,118.56353936335314,5.012440335447642,0.23120360646868202,1.1588942827645852,2.368571675667256,ZONE_01,SUSPENSION_FAULT,REAR_BOGIE,2
12.040000000000001,RUN_055_SUSPENSION_FAULT,TRAIN001,-0.006616069614983633,0.4307220596707891,1.950490760197888,28.644900508435594,26.456152327684833,23.933039630064656,119.51643278476202,4.977092118002734,0.24025072361668942,1.1957499828570781,1.9230141902271647,ZONE_01,SUSPENSION_FAULT,REAR_BOGIE,2
12.05,RUN_055_SUSPENSION_FAULT,TRAIN001,0.06490964592201953,0.3849626943737372,1.451911426875186,28.743607129096556,26.412129946020542,24.01957769293511,120.31427921028519,4.986911219424639,0.22746399030814193,1.1343427252827705,2.3191033058745942,ZONE_01,SUSPENSION_FAULT,REAR_BOGIE,2
12.06,RUN_055_SUSPENSION_FAULT,TRAIN001,0.17268876860131338,0.2150121842275553,1.5775082734998254,28.683849682742146,26.54082652779031,24.06162403396044,119.31580650218146,5.008321524458257,0.24608070786529312,1.2324513059556719,2.103268185298558,ZONE_01,SUSPENSION_FAULT,REAR_BOGIE,2
12.07,RUN_055_SUSPENSION_FAULT,TRAIN001,-0.09095344475150818,0.5432131589731584,2.5247434299629212,28.52915034907206,26.288726982354486,24.10379966150944,120.94132220186714,4.974779571167318,0.21032632279193536,1.046327093904063,2.020733439725421,ZONE_01,SUSPENSION_FAULT,REAR_BOGIE,2
12.08,RUN_055_SUSPENSION_FAULT,TRAIN001,-0.008859578944269551,0.5167115549444479,2.1861240840126945,28.581521195680153,26.138130210758497,24.01633475868292,119.93357735700111,5.018753227630512,0.22052402481418545,1.1067556613062643,2.0272605833942436,ZONE_01,SUSPENSION_FAULT,REAR_BOGIE,2
12.09,RUN_055_SUSPENSION_FAULT,TRAIN001,0.07593884607313504,0.4664770790923472,2.4460887976892876,28.6133893259251,26.469406144532105,23.94192004690809,119.01188960868275,4.985818402827525,0.2256296103719843,1.1249482636154435,1.8059533974277922,ZONE_01,SUSPENSION_FAULT,REAR_BOGIE,2
12.1,RUN_055_SUSPENSION_FAULT,TRAIN001,-0.005698264633317597,0.6706811000648328,1.9935146646267317,28.71770646299596,26.47356378631255,23.995323710326883,120.47570195131024,5.013286781819137,0.2318574990486173,1.1623681352460764,2.3127166097355754,ZONE_01,SUSPENSION_FAULT,REAR_BOGIE,2
12.11,RUN_055_SUSPENSION_FAULT,TRAIN001,-0.13766271183312637,0.9211101847891724,1.072480990042079,28.811450752870392,26.295087170605665,24.02731206572087,120.04835364726056,4.986228487579514,0.23419008444191433,1.1677252705529253,2.2580293548729626,ZONE_01,SUSPENSION_FAULT,REAR_BOGIE,2
12.120000000000001,RUN_055_SUSPENSION_FAULT,TRAIN001,0.09375877811864786,1.1475407858791389,1.385934852171301,28.716215697378114,26.457736886383323,24.04517735694529,119.15797679147546,5.015665224568717,0.24620708988590007,1.234892338782973,1.9550697138863808,ZONE_01,SUSPENSION_FAULT,REAR_BOGIE,2
12.13,RUN_055_SUSPENSION_FAULT,TRAIN001,-0.03360071887080781,0.1757811025344337,1.8366469255282856,28.72459286376028,26.53230546449284,23.96608161291751,119.9224092599028,4.9706013883186895,0.24172949910441097,1.2015409838459665,1.9872321705242126,ZONE_01,SUSPENSION_FAULT,REAR_BOGIE,2
12.14,RUN_055_SUSPENSION_FAULT,TRAIN001,-0.016975036368923595,-0.062414477492139846,1.8220795105387575,28.60118660757612,26.462406346449622,23.93815107876162,118.86126498416564,4.9754310599911635,0.2470026271227849,1.2289445428861199,1.7011978992868706,ZONE_01,SUSPENSION_FAULT,REAR_BOGIE,2
12.15,RUN_055_SUSPENSION_FAULT,TRAIN001,-0.028470537570255684,-0.15405276307866814,0.44295356236789807,28.765574615842407,26.478017345116,23.981810015200377,119.07845246137714,4.994707013306392,0.19571434159083143,0.9775357945483687,1.8058267032310114,ZONE_01,SUSPENSION_FAULT,REAR_BOGIE,2
12.16,RUN_055_SUSPENSION_FAULT,TRAIN001,0.09723283145430997,0.19507760109865352,0.3003566697154849,28.60606799326916,26.283794648579242,23.91650921889516,121.6734402311362,4.98073834745848,0.24114695731723282,1.2010898976828748,1.2934852322839872,ZONE_01,SUSPENSION_FAULT,REAR_BOGIE,2
12.17,RUN_055_SUSPENSION_FAULT,TRAIN001,0.04727816962524505,-0.006507756802475617,1.7506069835039053,28.539699062427534,26.441164446538792,23.97060242388235,119.77333129208635,4.9786310979596635,0.24329695360988296,1.211285779281013,1.602513958907902,ZONE_01,SUSPENSION_FAULT,REAR_BOGIE,2
12.18,RUN_055_SUSPENSION_FAULT,TRAIN001,-0.055565744040749626,0.029884304713462706,0.7334222105460375,28.6122613799657,26.49035124145673,24.012807579381704,118.27016631833222,5.017978639744921,0.23707778573113802,1.189651264756874,1.1724857342525385,ZONE_01,SUSPENSION_FAULT,REAR_BOGIE,2
12.19,RUN_055_SUSPENSION_FAULT,TRAIN001,-0.048613571171392096,-0.8988587339080236,0.3948852331463583,28.838170735660658,26.35207023617334,24.051567708437613,119.51504722281078,4.971534874653113,0.22527455247135147,1.1199602939831965,1.5772671462603816,ZONE_01,SUSPENSION_FAULT,REAR_BOGIE,2
12.200000000000001,RUN_055_SUSPENSION_FAULT,TRAIN001,-0.1138318962112682,-0.7774163977352175,-0.6342750041584315,28.694835432758335,26.517407553313696,24.07804117700376,118.59286745679508,5.018540817501356,0.266818759371026,1.3390408347785665,1.6197510542436961,ZONE_01,SUSPENSION_FAULT,REAR_BOGIE,2
12.21,RUN_055_SUSPENSION_FAULT,TRAIN001,-0.04317601475437329,-0.5051092045629071,0.5246578592689836,28.638855840612074,26.493307971500524,23.917416049155104,119.99672390185394,5.040037957376889,0.2531240495781849,1.2757548177990015,1.3216172839617994,ZONE_01,SUSPENSION_FAULT,REAR_BOGIE,2
12.22,RUN_055_SUSPENSION_FAULT,TRAIN001,-0.018006707077653727,-0.8850637251885595,-0.048018211147614946,28.7169481476856,26.443192167737866,24.02716813826486,121.25639821654461,4.9601918813965336,0.19606421854364292,0.9725161450525333,1.3965839211464344,ZONE_01,SUSPENSION_FAULT,REAR_BOGIE,2
12.23,RUN_055_SUSPENSION_FAULT,TRAIN001,-0.061688837412516684,-0.8200334216299581,0.5721370457282412,28.891492362620756,26.459013747833907,24.050082585994417,120.03934392336907,5.013840182274442,0.23254192107393223,1.1659280279437731,1.7122382916743897,ZONE_01,SUSPENSION_FAULT,REAR_BOGIE,2
12.24,RUN_055_SUSPENSION_FAULT,TRAIN001,-0.08770714905733733,-0.5408889960828405,0.8437755716506015,28.796358305101375,26.55888527673007,23.98610637681029,121.67227436602104,4.988869515199741,0.22315153720633873,1.113273901238664,1.4888778136064613,ZONE_01,SUSPENSION_FAULT,REAR_BOGIE,2
12.25,RUN_055_SUSPENSION_FAULT,TRAIN001,-0.06979050140405921,-0.3852810679298987,1.2921653335409684,28.681696005411357,26.57400046442488,23.925533744015894,121.00254756642998,4.96831390471541,0.2135824362421318,1.061144587784776,1.3566549697832664,ZONE_01,SUSPENSION_FAULT,REAR_BOGIE,2
12.26,RUN_055_SUSPENSION_FAULT,TRAIN001,0.022855513150947207,-0.48104925480389826,0.41571076064400864,28.638318214932436,26.474449250970384,24.017192199512955,119.94690688236473,4.98926877742662,0.2316640149523313,1.1558340366549602,1.897480462463496,ZONE_01,SUSPENSION_FAULT,REAR_BOGIE,2
12.27,RUN_055_SUSPENSION_FAULT,TRAIN001,-0.020304958187272484,-0.3084734882500265,0.7569874819247056,28.860112929555406,26.527388075731626,24.024710012285063,118.42788939157633,5.009665143257193,0.21681207769274297,1.0861559082545047,1.8249487591504485,ZONE_01,SUSPENSION_FAULT,REAR_BOGIE,2
12.280000000000001,RUN_055_SUSPENSION_FAULT,TRAIN001,0.14312471843851293,-0.05095693696312557,0.04332403475472191,28.747786887169028,26.451761865336294,24.005812203090915,119.7979211975622,4.991645495428348,0.2166301060431692,1.081340693004551,2.250412099752977,ZONE_01,SUSPENSION_FAULT,REAR_BOGIE,2
12.290000000000001,RUN_055_SUSPENSION_FAULT,TRAIN001,0.04846643429507171,0.5667980837441474,1.3591765139300924,28.590224854001377,26.68329424873036,23.94351329143863,120.87812099044262,5.011730268951823,0.2332712130006173,1.1690923990703015,1.6926986078646804,ZONE_01,SUSPENSION_FAULT,REAR_BOGIE,2
12.3,RUN_055_SUSPENSION_FAULT,TRAIN001,-0.1779127466491567,0.27976619554792814,0.9467265717767878,28.68645426569903,26.474489098939884,23.907354404549885,119.8927999474992,4.9646613013529075,0.2126729656100444,1.0558492422081451,1.7202038556258974,ZONE_01,SUSPENSION_FAULT,REAR_BOGIE,2
12.31,RUN_055_SUSPENSION_FAULT,TRAIN001,-0.013794643885336827,-0.27490270374309683,1.011644402944197,28.86407924769275,26.29416461244507,23.920049358648022,118.17058901306008,5.050122116482004,0.23977471216180032,1.2108915768614144,2.123060046407314,ZONE_01,SUSPENSION_FAULT,REAR_BOGIE,2
12.32,RUN_055_SUSPENSION_FAULT,TRAIN001,-0.06822770563710971,0.34462327444619467,1.3759372046048455,28.934250385890298,26.57399514849301,24.036178765277313,119.89147360788176,4.975483974194526,0.24374325967477412,1.2127406823297733,2.023023863014593,ZONE_01,SUSPENSION_FAULT,REAR_BOGIE,2
12.33,RUN_055_SUSPENSION_FAULT,TRAIN001,0.05864864205241974,0.18508114052489905,1.850989443617155,28.706064075945495,26.61561439248175,24.019944898622747,120.0543145508223,4.988913926888821,0.22999127078765016,1.147406653895366,1.901634252168935,ZONE_01,SUSPENSION_FAULT,REAR_BOGIE,2
12.34,RUN_055_SUSPENSION_FAULT,TRAIN001,-0.040942211307218576,1.010312754167967,2.442133359716056,28.812171468139457,26.411417060743613,24.045946880977215,119.19965687283067,5.021219601664088,0.22566017583089107,1.1330892981970349,1.7835220074518552,ZONE_01,SUSPENSION_FAULT,REAR_BOGIE,2
12.35,RUN_055_SUSPENSION_FAULT,TRAIN001,-0.016307557073532535,1.0391332349283204,1.5870354051255064,28.66246285989547,26.543548302785553,24.02105818118878,120.9442308912696,4.990462171817523,0.22545417918901847,1.125120552720966,1.8174297421245256,ZONE_01,SUSPENSION_FAULT,REAR_BOGIE,2
12.36,RUN_055_SUSPENSION_FAULT,TRAIN001,-0.05483271849009178,0.7540285824594541,1.9808517527853997,28.76524511822177,26.482776274044316,24.026444918538747,120.79474367154211,5.006422445641874,0.22609186249743285,1.131911375184124,2.3296802957269667,ZONE_01,SUSPENSION_FAULT,REAR_BOGIE,2
12.370000000000001,RUN_055_SUSPENSION_FAULT,TRAIN001,-0.11630682715275842,0.22716243111753465,2.0924390293719135,28.702381289608848,26.601157750884507,24.047004867204997,118.08384363123419,4.98340970939492,0.18788646656263058,0.9363152417321172,2.251525092978035,ZONE_01,SUSPENSION_FAULT,REAR_BOGIE,2
12.38,RUN_055_SUSPENSION_FAULT,TRAIN001,-0.14279706851421703,0.1287710468950074,1.5037611572425784,28.742193061915042,26.39536264204458,24.00856696142909,119.84569357353266,4.977876588013806,0.22877055955388345,1.1387916124300945,2.0055012616966867,ZONE_01,SUSPENSION_FAULT,REAR_BOGIE,2
12.39,RUN_055_SUSPENSION_FAULT,TRAIN001,-0.04292452371496872,0.8970450211570208,1.9560056890135566,28.719130195222146,26.50266369873375,24.021294470937743,119.00581033944891,5.008176465711143,0.23395468496382057,1.171686347278671,2.301603408996932,ZONE_01,SUSPENSION_FAULT,REAR_BOGIE,2
12.4,RUN_055_SUSPENSION_FAULT,TRAIN001,-0.05014498393744693,0.27650714635056517,1.3130983580428595,28.66386846561389,26.501096259233538,24.009000046336904,120.20262623722243,4.980188137070674,0.1912880815192292,0.9526506343450732,2.09606931643861,ZONE_01,SUSPENSION_FAULT,REAR_BOGIE,2
12.41,RUN_055_SUSPENSION_FAULT,TRAIN001,-0.04976015131359695,0.6824810557903518,1.2001012800266828,28.78045106070919,26.55654483485611,24.0198259655911,119.82861763940966,4.975173590106735,0.20866679487660802,1.0381535270023197,1.7041598830530953,ZONE_01,SUSPENSION_FAULT,REAR_BOGIE,2
12.42,RUN_055_SUSPENSION_FAULT,TRAIN001,-0.12810496345368683,-0.08296411109919793,0.6769132174794412,28.86466642656525,26.46269448638973,24.09666128102381,120.27617601281212,4.978986877871955,0.21152750916522278,1.0531926924425838,1.689420204009379,ZONE_01,SUSPENSION_FAULT,REAR_BOGIE,2
12.43,RUN_055_SUSPENSION_FAULT,TRAIN001,-0.011014243504219801,0.1409947019272606,0.9099550689665395,28.765263103317405,26.45720792532366,24.08555925687489,119.94405531045,4.972043248566824,0.2931183663854672,1.4573971946177988,1.886800098243864,ZONE_01,SUSPENSION_FAULT,REAR_BOGIE,2
12.44,RUN_055_SUSPENSION_FAULT,TRAIN001,-0.13481782799388217,-0.4368306421947796,0.9304414633974644,28.82875090110863,26.46981713971627,23.965268467719685,119.76350982542694,4.997519272038955,0.2619426161376045,1.3090632723159807,1.7473435526973695,ZONE_01,SUSPENSION_FAULT,REAR_BOGIE,2
12.450000000000001,RUN_055_SUSPENSION_FAULT,TRAIN001,-0.09297683945324375,-0.00760344822230169,0.6592553115299061,28.738197602633594,26.273848364626286,23.965661192821287,121.52270013667255,5.012999915984521,0.20323478519203375,1.0188159610927974,1.4918474980452863,ZONE_01,SUSPENSION_FAULT,REAR_BOGIE,2
12.46,RUN_055_SUSPENSION_FAULT,TRAIN001,-0.05378579039620336,-0.028633247125495198,0.21418007987554707,28.87940968236486,26.588376060940814,24.07427945405149,120.72197519509963,4.988987449236896,0.23495712605720165,1.1721981530081504,1.5379670057552222,ZONE_01,SUSPENSION_FAULT,REAR_BOGIE,2
12.47,RUN_055_SUSPENSION_FAULT,TRAIN001,0.1113400617743367,-0.7033247996535299,-0.0432892941415054,28.84877567349429,26.288003769108936,24.039081259478245,120.59519076675623,5.013540386774396,0.20333575737303777,1.0194320316650847,1.6710687890472988,ZONE_01,SUSPENSION_FAULT,REAR_BOGIE,2
12.48,RUN_055_SUSPENSION_FAULT,TRAIN001,-0.08517462156302744,-0.28999487765563003,0.4030643290507002,28.730798580386445,26.593266377828026,24.001569672767243,119.95548152042345,5.008193018713896,0.20051557270115117,1.0042206913453238,1.327917300138652,ZONE_01,SUSPENSION_FAULT,REAR_BOGIE,2
12.49,RUN_055_SUSPENSION_FAULT,TRAIN001,0.08249423731989855,-0.8486090406582263,0.44645147211001235,28.69899785505697,26.60843876278013,24.026265671686033,120.92435695950593,5.004762683165838,0.23069874835392826,1.1545924868148065,1.5333239944303891,ZONE_01,SUSPENSION_FAULT,REAR_BOGIE,2
12.5,RUN_055_SUSPENSION_FAULT,TRAIN001,0.14533470272499158,-0.5615269244675418,-0.039255363820871365,28.726002351358648,26.491619584087303,23.970837032336934,121.14213406060433,5.01712056369544,0.2580003982297733,1.2944191034002082,1.5424399651453742,ZONE_01,SUSPENSION_FAULT,REAR_BOGIE,2
12.51,RUN_055_SUSPENSION_FAULT,TRAIN001,-0.13260125547975823,-0.15706557093811857,-0.1179460188071996,28.799588847157683,26.45812951271362,23.92046495153478,121.42333029096282,5.017600818099876,0.22894087198223814,1.148733906554577,1.735145572912872,ZONE_01,SUSPENSION_FAULT,REAR_BOGIE,2
12.52,RUN_055_SUSPENSION_FAULT,TRAIN001,-0.12224612714045496,-0.9263772223291038,-0.4770336332432815,28.716456194930476,26.53033255944866,23.952617677344257,119.53885853506986,4.995822676824508,0.2395477398176035,1.1967380307628406,1.1982448228768123,ZONE_01,SUSPENSION_FAULT,REAR_BOGIE,2
12.530000000000001,RUN_055_SUSPENSION_FAULT,TRAIN001,-0.005002071860749833,-0.2544700131080455,0.4695319071522857,28.78153222387552,26.54532321413681,23.965318970891623,120.37623617097033,5.022373221905032,0.21861503653676964,1.097966305408062,1.3722090636174455,ZONE_01,SUSPENSION_FAULT,REAR_BOGIE,2
12.540000000000001,RUN_055_SUSPENSION_FAULT,TRAIN001,0.06353296313575627,-0.5699904521564552,0.7585124384029163,29.076138141782486,26.58766154227783,24.008281405260817,120.88101791029884,5.003540645128703,0.26623259123683374,1.3321055913114332,1.659295372841782,ZONE_01,SUSPENSION_FAULT,REAR_BOGIE,2
12.55,RUN_055_SUSPENSION_FAULT,TRAIN001,0.04218966852346748,0.34085817341293173,0.5497777842354339,28.81082286967017,26.492498060892988,23.89469138563285,120.40702957926118,4.97065598026653,0.22455743943630252,1.1161977792473963,1.6442356504971167,ZONE_01,SUSPENSION_FAULT,REAR_BOGIE,2
12.56,RUN_055_SUSPENSION_FAULT,TRAIN001,0.0780485916154301,-0.3380468064511303,0.4224481806567369,28.829023089520135,26.510921215011642,23.94457126452842,120.23267113973446,4.968063584876038,0.2300161756615227,1.1427349862364609,1.6142566080112357,ZONE_01,SUSPENSION_FAULT,REAR_BOGIE,2
12.57,RUN_055_SUSPENSION_FAULT,TRAIN001,0.0028866211718540776,0.026063179099844444,1.3692766044607836,28.851614231084195,26.638887348729025,23.871089990836143,120.03576993389181,4.977798842477594,0.245585764378294,1.222476533651247,1.5987266562739124,ZONE_01,SUSPENSION_FAULT,REAR_BOGIE,2
12.58,RUN_055_SUSPENSION_FAULT,TRAIN001,-0.09930667627014901,1.0711689351473517,0.557310174530354,28.990199149621247,26.703556991613468,23.99680108224253,120.39289130013682,4.9664618947104024,0.22709196981810112,1.127843614696324,2.146045709004811,ZONE_01,SUSPENSION_FAULT,REAR_BOGIE,2
12.59,RUN_055_SUSPENSION_FAULT,TRAIN001,0.050238863679543534,0.32938841037652644,1.3377259496927856,28.822717822731562,26.58893496181047,23.97075058167587,120.24685811204722,5.026093088479123,0.24447632456320456,1.2287607651839012,2.0183730363914574,ZONE_01,SUSPENSION_FAULT,REAR_BOGIE,2
12.6,RUN_055_SUSPENSION_FAULT,TRAIN001,-0.07715019006990964,-0.03559470305945872,1.7922959742694844,28.621966096256564,26.671982658214112,23.97678279538262,119.87064936729622,4.988462571491915,0.23125279424138864,1.1535959086260883,2.271887214445947,ZONE_01,SUSPENSION_FAULT,REAR_BOGIE,2
12.61,RUN_055_SUSPENSION_FAULT,TRAIN001,-0.05716766704179389,0.23639524479828938,1.3547449821234847,28.886067744657915,26.42308086712963,23.941552715704514,120.14787180670035,5.017000242577307,0.2617634431400315,1.3132672577314093,1.975430546979695,ZONE_01,SUSPENSION_FAULT,REAR_BOGIE,2
12.620000000000001,RUN_055_SUSPENSION_FAULT,TRAIN001,-0.036608456377327944,0.5797918055528688,2.37458658558103,28.740626939908626,26.52864495974408,24.03974265494237,119.92309428470641,5.02212887547178,0.2646968721357077,1.3293418047997991,2.4954429283248896,ZONE_01,SUSPENSION_FAULT,REAR_BOGIE,2
12.63,RUN_055_SUSPENSION_FAULT,TRAIN001,-0.011007609011741287,0.6838413123795121,2.3322923632984898,28.827120447142207,26.547866811287918,23.973582272639092,120.17786258284289,5.014336315676436,0.24063208602680936,1.2066102076812064,2.038295524716975,ZONE_01,SUSPENSION_FAULT,REAR_BOGIE,2
12.64,RUN_055_SUSPENSION_FAULT,TRAIN001,-0.24954417494067963,1.1465021223292837,2.1239819416758143,28.863954758970763,26.4085898424768,23.966488688454447,121.50154785689696,5.032009913679845,0.25165838481953284,1.2663474872725466,2.247808099770618,ZONE_01,SUSPENSION_FAULT,REAR_BOGIE,2
12.65,RUN_055_SUSPENSION_FAULT,TRAIN001,-0.1281612483219008,0.5931802129455835,2.2707555249538594,28.898430081659313,26.603644459245878,23.986351342302367,120.89094789036126,5.003239305742979,0.24779770702064666,1.2397912276386824,2.2776915772977357,ZONE_01,SUSPENSION_FAULT,REAR_BOGIE,2
12.66,RUN_055_SUSPENSION_FAULT,TRAIN001,0.02572885199945627,0.8545622873470085,2.739097464906722,28.651878449465862,26.524776778883588,23.984027176456937,119.80424934343483,5.011757257979047,0.25205449475255837,1.2632359434823761,2.4182522441598477,ZONE_01,SUSPENSION_FAULT,REAR_BOGIE,2
12.67,RUN_055_SUSPENSION_FAULT,TRAIN001,0.005252496912820472,0.3714770784336546,1.4790038183028937,28.838645325099115,26.650804158395555,23.985080664312854,121.08827940665333,5.004956228949205,0.25085615803983,1.2555240907517136,1.9770474011082917,ZONE_01,SUSPENSION_FAULT,REAR_BOGIE,2
12.68,RUN_055_SUSPENSION_FAULT,TRAIN001,0.1970559148748583,0.600088996949982,0.9759262440687182,29.03307513967437,26.616681238733346,24.004420589549195,120.1778977200174,4.971256540807929,0.22513247200923023,1.1191912740241436,2.202638040699762,ZONE_01,SUSPENSION_FAULT,REAR_BOGIE,2
12.69,RUN_055_SUSPENSION_FAULT,TRAIN001,-0.06877723430004166,0.484695092251124,1.558269921107457,28.874618323389317,26.34883391892422,23.967162865443388,118.79822725174573,4.9710423700265185,0.2110275495292677,1.0490268899528594,1.9337987214613073,ZONE_01,SUSPENSION_FAULT,REAR_BOGIE,2
12.700000000000001,RUN_055_SUSPENSION_FAULT,TRAIN001,0.18124620590008556,0.17349745344187312,0.8743810296915939,28.79641091558425,26.673707607967778,24.000372154608936,120.64422438550648,4.968634374668365,0.19308509475681448,0.959369239044807,1.8259226678495264,ZONE_01,SUSPENSION_FAULT,REAR_BOGIE,2
12.71,RUN_055_SUSPENSION_FAULT,TRAIN001,0.028373715213351622,0.13455417979234335,1.332911206708356,28.881992068669724,26.359307097911692,24.02215012129093,118.65437490839345,5.033650841846258,0.22996629834753435,1.157570051273334,1.8644378136556516,ZONE_01,SUSPENSION_FAULT,REAR_BOGIE,2
12.72,RUN_055_SUSPENSION_FAULT,TRAIN001,0.11793940888049999,0.0876653271995913,1.136972250125818,28.997322731558846,26.525424842717424,23.99939488388358,120.90049519369273,4.985114189210042,0.21207397851423165,1.0572129994535218,1.6484809713232063,ZONE_01,SUSPENSION_FAULT,REAR_BOGIE,2
12.73,RUN_055_SUSPENSION_FAULT,TRAIN001,0.09515826154877641,-0.3293279174449262,0.9244870508833813,28.717921702451697,26.447941554198326,24.03479173848143,120.37268897136562,4.978620050930611,0.20896912290916198,1.0403778653409372,1.7481636780638687,ZONE_01,SUSPENSION_FAULT,REAR_BOGIE,2
12.74,RUN_055_SUSPENSION_FAULT,TRAIN001,-0.10600209591527954,-0.12702400999877175,0.49213356343623055,28.846525598540307,26.644269834716294,23.966766414934877,118.69580465787223,4.999497560463022,0.21299018608758097,1.064843915747426,1.4572993421815978,ZONE_01,SUSPENSION_FAULT,REAR_BOGIE,2
12.75,RUN_055_SUSPENSION_FAULT,TRAIN001,0.05964328289803844,-0.16331861613875792,1.0117135774752049,28.84790051421911,26.41771618566988,23.997002783756884,120.66270497385817,4.9722694701608345,0.24897211845664693,1.2379564635232523,1.5185992614334032,ZONE_01,SUSPENSION_FAULT,REAR_BOGIE,2
12.76,RUN_055_SUSPENSION_FAULT,TRAIN001,-0.2132196941008231,-0.6238424034133704,0.1014298816511148,28.807564082010508,26.52856452028227,23.98716197563032,120.3183498161153,5.012365340591217,0.20993385171953033,1.0522651621757897,1.4913633749700412,ZONE_01,SUSPENSION_FAULT,REAR_BOGIE,2
12.77,RUN_055_SUSPENSION_FAULT,TRAIN001,-0.0513676855184628,-0.5279708514210539,0.005211275396094367,28.90606083602704,26.483725966151507,23.984573516572087,120.4793239933147,4.997422727904481,0.2236445171800505,1.1176461931268085,1.6103331250348307,ZONE_01,SUSPENSION_FAULT,REAR_BOGIE,2
12.780000000000001,RUN_055_SUSPENSION_FAULT,TRAIN001,0.04842882228838191,-0.4549093071067197,-0.3175217656574116,28.877056665883853,26.475716389374693,24.04255551638877,121.63018361217834,4.982641367893104,0.2504059585976875,1.2476830880757654,1.410804253569683,ZONE_01,SUSPENSION_FAULT,REAR_BOGIE,2
12.790000000000001,RUN_055_SUSPENSION_FAULT,TRAIN001,0.1091252757925747,-0.4569722481756856,3.2303233520171326,29.03238254221457,26.608750220748764,23.94928966214676,118.73270290001616,4.989905441569567,0.2475543596029843,1.2352728460672007,1.5873139302165329,ZONE_01,SUSPENSION_FAULT,REAR_BOGIE,2
12.8,RUN_055_SUSPENSION_FAULT,TRAIN001,0.11055351639755072,-1.154258926208398,-0.20080483598945326,28.780987763326486,26.532113512510428,23.99942623266977,119.57193960829822,5.028269834888015,0.2349483911936202,1.1813839081943494,1.5687094306936236,ZONE_01,SUSPENSION_FAULT,REAR_BOGIE,2
12.81,RUN_055_SUSPENSION_FAULT,TRAIN001,0.1706221338558778,-0.37162545742785785,0.049436959433745015,28.87364537925669,26.474558973947026,23.923408089766877,120.48375002272675,4.964989922225141,0.22560159342112449,1.1201096377738167,1.5165913546776857,ZONE_01,SUSPENSION_FAULT,REAR_BOGIE,2
12.82,RUN_055_SUSPENSION_FAULT,TRAIN001,-0.08069617314875573,-0.27514678047664354,0.1709987175443795,28.919309366893863,26.369159531832224,23.93800337014601,120.68286523736708,4.992006090305103,0.25977598968422566,1.2968033226186901,1.7296148131163616,ZONE_01,SUSPENSION_FAULT,REAR_BOGIE,2
12.83,RUN_055_SUSPENSION_FAULT,TRAIN001,0.07277569232381809,-0.47016192151514674,0.5502908167696829,28.899022283612883,26.599843809347554,23.929658905402768,119.99918088905578,5.0148963532170185,0.2591688362310182,1.2997048516824319,1.6380683852882916,ZONE_01,SUSPENSION_FAULT,REAR_BOGIE,2
12.84,RUN_055_SUSPENSION_FAULT,TRAIN001,-0.06142157175029842,-0.8006335128887077,0.5105999050844945,28.99266208648949,26.476883111270848,23.96949885791584,119.56165609363916,5.0029435957797626,0.21705667672955867,1.0859223107653837,1.5890257042966631,ZONE_01,SUSPENSION_FAULT,REAR_BOGIE,2
12.85,RUN_055_SUSPENSION_FAULT,TRAIN001,0.06632236221129921,0.04097247956477136,0.7182985572746778,28.93884952791952,26.314034426704772,23.978502349151288,119.38288058413761,5.029811986337689,0.24038568161587365,1.2090947827354768,1.8006583135600458,ZONE_01,SUSPENSION_FAULT,REAR_BOGIE,2
12.86,RUN_055_SUSPENSION_FAULT,TRAIN001,-0.041170952410271015,-0.2522434319588389,1.218507234346434,28.820131683499206,26.516038141855063,24.138040906382813,119.60452123133066,5.005835713468242,0.19220741765226182,0.9621587556771984,1.6989027761018671,ZONE_01,SUSPENSION_FAULT,REAR_BOGIE,2
12.870000000000001,RUN_055_SUSPENSION_FAULT,TRAIN001,0.01522241312457754,-0.15625253515776563,1.442798759403114,28.762983846923966,26.52243245582386,24.025259119712725,121.16081971917247,5.010727996284956,0.26058164617340646,1.3057037497991084,1.9451285880095164,ZONE_01,SUSPENSION_FAULT,REAR_BOGIE,2
12.88,RUN_055_SUSPENSION_FAULT,TRAIN001,-0.054907462525351516,0.0037752046905908387,1.0996594010098337,28.908256194043325,26.614626541814054,24.049537773273244,121.29352243271977,5.0139230703288415,0.2030080084775162,1.0178665371669315,2.060550527030606,ZONE_01,SUSPENSION_FAULT,REAR_BOGIE,2
12.89,RUN_055_SUSPENSION_FAULT,TRAIN001,-0.025938579417114527,0.5000670899507903,1.934797873518793,29.028207916809123,26.598084748767885,24.02205682585612,120.14802398090916,5.024724187017329,0.2080685050661769,1.0454868499625567,1.961652880858991,ZONE_01,SUSPENSION_FAULT,REAR_BOGIE,2
12.9,RUN_055_SUSPENSION_FAULT,TRAIN001,0.019869207535990707,0.5300939286812321,1.3214138364776111,29.011455035913087,26.506850040846892,23.893329003534795,119.13992199966815,4.983115131872242,0.20329679000016065,1.013051310510854,1.928777592877914,ZONE_01,SUSPENSION_FAULT,REAR_BOGIE,2
12.91,RUN_055_SUSPENSION_FAULT,TRAIN001,0.04677954934860201,1.2700801535068953,1.8188788376162308,28.82859918004869,26.50253515076446,23.98547246565782,120.55375532038506,4.99862251806928,0.21993508002290907,1.0993724435158823,1.991008882351943,ZONE_01,SUSPENSION_FAULT,REAR_BOGIE,2
12.92,RUN_055_SUSPENSION_FAULT,TRAIN001,0.10968691218383596,0.21175325839091552,1.945117924683406,28.899069741621528,26.583513488084254,23.994658716348965,119.52871669581441,4.977725454157556,0.26121402681721706,1.300251710271056,2.046422967808086,ZONE_01,SUSPENSION_FAULT,REAR_BOGIE,2
12.93,RUN_055_SUSPENSION_FAULT,TRAIN001,0.08001221820462792,0.6264788465048275,1.2783280721513823,28.992407601621643,26.465207557257997,23.960690903388237,120.47609395185766,5.03223077745256,0.23748959752961823,1.1951024620133663,1.9463992024025634,ZONE_01,SUSPENSION_FAULT,REAR_BOGIE,2
12.94,RUN_055_SUSPENSION_FAULT,TRAIN001,0.11132490698119704,0.17385545626878596,1.8500579871137415,28.8914752709037,26.680831615761505,23.991301698840864,119.86947991149948,5.0106685650941785,0.2202107765120323,1.1034032155638198,1.9345847716002469,ZONE_01,SUSPENSION_FAULT,REAR_BOGIE,2
12.950000000000001,RUN_055_SUSPENSION_FAULT,TRAIN001,-0.05532611718407757,0.21833506606180536,1.7674610103866748,28.938694664194898,26.507434906497647,23.99876488266432,120.16814316824563,5.006829344233912,0.23558091712063997,1.1795134487811574,2.283173947415758,ZONE_01,SUSPENSION_FAULT,REAR_BOGIE,2
12.96,RUN_055_SUSPENSION_FAULT,TRAIN001,0.020470394893378027,0.07252641107331192,1.479350837554391,28.85735093445361,26.438631175561465,24.07497591647992,119.08111640722885,5.0023075823093315,0.2204729008881977,1.102873263806765,2.0971661774175545,ZONE_01,SUSPENSION_FAULT,REAR_BOGIE,2
12.97,RUN_055_SUSPENSION_FAULT,TRAIN001,-0.08482266680766852,0.4301804898217703,1.2269534493790482,28.882633741648377,26.614350455906585,24.002731683045393,119.59515051272635,5.009298034743322,0.2361018591410805,1.1827045789946593,2.1685946239722464,ZONE_01,SUSPENSION_FAULT,REAR_BOGIE,2
12.98,RUN_055_SUSPENSION_FAULT,TRAIN001,-0.04980521263595579,0.351569013073819,1.8516100385474834,28.919780968774244,26.598354799375723,24.011770972673986,117.89763634053534,4.994565065812518,0.20316466396421798,1.0147191332432224,2.0318738547592465,ZONE_01,SUSPENSION_FAULT,REAR_BOGIE,2
12.99,RUN_055_SUSPENSION_FAULT,TRAIN001,0.02816294070882921,0.42122519834391325,0.7209749238381814,28.857573203740973,26.449425089687075,24.03745913588277,120.11879100810259,4.990638455136851,0.24454336093922058,1.220427501051685,1.5909104743325886,ZONE_01,SUSPENSION_FAULT,REAR_BOGIE,2
13.0,RUN_055_SUSPENSION_FAULT,TRAIN001,-0.12198264485274471,-0.154774580353271,1.4135457400013436,28.848772308703595,26.585092754254294,24.050731260371784,118.23905857286877,5.003071153823502,0.2369079583415587,1.1852673724898721,2.2082713876382263,ZONE_01,SUSPENSION_FAULT,REAR_BOGIE,2
13.01,RUN_055_SUSPENSION_FAULT,TRAIN001,-0.020983760463976295,-0.6388572647847531,0.6715193273413297,28.961729308458274,26.663415445228654,23.93271451538602,119.98601784992994,4.985743146070242,0.2569917732965545,1.281294972309734,1.6297580470344608,ZONE_01,SUSPENSION_FAULT,REAR_BOGIE,2
13.02,RUN_055_SUSPENSION_FAULT,TRAIN001,0.01731153660474234,-0.12703447992961892,0.6601516924632601,28.963587675619795,26.506463257587484,23.971540507212826,119.80763409416964,5.008837153039593,0.19959138403267507,0.9997207397694563,1.2369914251300083,ZONE_01,SUSPENSION_FAULT,REAR_BOGIE,2
13.030000000000001,RUN_055_SUSPENSION_FAULT,TRAIN001,0.13743284194929137,-0.07400272892337884,-0.10161300205088647,29.007850273857397,26.494183088767624,24.011842937596338,119.65380650361321,5.035863068613182,0.24690849626950748,1.2433973776904284,1.530135401766518,ZONE_01,SUSPENSION_FAULT,REAR_BOGIE,2
13.040000000000001,RUN_055_SUSPENSION_FAULT,TRAIN001,-0.062454044233097306,-0.26040977831313683,0.8629996575007719,28.930079406730663,26.629100249419082,24.023852887954252,120.40495061010402,5.030947122860196,0.2403974530395264,1.2094268747121244,1.5874481732757901,ZONE_01,SUSPENSION_FAULT,REAR_BOGIE,2
13.05,RUN_055_SUSPENSION_FAULT,TRAIN001,0.17975592068718282,-0.13338019262390743,0.31833512051747465,29.011088340115446,26.46651653905423,23.910571995422924,120.66995101757293,5.000337025206402,0.2435124075622195,1.2176441076305178,1.529107035697345,ZONE_01,SUSPENSION_FAULT,REAR_BOGIE,2
13.06,RUN_055_SUSPENSION_FAULT,TRAIN001,-0.050850477631373785,-0.3261840970866946,-0.10851741343263549,28.939863298823735,26.84104627285685,24.03104310739129,119.58052690007759,4.982034258973891,0.2088662378986523,1.0405787527540766,1.7415374842498412,ZONE_01,SUSPENSION_FAULT,REAR_BOGIE,2
13.07,RUN_055_SUSPENSION_FAULT,TRAIN001,0.09429344840115994,-1.3064785831081354,0.10452599822026572,28.79747627546802,26.53212734175895,24.012277108140612,118.87462214152649,5.034871285741701,0.2566197483450911,1.2920474022969606,1.2417075494780259,ZONE_01,SUSPENSION_FAULT,REAR_BOGIE,2
13.08,RUN_055_SUSPENSION_FAULT,TRAIN001,-0.23501302803999324,-0.7314341431597176,0.028807130890401475,28.966654804412045,26.46171499877238,24.093891569578894,119.20045939050257,4.989750447839289,0.24191226079996678,1.207081811664449,1.4714040277964409,ZONE_01,SUSPENSION_FAULT,REAR_BOGIE,2
13.09,RUN_055_SUSPENSION_FAULT,TRAIN001,-0.231004085777859,-0.6103655138691554,0.4843644427560981,29.068585430863468,26.58116736630547,24.046779041087824,119.84872728749205,4.997910722301251,0.248989586892363,1.2444277260707,1.4282400682194847,ZONE_01,SUSPENSION_FAULT,REAR_BOGIE,2
13.1,RUN_055_SUSPENSION_FAULT,TRAIN001,0.034544867615831684,-0.5566267858842696,0.09734686127639956,28.987129165810746,26.71152828667226,23.99638768641952,119.53881692006419,5.019976896084228,0.24582007871677733,1.2340111157518285,1.573113638281279,ZONE_01,SUSPENSION_FAULT,REAR_BOGIE,2
13.11,RUN_055_SUSPENSION_FAULT,TRAIN001,0.15644054005063562,-0.8347962231536068,0.22227463288584498,28.91282135630095,26.514377222799023,24.067342714119327,120.32692511595926,5.021746087822208,0.24833913108092953,1.2470960599588246,1.561604872767206,ZONE_01,SUSPENSION_FAULT,REAR_BOGIE,2
13.120000000000001,RUN_055_SUSPENSION_FAULT,TRAIN001,0.020313604434870725,-0.4956170050221119,-0.23861999612549734,28.991795071495527,26.573597399193282,23.948208704964852,120.46123674993278,5.013983638578823,0.207263499961718,1.0392157976826366,1.6441337886224463,ZONE_01,SUSPENSION_FAULT,REAR_BOGIE,2
13.13,RUN_055_SUSPENSION_FAULT,TRAIN001,-0.054042957834869745,0.22989538351474992,1.250705705347423,29.135173248637017,26.574698088704853,23.993074570288933,118.2431220634065,4.97919325063902,0.24365738568838152,1.213217210287938,1.4880113982807663,ZONE_01,SUSPENSION_FAULT,REAR_BOGIE,2
13.14,RUN_055_SUSPENSION_FAULT,TRAIN001,-0.22622819511074344,0.07967227966724208,0.6204109523095703,29.100716713397613,26.550517116379822,23.965387504344598,119.68727169701668,4.99511827904286,0.23569919998312305,1.1773453821914763,1.769455392950794,ZONE_01,SUSPENSION_FAULT,REAR_BOGIE,2
13.15,RUN_055_SUSPENSION_FAULT,TRAIN001,-0.1932479410272066,0.10401578923308408,1.4812811008037712,29.098619309113893,26.699664317727013,23.983765196972737,121.47479306446073,5.021515207448443,0.2512799137846672,1.26180590839604,1.7733436996598033,ZONE_01,SUSPENSION_FAULT,REAR_BOGIE,2
13.16,RUN_055_SUSPENSION_FAULT,TRAIN001,-0.0759993030741745,0.14140363968117503,1.4258360984014744,28.979414662991438,26.66824828193456,24.00914241253569,121.53440022896852,4.998852313432659,0.21301588223608398,1.0648349357137472,1.9868443214120588,ZONE_01,SUSPENSION_FAULT,REAR_BOGIE,2
13.17,RUN_055_SUSPENSION_FAULT,TRAIN001,-0.09286912840574717,-0.024989558775441678,2.6294491890217015,28.976414267920042,26.70146489331003,24.049307992701298,120.09133724863801,4.984057838638948,0.25790913379703045,1.2854340399576707,1.8182671241319308,ZONE_01,SUSPENSION_FAULT,REAR_BOGIE,2
13.18,RUN_055_SUSPENSION_FAULT,TRAIN001,0.15298833664603148,0.43904947308144215,1.1866737552552804,29.20427667300403,26.44247016096226,23.938637441544504,119.41872755329929,5.015803870610614,0.21496469566742013,1.0782207525732785,2.1103230583902706,ZONE_01,SUSPENSION_FAULT,REAR_BOGIE,2
13.19,RUN_055_SUSPENSION_FAULT,TRAIN001,-0.008604711944612604,0.5314100680662972,2.033408306587391,29.123945524859373,26.577744490856603,24.009700900228594,118.97250552361122,4.98636932924488,0.21935222295746137,1.09377119685677,1.873173809324363,ZONE_01,SUSPENSION_FAULT,REAR_BOGIE,2
13.200000000000001,RUN_055_SUSPENSION_FAULT,TRAIN001,-0.03704594722049307,1.3989083279556043,1.184193183462435,28.99129643030303,26.685493006495957,23.96361235817591,120.83677849378162,4.955304912071341,0.22707964163440333,1.1252488636223585,2.2280781225219553,ZONE_01,SUSPENSION_FAULT,REAR_BOGIE,2
13.21,RUN_055_SUSPENSION_FAULT,TRAIN001,0.0166454417953102,1.3909663470242997,2.184866778237655,28.990643193436142,26.57972963469771,23.964290691490778,119.27749685114188,5.03880611036542,0.2181471441906448,1.0992011631065872,2.3871383388956757,ZONE_01,SUSPENSION_FAULT,REAR_BOGIE,2
13.22,RUN_055_SUSPENSION_FAULT,TRAIN001,0.17658365820874328,0.7193186847633237,1.5242044084731803,28.970731162443478,26.355178494531504,24.007857948141332,120.19258612073673,4.994451050828645,0.2611972802234693,1.3045370306856903,2.354179197793691,ZONE_01,SUSPENSION_FAULT,REAR_BOGIE,2
13.23,RUN_055_SUSPENSION_FAULT,TRAIN001,0.12132522518939291,0.45494663935624136,2.1732296685967727,29.077131563135215,26.60250154166121,24.017688891052742,120.19209011428326,4.968636856327134,0.24462807368971548,1.2154680630270303,1.809851511071612,ZONE_01,SUSPENSION_FAULT,REAR_BOGIE,2
13.24,RUN_055_SUSPENSION_FAULT,TRAIN001,-0.03140971409668527,0.5437096012706527,1.564209414991557,28.994801117246045,26.58123000883734,24.081366797761742,120.80488049370192,4.993125822590108,0.2207690469193078,1.1023276290014028,1.983534306289241,ZONE_01,SUSPENSION_FAULT,REAR_BOGIE,2
13.25,RUN_055_SUSPENSION_FAULT,TRAIN001,-0.038766556785594826,0.9269991530422246,1.2033268293940615,28.944391271966825,26.632487478355365,24.065297884172207,120.00072493941067,4.993732798800526,0.2053009187490863,1.025217931581194,2.1259094915908405,ZONE_01,SUSPENSION_FAULT,REAR_BOGIE,2
13.26,RUN_055_SUSPENSION_FAULT,TRAIN001,0.028526243463381264,0.3324211236890177,1.459360326092691,29.00247363144841,26.41336973246256,23.97813799740706,118.97308741999525,5.010562607796557,0.22262648663456863,1.1154839494362896,1.9659599425776675,ZONE_01,SUSPENSION_FAULT,REAR_BOGIE,2
13.27,RUN_055_SUSPENSION_FAULT,TRAIN001,0.09228421543456272,0.33708605067483,1.8267743769122577,28.910798690598604,26.506738213287363,24.049462145223924,120.71491844685951,4.997409120898292,0.2720567941821351,1.3595791046481511,2.1036514109318167,ZONE_01,SUSPENSION_FAULT,REAR_BOGIE,2
13.280000000000001,RUN_055_SUSPENSION_FAULT,TRAIN001,0.004573692250479321,0.47885420747117485,0.8524238314941754,29.011678447577395,26.626228313552645,24.031934246522454,120.1580746023199,4.999570019285818,0.21635780227648296,1.081695981700073,1.9227901977641262,ZONE_01,SUSPENSION_FAULT,REAR_BOGIE,2
13.290000000000001,RUN_055_SUSPENSION_FAULT,TRAIN001,0.0959957143965877,-0.2129048996180632,0.9529888611885201,28.901618623146927,26.735246584184296,23.98321812027183,119.66010131608463,5.001628180716461,0.23922579686774392,1.1965184871680596,1.7036207433176278,ZONE_01,SUSPENSION_FAULT,REAR_BOGIE,2
13.3,RUN_055_SUSPENSION_FAULT,TRAIN001,0.137496521643095,0.27705837243126386,0.7253960844961184,29.17161709997817,26.545772789438338,23.988028065626345,121.81955028644157,4.984500110297416,0.23605663757200876,1.1766243360141149,1.4856939012396138,ZONE_01,SUSPENSION_FAULT,REAR_BOGIE,2
13.31,RUN_055_SUSPENSION_FAULT,TRAIN001,-0.06707895262878467,-0.5068889250932727,0.33054062091065217,28.907296563960383,26.595441597683497,23.983920119231293,119.92226604335238,4.997791255586604,0.2145468582128894,1.0722604118899577,1.5376667419734167,ZONE_01,SUSPENSION_FAULT,REAR_BOGIE,2
13.32,RUN_055_SUSPENSION_FAULT,TRAIN001,-0.028216931895124593,-0.11605901664993301,0.3915507782586821,28.87930505652045,26.595684965929134,24.007509484726338,121.02422457501028,4.980553396370724,0.23835797514091717,1.1871546226401437,2.1251435570201256,ZONE_01,SUSPENSION_FAULT,REAR_BOGIE,2
13.33,RUN_055_SUSPENSION_FAULT,TRAIN001,0.08749007411617504,-0.8920237614897941,0.46542767880612246,28.84095177624954,26.548074751638808,24.00997064369923,120.28635332521075,5.064219147690008,0.25850760576982024,1.3091391669630237,1.605408692153728,ZONE_01,SUSPENSION_FAULT,REAR_BOGIE,2
13.34,RUN_055_SUSPENSION_FAULT,TRAIN001,-0.13932939879664372,-0.43321480707743665,0.8271357162394254,28.915088122010104,26.591427616157553,24.084640323869912,119.65595904454051,5.023122941738353,0.23020296519266387,1.1563377957154655,1.7153710944761436,ZONE_01,SUSPENSION_FAULT,REAR_BOGIE,2
13.35,RUN_055_SUSPENSION_FAULT,TRAIN001,0.05363719266096794,-0.33419307429290723,0.26337308450490476,29.033958915286366,26.733909268885494,24.062726415837318,118.94750734715471,4.985052678198211,0.22004686643574245,1.096945220854622,1.5769960158829455,ZONE_01,SUSPENSION_FAULT,REAR_BOGIE,2
13.36,RUN_055_SUSPENSION_FAULT,TRAIN001,-0.05666560355268663,-1.084808903838701,0.4857746360391281,29.104589296386344,26.63551812138758,23.971053885862286,121.15990341356714,5.014358269808949,0.18349662333484026,0.920117810701074,1.8326401874156437,ZONE_01,SUSPENSION_FAULT,REAR_BOGIE,2
13.370000000000001,RUN_055_SUSPENSION_FAULT,TRAIN001,-0.041319807496540004,-0.8022546338244144,-0.1252947184648221,29.143175205002994,26.53961628464959,23.963123518216022,119.86185337589292,4.980547979831122,0.23658022883677637,1.178299180800991,1.2564288139671875,ZONE_01,SUSPENSION_FAULT,REAR_BOGIE,2
13.38,RUN_055_SUSPENSION_FAULT,TRAIN001,-0.09924810377179005,-0.5113172961468299,0.008889387816372094,29.07999588519437,26.444766075946156,23.952445847173713,119.45355318097114,4.991998764107952,0.22176574886483638,1.1070543442547376,1.378911996955078,ZONE_01,SUSPENSION_FAULT,REAR_BOGIE,2
13.39,RUN_055_SUSPENSION_FAULT,TRAIN001,-0.02391523989975572,-0.2528839489749075,0.6447564784883104,28.991175074915006,26.554595355187537,24.05986896325226,120.53206346947437,5.019118066630898,0.21605599426990113,1.0844105442439624,1.6271733138097884,ZONE_01,SUSPENSION_FAULT,REAR_BOGIE,2
13.4,RUN_055_SUSPENSION_FAULT,TRAIN001,0.07078412622233042,-0.3699957434943669,0.3275960132875845,29.05672556473535,26.665284396654364,23.985398639272557,120.49412507821324,5.005690445708732,0.24407382214333656,1.2217579995505121,1.505458899199765,ZONE_01,SUSPENSION_FAULT,REAR_BOGIE,2
13.41,RUN_055_SUSPENSION_FAULT,TRAIN001,-0.06554552438815459,-0.308061480489102,0.5543265361829214,29.149003805932352,26.680731813005632,23.98839050355033,119.70478239734783,4.989649571780238,0.21709482573541572,1.0832271042664225,1.500529571719778,ZONE_01,SUSPENSION_FAULT,REAR_BOGIE,2
13.42,RUN_055_SUSPENSION_FAULT,TRAIN001,-0.1612529810962089,-0.1834355036099805,0.5384429733209788,29.029466403004037,26.62904218992965,23.867883619090737,120.98567996661949,4.988420832673216,0.2364105827990142,1.1793154762990188,1.7882719751736045,ZONE_01,SUSPENSION_FAULT,REAR_BOGIE,2
13.43,RUN_055_SUSPENSION_FAULT,TRAIN001,0.05019205407795552,-0.18282317618688898,0.9641930135094087,28.979585361046183,26.63633172985977,23.99176888192901,120.18526998828948,4.989497256634086,0.24248016264554623,1.2098541063081398,1.8336082841610821,ZONE_01,SUSPENSION_FAULT,REAR_BOGIE,2
13.44,RUN_055_SUSPENSION_FAULT,TRAIN001,0.01967264147895072,0.14017119701978265,1.3047906985144229,28.991685912892446,26.70867252853714,24.006512888136484,118.85284822722515,5.0005547177930305,0.20905870021403414,1.0454094696509673,1.992850306634145,ZONE_01,SUSPENSION_FAULT,REAR_BOGIE,2
13.450000000000001,RUN_055_SUSPENSION_FAULT,TRAIN001,-0.025227662066100987,0.38506559629152926,1.0750835799170728,29.22575820046646,26.659808110535277,23.87078945935141,120.00832396433313,4.993236624361162,0.2312195506714561,1.1545339286810463,2.0883276105481934,ZONE_01,SUSPENSION_FAULT,REAR_BOGIE,2
13.46,RUN_055_SUSPENSION_FAULT,TRAIN001,0.03312544640006654,0.44882378147215707,1.6917776923634262,28.998641781612267,26.811813474286392,23.960095204236456,120.2999272223756,4.999433211042338,0.21882496383112235,1.0940007915824514,1.9875991419138344,ZONE_01,SUSPENSION_FAULT,REAR_BOGIE,2
13.47,RUN_055_SUSPENSION_FAULT,TRAIN001,-0.019636696560155174,0.6893184832430019,1.9270270399106828,29.10698725701993,26.548648065785716,24.003250986365753,119.75826229473759,4.985271522148139,0.25149621338756467,1.2537769105291177,1.9891680859581438,ZONE_01,SUSPENSION_FAULT,REAR_BOGIE,2
13.48,RUN_055_SUSPENSION_FAULT,TRAIN001,0.09212143761030793,0.5053547584577555,1.752968612926959,28.948485407298314,26.669378280503246,23.94138916843483,120.36086310925705,5.005307753497264,0.20016161458522694,1.0018704814359674,2.2187606315332324,ZONE_01,SUSPENSION_FAULT,REAR_BOGIE,2
13.49,RUN_055_SUSPENSION_FAULT,TRAIN001,0.041621499817115104,0.686446249294849,1.4148935352571095,29.066993421057322,26.55443541338857,23.998955420680858,120.45152086452903,4.967123730005635,0.23130570433570122,1.1489240528915288,1.9449378215191653,ZONE_01,SUSPENSION_FAULT,REAR_BOGIE,2
13.5,RUN_055_SUSPENSION_FAULT,TRAIN001,0.004971588282230356,1.2177079400965924,1.140428114408242,29.06085866281988,26.653163548280297,24.069271211913154,121.18943408509647,4.993075494060607,0.22108291149473697,1.1038836675399413,2.2743208900922762,ZONE_01,SUSPENSION_FAULT,REAR_BOGIE,2
13.51,RUN_055_SUSPENSION_FAULT,TRAIN001,0.10331626415789737,0.5894324316412844,1.4077161090574744,28.869658132586935,26.717657501253278,24.074202242428647,120.24879323131616,5.025383958052178,0.21323505841072435,1.0715880418315733,2.2803996601525496,ZONE_01,SUSPENSION_FAULT,REAR_BOGIE,2
13.52,RUN_055_SUSPENSION_FAULT,TRAIN001,-0.09253813133757081,0.7396614105339581,1.8743687320582303,28.960255086271907,26.63992960214961,23.956167037976826,119.21870766698537,5.038345120817192,0.21665524616502704,1.0915839024150118,2.2137874694362134,ZONE_01,SUSPENSION_FAULT,REAR_BOGIE,2
13.530000000000001,RUN_055_SUSPENSION_FAULT,TRAIN001,-0.087691891026558,0.5257819157652373,2.0408201204301544,29.0112317762397,26.52757897379633,23.965301094902927,121.44577679583777,4.9607849231404595,0.23199751617701767,1.150889780456984,1.9001990909718915,ZONE_01,SUSPENSION_FAULT,REAR_BOGIE,2
13.540000000000001,RUN_055_SUSPENSION_FAULT,TRAIN001,-0.03158262870035199,0.6004382798642435,1.311684880349538,29.209256251791626,26.665889698351606,23.96367702314898,120.02370167739329,5.022886275172432,0.21664491983949877,1.08818279444765,2.069173401504216,ZONE_01,SUSPENSION_FAULT,REAR_BOGIE,2
13.55,RUN_055_SUSPENSION_FAULT,TRAIN001,0.13330291297877103,0.2440227804148823,1.290078443767946,29.11428343050887,26.697066319548192,24.02516497756428,119.34537834421744,4.971384362172364,0.24659843649146676,1.2259356109098327,2.135803533085272,ZONE_01,SUSPENSION_FAULT,REAR_BOGIE,2
13.56,RUN_055_SUSPENSION_FAULT,TRAIN001,0.033799405065063653,0.23899202542756237,0.9862140426492243,29.026453472399137,26.561028116413294,24.02471605231959,119.50711741993229,4.991589427038191,0.20002901245167162,0.9984627036546547,1.793696612866909,ZONE_01,SUSPENSION_FAULT,REAR_BOGIE,2
13.57,RUN_055_SUSPENSION_FAULT,TRAIN001,-0.10143595909818932,0.19680224203187202,1.0333384498080291,29.020206599262693,26.674606389076462,23.921318057474526,121.71190398481555,4.978502831765987,0.24098715974901935,1.1997552572297352,1.4105434504483383,ZONE_01,SUSPENSION_FAULT,REAR_BOGIE,2
13.58,RUN_055_SUSPENSION_FAULT,TRAIN001,0.015133663389293991,-0.6341070384205914,1.0621002864483629,29.213885252234164,26.55356294589232,24.026470999244637,120.97031486441618,4.9933081749041826,0.19205825239822055,0.9590060417578455,1.4568457849719167,ZONE_01,SUSPENSION_FAULT,REAR_BOGIE,2
13.59,RUN_055_SUSPENSION_FAULT,TRAIN001,0.025239676469573532,-0.3715750580115413,0.16686355555037513,28.967703092713183,26.712361084888194,23.983061384680987,121.34171477806044,4.972122342184897,0.1998360768383255,0.993609422422416,1.554954537095212,ZONE_01,SUSPENSION_FAULT,REAR_BOGIE,2
13.6,RUN_055_SUSPENSION_FAULT,TRAIN001,-0.11530895259057501,-1.1893999265131308,0.6252709892634662,28.955386011868896,26.473650371107464,24.04241891131854,120.75650462406487,5.025056462817258,0.23087600243846926,1.1601649481628429,1.4572093885822055,ZONE_01,SUSPENSION_FAULT,REAR_BOGIE,2
13.61,RUN_055_SUSPENSION_FAULT,TRAIN001,0.08276977914311123,-0.627388513347704,0.5665261682838336,29.00139144944339,26.64875180638823,24.044258395754397,120.10763245087809,4.971508378259886,0.22729725889686628,1.130010226961277,1.3868044595725473,ZONE_01,SUSPENSION_FAULT,REAR_BOGIE,2
13.620000000000001,RUN_055_SUSPENSION_FAULT,TRAIN001,0.14323152862422683,-0.5745128503899058,-0.041166414258966444,28.974640944143612,26.493315054417756,23.91455657372186,121.34192058370677,5.001933680323522,0.19057128311190574,0.9532249194999106,1.3740500044508346,ZONE_01,SUSPENSION_FAULT,REAR_BOGIE,2
13.63,RUN_055_SUSPENSION_FAULT,TRAIN001,-0.2181660106921668,-0.6388459778887641,0.40329582819708026,29.181874924372153,26.862728677180424,23.893935440409003,120.10361762140063,5.0093950642482925,0.2226185823945687,1.1151844278573042,1.4968635779340647,ZONE_01,SUSPENSION_FAULT,REAR_BOGIE,2
13.64,RUN_055_SUSPENSION_FAULT,TRAIN001,-0.0453943093232766,-0.8862364802090128,0.01482006737832152,29.082748079498376,26.63665600979729,24.011531257529587,120.57401049997702,4.98647425014092,0.19772771732671773,0.9859641709888206,1.2171127704571703,ZONE_01,SUSPENSION_FAULT,REAR_BOGIE,2
13.65,RUN_055_SUSPENSION_FAULT,TRAIN001,-0.07867989992684828,-0.9794272742391559,0.2245493175341944,29.052794491733682,26.591804137016695,23.97194838563299,120.60047033824117,5.004662252601845,0.20865393031270985,1.0442424488930349,1.4951152521452158,ZONE_01,SUSPENSION_FAULT,REAR_BOGIE,2
13.66,RUN_055_SUSPENSION_FAULT,TRAIN001,0.18246362885802395,-0.6435275339722993,0.004375690495454082,29.146457717250772,26.63595623586179,23.999196769690425,119.46194631809237,4.998874338699933,0.24303552100702988,1.21490402935461,1.2495386682303053,ZONE_01,SUSPENSION_FAULT,REAR_BOGIE,2
13.67,RUN_055_SUSPENSION_FAULT,TRAIN001,-0.15173359998410332,-0.8332391901980505,0.13205526824481953,29.068804422917612,26.543197652675005,23.965495754506414,119.80646006243384,5.005770863340619,0.2157277188364848,1.0798835293666127,1.5607534260673845,ZONE_01,SUSPENSION_FAULT,REAR_BOGIE,2
13.68,RUN_055_SUSPENSION_FAULT,TRAIN001,0.09376371905734651,-0.2811757221799237,0.39317937099622435,29.134794135707033,26.680516692902096,24.07124153349987,119.2869139718662,4.9972109825063935,0.22635786381986803,1.1311580030573312,1.5820398545869168,ZONE_01,SUSPENSION_FAULT,REAR_BOGIE,2
13.69,RUN_055_SUSPENSION_FAULT,TRAIN001,-0.018911975858152526,0.11041729486364399,0.10966341319036199,29.024828510638883,26.5800798195506,23.99491718319895,122.18275995860357,4.999766692851226,0.24949487528287362,1.2474161674763822,1.893180215227381,ZONE_01,SUSPENSION_FAULT,REAR_BOGIE,2
13.700000000000001,RUN_055_SUSPENSION_FAULT,TRAIN001,-0.06903101279309909,0.24756174373496945,0.3977952738365384,29.07711706373143,26.768435470493547,24.00278563734644,119.09486261366774,5.036958533028756,0.23634174681963424,1.1904435783540785,1.9708324483678072,ZONE_01,SUSPENSION_FAULT,REAR_BOGIE,2
13.71,RUN_055_SUSPENSION_FAULT,TRAIN001,0.1318382827206622,0.019244370645507075,0.8890487125399262,29.146765517130895,26.673275112836915,23.92901045870319,119.25141248405055,4.9844566072321435,0.19925838131705673,0.9931947553021853,1.7558871461876266,ZONE_01,SUSPENSION_FAULT,REAR_BOGIE,2
13.72,RUN_055_SUSPENSION_FAULT,TRAIN001,0.12272709338646837,-0.2700471709949143,1.4303752354479677,29.05691905949905,26.755063599229917,23.908596401691295,120.4055462673185,4.974554824501257,0.23666372948034223,1.1772966972708967,2.302677536284588,ZONE_01,SUSPENSION_FAULT,REAR_BOGIE,2
13.73,RUN_055_SUSPENSION_FAULT,TRAIN001,0.08918865089575201,-0.21445348979061332,1.3730748069984315,29.11827323323955,26.5151057024859,24.051504941420305,119.68262781491111,4.986087315233781,0.2103237788605099,1.0486927258684233,1.7962954479606719,ZONE_01,SUSPENSION_FAULT,REAR_BOGIE,2
13.74,RUN_055_SUSPENSION_FAULT,TRAIN001,0.11420845348726623,0.46997777276017216,1.7759880609643193,29.249110130643086,26.73254820363405,24.124574555975972,121.94240555212674,4.98449468592949,0.2258613192212377,1.1258045454152834,1.966535353866583,ZONE_01,SUSPENSION_FAULT,REAR_BOGIE,2
13.75,RUN_055_SUSPENSION_FAULT,TRAIN001,-0.10465128039911914,0.5969546923544458,1.6232341271174096,29.03276744003719,26.710588310705162,24.024144052754533,119.74883821121777,5.0026212315134275,0.2301244187333012,1.151225303044899,2.2254670876969977,ZONE_01,SUSPENSION_FAULT,REAR_BOGIE,2
13.76,RUN_055_SUSPENSION_FAULT,TRAIN001,-0.04913846561972365,0.604526099675949,1.9374123304170594,29.114512793361335,26.699990167501973,24.0673017925034,120.06432855368905,4.96727189344972,0.2383071298829803,1.1837363082763999,2.2832017885635216,ZONE_01,SUSPENSION_FAULT,REAR_BOGIE,2
13.77,RUN_055_SUSPENSION_FAULT,TRAIN001,0.2222211607913761,1.078230965073698,1.3388324359822463,29.098049130449077,26.512227043619337,23.967173071461723,120.49248608572039,5.001700974960444,0.2409122528279625,1.2049710498495372,2.0483327477135007,ZONE_01,SUSPENSION_FAULT,REAR_BOGIE,2
13.780000000000001,RUN_055_SUSPENSION_FAULT,TRAIN001,0.018249095968748758,0.47306419937513283,2.266983425058441,29.08563035953307,26.833107852778653,24.02332672688677,119.31175230570332,4.995960978422038,0.21654893460230595,1.0818700271919863,2.3631210696389817,ZONE_01,SUSPENSION_FAULT,REAR_BOGIE,2
13.790000000000001,RUN_055_SUSPENSION_FAULT,TRAIN001,0.059014296090532326,1.1149436991376853,1.7943422376756477,29.07808373464209,26.626702115479976,24.00643570842453,119.31082434943363,4.998932529018015,0.19876461334766496,0.9936108912813307,1.9884399400494068,ZONE_01,SUSPENSION_FAULT,REAR_BOGIE,2
13.8,RUN_055_SUSPENSION_FAULT,TRAIN001,-0.001955541136531424,0.31368005327979737,2.1265964333468848,29.07023218871072,26.842284423605747,24.028035514002923,119.35732690930755,5.049032938835988,0.20151072838048015,1.0174343051218762,2.2197024230092217,ZONE_01,SUSPENSION_FAULT,REAR_BOGIE,2
13.81,RUN_055_SUSPENSION_FAULT,TRAIN001,-0.2709542479065276,0.712546239296868,2.081907064043362,29.123419053546435,26.62146220161403,23.92662662792017,120.10237393096185,5.002844436216201,0.2029144954608661,1.0151496546440115,2.1806386284540835,ZONE_01,SUSPENSION_FAULT,REAR_BOGIE,2
13.82,RUN_055_SUSPENSION_FAULT,TRAIN001,-0.08373058045526897,0.43152398006397985,1.3203371537900896,29.136455903849043,26.802639608670532,24.004492543055886,119.35587291952099,5.010967164588666,0.2458933667573166,1.2321635868110719,2.008232551325844,ZONE_01,SUSPENSION_FAULT,REAR_BOGIE,2
13.83,RUN_055_SUSPENSION_FAULT,TRAIN001,0.20217738169306243,0.6991139201964318,0.9835479169435669,28.91878082329345,26.607758743802442,23.953887313036148,121.0785873297094,4.981815118176733,0.2264218445117067,1.127991768073882,1.9823641536990178,ZONE_01,SUSPENSION_FAULT,REAR_BOGIE,2
13.84,RUN_055_SUSPENSION_FAULT,TRAIN001,-0.037857750299795795,-0.11509918350182202,1.6333202463209868,29.11354100086168,26.64742668866731,23.99891345364885,119.3502922196734,5.024838973128547,0.21848663464215162,1.0978601568575812,2.2321244223068177,ZONE_01,SUSPENSION_FAULT,REAR_BOGIE,2
13.85,RUN_055_SUSPENSION_FAULT,TRAIN001,0.035474456254354435,-0.04914254714950379,1.3766832984287125,29.076863331758098,26.378212220277675,24.03544092687967,120.22901244026393,4.991924381294927,0.1865537958838182,0.9312624420955493,1.8995522556399966,ZONE_01,SUSPENSION_FAULT,REAR_BOGIE,2
13.86,RUN_055_SUSPENSION_FAULT,TRAIN001,-0.021788061258209562,-0.48176724632797524,0.4800060351187734,29.18327552066696,26.670476717686928,24.03893223263268,119.8347232445478,4.975111825126138,0.19323493108508033,0.9613653906688175,1.8851069944797847,ZONE_01,SUSPENSION_FAULT,REAR_BOGIE,2
13.870000000000001,RUN_055_SUSPENSION_FAULT,TRAIN001,0.02302446370646371,-0.00441869173754883,0.06395058596554548,29.075162388138974,26.985194373025934,23.858123849654113,119.6466383932675,5.001871912638505,0.2263184315421162,1.1320158060429113,1.5728114139823082,ZONE_01,SUSPENSION_FAULT,REAR_BOGIE,2
13.88,RUN_055_SUSPENSION_FAULT,TRAIN001,-0.04986606399295975,0.06500995198847004,1.1942707236015384,29.14373932843018,26.66779912376445,24.006502518405817,119.14778427070068,4.974194091067023,0.21872581162873378,1.0879846397674864,1.6645837549849012,ZONE_01,SUSPENSION_FAULT,REAR_BOGIE,2
13.89,RUN_055_SUSPENSION_FAULT,TRAIN001,0.07082407610869727,-0.3466457860395417,0.24844296172416158,29.199143845036538,26.6205638760372,23.963782292409004,120.24519058344862,5.017331238339893,0.23018334100464016,1.1549060673680251,1.4863357119134888,ZONE_01,SUSPENSION_FAULT,REAR_BOGIE,2
13.9,RUN_055_SUSPENSION_FAULT,TRAIN001,0.07507514922915784,-0.3631490045026107,1.820717953224032,29.36308527630121,26.725119912805706,24.030246640811963,119.69425678804213,4.96516527421204,0.21554627000019322,1.0702228547908916,1.5418957989511264,ZONE_01,SUSPENSION_FAULT,REAR_BOGIE,2
13.91,RUN_055_SUSPENSION_FAULT,TRAIN001,0.17532116573011255,-0.4633502885004661,0.3584171375597,29.169480476984592,26.51334870085065,24.03365560588904,120.58408464818403,4.999242871492147,0.25132235269624886,1.2564214801633573,1.3259946644005551,ZONE_01,SUSPENSION_FAULT,REAR_BOGIE,2
13.92,RUN_055_SUSPENSION_FAULT,TRAIN001,-0.07339243191121733,-0.8302734296748238,0.20514990698110097,29.06288471437915,26.690356122864817,24.019419020606,120.6466140763864,4.990562143364048,0.24774562925373692,1.2363899585376041,1.5005005074551174,ZONE_01,SUSPENSION_FAULT,REAR_BOGIE,2
13.93,RUN_055_SUSPENSION_FAULT,TRAIN001,0.09387787912743603,-1.0051373869680613,0.07460264226480472,28.926603807507917,26.823431257316926,24.03356139961783,119.208140129471,4.9977425522380114,0.241818424356481,1.2085462293215339,1.6075821627075526,ZONE_01,SUSPENSION_FAULT,REAR_BOGIE,2
13.94,RUN_055_SUSPENSION_FAULT,TRAIN001,0.116111789186959,-0.013686734915748566,0.11604880509471484,29.161456415238213,26.809704854763368,23.903047179988487,119.4757821856997,4.9898491751486045,0.22717734737051176,1.1335806993891961,1.689322084340047,ZONE_01,SUSPENSION_FAULT,REAR_BOGIE,2
13.950000000000001,RUN_055_SUSPENSION_FAULT,TRAIN001,0.0863798332961474,-0.6833253874309868,0.10073289238754066,29.29304046463441,26.66586938214241,23.984932675710805,121.67194972346273,4.971298272198051,0.21058399217669502,1.0468758364605717,1.6270232684995527,ZONE_01,SUSPENSION_FAULT,REAR_BOGIE,2
13.96,RUN_055_SUSPENSION_FAULT,TRAIN001,0.032128766495935754,-0.2985123858545874,0.18896556812230914,29.066253164431462,26.734960684243784,23.964427089401596,120.59142566247536,5.00960247102551,0.20805176613226156,1.042256641717399,1.586145611152092,ZONE_01,SUSPENSION_FAULT,REAR_BOGIE,2
13.97,RUN_055_SUSPENSION_FAULT,TRAIN001,-0.08818127303877953,-0.4110528217017207,-0.12727829907987964,29.15705875387661,26.790110875091646,24.028778178496704,119.9812494029826,4.991306349360604,0.24594087693621966,1.2275662606190683,1.150753087360949,ZONE_01,SUSPENSION_FAULT,REAR_BOGIE,2
13.98,RUN_055_SUSPENSION_FAULT,TRAIN001,0.00504028205804362,-0.7362501617059786,0.8503549157979595,29.308267594158195,26.715398663091456,24.028560730356983,119.84092047118551,5.0242000011143,0.24291405641192276,1.2204488024954616,1.5935429752808008,ZONE_01,SUSPENSION_FAULT,REAR_BOGIE,2
13.99,RUN_055_SUSPENSION_FAULT,TRAIN001,-0.0052755346015522135,-0.5447454692959619,0.6936502826322518,29.103090481599967,26.664320663252706,24.045090503496805,120.85330452309549,4.987058272145256,0.24409451278692737,1.217313559179312,1.7794370193050524,ZONE_01,SUSPENSION_FAULT,REAR_BOGIE,2
14.0,RUN_055_SUSPENSION_FAULT,TRAIN001,0.17350596004917745,-0.03636666604661773,0.7271189612509781,29.006856399714557,26.724869213699343,24.020427464305772,119.65990560360393,5.014208852437182,0.19087138029389333,0.9570689647465439,1.8453911329325778,ZONE_01,SUSPENSION_FAULT,REAR_BOGIE,2
14.01,RUN_055_SUSPENSION_FAULT,TRAIN001,0.01016570156026242,0.04841394875822841,1.2964176590788392,29.232793263405558,26.691776485296575,24.02985820573387,119.78094471590161,4.973786102874729,0.21159233195788912,1.0524150001670052,1.730703390404862,ZONE_01,SUSPENSION_FAULT,REAR_BOGIE,2
14.02,RUN_055_SUSPENSION_FAULT,TRAIN001,-0.1252872153141429,0.6711764388176755,1.3809508054964639,29.150751791177775,26.677781076519192,23.98270210483954,120.68271044860079,5.01041614301997,0.2364926786127434,1.1849267346273231,1.8462828490554488,ZONE_01,SUSPENSION_FAULT,REAR_BOGIE,2
14.030000000000001,RUN_055_SUSPENSION_FAULT,TRAIN001,0.07115002190933109,0.3369976305351515,1.8307767729365187,28.96908537389613,26.680672327585416,23.929222901910016,119.18066848806333,5.000847277589134,0.22317303093657367,1.1160542441904802,1.7572353012415256,ZONE_01,SUSPENSION_FAULT,REAR_BOGIE,2
14.040000000000001,RUN_055_SUSPENSION_FAULT,TRAIN001,0.14703795619013338,0.6742759983082041,2.479528693474114,29.096949832308276,26.815844329576088,23.994604370818887,118.81777010601104,5.019194222016078,0.23369372841767155,1.1729542113953717,2.1581669522385045,ZONE_01,SUSPENSION_FAULT,REAR_BOGIE,2
14.05,RUN_055_SUSPENSION_FAULT,TRAIN001,0.05677422460866965,0.5501006810328819,1.8874649781026895,29.22802325703647,26.718724150122807,23.957921856025237,119.9134486466149,5.00396757508923,0.24612132996270408,1.2315831546712086,2.327058032048189,ZONE_01,SUSPENSION_FAULT,REAR_BOGIE,2
14.06,RUN_055_SUSPENSION_FAULT,TRAIN001,-0.10543489750798299,0.19584646830178004,2.077455111357669,29.266357820574328,26.6506123706246,24.025054536736594,121.67606390411667,4.962913000648907,0.23770597010497482,1.17971404936584,2.056238864969422,ZONE_01,SUSPENSION_FAULT,REAR_BOGIE,2
14.07,RUN_055_SUSPENSION_FAULT,TRAIN001,-0.13424260572442967,0.5447467992031705,1.3983174203839197,29.296023252418134,26.731152229597384,23.995828967197657,118.96070802012474,4.995138640619248,0.2624842174034752,1.3111450569048024,2.2277184064120026,ZONE_01,SUSPENSION_FAULT,REAR_BOGIE,2
14.08,RUN_055_SUSPENSION_FAULT,TRAIN001,0.02548260104860612,0.7636690505980201,2.480295161098401,29.17671620799816,26.608662589954196,24.108171262539614,119.66401121286867,5.012820413277051,0.2279084602250102,1.142464181774472,2.45652115674325,ZONE_01,SUSPENSION_FAULT,REAR_BOGIE,2
14.09,RUN_055_SUSPENSION_FAULT,TRAIN001,-0.03465964123092863,0.3262190724243819,2.115641178728554,29.19640948014305,26.796268660086536,23.96442744802082,118.89402483125238,4.985774579766748,0.24372574157520235,1.2151616067804434,2.6492533715481965,ZONE_01,SUSPENSION_FAULT,REAR_BOGIE,2
14.1,RUN_055_SUSPENSION_FAULT,TRAIN001,0.06774268869711267,1.163085603522227,1.8296165989633806,29.191033430405067,26.47562650803904,23.951792050609903,120.01821400878117,5.042857284378802,0.26871827911607526,1.3551079312862362,1.9292359289458767,ZONE_01,SUSPENSION_FAULT,REAR_BOGIE,2
14.11,RUN_055_SUSPENSION_FAULT,TRAIN001,-0.06910882409438733,0.2944510203228345,2.252791457161572,29.074675903467558,26.603105028732397,24.039181164255528,119.0661589420563,4.955823117997889,0.23990320285802624,1.1889178388055437,2.2545687540854624,ZONE_01,SUSPENSION_FAULT,REAR_BOGIE,2
14.120000000000001,RUN_055_SUSPENSION_FAULT,TRAIN001,0.06618753837846576,0.25070570369275386,1.3404376568478813,29.04630827567555,26.699705016212683,24.01083109553205,118.68523867125788,5.034687642559637,0.21013232867983256,1.057950638506633,1.9366848372170968,ZONE_01,SUSPENSION_FAULT,REAR_BOGIE,2
14.13,RUN_055_SUSPENSION_FAULT,TRAIN001,-0.01606423796101691,-0.10881692579367655,0.5711579821569879,29.096447854660347,26.646607699844044,24.00483486955596,121.50395171460983,5.0109317941019595,0.20213242898866512,1.0128718150383587,2.113725849456599,ZONE_01,SUSPENSION_FAULT,REAR_BOGIE,2
14.14,RUN_055_SUSPENSION_FAULT,TRAIN001,-0.0993786525900789,0.21883401440271383,0.7918810372262501,29.15800240766415,26.53423779924311,24.00437661429261,121.29880905931064,5.009845337626202,0.2083065779509499,1.0435837383444353,1.9131862169274798,ZONE_01,SUSPENSION_FAULT,REAR_BOGIE,2
14.15,RUN_055_SUSPENSION_FAULT,TRAIN001,-0.067494359360901,0.07565841373835999,0.456351417876112,29.254982671456712,26.749928355182544,23.957175690074028,120.00918688342857,5.02375073505442,0.25594281232829796,1.2857928915661823,1.8691428916704727,ZONE_01,SUSPENSION_FAULT,REAR_BOGIE,2
14.16,RUN_055_SUSPENSION_FAULT,TRAIN001,0.017858838612684277,-0.4599640510490296,0.5222752839867346,29.15422980713528,26.78441852045309,23.9634912566317,120.73485870974353,5.01685701351694,0.24112595124801434,1.2096944196595445,1.4134479731731802,ZONE_01,SUSPENSION_FAULT,REAR_BOGIE,2
14.17,RUN_055_SUSPENSION_FAULT,TRAIN001,-0.33634518270249014,-0.3924183613925823,0.6075493665245367,29.156211425201914,26.57959481228412,24.036303838916925,120.90861827048793,5.022380605164836,0.24218489647787775,1.2163447269343468,1.3385453830362688,ZONE_01,SUSPENSION_FAULT,REAR_BOGIE,2
14.18,RUN_055_SUSPENSION_FAULT,TRAIN001,0.17784471048205383,-0.26071710122357317,-0.08659227833349725,29.34399664470953,26.736128360106857,23.983659491224813,118.6809185116067,5.000153771490732,0.24783459420580187,1.2392110809240153,1.7017992640486113,ZONE_01,SUSPENSION_FAULT,REAR_BOGIE,2
14.19,RUN_055_SUSPENSION_FAULT,TRAIN001,-0.02216128174781662,-0.776604857626988,-0.4561640106220656,29.295775067038964,26.73918028931286,23.98176690911831,120.13707826651883,4.976129590738075,0.2165778827752301,1.0777196111772245,1.3320016224064388,ZONE_01,SUSPENSION_FAULT,REAR_BOGIE,2
14.200000000000001,RUN_055_SUSPENSION_FAULT,TRAIN001,0.04429810387188112,-0.3851476859415889,0.6339709355633341,29.29202636939945,26.762384704836723,23.985715054675005,120.24911878914094,5.024352360011871,0.21836256085950634,1.0971304479926967,1.4276389132080043,ZONE_01,SUSPENSION_FAULT,REAR_BOGIE,2
14.21,RUN_055_SUSPENSION_FAULT,TRAIN001,-0.1769011420632965,-0.36686130651189636,-0.30408030538921715,29.250175876710042,26.692722871183292,23.948160224725978,120.62629188748691,4.98805136557601,0.21451043720118543,1.06998907921168,1.2493857491559377,ZONE_01,SUSPENSION_FAULT,REAR_BOGIE,2
14.22,RUN_055_SUSPENSION_FAULT,TRAIN001,-0.008494707783878949,-0.5173517941251076,-0.5616723079892262,29.131938132550264,26.76581858884532,23.99086472275712,119.86913054175113,4.991348065597831,0.2074624143214368,1.0355171204075593,1.2118323582940853,ZONE_01,SUSPENSION_FAULT,REAR_BOGIE,2
14.23,RUN_055_SUSPENSION_FAULT,TRAIN001,0.14816910895249047,-0.9418365963652537,0.0797947755139551,29.164687334471797,26.667966611652137,24.03986184666844,120.94812629013109,5.020238042526931,0.2263167769462536,1.1361640932876642,1.3505301081556416,ZONE_01,SUSPENSION_FAULT,REAR_BOGIE,2
14.24,RUN_055_SUSPENSION_FAULT,TRAIN001,-0.046548766765612745,-0.7735442201595663,0.5624383135111354,29.062746317273326,26.652689674889956,24.02701663214908,119.31992247437752,4.987476726663053,0.23640311739764244,1.1790550461313352,1.3970116028396482,ZONE_01,SUSPENSION_FAULT,REAR_BOGIE,2
14.25,RUN_055_SUSPENSION_FAULT,TRAIN001,0.11191651978011706,-0.5211582511246214,0.4080841570222974,28.943428263140156,26.774591322774715,24.011467026375612,119.75129068337363,5.016371565713142,0.21471247941563215,1.0770775765443454,1.2895283924319383,ZONE_01,SUSPENSION_FAULT,REAR_BOGIE,2
14.26,RUN_055_SUSPENSION_FAULT,TRAIN001,0.26298476499659107,-0.690234049576758,0.4031289604414621,29.277945439224073,26.703367346833513,24.069656993201683,120.62078959945161,5.019788143959794,0.2341361696283243,1.1753139683724214,1.3298388069794427,ZONE_01,SUSPENSION_FAULT,REAR_BOGIE,2
14.27,RUN_055_SUSPENSION_FAULT,TRAIN001,0.10639983821702446,-0.28424856697375783,1.2315445442042936,29.188596804360262,26.648088052165214,23.965564307191098,120.2784058215065,4.983240132241807,0.26053904953206314,1.298328647644313,1.9464296037560966,ZONE_01,SUSPENSION_FAULT,REAR_BOGIE,2
14.280000000000001,RUN_055_SUSPENSION_FAULT,TRAIN001,0.16491009697912784,-0.06821127037452818,1.1548387436646352,29.395872486506516,26.80574531354908,23.913305078733586,120.83939110373608,4.972012688187434,0.20894417240886942,1.0388730763397214,1.767232827533487,ZONE_01,SUSPENSION_FAULT,REAR_BOGIE,2
14.290000000000001,RUN_055_SUSPENSION_FAULT,TRAIN001,0.15990328647281135,0.12646007564778153,1.6183232991844365,29.18655889482961,26.780015295133285,23.898127921708046,118.89326533711153,5.001204717537108,0.22747407685017118,1.1376444262604748,1.813165079758864,ZONE_01,SUSPENSION_FAULT,REAR_BOGIE,2
14.3,RUN_055_SUSPENSION_FAULT,TRAIN001,-0.17156438006117114,-0.294981581436597,1.49389132692426,29.275384376671028,26.87176265062524,23.908819979887493,120.64656140057684,4.9919667902989096,0.25494742681265536,1.2726890879209374,2.009237273397723,ZONE_01,SUSPENSION_FAULT,REAR_BOGIE,2
14.31,RUN_055_SUSPENSION_FAULT,TRAIN001,0.051019191079820385,0.8890774416872208,1.5238932894102633,29.302223392327896,26.740032833212698,24.004143811896277,119.8134562734518,5.04348162202068,0.21378225595624098,1.0782068790294226,2.2378648411851225,ZONE_01,SUSPENSION_FAULT,REAR_BOGIE,2
14.32,RUN_055_SUSPENSION_FAULT,TRAIN001,0.03408711011379518,0.5111006938249549,1.2791810108615658,29.215799670931066,26.748897837511173,24.060023937142137,119.69947458312329,5.018172454139739,0.20239172383740087,1.0156365735067021,1.8185528518443141,ZONE_01,SUSPENSION_FAULT,REAR_BOGIE,2
14.33,RUN_055_SUSPENSION_FAULT,TRAIN001,-0.05013140777457764,0.7160869563867993,1.7052867839137757,29.215489462900027,26.717377703465857,23.986493917538542,119.6554552172115,4.999199688970328,0.23517180116002517,1.1756707952137897,2.008119824075616,ZONE_01,SUSPENSION_FAULT,REAR_BOGIE,2
14.34,RUN_055_SUSPENSION_FAULT,TRAIN001,-0.1051806642847512,0.6005792841492754,2.598787265787809,29.2207400254364,26.854529601456868,24.03392657621806,119.62373948403491,5.025036524470143,0.266336461055991,1.3383504446044747,2.1774990450996436,ZONE_01,SUSPENSION_FAULT,REAR_BOGIE,2
14.35,RUN_055_SUSPENSION_FAULT,TRAIN001,-0.04661148934299457,0.9340582440909814,2.234240628970614,29.30811729625018,26.624498719267287,24.105286645114973,119.74601611747282,5.007618965677374,0.21962590443245336,1.09980284439,2.4186919659008823,ZONE_01,SUSPENSION_FAULT,REAR_BOGIE,2
14.36,RUN_055_SUSPENSION_FAULT,TRAIN001,-0.1555194130798824,-0.2238028232175141,1.765777463186676,29.217390546013135,26.777829402558268,23.846701209412128,121.30200115602868,5.009597283892383,0.2615844522781311,1.310432761641002,2.572002215420338,ZONE_01,SUSPENSION_FAULT,REAR_BOGIE,2
14.370000000000001,RUN_055_SUSPENSION_FAULT,TRAIN001,0.07204629290305568,0.6935090173303569,2.0519356761349083,29.30810064444959,26.598614766232274,23.912434327099792,119.37644718685355,5.0152191720001245,0.24000281434009707,1.2036667158124412,2.3183180351246175,ZONE_01,SUSPENSION_FAULT,REAR_BOGIE,2
14.38,RUN_055_SUSPENSION_FAULT,TRAIN001,-0.22981483326116164,1.2586672124922418,1.698967912751098,29.206746192042836,26.664687502699163,24.02075054135574,121.0374652805267,5.0054717033299,0.22673050689097501,1.1348931365244204,2.2441134777266334,ZONE_01,SUSPENSION_FAULT,REAR_BOGIE,2
14.39,RUN_055_SUSPENSION_FAULT,TRAIN001,0.05275535273298463,0.5505390838924544,5.2254111576484075,29.26687324513496,26.831343064229152,24.012714756005412,120.88830393292338,4.9963771263245125,0.20155735150016402,1.0070565406779692,2.3584679652702536,ZONE_01,SUSPENSION_FAULT,REAR_BOGIE,2
14.4,RUN_055_SUSPENSION_FAULT,TRAIN001,-0.016210428291662186,0.1505093188662341,1.91913850195724,29.037445784239292,26.896866125404998,24.003653032596336,120.50597498929378,5.018415806214485,0.19426731161851607,0.9749141472571559,2.361208329593317,ZONE_01,SUSPENSION_FAULT,REAR_BOGIE,2
14.41,RUN_055_SUSPENSION_FAULT,TRAIN001,0.1479690934807654,0.8476969651815498,1.52382505513965,29.286022133893155,26.81935424908305,23.9266279101735,119.90857353778222,4.999895719827075,0.26412743393411703,1.3206096264161002,1.923327502714369,ZONE_01,SUSPENSION_FAULT,REAR_BOGIE,2
14.42,RUN_055_SUSPENSION_FAULT,TRAIN001,0.0863337556269906,0.1105708356457326,0.9794706597147789,29.27353628697126,26.756157868375798,24.051307331267022,120.35293142304796,5.020349511165235,0.22813465646400918,1.1453157110589374,1.9842651083232667,ZONE_01,SUSPENSION_FAULT,REAR_BOGIE,2
14.43,RUN_055_SUSPENSION_FAULT,TRAIN001,-0.19348156463466315,-0.2651067153259293,0.7802514584856791,29.248067767199316,26.61383791962627,24.0205643643045,120.67603338011723,5.010391196881768,0.2238170219003591,1.1214108362418531,1.7912765317222248,ZONE_01,SUSPENSION_FAULT,REAR_BOGIE,2
14.44,RUN_055_SUSPENSION_FAULT,TRAIN001,0.07609192355709793,-0.1525375079643041,0.3149388506917595,29.18173776485689,26.879327726832894,23.992870052516906,119.75029466540944,4.991730694189806,0.2511922593631352,1.2538841112058488,1.9461388123629095,ZONE_01,SUSPENSION_FAULT,REAR_BOGIE,2
14.450000000000001,RUN_055_SUSPENSION_FAULT,TRAIN001,-0.009442167244955798,0.11836209609251969,0.1593938221226981,29.34723058600334,26.829359375611197,24.069979684143043,119.80319235158608,5.000855919211384,0.21784862818756107,1.0894296017638447,1.5315763118946557,ZONE_01,SUSPENSION_FAULT,REAR_BOGIE,2
14.46,RUN_055_SUSPENSION_FAULT,TRAIN001,-0.1874512892902959,-0.05088932375440236,0.12777779090469996,29.20889977503899,26.593233418795585,23.937856798393362,120.2176617992098,4.982126450232867,0.2078948476647766,1.035758419417816,1.5221271423109943,ZONE_01,SUSPENSION_FAULT,REAR_BOGIE,2
14.47,RUN_055_SUSPENSION_FAULT,TRAIN001,-0.12994242565404127,-0.39549236285634837,0.2974346897019721,29.27093161269225,26.96147495538696,24.059952750041756,119.68954159744017,5.008871879933346,0.23880466633590197,1.1961419780067646,1.309939180793863,ZONE_01,SUSPENSION_FAULT,REAR_BOGIE,2
14.48,RUN_055_SUSPENSION_FAULT,TRAIN001,-0.011175825182095273,-0.4788816786844475,-0.11196903733574148,29.265351264250796,26.902096385163613,23.943054157212494,121.29509673888894,5.017846154172037,0.24134375200203162,1.2110258178168443,1.1987400448616068,ZONE_01,SUSPENSION_FAULT,REAR_BOGIE,2
14.49,RUN_055_SUSPENSION_FAULT,TRAIN001,-0.0666017529437785,-0.534501199913701,0.323453410154263,29.159630301259007,26.622392059083598,24.053595374618148,119.24538452282775,4.997172682494914,0.23524944941889783,1.1755821222080853,1.1166291354215057,ZONE_01,SUSPENSION_FAULT,REAR_BOGIE,2
14.5,RUN_055_SUSPENSION_FAULT,TRAIN001,0.0002129715339219181,-0.7418707120435537,-0.08550375912872116,29.178476076841445,26.75240154487539,23.948938987377982,121.581168493889,5.01035052350005,0.2135503401743028,1.0699620586859317,1.1950472785599668,ZONE_01,SUSPENSION_FAULT,REAR_BOGIE,2
14.51,RUN_055_SUSPENSION_FAULT,TRAIN001,-0.04310266251814439,-0.8759602817701537,0.014079719561949233,29.224255286308303,26.729862394181477,24.085419344188157,119.65917735671512,4.986384448375553,0.1856517150475298,0.9257308247272522,1.2480917944206014,ZONE_01,SUSPENSION_FAULT,REAR_BOGIE,2
14.52,RUN_055_SUSPENSION_FAULT,TRAIN001,-0.044579149977181834,-0.6263535565164006,-0.05497780319517545,29.355986366826702,26.81543889387152,24.02342697513508,120.83687884814827,5.02291521875434,0.2478826650818807,1.2450936109051636,1.647490559772275,ZONE_01,SUSPENSION_FAULT,REAR_BOGIE,2
14.530000000000001,RUN_055_SUSPENSION_FAULT,TRAIN001,-0.1918418174377251,-1.2240376049994879,0.42980263539015595,29.283686436729393,26.707163111432376,23.955167752480033,120.16861443361825,5.0043478316917005,0.23083661049768334,1.1551866912191433,1.6007744149604208,ZONE_01,SUSPENSION_FAULT,REAR_BOGIE,2
14.540000000000001,RUN_055_SUSPENSION_FAULT,TRAIN001,-0.1733181435355956,-0.43169102427562206,-0.05992096854168799,29.45375426457515,26.954333539018474,24.005491755434733,119.72131004348434,4.994656785555921,0.24117446710507812,1.2045836886292116,1.4171726620996685,ZONE_01,SUSPENSION_FAULT,REAR_BOGIE,2
14.55,RUN_055_SUSPENSION_FAULT,TRAIN001,0.0009519091366246487,0.015033784234989023,0.33275324750679847,29.349990181006437,26.8926390594347,24.006884752604346,120.8915990375465,4.9839199953965165,0.25493687438087487,1.270584985790732,1.6428715129335156,ZONE_01,SUSPENSION_FAULT,REAR_BOGIE,2
14.56,RUN_055_SUSPENSION_FAULT,TRAIN001,0.11544901724081864,-0.15671977299664136,0.3052826177280554,29.07972279874921,26.79813074863204,23.9707304041498,121.12757334598565,5.0195621126599255,0.19943881618706302,1.0010955255263285,1.6555335672113045,ZONE_01,SUSPENSION_FAULT,REAR_BOGIE,2
14.57,RUN_055_SUSPENSION_FAULT,TRAIN001,-0.10493905076866322,-0.31401149599785466,0.4492631400483713,29.213268117881455,26.69664989872051,24.048361073912954,120.31720665343376,5.001777218328911,0.21660061163584812,1.0833880047562932,1.696042283692531,ZONE_01,SUSPENSION_FAULT,REAR_BOGIE,2
14.58,RUN_055_SUSPENSION_FAULT,TRAIN001,-0.13274012507730915,0.038135392990376035,1.2372449608079075,29.213035489301785,26.71506878548667,24.085067144773856,120.82495543681607,4.9927013151128605,0.19586321161848863,0.9778865142298567,1.397890832026868,ZONE_01,SUSPENSION_FAULT,REAR_BOGIE,2
14.59,RUN_055_SUSPENSION_FAULT,TRAIN001,0.03587077394169703,0.45110409793331796,1.5411003907969327,29.16172994059176,26.795420014019562,24.027399226874948,120.97635204183074,5.03634377080666,0.2180870536129676,1.0983613739572473,2.2090407970337536,ZONE_01,SUSPENSION_FAULT,REAR_BOGIE,2
14.6,RUN_055_SUSPENSION_FAULT,TRAIN001,0.055980229328053493,0.5749650905675951,1.513679581586257,29.18409075403981,26.86157781640582,23.98595466977984,120.15705631362863,5.012784364152853,0.25240863863349394,1.2652700771190861,1.9651211029326636,ZONE_01,SUSPENSION_FAULT,REAR_BOGIE,2
14.61,RUN_055_SUSPENSION_FAULT,TRAIN001,0.049014880799299526,0.47913333094580074,2.383024149032207,29.32928543886558,26.73429338253424,24.01817365449627,120.3388304203717,5.003655177786427,0.24027727783005515,1.2022646453187833,2.0725613694320852,ZONE_01,SUSPENSION_FAULT,REAR_BOGIE,2
14.620000000000001,RUN_055_SUSPENSION_FAULT,TRAIN001,-0.11304557948898167,0.9642956056037161,2.5140090897582708,29.26027784482991,26.761135441773227,23.932817528262124,120.6849474521205,4.99974682971773,0.20647039235433143,1.0322996896041443,2.4493404396951823,ZONE_01,SUSPENSION_FAULT,REAR_BOGIE,2
14.63,RUN_055_SUSPENSION_FAULT,TRAIN001,-0.03048018231883879,0.6351899800854188,1.6779300886099102,29.393361811953632,26.72048133492659,23.937094112442306,119.16818420185163,4.992407720929302,0.22899293088997194,1.143226076213326,1.9639746808788046,ZONE_01,SUSPENSION_FAULT,REAR_BOGIE,2
14.64,RUN_055_SUSPENSION_FAULT,TRAIN001,0.2175922725459791,0.09059409565125043,1.6751087277268013,29.18766470764219,26.841506302087183,24.002787100929996,120.95326059657297,5.015455038417745,0.240796738584856,1.2077052157699766,2.3983154966922218,ZONE_01,SUSPENSION_FAULT,REAR_BOGIE,2
14.65,RUN_055_SUSPENSION_FAULT,TRAIN001,-0.03343242659715324,0.9177479192915816,2.3020217919957378,29.29628097516932,26.900184703092222,23.961780291444647,120.08622290404254,4.993645633389859,0.2350302257632686,1.173657660597379,2.276359861320509,ZONE_01,SUSPENSION_FAULT,REAR_BOGIE,2
14.66,RUN_055_SUSPENSION_FAULT,TRAIN001,0.09473898457821883,0.07464504712697195,1.6919824167511615,29.181309351754493,26.730694851572363,23.98881206857421,119.98503052444323,5.019254692202143,0.22990855925979117,1.1539696148421412,1.9677143723924642,ZONE_01,SUSPENSION_FAULT,REAR_BOGIE,2
14.67,RUN_055_SUSPENSION_FAULT,TRAIN001,-0.0020111407158254608,1.2175983907761374,2.3976360458114376,29.35437565966375,26.87159164647603,23.982763870434983,119.65033264102661,4.976001111672273,0.25678874479595426,1.277781079569596,2.1556584011375195,ZONE_01,SUSPENSION_FAULT,REAR_BOGIE,2
14.68,RUN_055_SUSPENSION_FAULT,TRAIN001,0.07215616299195814,0.3723090080706981,1.555396118801732,29.44003972793833,26.644582260690832,23.993325148143054,119.69544217157666,4.999916707857992,0.23299172477012728,1.16493921747081,2.3212177377969168,ZONE_01,SUSPENSION_FAULT,REAR_BOGIE,2
14.69,RUN_055_SUSPENSION_FAULT,TRAIN001,0.13088077907696605,0.9283792837272582,1.4330959123005274,29.238420369240277,26.599320023182038,23.929000393405484,120.34009821588641,4.996590922594133,0.2375011273469426,1.1866959770076067,2.309649188400587,ZONE_01,SUSPENSION_FAULT,REAR_BOGIE,2
14.700000000000001,RUN_055_SUSPENSION_FAULT,TRAIN001,0.1492555393087695,0.1168421746939161,1.2381733294956336,29.383298140148256,26.806462101925323,23.927009341271514,120.76069650786494,4.975456150210398,0.23631781471700913,1.1757889246380244,2.075478881238371,ZONE_01,SUSPENSION_FAULT,REAR_BOGIE,2
14.71,RUN_055_SUSPENSION_FAULT,TRAIN001,-0.09475307253009257,0.2948058702879704,1.832802606150997,29.271292289530894,26.767986251879357,23.955154160832503,120.04739903084847,5.019949638438858,0.20302643570896237,1.0191824825307356,1.8127719677606857,ZONE_01,SUSPENSION_FAULT,REAR_BOGIE,2
14.72,RUN_055_SUSPENSION_FAULT,TRAIN001,-0.017195091633532524,0.18463609753516744,0.6927011356185842,29.291406868168295,26.823054437799954,24.048258283601918,120.66233943423202,4.997870715491975,0.24315399933891865,1.2152522526507366,1.9042982220634692,ZONE_01,SUSPENSION_FAULT,REAR_BOGIE,2
14.73,RUN_055_SUSPENSION_FAULT,TRAIN001,0.10773264084752275,-0.21992099829432618,0.2836270692472642,29.480468551111453,26.95417376426893,23.966405120456592,119.90995839643378,4.999078157784062,0.2525450885210265,1.262492635881106,1.6449606940646286,ZONE_01,SUSPENSION_FAULT,REAR_BOGIE,2
14.74,RUN_055_SUSPENSION_FAULT,TRAIN001,0.07197433445556066,-0.003645290346549257,1.3261741066753654,29.438814392828572,26.706856111392366,23.974028815761596,119.0206155973806,5.004622720220326,0.24029488731322654,1.2025852526005567,1.5162304128059079,ZONE_01,SUSPENSION_FAULT,REAR_BOGIE,2
14.75,RUN_055_SUSPENSION_FAULT,TRAIN001,-0.06732706077242713,-0.8268400361274162,0.5626869965704607,29.339050443720634,26.994988516594983,23.992185305384634,120.14716856207062,4.999695291877419,0.23342343339700133,1.16704604096885,1.1672910760897706,ZONE_01,SUSPENSION_FAULT,REAR_BOGIE,2
14.76,RUN_055_SUSPENSION_FAULT,TRAIN001,-0.10422800099018047,-0.20918388051908987,0.636363982976327,29.349698943866187,26.721818614059625,24.06677183919816,120.18559665326136,4.998399398953646,0.2500017649044802,1.2496086714359045,1.4383043469847303,ZONE_01,SUSPENSION_FAULT,REAR_BOGIE,2
14.77,RUN_055_SUSPENSION_FAULT,TRAIN001,0.08274964826186515,-1.147400062475689,-0.04696251273156163,29.195321416148612,26.855633619774522,24.044726779017754,119.63320086819108,5.026978815138045,0.2620237796997462,1.3171879896130223,1.2175984283415353,ZONE_01,SUSPENSION_FAULT,REAR_BOGIE,2
14.780000000000001,RUN_055_SUSPENSION_FAULT,TRAIN001,0.052493380619023346,-0.29770847975518705,-0.21058620488834734,29.541795953025613,26.927791048175596,23.940550571063262,120.1038080173384,4.999761484076219,0.1810988536040439,0.9054510730598564,1.4138040765094344,ZONE_01,SUSPENSION_FAULT,REAR_BOGIE,2
14.790000000000001,RUN_055_SUSPENSION_FAULT,TRAIN001,0.014748268081948285,-0.8048550162628776,-0.21793764233034196,29.138102667964294,26.783242778242904,24.081671536595913,119.62467446569036,5.021087946319248,0.2280749659770476,1.1451844625245264,1.4639719265565938,ZONE_01,SUSPENSION_FAULT,REAR_BOGIE,2
14.8,RUN_055_SUSPENSION_FAULT,TRAIN001,0.05338832980380884,-1.3706088362748226,0.15109096126856603,29.293743669630985,26.759609747495915,24.00616899659909,118.93354148269063,5.0330156229456255,0.22888133165890856,1.151963318039886,1.582534132914229,ZONE_01,SUSPENSION_FAULT,REAR_BOGIE,2
14.81,RUN_055_SUSPENSION_FAULT,TRAIN001,0.12874022193874182,-1.0472413720569782,0.12731987843928727,29.145987210761607,26.951014846396532,24.01206804882544,119.57856810538593,4.994427816223109,0.2246847957042195,1.1221719935475603,1.8328261808382382,ZONE_01,SUSPENSION_FAULT,REAR_BOGIE,2
14.82,RUN_055_SUSPENSION_FAULT,TRAIN001,0.0671489831378023,-0.680327091183674,0.019335122691335416,29.421359743066358,27.021798866485724,23.996399361353177,120.56041173925598,5.061964677064224,0.2299387015418988,1.1639415850951047,1.3272008435640568,ZONE_01,SUSPENSION_FAULT,REAR_BOGIE,2
14.83,RUN_055_SUSPENSION_FAULT,TRAIN001,-0.055042841692748014,-0.146938476866325,0.16567309952118203,29.209398655046716,26.779642281701808,23.92576505965927,119.54177158614627,4.987071523252331,0.23754677094597318,1.184662736825207,1.4470867480373473,ZONE_01,SUSPENSION_FAULT,REAR_BOGIE,2
14.84,RUN_055_SUSPENSION_FAULT,TRAIN001,0.05220735511694985,-0.08559051313939417,0.7899241637646895,29.492713206100415,26.893818913496073,23.913324274493323,119.29181948775312,5.00158593667514,0.24565879626342524,1.228683580611691,1.599267470695593,ZONE_01,SUSPENSION_FAULT,REAR_BOGIE,2
14.85,RUN_055_SUSPENSION_FAULT,TRAIN001,-0.16989598892374297,-0.04612945023411094,1.2323056407667665,29.48955522634667,26.671713757203907,24.021944750270016,120.0593406864854,4.9847258162441515,0.23948353901759745,1.1937597795065316,1.3838268167373657,ZONE_01,SUSPENSION_FAULT,REAR_BOGIE,2
14.86,RUN_055_SUSPENSION_FAULT,TRAIN001,0.020747048820063424,-0.3734005607885338,1.3053076533186012,29.26164122208072,26.913230386408554,23.982429604228997,120.51508541411197,4.980286598482924,0.24604231227048282,1.2253612304604362,1.8032009259411983,ZONE_01,SUSPENSION_FAULT,REAR_BOGIE,2
14.870000000000001,RUN_055_SUSPENSION_FAULT,TRAIN001,0.011140512834445199,0.7708201190506603,1.634534093566523,29.43820535057226,26.863990836207854,23.977406044816263,119.90556914472754,5.00270132841814,0.22210338392175455,1.1111168937915257,1.7718950967154643,ZONE_01,SUSPENSION_FAULT,REAR_BOGIE,2
14.88,RUN_055_SUSPENSION_FAULT,TRAIN001,-0.08258331350384815,0.23041828272665366,1.6569493034534384,29.235938464924367,26.808411780730385,24.066847835386305,120.61009063288596,4.9921783166686655,0.21865630425029134,1.091571260881211,2.055084755724207,ZONE_01,SUSPENSION_FAULT,REAR_BOGIE,2
14.89,RUN_055_SUSPENSION_FAULT,TRAIN001,-0.012162070287357593,0.7458866344208142,2.3277303603970427,29.43148521518284,26.710817643304548,23.983786658373354,121.18536408084937,4.95363027544328,0.20933293709290732,1.0369579748308893,2.1284390695787527,ZONE_01,SUSPENSION_FAULT,REAR_BOGIE,2
14.9,RUN_055_SUSPENSION_FAULT,TRAIN001,0.22276384158629192,0.5584609251034576,2.1820247164792477,29.47015409414197,26.905899144647886,24.100627225224734,118.2922970016389,5.007664536832147,0.22689487390696486,1.1362134136529096,1.9442713358246513,ZONE_01,SUSPENSION_FAULT,REAR_BOGIE,2
14.91,RUN_055_SUSPENSION_FAULT,TRAIN001,0.11198160022778901,0.3267385127049986,2.8023254480134168,29.2903890026196,26.752155375067566,23.9369519127467,120.11445734200517,5.018255033212769,0.21997583709994395,1.103894851711986,2.385225266072791,ZONE_01,SUSPENSION_FAULT,REAR_BOGIE,2
14.92,RUN_055_SUSPENSION_FAULT,TRAIN001,-0.056248256400289146,0.6165301428892317,1.6710831287465981,29.143713517900107,26.826678760940883,24.063822975573572,120.16687032975965,4.992073765064187,0.2518843169738073,1.2574250905960553,1.7592238625804741,ZONE_01,SUSPENSION_FAULT,REAR_BOGIE,2
14.93,RUN_055_SUSPENSION_FAULT,TRAIN001,-0.0604918258878995,0.780769413795262,1.5735603254553583,29.542387602626984,26.70338143522973,24.07817777470713,119.01459055025617,4.988613027954293,0.2281136803646922,1.1379708777219049,2.136696125026299,ZONE_01,SUSPENSION_FAULT,REAR_BOGIE,2
14.94,RUN_055_SUSPENSION_FAULT,TRAIN001,0.07708132519443273,0.6054838758609888,1.421203428713242,29.36723799821968,26.770486020577234,24.01120542661943,121.57535168476949,5.014689959323689,0.22493086694326322,1.1279585600023547,2.1827230838012266,ZONE_01,SUSPENSION_FAULT,REAR_BOGIE,2
14.950000000000001,RUN_055_SUSPENSION_FAULT,TRAIN001,0.17037057432561262,0.1524065877286469,1.644227474754351,29.19444670038761,26.843738098759765,23.999996477712568,119.78289071086412,5.006936628209052,0.2125487563724252,1.064218153561378,2.226661732378339,ZONE_01,SUSPENSION_FAULT,REAR_BOGIE,2
14.96,RUN_055_SUSPENSION_FAULT,TRAIN001,-0.12717822115563943,0.919772185263581,2.0524978469052404,29.508224717018415,26.702070673588086,24.028759100798375,120.06803935092415,4.991753977405098,0.22411856457824378,1.1187447361437697,2.2283668147295836,ZONE_01,SUSPENSION_FAULT,REAR_BOGIE,2
14.97,RUN_055_SUSPENSION_FAULT,TRAIN001,-0.05112788567503566,0.806419661203421,1.4772510915449077,29.231588473106896,26.93751992088855,23.971241690951324,119.51527654964633,4.985716942546701,0.2208020791154964,1.1008566667956676,2.128373003038521,ZONE_01,SUSPENSION_FAULT,REAR_BOGIE,2
14.98,RUN_055_SUSPENSION_FAULT,TRAIN001,0.006187390884718662,0.5119388960265538,0.9382503819298912,29.419284763176957,26.832534232949364,23.953988944777034,118.0948526598566,5.016519906961645,0.23875188397027627,1.1977035787614878,1.9786607844990507,ZONE_01,SUSPENSION_FAULT,REAR_BOGIE,2
14.99,RUN_055_SUSPENSION_FAULT,TRAIN001,0.01167114168050415,-0.13096362644623802,1.114843391113721,29.407766969817505,26.51040135388759,24.00481928850601,118.8784433524922,4.990770975196847,0.24345386827675747,1.2150224995950376,1.5520643644375243,ZONE_01,SUSPENSION_FAULT,REAR_BOGIE,2
15.0,RUN_055_SUSPENSION_FAULT,TRAIN001,0.07542056675752258,0.2859658219632266,1.7655901412186337,29.423312431444117,26.89248525495732,24.003147005243285,120.27079134851664,5.007088558891694,0.19976741989103977,1.0002531625757383,1.9478174068842653,ZONE_01,SUSPENSION_FAULT,REAR_BOGIE,2
15.01,RUN_055_SUSPENSION_FAULT,TRAIN001,0.0582425317603968,-0.12183837495600776,1.0872493784005712,29.361125985089327,26.830716808571616,23.980903742211197,119.91269127365857,5.019566690944851,0.20934802562987806,1.050836376266805,1.5212003499668425,ZONE_01,SUSPENSION_FAULT,REAR_BOGIE,2
15.02,RUN_055_SUSPENSION_FAULT,TRAIN001,-0.03025859497021255,-0.24130608243439516,1.3931572216065944,29.25072400750479,26.940591777747393,23.950655231511586,119.0362983612994,5.004239323465215,0.22923457917065307,1.147144695383782,1.7201466261566338,ZONE_01,SUSPENSION_FAULT,REAR_BOGIE,2
15.030000000000001,RUN_055_SUSPENSION_FAULT,TRAIN001,-0.04093215753280867,-0.9297940701613373,0.6121159213629265,29.292647982820753,26.894999065482946,23.97787954618739,120.65293012387109,4.9946456773530805,0.25904507060556725,1.29383834213972,1.5772217651729128,ZONE_01,SUSPENSION_FAULT,REAR_BOGIE,2
15.040000000000001,RUN_055_SUSPENSION_FAULT,TRAIN001,0.02483805035105549,-0.21227280692040457,0.6148886509128988,29.576438207064797,26.80848546568187,24.018545516849265,119.52181469611588,5.007965641834452,0.2165740748482911,1.0845955257523248,1.5124867285138315,ZONE_01,SUSPENSION_FAULT,REAR_BOGIE,2
15.05,RUN_055_SUSPENSION_FAULT,TRAIN001,0.13472840161222222,-0.3681816724530047,0.03142113255226005,29.481892261121633,26.812269972227284,24.028061627222613,119.2636037664873,4.993226894705251,0.22312163440265034,1.1140969456899061,1.2566641050773248,ZONE_01,SUSPENSION_FAULT,REAR_BOGIE,2
15.06,RUN_055_SUSPENSION_FAULT,TRAIN001,0.10558900877940317,-0.7866018766180748,0.9016639741713175,29.30179292942878,26.99696578406484,24.007282507881783,119.8758956699358,4.987168619418499,0.22494989668946297,1.121863065711123,1.3925498656136723,ZONE_01,SUSPENSION_FAULT,REAR_BOGIE,2
15.07,RUN_055_SUSPENSION_FAULT,TRAIN001,-0.1759784954049334,-1.0368996374785202,0.4541055069169217,29.319648508139764,26.655444578654798,24.040207566822467,121.1446387939479,4.999620629947045,0.19920038541091833,0.9959263563938296,1.7692081367720423,ZONE_01,SUSPENSION_FAULT,REAR_BOGIE,2
15.08,RUN_055_SUSPENSION_FAULT,TRAIN001,0.05553162143832842,-0.38648242289292256,0.715657922088977,29.391634154967132,26.85226877120339,23.916389716529764,120.61323426990957,4.9803539565669315,0.20962415583762817,1.0440024939179344,1.3864744842335637,ZONE_01,SUSPENSION_FAULT,REAR_BOGIE,2
15.09,RUN_055_SUSPENSION_FAULT,TRAIN001,0.315282550096298,-0.7346102264392256,-0.05906336746272442,29.26392538421749,26.863433143526503,24.022022106406784,120.0806645304822,4.986258976807831,0.25416347872176726,1.2673249273531182,1.2389848134742163,ZONE_01,SUSPENSION_FAULT,REAR_BOGIE,2
15.1,RUN_055_SUSPENSION_FAULT,TRAIN001,-0.1490339059700903,-0.6550422319838044,0.5584877262837507,29.40475118592294,26.692809960166056,24.06607241013724,120.11788459289066,5.002294619209088,0.2208765319323787,1.1048894871949022,1.2210753734423032,ZONE_01,SUSPENSION_FAULT,REAR_BOGIE,2
15.11,RUN_055_SUSPENSION_FAULT,TRAIN001,-0.07003528020129583,-0.01686534009836438,-0.04662254196178317,29.388825244213194,26.717313310874854,23.986787431081666,118.50204604146924,4.965171252448365,0.23974225209782007,1.190361338113325,1.2005837386803984,ZONE_01,SUSPENSION_FAULT,REAR_BOGIE,2
15.120000000000001,RUN_055_SUSPENSION_FAULT,TRAIN001,-0.029876318625160297,-0.40334187704982033,0.3268199680942111,29.500765830595263,26.93479702375604,23.893293977679665,118.89060138625673,4.99991269050304,0.22143631581301973,1.1071622455717562,1.2446294103128066,ZONE_01,SUSPENSION_FAULT,REAR_BOGIE,2
15.13,RUN_055_SUSPENSION_FAULT,TRAIN001,0.04755382860060508,0.10176902896107243,0.9182215434536941,29.256302955277057,26.81512249030804,23.98115870145358,121.77197815869822,4.980226726240039,0.26592992004174343,1.324391295098767,1.5666091352088687,ZONE_01,SUSPENSION_FAULT,REAR_BOGIE,2
15.14,RUN_055_SUSPENSION_FAULT,TRAIN001,0.08485182874436945,-0.581595486150071,1.3039987207167236,29.59138157357959,26.842470247246403,24.014325328731225,118.64675327322581,5.012045668917897,0.23626077699473824,1.184149804071655,1.6163696277594641,ZONE_01,SUSPENSION_FAULT,REAR_BOGIE,2
15.15,RUN_055_SUSPENSION_FAULT,TRAIN001,-0.021431184496034678,-0.20586989626279747,1.2258875261937416,29.504622720861356,27.09773884626926,24.03589776106136,118.52917660560706,5.011192860051851,0.22009362243239333,1.1029315892761575,1.9621698403987924,ZONE_01,SUSPENSION_FAULT,REAR_BOGIE,2
15.16,RUN_055_SUSPENSION_FAULT,TRAIN001,-0.13018402024938305,0.37998052670236226,1.3512284507754673,29.290507689093275,26.833663550989,23.989313712109418,119.48095216113424,5.000079429010077,0.2742331111750862,1.371187337939982,2.008486665235855,ZONE_01,SUSPENSION_FAULT,REAR_BOGIE,2
15.17,RUN_055_SUSPENSION_FAULT,TRAIN001,-0.00791780040647711,0.8645885415087569,1.564560282567001,29.553089554968416,26.796911787399704,23.96454668095038,119.07657202214533,5.003431455193928,0.23095496544123012,1.1555673388218772,2.1405464432091312,ZONE_01,SUSPENSION_FAULT,REAR_BOGIE,2
15.18,RUN_055_SUSPENSION_FAULT,TRAIN001,0.011002695945079613,0.8531863016576562,1.692647600995571,29.289998593424468,26.974201905653004,23.937891845999854,119.84722538819989,5.0178577077661,0.2475823257116965,1.2423328813790935,2.1823071376545338,ZONE_01,SUSPENSION_FAULT,REAR_BOGIE,2
15.19,RUN_055_SUSPENSION_FAULT,TRAIN001,-0.11702882284755917,0.6951272549650842,1.6620545582946633,29.41341594654884,26.92979464491804,24.012071593765054,119.65937309562771,5.022730976702674,0.23157434684044406,1.1631356452851875,2.532353922111422,ZONE_01,SUSPENSION_FAULT,REAR_BOGIE,2
15.200000000000001,RUN_055_SUSPENSION_FAULT,TRAIN001,-0.06704166000708016,0.8827110660015539,1.7991198709065255,29.471204332774384,26.945113824470706,24.014181101867155,120.96853338660416,5.03386442808443,0.2495446347642288,1.2561738601589725,1.8109779206182652,ZONE_01,SUSPENSION_FAULT,REAR_BOGIE,2
15.21,RUN_055_SUSPENSION_FAULT,TRAIN001,-0.09140107753223962,0.5937958654195217,1.9762446648111878,29.360801162209608,26.91590690958533,23.996395315574713,119.74140300207952,5.006241682622487,0.2063781662194509,1.0331789781110072,2.153606847771073,ZONE_01,SUSPENSION_FAULT,REAR_BOGIE,2
15.22,RUN_055_SUSPENSION_FAULT,TRAIN001,0.13740011787796655,0.675973248773844,1.720049432930078,29.38749460090538,26.676828712721775,23.987620205463024,119.07708756239062,4.973789940108302,0.24391766135223655,1.2131952102484977,2.43632675683345,ZONE_01,SUSPENSION_FAULT,REAR_BOGIE,2
15.23,RUN_055_SUSPENSION_FAULT,TRAIN001,-0.03961655443334701,1.1759323993121225,2.1315358083027984,29.328679943251952,26.871667447497074,24.075778449020383,119.02381289886812,4.976601339594933,0.2663373297668297,1.3254547121017421,1.985251021356781,ZONE_01,SUSPENSION_FAULT,REAR_BOGIE,2
15.24,RUN_055_SUSPENSION_FAULT,TRAIN001,-0.1047233152716177,0.34627613391491574,1.878180642514232,29.383651655287505,26.86124683802642,23.946368088078003,119.3253450025509,5.0005159158989665,0.2642736762209015,1.321504724095748,1.8356158072101034,ZONE_01,SUSPENSION_FAULT,REAR_BOGIE,2
15.25,RUN_055_SUSPENSION_FAULT,TRAIN001,0.3162105510654534,0.47301061063679256,1.2625433307551281,29.502606773059714,26.741491764480905,24.030794199559562,120.07982217330056,4.974466260634151,0.25539371386588006,1.2704474128038727,1.9759985130190425,ZONE_01,SUSPENSION_FAULT,REAR_BOGIE,2
15.26,RUN_055_SUSPENSION_FAULT,TRAIN001,-0.15612621442297886,0.17198115523132293,1.376074059140821,29.543854022533356,26.993060707356392,24.00711249414236,120.00133787994409,4.972182263906464,0.25942991084752914,1.2899328014429197,2.0320451558119643,ZONE_01,SUSPENSION_FAULT,REAR_BOGIE,2
15.27,RUN_055_SUSPENSION_FAULT,TRAIN001,-0.058513841084048494,0.037842678932006185,1.1527796147781035,29.458214826991185,26.75759416301113,24.006394182332826,119.57617101852924,5.026771054948018,0.22016497335334742,1.1067189153660084,2.0821275511076025,ZONE_01,SUSPENSION_FAULT,REAR_BOGIE,2
15.280000000000001,RUN_055_SUSPENSION_FAULT,TRAIN001,-0.020230349710690144,0.13595843500620575,1.3616922574324242,29.37232894952883,26.7722300450492,24.126712557000744,119.55220569297634,5.007735033693632,0.2587370070220283,1.2956863745772464,1.6595530097948514,ZONE_01,SUSPENSION_FAULT,REAR_BOGIE,2
15.290000000000001,RUN_055_SUSPENSION_FAULT,TRAIN001,-0.2918407019577382,0.2979443761743812,0.2969867803631222,29.453482164050627,26.82816836159334,23.920684472883686,119.56072288787375,4.9805781779709655,0.2632588600071609,1.311181333309179,2.0124901979193313,ZONE_01,SUSPENSION_FAULT,REAR_BOGIE,2
15.3,RUN_055_SUSPENSION_FAULT,TRAIN001,-0.10177776275301297,0.1075630339173412,1.0268069381975096,29.490307364029558,26.888390100044344,24.02510926511807,119.41543116716007,4.969766155647858,0.21521384977999766,1.0695625068633146,1.7541704969060492,ZONE_01,SUSPENSION_FAULT,REAR_BOGIE,2
15.31,RUN_055_SUSPENSION_FAULT,TRAIN001,0.10290731940933434,-0.4157718315406624,-0.02288604841102826,29.53351860920688,26.73212229191486,24.046862498417788,120.01700174830516,4.988657636883523,0.2253709209354723,1.1242983658562165,1.6530982951606423,ZONE_01,SUSPENSION_FAULT,REAR_BOGIE,2
15.32,RUN_055_SUSPENSION_FAULT,TRAIN001,0.039207462862903476,-0.6748205493012743,3.815535732411555,29.49165854551985,26.80715833794814,23.923711597724317,121.96291989736558,4.968940025152661,0.24052494713050798,1.1951540368445088,1.549278518078717,ZONE_01,SUSPENSION_FAULT,REAR_BOGIE,2
15.33,RUN_055_SUSPENSION_FAULT,TRAIN001,0.029127476177525202,0.31652718400884283,-0.03870288713767753,29.410266746471105,26.74360289547633,24.019856492503383,118.60463199700901,5.022119884067852,0.2284627937686867,1.1473675393554144,1.3514375220554298,ZONE_01,SUSPENSION_FAULT,REAR_BOGIE,2
15.34,RUN_055_SUSPENSION_FAULT,TRAIN001,0.03577882990701573,-0.7258929916383998,0.8406920106796747,29.504262728084022,26.91644527496723,23.927655719110085,120.03886764854398,5.0278415748313625,0.1998247622665897,1.004687247404753,1.8825670527359235,ZONE_01,SUSPENSION_FAULT,REAR_BOGIE,2
15.35,RUN_055_SUSPENSION_FAULT,TRAIN001,-0.04155807500113891,-1.1015672107691576,-0.2375392315575512,29.660698699259054,26.901085485264133,24.068779082833217,120.22377140751695,5.010859664353376,0.25846627577134995,1.2951382358582937,1.7405286036674135,ZONE_01,SUSPENSION_FAULT,REAR_BOGIE,2
15.36,RUN_055_SUSPENSION_FAULT,TRAIN001,-0.036881962214048616,0.11952928659160644,0.018300577912390103,29.490926972999265,26.814151433758074,24.032131416285363,120.67488797635592,5.004317233289873,0.23447164576493676,1.1733704976193116,1.6013049139615174,ZONE_01,SUSPENSION_FAULT,REAR_BOGIE,2
15.370000000000001,RUN_055_SUSPENSION_FAULT,TRAIN001,0.04923458557411863,-0.7381270951090351,-0.44506756967618216,29.398073387268997,26.9604503677303,24.04893499281886,121.78557232778876,4.985471836948347,0.19180287555255002,0.9562278343129467,1.477159217754612,ZONE_01,SUSPENSION_FAULT,REAR_BOGIE,2
15.38,RUN_055_SUSPENSION_FAULT,TRAIN001,0.007177205353893636,-0.71915891196961,2.578370266365918,29.477632946872234,26.788842790612232,24.015488461854215,121.50869905528812,4.9889379383301495,0.2351400030919637,1.1730988822445663,1.4529912238121867,ZONE_01,SUSPENSION_FAULT,REAR_BOGIE,2
15.39,RUN_055_SUSPENSION_FAULT,TRAIN001,-0.11268047255764618,-0.41049425125147043,-0.6890900649553389,29.411756435645497,26.919307221902216,23.95765143255681,120.02003335590983,4.9970734329069275,0.2327796356262749,1.1632169329098132,1.500450604765939,ZONE_01,SUSPENSION_FAULT,REAR_BOGIE,2
15.4,RUN_055_SUSPENSION_FAULT,TRAIN001,0.21782513916563478,-0.215853722456787,0.38718102805006344,29.497881367404396,26.73693301223667,24.01979241171559,120.88529109227116,4.992629214357586,0.19813976123244936,0.9892383604549633,1.7242894909780668,ZONE_01,SUSPENSION_FAULT,REAR_BOGIE,2
15.41,RUN_055_SUSPENSION_FAULT,TRAIN001,-0.0978804044652228,-0.32054234179271224,0.512938559960537,29.338614344934374,27.032975408792094,24.078232791814735,119.95555340255318,5.027231063524906,0.21529886906530415,1.0823571625068784,1.7071951863896278,ZONE_01,SUSPENSION_FAULT,REAR_BOGIE,2
15.42,RUN_055_SUSPENSION_FAULT,TRAIN001,0.1898681652641363,0.03790597280304317,0.8756782947737529,29.39608643121694,26.959863135386062,24.10076468383797,120.046408114627,4.99695716690448,0.2417593792382467,1.2080612627509348,1.8138175489769324,ZONE_01,SUSPENSION_FAULT,REAR_BOGIE,2
15.43,RUN_055_SUSPENSION_FAULT,TRAIN001,-0.03225676854289748,-0.24472725248629382,1.2183362695874378,29.38873728425226,27.046238343755395,24.050216050295134,119.96855446877927,4.998342322789716,0.21382133915634427,1.0687522490207295,1.7793905825327938,ZONE_01,SUSPENSION_FAULT,REAR_BOGIE,2
15.44,RUN_055_SUSPENSION_FAULT,TRAIN001,-0.13095298720695972,-0.1134213157580353,1.600052771535398,29.546576743530167,26.96000800986718,23.981294987079433,118.76253981618764,5.015229102110358,0.22752479205864687,1.1410889585841335,1.8873471801855277,ZONE_01,SUSPENSION_FAULT,REAR_BOGIE,2
15.450000000000001,RUN_055_SUSPENSION_FAULT,TRAIN001,-0.13306436492426113,0.153821574071391,1.761110233705858,29.53867235665582,27.0079226035992,24.09605845896586,120.02379895067433,4.974369363204225,0.24326651640116698,1.2100975062793833,1.8629206106538563,ZONE_01,SUSPENSION_FAULT,REAR_BOGIE,2
15.46,RUN_055_SUSPENSION_FAULT,TRAIN001,-0.01589155554147091,0.8985151374274187,1.446009261738398,29.4862214170547,26.857877076051967,23.973650536835105,121.43709701873392,4.9723224077447075,0.24702929561701426,1.2283093019658715,2.248705005286939,ZONE_01,SUSPENSION_FAULT,REAR_BOGIE,2
15.47,RUN_055_SUSPENSION_FAULT,TRAIN001,-0.19966456698017698,0.5571460513968749,1.708667902797317,29.363786738109564,26.949828677618086,24.07249528662082,120.82882145267735,5.023774216852948,0.2199477916672321,1.1049680448315842,2.396207543756735,ZONE_01,SUSPENSION_FAULT,REAR_BOGIE,2
15.48,RUN_055_SUSPENSION_FAULT,TRAIN001,0.12797647009509786,0.4750621976470436,2.635581540989639,29.546439144461182,26.900328263632662,24.009760743948572,120.22681714724096,4.985759550352283,0.21664957823714437,1.0801627037756365,2.1631137100389686,ZONE_01,SUSPENSION_FAULT,REAR_BOGIE,2
15.49,RUN_055_SUSPENSION_FAULT,TRAIN001,-0.014594578422490588,0.9552444306169496,2.0429707060801947,29.5474341542636,26.848384020609778,23.940741655314678,119.71160758744381,4.990413483074577,0.22338565562642065,1.1147867877635438,2.1270706958448553,ZONE_01,SUSPENSION_FAULT,REAR_BOGIE,2
15.5,RUN_055_SUSPENSION_FAULT,TRAIN001,0.2503180673730758,0.34915047665554455,1.9348506718508862,29.445776286447796,26.880155751777824,23.993602541920666,119.20473922343811,5.01160610259517,0.24927218399786552,1.249253998530929,2.3856825055933313,ZONE_01,SUSPENSION_FAULT,REAR_BOGIE,2
15.51,RUN_055_SUSPENSION_FAULT,TRAIN001,0.04467859840313284,0.6120181599978086,1.2389150645152949,29.329900584840704,26.72352687231446,23.969658335080656,119.68587710955055,5.027263840806736,0.2464692071967817,1.239065733212684,2.0750623780630986,ZONE_01,SUSPENSION_FAULT,REAR_BOGIE,2
15.52,RUN_055_SUSPENSION_FAULT,TRAIN001,0.07510791217942915,0.5464575497793503,2.0227159713965004,29.347179299207554,27.0068128217981,24.02798067703316,119.6000095693579,4.972090846383699,0.21605313198470108,1.0742357998736614,2.0948804319468812,ZONE_01,SUSPENSION_FAULT,REAR_BOGIE,2
15.530000000000001,RUN_055_SUSPENSION_FAULT,TRAIN001,0.003931545754270884,0.5500126866228714,1.6261001290706318,29.646810233534172,26.77646883523446,23.993701623472532,119.28921062108927,4.991057045955873,0.22158463884946142,1.105941573005192,2.2666659632682933,ZONE_01,SUSPENSION_FAULT,REAR_BOGIE,2
15.540000000000001,RUN_055_SUSPENSION_FAULT,TRAIN001,-0.07807701385807475,0.16579844093096713,2.216956698731464,29.61103352585763,26.922713594842815,24.085660339783818,120.05647464911203,4.987952274450226,0.20451940873503932,1.0201330499691548,2.0186788438244645,ZONE_01,SUSPENSION_FAULT,REAR_BOGIE,2
15.55,RUN_055_SUSPENSION_FAULT,TRAIN001,0.05587050362510551,-0.083719625730652,1.501978994859298,29.343514772230783,26.829148531739435,23.993276204072806,121.05231554667641,5.027908912176918,0.20144706723654415,1.0128575046905233,1.921231756688831,ZONE_01,SUSPENSION_FAULT,REAR_BOGIE,2
15.56,RUN_055_SUSPENSION_FAULT,TRAIN001,-0.1380100479248588,0.14649764851680697,0.9110542472954786,29.399523218377986,27.112587970771273,23.935402954009874,119.67862037329223,5.029614210965374,0.22085253730956686,1.110803060179958,1.6659753836430897,ZONE_01,SUSPENSION_FAULT,REAR_BOGIE,2
15.57,RUN_055_SUSPENSION_FAULT,TRAIN001,-0.12307063417351141,0.01741730850054762,0.913480090163629,29.457614984228364,26.94406472055906,24.031812754318292,120.55633463055725,4.9844404694947135,0.2211844787055733,1.1024808668841513,2.0034644601556257,ZONE_01,SUSPENSION_FAULT,REAR_BOGIE,2
15.58,RUN_055_SUSPENSION_FAULT,TRAIN001,0.07454401924682483,-0.4771159518112699,0.3211476073704193,29.255468229807,26.898498378650785,24.068134938023427,118.48595791908008,5.000048365625013,0.22288393734997627,1.1144304666708167,1.831446750547492,ZONE_01,SUSPENSION_FAULT,REAR_BOGIE,2
15.59,RUN_055_SUSPENSION_FAULT,TRAIN001,-0.11265493360162115,0.05336570984234701,0.9774360851113313,29.59098006383059,27.02755916320906,24.02679494342455,121.31545658399179,4.982923701187888,0.22183922144933935,1.1054079144129814,1.9347627361203956,ZONE_01,SUSPENSION_FAULT,REAR_BOGIE,2
15.6,RUN_055_SUSPENSION_FAULT,TRAIN001,0.05598564813335086,-0.6732539568673783,0.03249501383473402,29.440075560811408,26.896016413871006,23.99265969363876,120.17876374936422,4.999303692966765,0.22319755474549186,1.1158323597002893,1.4859209619531817,ZONE_01,SUSPENSION_FAULT,REAR_BOGIE,2
15.610000000000001,RUN_055_SUSPENSION_FAULT,TRAIN001,0.03673605074616091,-0.28617629217304935,0.32234166308855544,29.564786167243806,26.957005617544983,24.006138810876475,120.48773478025234,5.011170806421979,0.2301112577767145,1.1531268171997142,1.6838037361931149,ZONE_01,SUSPENSION_FAULT,REAR_BOGIE,2
15.620000000000001,RUN_055_SUSPENSION_FAULT,TRAIN001,-0.03064305957437359,-0.6894829582155702,-0.9323676629778259,29.52326317653992,26.935610632778932,24.029724342340053,120.0090002447859,5.005549508724044,0.2308924684949117,1.1557436822427871,1.1057775355722343,ZONE_01,SUSPENSION_FAULT,REAR_BOGIE,2
15.63,RUN_055_SUSPENSION_FAULT,TRAIN001,0.10118030744024141,-1.2587130628350098,-0.27338861815615617,29.575362036284158,27.00310348253793,23.97785601624686,120.87230196621867,5.022592327210118,0.2013760587484695,1.011429847553877,1.2105092484422653,ZONE_01,SUSPENSION_FAULT,REAR_BOGIE,2
15.64,RUN_055_SUSPENSION_FAULT,TRAIN001,0.07051692739518296,-1.6207806375706864,0.14217985541993092,29.525929724509226,26.918646801067183,24.098823778433093,120.46578686270281,4.978686372105925,0.23540856248204467,1.172025401906402,1.6383143423036957,ZONE_01,SUSPENSION_FAULT,REAR_BOGIE,2
15.65,RUN_055_SUSPENSION_FAULT,TRAIN001,-0.07036999599104542,-0.8319971955842342,0.2136733190757954,29.454991359200363,26.789935725377997,23.993955002197485,119.52777844371539,5.005117297646457,0.23739187180323848,1.1881741638830592,1.2125098766844213,ZONE_01,SUSPENSION_FAULT,REAR_BOGIE,2
15.66,RUN_055_SUSPENSION_FAULT,TRAIN001,-0.31724408886883865,-0.9546628967183346,0.0934560685248487,29.646005961949186,26.91194518121102,24.05043602548155,120.56866745925551,4.995509439602035,0.23235965889448884,1.160754869390128,1.4649622679114698,ZONE_01,SUSPENSION_FAULT,REAR_BOGIE,2
15.67,RUN_055_SUSPENSION_FAULT,TRAIN001,0.16432144398684967,-0.614152060609257,0.37783961051398857,29.58369496746574,26.915004413326468,24.029805218736808,120.9833370639963,5.02587670866157,0.22011467894385323,1.1062692381384311,1.2813361569684059,ZONE_01,SUSPENSION_FAULT,REAR_BOGIE,2
15.68,RUN_055_SUSPENSION_FAULT,TRAIN001,0.1702065784182756,-0.3041029272615171,0.6421883795367215,29.606546587516025,26.86759620121733,23.991761753374462,120.77148378341543,4.968658627157336,0.2502853350459724,1.2435823892271352,1.2353145839535524,ZONE_01,SUSPENSION_FAULT,REAR_BOGIE,2
15.69,RUN_055_SUSPENSION_FAULT,TRAIN001,-0.09793475073151914,-0.25827981943679834,-0.1598622904692415,29.60487429951497,26.873581996458064,24.03007634684038,120.30946967502484,5.02540410090293,0.2260839448769877,1.136163183733126,1.0247020254063788,ZONE_01,SUSPENSION_FAULT,REAR_BOGIE,2
15.700000000000001,RUN_055_SUSPENSION_FAULT,TRAIN001,-0.12791127954802015,-0.45021519849209857,0.5902124808268242,29.480015763428412,26.831931760809,23.92888459367691,119.00910324188598,4.986706780751598,0.21166125353542917,1.0554926082275078,1.6686348119524352,ZONE_01,SUSPENSION_FAULT,REAR_BOGIE,2
15.71,RUN_055_SUSPENSION_FAULT,TRAIN001,-0.07606371620913882,0.08511486987574035,0.6757754277638821,29.812351554929165,26.76255235908577,24.087878091353684,122.12133715833158,5.00540671828621,0.20690455266879876,1.0356414379724082,1.8031811128510657,ZONE_01,SUSPENSION_FAULT,REAR_BOGIE,2
15.72,RUN_055_SUSPENSION_FAULT,TRAIN001,-0.053359847533562405,0.02024906895772574,0.9416977525543737,29.504465442731874,26.83808466588439,24.04481970863897,120.71390402895379,5.026564903497753,0.21482432784901898,1.0798284267833735,1.8208196229535112,ZONE_01,SUSPENSION_FAULT,REAR_BOGIE,2
15.73,RUN_055_SUSPENSION_FAULT,TRAIN001,0.032107521270230234,0.20472611273506666,1.1952902308011573,29.407889002428448,26.784324062849166,23.991661822297058,119.83662553506869,5.004145713382546,0.23855039334175393,1.1937409282668583,2.019719501888034,ZONE_01,SUSPENSION_FAULT,REAR_BOGIE,2
15.74,RUN_055_SUSPENSION_FAULT,TRAIN001,-0.13819862069735236,0.3330243826339343,1.9931024776984032,29.634648869587245,26.89698391441812,24.033645919198307,119.22951607835773,5.025600671388157,0.20889022808532143,1.0497988705120167,1.6360038368114076,ZONE_01,SUSPENSION_FAULT,REAR_BOGIE,2
15.75,RUN_055_SUSPENSION_FAULT,TRAIN001,0.029208956634657387,0.7356646713982258,1.967191950668916,29.576745175545966,27.133362457892826,23.947126848798952,120.70769168564222,5.004027004328947,0.24096892536258158,1.2058150097184845,2.051607907805065,ZONE_01,SUSPENSION_FAULT,REAR_BOGIE,2
15.76,RUN_055_SUSPENSION_FAULT,TRAIN001,0.1731970687740432,0.6851200932496535,2.337753251100775,29.552555706238884,26.90532948021891,23.911196979204508,119.26178256025244,4.96983382666454,0.25879273560969945,1.2861568915281372,2.1761213118439837,ZONE_01,SUSPENSION_FAULT,REAR_BOGIE,2
15.77,RUN_055_SUSPENSION_FAULT,TRAIN001,0.13067813337015985,0.8594463215996542,2.2820846384421136,29.58209318870892,27.04408252933209,24.008075807210275,120.61459491503564,4.988024366132793,0.2386972794087985,1.1906278458206943,1.9362538447014956,ZONE_01,SUSPENSION_FAULT,REAR_BOGIE,2
15.780000000000001,RUN_055_SUSPENSION_FAULT,TRAIN001,0.1077572362228976,0.5621245337188439,2.7500243330803054,29.494532107161337,26.719740541345796,24.068988584383032,121.19925339733112,4.989942368262768,0.23532821214606478,1.1742742162351776,1.9633738260849647,ZONE_01,SUSPENSION_FAULT,REAR_BOGIE,2
15.790000000000001,RUN_055_SUSPENSION_FAULT,TRAIN001,0.16330705307169424,0.993083082004633,2.0023029539174,29.431069727420223,26.891237019404457,24.011773344407615,120.85453861528103,5.03426909330829,0.2370824863960889,1.1935370338285134,2.4164805682200905,ZONE_01,SUSPENSION_FAULT,REAR_BOGIE,2
15.8,RUN_055_SUSPENSION_FAULT,TRAIN001,-0.13279938810688025,0.7006604295038974,2.438621882456385,29.461812232935575,26.823112369841898,23.99167365847557,119.6195349979513,4.9960607521191065,0.26582524410020025,1.3280790689714916,2.151892021984373,ZONE_01,SUSPENSION_FAULT,REAR_BOGIE,2
15.81,RUN_055_SUSPENSION_FAULT,TRAIN001,0.06557343620738074,0.48772929522680797,2.3235895734105685,29.627467454098287,27.05952048566815,24.05264943035996,119.71471240002711,4.992083347437429,0.2511721255236326,1.25387218516699,2.1339999463586485,ZONE_01,SUSPENSION_FAULT,REAR_BOGIE,2
15.82,RUN_055_SUSPENSION_FAULT,TRAIN001,-0.06340693256173656,0.03449094961382998,2.076400801631785,29.53070462450224,27.017533102511866,23.83331440574863,119.17308836697653,4.988959550523847,0.21578226617201615,1.076528997652559,2.1629833930274933,ZONE_01,SUSPENSION_FAULT,REAR_BOGIE,2
15.83,RUN_055_SUSPENSION_FAULT,TRAIN001,0.17544611884856054,-0.09172042582561335,1.6438004759271825,29.589184198264086,26.798196041972044,24.083707639964608,119.27983479067142,5.014369234392911,0.2292241142519775,1.1494143462860815,2.116139804046046,ZONE_01,SUSPENSION_FAULT,REAR_BOGIE,2
15.84,RUN_055_SUSPENSION_FAULT,TRAIN001,-0.03380318119047906,-0.3580122851376645,1.3604551271672494,29.593850221126278,26.88414196482835,23.914279658667336,120.64812987668543,5.032541619929432,0.22326642148381587,1.1235975584500102,1.7251802560931988,ZONE_01,SUSPENSION_FAULT,REAR_BOGIE,2
15.85,RUN_055_SUSPENSION_FAULT,TRAIN001,0.1923210117939771,0.6549322686384468,1.9212379640423567,29.575181813685507,26.88156968255358,23.93426938530541,118.97939880099541,5.006325257442406,0.25793954858461776,1.2913292769724647,1.9432124510281432,ZONE_01,SUSPENSION_FAULT,REAR_BOGIE,2
15.860000000000001,RUN_055_SUSPENSION_FAULT,TRAIN001,-0.08296187448807567,-0.2566089119873205,0.9620640094296157,29.57672641670091,26.91958566673855,23.957530336204673,119.80615318051352,5.0068740909100535,0.21236977589256306,1.0633087286088485,2.0172455582722932,ZONE_01,SUSPENSION_FAULT,REAR_BOGIE,2
15.870000000000001,RUN_055_SUSPENSION_FAULT,TRAIN001,0.21949949818275905,-0.33037920376206364,1.178387157934506,29.599071889605675,26.69589839332794,24.112634682959982,120.25385303191383,5.025086227064788,0.23049804220806264,1.1582725372651337,1.7151375839598988,ZONE_01,SUSPENSION_FAULT,REAR_BOGIE,2
15.88,RUN_055_SUSPENSION_FAULT,TRAIN001,-0.03511884833835801,-0.7489332030045671,0.6841091958308237,29.709309104307984,27.029459684370813,24.054677401426506,120.7117756394409,4.998688560528095,0.2364958365824074,1.1821690329370014,1.2063015915640318,ZONE_01,SUSPENSION_FAULT,REAR_BOGIE,2
15.89,RUN_055_SUSPENSION_FAULT,TRAIN001,-0.07092983626188007,-0.6668850071161603,0.5169707313392519,29.68202987688901,27.05205727097053,23.90911580937653,120.17584164983074,5.051678093044543,0.23574962287002263,1.190931205296006,1.570212912615766,ZONE_01,SUSPENSION_FAULT,REAR_BOGIE,2
15.9,RUN_055_SUSPENSION_FAULT,TRAIN001,0.04152418026430122,-0.5383928193159045,0.18877926493589334,29.438993454404486,26.817800320720448,24.074496088051987,120.01557800328963,5.03526597624964,0.24778133370907174,1.247644919175047,1.1880373538169196,ZONE_01,SUSPENSION_FAULT,REAR_BOGIE,2
15.91,RUN_055_SUSPENSION_FAULT,TRAIN001,0.05277325712504131,-0.5565958529428003,-0.26289987092565625,29.514134870552123,26.79062189520122,23.93256916169099,119.91303698406227,4.975282710736334,0.17425003230717317,0.8669431730831263,1.7417313975691124,ZONE_01,SUSPENSION_FAULT,REAR_BOGIE,2
15.92,RUN_055_SUSPENSION_FAULT,TRAIN001,0.09960756326535693,-0.6586987675966691,0.1746302796943072,29.64725241567077,26.748396943233296,24.048219650878018,120.53807339309247,4.977816515482086,0.2677827354028842,1.3329733228494467,1.2680519462342477,ZONE_01,SUSPENSION_FAULT,REAR_BOGIE,2
15.93,RUN_055_SUSPENSION_FAULT,TRAIN001,-0.015285814605444299,-0.6997279725787171,0.41452452732278466,29.69207870078809,26.949288077999512,23.917245056786953,120.49457255124422,5.027443036984167,0.23612829500038696,1.1871215525346386,1.6180179606013358,ZONE_01,SUSPENSION_FAULT,REAR_BOGIE,2
15.94,RUN_055_SUSPENSION_FAULT,TRAIN001,0.05559890278768449,-1.0121607418075709,-0.05002395552127903,29.71775921907884,26.75542062534653,23.99058762875815,119.13642285260701,4.953710708988299,0.23087680609081215,1.1436969067890712,1.3675965975405888,ZONE_01,SUSPENSION_FAULT,REAR_BOGIE,2
15.950000000000001,RUN_055_SUSPENSION_FAULT,TRAIN001,0.03558311311878614,-0.7631447941997125,-0.17755097793712427,29.48728389044628,27.004632056245725,24.043834233759735,120.0479120965942,4.9757393760014645,0.2294838590842594,1.141851873802321,1.5774225489776952,ZONE_01,SUSPENSION_FAULT,REAR_BOGIE,2
15.96,RUN_055_SUSPENSION_FAULT,TRAIN001,0.0228610574068904,-1.1649855877134057,0.11723420151904873,29.66728363487517,26.904883197056964,24.026210092332608,118.44689605173595,4.980767359833246,0.2240774299788556,1.1160775493140036,1.8516981733032731,ZONE_01,SUSPENSION_FAULT,REAR_BOGIE,2
15.97,RUN_055_SUSPENSION_FAULT,TRAIN001,0.11508637664108315,-0.6074259400057145,0.776598119818501,29.54853485119376,27.018674353623474,24.04271898881484,119.28828650608372,5.010941667807247,0.2545082062385942,1.275325775439852,1.461858918009643,ZONE_01,SUSPENSION_FAULT,REAR_BOGIE,2
15.98,RUN_055_SUSPENSION_FAULT,TRAIN001,-0.03376347964610122,0.27533427363139545,0.09185751842103379,29.652361225641098,26.941656204269737,23.94479768700526,119.77768269604705,4.976268289889691,0.20313261786772105,1.0108424049374203,1.4237868957527389,ZONE_01,SUSPENSION_FAULT,REAR_BOGIE,2
15.99,RUN_055_SUSPENSION_FAULT,TRAIN001,-0.007574411246227746,-0.33507633633318035,0.7945426061320784,29.656730567315247,26.906410575154393,23.9984672522911,119.2263030478031,5.000214646722099,0.22813753942219678,1.1407366660860085,1.8974104568842372,ZONE_01,SUSPENSION_FAULT,REAR_BOGIE,2
16.0,RUN_055_SUSPENSION_FAULT,TRAIN001,0.10329103126537967,-0.1507016436531585,0.32268797987312314,29.65058643028022,26.9869853135196,24.009214779315425,120.15919996944761,4.993617028899584,0.22434268898425952,1.1202814720209213,1.7304803141133942,ZONE_01,SUSPENSION_FAULT,REAR_BOGIE,2
16.01,RUN_055_SUSPENSION_FAULT,TRAIN001,0.09598924365347007,0.02439208137907392,1.3636830570568488,29.56768447125731,26.841353152662723,23.946928271517997,120.56807838894092,4.9690824240032665,0.2246651036136154,1.116379417653289,1.8678938380698633,ZONE_01,SUSPENSION_FAULT,REAR_BOGIE,2
16.02,RUN_055_SUSPENSION_FAULT,TRAIN001,0.010776164832676564,0.26058084348249616,2.0459092133175516,29.37086954125675,27.01991376767864,23.91660635760892,119.7583183876767,4.980291170918102,0.24021400120699749,1.1963356693421199,1.9878795779769804,ZONE_01,SUSPENSION_FAULT,REAR_BOGIE,2
16.03,RUN_055_SUSPENSION_FAULT,TRAIN001,0.09715952263927095,0.20084471929264747,1.1757180273382406,29.572846962394266,26.832799168841184,24.092981495978908,117.95429690887237,5.015214506946055,0.24558189517693926,1.2316458833346913,1.9858308323104639,ZONE_01,SUSPENSION_FAULT,REAR_BOGIE,2
16.04,RUN_055_SUSPENSION_FAULT,TRAIN001,0.16243019165509348,0.8406115788101824,1.4534675708161902,29.571047533640833,26.88659752626124,24.10858409604081,119.16141526316639,4.981113715465271,0.23760040444681085,1.183514633390105,1.8826591276359113,ZONE_01,SUSPENSION_FAULT,REAR_BOGIE,2
16.05,RUN_055_SUSPENSION_FAULT,TRAIN001,-0.006803030264328644,0.44846402631747695,1.9617605147550572,29.674215943997183,26.858383339765947,23.98612931972304,120.29678598818333,4.995329536091925,0.22690199223939836,1.1334502236315676,2.1352388995593667,ZONE_01,SUSPENSION_FAULT,REAR_BOGIE,2
16.06,RUN_055_SUSPENSION_FAULT,TRAIN001,-0.027664236927069565,0.6444959649499588,1.774255573847935,29.652276481632608,27.109019083531134,24.086130128246413,119.98983980907695,5.006108288865805,0.2282665170477243,1.1427269030631402,2.114456978513133,ZONE_01,SUSPENSION_FAULT,REAR_BOGIE,2
16.07,RUN_055_SUSPENSION_FAULT,TRAIN001,-0.0024398032597195553,0.8749300040930788,2.8055495833470387,29.4778927760769,26.826456693950618,23.963079794681033,121.11935463034584,4.989267358303356,0.24026727132179562,1.198757654074451,1.9935727081041157,ZONE_01,SUSPENSION_FAULT,REAR_BOGIE,2
16.080000000000002,RUN_055_SUSPENSION_FAULT,TRAIN001,0.14603915010004528,1.5971032069327529,2.024051681484548,29.783708733998278,27.06774644676817,23.98148549603241,119.44600649935592,4.987787469957133,0.21052387823854354,1.0500483620049885,2.1746436193784566,ZONE_01,SUSPENSION_FAULT,REAR_BOGIE,2
16.09,RUN_055_SUSPENSION_FAULT,TRAIN001,0.2141566387494177,0.5016881066976339,1.4619147118366604,29.551943244992398,27.094094785493322,24.057026627034787,120.50608311962023,4.963527020767315,0.20187061648818067,1.0019902596380406,1.7562336203449764,ZONE_01,SUSPENSION_FAULT,REAR_BOGIE,2
16.1,RUN_055_SUSPENSION_FAULT,TRAIN001,0.04310066440308291,0.17757405574898483,1.8690489263601113,29.656883107688873,27.032475058744208,23.987435074556434,120.45453217663912,5.02127113377014,0.22673136343551473,1.1384796503390968,2.005776229363027,ZONE_01,SUSPENSION_FAULT,REAR_BOGIE,2
16.11,RUN_055_SUSPENSION_FAULT,TRAIN001,0.13808579262040974,0.7237989111114129,2.249505423588766,29.60100087395299,26.98541026793903,23.956616779265868,118.80060380339275,4.989138066967559,0.23841196461381026,1.1894702082752835,2.2779163419865585,ZONE_01,SUSPENSION_FAULT,REAR_BOGIE,2
16.12,RUN_055_SUSPENSION_FAULT,TRAIN001,-0.04958459908887966,0.44438795559374755,1.4741973542302245,29.534966998001938,26.85885170270915,23.957258715268157,120.42045869774294,5.000095859039909,0.23226733347278916,1.1613589322875348,1.7539461598834603,ZONE_01,SUSPENSION_FAULT,REAR_BOGIE,2
16.13,RUN_055_SUSPENSION_FAULT,TRAIN001,0.06856787817304831,0.21502343443081354,1.5294528093553792,29.477015583569823,26.787787193173127,23.923719046221333,119.0952482536737,4.993023184093639,0.2178804158491678,1.0878819676948581,1.4750944561946304,ZONE_01,SUSPENSION_FAULT,REAR_BOGIE,2
16.14,RUN_055_SUSPENSION_FAULT,TRAIN001,-0.06502947053826433,0.5284785275509376,1.1304275275239233,29.530792818480087,26.84314828368731,24.036590503986275,118.73370546037545,5.003296226442235,0.22452109268152648,1.123345535770169,1.8624565350891389,ZONE_01,SUSPENSION_FAULT,REAR_BOGIE,2
16.15,RUN_055_SUSPENSION_FAULT,TRAIN001,0.24816475326921716,-0.9069291303302948,1.106569658384955,29.6284322619142,27.025387510512736,24.13244411081264,119.35903461145028,5.013956869298694,0.21431394297856882,1.0745608665838837,1.9475344923481284,ZONE_01,SUSPENSION_FAULT,REAR_BOGIE,2
16.16,RUN_055_SUSPENSION_FAULT,TRAIN001,0.016491350022047782,-0.18881069065700312,0.5775764786683493,29.69699255931054,26.91825274522184,23.940793923167696,119.83874767720006,5.002866318322024,0.22365446842951467,1.1189134070482354,1.9496764012415801,ZONE_01,SUSPENSION_FAULT,REAR_BOGIE,2
16.17,RUN_055_SUSPENSION_FAULT,TRAIN001,0.0606080150537022,-0.1374377661634833,1.0243217631808434,29.62858347119932,27.15826012805242,24.024987838912416,120.51393967050564,4.964386995918484,0.23204266942471805,1.1519496105902818,1.6002746367197325,ZONE_01,SUSPENSION_FAULT,REAR_BOGIE,2
16.18,RUN_055_SUSPENSION_FAULT,TRAIN001,-0.11767045650852055,-1.1060946855202873,0.26352170971220806,29.5505382997754,27.06675630231545,24.02098853573335,119.33518962576521,5.028446779694664,0.2483753673644612,1.248942316179304,1.4887742053700825,ZONE_01,SUSPENSION_FAULT,REAR_BOGIE,2
16.19,RUN_055_SUSPENSION_FAULT,TRAIN001,0.07216326231634462,-0.26073977642253726,0.17722605541102351,29.789944865451755,27.07803031596695,24.022526391941692,119.61426800757155,5.029721136955366,0.20872031773799257,1.0498049938388212,1.4862037831479842,ZONE_01,SUSPENSION_FAULT,REAR_BOGIE,2
16.2,RUN_055_SUSPENSION_FAULT,TRAIN001,-0.15344961073134533,-0.8876330473074354,0.5276264356573153,29.653756003626352,27.008659420066227,23.956972177179303,119.31138016587822,5.02962280876345,0.2139380905210234,1.0760278997478387,1.1190030841972587,ZONE_01,SUSPENSION_FAULT,REAR_BOGIE,2
16.21,RUN_055_SUSPENSION_FAULT,TRAIN001,-0.012294348752018208,-0.7932519511887735,0.015947193131173286,29.64217983803878,27.087064960617365,23.96602783574994,119.0950521377788,5.008728112348858,0.24641185106280972,1.234209965634215,1.492052445226237,ZONE_01,SUSPENSION_FAULT,REAR_BOGIE,2
16.22,RUN_055_SUSPENSION_FAULT,TRAIN001,-0.049225054093822024,-1.1853660138508735,-0.0878457742852311,29.653645372392404,26.859271375849513,24.074998347838385,118.5466176504681,5.02939617479572,0.22744187341886732,1.1438952881612237,1.3844030491125157,ZONE_01,SUSPENSION_FAULT,REAR_BOGIE,2
16.23,RUN_055_SUSPENSION_FAULT,TRAIN001,-0.23969919796332168,-1.061373747249655,-0.15091405157378038,29.44433523389315,26.903003388107752,23.89329334645908,119.62177616408353,5.005490699739449,0.21678608012725806,1.0851207079099612,1.1652135024385153,ZONE_01,SUSPENSION_FAULT,REAR_BOGIE,2
16.240000000000002,RUN_055_SUSPENSION_FAULT,TRAIN001,0.20077047277921978,-1.2996244469986946,0.3697452677936274,29.777608470687905,26.958070329985013,23.973975146850528,119.74539391526163,5.007108817881838,0.24363529446274454,1.2199084312516464,1.445448405255948,ZONE_01,SUSPENSION_FAULT,REAR_BOGIE,2
16.25,RUN_055_SUSPENSION_FAULT,TRAIN001,-0.02099472151292079,-0.7853766696500869,0.3951880394509104,29.59498039616225,27.051137986909612,24.009685021147504,119.5446135681642,5.015035194685187,0.22550210904822005,1.1309010133525605,1.4251377568266583,ZONE_01,SUSPENSION_FAULT,REAR_BOGIE,2
16.26,RUN_055_SUSPENSION_FAULT,TRAIN001,0.13957603839401156,-0.3697089438744473,0.6379690424717739,29.636417003104974,26.98779034710545,23.933328691218467,120.54216604616396,4.971841869633005,0.23035109575738563,1.1452692226024115,1.513059885259476,ZONE_01,SUSPENSION_FAULT,REAR_BOGIE,2
16.27,RUN_055_SUSPENSION_FAULT,TRAIN001,-0.040770377226972694,-1.0580333978631735,1.898339434405331,29.755691573712042,26.99081989760247,24.014007908245716,119.67456387934318,4.970996797724809,0.24018548776251925,1.1939612905274546,1.5878050071259273,ZONE_01,SUSPENSION_FAULT,REAR_BOGIE,2
16.28,RUN_055_SUSPENSION_FAULT,TRAIN001,0.024562911055841935,-0.22081056142486183,0.9210596108338756,29.522040291609795,27.072261184005527,24.096743895175635,120.2571244622672,4.99871772681573,0.21949661026065606,1.097201596685905,1.8168569745957364,ZONE_01,SUSPENSION_FAULT,REAR_BOGIE,2
16.29,RUN_055_SUSPENSION_FAULT,TRAIN001,0.018282820301146963,0.515142586843066,0.9266906627867072,29.84396601555847,26.910222793855144,23.956512096665143,119.04951266415353,5.002748257328241,0.24131073651298557,1.2072168665649328,1.6801784735599907,ZONE_01,SUSPENSION_FAULT,REAR_BOGIE,2
16.3,RUN_055_SUSPENSION_FAULT,TRAIN001,-0.1813147846186703,0.9157231901719631,1.3588589744918713,29.54359090702657,27.026382642491452,24.06650355959078,118.55094396145289,4.977505348278138,0.17613984164248378,0.8767370038203273,1.8195398459645815,ZONE_01,SUSPENSION_FAULT,REAR_BOGIE,2
16.31,RUN_055_SUSPENSION_FAULT,TRAIN001,-0.08743415348460831,0.24968554917988894,1.4198506190663733,29.72583831256803,27.032056293949285,24.0748342299626,120.8416462968002,4.957436022415473,0.25663794646198607,1.2722662005093834,2.2445114878912227,ZONE_01,SUSPENSION_FAULT,REAR_BOGIE,2
16.32,RUN_055_SUSPENSION_FAULT,TRAIN001,0.07985876312635487,0.46423281601893485,2.5641429281022114,29.503679526075945,27.03020480235042,24.04971347268275,119.87179120637214,5.03369211698278,0.25571668490954774,1.28719906101016,2.1659881216301424,ZONE_01,SUSPENSION_FAULT,REAR_BOGIE,2
16.330000000000002,RUN_055_SUSPENSION_FAULT,TRAIN001,0.11269733696422367,0.09624982974144491,1.4296051809796806,29.541981328605065,27.027353786294054,24.046650382976736,119.63773429932063,4.986097105069952,0.23846386371280953,1.1890039805222352,2.113241765538233,ZONE_01,SUSPENSION_FAULT,REAR_BOGIE,2
16.34,RUN_055_SUSPENSION_FAULT,TRAIN001,-0.13922464916506302,0.6006379748553325,4.083157718588256,29.546761011480573,27.14562937494221,23.91185705364327,121.048881161436,4.996064649180435,0.2442049388793939,1.2200636622906087,2.37881211652586,ZONE_01,SUSPENSION_FAULT,REAR_BOGIE,2
16.35,RUN_055_SUSPENSION_FAULT,TRAIN001,0.09123317118464506,0.7449757934951577,2.497678585225431,29.58654858922853,26.9767845465737,24.07519711777826,119.20984082655512,4.9664654630582294,0.23424994479684993,1.163394260556852,2.404452757139665,ZONE_01,SUSPENSION_FAULT,REAR_BOGIE,2
16.36,RUN_055_SUSPENSION_FAULT,TRAIN001,0.001975674955916007,0.2808308125815088,2.115878757751631,29.498057648069786,26.859193941899846,24.02499558810843,119.68186612358906,5.004407506276389,0.23930422555825762,1.1975758626674027,2.4101430147095466,ZONE_01,SUSPENSION_FAULT,REAR_BOGIE,2
16.37,RUN_055_SUSPENSION_FAULT,TRAIN001,-0.07212936010866329,0.49387847106664773,1.5644467710757897,29.701968139377176,27.087376665857295,23.951485825760468,120.5594364551235,5.016857541672657,0.2261429631669632,1.1345270302603812,2.2530534589537137,ZONE_01,SUSPENSION_FAULT,REAR_BOGIE,2
16.38,RUN_055_SUSPENSION_FAULT,TRAIN001,-0.027816641114075974,1.0020973576146817,2.1046480639065503,29.675336233273704,27.174393225740527,24.039376765672543,119.6317476651116,4.9777862932211825,0.20982351299099022,1.0444566069620678,2.2359032907260685,ZONE_01,SUSPENSION_FAULT,REAR_BOGIE,2
16.39,RUN_055_SUSPENSION_FAULT,TRAIN001,0.054533816327132126,0.5549382538065338,2.1783342152386127,29.66212147876131,26.998129324828067,23.968950774890665,120.55069412588416,4.994329758339017,0.23042187703637157,1.1508028374550843,2.1492648249983035,ZONE_01,SUSPENSION_FAULT,REAR_BOGIE,2
16.4,RUN_055_SUSPENSION_FAULT,TRAIN001,-0.05302396991874151,-0.3179531527944414,1.1376965601221385,29.806258402074583,26.913158648685897,24.020927560788927,118.67642693668931,5.034033198062147,0.20751978840987667,1.0446615041101515,1.91244207514724,ZONE_01,SUSPENSION_FAULT,REAR_BOGIE,2
16.41,RUN_055_SUSPENSION_FAULT,TRAIN001,-0.2280203722928271,0.3330486838137378,1.0130416679668242,29.595886592280614,26.987801449912137,23.914841720030804,119.89957163288103,4.9914805235243325,0.2105208562494248,1.0508107537646696,1.8451157222736068,ZONE_01,SUSPENSION_FAULT,REAR_BOGIE,2
16.42,RUN_055_SUSPENSION_FAULT,TRAIN001,0.09213990599636494,-0.379428352054515,1.0410914522216348,29.64346289372064,27.04576288840981,24.06151783683718,121.02844464931003,4.987524808046214,0.26799774772332124,1.3366454152705753,1.5159640477900165,ZONE_01,SUSPENSION_FAULT,REAR_BOGIE,2
16.43,RUN_055_SUSPENSION_FAULT,TRAIN001,0.10642109087363028,0.26541709431186494,0.8680194683150819,29.493027680747097,26.987096160982233,23.958755377331926,121.16240396426518,4.9920080168111305,0.2300297999245409,1.1483106053287686,1.9325975815044032,ZONE_01,SUSPENSION_FAULT,REAR_BOGIE,2
16.44,RUN_055_SUSPENSION_FAULT,TRAIN001,-0.07308703722259419,0.05837588737335597,0.7414413564386977,29.501355164657305,26.89033311824005,24.070973124388523,120.69258212333263,4.998881108186752,0.2228168313728227,1.1138348489356367,1.8253974941917654,ZONE_01,SUSPENSION_FAULT,REAR_BOGIE,2
16.45,RUN_055_SUSPENSION_FAULT,TRAIN001,0.1699256819480038,0.13876294790884686,0.09932221115882656,29.66911217699562,27.01576605821967,24.00558758814278,119.74405673349702,4.9897060469896735,0.20372061973714578,1.0165060081989201,1.6693283086506412,ZONE_01,SUSPENSION_FAULT,REAR_BOGIE,2
16.46,RUN_055_SUSPENSION_FAULT,TRAIN001,0.17201309925878766,-0.8853592060998584,0.2501564260939929,29.641044244388585,27.12533019014563,23.982072017321403,118.98990192438636,4.968441655724807,0.21365270836161115,1.0615210160822528,1.4881864135316925,ZONE_01,SUSPENSION_FAULT,REAR_BOGIE,2
16.47,RUN_055_SUSPENSION_FAULT,TRAIN001,-0.017031583387995552,-0.7723233927906568,0.9161281624985325,29.53401163348892,26.99138881821351,24.010960331817614,118.99590358817,5.024203731116769,0.20771710628530857,1.0436130604154257,1.3003291806818278,ZONE_01,SUSPENSION_FAULT,REAR_BOGIE,2
16.48,RUN_055_SUSPENSION_FAULT,TRAIN001,0.019585050599837464,-0.7333414821564371,0.16246440033263432,29.572361389290176,27.04803584378687,23.96455554585405,118.70567411395282,4.9948715979624945,0.20556145612924298,1.026753078855769,1.3332237930932542,ZONE_01,SUSPENSION_FAULT,REAR_BOGIE,2
16.490000000000002,RUN_055_SUSPENSION_FAULT,TRAIN001,0.22224521067971525,-0.8880761956055551,0.1389160214080738,29.573212364820183,27.0281294948622,23.97125150745994,120.46034155086562,4.994014383345248,0.19163619818631733,0.9570339301120693,1.797102899431849,ZONE_01,SUSPENSION_FAULT,REAR_BOGIE,2
16.5,RUN_055_SUSPENSION_FAULT,TRAIN001,0.15710038316658553,-0.8457555174554723,-0.4898475726056365,29.53388731580339,27.079177256195894,24.06063052405537,119.51185312727374,4.979636873767457,0.2586976957365983,1.288220584848639,1.4208730789007356,ZONE_01,SUSPENSION_FAULT,REAR_BOGIE,2
16.51,RUN_055_SUSPENSION_FAULT,TRAIN001,-0.04387474425562279,-0.8315184170358536,-0.25346419794351815,29.738825714987094,26.90546796671809,23.98376189749546,119.76169849550234,5.0370237931173225,0.183589817737326,0.9247462801169837,1.5571337174249418,ZONE_01,SUSPENSION_FAULT,REAR_BOGIE,2
16.52,RUN_055_SUSPENSION_FAULT,TRAIN001,-0.06284088155425394,0.053815368891490856,0.25903297700734607,29.745606146034454,27.044313147770897,24.042695454290293,119.08559612807447,5.008029436282403,0.21255150367924697,1.0644641871517562,1.1690683459777904,ZONE_01,SUSPENSION_FAULT,REAR_BOGIE,2
16.53,RUN_055_SUSPENSION_FAULT,TRAIN001,0.07962609135634363,-0.9639707121780783,0.28928567179047626,29.630066316477013,26.979200344357604,23.959280030774963,120.49767235274821,5.01639902627321,0.2357915102409146,1.1828243023760137,1.5568295971551975,ZONE_01,SUSPENSION_FAULT,REAR_BOGIE,2
16.54,RUN_055_SUSPENSION_FAULT,TRAIN001,-0.1885700115729704,-0.34526078413217487,0.29105128359945165,29.617816088771978,27.08213746440037,23.962304621113937,120.68750097619416,5.0397039641809345,0.2460678994153312,1.2401093681411202,1.3181161970821087,ZONE_01,SUSPENSION_FAULT,REAR_BOGIE,2
16.55,RUN_055_SUSPENSION_FAULT,TRAIN001,0.07925405578761478,-0.37841432373454365,0.6113207555317649,29.682515804251057,27.140708554482277,24.03829333645226,120.72081432384402,5.01200114557092,0.22537763393889546,1.1295929594878076,1.6229054723358107,ZONE_01,SUSPENSION_FAULT,REAR_BOGIE,2
16.56,RUN_055_SUSPENSION_FAULT,TRAIN001,0.04227743640494385,0.3714663721577588,-0.12490441899591187,29.788877899702413,27.07133637514574,24.031616545740512,119.30902337568892,4.991422101422535,0.2575379039986633,1.285480385972963,1.675556249464513,ZONE_01,SUSPENSION_FAULT,REAR_BOGIE,2
16.57,RUN_055_SUSPENSION_FAULT,TRAIN001,0.018473610401859953,0.04573256853531748,0.6926309133287896,29.73457686527402,27.120632343272312,23.992785584350656,119.17288003327246,4.976628763994282,0.24046745934735095,1.1967172749926525,2.145946910174033,ZONE_01,SUSPENSION_FAULT,REAR_BOGIE,2
16.580000000000002,RUN_055_SUSPENSION_FAULT,TRAIN001,0.12012305134985564,-0.05132826518011663,1.776253498650088,29.55025503199918,27.131059439521575,23.95701926330469,119.46380156721926,5.035664185067213,0.24913308839090514,1.2545505705252653,1.9117357302823923,ZONE_01,SUSPENSION_FAULT,REAR_BOGIE,2
16.59,RUN_055_SUSPENSION_FAULT,TRAIN001,-0.009044725935073425,0.42048919528427847,1.550917848632725,29.722936044391247,27.107827455250792,24.08436258791252,119.26164549117429,4.998074286870288,0.22699888671125742,1.1345572988197172,1.7865155818229854,ZONE_01,SUSPENSION_FAULT,REAR_BOGIE,2
16.6,RUN_055_SUSPENSION_FAULT,TRAIN001,0.07375681813334489,0.9776858788979054,2.2026701768008246,29.762077303410305,27.057210452600636,24.012003864491366,121.13259270249125,5.021610291244849,0.24745803674912553,1.2426378239906548,1.9236646345635098,ZONE_01,SUSPENSION_FAULT,REAR_BOGIE,2
16.61,RUN_055_SUSPENSION_FAULT,TRAIN001,-0.1867564775661416,1.497590103895917,1.5669981420773753,29.674476949773293,27.00429459913133,24.101876835092057,118.85438744323606,4.99742655391419,0.25125120923370536,1.2556094647275693,2.219799840269233,ZONE_01,SUSPENSION_FAULT,REAR_BOGIE,2
16.62,RUN_055_SUSPENSION_FAULT,TRAIN001,-0.01850372436282022,0.9284801140914607,2.4626047275659957,29.811065631518414,27.026921358266005,23.96906930628479,120.24139681546916,4.99357113452329,0.23907274588511546,1.193826762903134,2.1545692918219728,ZONE_01,SUSPENSION_FAULT,REAR_BOGIE,2
16.63,RUN_055_SUSPENSION_FAULT,TRAIN001,0.031748774786351956,0.7711707280285464,2.414653241404565,29.756907781423905,27.068816196335234,24.016638582169644,118.5265890384978,5.025682482505565,0.2544255659055027,1.27866210967285,1.9175472169111694,ZONE_01,SUSPENSION_FAULT,REAR_BOGIE,2
16.64,RUN_055_SUSPENSION_FAULT,TRAIN001,0.07449596168906145,1.162423648591208,1.7667132471927298,29.84249695676816,27.068248695543986,23.989480686594444,120.26756330745972,5.011204938653686,0.18448797307465975,0.9245070417939432,2.32247153761969,ZONE_01,SUSPENSION_FAULT,REAR_BOGIE,2
16.65,RUN_055_SUSPENSION_FAULT,TRAIN001,-0.053784106329321346,0.5315621495226095,1.7821598109798047,29.490737639151533,27.11797872632612,24.037856584350546,119.32841987856591,4.997391553495786,0.23832480107156953,1.191002347863625,2.436896432642307,ZONE_01,SUSPENSION_FAULT,REAR_BOGIE,2
16.66,RUN_055_SUSPENSION_FAULT,TRAIN001,0.011287124221326146,0.6626218994287304,1.4069947097446671,29.728629495263508,27.088404593648356,24.053263942294407,119.63984791170945,4.998227760902669,0.22255067620229527,1.1123589680019732,2.1722423887039057,ZONE_01,SUSPENSION_FAULT,REAR_BOGIE,2
16.67,RUN_055_SUSPENSION_FAULT,TRAIN001,0.048850413785091876,0.5643570162192207,1.9448925378771473,29.86921345018241,27.12835847691647,23.963942633237735,119.86964124714214,4.999776053466495,0.23242183795932575,1.162057139731707,2.1374480981337953,ZONE_01,SUSPENSION_FAULT,REAR_BOGIE,2
16.68,RUN_055_SUSPENSION_FAULT,TRAIN001,-0.09653682851634683,0.3183465578069081,1.479694173799809,29.565177539931366,27.03969925783131,24.033309227452015,120.56387730299551,4.97516938192595,0.24604785020238032,1.2241297308155852,1.8184761108385907,ZONE_01,SUSPENSION_FAULT,REAR_BOGIE,2
16.69,RUN_055_SUSPENSION_FAULT,TRAIN001,0.2002272386317661,0.3274752808291577,1.4972322757506833,29.79608677106404,26.93773121329793,23.923055303823226,119.70445049737143,5.004500711644516,0.24712470670367523,1.236735770563485,1.9575970809593541,ZONE_01,SUSPENSION_FAULT,REAR_BOGIE,2
16.7,RUN_055_SUSPENSION_FAULT,TRAIN001,0.05514059994051523,0.1841348779475712,1.4881098706446185,29.80392526074373,27.11691344520423,23.990049053127397,119.24347802628041,5.018307590902828,0.22299124223008152,1.1190386435880693,1.8870093314436853,ZONE_01,SUSPENSION_FAULT,REAR_BOGIE,2
16.71,RUN_055_SUSPENSION_FAULT,TRAIN001,-0.0011147036395417365,0.19127934069533975,0.9846379604539356,29.682507251113805,27.13005162294,24.084418544994193,120.74307446550112,4.98353784699684,0.2477260408672905,1.234552100348828,2.1135828703316473,ZONE_01,SUSPENSION_FAULT,REAR_BOGIE,2
16.72,RUN_055_SUSPENSION_FAULT,TRAIN001,-0.09298726851679684,-0.21378913376571407,0.878515104253515,29.716196050074206,26.87494205552085,23.91903924270415,120.58980940218184,4.989210549957367,0.23392698573844287,1.1671109851659656,2.004754519793207,ZONE_01,SUSPENSION_FAULT,REAR_BOGIE,2
16.73,RUN_055_SUSPENSION_FAULT,TRAIN001,-0.06508542504956415,-0.06612808614603943,0.06222863529756206,29.506219910714755,27.078857811476702,24.022415723052017,119.99962895771442,4.9738473048458225,0.24856190953281943,1.236308983817145,1.6759123178572024,ZONE_01,SUSPENSION_FAULT,REAR_BOGIE,2
16.740000000000002,RUN_055_SUSPENSION_FAULT,TRAIN001,0.1870707803344197,-0.326731120706629,0.6143537997691703,29.829489443194472,26.962931607983833,23.993478504639075,119.7857035400846,4.997934015829282,0.21261265428909257,1.0626240170672072,1.960953988698995,ZONE_01,SUSPENSION_FAULT,REAR_BOGIE,2
16.75,RUN_055_SUSPENSION_FAULT,TRAIN001,0.014477810484726551,-0.39396173205810825,0.3192714234072282,29.599820700722052,26.932823794271588,24.065488133903536,118.89033789017356,4.998297152173681,0.23653834088440373,1.1822889156224026,1.2016181032469555,ZONE_01,SUSPENSION_FAULT,REAR_BOGIE,2
16.76,RUN_055_SUSPENSION_FAULT,TRAIN001,-0.035594406120310604,-0.38510747044131866,-0.02508728272621688,29.608064881043813,26.977398269730614,23.958478224505907,120.3120516321878,5.000954073259032,0.2226217019761341,1.113320907293406,1.2732974411582765,ZONE_01,SUSPENSION_FAULT,REAR_BOGIE,2
16.77,RUN_055_SUSPENSION_FAULT,TRAIN001,0.011692796251516388,-1.2997178715107132,0.16814557649245482,29.701663721354493,27.056321056455793,23.94526004529848,119.53385733355609,5.019791267197294,0.22632799640497384,1.1361192998759482,1.8144395695560303,ZONE_01,SUSPENSION_FAULT,REAR_BOGIE,2
16.78,RUN_055_SUSPENSION_FAULT,TRAIN001,-0.26376078207115505,-0.5649360697209378,0.03844867255625395,29.725029411554285,26.932478470102453,23.969158144071947,120.20394768829318,4.974014164789755,0.19485656358356987,0.969219307366932,1.5618240927987193,ZONE_01,SUSPENSION_FAULT,REAR_BOGIE,2
16.79,RUN_055_SUSPENSION_FAULT,TRAIN001,0.018259397030394742,-1.2000637600630335,0.3920568514071623,29.836236004970203,27.087039390720438,24.083243470392667,119.22210233312857,4.9920874358609355,0.2048709511220743,1.0227337010693869,1.7419107342160771,ZONE_01,SUSPENSION_FAULT,REAR_BOGIE,2
16.8,RUN_055_SUSPENSION_FAULT,TRAIN001,-0.02303281445233566,-0.7635462364395045,0.05966787203457413,29.81902891005528,27.05924933069647,24.011563433451304,120.12893412257166,5.001354633986344,0.2137707367422663,1.0691432648166084,1.25430922612016,ZONE_01,SUSPENSION_FAULT,REAR_BOGIE,2
16.81,RUN_055_SUSPENSION_FAULT,TRAIN001,0.10328449484014757,-0.7667335459843871,-0.10729765977414732,29.730819305353535,27.13237119642874,23.9505603417786,119.48951836655526,4.9726515428005085,0.21787986047809774,1.0834406243515722,1.3742038606224203,ZONE_01,SUSPENSION_FAULT,REAR_BOGIE,2
16.82,RUN_055_SUSPENSION_FAULT,TRAIN001,-0.17299035542734834,-0.5144085847853032,0.399173991409146,29.6360099115591,27.06351057445504,23.983913207733792,120.27426776239491,5.018989071578381,0.24030573026552615,1.206091834040338,2.0620332703258994,ZONE_01,SUSPENSION_FAULT,REAR_BOGIE,2
16.830000000000002,RUN_055_SUSPENSION_FAULT,TRAIN001,-0.06835609733408642,-0.03470841593165047,0.7021138502097024,29.79845664084886,27.248892588105054,24.011367201046543,119.44992107811707,4.9995280888724745,0.22951503126508507,1.147466845628237,1.7208446362335572,ZONE_01,SUSPENSION_FAULT,REAR_BOGIE,2
16.84,RUN_055_SUSPENSION_FAULT,TRAIN001,0.005885849874491063,-0.4368342240895069,4.339254210011691,29.709948163841077,26.985814063839147,23.958468963661446,119.15914865541475,5.026386529587309,0.21008655419360764,1.0559762260461636,1.5672994655224692,ZONE_01,SUSPENSION_FAULT,REAR_BOGIE,2
16.85,RUN_055_SUSPENSION_FAULT,TRAIN001,0.2223398720816333,-0.31096601960955816,0.7045025064585211,29.60745637234093,27.029977430253012,24.014748351854024,120.53178509582978,4.968950796200077,0.20620480745024888,1.0246215421601979,1.933311798460596,ZONE_01,SUSPENSION_FAULT,REAR_BOGIE,2
16.86,RUN_055_SUSPENSION_FAULT,TRAIN001,0.03920075411518334,-0.3404247859199374,1.7770843014635418,29.8384892192703,27.104741206529447,24.042366385959706,119.14239834886065,4.9848131935696465,0.21954328459634573,1.09438226161548,1.7174799400613565,ZONE_01,SUSPENSION_FAULT,REAR_BOGIE,2
16.87,RUN_055_SUSPENSION_FAULT,TRAIN001,-0.0018112764726242033,0.6065033992802364,1.4904702662326934,29.789933503322846,27.00709453285037,23.904215845914372,118.67315200088237,4.995536991137585,0.20477613288376692,1.0229667467229633,2.1098913557046437,ZONE_01,SUSPENSION_FAULT,REAR_BOGIE,2
16.88,RUN_055_SUSPENSION_FAULT,TRAIN001,0.05315089516837632,-0.18773885955902825,1.8554069040549666,29.72401613629022,27.10222784608057,23.978105864953708,120.73309472311055,5.002103307290054,0.22686260914029002,1.1347902074810956,1.9890434388817066,ZONE_01,SUSPENSION_FAULT,REAR_BOGIE,2
16.89,RUN_055_SUSPENSION_FAULT,TRAIN001,0.19417496787245875,0.1897120273596447,1.343802275961737,29.66154841174172,26.973219633801236,24.028626565461337,120.82015406425442,4.999989549226204,0.26320310192331564,1.3160127589404977,2.187944448009576,ZONE_01,SUSPENSION_FAULT,REAR_BOGIE,2
16.9,RUN_055_SUSPENSION_FAULT,TRAIN001,-0.03531697464972631,0.3517393029719553,2.1089550352826687,29.618536092992944,27.098215370368145,24.05115315340302,120.5217236103115,5.0035109985864565,0.2036638722156133,1.0190344246455278,2.541055728172384,ZONE_01,SUSPENSION_FAULT,REAR_BOGIE,2
16.91,RUN_055_SUSPENSION_FAULT,TRAIN001,0.14900097794234535,0.8259562088368502,1.6133402788568776,29.878729746816425,26.963693406167675,23.980699251078036,120.05477118110295,4.982578048572654,0.21399747727510562,1.0662591327208666,2.4179983232035025,ZONE_01,SUSPENSION_FAULT,REAR_BOGIE,2
16.92,RUN_055_SUSPENSION_FAULT,TRAIN001,0.04131468522451895,0.4837604907186339,2.1398914074671564,29.865307899476683,27.064062491247565,24.01313900242464,119.3944693225737,5.023781768624218,0.24461299974322293,1.2288823284784838,2.1003096368072605,ZONE_01,SUSPENSION_FAULT,REAR_BOGIE,2
16.93,RUN_055_SUSPENSION_FAULT,TRAIN001,0.014984163485329672,0.7059159418465424,2.221165895483087,29.501409942581805,27.03127869270904,24.020016497753115,121.06087480001007,4.9816040993234285,0.23231973095416286,1.1573249240749737,2.4017205312769754,ZONE_01,SUSPENSION_FAULT,REAR_BOGIE,2
16.94,RUN_055_SUSPENSION_FAULT,TRAIN001,-0.022896122399659602,0.4848672497961741,2.1700594656415726,29.787099116630763,27.066802361507165,23.947565587680472,119.91600467162274,5.033443447162119,0.21532121110747343,1.0838071390839235,1.9935372663781352,ZONE_01,SUSPENSION_FAULT,REAR_BOGIE,2
16.95,RUN_055_SUSPENSION_FAULT,TRAIN001,-0.0666390504759203,1.0117037032579366,1.8701032530476949,29.61915889334051,27.094404137585922,24.033711165123506,119.13207186612203,4.999862378850807,0.21971489675910127,1.0985442463789195,2.0240800483440875,ZONE_01,SUSPENSION_FAULT,REAR_BOGIE,2
16.96,RUN_055_SUSPENSION_FAULT,TRAIN001,0.1165689589323758,0.09083009215598042,2.0303103111204144,29.858241649240043,26.884510576186088,24.065489980118496,120.7481848280206,5.012659929061221,0.24410171440824133,1.2235988824293373,2.2746499269185865,ZONE_01,SUSPENSION_FAULT,REAR_BOGIE,2
16.97,RUN_055_SUSPENSION_FAULT,TRAIN001,-0.09227233973272252,0.2079365482077313,1.418659684752618,29.62113928525016,27.001707237358072,24.026921964423114,119.91170409499557,5.008657284839938,0.252785003606369,1.2661134498113302,2.0478908970600216,ZONE_01,SUSPENSION_FAULT,REAR_BOGIE,2
16.98,RUN_055_SUSPENSION_FAULT,TRAIN001,0.06391258155215794,0.5226731209011816,2.241188296861404,29.634155886326795,27.229296088089495,24.011312950733306,120.7015868892445,5.017737917381802,0.22322363947270138,1.1200777198381389,2.0073235722056784,ZONE_01,SUSPENSION_FAULT,REAR_BOGIE,2
16.990000000000002,RUN_055_SUSPENSION_FAULT,TRAIN001,-0.043254476552410784,0.19206019744012376,0.8947479888696539,29.798270064145534,26.919669856453368,23.939180947711034,120.12471462485087,4.993910206919386,0.2259944113051872,1.1285957973237122,1.857928965632842,ZONE_01,SUSPENSION_FAULT,REAR_BOGIE,2
17.0,RUN_055_SUSPENSION_FAULT,TRAIN001,0.07289258793972528,0.2523916735019819,0.8641171924534043,29.897575076262093,27.04062870886442,23.926555672923715,120.5893809496329,4.962855376980504,0.27221190976955106,1.3509483400779483,1.9254241302438637,ZONE_01,SUSPENSION_FAULT,REAR_BOGIE,2
17.01,RUN_055_SUSPENSION_FAULT,TRAIN001,0.056378029508605154,-0.8519505286426294,0.7758013584744893,29.676776743141758,27.092662315448038,24.007713035823247,120.08741517408485,5.005899631319769,0.22811806258763007,1.1419361254047975,1.7670776482000752,ZONE_01,SUSPENSION_FAULT,REAR_BOGIE,2
17.02,RUN_055_SUSPENSION_FAULT,TRAIN001,0.017652293065994914,-0.1137001092199704,1.0674641413719206,29.693510184664987,26.937593909731934,24.01576320962591,119.5741588492681,5.008972103212209,0.23483772328461186,1.176295604714489,1.6620954985976466,ZONE_01,SUSPENSION_FAULT,REAR_BOGIE,2
17.03,RUN_055_SUSPENSION_FAULT,TRAIN001,0.12648353526346787,-0.23070840363367787,0.04756417074833169,29.713253374915993,27.134739678450263,23.98254445154811,120.29872269662009,4.979116562128757,0.25069351998201916,1.2482322573608282,1.678058390795782,ZONE_01,SUSPENSION_FAULT,REAR_BOGIE,2
17.04,RUN_055_SUSPENSION_FAULT,TRAIN001,0.007499411760055701,-0.6994644058260553,0.1420296650802452,29.772913342661646,27.223473338729878,24.02324581575048,120.53395900474919,5.030864063851775,0.2014594788119024,1.0135152522771078,1.883766513565455,ZONE_01,SUSPENSION_FAULT,REAR_BOGIE,2
17.05,RUN_055_SUSPENSION_FAULT,TRAIN001,-0.06397777833784418,-0.5882937364464959,0.1460903910733068,29.9178824822339,27.144518996942647,24.004455879181236,119.77354700346694,4.994234524403148,0.22117758391884274,1.104612725631559,1.468463834554883,ZONE_01,SUSPENSION_FAULT,REAR_BOGIE,2
17.06,RUN_055_SUSPENSION_FAULT,TRAIN001,0.22784959914251837,-0.36585040765886,0.7157889996697658,29.675278771568312,27.165864189469005,24.045775265603787,119.49940416532384,4.935447252168399,0.23173129529608957,1.143697584610509,1.680099984276177,ZONE_01,SUSPENSION_FAULT,REAR_BOGIE,2
17.07,RUN_055_SUSPENSION_FAULT,TRAIN001,-0.04061342670875388,-1.2331563815852282,-0.2345954500618811,29.588056617568412,26.989118790434283,24.010100275891556,118.46290743147802,4.992525216250594,0.26433244791968347,1.3196864117122666,1.4574264870478602,ZONE_01,SUSPENSION_FAULT,REAR_BOGIE,2
17.080000000000002,RUN_055_SUSPENSION_FAULT,TRAIN001,0.030165501252463672,-0.2754113488188616,-0.12031064438048206,29.774855301753284,27.169193955209145,24.10488057992148,118.9323716101152,5.003833709469889,0.21356619791821455,1.06864974034648,1.4318316018285548,ZONE_01,SUSPENSION_FAULT,REAR_BOGIE,2
17.09,RUN_055_SUSPENSION_FAULT,TRAIN001,0.07004294633419676,-0.7515335943266073,-0.30537139153020604,29.79802416169658,26.90263099064431,23.914173461394686,118.82255645441481,5.028907894979476,0.23105310652834823,1.1619447915799443,1.4237470669935728,ZONE_01,SUSPENSION_FAULT,REAR_BOGIE,2
17.1,RUN_055_SUSPENSION_FAULT,TRAIN001,-0.18873700838508645,-0.07757918365133432,0.27830059579501476,29.66616444065049,27.15535357704529,23.910723653715092,119.96394081251653,4.981822536835107,0.18499615982687084,0.9216180382534547,1.3269265923299631,ZONE_01,SUSPENSION_FAULT,REAR_BOGIE,2
17.11,RUN_055_SUSPENSION_FAULT,TRAIN001,-0.16785668852791197,-0.26792352691808713,0.30873261692417825,29.77320075307533,26.97500893367386,23.995390024585813,119.24423015181995,4.95590877712593,0.243807441896113,1.2082874412215665,1.3293752933271392,ZONE_01,SUSPENSION_FAULT,REAR_BOGIE,2
17.12,RUN_055_SUSPENSION_FAULT,TRAIN001,-0.04744888149321975,-0.33640775452761046,0.33669312677691127,29.59927649504079,27.171299873453975,24.027133029526045,119.76373764085888,4.985913289861812,0.27098642143082863,1.3511147999840623,1.8011008141105793,ZONE_01,SUSPENSION_FAULT,REAR_BOGIE,2
17.13,RUN_055_SUSPENSION_FAULT,TRAIN001,0.02202067421634947,0.11101669448953472,0.7115412203641358,29.645231189397922,27.104390894589457,23.982915903713618,120.0025735270151,5.019891965475038,0.2511911508710491,1.2609524400560075,1.8954018225209954,ZONE_01,SUSPENSION_FAULT,REAR_BOGIE,2
17.14,RUN_055_SUSPENSION_FAULT,TRAIN001,-0.03373604905115103,0.1872815451184341,0.37100540603508947,29.720181242196556,27.006712831856948,23.9057449726228,119.3645855676986,4.974912754607986,0.24077822724410206,1.1978506737485832,1.9905328185993136,ZONE_01,SUSPENSION_FAULT,REAR_BOGIE,2
17.150000000000002,RUN_055_SUSPENSION_FAULT,TRAIN001,-0.13355038017296678,-0.12354642814840207,0.9533103319037488,29.81031481707109,27.03494592346596,24.021593070614102,119.39537309861258,4.984067614825606,0.22016211945713318,1.097302889597664,1.9245893703429529,ZONE_01,SUSPENSION_FAULT,REAR_BOGIE,2
17.16,RUN_055_SUSPENSION_FAULT,TRAIN001,0.09591707089997209,-0.006271667574724082,1.4512627915682443,29.832360384883533,27.045250900127318,23.966221618318368,119.26669889039434,5.010294064468785,0.20023950457959455,1.0032588012673127,2.0484199124554343,ZONE_01,SUSPENSION_FAULT,REAR_BOGIE,2
17.17,RUN_055_SUSPENSION_FAULT,TRAIN001,-0.025488454186756007,0.9422011853290244,1.8264947297051406,29.697544561731902,26.98388470826085,23.95244126210765,119.00193992011448,4.97865406038778,0.21094651253729674,1.0502297111684542,1.7350705549590975,ZONE_01,SUSPENSION_FAULT,REAR_BOGIE,2
17.18,RUN_055_SUSPENSION_FAULT,TRAIN001,-0.09414970491407212,0.9240872391316014,2.4486728852430675,29.66702781713415,26.90966642543001,23.991716091038064,119.98231815554452,5.011267301365819,0.24692128020978438,1.2373885375266793,2.079642747765208,ZONE_01,SUSPENSION_FAULT,REAR_BOGIE,2
17.19,RUN_055_SUSPENSION_FAULT,TRAIN001,-0.02255995675591855,0.4775243372770035,1.544276476270383,29.845200230442522,27.045742614856334,23.89049442409598,120.94699661396001,5.0120996197801,0.2270200651036665,1.1378471819885405,2.2358918026678873,ZONE_01,SUSPENSION_FAULT,REAR_BOGIE,2
17.2,RUN_055_SUSPENSION_FAULT,TRAIN001,-0.11223253369654014,0.3890584392656145,2.3742738170588975,29.886229085482235,27.11793078768562,24.075846572692253,121.47568580375075,4.9888391926190465,0.2186418964843973,1.0907692623299179,1.8649832775078306,ZONE_01,SUSPENSION_FAULT,REAR_BOGIE,2
17.21,RUN_055_SUSPENSION_FAULT,TRAIN001,0.015771784169166653,0.8548564873704338,1.4966899608701363,29.77212209655037,27.154142022410507,23.968999497446276,119.69198684524223,4.962281698904299,0.2181283158888383,1.082414149947998,2.260329565502227,ZONE_01,SUSPENSION_FAULT,REAR_BOGIE,2
17.22,RUN_055_SUSPENSION_FAULT,TRAIN001,-0.08363549393086113,0.8360997183771117,2.5397710354701175,30.10780817939774,26.834537118839904,23.979880876747288,120.59076636943351,5.00100817333137,0.2620448979007003,1.3104886761811867,2.5253308618726766,ZONE_01,SUSPENSION_FAULT,REAR_BOGIE,2
17.23,RUN_055_SUSPENSION_FAULT,TRAIN001,-0.04043203090593298,0.573016833013043,0.6915460566652165,29.876242586523023,26.921055131271956,23.9801619161893,119.11024511473401,4.9886533395906065,0.2318896709484758,1.1568171813936805,2.439395877637821,ZONE_01,SUSPENSION_FAULT,REAR_BOGIE,2
17.240000000000002,RUN_055_SUSPENSION_FAULT,TRAIN001,-0.029595986464413228,0.922616096853313,1.7356721419036156,29.84700494681688,27.080646168023687,23.98819281463847,121.00543608328267,5.010670629780741,0.20183686672371773,1.0113380600995021,2.4015192811723427,ZONE_01,SUSPENSION_FAULT,REAR_BOGIE,2
17.25,RUN_055_SUSPENSION_FAULT,TRAIN001,0.06331837476809031,0.7227424511201554,1.7260582847277237,29.79476924508542,27.089210209944838,23.95697988413103,120.41207319734916,5.005336626025608,0.2334917369310079,1.1687047427351098,1.8607716946966986,ZONE_01,SUSPENSION_FAULT,REAR_BOGIE,2
17.26,RUN_055_SUSPENSION_FAULT,TRAIN001,-0.15838249890055273,0.5913187410299705,1.360921770087783,29.883342321855572,26.963948906501436,23.97749265360335,120.1777182848728,5.006856505967078,0.22773674207662406,1.1402451887140916,2.0558184404728816,ZONE_01,SUSPENSION_FAULT,REAR_BOGIE,2
17.27,RUN_055_SUSPENSION_FAULT,TRAIN001,-0.1764378038252997,0.18804880221457929,1.3136560518789178,29.817263262585094,27.056085007653888,24.10750872374299,120.78608842864335,4.999603275364793,0.22972521128877288,1.148534918793218,1.810928582185929,ZONE_01,SUSPENSION_FAULT,REAR_BOGIE,2
17.28,RUN_055_SUSPENSION_FAULT,TRAIN001,0.08840008283455864,-0.18571869785062112,0.5556505468509915,29.869140612915064,27.001077835045635,23.972926938414297,119.8195332861211,5.025995389212247,0.24000684816093226,1.2062733122362095,1.9382731517546425,ZONE_01,SUSPENSION_FAULT,REAR_BOGIE,2
17.29,RUN_055_SUSPENSION_FAULT,TRAIN001,0.08589942427736841,-0.09888392677256547,1.082636199814871,29.738779751535,27.033538923447217,24.01062116820551,121.05553087906137,5.0003346481884705,0.26265624138536253,1.3133691043621827,1.8575933850437902,ZONE_01,SUSPENSION_FAULT,REAR_BOGIE,2
17.3,RUN_055_SUSPENSION_FAULT,TRAIN001,0.011536808737217127,0.22413248999428037,1.1231829168306153,29.865431028381693,27.049839764243536,23.93027541198536,119.35218977118518,4.999035975212584,0.24084499391478142,1.203992789029848,1.585487788873702,ZONE_01,SUSPENSION_FAULT,REAR_BOGIE,2
17.31,RUN_055_SUSPENSION_FAULT,TRAIN001,0.07929117919929839,-0.4022240335431183,0.37346180158626346,29.9164622523836,27.006808645352454,24.05410810017788,120.17838626777925,4.988681045709727,0.22618914544282162,1.1283855026158849,1.6328403112529162,ZONE_01,SUSPENSION_FAULT,REAR_BOGIE,2
17.32,RUN_055_SUSPENSION_FAULT,TRAIN001,0.08114709182123218,-0.801403974447727,0.08792576225746021,29.89761475122418,27.119659646636563,24.000598731158995,119.09027825543485,4.9930088125683705,0.21612074224566197,1.0790927706114075,1.723581194891458,ZONE_01,SUSPENSION_FAULT,REAR_BOGIE,2
17.330000000000002,RUN_055_SUSPENSION_FAULT,TRAIN001,-0.010114808142067298,-0.2810692232175022,0.36988856450476393,29.924290845181584,27.11314757751086,24.074000414802914,120.60041053080938,4.96589889320391,0.22504119445178147,1.1175318184533876,1.6594712021081808,ZONE_01,SUSPENSION_FAULT,REAR_BOGIE,2
17.34,RUN_055_SUSPENSION_FAULT,TRAIN001,0.12300469070831473,-0.5884371304209152,-0.05433616562051813,29.831137027879535,27.270073581678815,24.009030996868635,118.87681138383569,4.997394587189873,0.23524148983477144,1.1755945479827683,1.2061118567992029,ZONE_01,SUSPENSION_FAULT,REAR_BOGIE,2
17.35,RUN_055_SUSPENSION_FAULT,TRAIN001,0.10474541026974414,-0.3878147625636165,0.15994634961338672,29.854616268190554,26.95800145686214,24.022754536237095,118.74855680276825,5.009224632851088,0.21847021564565733,1.0943663857565158,1.098712474220226,ZONE_01,SUSPENSION_FAULT,REAR_BOGIE,2
17.36,RUN_055_SUSPENSION_FAULT,TRAIN001,0.004803259040271483,-0.7880849841058876,0.20398583280046045,29.731327722919186,27.039315686546182,23.9081128207925,120.17596815635893,5.007680614824043,0.20474274073208482,1.025286253790006,1.2574290818645786,ZONE_01,SUSPENSION_FAULT,REAR_BOGIE,2
17.37,RUN_055_SUSPENSION_FAULT,TRAIN001,-0.013749144731995223,-0.8724949867047123,0.044415515342820816,30.01976263982098,27.28128559697494,23.989968115476273,119.52292613566384,5.000897723363406,0.23520554281913028,1.1762388636066428,1.478871097543962,ZONE_01,SUSPENSION_FAULT,REAR_BOGIE,2
17.38,RUN_055_SUSPENSION_FAULT,TRAIN001,-0.11077698883189878,-0.2354892976676914,-0.31869545009855005,29.807698832526885,26.99232786184109,24.000441813496906,119.77655915451763,5.008136884813711,0.23066896877289583,1.1552217706934815,1.289520445507774,ZONE_01,SUSPENSION_FAULT,REAR_BOGIE,2
17.39,RUN_055_SUSPENSION_FAULT,TRAIN001,0.07777799955760417,-0.5655233078784659,0.2457415195815116,29.8547783216333,27.042259862154594,23.991500416581005,120.40617136735416,5.000238748784676,0.22483263487740715,1.1242168529053682,1.8514793513083099,ZONE_01,SUSPENSION_FAULT,REAR_BOGIE,2
17.400000000000002,RUN_055_SUSPENSION_FAULT,TRAIN001,0.09618500463073369,-0.6516752042776683,0.3832131693893186,29.82987585330125,27.245585285881578,23.84441540387578,119.9153448634856,4.971436314322976,0.1930369919399812,0.9596711117380942,1.5081223782424313,ZONE_01,SUSPENSION_FAULT,REAR_BOGIE,2
17.41,RUN_055_SUSPENSION_FAULT,TRAIN001,-0.10909846334324612,-0.6861252952080135,1.1357396451230188,29.81517447521284,26.953411363146913,24.03727591938153,120.15501203349224,4.992362923841274,0.21563420173798326,1.076524193868817,1.7916613439879367,ZONE_01,SUSPENSION_FAULT,REAR_BOGIE,2
17.42,RUN_055_SUSPENSION_FAULT,TRAIN001,0.07899165182962826,-0.6702654502305293,1.4650917743088745,30.060562184997817,27.079268339590065,23.933077894460418,120.17940491697422,5.0075483362265,0.2424404953016963,1.214032498881938,2.125441457230028,ZONE_01,SUSPENSION_FAULT,REAR_BOGIE,2
17.43,RUN_055_SUSPENSION_FAULT,TRAIN001,-0.04583478112921463,-0.02080805482259981,2.9915080553582563,29.889542747880654,27.133509125645222,24.0021835782309,120.98545265770035,5.006110371626195,0.230357544723721,1.1531952938237648,1.981324310000971,ZONE_01,SUSPENSION_FAULT,REAR_BOGIE,2
17.44,RUN_055_SUSPENSION_FAULT,TRAIN001,0.04983259306056144,-0.5439492144763384,1.5365892557257195,29.831367125178385,27.150567220687872,23.96546007759487,119.74479403028512,4.999749672533772,0.20490676431051238,1.024482527761439,2.0115338678430605,ZONE_01,SUSPENSION_FAULT,REAR_BOGIE,2
17.45,RUN_055_SUSPENSION_FAULT,TRAIN001,-0.0065784270419472785,0.5541049440528127,1.6809750214964594,29.82819274612517,27.099472899118364,24.027880840847782,120.93950651291668,4.976645187936937,0.22283057024996963,1.108948685159755,2.214299835416858,ZONE_01,SUSPENSION_FAULT,REAR_BOGIE,2
17.46,RUN_055_SUSPENSION_FAULT,TRAIN001,-0.045507391685157994,0.28807559260765503,1.073414298645234,29.730495994605157,27.18411094790246,24.109948787271144,120.30211081291395,5.002837927839112,0.22372107403627586,1.119240274445583,2.188024253577153,ZONE_01,SUSPENSION_FAULT,REAR_BOGIE,2
17.47,RUN_055_SUSPENSION_FAULT,TRAIN001,-0.024619447677213413,0.2929746427852002,1.5302294394091744,29.90884645833664,27.045562945628344,23.964049979253527,118.52533419863,4.976698078680605,0.2532118026285951,1.260158691640982,1.9081215470613877,ZONE_01,SUSPENSION_FAULT,REAR_BOGIE,2
17.48,RUN_055_SUSPENSION_FAULT,TRAIN001,0.1463741427834858,1.0574661428582712,1.9102843334721775,29.833438153853724,27.27280685550272,23.9461178379107,119.91343165104935,5.010097259043332,0.19102744168392186,0.9570660619826767,2.091695750164794,ZONE_01,SUSPENSION_FAULT,REAR_BOGIE,2
17.490000000000002,RUN_055_SUSPENSION_FAULT,TRAIN001,-0.006476522854785116,0.7465844609312348,1.8332211631219337,29.782961957002755,27.15438592599976,23.932545705085502,120.69063196296572,5.008550851345994,0.22488716804958803,1.1263588169915537,2.137406312202465,ZONE_01,SUSPENSION_FAULT,REAR_BOGIE,2
17.5,RUN_055_SUSPENSION_FAULT,TRAIN001,-0.17878394658859562,0.8121859064541721,2.312842947804965,29.727932604684952,27.085416815569378,24.03370994273818,120.9139902279559,4.998195775294575,0.2344158246966708,1.1716561846610938,2.3255510408381026,ZONE_01,SUSPENSION_FAULT,REAR_BOGIE,2
17.51,RUN_055_SUSPENSION_FAULT,TRAIN001,-0.04526034918565021,0.6963698120471834,2.6602005653894256,29.89214597346094,27.10502187300628,24.057146084423547,120.74939693017743,5.04850919171427,0.2361773099105132,1.1923433199575757,2.0937642213717944,ZONE_01,SUSPENSION_FAULT,REAR_BOGIE,2
17.52,RUN_055_SUSPENSION_FAULT,TRAIN001,0.1285412656509208,0.16925033418318547,1.4936597406210992,29.89753185104334,27.064297700451945,23.984578855786427,120.92807680239274,5.010803285687456,0.23285873121160314,1.1668092954561131,2.66918120408967,ZONE_01,SUSPENSION_FAULT,REAR_BOGIE,2
17.53,RUN_055_SUSPENSION_FAULT,TRAIN001,-0.052710070793319214,0.47244861074095557,1.7771855829437173,29.969757879615067,27.240743897502274,23.925429609687807,121.20245968275051,5.032720283774253,0.24470558278044147,1.2315347500119274,2.1233692796494905,ZONE_01,SUSPENSION_FAULT,REAR_BOGIE,2
17.54,RUN_055_SUSPENSION_FAULT,TRAIN001,0.20887720033915316,0.34737016281682453,2.3821957948065107,29.72507454154918,27.193931883646922,24.10702492508363,119.39260695766662,5.011806707915095,0.2429200680021369,1.2174684263003008,1.9278260789754929,ZONE_01,SUSPENSION_FAULT,REAR_BOGIE,2
17.55,RUN_055_SUSPENSION_FAULT,TRAIN001,0.02017213077607425,0.6092366578775466,1.2004783558858094,29.88634490205636,26.974139733251935,23.94825426716921,120.5816491341757,4.965663859353715,0.2390874283344321,1.187227802106111,1.936211574590335,ZONE_01,SUSPENSION_FAULT,REAR_BOGIE,2
17.56,RUN_055_SUSPENSION_FAULT,TRAIN001,-0.036264611494747453,-0.2937887201669896,1.4578657821952312,29.821835785675834,27.004973926472612,24.015725683492327,119.63998282480621,4.961536930152059,0.22745287820809115,1.1285158550988228,1.8621587996672184,ZONE_01,SUSPENSION_FAULT,REAR_BOGIE,2
17.57,RUN_055_SUSPENSION_FAULT,TRAIN001,0.1394967143342852,0.17164444146887733,0.8098789553767561,29.969349020371997,27.17903309854259,24.060009306782177,119.94359523454517,5.036254737780785,0.210853050833311,1.0619096762347953,1.2853526705412546,ZONE_01,SUSPENSION_FAULT,REAR_BOGIE,2
17.580000000000002,RUN_055_SUSPENSION_FAULT,TRAIN001,-0.04967120439340844,-0.12010272192095608,1.132910052723983,30.004693180322253,27.052335666114786,24.034467354015668,119.79499408655211,5.0139646987405095,0.2708748961239086,1.35815716694028,2.0408596521403424,ZONE_01,SUSPENSION_FAULT,REAR_BOGIE,2
17.59,RUN_055_SUSPENSION_FAULT,TRAIN001,0.057841076042968315,-0.5041886632160573,0.2017248938411615,29.74519765633974,27.182833759208453,23.906351226880922,119.21239587984596,5.020715122926508,0.2656424258577862,1.333714944795071,1.3684819421354777,ZONE_01,SUSPENSION_FAULT,REAR_BOGIE,2
17.6,RUN_055_SUSPENSION_FAULT,TRAIN001,0.027478989275966034,-0.6728244320422251,0.888543649353795,29.884211396375008,27.05782144067714,23.882830970802676,119.08762813693515,4.995610881092691,0.23061117224395675,1.1520436813634511,1.9199537693698405,ZONE_01,SUSPENSION_FAULT,REAR_BOGIE,2
17.61,RUN_055_SUSPENSION_FAULT,TRAIN001,-0.0016941572638163361,-0.4907668029663662,0.13102434220695192,29.842531320652437,27.052263219780304,23.95891227778131,121.34775364798466,5.012481359498924,0.21826417291198746,1.0940450981677872,1.1969782863910634,ZONE_01,SUSPENSION_FAULT,REAR_BOGIE,2
17.62,RUN_055_SUSPENSION_FAULT,TRAIN001,0.10284526685404372,-0.9219842408004549,-0.33576942568824325,29.87338060104211,26.921326295975632,23.9779947698991,119.94107729622438,4.992172973934691,0.20678503202566426,1.0323066482927408,1.3458521290973091,ZONE_01,SUSPENSION_FAULT,REAR_BOGIE,2
17.63,RUN_055_SUSPENSION_FAULT,TRAIN001,0.10739925428767993,-0.3114322526969896,-0.3149252624243046,29.655469622245867,27.135524753569257,24.02516154063821,121.05988441605237,4.991378920750272,0.23436113143877707,1.1697852113066955,1.4289031868989122,ZONE_01,SUSPENSION_FAULT,REAR_BOGIE,2
17.64,RUN_055_SUSPENSION_FAULT,TRAIN001,-0.057079450111339386,-0.4807048544764513,-0.2114472249418235,29.777107010224313,27.07819665054258,24.006038336792923,120.94426702787086,4.993312146041797,0.2404594870411773,1.2006892772736908,1.093556694156554,ZONE_01,SUSPENSION_FAULT,REAR_BOGIE,2
17.650000000000002,RUN_055_SUSPENSION_FAULT,TRAIN001,0.10959543859984999,-0.5453796706185541,0.29922202374722334,29.901397525819405,27.156597042500156,24.024222107837854,118.89689659359276,4.996753870356222,0.21055063633199259,1.0520697069978493,1.4558248227062394,ZONE_01,SUSPENSION_FAULT,REAR_BOGIE,2
17.66,RUN_055_SUSPENSION_FAULT,TRAIN001,-0.0004338309993532875,-0.5610010275625554,0.5102189687393708,30.01243036245384,27.165567909130992,24.0028650515634,120.52163064050474,4.997694083373092,0.2103939641928885,1.0514846700242089,0.9793159085140366,ZONE_01,SUSPENSION_FAULT,REAR_BOGIE,2
17.67,RUN_055_SUSPENSION_FAULT,TRAIN001,-0.023379042149220444,-0.5273692268714062,0.8634041046869049,29.948622897286384,27.01221551937045,23.948273779282307,119.16383149024135,5.003069958505358,0.23684797682572223,1.184966997589544,1.507187329565083,ZONE_01,SUSPENSION_FAULT,REAR_BOGIE,2
17.68,RUN_055_SUSPENSION_FAULT,TRAIN001,0.04030741254280974,-0.4437469763828648,0.1159999397658632,29.951076965182878,27.202375541839032,23.963027333468105,121.59346898779572,5.031985702971575,0.2502050962131396,1.2590284669551457,1.3648060520614689,ZONE_01,SUSPENSION_FAULT,REAR_BOGIE,2
17.69,RUN_055_SUSPENSION_FAULT,TRAIN001,-0.0677806334297834,-0.138465633254534,0.18683886180837322,29.82156941218116,27.309510146123316,24.043179136400365,120.33080454384394,4.9690751543,0.2185159300452879,1.085822078806797,1.4291080300431755,ZONE_01,SUSPENSION_FAULT,REAR_BOGIE,2
17.7,RUN_055_SUSPENSION_FAULT,TRAIN001,-0.13318039215259544,-0.1913043474493741,0.8852841402901284,29.803655059361546,26.99358193073971,24.014148073408418,119.26395811455356,5.012766587059762,0.22725170273982165,1.1391597423466153,1.505246384748344,ZONE_01,SUSPENSION_FAULT,REAR_BOGIE,2
17.71,RUN_055_SUSPENSION_FAULT,TRAIN001,-0.07812122598894838,0.2352250902183369,1.1960168492977346,30.029063989165973,27.010133708278136,24.039351406184537,120.93091628313685,4.987699013437928,0.220225536875563,1.0984186930080837,1.7515185147655856,ZONE_01,SUSPENSION_FAULT,REAR_BOGIE,2
17.72,RUN_055_SUSPENSION_FAULT,TRAIN001,-0.21319437125311338,0.2082161611639437,1.1138889937206957,29.786181091474376,27.15524457806683,23.963347017626592,118.70732370735075,5.03073446916029,0.2309156148719919,1.161675143203872,1.5919641043136536,ZONE_01,SUSPENSION_FAULT,REAR_BOGIE,2
17.73,RUN_055_SUSPENSION_FAULT,TRAIN001,-0.05538438099191739,0.714918528101187,0.6420784042767105,29.99726698469267,27.172201410928803,23.98409185250359,120.96197610750711,4.999933378039867,0.2496652601037501,1.2483096673297454,2.0301208925594763,ZONE_01,SUSPENSION_FAULT,REAR_BOGIE,2
17.740000000000002,RUN_055_SUSPENSION_FAULT,TRAIN001,-0.18473596973018203,-0.03813505266514838,1.2420186143537748,29.979748532440684,27.143668972501146,24.057949868521927,119.10638845255053,4.979725528012008,0.17998756188763454,0.8962886566564948,1.7629617220308327,ZONE_01,SUSPENSION_FAULT,REAR_BOGIE,2
17.75,RUN_055_SUSPENSION_FAULT,TRAIN001,-0.09316495842548507,0.37976693475818424,1.9520973981374992,29.952474933548594,27.254849845326913,24.00300770613047,121.00311298530488,5.023566610117497,0.24768107773388826,1.2442423920618773,2.3622409143696,ZONE_01,SUSPENSION_FAULT,REAR_BOGIE,2
17.76,RUN_055_SUSPENSION_FAULT,TRAIN001,-0.09228933165925214,0.48864790242880074,2.109168303351363,29.715106530646317,27.189628230697146,23.95032953609665,118.67768913616167,5.002056794122199,0.2024128717634671,1.012480680422236,2.2120386218141954,ZONE_01,SUSPENSION_FAULT,REAR_BOGIE,2
17.77,RUN_055_SUSPENSION_FAULT,TRAIN001,-0.05036680191713047,0.4382045401802964,2.0389050628147625,30.014354680098982,27.076122692758016,24.07623007813186,119.4011244822699,5.002955342688295,0.25328480327792324,1.2671725597810397,2.015756923091634,ZONE_01,SUSPENSION_FAULT,REAR_BOGIE,2
17.78,RUN_055_SUSPENSION_FAULT,TRAIN001,-0.09750668237148868,0.21624577215102636,2.0979755098318567,29.864324752901627,27.214038024690545,23.92865133212702,120.12591839031131,4.994197579142465,0.210253944880945,1.050049742529569,2.4793270213873324,ZONE_01,SUSPENSION_FAULT,REAR_BOGIE,2
17.79,RUN_055_SUSPENSION_FAULT,TRAIN001,0.18459504193856005,0.6557675180116308,2.298334876241512,30.01774444191294,27.105720608048912,23.898222244919893,119.8266052718145,4.9595435732893804,0.19583712059732813,0.9712627328699761,2.3358068238610974,ZONE_01,SUSPENSION_FAULT,REAR_BOGIE,2
17.8,RUN_055_SUSPENSION_FAULT,TRAIN001,0.04404586796227802,-0.10871489618586061,2.2691013056020823,29.782961004213046,27.036998680215856,23.932805778880596,121.15937538660124,5.008048036194167,0.24945590877933538,1.2492871740793818,2.19560475604022,ZONE_01,SUSPENSION_FAULT,REAR_BOGIE,2
17.81,RUN_055_SUSPENSION_FAULT,TRAIN001,0.012029752538489922,0.42506325921034294,1.7353957446364208,30.010294127405505,27.024163301811804,24.010559241246387,120.63908785993712,4.986925412496274,0.25765253726311727,1.2848939856715826,2.2194534894248754,ZONE_01,SUSPENSION_FAULT,REAR_BOGIE,2
17.82,RUN_055_SUSPENSION_FAULT,TRAIN001,-0.008031135998857956,0.48555768533190363,0.6824699896084152,29.713607607458464,27.328126936961507,24.09252735090609,119.12991419455997,4.9723686248129475,0.23779765267240327,1.1824175872024247,1.5666391384553453,ZONE_01,SUSPENSION_FAULT,REAR_BOGIE,2
17.830000000000002,RUN_055_SUSPENSION_FAULT,TRAIN001,0.11516384227394441,0.4334208338058515,2.013768211484778,30.050684638077353,27.191940842499857,24.000160718865963,120.01758200599339,5.002873345902645,0.25018714426515043,1.251654595531621,2.161074646226967,ZONE_01,SUSPENSION_FAULT,REAR_BOGIE,2
17.84,RUN_055_SUSPENSION_FAULT,TRAIN001,0.02600530446677928,0.7435163282440731,1.3716075551857534,29.930570976024864,27.201841437659013,23.93520508545245,118.81124067512113,5.009251378941006,0.22743272329088207,1.1392676827611592,2.006987304243125,ZONE_01,SUSPENSION_FAULT,REAR_BOGIE,2
17.85,RUN_055_SUSPENSION_FAULT,TRAIN001,-0.09080324019558425,-0.21668233475513876,0.9336860061051517,29.809446955261933,27.116858153401857,24.02916518084748,120.44350841572407,4.964529839055405,0.23004259440384073,1.1420533241715873,1.5234968486695326,ZONE_01,SUSPENSION_FAULT,REAR_BOGIE,2
17.86,RUN_055_SUSPENSION_FAULT,TRAIN001,0.05287528505116589,0.26384519365434184,0.36929080002722514,29.947031579546042,27.01671875818944,24.037887128439834,120.05091686372515,5.009145910265388,0.2551253466897151,1.2779600869758254,1.8368700624168548,ZONE_01,SUSPENSION_FAULT,REAR_BOGIE,2
17.87,RUN_055_SUSPENSION_FAULT,TRAIN001,0.09518264697866297,-0.09282135919230877,0.6290302130892484,29.943279507693767,27.163833338282245,24.04429103033524,119.69386069701619,4.994465120182192,0.21589958421133795,1.0783029428053654,1.6725622279177497,ZONE_01,SUSPENSION_FAULT,REAR_BOGIE,2
17.88,RUN_055_SUSPENSION_FAULT,TRAIN001,-0.08371900401283011,-0.29925396072558624,0.2679073554060704,29.920143876790114,27.1908631981894,24.033899465835106,119.98557522444226,4.9753886817651445,0.24446612578503837,1.2163139953058542,1.324220207761336,ZONE_01,SUSPENSION_FAULT,REAR_BOGIE,2
17.89,RUN_055_SUSPENSION_FAULT,TRAIN001,-0.20732762916080094,-0.30571236427743864,0.42882117252903856,30.038865054700516,26.938144804429655,23.989582635866906,119.22259848763363,4.993369718215983,0.2521856238157205,1.2592560573308262,1.6094801118629516,ZONE_01,SUSPENSION_FAULT,REAR_BOGIE,2
17.900000000000002,RUN_055_SUSPENSION_FAULT,TRAIN001,-0.14652196980875545,-0.5719679528428081,0.45230908624160504,29.939335800596776,27.14165374543726,23.875055456869127,119.54731195099657,5.02544430506509,0.28627190137036873,1.4386434964418746,1.6770854894882439,ZONE_01,SUSPENSION_FAULT,REAR_BOGIE,2
17.91,RUN_055_SUSPENSION_FAULT,TRAIN001,-0.0009699116070627557,-0.5326662779716517,-0.08687444562509214,29.837603947089242,27.04157241691238,23.8635272927224,119.8478999852519,4.967929275146851,0.2214843109182564,1.1003183921965334,1.4672184058667421,ZONE_01,SUSPENSION_FAULT,REAR_BOGIE,2
17.92,RUN_055_SUSPENSION_FAULT,TRAIN001,-0.00496820615323351,-0.6468869927111804,-0.20488043036925097,29.910333277285712,27.240126124044416,24.006809900726914,118.70590652430471,4.993666313791559,0.20343908856233703,1.0159069234622,1.2920516297896953,ZONE_01,SUSPENSION_FAULT,REAR_BOGIE,2
17.93,RUN_055_SUSPENSION_FAULT,TRAIN001,0.03646107566226347,-1.102852816852515,0.6721998767107831,30.019477492204878,27.064209052270037,24.029374918776888,122.06130295264812,5.00381036809215,0.2367299387875715,1.1845517221430704,1.4623893055308625,ZONE_01,SUSPENSION_FAULT,REAR_BOGIE,2
17.94,RUN_055_SUSPENSION_FAULT,TRAIN001,-0.08345449520102177,-0.628510509829598,0.8414236049370521,29.7891435569997,26.998082565932012,23.952490580940843,121.02008701568624,5.003224171468772,0.22910851357692044,1.1462812530173296,1.3114635487468083,ZONE_01,SUSPENSION_FAULT,REAR_BOGIE,2
17.95,RUN_055_SUSPENSION_FAULT,TRAIN001,-0.08207574913380898,-0.7676014639976401,0.5454575504857576,29.720098416794208,27.057957305560304,23.99006836643148,119.42878102535549,5.002098131784915,0.2343238056718417,1.1721106705838507,1.151124854028534,ZONE_01,SUSPENSION_FAULT,REAR_BOGIE,2
17.96,RUN_055_SUSPENSION_FAULT,TRAIN001,-0.10866600582838067,-0.3446001354788324,0.3185784087617984,29.787501953954298,26.973865943042483,24.07526476076373,119.36571700572921,5.019318040560219,0.24596920204377878,1.2345976532405405,1.7759528844132775,ZONE_01,SUSPENSION_FAULT,REAR_BOGIE,2
17.97,RUN_055_SUSPENSION_FAULT,TRAIN001,-0.09318176837221709,-0.8782622494954127,0.9414117704951545,30.045188713708153,26.929260339064083,24.006686119772414,120.05578614976336,5.011345054913671,0.24144830696034106,1.2099807791029833,1.6856757284926291,ZONE_01,SUSPENSION_FAULT,REAR_BOGIE,2
17.98,RUN_055_SUSPENSION_FAULT,TRAIN001,0.009999299844448237,-0.6782307107857761,0.5481111764211034,29.95615486004621,27.203038402923205,23.996439144661824,119.96128103968233,5.001567600799532,0.22525058962059738,1.1266060511073712,1.6336358042356498,ZONE_01,SUSPENSION_FAULT,REAR_BOGIE,2
17.990000000000002,RUN_055_SUSPENSION_FAULT,TRAIN001,0.05157403696598604,0.37523651308792794,1.1645881131229305,29.99176633548413,27.169115298725384,23.9389211252467,120.92644845837029,5.02735343714728,0.2606787022684731,1.3105239698405007,1.8325888081873023,ZONE_01,SUSPENSION_FAULT,REAR_BOGIE,2
18.0,RUN_055_SUSPENSION_FAULT,TRAIN001,-0.07925450845168563,-0.01668060728130464,1.4296548872610384,29.88400282658431,27.151902984967606,23.966943725664137,118.96848069600557,4.992278146030839,0.21363229559965546,1.06651184060856,2.2097400359958725,ZONE_01,SUSPENSION_FAULT,REAR_BOGIE,2
18.01,RUN_055_SUSPENSION_FAULT,TRAIN001,-0.07002905138102812,-0.33035966434016467,1.355248955087939,30.13603912109811,27.16782889457104,23.995194078872647,120.43920049144721,4.98822001225611,0.2222606567970193,1.1086850561720787,2.043105974604424,ZONE_01,SUSPENSION_FAULT,REAR_BOGIE,2
18.02,RUN_055_SUSPENSION_FAULT,TRAIN001,-0.1479380512687326,0.3674392839618701,0.8824615478916318,29.907493734723076,27.03106483052629,23.995135847160036,119.55585345329975,4.991834638430802,0.23083858545767771,1.1523080467740046,1.7250809527268829,ZONE_01,SUSPENSION_FAULT,REAR_BOGIE,2
18.03,RUN_055_SUSPENSION_FAULT,TRAIN001,-0.19364978787563628,0.1414828220040884,0.8663832628037389,30.03173155169336,27.22292966517559,24.010552977466777,121.88360695178429,5.020426221303064,0.24168691631457648,1.213371332011579,2.1531188704661393,ZONE_01,SUSPENSION_FAULT,REAR_BOGIE,2
18.04,RUN_055_SUSPENSION_FAULT,TRAIN001,0.0819161377121685,0.5709330086808075,1.908704505486285,29.98720074258476,27.16369716002884,24.066942037512224,119.80853340451986,5.014335706373946,0.23200482472788045,1.16335007668404,2.1057396573181553,ZONE_01,SUSPENSION_FAULT,REAR_BOGIE,2
18.05,RUN_055_SUSPENSION_FAULT,TRAIN001,0.009896795192462261,0.090204113704491,1.3114164427159594,30.046444956716655,27.304049905109775,23.959973926216968,119.3907689553374,4.994285776329935,0.24846380445246186,1.2408992445097526,1.868278086149444,ZONE_01,SUSPENSION_FAULT,REAR_BOGIE,2
18.06,RUN_055_SUSPENSION_FAULT,TRAIN001,-0.019399001820032992,0.4447105760732446,2.2696831859593334,29.944993436538308,27.074352763436206,23.921118528355247,120.2679148464944,4.970544732279987,0.2274317714696013,1.1304597936313328,2.215150713869783,ZONE_01,SUSPENSION_FAULT,REAR_BOGIE,2
18.07,RUN_055_SUSPENSION_FAULT,TRAIN001,0.06335676657461449,0.9606241778034785,1.5230384341984522,30.194763500621114,27.37329371584335,24.020903155298488,119.1397437993138,5.0103092826418045,0.21120103943877716,1.058182528403703,2.1099695328925914,ZONE_01,SUSPENSION_FAULT,REAR_BOGIE,2
18.080000000000002,RUN_055_SUSPENSION_FAULT,TRAIN001,0.07393263108466298,0.7605504537577212,2.7104580904994835,30.13053727870491,27.298301388600834,23.973363208332866,119.78444744868769,4.9715906293229395,0.21718535628051694,1.0797566821103821,2.113097252678078,ZONE_01,SUSPENSION_FAULT,REAR_BOGIE,2
18.09,RUN_055_SUSPENSION_FAULT,TRAIN001,-0.09865143479988671,1.0432876530703827,1.8493883226830599,29.944616765652714,27.177872119154298,24.018444626659527,120.22044825469247,4.998132128690111,0.24425704354661454,1.2208289770091936,2.2933541024413526,ZONE_01,SUSPENSION_FAULT,REAR_BOGIE,2
18.1,RUN_055_SUSPENSION_FAULT,TRAIN001,0.01840316577978085,0.6417554888421779,1.9738921888259204,29.97112733705588,27.1316646479674,23.94972376199473,119.94619937037885,5.011666311931101,0.23180052291203612,1.1617068717662649,2.3099221147594067,ZONE_01,SUSPENSION_FAULT,REAR_BOGIE,2
18.11,RUN_055_SUSPENSION_FAULT,TRAIN001,0.10645528439849146,0.7452434796938493,1.162988679641302,29.868035598490962,27.126474012981667,23.940114198734463,118.92007663534282,4.999082906893648,0.2033172360259022,1.0163997192939491,1.8260367516855047,ZONE_01,SUSPENSION_FAULT,REAR_BOGIE,2
18.12,RUN_055_SUSPENSION_FAULT,TRAIN001,-0.07397483533705126,0.20738727284510367,1.3454758880445468,29.713996588207632,27.33172574785995,24.01247055880878,118.69795284296276,4.976531859738341,0.19825540634943187,0.9866243460633186,1.8635903876218216,ZONE_01,SUSPENSION_FAULT,REAR_BOGIE,2
18.13,RUN_055_SUSPENSION_FAULT,TRAIN001,-0.0317556681750793,0.14020152511063164,1.3388914223464563,29.957527558159573,27.176607245776495,23.951358999144073,119.86249565028119,5.0142782732688325,0.2811545595426993,1.4097871993454254,1.689337802382145,ZONE_01,SUSPENSION_FAULT,REAR_BOGIE,2
18.14,RUN_055_SUSPENSION_FAULT,TRAIN001,-0.20021078626822597,-0.05052945378276728,1.325554502141061,30.074542717354845,27.252349866279964,24.003545058422198,120.93929462242194,4.969783581552039,0.22900333634495368,1.13809702108779,1.919591041114243,ZONE_01,SUSPENSION_FAULT,REAR_BOGIE,2
18.150000000000002,RUN_055_SUSPENSION_FAULT,TRAIN001,-0.0947727028541529,-0.3453601157247383,1.1627485759847975,29.89516928644088,27.32434453382841,24.082135028870983,118.69083036536304,4.989756329994134,0.21909056922220368,1.0932085546185089,1.6870280037969239,ZONE_01,SUSPENSION_FAULT,REAR_BOGIE,2
18.16,RUN_055_SUSPENSION_FAULT,TRAIN001,-0.05021836017582301,-0.17175944631951107,1.0887228305866856,29.979163261759208,27.18683441250939,23.997838860797536,120.75119518854963,4.982992556065408,0.24024714048291385,1.19714971264236,1.6441287604802521,ZONE_01,SUSPENSION_FAULT,REAR_BOGIE,2
18.17,RUN_055_SUSPENSION_FAULT,TRAIN001,-0.1488187360979718,-0.5338612657455944,1.6341436366003386,29.828288706496092,27.15217911273492,23.984707507107593,120.0584827111774,4.996584419789864,0.27821679443736286,1.3901337004096064,1.6500761679769018,ZONE_01,SUSPENSION_FAULT,REAR_BOGIE,2
18.18,RUN_055_SUSPENSION_FAULT,TRAIN001,-0.008971812369159188,-0.5199769438899974,-0.003429383205602432,29.821152375381175,27.271603069333725,23.98610557333697,119.24744159366675,4.98251738688723,0.23886763187384744,1.1901621289760231,1.4562048728118837,ZONE_01,SUSPENSION_FAULT,REAR_BOGIE,2
18.19,RUN_055_SUSPENSION_FAULT,TRAIN001,-0.04048607524102026,-0.5017754154299593,0.37649195436577865,29.95185773713199,27.315797952266212,23.957404682832458,120.05705935615869,4.97836551261685,0.20296972996877344,1.0104575037816963,1.3968377841052866,ZONE_01,SUSPENSION_FAULT,REAR_BOGIE,2
18.2,RUN_055_SUSPENSION_FAULT,TRAIN001,-0.04880703553229317,-0.9342534918075865,0.5548398048884593,30.0372843871105,27.17292745777782,23.911089563723525,120.75495661911532,4.999244515445245,0.23921513830701324,1.1958949681928117,1.5752428421222326,ZONE_01,SUSPENSION_FAULT,REAR_BOGIE,2
18.21,RUN_055_SUSPENSION_FAULT,TRAIN001,-0.016288428833604297,-0.7267827496820737,-0.23734848126547387,29.869088852522616,27.265048118428254,24.020758509206928,120.12274049656826,4.9951780988873775,0.22228261882180117,1.1103412693019923,1.2190793487977667,ZONE_01,SUSPENSION_FAULT,REAR_BOGIE,2
18.22,RUN_055_SUSPENSION_FAULT,TRAIN001,0.07269183829273888,-0.045722281846001134,0.3631232296376153,29.992102862726707,27.17982840312782,24.004929124600128,120.98026394975824,4.981417005436162,0.28504456648009907,1.419925850771144,1.4988129837493198,ZONE_01,SUSPENSION_FAULT,REAR_BOGIE,2
18.23,RUN_055_SUSPENSION_FAULT,TRAIN001,-0.0021669863023888597,-0.42055451292593765,-0.17975567134215498,29.97118048568929,27.26071386170803,24.01085663145519,119.51308606851138,5.0161120678071,0.24106028823752315,1.2091854208972979,1.2304491010685734,ZONE_01,SUSPENSION_FAULT,REAR_BOGIE,2
18.240000000000002,RUN_055_SUSPENSION_FAULT,TRAIN001,-0.06554719871141317,-0.6082042336503393,1.1175468137523539,29.960178612386922,27.23880382769424,24.02019563273868,119.98221743380901,5.047712493330831,0.21270699619048788,1.0736837620895991,1.5500951835178196,ZONE_01,SUSPENSION_FAULT,REAR_BOGIE,2
18.25,RUN_055_SUSPENSION_FAULT,TRAIN001,0.10566049525054673,-0.3894107261365833,0.6001291329348621,30.185276983540497,27.182588217513715,24.007502396654292,118.60066106644659,5.010897175484848,0.22188586920716988,1.111847275290208,1.2902759570577873,ZONE_01,SUSPENSION_FAULT,REAR_BOGIE,2
18.26,RUN_055_SUSPENSION_FAULT,TRAIN001,-0.06875164947764488,-0.16191505953066668,0.3809491238368049,29.91842665479781,27.266223077405666,23.975648015076192,120.85969326153266,5.0037431978825255,0.2556416308141661,1.2791650712819793,1.2369067015957351,ZONE_01,SUSPENSION_FAULT,REAR_BOGIE,2
18.27,RUN_055_SUSPENSION_FAULT,TRAIN001,-0.06316467881632301,0.2937681164468644,-0.19025819846667325,30.108314826980163,27.075483151927823,23.99904240308595,118.85801923169504,5.013889206770936,0.27280565836598875,1.3678173460272702,1.746000425326889,ZONE_01,SUSPENSION_FAULT,REAR_BOGIE,2
18.28,RUN_055_SUSPENSION_FAULT,TRAIN001,0.16410644836305968,-0.18010962324553742,1.1573983432604327,30.077592866998877,27.301221221897105,23.939867027251406,120.57344314030192,4.976259990077162,0.23917431327172214,1.190193565788252,1.5126765507977078,ZONE_01,SUSPENSION_FAULT,REAR_BOGIE,2
18.29,RUN_055_SUSPENSION_FAULT,TRAIN001,0.1445610104779714,-0.2810545071447047,0.3198836249599665,29.941524106960248,27.31629422438339,24.04112161417496,119.59013113042437,4.962329661702646,0.21442133214888054,1.064029336624185,1.951110971967087,ZONE_01,SUSPENSION_FAULT,REAR_BOGIE,2
18.3,RUN_055_SUSPENSION_FAULT,TRAIN001,-0.14270864595709193,0.7571695572936479,0.9281931252839091,30.09909087479079,27.301193847989108,23.969760537356088,120.22276792392961,5.0101465893476655,0.2503209320632915,1.2541445640192286,1.9146172987734555,ZONE_01,SUSPENSION_FAULT,REAR_BOGIE,2
18.31,RUN_055_SUSPENSION_FAULT,TRAIN001,0.17218208682337055,0.4348139401396285,0.914418773387306,29.81048128340145,27.222773368813325,23.95280393580152,120.08073764831974,4.995463232276714,0.22993110828435537,1.148612397391133,1.9118441538163429,ZONE_01,SUSPENSION_FAULT,REAR_BOGIE,2
18.32,RUN_055_SUSPENSION_FAULT,TRAIN001,0.05327649526563099,-0.004528790226648316,1.9120663296386322,30.119156825391435,27.230222525442503,23.95744780441599,120.7676163217382,5.022144921417959,0.26019116527144465,1.3067177392658065,2.323423053052928,ZONE_01,SUSPENSION_FAULT,REAR_BOGIE,2
18.330000000000002,RUN_055_SUSPENSION_FAULT,TRAIN001,-0.12314237709023759,0.25609374765100645,2.19552656074163,30.041971712841274,27.265688241822705,23.973552308985266,118.429853990276,4.985493871791254,0.2367418193545475,1.1802748895888087,1.9534469476756982,ZONE_01,SUSPENSION_FAULT,REAR_BOGIE,2
18.34,RUN_055_SUSPENSION_FAULT,TRAIN001,0.06894599458978734,0.44793182159552475,1.8852675405034516,30.149527690121147,27.145612971985262,24.03443275619361,119.83919388760799,5.031870539104491,0.26525543767505977,1.3347310221744009,2.532681424840232,ZONE_01,SUSPENSION_FAULT,REAR_BOGIE,2
18.35,RUN_055_SUSPENSION_FAULT,TRAIN001,0.11329655659584295,0.6666180701885566,2.097675836238769,30.00590942740298,27.362444706796182,24.08120872512085,119.5907349251449,5.002165999059163,0.21526819658217344,1.076807253622132,2.0803558554983055,ZONE_01,SUSPENSION_FAULT,REAR_BOGIE,2
18.36,RUN_055_SUSPENSION_FAULT,TRAIN001,0.11327805456834993,0.43803705562783,2.314579140680427,30.076619446747323,27.315610611079716,23.978781380215384,119.67880044899036,5.000454773171048,0.23264431218635465,1.1633273613233523,2.1756180426885705,ZONE_01,SUSPENSION_FAULT,REAR_BOGIE,2
18.37,RUN_055_SUSPENSION_FAULT,TRAIN001,-0.006839608882195285,0.8954535525399638,2.0949221268092275,29.847206355720417,27.234525582721794,24.04241503814594,119.59378347729101,4.996628893522374,0.19919039090731333,0.9952804625194981,1.9973789283983392,ZONE_01,SUSPENSION_FAULT,REAR_BOGIE,2
18.38,RUN_055_SUSPENSION_FAULT,TRAIN001,-0.053826175446839514,0.4088520940716561,1.469533723419319,29.91328219560293,27.235273531538855,23.96836806140939,119.5106521843808,4.9726354839916,0.23706390259789495,1.178832374031821,2.2131737655715504,ZONE_01,SUSPENSION_FAULT,REAR_BOGIE,2
18.39,RUN_055_SUSPENSION_FAULT,TRAIN001,0.04720819817003693,0.3814088231236781,2.24591043781584,30.03586248532618,27.059310765206646,24.05539314133561,120.16977082880021,5.020282530134015,0.23723964831812533,1.1910100619066222,2.2709527378552603,ZONE_01,SUSPENSION_FAULT,REAR_BOGIE,2
18.400000000000002,RUN_055_SUSPENSION_FAULT,TRAIN001,0.06272760213679261,0.659068172351683,1.2397225973150348,29.909165977962562,27.205921526791027,23.97382058151733,120.75625624305839,4.990135934248313,0.2662962563253728,1.3288545178450424,1.8204839783526912,ZONE_01,SUSPENSION_FAULT,REAR_BOGIE,2
18.41,RUN_055_SUSPENSION_FAULT,TRAIN001,0.06765581345407345,0.28696816608370107,1.9522415800953787,29.945702463869964,27.22201599476591,23.94002974543943,120.03095280386067,5.008436983141935,0.23695445241029725,1.1867714427718783,1.8990715434620808,ZONE_01,SUSPENSION_FAULT,REAR_BOGIE,2
18.42,RUN_055_SUSPENSION_FAULT,TRAIN001,0.005399938700934725,0.49557668366328417,1.1682110645557848,29.902194342042797,27.195662878104084,23.90413927366352,119.36847484892499,4.979442658156859,0.24193130902864954,1.2046830805209872,1.7695666137379862,ZONE_01,SUSPENSION_FAULT,REAR_BOGIE,2
18.43,RUN_055_SUSPENSION_FAULT,TRAIN001,-0.06847776823155076,-0.036743349039635935,0.40674058268783786,30.126503862454417,27.3194309677752,23.955540277957866,118.87484650375427,4.986097801678322,0.2009565327143183,1.0019889259997603,1.5475444809390098,ZONE_01,SUSPENSION_FAULT,REAR_BOGIE,2
18.44,RUN_055_SUSPENSION_FAULT,TRAIN001,0.024059131252692132,-0.6205188918204269,1.309382358635748,29.904408885252394,27.167705458413792,24.053189658552057,121.70820884832916,4.987569884407321,0.22288352412219986,1.1116471526424567,1.5973351994003933,ZONE_01,SUSPENSION_FAULT,REAR_BOGIE,2
18.45,RUN_055_SUSPENSION_FAULT,TRAIN001,0.04015696318828348,-0.3712733317864347,0.11002178390479228,29.828373686462,27.27303979762657,23.98884459610866,120.30437431267065,4.977537937359269,0.2759493304873954,1.3735482612899013,1.4401387889109811,ZONE_01,SUSPENSION_FAULT,REAR_BOGIE,2
18.46,RUN_055_SUSPENSION_FAULT,TRAIN001,-0.3080785090840519,-0.4462145256269642,0.24232830594440025,30.10233320494618,27.108181279309875,24.081173092876586,120.298100605432,5.001537750684724,0.21996527838127683,1.1001646436638304,1.4859480384352493,ZONE_01,SUSPENSION_FAULT,REAR_BOGIE,2
18.47,RUN_055_SUSPENSION_FAULT,TRAIN001,0.16977293045110753,-1.0733414979927913,0.4252054484172897,30.11241808610727,27.256308975828183,24.02307895138973,121.086061738997,4.959620328393374,0.2477361749038913,1.2286773691317556,1.3938350421008072,ZONE_01,SUSPENSION_FAULT,REAR_BOGIE,2
18.48,RUN_055_SUSPENSION_FAULT,TRAIN001,-0.019528418640318415,-1.2739444620557523,-0.6237928922142562,29.94864324361227,27.294342690542578,23.987127670241488,120.21896638785093,5.007103474136396,0.24316401693205514,1.2175473939654546,1.5243657135491557,ZONE_01,SUSPENSION_FAULT,REAR_BOGIE,2
18.490000000000002,RUN_055_SUSPENSION_FAULT,TRAIN001,0.07121929404530138,-0.8547139113162783,-0.46905020315368284,29.912016766490677,27.28368141983101,23.9616457372184,120.58716738062428,5.008714172930545,0.24061778050034296,1.2051856874511586,1.3850730636923423,ZONE_01,SUSPENSION_FAULT,REAR_BOGIE,2
18.5,RUN_055_SUSPENSION_FAULT,TRAIN001,0.022760438489522583,-0.4811477632498142,0.15475754067561626,29.911827431199445,27.124892052372306,23.98577454570573,120.44495767693039,4.968853505739713,0.21647906105518788,1.0756527414433117,1.386501820671411,ZONE_01,SUSPENSION_FAULT,REAR_BOGIE,2
18.51,RUN_055_SUSPENSION_FAULT,TRAIN001,0.023668984448648067,-0.4659218484112961,-0.31590363486590434,29.98489095101525,27.387972057444415,24.072925643269848,120.64167341444478,4.975939441320647,0.20998517364441777,1.0448735076298232,1.6058351182010218,ZONE_01,SUSPENSION_FAULT,REAR_BOGIE,2
18.52,RUN_055_SUSPENSION_FAULT,TRAIN001,-0.09846544513715673,-0.41134046814339575,0.19372173612431953,29.984000434826417,27.024387387231425,23.973977231341305,119.76156735157608,4.9881933804303955,0.23910597164555986,1.1927068249837596,1.3751569187150274,ZONE_01,SUSPENSION_FAULT,REAR_BOGIE,2
18.53,RUN_055_SUSPENSION_FAULT,TRAIN001,-0.08027776674914948,-0.5916926013310007,0.6954544052505799,30.081644314331466,27.025861530986074,23.953928741513508,119.92778013047419,5.021215482577898,0.2369162989947178,1.1896077885873315,1.4264394789847223,ZONE_01,SUSPENSION_FAULT,REAR_BOGIE,2
18.54,RUN_055_SUSPENSION_FAULT,TRAIN001,-0.07503165648303511,-0.48828978575490717,0.3193111840801288,30.162053019309848,27.273146097470406,24.024786251724002,120.50498180716693,4.973905082860773,0.21758644631174268,1.0822543312715895,1.5805068683318086,ZONE_01,SUSPENSION_FAULT,REAR_BOGIE,2
18.55,RUN_055_SUSPENSION_FAULT,TRAIN001,0.1521685943774119,-0.5400990004303965,0.42206901453540363,30.277631730903394,27.267236701750154,23.94244900407251,121.71247959934577,5.003675125160717,0.25054088283809556,1.2536251832927843,1.863099749725566,ZONE_01,SUSPENSION_FAULT,REAR_BOGIE,2
18.56,RUN_055_SUSPENSION_FAULT,TRAIN001,0.04011854621660413,-0.04087621158609006,0.7123848730419203,30.118031919729304,27.182531279759072,24.024114341902326,119.11460530238955,5.010645670963529,0.2337809619992372,1.1713935651951672,1.5020016333011175,ZONE_01,SUSPENSION_FAULT,REAR_BOGIE,2
18.57,RUN_055_SUSPENSION_FAULT,TRAIN001,0.04381943195479168,0.5013311075075689,0.5811567557361796,29.89397067059076,27.364231914686563,24.05419333959677,119.16706630900632,5.001422015861136,0.2286860631310996,1.1437555108644912,1.779425959463174,ZONE_01,SUSPENSION_FAULT,REAR_BOGIE,2
18.580000000000002,RUN_055_SUSPENSION_FAULT,TRAIN001,0.04594831870679943,0.14166357432205548,1.227874905877598,30.08472144788315,27.378923091093373,24.027869120300185,120.76999501258425,5.0359721062456035,0.23015519205946267,1.1590551273190537,1.8738297757768025,ZONE_01,SUSPENSION_FAULT,REAR_BOGIE,2
18.59,RUN_055_SUSPENSION_FAULT,TRAIN001,-0.13760839728817253,-0.3433247341633234,1.3591880827066298,30.011096651734768,27.214901111018396,24.055861562107058,120.56442535798378,5.009024897414483,0.23801629498684546,1.1922295475794589,1.6373579525125852,ZONE_01,SUSPENSION_FAULT,REAR_BOGIE,2
18.6,RUN_055_SUSPENSION_FAULT,TRAIN001,-0.01218293126159975,0.4266494415197482,1.2274229487556225,30.179623989080536,27.223003847558996,23.964512627540607,119.82827408398175,5.009307698305141,0.24024374151535532,1.2034548238425,2.2352204085762533,ZONE_01,SUSPENSION_FAULT,REAR_BOGIE,2
18.61,RUN_055_SUSPENSION_FAULT,TRAIN001,0.09240188286320454,0.11375273900794824,2.0088227191700962,30.16473712997087,27.040467784388188,24.00897341800062,119.19993542075422,4.992732499966187,0.23766294029973284,1.1865874860719998,1.990921844243271,ZONE_01,SUSPENSION_FAULT,REAR_BOGIE,2
18.62,RUN_055_SUSPENSION_FAULT,TRAIN001,0.08834867687640269,0.39156341705501563,1.371037735182063,30.014195335528484,27.150274212748243,23.964602997999975,120.86563592419446,5.046277605620904,0.2457064640965727,1.2399030273268317,2.0200632588838268,ZONE_01,SUSPENSION_FAULT,REAR_BOGIE,2
18.63,RUN_055_SUSPENSION_FAULT,TRAIN001,-0.07896567586601744,0.8053392222422467,1.952444478841438,30.004535931109057,27.304736423852898,23.980038451412987,118.87147904364369,5.034460731719038,0.24429763177499159,1.2299068340231523,2.1686786419111312,ZONE_01,SUSPENSION_FAULT,REAR_BOGIE,2
18.64,RUN_055_SUSPENSION_FAULT,TRAIN001,-0.0158942551785733,0.6984259647917999,1.4788118487786543,29.988562018477044,27.2209608805556,23.9815788684372,120.44009501160119,4.989269245721473,0.19735753667801026,0.9846698881589441,2.099222110857324,ZONE_01,SUSPENSION_FAULT,REAR_BOGIE,2
18.650000000000002,RUN_055_SUSPENSION_FAULT,TRAIN001,0.0012987732992033837,0.7195520716203591,2.312935639576506,30.073388633522026,27.131481153255738,24.023700890571668,119.05739963005871,4.995876249544658,0.23921806189386158,1.195103833877647,2.1445901311602857,ZONE_01,SUSPENSION_FAULT,REAR_BOGIE,2
18.66,RUN_055_SUSPENSION_FAULT,TRAIN001,0.06566992678083715,0.6745921506088665,2.0659646577213078,30.007816307556656,27.235770181246924,23.95445136457633,121.21988997190371,4.970182283934547,0.23634713204946362,1.174688328570983,1.9437853193695989,ZONE_01,SUSPENSION_FAULT,REAR_BOGIE,2
18.67,RUN_055_SUSPENSION_FAULT,TRAIN001,0.11373687119111647,0.4473866526599194,2.1225437776510367,30.212620815940053,27.243000500911847,23.93122960701097,118.56313751494868,5.003894125031409,0.22245367517491407,1.1131346382993978,2.2863144510667177,ZONE_01,SUSPENSION_FAULT,REAR_BOGIE,2
18.68,RUN_055_SUSPENSION_FAULT,TRAIN001,-0.07635521677023471,0.7549633155654878,2.296169321584142,30.176868965315133,27.212564080288672,24.04773143087229,118.42053811868914,5.039537539054963,0.21400888844749166,1.0785058270225603,1.8204802834112639,ZONE_01,SUSPENSION_FAULT,REAR_BOGIE,2
18.69,RUN_055_SUSPENSION_FAULT,TRAIN001,0.050516504159599976,0.8764252345889587,1.5333702384488772,29.95817515368512,27.227813989745876,23.995918825190248,121.3595727185924,4.93380550577185,0.2411869591694148,1.189969547070429,2.1890481460061437,ZONE_01,SUSPENSION_FAULT,REAR_BOGIE,2
18.7,RUN_055_SUSPENSION_FAULT,TRAIN001,0.10845863757289634,0.24330218696298297,1.5179038133095086,29.95685273175519,27.158416920809778,23.95824324534582,118.90962100855575,4.988541275501394,0.23201712704679847,1.157427014896205,1.8340454996767692,ZONE_01,SUSPENSION_FAULT,REAR_BOGIE,2
18.71,RUN_055_SUSPENSION_FAULT,TRAIN001,0.04629008838764731,-0.19990213540161572,1.7163450160930644,30.023326064370476,27.18001842489022,23.982036372884618,119.13138449606298,5.008873617367128,0.2154870926137272,1.079347613076045,1.9616354479859446,ZONE_01,SUSPENSION_FAULT,REAR_BOGIE,2
18.72,RUN_055_SUSPENSION_FAULT,TRAIN001,0.04933324753138894,0.15370171176555533,0.3728324418256064,30.205736088173715,27.376204307931154,23.914973493038676,119.8364669074401,4.997878983367315,0.24514053487502632,1.2251827272233162,1.4297207717079194,ZONE_01,SUSPENSION_FAULT,REAR_BOGIE,2
18.73,RUN_055_SUSPENSION_FAULT,TRAIN001,-0.07907164166412095,-0.2385905050220212,1.1628069383511466,30.077206240827223,27.208174241608905,23.95362685346175,118.05712007891599,4.989302468134251,0.24697010627507604,1.232208560793615,1.402907160378702,ZONE_01,SUSPENSION_FAULT,REAR_BOGIE,2
18.740000000000002,RUN_055_SUSPENSION_FAULT,TRAIN001,-0.06598473901133083,-0.20931060951751407,0.3805327777173196,30.304162953615634,27.256252866279038,24.013580682567216,120.90998728806386,4.981701543844933,0.2517987075006198,1.2543860098939963,1.7277407802150475,ZONE_01,SUSPENSION_FAULT,REAR_BOGIE,2
18.75,RUN_055_SUSPENSION_FAULT,TRAIN001,-0.0795390593147088,-0.900406030604795,0.06288203608134724,30.15876847256743,27.137681356349656,24.00287132142085,119.97679718224488,5.025872419324412,0.23378657496880875,1.1749814991440548,1.9308702653102223,ZONE_01,SUSPENSION_FAULT,REAR_BOGIE,2
18.76,RUN_055_SUSPENSION_FAULT,TRAIN001,0.03676363459782367,-0.40214473735971223,-0.19530953653662902,30.165622413974557,27.215217098948624,24.05626694836987,120.2584022977224,4.993621027991736,0.24757453631156964,1.2362934105207577,1.3657196859241674,ZONE_01,SUSPENSION_FAULT,REAR_BOGIE,2
18.77,RUN_055_SUSPENSION_FAULT,TRAIN001,-0.001320350344818217,-0.8217853958778064,-0.4046533196533773,30.287219335027462,27.107647573080126,23.970713888904676,120.66954538549666,5.003388642321862,0.21082559190684308,1.0548423720574824,1.4450704477498908,ZONE_01,SUSPENSION_FAULT,REAR_BOGIE,2
18.78,RUN_055_SUSPENSION_FAULT,TRAIN001,0.005450736603506763,-1.0095674834763753,0.10132782226298516,30.071672050588866,27.502072508932272,24.033625924363747,120.21082838684688,5.0036993541227215,0.21509696540536227,1.0762805468725685,1.4283971352524631,ZONE_01,SUSPENSION_FAULT,REAR_BOGIE,2
18.79,RUN_055_SUSPENSION_FAULT,TRAIN001,0.026282883196424425,-0.8113130962633658,-0.029123814872293916,30.051758581290517,27.42060668877853,23.94451887995507,120.22437826334686,5.005747866577934,0.20172310620816733,1.0097750085410075,1.4868229188404838,ZONE_01,SUSPENSION_FAULT,REAR_BOGIE,2
18.8,RUN_055_SUSPENSION_FAULT,TRAIN001,0.14640819018756257,-0.3369555434884505,0.16143420400683028,30.07747643419607,27.294003154384544,23.961022758056565,119.48250420051181,5.050673829770826,0.18121926842319425,0.9152794164752418,1.6394435970066406,ZONE_01,SUSPENSION_FAULT,REAR_BOGIE,2
18.81,RUN_055_SUSPENSION_FAULT,TRAIN001,0.073760927616343,-0.7943866808591261,0.8265193612043388,30.237008873752856,27.155488880600323,23.997948225203764,119.98450082957444,4.942843862629618,0.22472251786899416,1.1107683182434325,1.3470263312767095,ZONE_01,SUSPENSION_FAULT,REAR_BOGIE,2
18.82,RUN_055_SUSPENSION_FAULT,TRAIN001,0.014549891088006254,-0.019505893791790685,0.06043541658085397,30.144271711450862,27.23693647598989,23.99556621399522,120.13645972085996,5.044610809286412,0.21212254450237505,1.0700756808900191,1.265567832103427,ZONE_01,SUSPENSION_FAULT,REAR_BOGIE,2
18.830000000000002,RUN_055_SUSPENSION_FAULT,TRAIN001,0.3809151472465206,0.3963998300052505,0.8168059761158644,30.05803948293304,27.322677918132317,24.051146054451976,121.20739681106774,4.993761236442947,0.20509663686740037,1.0242036349132395,1.818856289467115,ZONE_01,SUSPENSION_FAULT,REAR_BOGIE,2
18.84,RUN_055_SUSPENSION_FAULT,TRAIN001,-0.07355271728528484,-0.48491540356455143,0.7940626916885154,30.051478233572748,27.1828347427091,24.071106683146645,118.70068827718586,4.996496018714823,0.19633758745085178,0.9809999740222544,2.049442424291638,ZONE_01,SUSPENSION_FAULT,REAR_BOGIE,2
18.85,RUN_055_SUSPENSION_FAULT,TRAIN001,0.022479215377225352,0.3480519625698471,1.2695977306405735,29.901334983711187,27.13437565425953,24.041162035561612,119.76281003148677,5.000373274898545,0.22733278096827425,1.1367487624621233,1.5593514686448056,ZONE_01,SUSPENSION_FAULT,REAR_BOGIE,2
18.86,RUN_055_SUSPENSION_FAULT,TRAIN001,-0.0742420389915228,-0.37000766893913434,0.522749480009505,29.937732589079623,27.120376538853485,24.02628202718152,121.88300485479105,4.970637240365165,0.21370226249893703,1.0622364243275084,1.9919926024368741,ZONE_01,SUSPENSION_FAULT,REAR_BOGIE,2
18.87,RUN_055_SUSPENSION_FAULT,TRAIN001,0.15608004139316833,0.03543709072397119,0.5381775137946326,30.116919089434646,27.08114160402698,24.02735115980652,119.98558868382058,4.9906948302069996,0.2350897176756344,1.1732610386386118,2.3532311762866938,ZONE_01,SUSPENSION_FAULT,REAR_BOGIE,2
18.88,RUN_055_SUSPENSION_FAULT,TRAIN001,-0.14880586896830356,0.09943413512008115,1.3272476327210205,30.120428099596623,27.322702501615144,24.028374300614935,122.2108710062801,4.983590876646286,0.26265180799757903,1.308949154071387,1.9287278512951642,ZONE_01,SUSPENSION_FAULT,REAR_BOGIE,2
18.89,RUN_055_SUSPENSION_FAULT,TRAIN001,-0.13152773340919094,0.9090994908325183,1.2248426219647908,30.13360687146055,27.30347661759882,23.9477612813206,119.26300322946175,4.986870631005369,0.2134129007316859,1.0642625269365087,2.052466456816129,ZONE_01,SUSPENSION_FAULT,REAR_BOGIE,2
18.900000000000002,RUN_055_SUSPENSION_FAULT,TRAIN001,-0.09966505652754719,0.46384949554616944,1.708366626171294,29.988260596677833,27.23173443594705,24.075853453493863,118.78686783899352,4.999245269148784,0.2255492003980808,1.1275757730503966,1.9969404358926215,ZONE_01,SUSPENSION_FAULT,REAR_BOGIE,2
18.91,RUN_055_SUSPENSION_FAULT,TRAIN001,0.05252595536684183,0.47313122414236464,2.3573553819122033,30.032025193337223,27.23812510690688,24.047893676028963,121.19791292231926,5.02067365594197,0.2584181774808961,1.2974333358948715,2.082637098173611,ZONE_01,SUSPENSION_FAULT,REAR_BOGIE,2
18.92,RUN_055_SUSPENSION_FAULT,TRAIN001,0.12261503912787651,0.48802850688705923,1.9184612585168566,30.329246418059586,27.301948407368563,23.97754777951533,121.50195138445294,4.990840206957692,0.26152243780871093,1.305216697637307,2.416633813438957,ZONE_01,SUSPENSION_FAULT,REAR_BOGIE,2
18.93,RUN_055_SUSPENSION_FAULT,TRAIN001,-0.16418513257205292,0.2936453476413917,1.9315019186048121,30.147604883888338,27.395984845588767,23.94045092726169,120.24021406805018,4.995377333194431,0.19383131139624274,0.9682605394121423,2.137366564183455,ZONE_01,SUSPENSION_FAULT,REAR_BOGIE,2
18.94,RUN_055_SUSPENSION_FAULT,TRAIN001,0.08132414640012468,0.49973002214450973,2.2068618248172696,30.190980348813667,27.028438978027925,24.040115753396034,119.89860504249599,4.990611191627823,0.21972881323335905,1.0965810744455013,2.1530047663832845,ZONE_01,SUSPENSION_FAULT,REAR_BOGIE,2
18.95,RUN_055_SUSPENSION_FAULT,TRAIN001,-0.054541784944174054,0.5135351472072914,2.146737817484303,29.995707354936563,27.108484982764402,24.008982256291194,119.27493712677611,5.0293472133945025,0.2667693772083493,1.3416758238817985,2.139562012954678,ZONE_01,SUSPENSION_FAULT,REAR_BOGIE,2
18.96,RUN_055_SUSPENSION_FAULT,TRAIN001,0.06425199691295828,0.7372632152170014,1.5611237177554493,30.05897975710142,27.122299199274895,23.98037787669967,120.09644463075111,5.010643807380414,0.23228486634846496,1.163896727117123,2.323229102122147,ZONE_01,SUSPENSION_FAULT,REAR_BOGIE,2
18.97,RUN_055_SUSPENSION_FAULT,TRAIN001,-0.01770127532647696,0.23467405161511767,1.6441773502561214,30.21031573194997,27.254479801399118,23.982254779755426,120.33020260778328,5.035537109981064,0.21815442496480347,1.0985247026168474,2.022794534598591,ZONE_01,SUSPENSION_FAULT,REAR_BOGIE,2
18.98,RUN_055_SUSPENSION_FAULT,TRAIN001,0.04715532631164418,-0.06192545196919286,1.5211351207216177,30.113995066556267,27.381170307647462,24.01487221594952,121.09379251752921,4.95929421501898,0.24804424702319966,1.230124399330893,1.8708392935386275,ZONE_01,SUSPENSION_FAULT,REAR_BOGIE,2
18.990000000000002,RUN_055_SUSPENSION_FAULT,TRAIN001,-0.022261397890111327,0.5263901104705828,1.1955020285237985,29.96935593403461,27.18444636904507,24.026743434526797,119.66577768201915,5.004410994482108,0.22672141651475397,1.1346071494909922,1.5852741392521745,ZONE_01,SUSPENSION_FAULT,REAR_BOGIE,2
19.0,RUN_055_SUSPENSION_FAULT,TRAIN001,0.17221479153125716,0.22810258411407308,1.2652294476613166,30.0425913879277,27.250902870312963,24.072842623914994,120.0291423326557,4.980155543806591,0.2370826498976707,1.1807084732282418,1.910019838042497,ZONE_01,SUSPENSION_FAULT,REAR_BOGIE,2
19.01,RUN_055_SUSPENSION_FAULT,TRAIN001,0.05965474605283642,-0.2236059360290519,0.06477007599367712,29.90988954407665,27.330323613686435,24.028449852641426,120.75383147814932,5.004313233316814,0.18995755857725416,0.9506071241567068,1.9818849150661308,ZONE_01,SUSPENSION_FAULT,REAR_BOGIE,2
19.02,RUN_055_SUSPENSION_FAULT,TRAIN001,-0.05570920540645122,-0.019353475992206715,0.341758443532039,30.152585086993124,27.25701092761849,23.83906197749161,118.82442281225586,4.972788668699657,0.2238309903997457,1.113064212763677,1.7412387302435592,ZONE_01,SUSPENSION_FAULT,REAR_BOGIE,2
19.03,RUN_055_SUSPENSION_FAULT,TRAIN001,0.3112489371371404,-0.7666249576283227,0.5911357586221865,30.181511569758687,27.458213321467838,23.876681330886502,119.03117197808932,4.999035201862503,0.24660871268934897,1.2328056358200516,1.4887946318322813,ZONE_01,SUSPENSION_FAULT,REAR_BOGIE,2
19.04,RUN_055_SUSPENSION_FAULT,TRAIN001,0.23407623530827976,-0.41508000043129606,-0.13023341272334588,30.280777379902144,27.1939111207571,23.994988491608186,120.94546761252477,5.007205798861288,0.22999131129032013,1.1516138275806027,1.328016227577947,ZONE_01,SUSPENSION_FAULT,REAR_BOGIE,2
19.05,RUN_055_SUSPENSION_FAULT,TRAIN001,-0.007894314234602531,-1.2861973448112298,-0.07251187064831899,30.21221327882472,27.118581453800285,24.08891670957758,119.79286633526736,5.032512846535173,0.2206067684771238,1.110206396393736,1.4623660548990034,ZONE_01,SUSPENSION_FAULT,REAR_BOGIE,2
19.06,RUN_055_SUSPENSION_FAULT,TRAIN001,0.006040692089909883,-0.5005562957575707,0.2859322766526592,29.92788037985716,27.24620468529678,24.072159458187066,119.52388398425566,5.004145060201522,0.24799388834088096,1.2409973913011874,1.2616449216835588,ZONE_01,SUSPENSION_FAULT,REAR_BOGIE,2
19.07,RUN_055_SUSPENSION_FAULT,TRAIN001,0.14410650606494688,-0.4599076941619106,0.6221769769334845,30.180492975903384,27.235216902258152,23.993964309076894,120.21807289122204,4.987509935098192,0.18646840633613895,0.9300130291834197,1.3883072457716903,ZONE_01,SUSPENSION_FAULT,REAR_BOGIE,2
19.080000000000002,RUN_055_SUSPENSION_FAULT,TRAIN001,0.19356947659610152,-0.6459470989426961,0.04747775183439876,30.320122701341216,27.214638609827052,24.01512109477924,119.15552071236004,5.029588819328916,0.20600125074695938,1.0361015875246795,1.420959688542136,ZONE_01,SUSPENSION_FAULT,REAR_BOGIE,2
19.09,RUN_055_SUSPENSION_FAULT,TRAIN001,0.29775874340033825,-1.0883073239226908,-0.061694216521956724,30.10873280139555,27.27578561764753,24.069793124206104,119.69161099141677,5.00281143569664,0.23200762448772522,1.1606903969560036,1.4193409765653426,ZONE_01,SUSPENSION_FAULT,REAR_BOGIE,2
19.1,RUN_055_SUSPENSION_FAULT,TRAIN001,-0.043884095335381665,-0.5997912462627466,0.0010714162371885383,30.03079111417484,27.355450712718966,24.074815409057205,119.90237079535288,5.027268840474776,0.23827346748930744,1.197864778620875,1.431397888065288,ZONE_01,SUSPENSION_FAULT,REAR_BOGIE,2
19.11,RUN_055_SUSPENSION_FAULT,TRAIN001,-0.016079081576786593,-0.3119246993098185,0.29245613383831337,30.10957022167632,27.355059099291864,23.93487388494482,119.36829160800887,5.013826350828792,0.22966232943151343,1.151487039096445,1.5710891972892915,ZONE_01,SUSPENSION_FAULT,REAR_BOGIE,2
19.12,RUN_055_SUSPENSION_FAULT,TRAIN001,-0.16180945194714882,-0.11266966790357305,0.8995471352440042,29.94797552795809,27.101483223858946,23.973549026943186,120.33793744316291,5.03052919880059,0.2045566532184141,1.0290282168241587,1.767061800198588,ZONE_01,SUSPENSION_FAULT,REAR_BOGIE,2
19.13,RUN_055_SUSPENSION_FAULT,TRAIN001,-0.14128888772607834,0.3007914866658885,0.7935393207523066,30.139305394187303,27.369294401956342,23.975719362354766,119.09243077681185,4.991448701943639,0.26285405408288476,1.3120225270526382,1.7264742456447688,ZONE_01,SUSPENSION_FAULT,REAR_BOGIE,2
19.14,RUN_055_SUSPENSION_FAULT,TRAIN001,-0.10732601795520079,0.5197628624670138,0.19198879589156403,30.245758075749368,27.176001759990843,24.051845090222745,120.05244635886605,5.0225740843286415,0.2533739074935458,1.272589221422166,1.9336697670098024,ZONE_01,SUSPENSION_FAULT,REAR_BOGIE,2
19.150000000000002,RUN_055_SUSPENSION_FAULT,TRAIN001,-0.0933315794667582,0.13432106830994067,0.8194529256966799,30.13803924964306,27.29972087977223,24.029668053824256,119.98562836912669,5.009699765444448,0.22359047726416556,1.1201211615059024,2.162106652165263,ZONE_01,SUSPENSION_FAULT,REAR_BOGIE,2
19.16,RUN_055_SUSPENSION_FAULT,TRAIN001,0.03268476906201917,0.5273110135370944,1.282413009680571,30.046486817673845,27.21244629003009,23.90472538694969,119.92537943358924,5.018615537757342,0.25961360698556957,1.3029008818310075,2.162831535302203,ZONE_01,SUSPENSION_FAULT,REAR_BOGIE,2
19.17,RUN_055_SUSPENSION_FAULT,TRAIN001,-0.176270792117804,0.6209673695180359,1.644723841625198,30.15215103823402,27.320651630308703,24.02076065159053,120.50921665453654,5.016010961682429,0.23572198399990446,1.182384055653051,2.051189082500502,ZONE_01,SUSPENSION_FAULT,REAR_BOGIE,2
19.18,RUN_055_SUSPENSION_FAULT,TRAIN001,0.05352733230351277,0.7535565991806109,1.7513022137111331,30.12911792943733,27.3495061838587,23.974425926241747,121.02468516156358,4.969434678813738,0.23328867707828513,1.1593128420474097,2.0641033842868315,ZONE_01,SUSPENSION_FAULT,REAR_BOGIE,2
19.19,RUN_055_SUSPENSION_FAULT,TRAIN001,-0.058566304636568235,0.2596692880673963,1.634991489847172,30.285778307201273,27.33921718302451,23.975431428549147,119.71480741719354,4.980434755752827,0.21784141836017376,1.0849449712435015,2.3337907514421703,ZONE_01,SUSPENSION_FAULT,REAR_BOGIE,2
19.2,RUN_055_SUSPENSION_FAULT,TRAIN001,0.13391985018016858,0.7358355057972864,2.4463979730470236,30.115824616163245,27.246525253334365,24.018946921890763,119.55233618328845,4.999331684584324,0.21231994961899417,1.061457851399585,2.2683627257579526,ZONE_01,SUSPENSION_FAULT,REAR_BOGIE,2
19.21,RUN_055_SUSPENSION_FAULT,TRAIN001,-0.11510988608849991,0.33719776256529405,1.4712170513922787,30.066271096294805,27.406246650754593,24.02028784793993,121.24775446178847,5.010527240655984,0.2337653809609662,1.1712878092272447,2.3815216400241903,ZONE_01,SUSPENSION_FAULT,REAR_BOGIE,2
19.22,RUN_055_SUSPENSION_FAULT,TRAIN001,-0.037341432465808136,1.0118624664331186,2.1246430849445734,30.171388368071185,27.357646608723602,23.961043782499765,122.1582443167605,4.998577005376402,0.23597816626280294,1.179555035652136,1.908113665052185,ZONE_01,SUSPENSION_FAULT,REAR_BOGIE,2
19.23,RUN_055_SUSPENSION_FAULT,TRAIN001,0.04113766653046647,0.8291696020645737,2.2569829260200605,30.08077880887053,27.377005870346952,24.018271038579826,119.71265800067157,4.991657935892625,0.2569986587722733,1.2828493945743786,2.2858969446622437,ZONE_01,SUSPENSION_FAULT,REAR_BOGIE,2
19.240000000000002,RUN_055_SUSPENSION_FAULT,TRAIN001,-0.16982093457945663,0.2836313320276122,2.0288150957005664,30.097133269151044,27.27203407125681,23.96551887393338,118.64747730847628,5.01843001350887,0.25307822635781413,1.270055366919646,2.2828274758746403,ZONE_01,SUSPENSION_FAULT,REAR_BOGIE,2
19.25,RUN_055_SUSPENSION_FAULT,TRAIN001,0.2532003143521298,0.49938884563619623,1.408149603531107,30.216397111519868,27.30695504745086,24.08177804565202,120.58422620506869,4.996280584778424,0.24951830086619506,1.2466634421646718,2.1125681129492637,ZONE_01,SUSPENSION_FAULT,REAR_BOGIE,2
19.26,RUN_055_SUSPENSION_FAULT,TRAIN001,-0.07035187222455655,0.3941725454745017,0.9831870445927964,30.223887369724654,27.298055521572763,24.000349015755695,118.57206523975938,4.979302089394678,0.22149463111636103,1.1028886795074,2.030603320356718,ZONE_01,SUSPENSION_FAULT,REAR_BOGIE,2
19.27,RUN_055_SUSPENSION_FAULT,TRAIN001,0.12765626374054626,-0.005302153866082487,2.0208615860052075,30.30368903967901,27.266853905933765,23.95160355100694,120.05851526743957,5.006487690820807,0.2067431507020521,1.0350570391513347,1.6728861329409908,ZONE_01,SUSPENSION_FAULT,REAR_BOGIE,2
19.28,RUN_055_SUSPENSION_FAULT,TRAIN001,-0.11976872238757166,0.44280634787320505,0.7185351175330451,30.107655703172753,27.439924188504275,24.089009282723698,119.75390089113803,4.974574943653374,0.2157008702128833,1.0730201442852376,1.6883532873340292,ZONE_01,SUSPENSION_FAULT,REAR_BOGIE,2
19.29,RUN_055_SUSPENSION_FAULT,TRAIN001,0.02232129746591985,-0.09156537030829162,0.6671277297259036,30.12015659966054,27.213260025378585,24.047087741159864,118.56800744880418,4.98116389870132,0.26301326815499526,1.310112196213112,1.8759961841934703,ZONE_01,SUSPENSION_FAULT,REAR_BOGIE,2
19.3,RUN_055_SUSPENSION_FAULT,TRAIN001,-0.0926106246000393,-0.3315211990790852,0.7919859709233877,30.18629403691131,27.1317674965472,24.05654580028465,119.78877234072735,5.013182672428283,0.25935648911209236,1.300201457198576,1.511764283621292,ZONE_01,SUSPENSION_FAULT,REAR_BOGIE,2
19.31,RUN_055_SUSPENSION_FAULT,TRAIN001,-0.026613718057198754,-0.9609403153376015,0.39922323141109345,30.136621916113977,27.16940345213204,24.023041102921674,121.33211673845732,5.002869884544261,0.2575051881500402,1.28826495090974,1.9138958030864957,ZONE_01,SUSPENSION_FAULT,REAR_BOGIE,2
19.32,RUN_055_SUSPENSION_FAULT,TRAIN001,0.013315323514620954,-0.522251052312483,-0.3841927015820683,30.122202082501317,27.319652770403923,23.949326817170995,121.02392440914059,4.9888730997496875,0.24604266394370555,1.227475627539505,1.1577346079875892,ZONE_01,SUSPENSION_FAULT,REAR_BOGIE,2
19.330000000000002,RUN_055_SUSPENSION_FAULT,TRAIN001,0.0508513887700888,-0.8038698178611808,0.22941553223210573,30.276596847399365,27.144242737538725,24.018314682731262,120.17385519528875,4.97724117040922,0.2350391366603585,1.1698464676433755,1.246199783522151,ZONE_01,SUSPENSION_FAULT,REAR_BOGIE,2
19.34,RUN_055_SUSPENSION_FAULT,TRAIN001,0.05410307658122015,-0.7858245550544188,0.3705288754993483,30.266848359730787,27.39802489563328,24.023162471937283,120.94312465850878,4.991465315445823,0.23507084808310882,1.1733479848792718,1.623196936882167,ZONE_01,SUSPENSION_FAULT,REAR_BOGIE,2
19.35,RUN_055_SUSPENSION_FAULT,TRAIN001,-0.006577881566523666,-0.6464446457385067,-0.1013761321558953,30.209644809645063,27.381176607648296,24.059246107614584,119.68744389941581,5.0108664826352936,0.23257594175789092,1.1654069912219538,1.3899320004247269,ZONE_01,SUSPENSION_FAULT,REAR_BOGIE,2
19.36,RUN_055_SUSPENSION_FAULT,TRAIN001,-0.08030832709219406,0.07932362310112018,2.3263457026063685,30.082235985495394,27.392587634914012,24.064604135139035,120.94620651936565,4.997098117445226,0.21940742447377565,1.09640042779141,1.4300179839195695,ZONE_01,SUSPENSION_FAULT,REAR_BOGIE,2
19.37,RUN_055_SUSPENSION_FAULT,TRAIN001,0.07673621369516218,-0.5987515100414754,0.020112326978119176,30.142241173551124,27.354466694115683,23.933848874281342,120.32833296508251,5.033147101786427,0.24000807286002973,1.2079959363208042,1.6239608902975098,ZONE_01,SUSPENSION_FAULT,REAR_BOGIE,2
19.38,RUN_055_SUSPENSION_FAULT,TRAIN001,0.02514396909251232,-0.7978669218816313,0.9269809867795751,30.19537883487454,27.410591311320022,24.008272153151612,120.51499230920406,4.999138706901945,0.21209753105111048,1.0603049771159436,1.3868942440602143,ZONE_01,SUSPENSION_FAULT,REAR_BOGIE,2
19.39,RUN_055_SUSPENSION_FAULT,TRAIN001,0.18840342391988973,-0.25384980761918,0.01057900985075233,30.180219335335053,27.344770584632556,24.027541442561304,120.99854335262413,5.001927248221196,0.23720758915493637,1.1864951036789348,1.981006455867379,ZONE_01,SUSPENSION_FAULT,REAR_BOGIE,2
19.400000000000002,RUN_055_SUSPENSION_FAULT,TRAIN001,-0.112244750435038,0.22615301587640857,0.2967507556236823,30.257994154543283,27.133638871034943,24.050789706145398,120.3336614783387,5.004842401214297,0.24702385770024318,1.236315477129704,1.44787904409099,ZONE_01,SUSPENSION_FAULT,REAR_BOGIE,2
19.41,RUN_055_SUSPENSION_FAULT,TRAIN001,0.02632044023517574,-0.03205348319128293,0.4455946894430365,30.238923517923592,27.382438896473307,24.07672037722288,121.26151216173176,5.048755101862584,0.2645725154769504,1.3357618373268707,1.3540497830914202,ZONE_01,SUSPENSION_FAULT,REAR_BOGIE,2
19.42,RUN_055_SUSPENSION_FAULT,TRAIN001,0.03516811568755538,-0.1676874012496569,0.8318507725905321,30.109670649564116,27.35966984018287,23.910681862170076,120.23401411401602,4.9932016461857724,0.22435934172068636,1.1202714344168874,1.8339111017034384,ZONE_01,SUSPENSION_FAULT,REAR_BOGIE,2
19.43,RUN_055_SUSPENSION_FAULT,TRAIN001,-0.02433196769004152,-0.23343981012934908,1.2602495467209955,30.075837184990863,27.146959353059295,23.952359972788553,121.36495323551387,4.979746419402394,0.2182295715810236,1.0867279276883208,1.8221415952529494,ZONE_01,SUSPENSION_FAULT,REAR_BOGIE,2
19.44,RUN_055_SUSPENSION_FAULT,TRAIN001,0.0989067130770418,-0.11896196784412907,0.9286017283487793,30.03362443716205,27.360793879842152,24.06896781878321,119.46228811837503,4.974891383912001,0.23391723182713875,1.1637128211653787,1.429237832163398,ZONE_01,SUSPENSION_FAULT,REAR_BOGIE,2
19.45,RUN_055_SUSPENSION_FAULT,TRAIN001,-0.051860738285037115,1.0276496453360466,1.5723024031109396,30.04051930558634,27.3583596208313,24.043519289568334,121.01602539508906,5.010072507251758,0.22816875875896073,1.143142025272028,1.9135962102756208,ZONE_01,SUSPENSION_FAULT,REAR_BOGIE,2
19.46,RUN_055_SUSPENSION_FAULT,TRAIN001,0.11409630998857023,0.42609053861581503,1.4623479361360183,30.027304704124592,27.39473936387542,24.023066988485024,120.23024059996534,4.995906998345078,0.25993205773213246,1.2985963863181975,2.018832318299795,ZONE_01,SUSPENSION_FAULT,REAR_BOGIE,2
19.47,RUN_055_SUSPENSION_FAULT,TRAIN001,-0.011372401046468942,0.7230985537809342,2.1071543977431793,30.205700441206684,27.183380472740623,23.98622185381439,121.03923217226226,5.014309222444192,0.23673866400120797,1.187080866210374,2.0950702017740293,ZONE_01,SUSPENSION_FAULT,REAR_BOGIE,2
19.48,RUN_055_SUSPENSION_FAULT,TRAIN001,-0.1614456814762701,0.12620906771871077,0.899604700838053,29.921766620105576,27.376358362233763,23.94249805740278,119.19308957363044,4.9892809086192464,0.22098494097645777,1.1025559471061916,2.282058342298472,ZONE_01,SUSPENSION_FAULT,REAR_BOGIE,2
19.490000000000002,RUN_055_SUSPENSION_FAULT,TRAIN001,-0.070936866986189,1.2245392826325507,1.6526950535101468,30.164382468045922,27.364460855685074,24.02215271441641,120.50738906143903,5.013811385131358,0.2042641336183659,1.024141838709756,1.982298674072036,ZONE_01,SUSPENSION_FAULT,REAR_BOGIE,2
19.5,RUN_055_SUSPENSION_FAULT,TRAIN001,0.26686421162422586,1.0661102390222532,1.8785068278879808,30.21936053369321,27.399473147372184,24.008340705151987,120.79084627727022,5.003378248290056,0.274697721806402,1.3744166061409848,2.1225159827091775,ZONE_01,SUSPENSION_FAULT,REAR_BOGIE,2
19.51,RUN_055_SUSPENSION_FAULT,TRAIN001,-0.03703762318851135,0.9761575431051885,1.7855027009131401,30.27186045526771,27.402151254343316,24.066367089397186,119.68026574986402,5.008646486196422,0.21430352844641443,1.0733706147326287,1.9385997640758523,ZONE_01,SUSPENSION_FAULT,REAR_BOGIE,2
19.52,RUN_055_SUSPENSION_FAULT,TRAIN001,-0.0508339983935089,0.5949061542917037,1.8983604859128376,30.208068208539316,27.39285577053879,24.023145420914773,120.06295332187413,4.984955415403722,0.2277572395112178,1.1353596844988478,1.9885173341025295,ZONE_01,SUSPENSION_FAULT,REAR_BOGIE,2
19.53,RUN_055_SUSPENSION_FAULT,TRAIN001,0.007965026727352224,0.5215556453510886,1.6759493459787405,30.29537005740282,27.41946226875496,24.08121199621061,118.92564960875531,5.014532342047269,0.2722776967534672,1.3653453163884,2.1948618755689986,ZONE_01,SUSPENSION_FAULT,REAR_BOGIE,2
19.54,RUN_055_SUSPENSION_FAULT,TRAIN001,0.1838243961530406,0.4930496310329509,1.3849418206294912,30.350336526175496,27.296343703332763,23.98626535409301,119.42123460699713,4.996998574856068,0.2348679450210579,1.1736347865495997,1.8940371939035008,ZONE_01,SUSPENSION_FAULT,REAR_BOGIE,2
19.55,RUN_055_SUSPENSION_FAULT,TRAIN001,0.05334071937117484,0.36676955196152294,1.1998474845885536,30.22568411606026,27.174229936944286,23.97361601676776,119.13477721881912,4.9756147504882255,0.23334605419512577,1.1610400692214926,2.0906895001005363,ZONE_01,SUSPENSION_FAULT,REAR_BOGIE,2
19.56,RUN_055_SUSPENSION_FAULT,TRAIN001,0.12785639571503046,0.7662279322954344,0.8716886790963716,30.394243881737562,27.192641855578874,24.120391371882608,119.82826622079477,4.960668248576713,0.23159660787307537,1.1488739391540366,2.1468055894733324,ZONE_01,SUSPENSION_FAULT,REAR_BOGIE,2
19.57,RUN_055_SUSPENSION_FAULT,TRAIN001,0.008080668057252128,-0.035200104010588054,1.2893603088111656,30.2332221168236,27.147880436281948,24.023016483465184,118.8487066658232,5.000473963664122,0.2472088630282098,1.2361614831595733,1.4841643762993995,ZONE_01,SUSPENSION_FAULT,REAR_BOGIE,2
19.580000000000002,RUN_055_SUSPENSION_FAULT,TRAIN001,0.23327812156440597,0.13258524725197093,1.083329564430216,30.214532857144473,27.340146677805787,24.010399792234118,119.05904591015363,5.01717265071733,0.21486756345962277,1.0780276629158898,2.0039583416379143,ZONE_01,SUSPENSION_FAULT,REAR_BOGIE,2
19.59,RUN_055_SUSPENSION_FAULT,TRAIN001,-0.06965266562512337,-0.0028228781287991667,0.7362511943252745,30.258718665565215,27.395078498565475,23.919289112568865,119.89605015384726,5.004706471222296,0.2126717072609176,1.0643594695746081,1.6134775713834586,ZONE_01,SUSPENSION_FAULT,REAR_BOGIE,2
19.6,RUN_055_SUSPENSION_FAULT,TRAIN001,0.03695584835697902,-0.819885717872804,0.17391490983990068,30.09620643439294,27.168513763298957,24.06501369963097,119.71195532546587,5.012104130960856,0.2468880942137277,1.2374288368936777,1.6987005486485114,ZONE_01,SUSPENSION_FAULT,REAR_BOGIE,2
19.61,RUN_055_SUSPENSION_FAULT,TRAIN001,-0.05747728988855427,-0.5071544151523565,0.7790497155847992,30.123238334691685,27.35043791135639,24.0173936532514,120.68946618501882,4.999160378356264,0.19562664959022905,0.9779689955820577,1.8161278870734685,ZONE_01,SUSPENSION_FAULT,REAR_BOGIE,2
19.62,RUN_055_SUSPENSION_FAULT,TRAIN001,-0.014975394300774342,-0.4437732508292497,-0.08164573316334611,30.07259562137965,27.289861031042808,24.065189189621535,119.33234668290619,5.008691047994159,0.26717373239429243,1.3381906817024793,1.5269270278136775,ZONE_01,SUSPENSION_FAULT,REAR_BOGIE,2
19.63,RUN_055_SUSPENSION_FAULT,TRAIN001,0.10372114297323261,-0.7963043181630028,0.30932753927589646,30.087557997886872,27.46080401606599,24.0285772349319,119.84897639997163,5.024779788200426,0.25117198448563155,1.2620839110055926,1.5706840489723684,ZONE_01,SUSPENSION_FAULT,REAR_BOGIE,2
19.64,RUN_055_SUSPENSION_FAULT,TRAIN001,0.13347632647018376,-0.11373884291012248,-0.046509151096584184,30.222756398872622,27.228935141077418,23.974122615301695,121.15378663262548,4.989714382244116,0.24322360692105996,1.2136163295553024,1.1657559101702555,ZONE_01,SUSPENSION_FAULT,REAR_BOGIE,2
19.650000000000002,RUN_055_SUSPENSION_FAULT,TRAIN001,-0.02824555062028943,-0.34211682121419906,-0.17678682773748167,30.10714632452551,27.30501409370219,23.924494644389103,120.21066897877047,4.971370539407128,0.2332226088861223,1.1594360069401395,1.0059640321950658,ZONE_01,SUSPENSION_FAULT,REAR_BOGIE,2
19.66,RUN_055_SUSPENSION_FAULT,TRAIN001,0.05831625985633501,-0.12338651132408796,-0.24367564514534562,30.045011950982563,27.380709813056665,23.98928681601326,119.93154573655538,5.040057503630604,0.2483389172601736,1.2516424233806376,1.8370918168170116,ZONE_01,SUSPENSION_FAULT,REAR_BOGIE,2
19.67,RUN_055_SUSPENSION_FAULT,TRAIN001,0.04677945589401654,-0.3576508328131497,-0.06686008781156852,30.016329242965526,27.405501719718185,24.046712578483405,120.25728757225829,4.9970395539779835,0.21839587980290318,1.0913328498009285,1.431539805988929,ZONE_01,SUSPENSION_FAULT,REAR_BOGIE,2
19.68,RUN_055_SUSPENSION_FAULT,TRAIN001,0.008970433087312038,-0.7167161984222583,0.2291709782031869,30.206277866024404,27.236053440748336,24.034227245769955,121.26250094847649,5.019499495498851,0.22305050378178756,1.1196018912034473,1.4217600609571932,ZONE_01,SUSPENSION_FAULT,REAR_BOGIE,2
19.69,RUN_055_SUSPENSION_FAULT,TRAIN001,0.2333687592467436,-0.04755934015383717,0.8258556378739913,30.40742266802103,27.416153206829676,23.957030363696898,119.9180367494307,4.970162526248022,0.23824024666293334,1.1840927462081967,1.7145265926548765,ZONE_01,SUSPENSION_FAULT,REAR_BOGIE,2
19.7,RUN_055_SUSPENSION_FAULT,TRAIN001,0.039154266436283336,-0.8205269074117195,1.1003384767245228,30.107924320340164,27.41145908704763,24.039335601245188,120.74930527068888,4.999788721884973,0.28772834451559365,1.438580931875699,1.6153384229937713,ZONE_01,SUSPENSION_FAULT,REAR_BOGIE,2
19.71,RUN_055_SUSPENSION_FAULT,TRAIN001,0.06125430349611192,-0.42762735136021157,1.3254650282662712,30.33474652336394,27.304685618841617,23.91516844036681,120.0781477016455,5.021060709502688,0.20396212721764556,1.024106223199109,1.620259678396544,ZONE_01,SUSPENSION_FAULT,REAR_BOGIE,2
19.72,RUN_055_SUSPENSION_FAULT,TRAIN001,-0.07124629004639309,-0.006627174768976243,0.7593626552797654,30.28142380095819,27.205174892931066,24.000098457428745,118.84512418585848,4.9862881436811755,0.21381379682705645,1.0661372000742073,1.724000388391984,ZONE_01,SUSPENSION_FAULT,REAR_BOGIE,2
19.73,RUN_055_SUSPENSION_FAULT,TRAIN001,0.0761265699370894,-0.040736502702004684,1.5966671518077735,30.219883656776155,27.393129981982142,24.02491193793046,120.57838515830382,5.012255951694328,0.23517267018863575,1.178745615828837,1.8364016392897815,ZONE_01,SUSPENSION_FAULT,REAR_BOGIE,2
19.740000000000002,RUN_055_SUSPENSION_FAULT,TRAIN001,-0.03653018944784989,0.248450155895634,1.466827220304345,30.305537466336617,27.163870645391032,24.002342165746107,119.78085687450911,5.010419299393146,0.24733656232597753,1.2392598853236334,1.9739238001815258,ZONE_01,SUSPENSION_FAULT,REAR_BOGIE,2
19.75,RUN_055_SUSPENSION_FAULT,TRAIN001,-0.17602963699257182,-0.0698646374667562,1.4065944444147775,30.178832266130527,27.33112265081321,23.997562258950683,120.82619353093015,5.020160636321649,0.274592151210971,1.3784967085521989,2.162887472766816,ZONE_01,SUSPENSION_FAULT,REAR_BOGIE,2
19.76,RUN_055_SUSPENSION_FAULT,TRAIN001,-0.019766197680271127,0.9235030120560024,1.6471877163896391,30.290219112738573,27.39585146394617,24.069634170025193,120.57169736531928,4.973742947726197,0.2428783479614763,1.208014470328782,2.023047047700468,ZONE_01,SUSPENSION_FAULT,REAR_BOGIE,2
19.77,RUN_055_SUSPENSION_FAULT,TRAIN001,0.042856797433968974,0.6003813549674771,1.525348925376469,30.36049465153432,27.342638091012176,24.03529032028532,119.17872521245806,4.987507382130725,0.22441363775683248,1.1192646749630124,1.996359859258689,ZONE_01,SUSPENSION_FAULT,REAR_BOGIE,2
19.78,RUN_055_SUSPENSION_FAULT,TRAIN001,0.1545758478224114,0.6822360863674309,1.7057407013864057,30.086831511160696,27.34954928005005,24.001729326958294,119.96905882400674,5.014032746736902,0.23508779203637642,1.178737887628466,2.1386449415294218,ZONE_01,SUSPENSION_FAULT,REAR_BOGIE,2
19.79,RUN_055_SUSPENSION_FAULT,TRAIN001,0.0920782390538763,1.0500326887979863,2.619650649403949,30.268322921674578,27.446668848444112,24.066726171293222,121.25046008249403,5.005093559714634,0.23076061226254732,1.1549784542710815,2.3712518593784053,ZONE_01,SUSPENSION_FAULT,REAR_BOGIE,2
19.8,RUN_055_SUSPENSION_FAULT,TRAIN001,0.10198202720996,0.7883283548435034,1.4577846712323275,30.175658515164002,27.536605105434745,23.975447868730246,119.18749421657756,4.979527243869857,0.25185047313632947,1.254096292363866,2.2755363362706564,ZONE_01,SUSPENSION_FAULT,REAR_BOGIE,2
19.81,RUN_055_SUSPENSION_FAULT,TRAIN001,0.13784625969901027,0.1771788489459577,1.4422596832214865,30.134737582933653,27.49166219462918,24.007447219611464,118.82880579289714,4.990516556897992,0.2265128215379909,1.1304159862350238,2.090787094712006,ZONE_01,SUSPENSION_FAULT,REAR_BOGIE,2
19.82,RUN_055_SUSPENSION_FAULT,TRAIN001,-0.08847794009808431,-0.024356926649200528,1.6484501777586336,30.383930845102647,27.266679776038433,24.10162398650672,119.56357293200477,4.983713692032912,0.19704299424378863,0.9820058683319316,1.9603834102218043,ZONE_01,SUSPENSION_FAULT,REAR_BOGIE,2
19.830000000000002,RUN_055_SUSPENSION_FAULT,TRAIN001,0.06593901983298221,0.4575084093502822,0.8679687054524978,30.145561130141395,27.38570695431494,23.936681032079804,119.5489974977702,4.98442319762555,0.2629350936392903,1.3105797802055248,2.3389301242344245,ZONE_01,SUSPENSION_FAULT,REAR_BOGIE,2
19.84,RUN_055_SUSPENSION_FAULT,TRAIN001,-0.13124595956522653,0.3751508203316709,1.5706373085657868,30.188931436685756,27.249753634822948,23.992877865556686,120.1519143299221,4.9582580791785125,0.24637953876362836,1.2216133386190358,2.065245999671777,ZONE_01,SUSPENSION_FAULT,REAR_BOGIE,2
19.85,RUN_055_SUSPENSION_FAULT,TRAIN001,-0.22315005219874517,0.37693206520740336,1.0308517815778755,30.488810377459227,27.346976292088662,23.99395466156163,119.5062109445531,4.985242514745452,0.2061560768925197,1.0277380391977216,1.7427819580766046,ZONE_01,SUSPENSION_FAULT,REAR_BOGIE,2
19.86,RUN_055_SUSPENSION_FAULT,TRAIN001,0.10169598261032356,-0.5547753603792841,0.7341734470702668,30.183955748114933,27.38260783116912,23.98622505835098,120.29487784617115,4.981555409871028,0.2387125699689881,1.1891598943332289,1.7536231987396418,ZONE_01,SUSPENSION_FAULT,REAR_BOGIE,2
19.87,RUN_055_SUSPENSION_FAULT,TRAIN001,0.08251220455135709,-0.16879078232807726,0.5192944689126321,30.326298325931095,27.419046717497558,23.99332702689048,120.27735066595012,4.9911532733115305,0.22904278776528406,1.1431876598830957,1.6494667926956952,ZONE_01,SUSPENSION_FAULT,REAR_BOGIE,2
19.88,RUN_055_SUSPENSION_FAULT,TRAIN001,0.03762630358507093,0.0586188195623783,0.6466514593432875,30.069064352335214,27.129283704040688,23.954427564987245,121.03059579962532,5.01488104800229,0.24850632564632394,1.2462296627924354,1.752210783947558,ZONE_01,SUSPENSION_FAULT,REAR_BOGIE,2
19.89,RUN_055_SUSPENSION_FAULT,TRAIN001,-0.10378504322635876,-0.7558577185417072,0.3495826968139979,30.227487864286136,27.355010871724012,23.948392999356766,120.49626757961333,4.997696059394017,0.19875197848179413,0.993301979655227,1.527846955442701,ZONE_01,SUSPENSION_FAULT,REAR_BOGIE,2
19.900000000000002,RUN_055_SUSPENSION_FAULT,TRAIN001,-0.05498235840716425,-0.7603904200048927,2.601041981040776,30.324958854435568,27.29990123532911,24.010342660981323,120.68532620078007,5.011946887835894,0.2470854935775446,1.2383793705653705,1.6026549545256779,ZONE_01,SUSPENSION_FAULT,REAR_BOGIE,2
19.91,RUN_055_SUSPENSION_FAULT,TRAIN001,-0.1277847104790839,-0.2857185337178412,-0.9231232882326547,30.375925075050265,27.203385854009014,24.039679829705292,119.1858385584491,4.986318646396144,0.23281413363626582,1.160885455695076,1.7404681828652095,ZONE_01,SUSPENSION_FAULT,REAR_BOGIE,2
19.92,RUN_055_SUSPENSION_FAULT,TRAIN001,0.0889811116677426,-0.5579630638569718,0.4544076618478379,30.363474127305153,27.266213798734857,24.020861709408447,119.09477786330075,4.975112456985792,0.23859766303447885,1.187050205570534,1.6420537980958354,ZONE_01,SUSPENSION_FAULT,REAR_BOGIE,2
19.93,RUN_055_SUSPENSION_FAULT,TRAIN001,0.0038008617824693345,-1.0424383677209044,2.7572153000533612,30.19262889551052,27.240210992264956,24.006285270159776,120.91383647172482,4.981301794191066,0.22667449636810788,1.1291340754558121,1.6134445709138288,ZONE_01,SUSPENSION_FAULT,REAR_BOGIE,2
19.94,RUN_055_SUSPENSION_FAULT,TRAIN001,0.006022733243202229,-0.952587220529713,-0.3846797045935905,30.156019229615737,27.47650300402668,24.07556181922022,119.15085170442836,4.998734652860615,0.21912583181707682,1.095351888840929,1.5056459863906966,ZONE_01,SUSPENSION_FAULT,REAR_BOGIE,2
19.95,RUN_055_SUSPENSION_FAULT,TRAIN001,-0.10053462029723662,-0.14092320729922275,0.025033919617809805,30.11622233868392,27.20244223251683,24.01625383863017,119.73276814978117,5.005550998607348,0.21970137087558525,1.099726416381689,1.8247933888165422,ZONE_01,SUSPENSION_FAULT,REAR_BOGIE,2
19.96,RUN_055_SUSPENSION_FAULT,TRAIN001,0.008654571464341591,-0.7726270816145633,-0.22316712984588438,30.140620270584265,27.359783977197523,24.062553308792857,120.2395251839638,5.015950918259264,0.18495897293006072,0.9277451301088285,1.1763025870587602,ZONE_01,SUSPENSION_FAULT,REAR_BOGIE,2
19.97,RUN_055_SUSPENSION_FAULT,TRAIN001,-0.23123274392264315,-0.32522118232642505,0.36151335246322974,30.302989745194363,27.42277975526259,23.99628696191394,119.32804480378913,5.00239464939343,0.19678755827258365,0.9844090285699704,1.5620466228488101,ZONE_01,SUSPENSION_FAULT,REAR_BOGIE,2
19.98,RUN_055_SUSPENSION_FAULT,TRAIN001,-0.28362995459642043,-0.3642718829266751,0.5690220230763934,30.38658069711816,27.27809319035043,24.051840121563238,119.41828937045658,4.985786176314205,0.22218866159282422,1.107785157503258,1.7744332156057576,ZONE_01,SUSPENSION_FAULT,REAR_BOGIE,2
19.990000000000002,RUN_055_SUSPENSION_FAULT,TRAIN001,0.1046054161672027,-0.6578103418258296,0.555917882904733,30.28496619910257,27.169182768006035,23.952748322452106,118.23629655844566,4.996330373479397,0.24587576055612076,1.2284765305688936,2.029447425263252,ZONE_01,SUSPENSION_FAULT,REAR_BOGIE,2
20.0,RUN_055_SUSPENSION_FAULT,TRAIN001,0.11963973743361969,-0.029262180899912116,0.9871864229651379,30.17337135435308,27.385164505854437,24.041015708254243,118.58725379934118,4.976518343559037,0.2526846529879011,1.2574898107301395,2.109574743203935,ZONE_01,SUSPENSION_FAULT,REAR_BOGIE,2
20.01,RUN_055_SUSPENSION_FAULT,TRAIN001,-0.08618672630321404,-0.38857723109549314,1.149630807444183,30.229053718815678,27.373805885286696,24.016604312009754,118.26409419322162,4.99263145762438,0.22630987589719262,1.1298818055753934,1.9596552375614373,ZONE_01,SUSPENSION_FAULT,REAR_BOGIE,2
20.02,RUN_055_SUSPENSION_FAULT,TRAIN001,-0.09861675856983702,0.6648534152600547,1.247647955063619,30.1641093490285,27.49864675850651,24.017641889427427,120.95183897420779,5.0119372882218025,0.2113958818368966,1.0595029027548721,2.024541307432415,ZONE_01,SUSPENSION_FAULT,REAR_BOGIE,2
20.03,RUN_055_SUSPENSION_FAULT,TRAIN001,-0.029940038956780043,0.42447237067613647,1.4769034131063052,30.22851992023107,27.359969214190574,24.00546442338385,119.90296822392466,5.018955442104272,0.23940479224071512,1.2015619848823798,1.85186323699434,ZONE_01,SUSPENSION_FAULT,REAR_BOGIE,2
20.04,RUN_055_SUSPENSION_FAULT,TRAIN001,-0.019284563870748523,0.18209021874830383,1.6759581430045456,30.089178389526754,27.280193240089396,24.036902274113775,119.00176180435936,5.0030877672005305,0.23546089136233228,1.1780315052290178,2.2602511265102283,ZONE_01,SUSPENSION_FAULT,REAR_BOGIE,2
20.05,RUN_055_SUSPENSION_FAULT,TRAIN001,0.02469087898499636,1.1078447357217012,1.1492558049224504,30.171439783761006,27.495901661046066,24.03919628565849,120.15297876332791,4.994290347622215,0.2435982827924956,1.2166005524479075,2.1586012029525943,ZONE_01,SUSPENSION_FAULT,REAR_BOGIE,2
20.06,RUN_055_SUSPENSION_FAULT,TRAIN001,-0.018736468656356923,0.754338881799965,2.2730468437163314,30.089805680714147,27.238848439418966,23.96669940035415,119.84639443462612,4.97848084438411,0.23317970358365384,1.1608806875903854,2.2454839105458886,ZONE_01,SUSPENSION_FAULT,REAR_BOGIE,2
20.07,RUN_055_SUSPENSION_FAULT,TRAIN001,-0.1698353616010848,0.8535235867430064,2.080240404248678,30.189098628357307,27.381923459501593,24.08303644335351,119.48345125106987,4.997175171778958,0.2618098279003484,1.3083095717113429,2.5182846628594664,ZONE_01,SUSPENSION_FAULT,REAR_BOGIE,2
20.080000000000002,RUN_055_SUSPENSION_FAULT,TRAIN001,-0.038312822324313316,0.6629311286190409,1.841046887687221,30.33076520787295,27.489516294087824,24.00188542353128,121.18976931886033,4.9627764740116405,0.20239469738172838,1.004439642630747,2.289099644641591,ZONE_01,SUSPENSION_FAULT,REAR_BOGIE,2
20.09,RUN_055_SUSPENSION_FAULT,TRAIN001,-0.06389784789433835,1.1312086065352274,1.5658680711552226,30.396705031906013,27.44766141286792,23.973610998175214,118.82476029483266,5.028188283565542,0.2479416360443734,1.24669722936639,2.2174788670632135,ZONE_01,SUSPENSION_FAULT,REAR_BOGIE,2
20.1,RUN_055_SUSPENSION_FAULT,TRAIN001,-0.04018873260690043,0.21563793263493075,0.8291082222631219,30.305051650917186,27.429032395370065,24.00600347061246,120.86651934134844,4.989184406535345,0.23019631335718788,1.1484918570436056,1.9778888178448781,ZONE_01,SUSPENSION_FAULT,REAR_BOGIE,2
20.11,RUN_055_SUSPENSION_FAULT,TRAIN001,-0.03649838774314519,0.25718395384755005,1.8378622325653264,30.2070348059477,27.39013487492441,23.926249832602352,120.60243552653517,4.977153129447752,0.21197178229757108,1.0550160196169733,1.848335061167983,ZONE_01,SUSPENSION_FAULT,REAR_BOGIE,2
20.12,RUN_055_SUSPENSION_FAULT,TRAIN001,0.08082292811673639,0.671196799865666,1.706474635769505,30.34145273863381,27.266612829788098,23.953969785011054,121.60441443810026,5.000143227424656,0.23251786748628372,1.162622640366765,1.7758980170140888,ZONE_01,SUSPENSION_FAULT,REAR_BOGIE,2
20.13,RUN_055_SUSPENSION_FAULT,TRAIN001,-0.11062527293977789,0.005034355714907179,2.037697693830242,30.148040361046395,27.27366565459389,24.02968842654861,120.85853170467274,5.01783343926213,0.23306948036867267,1.1695038322653744,2.3168902246237533,ZONE_01,SUSPENSION_FAULT,REAR_BOGIE,2
20.14,RUN_055_SUSPENSION_FAULT,TRAIN001,-0.08169932083206882,0.10075681379317336,3.377591652557658,30.228815838941603,27.418078893678675,23.955397939615978,119.28203225040647,5.0278678375193975,0.2537329183180094,1.2757355793310559,1.7096866787742497,ZONE_01,SUSPENSION_FAULT,REAR_BOGIE,2
20.150000000000002,RUN_055_SUSPENSION_FAULT,TRAIN001,-0.03623081053122772,-0.3179674518989416,1.183358839359284,30.158298518759487,27.261176315930193,23.91223552461415,119.97160168940272,4.98852023362311,0.2318262574562572,1.1564699760056594,1.6379249534808245,ZONE_01,SUSPENSION_FAULT,REAR_BOGIE,2
20.16,RUN_055_SUSPENSION_FAULT,TRAIN001,0.07599159581384979,-0.14178356547865462,0.4304436782512988,30.18033317735414,27.354265041938728,23.953053424067544,120.9718446417177,5.014692152558444,0.22663227834627134,1.136491107739488,1.7199300521031287,ZONE_01,SUSPENSION_FAULT,REAR_BOGIE,2
20.17,RUN_055_SUSPENSION_FAULT,TRAIN001,0.1637726070595713,-0.059368842722966275,1.0305448575624752,30.303509543034764,27.450196147055912,23.971316213474278,120.98468738071226,4.992960048648663,0.19652869087156877,0.981259901934966,1.4242776790944018,ZONE_01,SUSPENSION_FAULT,REAR_BOGIE,2
20.18,RUN_055_SUSPENSION_FAULT,TRAIN001,0.17813742841502844,-0.5020599908040189,0.2597810801075426,30.393139726516633,27.368138565590147,24.005695348130214,119.85903606455138,5.027495178093117,0.19629653677663553,0.9868798921209133,1.4840606148114026,ZONE_01,SUSPENSION_FAULT,REAR_BOGIE,2
20.19,RUN_055_SUSPENSION_FAULT,TRAIN001,0.003104224482850422,-0.9152660535437926,-0.7173423447825886,30.29139416613539,27.378253217094052,23.929349111095068,120.12231705455889,4.989821111431264,0.22748503940506012,1.135109652158142,1.1992965036303083,ZONE_01,SUSPENSION_FAULT,REAR_BOGIE,2
20.2,RUN_055_SUSPENSION_FAULT,TRAIN001,0.00803437915333644,0.18402538776788258,0.06824300083904081,30.245322174399433,27.354425400176417,23.97787712341493,120.27132706764598,5.018112976410497,0.2324910031315616,1.1666661197131827,1.4997768657891584,ZONE_01,SUSPENSION_FAULT,REAR_BOGIE,2
20.21,RUN_055_SUSPENSION_FAULT,TRAIN001,-0.07631995246819301,-0.8012542686041517,0.07725941477163994,30.30047667561833,27.401370068751607,24.057301562783994,120.25886791029265,5.016261629617205,0.22412585885611228,1.1242739459849174,1.4909436657394421,ZONE_01,SUSPENSION_FAULT,REAR_BOGIE,2
20.22,RUN_055_SUSPENSION_FAULT,TRAIN001,-0.05243729288834133,-0.9252408058980633,-0.758520580145504,30.2189607176766,27.15223612922059,23.973345378114253,119.3609270814847,4.9853289951611774,0.26038925458087814,1.2981261008904572,1.5050977851854574,ZONE_01,SUSPENSION_FAULT,REAR_BOGIE,2
20.23,RUN_055_SUSPENSION_FAULT,TRAIN001,0.03917531482202617,-0.8572078152480058,0.648300720838797,30.301166434615062,27.392417520499702,23.885687639381704,120.15556593649431,4.98702904326037,0.2341913799781204,1.1679192136321115,1.4315784398902232,ZONE_01,SUSPENSION_FAULT,REAR_BOGIE,2
20.240000000000002,RUN_055_SUSPENSION_FAULT,TRAIN001,-0.13770810553047183,-0.5095456440122712,0.10433541451010794,30.088868304959362,27.444184244836375,23.966895484511287,120.98173283421569,4.962670475412696,0.23866736807531377,1.1844275009918144,1.3045504808158424,ZONE_01,SUSPENSION_FAULT,REAR_BOGIE,2
20.25,RUN_055_SUSPENSION_FAULT,TRAIN001,-0.04876498592162973,-0.10487879229402464,0.2120947670315307,30.382549515824195,27.448373748488873,23.973953896974923,121.36860855350842,5.020207099660214,0.22126996351956632,1.1108210418024835,1.4362472856006172,ZONE_01,SUSPENSION_FAULT,REAR_BOGIE,2
20.26,RUN_055_SUSPENSION_FAULT,TRAIN001,0.0753314600905321,-0.49234973706752017,0.6560697457235041,30.408758893576547,27.353900946658335,24.01519692494301,119.56671764891782,5.020367270350203,0.23831761779412006,1.1964419683214293,1.2408934133845224,ZONE_01,SUSPENSION_FAULT,REAR_BOGIE,2
20.27,RUN_055_SUSPENSION_FAULT,TRAIN001,0.06036934344952101,-0.10660921398159354,0.07364092090513952,30.544872990445313,27.30201552246433,24.063257978158543,119.8314124237336,4.983608719538628,0.20529103355806985,1.023090184883094,1.8992568654312152,ZONE_01,SUSPENSION_FAULT,REAR_BOGIE,2
20.28,RUN_055_SUSPENSION_FAULT,TRAIN001,0.2136933121044996,-0.26558237542712165,0.9374738884583574,30.24441011000912,27.57541555362353,23.961606545213115,119.91469433612092,4.997957725188175,0.2570742627367401,1.2848462973921448,1.2396958070234838,ZONE_01,SUSPENSION_FAULT,REAR_BOGIE,2
20.29,RUN_055_SUSPENSION_FAULT,TRAIN001,0.018020998358593342,-0.005058252562529536,1.9258563935511828,30.36607392209572,27.28859160110271,23.86109825825621,119.22441682047197,5.009481365923079,0.23777356031614985,1.1911222197129399,1.9015328265954456,ZONE_01,SUSPENSION_FAULT,REAR_BOGIE,2
20.3,RUN_055_SUSPENSION_FAULT,TRAIN001,-0.028905515183337328,0.47254448870434407,0.7937772651685139,30.476487279369604,27.34975546667367,23.990204432295386,121.52013575658738,4.980464642133636,0.22565003294918834,1.1238420105997224,1.9921636624575665,ZONE_01,SUSPENSION_FAULT,REAR_BOGIE,2
20.31,RUN_055_SUSPENSION_FAULT,TRAIN001,-0.04389007914203454,-0.20057571392737455,2.0972520515421236,30.116053207375668,27.339634751291918,23.99789138533042,120.17266737776825,4.982991071868423,0.24130917890055073,1.2024414840213444,2.0405033434701467,ZONE_01,SUSPENSION_FAULT,REAR_BOGIE,2
20.32,RUN_055_SUSPENSION_FAULT,TRAIN001,0.0061777544125202035,0.6796601668884139,1.8372122275337324,30.198936443865115,27.509236398637764,24.018795831188857,120.71245144111839,5.005242833015221,0.20311113546379275,1.0166205550857323,1.9090624920533112,ZONE_01,SUSPENSION_FAULT,REAR_BOGIE,2
20.330000000000002,RUN_055_SUSPENSION_FAULT,TRAIN001,0.12365615837798989,0.6284861658034986,1.9042103500809429,30.356741924961987,27.402603352747242,23.897685577016052,120.0677184218196,4.988395740412242,0.23932523237839012,1.1938489697695314,1.904012732516218,ZONE_01,SUSPENSION_FAULT,REAR_BOGIE,2
20.34,RUN_055_SUSPENSION_FAULT,TRAIN001,-0.00023341525236268896,0.922311807005469,2.070617839769121,30.35927958107993,27.376538997351886,24.07011227438482,120.15772198560488,5.012481714485895,0.21808878455628553,1.093166044722835,2.3108845969360168,ZONE_01,SUSPENSION_FAULT,REAR_BOGIE,2
20.35,RUN_055_SUSPENSION_FAULT,TRAIN001,-0.05204336074175058,0.9909511176130166,1.626440161310221,30.197094136034362,27.14143186547634,23.984423846631206,121.71641611052821,4.983987085089829,0.24197259448628405,1.2059882858653181,2.248491043812077,ZONE_01,SUSPENSION_FAULT,REAR_BOGIE,2
20.36,RUN_055_SUSPENSION_FAULT,TRAIN001,0.04746750569604265,0.5016490192491193,1.9917721566046214,30.347943637180165,27.433003036995526,23.969999383767515,120.84662819325602,5.002436086874275,0.21633302023629736,1.0821921072125567,2.1101989091879694,ZONE_01,SUSPENSION_FAULT,REAR_BOGIE,2
20.37,RUN_055_SUSPENSION_FAULT,TRAIN001,0.08162632546737818,0.5289748316998057,2.6650637894563185,30.246035560514752,27.523989155973002,23.974894458094425,119.4493549209189,4.999823339775249,0.25150910677714333,1.2575011022303866,2.261893089943897,ZONE_01,SUSPENSION_FAULT,REAR_BOGIE,2
20.38,RUN_055_SUSPENSION_FAULT,TRAIN001,0.15139954266824962,0.37671880189657236,2.0794538985078925,30.36509020003686,27.48830751616371,23.973882145609405,118.87167687265249,5.013037443939027,0.21709070871886446,1.0882838515389281,2.2667677078006676,ZONE_01,SUSPENSION_FAULT,REAR_BOGIE,2
20.39,RUN_055_SUSPENSION_FAULT,TRAIN001,0.05921117284439612,0.4547379563137586,1.7108447945934369,30.439207966516665,27.320557314241594,24.110002380953155,120.37375503902793,4.986108159732044,0.21355635922909627,1.0648151053148647,2.2740420613222483,ZONE_01,SUSPENSION_FAULT,REAR_BOGIE,2
20.400000000000002,RUN_055_SUSPENSION_FAULT,TRAIN001,0.14031853277902953,0.7112476861960693,1.6528369039965747,30.323898694237634,27.507367284721706,23.98500470809319,119.51265841940162,4.981534649496264,0.22281048965844136,1.1099381745047545,1.5746696221401961,ZONE_01,SUSPENSION_FAULT,REAR_BOGIE,2
20.41,RUN_055_SUSPENSION_FAULT,TRAIN001,0.029442881492171665,0.1367468929698369,1.1273310255659783,30.355725584390804,27.30172292137097,24.083072241000014,120.50559703834821,4.999013102210648,0.2058822174870696,1.0292079027300431,2.1731346908137366,ZONE_01,SUSPENSION_FAULT,REAR_BOGIE,2
20.42,RUN_055_SUSPENSION_FAULT,TRAIN001,0.07453077777107654,-0.14377868168251418,1.2590761348867114,30.50749781931853,27.55408767069006,23.90835301999782,121.4465365279119,4.993934738215327,0.22669471786005607,1.1320986264912567,1.7755467557250433,ZONE_01,SUSPENSION_FAULT,REAR_BOGIE,2
20.43,RUN_055_SUSPENSION_FAULT,TRAIN001,-0.12755288116188704,-0.5326584431601848,4.787663462678845,30.315444176780243,27.367899057784825,24.09306943541144,119.07627246511235,4.985430269556402,0.2511938544014623,1.2523094452595938,1.992155875219492,ZONE_01,SUSPENSION_FAULT,REAR_BOGIE,2
20.44,RUN_055_SUSPENSION_FAULT,TRAIN001,-0.05988574286464805,-0.7597945975618795,0.9999378046840559,30.215723361679732,27.34588395251438,23.98667733958079,119.55427616656951,5.004481954828719,0.23512938234587832,1.1767007509999705,2.1123906175856075,ZONE_01,SUSPENSION_FAULT,REAR_BOGIE,2
20.45,RUN_055_SUSPENSION_FAULT,TRAIN001,-0.009767054330118364,-0.47240516069466837,0.6666002406948981,30.301785710605785,27.546737847398283,23.966815371642678,119.64675286094798,4.998540407448043,0.19867928879387547,0.9931064531592256,0.9143159857871013,ZONE_01,SUSPENSION_FAULT,REAR_BOGIE,2
20.46,RUN_055_SUSPENSION_FAULT,TRAIN001,0.03128608625731825,-0.47644121059958017,0.5891364904428802,30.366977051372082,27.294810313628524,23.89976735825465,120.24806061758996,4.967572206212188,0.25411447557760836,1.2623320060755132,1.6554676362555396,ZONE_01,SUSPENSION_FAULT,REAR_BOGIE,2
20.47,RUN_055_SUSPENSION_FAULT,TRAIN001,-0.0368225715872389,-0.8683878228399862,0.4649963988520942,30.441690428819598,27.280167422147,24.01981824183992,121.03109725459714,5.054135722416943,0.2570203139476109,1.2990155501094378,1.2526345427275145,ZONE_01,SUSPENSION_FAULT,REAR_BOGIE,2
20.48,RUN_055_SUSPENSION_FAULT,TRAIN001,-0.018434262933895423,-0.8298580471650385,0.12405085781477747,30.441004964466188,27.387191525709248,24.02167022481053,120.56241982115985,4.9907623513709005,0.2259438481430959,1.127632050836427,1.8088583069924993,ZONE_01,SUSPENSION_FAULT,REAR_BOGIE,2
20.490000000000002,RUN_055_SUSPENSION_FAULT,TRAIN001,-0.0990741599428846,-0.8150533695056401,-0.1704874850881366,30.433351064388116,27.430066056508164,24.037497336018706,118.79797463644395,4.981221981215498,0.21472507685646428,1.069593272755607,1.0441443772431858,ZONE_01,SUSPENSION_FAULT,REAR_BOGIE,2
20.5,RUN_055_SUSPENSION_FAULT,TRAIN001,-0.051741806679377646,-0.23789856812720672,0.14103982467923074,30.290787090706917,27.3747796333071,24.003684405728297,119.68867029136682,5.027019294674714,0.26547316440824,1.334538719698575,1.4620132764661522,ZONE_01,SUSPENSION_FAULT,REAR_BOGIE,2
20.51,RUN_055_SUSPENSION_FAULT,TRAIN001,0.037632611968858753,-0.25934410981626027,-0.4158928010007531,30.29531272292041,27.270171320297703,23.98708738575324,119.08885403317908,5.008052329888349,0.22446570265082716,1.1241359851405002,1.3519690929108292,ZONE_01,SUSPENSION_FAULT,REAR_BOGIE,2
20.52,RUN_055_SUSPENSION_FAULT,TRAIN001,0.11184009813896763,-0.42779360562117835,-0.28994354442299275,30.1873843064349,27.269286417061178,23.998218534492683,119.40197677717552,5.006314138728492,0.24243529064354447,1.213707223275528,1.2991480962554758,ZONE_01,SUSPENSION_FAULT,REAR_BOGIE,2
20.53,RUN_055_SUSPENSION_FAULT,TRAIN001,-0.037198101675779985,-0.7365695615079477,-0.0029635441033085963,30.289685277017856,27.605116799676743,24.056172200602795,118.84650379835293,5.002340498296239,0.23455214009092273,1.1733096693388758,1.6163666705283293,ZONE_01,SUSPENSION_FAULT,REAR_BOGIE,2
20.54,RUN_055_SUSPENSION_FAULT,TRAIN001,0.05844691507504664,-0.4373047488669286,-0.5723049540870933,30.391843389940654,27.356237210008697,24.075788515491915,119.66795266798502,4.977639602291193,0.21528103830103557,1.0715914218696017,1.1599050896582517,ZONE_01,SUSPENSION_FAULT,REAR_BOGIE,2
20.55,RUN_055_SUSPENSION_FAULT,TRAIN001,-0.03457219664960834,-0.1834211725571968,1.1978263240877456,30.466470592473613,27.33545099002435,24.003258111287682,121.03612372361295,5.022404766201602,0.23605207850366589,1.1855490841486063,1.5927205355076717,ZONE_01,SUSPENSION_FAULT,REAR_BOGIE,2
20.56,RUN_055_SUSPENSION_FAULT,TRAIN001,-0.07351990038642034,0.0570196893273375,1.8689853160036085,30.27641957583715,27.39889365861872,23.978595274181586,119.19231468302831,5.002558525045992,0.2456562427298308,1.2289097312988826,1.421645055418899,ZONE_01,SUSPENSION_FAULT,REAR_BOGIE,2
20.57,RUN_055_SUSPENSION_FAULT,TRAIN001,0.09833984938539032,0.46678070137156163,1.7556551598758827,30.210394398565963,27.52442976607068,24.03417211321708,120.97394726705518,5.002334964971663,0.2276066745832992,1.1385648265289647,1.6111927821883008,ZONE_01,SUSPENSION_FAULT,REAR_BOGIE,2
20.580000000000002,RUN_055_SUSPENSION_FAULT,TRAIN001,0.0378898428933355,0.1769474396811584,2.1199356343737192,30.339783305914974,27.460412382221826,24.03872517258179,119.90995973344604,5.022449492463536,0.19512005293670687,0.9799806108414216,1.9285513916526424,ZONE_01,SUSPENSION_FAULT,REAR_BOGIE,2
20.59,RUN_055_SUSPENSION_FAULT,TRAIN001,-0.017300893128562464,0.4095726065651642,2.0255347156285772,30.430249931554147,27.44488211233521,24.064395132005796,118.86870670186843,4.977298584221378,0.1993698684265922,0.9923233638560799,2.009980045694619,ZONE_01,SUSPENSION_FAULT,REAR_BOGIE,2
20.6,RUN_055_SUSPENSION_FAULT,TRAIN001,-0.016432286267065378,0.6365603739195521,1.4065293358333841,30.249749744517807,27.294918412420657,24.0899073303875,119.85063652417415,4.980124893697403,0.2168046996579539,1.0797144818371651,2.34739214623358,ZONE_01,SUSPENSION_FAULT,REAR_BOGIE,2
20.61,RUN_055_SUSPENSION_FAULT,TRAIN001,0.16803192616844473,0.6615659675798171,1.2283672687136984,30.273221535634626,27.470113732728443,24.105991372743453,120.49985665657698,4.96153854529682,0.2240394849794842,1.1115805403941588,1.9325681941023403,ZONE_01,SUSPENSION_FAULT,REAR_BOGIE,2
20.62,RUN_055_SUSPENSION_FAULT,TRAIN001,-0.0006033365090072937,0.46433746281757954,1.5974140450080179,30.376414788958165,27.515200599447372,24.034585017677703,120.71861424853724,4.993511196488224,0.24593454445881752,1.2280769013583361,2.1688056687523143,ZONE_01,SUSPENSION_FAULT,REAR_BOGIE,2
20.63,RUN_055_SUSPENSION_FAULT,TRAIN001,-0.03249348948727201,0.5702355021296965,1.7255667442993485,30.41197629613912,27.435023719357076,24.049678252959662,120.22645387287585,4.985388859863998,0.20576331164564343,1.0258101216469149,1.925393354392289,ZONE_01,SUSPENSION_FAULT,REAR_BOGIE,2
20.64,RUN_055_SUSPENSION_FAULT,TRAIN001,0.10323614231045741,1.073231341016666,1.5621223797801906,30.315027889165496,27.427305121089613,23.97972494237359,119.12053162796589,5.0000533238872915,0.2217432290578824,1.108727969500366,2.493665168217143,ZONE_01,SUSPENSION_FAULT,REAR_BOGIE,2
20.650000000000002,RUN_055_SUSPENSION_FAULT,TRAIN001,-0.07403367838739805,0.7911115525079384,2.159411614818028,30.548987929206557,27.508622179440934,23.999069132924514,119.96665152990587,5.013124981277379,0.23196476854391343,1.1628683759637175,2.0772667307729242,ZONE_01,SUSPENSION_FAULT,REAR_BOGIE,2
20.66,RUN_055_SUSPENSION_FAULT,TRAIN001,-0.03719799466419645,0.7987885663480037,1.5784551812991925,30.405209322712683,27.417324029255468,23.984379345408943,118.79205931922854,4.995729261231903,0.19869005316071808,0.9926017124907216,2.343393584502616,ZONE_01,SUSPENSION_FAULT,REAR_BOGIE,2
20.67,RUN_055_SUSPENSION_FAULT,TRAIN001,0.0884727054466723,1.1366116739978793,2.006011103168193,30.45701605783985,27.44385447025503,23.93816677762092,120.61196551688619,5.010670711654315,0.19074183755149804,0.9557445389064164,2.4012169222879125,ZONE_01,SUSPENSION_FAULT,REAR_BOGIE,2
20.68,RUN_055_SUSPENSION_FAULT,TRAIN001,0.1275957945159679,0.5268702397517913,1.2700833520857058,30.429719228243048,27.296536977568987,23.98002323059974,120.85713759979465,5.012034899054873,0.2514892158519725,1.26047272658603,2.304461125388544,ZONE_01,SUSPENSION_FAULT,REAR_BOGIE,2
20.69,RUN_055_SUSPENSION_FAULT,TRAIN001,0.038446375718628155,-0.142441699715383,1.700983317479266,30.4401386267119,27.404126001976717,23.980493845900565,118.58425839300082,4.961466345120644,0.2044661154694286,1.0144517506191215,1.9326596320318388,ZONE_01,SUSPENSION_FAULT,REAR_BOGIE,2
20.7,RUN_055_SUSPENSION_FAULT,TRAIN001,0.16559894457723978,-0.19650669023783462,1.6350014858545516,30.47583589722926,27.305131847341716,23.961579449135105,120.33483544798283,5.001342053050797,0.22340896237020472,1.1173446385305479,1.9075357134217354,ZONE_01,SUSPENSION_FAULT,REAR_BOGIE,2
20.71,RUN_055_SUSPENSION_FAULT,TRAIN001,0.07172000959442403,-0.07602777162819546,1.6799990078031848,30.425990078456863,27.469027542668154,24.021684066658405,119.47386107890694,5.006185573583064,0.22591295780446088,1.1309621902461715,1.9281405442958555,ZONE_01,SUSPENSION_FAULT,REAR_BOGIE,2
20.72,RUN_055_SUSPENSION_FAULT,TRAIN001,0.1255025652380803,0.21887712293261935,0.7468901587818364,30.44897605902884,27.45423188295226,23.954495983197084,118.93805510700122,4.973169455156925,0.23260506262891587,1.156784392580988,1.882811881271649,ZONE_01,SUSPENSION_FAULT,REAR_BOGIE,2
20.73,RUN_055_SUSPENSION_FAULT,TRAIN001,0.13106700623671205,-0.14956569127696812,0.2044402246650685,30.185610095636715,27.399858513532518,24.101823494366805,119.15491411875969,5.011010339264226,0.2222620886869374,1.1137576244367058,1.869604864342787,ZONE_01,SUSPENSION_FAULT,REAR_BOGIE,2
20.740000000000002,RUN_055_SUSPENSION_FAULT,TRAIN001,-0.04431662378875333,-0.7034828588443659,1.1266342916064893,30.31876314954193,27.38314231080553,23.985739044036148,119.14100314233104,4.971599305312706,0.21876673616904396,1.087620553563547,1.6549470745092822,ZONE_01,SUSPENSION_FAULT,REAR_BOGIE,2
20.75,RUN_055_SUSPENSION_FAULT,TRAIN001,-0.02234435154133273,-0.8268832639013699,0.8200421662327715,30.634155968074772,27.54376899647876,23.940244475159346,119.42256024584454,4.968173693851451,0.23358402278427226,1.1604859973008195,1.30915938617593,ZONE_01,SUSPENSION_FAULT,REAR_BOGIE,2
20.76,RUN_055_SUSPENSION_FAULT,TRAIN001,0.023831862063874235,-0.9603495153692738,-0.2830863472752181,30.3174170847796,27.303328699365697,23.912965181287785,120.08546145844745,4.9854767542015725,0.27545411918137797,1.3732701080278293,1.2313727465300146,ZONE_01,SUSPENSION_FAULT,REAR_BOGIE,2
20.77,RUN_055_SUSPENSION_FAULT,TRAIN001,0.1502590328645014,-0.9546953222834009,0.27461629475246385,30.409246283033852,27.371726387393245,23.957925892615602,118.26042843592757,4.997945147336385,0.20783231858726742,1.0387345281429028,1.438721681908614,ZONE_01,SUSPENSION_FAULT,REAR_BOGIE,2
20.78,RUN_055_SUSPENSION_FAULT,TRAIN001,-0.2317153163707913,-0.843511359303624,-0.39818110099019505,30.48329759187467,27.3282773704427,24.038884373481384,119.60978294880822,4.980581450830754,0.23419421712133984,1.1664233736863754,1.5998968322517513,ZONE_01,SUSPENSION_FAULT,REAR_BOGIE,2
20.79,RUN_055_SUSPENSION_FAULT,TRAIN001,-0.07538202448641956,-0.41858978811569697,0.4091985332096562,30.4077768667278,27.37246985153631,23.958650592432605,121.04012294001753,5.008577326554659,0.22361482434266214,1.1199921390841603,1.4015079958469112,ZONE_01,SUSPENSION_FAULT,REAR_BOGIE,2
20.8,RUN_055_SUSPENSION_FAULT,TRAIN001,-0.056060186476325005,-0.22544391441581146,-0.39429232435234973,30.378529532392182,27.293179644304416,24.066437853920498,118.60599111708619,4.956622136144529,0.23065984104905443,1.1432936740633217,1.1330830096502649,ZONE_01,SUSPENSION_FAULT,REAR_BOGIE,2
20.81,RUN_055_SUSPENSION_FAULT,TRAIN001,0.12087784286143284,-0.40206735508935576,-0.19974710078341162,30.42535813923999,27.357010031940078,23.990112107453097,119.57545429649511,5.030281747514248,0.23245983527386288,1.1693384664082813,1.324583966097266,ZONE_01,SUSPENSION_FAULT,REAR_BOGIE,2
20.82,RUN_055_SUSPENSION_FAULT,TRAIN001,-0.1853200523571784,-1.0412078867030343,-0.1527356417644246,30.442062831375843,27.42944913163115,24.020822722158705,121.7671565214217,4.969740122660835,0.19339431289349482,0.9611194762812248,1.4527676213128702,ZONE_01,SUSPENSION_FAULT,REAR_BOGIE,2
20.830000000000002,RUN_055_SUSPENSION_FAULT,TRAIN001,0.13338337229862887,-0.966995029480622,0.41445316911334834,30.62075981241389,27.34316459651084,24.023747284962006,119.78075861904,4.973617748963801,0.20882931209691252,1.038637173149105,1.703914142142943,ZONE_01,SUSPENSION_FAULT,REAR_BOGIE,2
20.84,RUN_055_SUSPENSION_FAULT,TRAIN001,0.1390846706651307,-0.6316054721120103,1.1054410730773256,30.446019265046523,27.362623504205626,24.000713959857528,118.52258495104358,5.012661007295471,0.2073405459098172,1.0393278697134973,1.929626704559737,ZONE_01,SUSPENSION_FAULT,REAR_BOGIE,2
20.85,RUN_055_SUSPENSION_FAULT,TRAIN001,-0.12082407073319623,-0.3150861398893256,0.08082575150907878,30.44193563288913,27.470959456275118,24.00200415548006,120.17176914396356,5.002242575870469,0.27267596017058876,1.3639912973816795,2.195636708345676,ZONE_01,SUSPENSION_FAULT,REAR_BOGIE,2
20.86,RUN_055_SUSPENSION_FAULT,TRAIN001,-0.01743824607822683,0.2562377691979735,1.0490567138422393,30.264255366348404,27.50405321328167,23.950655742940466,119.98898340154528,4.989557836665453,0.22402909993884795,1.1178061512409867,1.982708808973944,ZONE_01,SUSPENSION_FAULT,REAR_BOGIE,2
20.87,RUN_055_SUSPENSION_FAULT,TRAIN001,0.05882092171403417,0.302384676186087,0.6795412795114554,30.33961750860094,27.538747792075498,23.97782121808438,120.58691156135143,5.005216458196868,0.27594732735988714,1.381176104497146,1.8039512374032394,ZONE_01,SUSPENSION_FAULT,REAR_BOGIE,2
20.88,RUN_055_SUSPENSION_FAULT,TRAIN001,0.10387902737809991,0.49785690958665063,1.6628688893623569,30.03452938563509,27.501270360200554,24.023300406718846,119.73258226840983,4.998699345556117,0.2539246102721882,1.2692927831881793,2.0258996802939326,ZONE_01,SUSPENSION_FAULT,REAR_BOGIE,2
20.89,RUN_055_SUSPENSION_FAULT,TRAIN001,-0.15082933318445166,0.9699473560458786,1.1705643199999927,30.27934233938742,27.30504614119152,24.029250450866705,120.45586153476528,5.0370076008047535,0.26307288444960997,1.325100118538316,2.055354695577679,ZONE_01,SUSPENSION_FAULT,REAR_BOGIE,2
20.900000000000002,RUN_055_SUSPENSION_FAULT,TRAIN001,0.22205077273859894,0.6171521709155043,1.7274543280833434,30.495275022094177,27.498487314227848,24.0324584366413,119.05095303208365,4.98320978046299,0.2553091712685176,1.2722591593071775,2.2599019430825855,ZONE_01,SUSPENSION_FAULT,REAR_BOGIE,2
20.91,RUN_055_SUSPENSION_FAULT,TRAIN001,-0.11444655998086134,0.3335988097499306,2.060120194604961,30.275248407720383,27.38267483769683,23.978572669745716,121.23713112997542,4.981766201983689,0.19701844060676293,0.9814998085823023,2.3834254930005025,ZONE_01,SUSPENSION_FAULT,REAR_BOGIE,2
20.92,RUN_055_SUSPENSION_FAULT,TRAIN001,-0.04414603961891263,0.2501775621476894,2.291413272899803,30.3620156820924,27.32966082105426,24.038746688552834,119.76105947414396,4.977767288438537,0.20205184296314552,1.005767054470666,2.1569273337513835,ZONE_01,SUSPENSION_FAULT,REAR_BOGIE,2
20.93,RUN_055_SUSPENSION_FAULT,TRAIN001,-0.115002200436591,0.7936700276083785,1.9424006270921248,30.17006875714359,27.434234532523174,24.112920446451685,120.14527499809479,5.031968346288077,0.2180274515474592,1.0971072348086721,2.089873614220932,ZONE_01,SUSPENSION_FAULT,REAR_BOGIE,2
20.94,RUN_055_SUSPENSION_FAULT,TRAIN001,0.17936118577804486,1.34112165992487,1.5015845524576308,30.379344262287518,27.42241506272207,23.991031059812915,117.58728183825619,4.999260385791527,0.21794101754869308,1.0895438954702774,1.9820223433298243,ZONE_01,SUSPENSION_FAULT,REAR_BOGIE,2
20.95,RUN_055_SUSPENSION_FAULT,TRAIN001,0.014017276745670423,0.905165676610882,1.5421085670393486,30.382970490299346,27.345649841857647,24.050243115981882,119.31851245933977,4.990839991346241,0.2306058900659272,1.1509170983810242,1.674266621136452,ZONE_01,SUSPENSION_FAULT,REAR_BOGIE,2
20.96,RUN_055_SUSPENSION_FAULT,TRAIN001,-0.017655343979268236,1.240964095515212,1.6978820689183116,30.48786991830533,27.324865692445957,24.070106768810316,120.41147629927852,5.013593317961568,0.23417070723170047,1.1740366930391881,2.1320349722525673,ZONE_01,SUSPENSION_FAULT,REAR_BOGIE,2
20.97,RUN_055_SUSPENSION_FAULT,TRAIN001,0.0695837651319571,0.4647776457343233,0.7241832332324968,30.590608449181623,27.47932461273926,23.92603069434616,119.74166001313309,5.0257857374443935,0.20554448097868117,1.0330225209130663,1.8715872694810125,ZONE_01,SUSPENSION_FAULT,REAR_BOGIE,2
20.98,RUN_055_SUSPENSION_FAULT,TRAIN001,-0.007117111153596746,0.09968367106532416,1.747603425429064,30.363916385159143,27.574203236718795,24.054826645941866,119.09505640553226,4.991119006186662,0.233987570527896,1.1678598104732238,2.1224356153816237,ZONE_01,SUSPENSION_FAULT,REAR_BOGIE,2
20.990000000000002,RUN_055_SUSPENSION_FAULT,TRAIN001,-0.046709250615738565,0.056958996674017354,1.6192130067845558,30.360922001605413,27.48715935654731,23.984084964182127,119.97087636803278,5.012080041065517,0.21594739914232158,1.0823456491612389,1.5605070873492675,ZONE_01,SUSPENSION_FAULT,REAR_BOGIE,2
21.0,RUN_055_SUSPENSION_FAULT,TRAIN001,0.22775479328937331,-0.26798302962737774,1.2907922875359286,30.46602831920426,27.32415849576173,23.936243540930302,119.69454082821083,4.994493107224853,0.219563219307539,1.0966069854316023,1.9432611747077821,ZONE_01,SUSPENSION_FAULT,REAR_BOGIE,2
21.01,RUN_055_SUSPENSION_FAULT,TRAIN001,-0.0720510568514686,-0.5302335577539964,0.8934217103973954,30.341425431801383,27.37226854369015,23.991815515276596,122.42205832539321,5.015291634253001,0.23860156085919912,1.1966564120968495,1.293118027679447,ZONE_01,SUSPENSION_FAULT,REAR_BOGIE,2
21.02,RUN_055_SUSPENSION_FAULT,TRAIN001,0.054276081490993215,-0.12954612952137315,0.9599562466026672,30.38808757687197,27.47730686897945,23.906074947906653,120.22363226166752,4.984683044452392,0.24044315422700072,1.198532914029982,1.518827089375302,ZONE_01,SUSPENSION_FAULT,REAR_BOGIE,2
21.03,RUN_055_SUSPENSION_FAULT,TRAIN001,0.011021695310333895,-0.7807475232496629,0.08568775227527753,30.50749966021705,27.369923751108644,23.94566349648191,119.71601767383615,5.01586744838563,0.18939787824773738,0.9499946522961307,1.2371969820295239,ZONE_01,SUSPENSION_FAULT,REAR_BOGIE,2
21.04,RUN_055_SUSPENSION_FAULT,TRAIN001,-0.17327039217253137,-0.7149967566057607,0.4423483049160486,30.36942073324652,27.42227880796424,23.980907911586186,120.67518350590649,4.975490549502986,0.2859703796671551,1.422842921471711,1.1093709002449277,ZONE_01,SUSPENSION_FAULT,REAR_BOGIE,2
21.05,RUN_055_SUSPENSION_FAULT,TRAIN001,0.08846954994327437,-0.4408190788879477,0.4019327506988246,30.4200433825173,27.237088926976632,23.945994650548005,119.7728562902839,5.006276092456687,0.22189842588225023,1.1108847844480816,1.4591243246798915,ZONE_01,SUSPENSION_FAULT,REAR_BOGIE,2
21.06,RUN_055_SUSPENSION_FAULT,TRAIN001,0.0564373417171074,-0.07637662407926138,0.7564216157451563,30.503871323838535,27.629800126693883,23.90012645249312,119.37629730063219,5.031354469184108,0.21918172684627785,1.1027809609315105,1.0814056357128519,ZONE_01,SUSPENSION_FAULT,REAR_BOGIE,2
21.07,RUN_055_SUSPENSION_FAULT,TRAIN001,0.039017456242974084,-1.0853479205475827,-0.07032090899293873,30.31637213034345,27.4785166850425,24.02897320859711,119.52005581683643,5.005854822987562,0.23181455432768783,1.1604300048199683,1.265006298187548,ZONE_01,SUSPENSION_FAULT,REAR_BOGIE,2
21.080000000000002,RUN_055_SUSPENSION_FAULT,TRAIN001,-0.10631111466420183,-0.6813660286259167,0.10469094309683391,30.288222722138435,27.377505824551875,23.97363236986945,119.97977728011413,5.013862189440983,0.20783155371848913,1.0420387689619053,1.6424268117880676,ZONE_01,SUSPENSION_FAULT,REAR_BOGIE,2
21.09,RUN_055_SUSPENSION_FAULT,TRAIN001,-0.05059865004633194,-0.576792840062795,0.34555345576610014,30.427418637865678,27.397281380417027,24.010147478744717,121.87918947539048,4.9832971190720485,0.22969894343674485,1.144658083082224,1.1354928588431266,ZONE_01,SUSPENSION_FAULT,REAR_BOGIE,2
21.1,RUN_055_SUSPENSION_FAULT,TRAIN001,-0.0006328142680716131,-0.2989798696092162,-0.6619075911766147,30.38018968462554,27.43905853608223,23.981887147464345,118.32407120671051,4.998815978684523,0.2353611026619094,1.1765268407471612,1.4576976367211876,ZONE_01,SUSPENSION_FAULT,REAR_BOGIE,2
21.11,RUN_055_SUSPENSION_FAULT,TRAIN001,-0.08881825583824023,-0.13231636587303125,0.7082210713520447,30.43310590962149,27.424247068982563,24.101362699618154,121.54603397094128,4.993958358905868,0.19980058272297885,0.9977957902036836,1.3455874574101772,ZONE_01,SUSPENSION_FAULT,REAR_BOGIE,2
21.12,RUN_055_SUSPENSION_FAULT,TRAIN001,-0.03619417862001926,0.1671395761603538,0.9757687723796354,30.399905527056763,27.43750241455573,24.039344422994876,119.43879901085843,4.98368184173221,0.2523035136292899,1.257400439479527,1.5512842458375513,ZONE_01,SUSPENSION_FAULT,REAR_BOGIE,2
21.13,RUN_055_SUSPENSION_FAULT,TRAIN001,0.19900575872899723,-0.31762813456630895,0.5094419500688359,30.570407961295064,27.48166567598113,23.9482845581684,119.41612465210164,4.984695084670905,0.21726703027717648,1.0830098978836864,1.7685896388734812,ZONE_01,SUSPENSION_FAULT,REAR_BOGIE,2
21.14,RUN_055_SUSPENSION_FAULT,TRAIN001,0.04228581754503191,0.3641018777968041,0.22971529524696566,30.391332945772685,27.444649580862716,23.95520942853662,120.91823894987853,5.042584871821937,0.22423745764929595,1.130736411638152,1.4035197720192136,ZONE_01,SUSPENSION_FAULT,REAR_BOGIE,2
21.150000000000002,RUN_055_SUSPENSION_FAULT,TRAIN001,-0.06816284150201726,-0.2099804014871945,1.0091555644525192,30.343172522919943,27.533751827494104,24.0304515224064,121.80821189698744,4.9979218603132916,0.24266808036171095,1.2128361036400577,2.2431754791720566,ZONE_01,SUSPENSION_FAULT,REAR_BOGIE,2
21.16,RUN_055_SUSPENSION_FAULT,TRAIN001,0.15022837472096537,-0.02813418724110056,1.093282064383291,30.47526602250293,27.543715344464015,24.013998395922837,120.33790666794063,4.979070851289571,0.22314623838144063,1.1110609310999453,2.1884267563877047,ZONE_01,SUSPENSION_FAULT,REAR_BOGIE,2
21.17,RUN_055_SUSPENSION_FAULT,TRAIN001,0.12715365439192086,0.3264480118347132,2.3150138460172216,30.53364965138672,27.478753606833983,24.13119007412504,120.57702897995485,5.040526307545436,0.20428426338935726,1.0297002038315963,1.629729084403211,ZONE_01,SUSPENSION_FAULT,REAR_BOGIE,2
21.18,RUN_055_SUSPENSION_FAULT,TRAIN001,0.22928061785091436,0.5633140508847526,1.5825180694786345,30.476735303044975,27.632068431408044,24.050687129274785,120.38823194591549,5.014062348180122,0.2639741540835062,1.3235828668828065,1.924570072541169,ZONE_01,SUSPENSION_FAULT,REAR_BOGIE,2
21.19,RUN_055_SUSPENSION_FAULT,TRAIN001,-0.10147177399425436,0.8845231974370071,2.2152854381201124,30.371937115238122,27.450153439930776,23.994772492980974,118.75341202439438,4.967937144284362,0.2254706283146465,1.120123909349466,2.477494790461261,ZONE_01,SUSPENSION_FAULT,REAR_BOGIE,2
21.2,RUN_055_SUSPENSION_FAULT,TRAIN001,0.18108548638351216,1.007871082087746,1.641921467897936,30.589578151398772,27.371894815239507,23.885321989479436,120.66453796448977,4.942440848772032,0.2498733365130002,1.2349841854008121,2.0022768563598192,ZONE_01,SUSPENSION_FAULT,REAR_BOGIE,2
21.21,RUN_055_SUSPENSION_FAULT,TRAIN001,0.027412059408390945,0.46827914992697184,1.954755637104805,30.41933687451743,27.36943764805929,24.018725293899355,120.54753459695256,5.035785680000604,0.2346668626135391,1.1817320263199294,2.4355459888264126,ZONE_01,SUSPENSION_FAULT,REAR_BOGIE,2
21.22,RUN_055_SUSPENSION_FAULT,TRAIN001,0.035495128846600034,0.1400933192773498,2.182343127824465,30.441457561294254,27.651170691910874,24.013452659508683,118.46480250302822,4.992107358022265,0.2345098701605738,1.1706984483574465,2.298717598105121,ZONE_01,SUSPENSION_FAULT,REAR_BOGIE,2
21.23,RUN_055_SUSPENSION_FAULT,TRAIN001,0.00023408078351359505,0.607620610305669,2.172897735939692,30.44765056000152,27.595106194343796,24.01201273805626,120.3745430071763,4.998164490606651,0.1862009699974777,0.9306630763579076,2.3370301279557624,ZONE_01,SUSPENSION_FAULT,REAR_BOGIE,2
21.240000000000002,RUN_055_SUSPENSION_FAULT,TRAIN001,-0.007843931154737306,1.1410562443484684,0.9949031894343772,30.606742710292778,27.31121245133579,24.00843802600665,119.10162390478965,4.982344830740488,0.22044065921043307,1.0983113789021268,2.099507074770185,ZONE_01,SUSPENSION_FAULT,REAR_BOGIE,2
21.25,RUN_055_SUSPENSION_FAULT,TRAIN001,-0.005208436261576039,0.6370015877447486,1.616893687984771,30.447346404421168,27.409031180011144,23.917709545512484,121.44682195090283,5.039628123225609,0.23121319496013615,1.1652285197819476,1.7942162500877261,ZONE_01,SUSPENSION_FAULT,REAR_BOGIE,2
21.26,RUN_055_SUSPENSION_FAULT,TRAIN001,0.09058880694526354,0.17068613333404634,0.7022155917448045,30.43896440943882,27.4096460570213,24.120415934948223,120.0016048484478,5.029555040469845,0.25588203469359594,1.286972777358855,2.021842018345419,ZONE_01,SUSPENSION_FAULT,REAR_BOGIE,2
21.27,RUN_055_SUSPENSION_FAULT,TRAIN001,-0.20818528239510845,0.4740058969254144,1.0537283409815492,30.285987302183607,27.36742462339616,23.93159167067556,120.5021116200165,5.010251187520525,0.23093757673954673,1.1570552681024264,2.051158077578714,ZONE_01,SUSPENSION_FAULT,REAR_BOGIE,2
21.28,RUN_055_SUSPENSION_FAULT,TRAIN001,-0.09681013964705984,0.28569293100890536,0.9778961227647566,30.477339444730973,27.2556454413701,23.938415769968632,119.90708247824381,4.99909546520697,0.23363296149180895,1.1679534783165768,2.0064632448022732,ZONE_01,SUSPENSION_FAULT,REAR_BOGIE,2
21.29,RUN_055_SUSPENSION_FAULT,TRAIN001,0.18865999281757417,0.26488277476678995,1.4117203333315507,30.495774462140545,27.337023551077642,23.932512480269647,119.77930644383498,5.014426015254926,0.24416304795880667,1.2243375396485763,1.495292099651498,ZONE_01,SUSPENSION_FAULT,REAR_BOGIE,2
21.3,RUN_055_SUSPENSION_FAULT,TRAIN001,-0.005663077281249706,0.2697432638141647,0.5965800362084224,30.3903871963941,27.3882552897485,24.02069003406899,120.82000820832917,5.008048860073559,0.21937561993682908,1.098643823352567,1.4709465011187794,ZONE_01,SUSPENSION_FAULT,REAR_BOGIE,2
21.31,RUN_055_SUSPENSION_FAULT,TRAIN001,0.14582612525820116,-0.38566315085920744,0.8277602885529554,30.430842930030966,27.43673066626104,24.03340681772135,119.40710432048554,5.024360334677483,0.22114881855909072,1.1111313520290829,1.6350833974147432,ZONE_01,SUSPENSION_FAULT,REAR_BOGIE,2
21.32,RUN_055_SUSPENSION_FAULT,TRAIN001,-0.1208697105193437,-0.18538223734176945,-0.3895052248881693,30.76199753540061,27.429175816322424,24.027735194895893,119.95851369669455,5.00850772523079,0.23111738994099615,1.157553232954656,1.5063465257701927,ZONE_01,SUSPENSION_FAULT,REAR_BOGIE,2
21.330000000000002,RUN_055_SUSPENSION_FAULT,TRAIN001,-0.022255628176982553,-0.4114001828262066,0.585587395261725,30.321094866824577,27.486032305238105,24.09627781269052,118.85231919579411,4.995857032726855,0.2170174696825425,1.084188252138117,1.4938390039557212,ZONE_01,SUSPENSION_FAULT,REAR_BOGIE,2
21.34,RUN_055_SUSPENSION_FAULT,TRAIN001,-0.053559361661483645,-0.6360216574909551,-0.40683168753476334,30.495934987947127,27.505874063310692,24.047163875723147,119.6297990968644,4.9847785542469385,0.22152068113691165,1.1042315406534515,1.1623757649811068,ZONE_01,SUSPENSION_FAULT,REAR_BOGIE,2
21.35,RUN_055_SUSPENSION_FAULT,TRAIN001,0.029104746036701025,-1.1790895556950725,-0.3776836564351702,30.610777051385394,27.499263552505763,24.079830375189648,119.14131221095647,4.984409741900886,0.21270641506874197,1.0602159274334508,1.544798116829507,ZONE_01,SUSPENSION_FAULT,REAR_BOGIE,2
21.36,RUN_055_SUSPENSION_FAULT,TRAIN001,0.18612342699776074,-0.8163020174835846,0.3472825129904063,30.489899727229822,27.67302939458356,24.010852392829495,121.31071563033605,5.024061350177024,0.21483413143995062,1.0793398564663066,0.9808536146926476,ZONE_01,SUSPENSION_FAULT,REAR_BOGIE,2
21.37,RUN_055_SUSPENSION_FAULT,TRAIN001,-0.060267724885902596,-0.798414259713986,0.17928494586950602,30.3743818009339,27.464077250712617,23.987641502230698,119.91145552322973,4.99600094574672,0.25986236448343336,1.2982726187232119,1.7114627247050707,ZONE_01,SUSPENSION_FAULT,REAR_BOGIE,2
21.38,RUN_055_SUSPENSION_FAULT,TRAIN001,-0.05965490024769065,-0.040115406737080694,0.876453066504747,30.464078809338314,27.506786848388458,23.905109609814073,120.03975690524497,5.019544072203006,0.21612466692054877,1.0848472906978897,1.3684412900403484,ZONE_01,SUSPENSION_FAULT,REAR_BOGIE,2
21.39,RUN_055_SUSPENSION_FAULT,TRAIN001,-0.018473350502408382,-0.4856637297005711,0.6919881568634509,30.599415327725783,27.44822795055096,23.943095275185794,118.8223817920862,4.987003173780262,0.23119693033616345,1.1529798253547012,1.2263204358937805,ZONE_01,SUSPENSION_FAULT,REAR_BOGIE,2
21.400000000000002,RUN_055_SUSPENSION_FAULT,TRAIN001,-0.02486738575798056,-0.4523804612848244,0.2721473849157153,30.539132532394948,27.54044114174683,24.060432606320482,118.9841830425699,5.00803744295019,0.19520517199636325,0.977594810415319,1.8000928515126013,ZONE_01,SUSPENSION_FAULT,REAR_BOGIE,2
21.41,RUN_055_SUSPENSION_FAULT,TRAIN001,-0.09010531622291652,-0.4178913231155539,0.35700462785622483,30.512993128715916,27.529376032423755,24.065107740847566,119.60157793430447,5.030419393127383,0.22585639561962445,1.1361523925868093,1.4052984123960406,ZONE_01,SUSPENSION_FAULT,REAR_BOGIE,2
21.42,RUN_055_SUSPENSION_FAULT,TRAIN001,-0.02721704715061553,0.026769210724536557,1.12307463340821,30.340015432938486,27.353223267981612,24.080891067371454,119.22617826201709,4.982943076976186,0.23737849061416,1.1828435064288851,1.8071396979803562,ZONE_01,SUSPENSION_FAULT,REAR_BOGIE,2
21.43,RUN_055_SUSPENSION_FAULT,TRAIN001,0.02301479533705271,-0.2669226041980166,1.0826871132504239,30.37072666841674,27.562602561419,23.99993520988401,120.13851445885167,4.949273466125855,0.21330809167063314,1.0557200782154061,1.8074370517546352,ZONE_01,SUSPENSION_FAULT,REAR_BOGIE,2
21.44,RUN_055_SUSPENSION_FAULT,TRAIN001,0.16475288855431708,0.8542472286966647,1.3679274467558746,30.495603706215007,27.40206327856332,23.8934128435022,118.61895336808352,5.000718986514265,0.2546561283522011,1.2734637360830656,1.8016452984375115,ZONE_01,SUSPENSION_FAULT,REAR_BOGIE,2
21.45,RUN_055_SUSPENSION_FAULT,TRAIN001,-0.02883026250431054,0.2510966456077067,1.3869582195492647,30.389195230420793,27.471945525769964,23.99914424897916,120.52321787535357,4.989306781554428,0.20640994396053372,1.0298425331825605,1.7716043895870819,ZONE_01,SUSPENSION_FAULT,REAR_BOGIE,2
21.46,RUN_055_SUSPENSION_FAULT,TRAIN001,-0.02378153613972572,-0.488066389844314,0.9233768461119819,30.617511739260525,27.343747456808394,24.023162969593166,119.89531616502249,5.0075320842320545,0.22116142337981712,1.1074729233688634,2.2026165623035765,ZONE_01,SUSPENSION_FAULT,REAR_BOGIE,2
21.47,RUN_055_SUSPENSION_FAULT,TRAIN001,0.020544657675086078,0.6636233645801338,1.7564019889393958,30.438304430955846,27.50457063900327,23.893449703646084,119.11389949211885,4.983045508712823,0.2289037556461412,1.1406378315000014,2.270076539531755,ZONE_01,SUSPENSION_FAULT,REAR_BOGIE,2
21.48,RUN_055_SUSPENSION_FAULT,TRAIN001,-0.02269046428914602,0.9394010972459151,1.5463166639686252,30.42633850199264,27.592225030098035,23.93542190047798,119.3635574647398,4.993312245203704,0.2223628416929589,1.1103271003037443,1.7190461365704266,ZONE_01,SUSPENSION_FAULT,REAR_BOGIE,2
21.490000000000002,RUN_055_SUSPENSION_FAULT,TRAIN001,-0.10190638534118711,0.783972508371533,1.9221445521027207,30.66111478589994,27.31384492776358,23.949044532802347,118.78463994915363,4.985362310267777,0.2545111406053397,1.2688302479171234,1.9051611066577716,ZONE_01,SUSPENSION_FAULT,REAR_BOGIE,2
21.5,RUN_055_SUSPENSION_FAULT,TRAIN001,0.11134820329550582,1.1207978136081351,0.7508508306414479,30.66091021157572,27.46673359446634,24.053460062210608,120.83640836612625,4.963654744744195,0.21267222935897054,1.0556315203329798,2.095275228728973,ZONE_01,SUSPENSION_FAULT,REAR_BOGIE,2
21.51,RUN_055_SUSPENSION_FAULT,TRAIN001,0.12318602453295435,0.7962626456229425,0.8374628799844532,30.491772046311333,27.579327444961223,24.08931142104903,119.11487113478483,4.986338249510643,0.21690812560406164,1.0815772833291915,2.3157189329888963,ZONE_01,SUSPENSION_FAULT,REAR_BOGIE,2
21.52,RUN_055_SUSPENSION_FAULT,TRAIN001,-0.11353114331927572,0.29480864766903697,1.410924039649308,30.659380937885665,27.451496009068872,24.07646403072166,118.30303287324277,5.001233483795998,0.23259273032456734,1.163250550986759,2.1976504026647445,ZONE_01,SUSPENSION_FAULT,REAR_BOGIE,2
21.53,RUN_055_SUSPENSION_FAULT,TRAIN001,0.06896066487196292,0.6187755107754093,1.6741615617938976,30.51808518906297,27.42282926879042,24.07249170991893,119.82300746330507,5.006917539887385,0.24608069406379265,1.232105743335665,2.0444369475446735,ZONE_01,SUSPENSION_FAULT,REAR_BOGIE,2
21.54,RUN_055_SUSPENSION_FAULT,TRAIN001,0.3330161241462801,0.5787548651352661,1.212520597147072,30.41998540515433,27.337286808697392,23.983168008646086,119.5449672812362,5.001424456852331,0.2538722779221594,1.2697230197167,2.202892377064016,ZONE_01,SUSPENSION_FAULT,REAR_BOGIE,2
21.55,RUN_055_SUSPENSION_FAULT,TRAIN001,0.0009678445554193312,0.3755410951039515,1.2699225091959392,30.404086385144122,27.39084659970425,23.992543000961618,119.52946854562134,4.975884914453017,0.2309274063312587,1.1490681974974724,2.2327531649739716,ZONE_01,SUSPENSION_FAULT,REAR_BOGIE,2
21.56,RUN_055_SUSPENSION_FAULT,TRAIN001,-0.06350120448566882,0.04021128192029863,1.1218995390683217,30.530488333491693,27.462669301207214,23.955771174230744,119.6874780762393,5.046063434699246,0.21832500253169784,1.1016818121558207,1.954611070682062,ZONE_01,SUSPENSION_FAULT,REAR_BOGIE,2
21.57,RUN_055_SUSPENSION_FAULT,TRAIN001,0.012819939336844733,0.041427412293395346,0.6695884774045024,30.469782166541858,27.358461817319025,24.014303680468597,119.85762554020845,4.99010496887631,0.25178651620019743,1.2564411455866609,1.7731640972077458,ZONE_01,SUSPENSION_FAULT,REAR_BOGIE,2
21.580000000000002,RUN_055_SUSPENSION_FAULT,TRAIN001,0.005442648984485379,0.1750053268888138,0.06102741411075341,30.607227974116064,27.462336006313983,23.92045288172925,119.2011214756474,5.018638786716914,0.24449935214461296,1.227053932000112,1.4996798964547464,ZONE_01,SUSPENSION_FAULT,REAR_BOGIE,2
21.59,RUN_055_SUSPENSION_FAULT,TRAIN001,-0.09890147213147127,-0.46436477935044906,0.32409085385232245,30.564429936926306,27.488450878002762,23.927092620536968,119.5839627794603,4.985692638412009,0.22187450572674844,1.1061980898531527,1.3650102544494727,ZONE_01,SUSPENSION_FAULT,REAR_BOGIE,2
21.6,RUN_055_SUSPENSION_FAULT,TRAIN001,-0.0031490381916388296,-0.6384244954376843,0.6806440998610426,30.55380864654184,27.551197664376314,23.915662132838754,119.9833018778127,4.973550025425147,0.2177164498711781,1.0828236547922705,2.0406963715400748,ZONE_01,SUSPENSION_FAULT,REAR_BOGIE,2
21.61,RUN_055_SUSPENSION_FAULT,TRAIN001,0.10195209888424597,-0.7306516867238768,0.6817878550489574,30.466972250775616,27.525319400244538,24.00152312221031,119.25750068549964,5.00972660095037,0.2539763957117516,1.2723523056106596,1.8926462132588782,ZONE_01,SUSPENSION_FAULT,REAR_BOGIE,2
21.62,RUN_055_SUSPENSION_FAULT,TRAIN001,0.07750207007821053,-0.6275936576258598,-0.21025432129897548,30.502595461715178,27.415171669474045,24.0392687620747,119.5139559591679,4.995072570330002,0.23553177710523307,1.1764983192594298,1.273567962228367,ZONE_01,SUSPENSION_FAULT,REAR_BOGIE,2
21.63,RUN_055_SUSPENSION_FAULT,TRAIN001,-0.17135557301701093,-0.42694160697109784,0.3404830276252758,30.31348679284102,27.558811708872643,24.014054225375723,119.60689563701561,5.001718430063885,0.23383435215294526,1.169573588745435,1.709809243506577,ZONE_01,SUSPENSION_FAULT,REAR_BOGIE,2
21.64,RUN_055_SUSPENSION_FAULT,TRAIN001,-0.173302990859137,-1.1123907881925994,0.36003985243709996,30.655647140484355,27.712310059557037,23.973195250953832,121.38125826301405,5.03718029200325,0.25475092298594687,1.2832263286344494,1.4198562535233739,ZONE_01,SUSPENSION_FAULT,REAR_BOGIE,2
21.650000000000002,RUN_055_SUSPENSION_FAULT,TRAIN001,-0.07022886503488025,-1.011167447319843,-0.3031652085680948,30.428952231968676,27.609919597953592,23.98758267333649,119.4656231113546,4.977589003743352,0.22608923413342177,1.1253792856872764,1.594773472328306,ZONE_01,SUSPENSION_FAULT,REAR_BOGIE,2
21.66,RUN_055_SUSPENSION_FAULT,TRAIN001,-0.024241372043474794,-0.7144282008675643,0.044151058665557755,30.626353340783258,27.477402677799027,23.96717207596199,120.08162032296596,4.995912703077187,0.2383564828045083,1.1908081803038422,1.2709427410369558,ZONE_01,SUSPENSION_FAULT,REAR_BOGIE,2
21.67,RUN_055_SUSPENSION_FAULT,TRAIN001,0.021207660990965566,-0.8376475728953496,0.1669752492898329,30.423322350821262,27.331190966693367,23.929694309626683,120.98244675032882,5.0208692397357115,0.21640897003547682,1.0865611408540128,1.7045407974319724,ZONE_01,SUSPENSION_FAULT,REAR_BOGIE,2
21.68,RUN_055_SUSPENSION_FAULT,TRAIN001,0.07475328142568406,0.27668811750925115,0.22355594300637552,30.476274116919402,27.471060265579126,23.96734264501863,119.6900746579214,5.0060032900050615,0.2406225676693483,1.2045573654022232,1.4062715352931128,ZONE_01,SUSPENSION_FAULT,REAR_BOGIE,2
21.69,RUN_055_SUSPENSION_FAULT,TRAIN001,-0.029478438067411586,-0.008426517304438552,-0.3235786947179924,30.418058396902723,27.427453626392936,24.009252639309913,120.2087434814725,5.008959031349367,0.21508494996352562,1.0773517026271282,1.8144411839643566,ZONE_01,SUSPENSION_FAULT,REAR_BOGIE,2
21.7,RUN_055_SUSPENSION_FAULT,TRAIN001,-0.20475993277874635,-0.7519336800976949,0.3063489380393359,30.509118604513123,27.50447827166972,24.079494518123422,120.33701692609198,5.015506758724998,0.24972239652242523,1.2524843675632276,1.6195206813542908,ZONE_01,SUSPENSION_FAULT,REAR_BOGIE,2
21.71,RUN_055_SUSPENSION_FAULT,TRAIN001,0.0012381529443351322,-0.11011292328130598,0.9927950366382744,30.581882063842276,27.355804598439516,23.997615591429348,118.3396904727182,5.012624946994922,0.21879362335977437,1.096730374696616,1.6893390217147288,ZONE_01,SUSPENSION_FAULT,REAR_BOGIE,2
21.72,RUN_055_SUSPENSION_FAULT,TRAIN001,0.02618891095840172,-0.4753109919042327,1.0771955761442336,30.45521670839704,27.519579655384433,24.033706169623184,119.55785164331421,4.988328877300132,0.22374676527925255,1.11612245044499,1.6808852951112387,ZONE_01,SUSPENSION_FAULT,REAR_BOGIE,2
21.73,RUN_055_SUSPENSION_FAULT,TRAIN001,-0.007918831489727454,0.1258103230556794,0.29960798257070986,30.72107859800551,27.436612720225522,24.067688352204687,120.75361692985034,5.008224394497316,0.20800273864425742,1.0417243898004196,1.91124280027361,ZONE_01,SUSPENSION_FAULT,REAR_BOGIE,2
21.740000000000002,RUN_055_SUSPENSION_FAULT,TRAIN001,0.012093766554336638,0.6026979192688324,1.3293990208445785,30.484520254138644,27.309241714009012,24.05286096485688,120.26293517590419,5.010030333494407,0.22569460576505196,1.1307368209889719,1.8100921200886126,ZONE_01,SUSPENSION_FAULT,REAR_BOGIE,2
21.75,RUN_055_SUSPENSION_FAULT,TRAIN001,-0.08170855200429539,0.9967701405625351,2.0099239158058357,30.44030795997709,27.575838148428282,24.039682718927093,119.98869658317363,5.0039764873174,0.245734716106608,1.2296507415150828,1.8565358222437163,ZONE_01,SUSPENSION_FAULT,REAR_BOGIE,2
21.76,RUN_055_SUSPENSION_FAULT,TRAIN001,0.14608693768373654,0.3479700187367003,2.127267571524948,30.542642579886106,27.42562034603486,24.0360969112169,119.52709168033935,5.001202975965717,0.2156415815691144,1.0784673194854089,2.513427296413456,ZONE_01,SUSPENSION_FAULT,REAR_BOGIE,2
21.77,RUN_055_SUSPENSION_FAULT,TRAIN001,0.11149584988148781,0.6849470971536704,1.7957881415041124,30.534033928364302,27.50553105326419,23.991369898519377,119.37526680355157,5.007971345854232,0.2528081489665494,1.2660559660229276,2.32243248939913,ZONE_01,SUSPENSION_FAULT,REAR_BOGIE,2
21.78,RUN_055_SUSPENSION_FAULT,TRAIN001,0.06095859412710859,0.8223107058513506,1.9374643212848526,30.470623025509216,27.525140126682036,23.98511274616092,121.27538789787096,5.00190667487815,0.21641027642572433,1.082464006166056,2.200320015655112,ZONE_01,SUSPENSION_FAULT,REAR_BOGIE,2
21.79,RUN_055_SUSPENSION_FAULT,TRAIN001,0.047415428330373405,0.7951953155828563,1.8393960149838,30.46397300491687,27.723664092923062,23.977299422561426,119.16611046244819,5.009799756798745,0.2257115572014161,1.1307697043743203,2.250829578036592,ZONE_01,SUSPENSION_FAULT,REAR_BOGIE,2
21.8,RUN_055_SUSPENSION_FAULT,TRAIN001,0.08175239365208346,-0.032493824919869185,1.5373463029619696,30.65402455155817,27.510490132342667,23.965079500944,120.21300928960486,5.0104501887951605,0.25811329734331623,1.2932638194043602,2.3141767878735826,ZONE_01,SUSPENSION_FAULT,REAR_BOGIE,2
21.81,RUN_055_SUSPENSION_FAULT,TRAIN001,0.025556309548673606,0.06141743779739817,2.332862903201303,30.428786398989864,27.416011558906604,23.929789815179483,119.27927223939531,4.9766301198113725,0.23864409416792715,1.1876433869512077,2.269111197203425,ZONE_01,SUSPENSION_FAULT,REAR_BOGIE,2
21.82,RUN_055_SUSPENSION_FAULT,TRAIN001,0.024520482271938746,0.3536663956734566,2.3515736033835033,30.673009996488748,27.463087847111012,24.020666617002384,119.1404646791576,4.982712699936254,0.21384251373172994,1.0655158089573835,2.1379248043437067,ZONE_01,SUSPENSION_FAULT,REAR_BOGIE,2
21.830000000000002,RUN_055_SUSPENSION_FAULT,TRAIN001,0.13666210967977696,0.5407050440498573,0.8847139245509033,30.576601386285066,27.7390580407795,24.018442627284415,118.14349943689973,5.026022218784509,0.2167720407853663,1.0895010933985128,1.9446968491753096,ZONE_01,SUSPENSION_FAULT,REAR_BOGIE,2
21.84,RUN_055_SUSPENSION_FAULT,TRAIN001,-0.07640237531782867,0.9024268111809342,1.3328831495491218,30.552301932254277,27.603725378238718,23.97035131811964,121.57444456974514,4.960151728993935,0.26665408927300505,1.3226447419507992,1.960350261206684,ZONE_01,SUSPENSION_FAULT,REAR_BOGIE,2
21.85,RUN_055_SUSPENSION_FAULT,TRAIN001,-0.02751824594814217,-0.24735660148368627,1.377388972964695,30.648214789259313,27.48081184281114,24.03858009743814,119.87927394263757,5.012630152549489,0.2470410277747268,1.2383253047404115,1.984501979836051,ZONE_01,SUSPENSION_FAULT,REAR_BOGIE,2
21.86,RUN_055_SUSPENSION_FAULT,TRAIN001,0.16116777571477928,-0.40474936242063164,1.273031292895325,30.49888238204656,27.40544841024434,23.928071606573155,120.85454829264123,5.031218496468468,0.22219564485068025,1.1179148382074813,1.7727793933704699,ZONE_01,SUSPENSION_FAULT,REAR_BOGIE,2
21.87,RUN_055_SUSPENSION_FAULT,TRAIN001,0.18017086131494395,0.2850475612491977,0.3724643673925109,30.38205481125703,27.637733856532808,24.046800912358048,119.37419946596842,5.004497165316329,0.21455126489444676,1.0737211969792917,1.6050417342745218,ZONE_01,SUSPENSION_FAULT,REAR_BOGIE,2
21.88,RUN_055_SUSPENSION_FAULT,TRAIN001,0.04936532240070405,-0.2727427355395407,0.8122872254981808,30.42786566181817,27.53657584714484,24.0038607929771,118.90556740865372,5.010829204477957,0.2620206104818258,1.312940527177476,1.7128052090030124,ZONE_01,SUSPENSION_FAULT,REAR_BOGIE,2
21.89,RUN_055_SUSPENSION_FAULT,TRAIN001,-0.045405709570035445,-0.7892491707742785,0.24011469869441854,30.49593515590619,27.575585546001648,24.014304222559844,121.49239372925408,5.036584815387523,0.21795847096527482,1.0977663252487855,1.4808769769521741,ZONE_01,SUSPENSION_FAULT,REAR_BOGIE,2
21.900000000000002,RUN_055_SUSPENSION_FAULT,TRAIN001,0.0014570351414082178,-0.5413046869071276,0.2632224820563946,30.54545149645982,27.579665351918347,24.003349707152186,119.77545841125608,4.989786390566842,0.2318216297177259,1.1567404130045345,1.4271435753115722,ZONE_01,SUSPENSION_FAULT,REAR_BOGIE,2
21.91,RUN_055_SUSPENSION_FAULT,TRAIN001,0.040949469716578195,-0.40810846913552823,-0.4207492131655337,30.47568861474922,27.383931612432143,23.969469584450376,119.81092401557738,4.999893878749782,0.2415725570222976,1.2078371491297186,1.3756080291460808,ZONE_01,SUSPENSION_FAULT,REAR_BOGIE,2
21.92,RUN_055_SUSPENSION_FAULT,TRAIN001,-0.017383540062014105,-1.4604100496732522,0.039867637702973385,30.504836964984552,27.52524139548275,24.064560615798683,119.89351402613664,4.985755703392453,0.22145779096699553,1.1041344443743917,1.4268375127607862,ZONE_01,SUSPENSION_FAULT,REAR_BOGIE,2
21.93,RUN_055_SUSPENSION_FAULT,TRAIN001,0.07763306641989684,-0.7443595616271401,-0.26169282469260813,30.558827080388642,27.48736890438686,24.002437787032626,120.22960099228415,4.946221038512104,0.22763178599698117,1.1259171289323533,1.7489330543980377,ZONE_01,SUSPENSION_FAULT,REAR_BOGIE,2
21.94,RUN_055_SUSPENSION_FAULT,TRAIN001,-0.2651538817788457,-0.9400134830671636,0.2631656765016074,30.29618181038879,27.519407232473327,23.94480190776327,120.12132454724885,5.03352498150089,0.2334047553946226,1.1748486670799376,1.5734982317679926,ZONE_01,SUSPENSION_FAULT,REAR_BOGIE,2
21.95,RUN_055_SUSPENSION_FAULT,TRAIN001,0.12521896465147608,-0.9689678213310782,0.551343121684988,30.51586939069976,27.511015868960055,24.018556276503407,121.00047072795738,5.0128600315886445,0.22847167604025642,1.1452965331722704,0.8933345519653443,ZONE_01,SUSPENSION_FAULT,REAR_BOGIE,2
21.96,RUN_055_SUSPENSION_FAULT,TRAIN001,-0.04899567899821285,-0.5297788158664176,0.04080467763927964,30.57439378228766,27.513969840825474,24.02377274126289,119.25556878257207,5.007835292415851,0.22551556983700516,1.1293448296190258,1.4815734453663691,ZONE_01,SUSPENSION_FAULT,REAR_BOGIE,2
21.97,RUN_055_SUSPENSION_FAULT,TRAIN001,0.02248071255803441,-0.5266956597299493,0.5073843307468424,30.50303646975935,27.58567692349161,23.964679819266703,121.06991349769771,5.00385453539388,0.2228887246646671,1.1153027558014523,1.585847070322445,ZONE_01,SUSPENSION_FAULT,REAR_BOGIE,2
21.98,RUN_055_SUSPENSION_FAULT,TRAIN001,-0.012209889876911842,0.10684797698367116,0.7105144325945059,30.599713273158702,27.40923606695872,23.981752754372064,119.63267779753497,4.991875850130333,0.2306679318070139,1.151465678186943,1.42120254921727,ZONE_01,SUSPENSION_FAULT,REAR_BOGIE,2
21.990000000000002,RUN_055_SUSPENSION_FAULT,TRAIN001,-0.14657500124029757,-0.11707029241432526,1.0906942444054055,30.573951016861866,27.68364077281758,23.981363044399636,119.52796217296793,4.987564726704713,0.2112347466188912,1.0535469712907894,1.7764898752186205,ZONE_01,SUSPENSION_FAULT,REAR_BOGIE,2
22.0,RUN_055_SUSPENSION_FAULT,TRAIN001,0.04040353412156725,-0.08132092875222839,1.175198146968333,30.587517290418543,27.519832040987716,24.07470483422498,120.16497777077876,4.98983997413459,0.22995027180394553,1.1474150583104414,1.8783054335466856,ZONE_01,SUSPENSION_FAULT,REAR_BOGIE,2
22.01,RUN_055_SUSPENSION_FAULT,TRAIN001,-0.001269611363478284,-0.002647676993849435,0.7406923182418673,30.50590391485733,27.46313845342038,24.033403917959532,120.23711088027012,5.00449714727117,0.24359631778679364,1.2190770774497701,1.8030889706118327,ZONE_01,SUSPENSION_FAULT,REAR_BOGIE,2
22.02,RUN_055_SUSPENSION_FAULT,TRAIN001,0.0012236127823887126,0.09006652451156175,1.4966652648801388,30.31527336525343,27.660932094524412,24.053945648364877,121.21035386712289,5.020429704163792,0.24010199046055358,1.2054151649370146,1.7787884524577133,ZONE_01,SUSPENSION_FAULT,REAR_BOGIE,2
22.03,RUN_055_SUSPENSION_FAULT,TRAIN001,0.04293604628638159,0.06793082346928314,1.764647755591735,30.627157312664163,27.57211831021904,24.0264396676061,120.32234593099793,4.989494458592931,0.20387044429221385,1.0172104520668799,2.305364621747589,ZONE_01,SUSPENSION_FAULT,REAR_BOGIE,2
22.04,RUN_055_SUSPENSION_FAULT,TRAIN001,-0.05957526882441777,0.36960145696353086,2.0533141496484806,30.459905929023762,27.556749822103406,24.031233043358746,120.65805358599037,4.994805990589607,0.22991212832821742,1.1483664758829868,2.107703198041624,ZONE_01,SUSPENSION_FAULT,REAR_BOGIE,2
22.05,RUN_055_SUSPENSION_FAULT,TRAIN001,-0.19513209698766662,0.627163483318237,1.5959291028770604,30.569725790175468,27.439882816599862,24.03091907514135,120.00217481562893,5.000133221179433,0.2314788102706631,1.1574248892334336,2.248655745067987,ZONE_01,SUSPENSION_FAULT,REAR_BOGIE,2
22.06,RUN_055_SUSPENSION_FAULT,TRAIN001,0.001254149180672455,0.7312645402950302,1.9475102809931497,30.530586098111254,27.51072026192448,23.97601076252748,120.94784180574044,5.018116741366305,0.23603720555985314,1.1844622528052189,2.242231171282617,ZONE_01,SUSPENSION_FAULT,REAR_BOGIE,2
22.07,RUN_055_SUSPENSION_FAULT,TRAIN001,-0.06955012966076883,0.6619503098291736,1.6577497669182129,30.495685124496777,27.51214073367624,23.99072140615091,120.02841205775124,4.99564339815462,0.2141451422577629,1.0697927661668751,2.3651213028642193,ZONE_01,SUSPENSION_FAULT,REAR_BOGIE,2
22.080000000000002,RUN_055_SUSPENSION_FAULT,TRAIN001,-0.10749779917934316,0.5221754318976184,1.9263879789575278,30.708054264700532,27.551763220223528,24.038099324468405,118.94208823225348,5.00877144781477,0.27764838729541064,1.39067731481707,1.9173460253904335,ZONE_01,SUSPENSION_FAULT,REAR_BOGIE,2
22.09,RUN_055_SUSPENSION_FAULT,TRAIN001,-0.1344728414314101,0.4724964750639789,2.3595959257784127,30.371178648509225,27.503735307312105,24.066053328271128,120.15008598311167,5.012281018029236,0.20868683007647776,1.045997037105022,2.2345844789865428,ZONE_01,SUSPENSION_FAULT,REAR_BOGIE,2
22.1,RUN_055_SUSPENSION_FAULT,TRAIN001,-0.049426086057167695,0.17319789676192093,1.3336479305446893,30.48877142246269,27.462325087219554,24.038119839339018,119.47460269835973,4.976660567688815,0.20993611054915487,1.044780763103939,1.8770904650319888,ZONE_01,SUSPENSION_FAULT,REAR_BOGIE,2
22.11,RUN_055_SUSPENSION_FAULT,TRAIN001,0.029366758661056147,0.2969406343134221,1.0952475805515234,30.625742628960747,27.618949228678623,24.018697201535158,119.81588067188588,5.036562908742635,0.23783027853996222,1.197847159470303,1.8715558486479524,ZONE_01,SUSPENSION_FAULT,REAR_BOGIE,2
22.12,RUN_055_SUSPENSION_FAULT,TRAIN001,-0.04719534900040717,0.16639304417120312,1.0569767710713391,30.573637660840628,27.302514505963973,24.028042204829074,120.0817947133772,4.9901861023553575,0.22721715687718294,1.1338558984652154,1.639207352020239,ZONE_01,SUSPENSION_FAULT,REAR_BOGIE,2
22.13,RUN_055_SUSPENSION_FAULT,TRAIN001,0.03642109354086417,0.11824815716174855,1.5347172912086768,30.745189012753222,27.467610960883096,23.94533606715109,119.18552471397481,5.019576304996661,0.21459636237773672,1.077182815729764,1.9964075120535174,ZONE_01,SUSPENSION_FAULT,REAR_BOGIE,2
22.14,RUN_055_SUSPENSION_FAULT,TRAIN001,0.015446127618071332,0.49781946747017414,0.6706189100795337,30.539914109454983,27.484663844683855,24.044867928509863,119.10831654946153,5.002933288468164,0.21189756371241647,1.060109375242152,1.5941689854859453,ZONE_01,SUSPENSION_FAULT,REAR_BOGIE,2
22.150000000000002,RUN_055_SUSPENSION_FAULT,TRAIN001,-0.17500626150401813,0.21433128207270175,2.230878659725042,30.647265350275678,27.429499717835604,23.961112475191296,119.36211267512063,5.000941615434754,0.21201214655570566,1.0602603666880805,1.8490043422760383,ZONE_01,SUSPENSION_FAULT,REAR_BOGIE,2
22.16,RUN_055_SUSPENSION_FAULT,TRAIN001,-0.025307696032832862,-0.49128417899055177,0.7880007150604368,30.431957950857644,27.530700236832384,24.00005748892075,119.69820705019764,5.024480887844887,0.24174064435373663,1.2146212473706577,1.8605142061496944,ZONE_01,SUSPENSION_FAULT,REAR_BOGIE,2
22.17,RUN_055_SUSPENSION_FAULT,TRAIN001,0.1386597936331758,-0.5130043251661957,0.160988120927686,30.607249813225486,27.641296361196105,24.068782434317953,120.20791982217865,5.0043597745488135,0.23440717042539616,1.173057814542661,1.6371326454979522,ZONE_01,SUSPENSION_FAULT,REAR_BOGIE,2
22.18,RUN_055_SUSPENSION_FAULT,TRAIN001,0.07195415172118637,-0.7122471516054786,0.16673500896463306,30.68384132003425,27.62686768149142,23.993273179325268,119.57583979531363,4.981196135076213,0.25779001369383053,1.2841026198729526,1.5327522488891903,ZONE_01,SUSPENSION_FAULT,REAR_BOGIE,2
22.19,RUN_055_SUSPENSION_FAULT,TRAIN001,0.11759813840861398,-0.3756740268820038,0.4852096228618991,30.651094296786333,27.41316059534133,23.999872281187148,120.92440418149542,4.985644641741018,0.2166202945409227,1.0799918107703124,1.4060506735738014,ZONE_01,SUSPENSION_FAULT,REAR_BOGIE,2
22.2,RUN_055_SUSPENSION_FAULT,TRAIN001,0.029881702628994058,-0.5133412518959817,0.06416822767970395,30.502663534770296,27.62444419499984,24.084914713658538,119.89848825197578,4.985287650123402,0.19722751109154493,0.9832358753092552,1.3499257417647044,ZONE_01,SUSPENSION_FAULT,REAR_BOGIE,2
22.21,RUN_055_SUSPENSION_FAULT,TRAIN001,0.15680708614775662,-0.720229212842532,-0.1294746254440384,30.587450756529194,27.595763873840202,24.011160732336382,119.82520918859724,4.968959348392435,0.2201394029599729,1.0938637442874866,1.4469498279521922,ZONE_01,SUSPENSION_FAULT,REAR_BOGIE,2
22.22,RUN_055_SUSPENSION_FAULT,TRAIN001,-0.08128647535725435,-0.7535260872749089,0.021824016510206233,30.56631386690438,27.247672418800278,24.106390311927285,121.00182716686749,5.034110745557274,0.21500973743918628,1.0823828296420557,1.4105467939740999,ZONE_01,SUSPENSION_FAULT,REAR_BOGIE,2
22.23,RUN_055_SUSPENSION_FAULT,TRAIN001,0.13510959951447274,-0.4145419750940208,0.02335266231134365,30.54307217850944,27.53582373276431,23.96836699561475,119.4473607168826,4.995128305232993,0.237596312974204,1.1868240681564435,1.4086680966187328,ZONE_01,SUSPENSION_FAULT,REAR_BOGIE,2
22.240000000000002,RUN_055_SUSPENSION_FAULT,TRAIN001,-0.027156233183905695,-0.31521348288458106,0.23496373995531145,30.415442895740522,27.6121434303086,23.91719026776087,119.61733773277666,5.0023783884816435,0.23925735853788538,1.1968558396351219,1.6961113601288484,ZONE_01,SUSPENSION_FAULT,REAR_BOGIE,2
22.25,RUN_055_SUSPENSION_FAULT,TRAIN001,-0.1137973918862651,-0.12347084114643347,-0.44949830862748763,30.58739559921746,27.580075141990903,23.960553438877405,121.78854454879551,5.008239786122026,0.2409824238486278,1.2068977628748192,1.4649473167645843,ZONE_01,SUSPENSION_FAULT,REAR_BOGIE,2
22.26,RUN_055_SUSPENSION_FAULT,TRAIN001,-0.004278470527574113,-0.639091509874175,0.3425997087494324,30.61484025638259,27.646577302109367,23.90793353103108,121.08139422282882,5.050305241298843,0.26858676822078575,1.3564451632889518,1.9089370469618665,ZONE_01,SUSPENSION_FAULT,REAR_BOGIE,2
22.27,RUN_055_SUSPENSION_FAULT,TRAIN001,0.03572863592472665,-0.18985284163908084,0.39241297543579695,30.60732530427252,27.712071587795542,23.979348319782822,120.99664738718313,4.993392765541765,0.23425118119424038,1.1697081534949332,1.904509678767812,ZONE_01,SUSPENSION_FAULT,REAR_BOGIE,2
22.28,RUN_055_SUSPENSION_FAULT,TRAIN001,0.001157882179828499,-0.2863522747835431,1.0016625080740251,30.470218835708867,27.585279955505225,23.9854609463047,119.22612786900636,5.036711871958416,0.23773120389562657,1.1973835769960692,1.8786636662619052,ZONE_01,SUSPENSION_FAULT,REAR_BOGIE,2
22.29,RUN_055_SUSPENSION_FAULT,TRAIN001,0.06676931212822877,-0.0071087658911534735,0.9621753385727354,30.556965049027294,27.545292627152946,23.992860142689544,120.10913523253824,4.966137445873122,0.19163369674912534,0.9516792773169257,1.791712398281887,ZONE_01,SUSPENSION_FAULT,REAR_BOGIE,2
22.3,RUN_055_SUSPENSION_FAULT,TRAIN001,0.0006230148447196549,0.27039044446567545,1.4161179530994024,30.676338686386078,27.33343219487933,23.936263555860794,118.43782859959505,5.003693576088607,0.24606702377269785,1.2312439861386908,1.7704562509651924,ZONE_01,SUSPENSION_FAULT,REAR_BOGIE,2
22.31,RUN_055_SUSPENSION_FAULT,TRAIN001,0.06306844449680474,0.22224958247920598,0.8010918380677902,30.623270071599322,27.569712892779787,23.970923443139682,120.05050396952231,4.960168877154636,0.23931793612029525,1.18705737848877,1.7589979557707898,ZONE_01,SUSPENSION_FAULT,REAR_BOGIE,2
22.32,RUN_055_SUSPENSION_FAULT,TRAIN001,0.16365221768500965,0.5532536783323521,1.7389124519786074,30.63617369998094,27.5059028239445,23.989733472354892,120.2607443172402,4.993352606661462,0.20883530498356032,1.0427883145026025,2.048935938400247,ZONE_01,SUSPENSION_FAULT,REAR_BOGIE,2
22.330000000000002,RUN_055_SUSPENSION_FAULT,TRAIN001,-0.1388810376223094,0.25801312487881084,1.8420516737213821,30.602528430749707,27.644826760681983,24.029274350807846,120.66639889654854,4.9637178093389815,0.23317951917062466,1.1574373320803302,2.206365846862861,ZONE_01,SUSPENSION_FAULT,REAR_BOGIE,2
22.34,RUN_055_SUSPENSION_FAULT,TRAIN001,-0.0432237089852352,1.2776569642280655,1.9462327340202685,30.43408545047244,27.402082881423926,23.916408832628793,120.47932591119412,5.0025999629011695,0.24134505898513067,1.2073527831253952,2.534803007670174,ZONE_01,SUSPENSION_FAULT,REAR_BOGIE,2
22.35,RUN_055_SUSPENSION_FAULT,TRAIN001,0.07150224356559147,0.4144395542228163,2.359065146543137,30.496530186173526,27.491392029623807,24.01212663713455,120.693416745569,5.032500060793592,0.247606697887186,1.2460807221701642,2.1455371789804163,ZONE_01,SUSPENSION_FAULT,REAR_BOGIE,2
22.36,RUN_055_SUSPENSION_FAULT,TRAIN001,-0.009079367178826547,0.5635277099141228,1.5558715423404714,30.515757365376672,27.426788410799947,24.024427827592305,119.37020488644781,5.024545579324977,0.22941889590338485,1.1527256992249695,1.996877446862584,ZONE_01,SUSPENSION_FAULT,REAR_BOGIE,2
22.37,RUN_055_SUSPENSION_FAULT,TRAIN001,0.13422716035202567,0.45921771728335065,2.2505311305765936,30.577783960891583,27.495543650010237,23.87338345064538,120.68543513861415,5.012296447131655,0.19456914121164026,0.9752382152165618,2.3939121644306747,ZONE_01,SUSPENSION_FAULT,REAR_BOGIE,2
22.38,RUN_055_SUSPENSION_FAULT,TRAIN001,-0.012122809494256342,0.46884248031679965,1.5637331592012165,30.642653940294437,27.470870112257657,23.978467991162812,120.33540039242496,4.999259292476109,0.23497532691275133,1.1747025865711835,2.1608449209154927,ZONE_01,SUSPENSION_FAULT,REAR_BOGIE,2
22.39,RUN_055_SUSPENSION_FAULT,TRAIN001,0.2469383776407383,0.8200461031432804,1.8372005198552614,30.76449276973124,27.705143562994028,23.93321572522924,119.38973833753738,4.973175306102274,0.23014457267344302,1.144549305653027,1.8737353635763572,ZONE_01,SUSPENSION_FAULT,REAR_BOGIE,2
22.400000000000002,RUN_055_SUSPENSION_FAULT,TRAIN001,0.015206304163475563,0.3052781354352174,1.4733901899287636,30.66674740522186,27.481875296693854,24.090516711282014,118.308344745989,5.00240209155482,0.23631626020719482,1.1821489543288843,2.0788823698797123,ZONE_01,SUSPENSION_FAULT,REAR_BOGIE,2
22.41,RUN_055_SUSPENSION_FAULT,TRAIN001,0.07648331551025117,0.31778342979788404,1.56987321822608,30.8254963809497,27.712571144838744,23.976336446049288,119.87138641317723,5.020856521841235,0.23013662584616904,1.155482978794274,1.9840406435947675,ZONE_01,SUSPENSION_FAULT,REAR_BOGIE,2
22.42,RUN_055_SUSPENSION_FAULT,TRAIN001,-0.06029877352528443,0.21319606838089328,1.6064696486659997,30.656807321232705,27.560303663979703,23.974721201960598,119.35684638934744,4.942598870433484,0.2760836999082981,1.3645709833118511,1.7827330265099857,ZONE_01,SUSPENSION_FAULT,REAR_BOGIE,2
22.43,RUN_055_SUSPENSION_FAULT,TRAIN001,-0.02527634279998924,0.48573809516949784,1.5181574068879413,30.71209117013071,27.502071145990264,23.994011206863092,120.64085963065264,5.005807321825924,0.21290995492370562,1.0657862112467131,2.1587769750613393,ZONE_01,SUSPENSION_FAULT,REAR_BOGIE,2
22.44,RUN_055_SUSPENSION_FAULT,TRAIN001,0.0752233984335681,-0.036577480576911514,0.868898505926015,30.419868942408833,27.664405598306853,23.887026759733303,119.76040459403406,5.011641001603147,0.20512316684088797,1.0280036733184772,1.4109604663222113,ZONE_01,SUSPENSION_FAULT,REAR_BOGIE,2
22.45,RUN_055_SUSPENSION_FAULT,TRAIN001,0.051318248295415286,0.07700613744915735,-0.24946810037157308,30.520190299022023,27.52343629053603,24.01833290307009,121.01715009955029,5.0123567437792005,0.23391395828463038,1.1724602062720537,1.580976596191168,ZONE_01,SUSPENSION_FAULT,REAR_BOGIE,2
22.46,RUN_055_SUSPENSION_FAULT,TRAIN001,-0.010007373125541286,-0.08911342632585212,-0.16949950330532826,30.705926208078388,27.61517536875785,23.910982961589607,117.86836284989155,5.014728263723916,0.24114100533091362,1.2092566149757322,1.2366630092457986,ZONE_01,SUSPENSION_FAULT,REAR_BOGIE,2
22.47,RUN_055_SUSPENSION_FAULT,TRAIN001,-0.08152006112603616,-0.7734249811877365,0.5404096766866413,30.569075135682606,27.709381548507515,24.061914243975014,119.50409828635884,5.009610046315561,0.2266243412413547,1.1352995766223364,1.2341676390492051,ZONE_01,SUSPENSION_FAULT,REAR_BOGIE,2
22.48,RUN_055_SUSPENSION_FAULT,TRAIN001,0.0657505414235471,-0.8060158604486303,0.626704888133333,30.651037975271638,27.76889405811907,24.040667627746796,118.3958598117608,5.011312060188361,0.22554176984976457,1.1302601913243528,1.3362076066515953,ZONE_01,SUSPENSION_FAULT,REAR_BOGIE,2
22.490000000000002,RUN_055_SUSPENSION_FAULT,TRAIN001,-0.07499065201000722,-0.49292132134366684,-0.5630709994780616,30.57468975197408,27.692061719681007,23.989742129462424,120.19698011511257,4.978821630957104,0.25319224794766865,1.2605990408725072,1.5738154884562812,ZONE_01,SUSPENSION_FAULT,REAR_BOGIE,2
22.5,RUN_055_SUSPENSION_FAULT,TRAIN001,0.06720388333122913,-0.815385284073553,0.068500771772873,30.624041964762537,27.685537361264302,23.90961009933354,118.70601816033526,5.0347495517172485,0.23359659061115717,1.1761003298622013,1.3065553554802514,ZONE_01,SUSPENSION_FAULT,REAR_BOGIE,2
22.51,RUN_055_SUSPENSION_FAULT,TRAIN001,-0.18357957113916692,-1.045248252406001,-0.2471239399023118,30.67896641597561,27.470753704293003,24.030170043355373,121.77430605696546,4.971482555500572,0.23935591570784767,1.1899537594974299,1.335377665971352,ZONE_01,SUSPENSION_FAULT,REAR_BOGIE,2
22.52,RUN_055_SUSPENSION_FAULT,TRAIN001,0.15913370208832847,-0.9389889313571143,-0.015943010927503123,30.48236450524634,27.73160806577634,23.96762593573711,120.29922494073801,5.006925304035275,0.238301333759047,1.1931569779835278,1.1874545761361062,ZONE_01,SUSPENSION_FAULT,REAR_BOGIE,2
22.53,RUN_055_SUSPENSION_FAULT,TRAIN001,-0.1779469627855464,-0.8823525085010319,0.09393412659098577,30.721985569076555,27.63612036436467,23.932710605148458,120.87512690457153,5.029500616577986,0.23085461629001805,1.1610834349705201,2.018744850670418,ZONE_01,SUSPENSION_FAULT,REAR_BOGIE,2
22.54,RUN_055_SUSPENSION_FAULT,TRAIN001,-0.007093908844066259,-0.34191785919629347,1.25219639548743,30.61895709650778,27.405939138648648,23.962240270905355,120.97730697340305,5.016987335460929,0.19140193063010205,0.9602610619539932,1.3935727245129954,ZONE_01,SUSPENSION_FAULT,REAR_BOGIE,2
22.55,RUN_055_SUSPENSION_FAULT,TRAIN001,0.038255370954093246,-0.7311474821933445,-0.18101667298333823,30.566354635451084,27.661926209984838,23.938356808296458,120.20081227903194,5.0108068277162525,0.2065371376413256,1.034917699470126,1.8969375914312958,ZONE_01,SUSPENSION_FAULT,REAR_BOGIE,2
22.56,RUN_055_SUSPENSION_FAULT,TRAIN001,-0.13532309192115613,-0.23171362304180237,0.5224088691178934,30.718967417391564,27.328251315920987,23.994358736718176,119.08909849417986,4.975946386350663,0.2175581216654756,1.0825575493225612,1.4610979656343346,ZONE_01,SUSPENSION_FAULT,REAR_BOGIE,2
22.57,RUN_055_SUSPENSION_FAULT,TRAIN001,0.2050479368811637,-0.14962238146871076,1.396440651899036,30.82864845114417,27.481117758818048,23.949955351979714,121.51032639856496,4.987840602320577,0.21633545603569165,1.079046771336361,1.7624113936327446,ZONE_01,SUSPENSION_FAULT,REAR_BOGIE,2
22.580000000000002,RUN_055_SUSPENSION_FAULT,TRAIN001,0.04939151634639812,-0.10542910129352398,1.1147502115274084,30.726526124497074,27.53826493376086,24.002267648169042,120.97056515875043,5.022418517616815,0.2313112522095052,1.1617419164301523,1.8202373907817153,ZONE_01,SUSPENSION_FAULT,REAR_BOGIE,2
22.59,RUN_055_SUSPENSION_FAULT,TRAIN001,0.03673806288553846,0.578643211709507,1.2853181549446304,30.793130324939085,27.601278808488985,23.936671085056663,119.77085268267841,4.989116173701376,0.2129533578491597,1.0624490418892596,1.7582197193816955,ZONE_01,SUSPENSION_FAULT,REAR_BOGIE,2
22.6,RUN_055_SUSPENSION_FAULT,TRAIN001,-0.08785326374957628,0.06288360854221331,1.8182113903039379,30.689870792408755,27.529762299784924,23.956211132278824,119.67460033874005,5.013884552537638,0.22536713875789247,1.1299648156678035,2.0943157227042604,ZONE_01,SUSPENSION_FAULT,REAR_BOGIE,2
22.61,RUN_055_SUSPENSION_FAULT,TRAIN001,0.004097056834859894,0.21932535275381532,1.5950159362285725,30.517180336286593,27.57183865580318,23.941512556230215,119.63791240854347,5.0059598567046,0.22975130332379118,1.1501258014644609,2.2833528621816286,ZONE_01,SUSPENSION_FAULT,REAR_BOGIE,2
22.62,RUN_055_SUSPENSION_FAULT,TRAIN001,-0.168212971490076,0.5336631069380994,1.2255606292269015,30.68288715122207,27.634634670257157,23.98744080667437,120.00861323104183,4.985118086067976,0.21612142824995542,1.0773908407556951,1.7790161695428728,ZONE_01,SUSPENSION_FAULT,REAR_BOGIE,2
22.63,RUN_055_SUSPENSION_FAULT,TRAIN001,-0.06473655698175988,0.4425080563829464,2.4751438595969395,30.526010148278935,27.53768259154573,23.947573348982974,119.28060721286666,4.972181648802024,0.23723000212164716,1.1795506630945192,2.1272469552626094,ZONE_01,SUSPENSION_FAULT,REAR_BOGIE,2
22.64,RUN_055_SUSPENSION_FAULT,TRAIN001,0.03740613052072927,0.9360135648388874,2.338739994160078,30.71460687543438,27.507904751897097,24.107529580676125,121.57422923664402,5.007298270170882,0.2327599948438329,1.1654987195465079,2.27614139931921,ZONE_01,SUSPENSION_FAULT,REAR_BOGIE,2
22.650000000000002,RUN_055_SUSPENSION_FAULT,TRAIN001,-0.16814668110092945,1.0854629362004284,2.2402900829302097,30.388604341151254,27.4832549308019,24.016611922361147,120.52832204506531,4.9724794142126605,0.22915293277347293,1.1394582409225518,2.011439243929681,ZONE_01,SUSPENSION_FAULT,REAR_BOGIE,2
22.66,RUN_055_SUSPENSION_FAULT,TRAIN001,0.22513466967193196,0.6408601478050278,1.7083927149701041,30.52867026986412,27.552982743615654,23.995158430906756,120.19099430073754,4.9815921752434145,0.23881078099731376,1.1896579179799869,2.1048401545600814,ZONE_01,SUSPENSION_FAULT,REAR_BOGIE,2
22.67,RUN_055_SUSPENSION_FAULT,TRAIN001,-0.03550777638571807,0.6394692003115082,1.682752923856712,30.517860689601815,27.69634122111684,24.059256087090432,121.33930929470691,5.031674894968623,0.24313376072255857,1.2233700399470062,1.800291902542582,ZONE_01,SUSPENSION_FAULT,REAR_BOGIE,2
22.68,RUN_055_SUSPENSION_FAULT,TRAIN001,-0.00045847346920609356,0.38997270318472477,2.502029325846477,30.6513082507611,27.61482524517609,23.973295881878645,119.94639447306191,4.9994102863608765,0.21447839697581844,1.0722655040430982,1.9054490056006554,ZONE_01,SUSPENSION_FAULT,REAR_BOGIE,2
22.69,RUN_055_SUSPENSION_FAULT,TRAIN001,0.05135100656552526,0.06578855438342068,4.290351816983193,30.612300507858645,27.439816860295664,23.987642954434296,119.11362376245778,5.01900639394122,0.20677320199204607,1.0377960228937786,2.141034887727296,ZONE_01,SUSPENSION_FAULT,REAR_BOGIE,2
22.7,RUN_055_SUSPENSION_FAULT,TRAIN001,-0.01720457467187127,0.287636953573755,1.4396917102040694,30.60967106184201,27.50086975959475,23.99949645194602,121.19084024994315,4.986799494363946,0.21698471457725685,1.0820592649385696,2.14667549142536,ZONE_01,SUSPENSION_FAULT,REAR_BOGIE,2
22.71,RUN_055_SUSPENSION_FAULT,TRAIN001,-0.013063656722344153,-0.036004778141361174,0.5229043601514158,30.702624020056824,27.586609234623868,24.097397043349236,120.28167058224795,4.964206201273659,0.19511289326846268,0.9685806347117479,1.8026010816101725,ZONE_01,SUSPENSION_FAULT,REAR_BOGIE,2
22.72,RUN_055_SUSPENSION_FAULT,TRAIN001,-0.04804237528756757,-0.08921349441326651,0.46693530905842684,30.641494807001557,27.865486124498734,23.9397025252199,120.37525737299187,4.994172329690724,0.23403904290552152,1.1688313121460558,1.8420851962736555,ZONE_01,SUSPENSION_FAULT,REAR_BOGIE,2
22.73,RUN_055_SUSPENSION_FAULT,TRAIN001,-0.08736188171666225,0.13413846280018463,0.19686775582772426,30.77788525379295,27.52945827663439,24.042723044890813,121.35366745431105,4.991533348114443,0.21761470192771726,1.086231041712185,1.4560980022695085,ZONE_01,SUSPENSION_FAULT,REAR_BOGIE,2
22.740000000000002,RUN_055_SUSPENSION_FAULT,TRAIN001,-0.119016878543213,-0.2982834064923068,0.033514690956177484,30.725643483006344,27.55769560606895,23.99929842423573,120.59836025227143,4.999677487234339,0.242120350681215,1.2105236665021541,0.9091525900149053,ZONE_01,SUSPENSION_FAULT,REAR_BOGIE,2
22.75,RUN_055_SUSPENSION_FAULT,TRAIN001,-0.02546170941064472,-0.577306130346996,0.3660976585341619,30.74900725372145,27.516994797916805,24.010519343248767,119.80543913119763,4.961395774587543,0.23890981399920092,1.1853261416831313,1.3908182244379732,ZONE_01,SUSPENSION_FAULT,REAR_BOGIE,2
22.76,RUN_055_SUSPENSION_FAULT,TRAIN001,0.02579804667303806,-0.6851182534591421,0.07475827143576307,30.481429798538162,27.471380563955616,24.019000251668817,118.94785748652338,4.993916842499901,0.23760584615035388,1.1865838369666926,1.395702026203523,ZONE_01,SUSPENSION_FAULT,REAR_BOGIE,2
22.77,RUN_055_SUSPENSION_FAULT,TRAIN001,-0.004521781278014324,-0.2499249874110966,0.4656278762565295,30.578491323056504,27.56260709987836,23.947525214887783,120.88898658474245,5.006987969053133,0.21109291565242477,1.0569396890240388,1.129529460296246,ZONE_01,SUSPENSION_FAULT,REAR_BOGIE,2
22.78,RUN_055_SUSPENSION_FAULT,TRAIN001,0.1490926562607092,-0.666362817592054,0.05798015415657674,30.77595803542885,27.577734889317835,23.995413992438692,120.08324244903761,5.022279880133606,0.2174137829820931,1.0919128679347003,1.253742619854943,ZONE_01,SUSPENSION_FAULT,REAR_BOGIE,2
22.79,RUN_055_SUSPENSION_FAULT,TRAIN001,0.013611750849381571,-0.8662397165546669,-0.1263171939869951,30.6904595193718,27.563522112623836,23.97227375521125,120.37531345401787,4.983551412313972,0.2167324612200261,1.080097363207344,1.7181325411666304,ZONE_01,SUSPENSION_FAULT,REAR_BOGIE,2
22.8,RUN_055_SUSPENSION_FAULT,TRAIN001,-0.1862601259924878,-0.8208210813525811,0.22049414853120958,30.603320098041518,27.655632471474505,24.1048116284083,119.70685782134657,4.956921171774287,0.21874838889663845,1.0843185202132624,1.4624465396153015,ZONE_01,SUSPENSION_FAULT,REAR_BOGIE,2
22.81,RUN_055_SUSPENSION_FAULT,TRAIN001,-0.09540210998077302,-0.8306380211816723,0.14216318194045266,30.76943035048582,27.524263775148995,23.960730139006174,118.57736901781846,5.005410804024715,0.21577040087345395,1.08001949572073,1.2726978561782565,ZONE_01,SUSPENSION_FAULT,REAR_BOGIE,2
22.82,RUN_055_SUSPENSION_FAULT,TRAIN001,-0.12414188189028114,-0.9205795642154548,0.7813547762909304,30.734694707505952,27.7435692461646,23.831399233255755,121.44840451771577,4.987901219117243,0.19018906872780245,0.9486442877701791,1.3286280647510091,ZONE_01,SUSPENSION_FAULT,REAR_BOGIE,2
22.830000000000002,RUN_055_SUSPENSION_FAULT,TRAIN001,0.04347222061747865,-0.1328991254905959,0.28680867302623536,30.61917581506926,27.488337124908902,23.979467479605148,120.42685155380249,5.009059888002955,0.22993555452381387,1.1517609629909524,1.412114453531532,ZONE_01,SUSPENSION_FAULT,REAR_BOGIE,2
22.84,RUN_055_SUSPENSION_FAULT,TRAIN001,0.0098740147777815,-0.23058309207213856,0.6272406851262337,30.606515133228633,27.584059483841536,23.979737974662907,121.2218315852857,4.982244922673575,0.22740156798302583,1.1329703074914403,1.9950274512424682,ZONE_01,SUSPENSION_FAULT,REAR_BOGIE,2
22.85,RUN_055_SUSPENSION_FAULT,TRAIN001,0.08799416375968738,-0.21244081977721913,-0.03735153915087741,30.659542167515795,27.567252859008292,24.11304554350075,120.43212216160757,5.02545017692795,0.2329029831113835,1.1704423376841495,1.3118097510684907,ZONE_01,SUSPENSION_FAULT,REAR_BOGIE,2
22.86,RUN_055_SUSPENSION_FAULT,TRAIN001,0.06822644278924891,0.28268956652400223,1.2057457498820252,30.6886890248121,27.582748166426434,24.0197084596678,120.38331316259175,4.983233821689713,0.19838679834583314,0.9886078032936925,1.781014125284001,ZONE_01,SUSPENSION_FAULT,REAR_BOGIE,2
22.87,RUN_055_SUSPENSION_FAULT,TRAIN001,0.08847183118023788,0.38689906153089637,1.0787076752293225,30.688865686174694,27.62651199001581,23.92029170992791,120.36971907982235,4.976733606630533,0.22528066492198104,1.1211618560412953,1.8419575048100152,ZONE_01,SUSPENSION_FAULT,REAR_BOGIE,2
22.88,RUN_055_SUSPENSION_FAULT,TRAIN001,-0.032053405208776496,0.33796346126713184,0.8047733127443344,30.63768489686788,27.612818953377836,24.026413080369796,121.7008122133358,5.009058934607286,0.2309216986930808,1.156700398033268,2.107736313755529,ZONE_01,SUSPENSION_FAULT,REAR_BOGIE,2
22.89,RUN_055_SUSPENSION_FAULT,TRAIN001,0.05853358880398124,0.4765288917264077,1.5887833418399857,30.49317028407814,27.5341060148062,24.020455967384375,121.38887693033739,5.0590451781011,0.20083895136974622,1.016053328501996,2.0679187578245677,ZONE_01,SUSPENSION_FAULT,REAR_BOGIE,2
22.900000000000002,RUN_055_SUSPENSION_FAULT,TRAIN001,0.05831627922434403,0.7984574267936787,1.2373141161711265,30.720138260745568,27.596455927827353,24.048585475456395,120.09552647679712,5.0076938748194,0.2515039681426893,1.2594548807609187,1.6554585927427043,ZONE_01,SUSPENSION_FAULT,REAR_BOGIE,2
22.91,RUN_055_SUSPENSION_FAULT,TRAIN001,0.04477165137297803,0.8945425153768254,2.2607784573614285,30.817601697933362,27.635420317325476,24.00113188248958,120.31072946566466,5.015203902697963,0.2309337543039895,1.1581798658500606,2.1599634465569992,ZONE_01,SUSPENSION_FAULT,REAR_BOGIE,2
22.92,RUN_055_SUSPENSION_FAULT,TRAIN001,0.0463081587517001,0.657705687170698,1.7120231959676375,30.526421849525654,27.68110169750248,24.068818841180715,121.03080740733307,5.002195928114048,0.2609176204684863,1.305161058680669,2.201667815932065,ZONE_01,SUSPENSION_FAULT,REAR_BOGIE,2
22.93,RUN_055_SUSPENSION_FAULT,TRAIN001,-0.0915665044333212,0.6828759182107969,2.2761780279974717,30.746893874562513,27.520812479233673,23.908073233186535,121.36932352393966,5.0017826315244625,0.21833578804547515,1.092068152486064,1.8917776066086351,ZONE_01,SUSPENSION_FAULT,REAR_BOGIE,2
22.94,RUN_055_SUSPENSION_FAULT,TRAIN001,0.16389174111871188,0.44758162455674533,1.5720963452123087,30.69104619749543,27.511408912595552,23.93949799652757,119.63429822454752,4.995393822657567,0.24220620760801598,1.2099153932943991,2.0350233806774534,ZONE_01,SUSPENSION_FAULT,REAR_BOGIE,2
22.95,RUN_055_SUSPENSION_FAULT,TRAIN001,-0.17341914651711432,0.9567933213058968,1.886581828421039,30.66603921092437,27.717688610729205,24.00897568646926,120.37696398809568,4.987922067054002,0.22730089518318536,1.1337591509453389,2.2322041110784996,ZONE_01,SUSPENSION_FAULT,REAR_BOGIE,2
22.96,RUN_055_SUSPENSION_FAULT,TRAIN001,-0.07627889823547224,0.22049172203800566,1.3589504691497034,30.634528291774078,27.535469327352992,24.0316704771207,120.03888190903446,5.036670924433694,0.22852390076372622,1.1509996865148306,2.0868826476946345,ZONE_01,SUSPENSION_FAULT,REAR_BOGIE,2
22.97,RUN_055_SUSPENSION_FAULT,TRAIN001,0.08408786660052162,0.15686835447844333,1.9566433926528044,30.700451700235178,27.555561886720753,24.059183008071646,119.08018511631064,4.987902533985422,0.18799078218899035,0.9376796988463665,2.0775910693151087,ZONE_01,SUSPENSION_FAULT,REAR_BOGIE,2
22.98,RUN_055_SUSPENSION_FAULT,TRAIN001,0.12487396129410074,0.09633278107544668,1.3965655067784366,30.597319409639734,27.58714076315797,23.962973365267825,121.60411009590804,4.968057035666204,0.24519302222906972,1.2181329191813899,1.8228521616741773,ZONE_01,SUSPENSION_FAULT,REAR_BOGIE,2
22.990000000000002,RUN_055_SUSPENSION_FAULT,TRAIN001,-0.11762805469155213,0.0411109733204401,1.4725474975603168,30.70578375218453,27.48813314639558,24.058000886263788,120.4676008164389,5.017370391296745,0.20966923756341985,1.051988224516466,1.8079555589029155,ZONE_01,SUSPENSION_FAULT,REAR_BOGIE,2
23.0,RUN_055_SUSPENSION_FAULT,TRAIN001,-0.15036559310099207,-0.15966665032440167,1.5325630717002898,30.566864254034066,27.766598804064845,23.949452127858464,119.64292144783305,5.01116398049732,0.2411257285067271,1.2083205654640865,2.0797108395106925,ZONE_01,SUSPENSION_FAULT,REAR_BOGIE,2
23.01,RUN_055_SUSPENSION_FAULT,TRAIN001,0.15099173853863979,-0.3431637429538119,1.2378343559701932,30.810850357591914,27.67608845753674,24.084220259283423,118.70726439566216,4.982737375064066,0.22599067051757385,1.1260521604037041,1.796397259166908,ZONE_01,SUSPENSION_FAULT,REAR_BOGIE,2
23.02,RUN_055_SUSPENSION_FAULT,TRAIN001,0.11158298136410681,-0.5788114732275624,1.0736182364834028,30.640362387276287,27.72403655325656,23.935011485197606,120.9888889924631,5.009040763358738,0.22025325247654293,1.1032575199173473,1.7065309826367654,ZONE_01,SUSPENSION_FAULT,REAR_BOGIE,2
23.03,RUN_055_SUSPENSION_FAULT,TRAIN001,0.006145004936069632,-0.48986296415498043,0.9217296276105162,30.790337718276152,27.504780420005094,24.00641251635647,120.77700746643099,4.9979672903409575,0.22244627091712013,1.1117791859020894,1.2684983639919627,ZONE_01,SUSPENSION_FAULT,REAR_BOGIE,2
23.04,RUN_055_SUSPENSION_FAULT,TRAIN001,0.06849800594871623,-0.749596379881615,0.03913223768590651,30.591897644991683,27.66938576580254,24.021529792203552,119.82155208590994,4.985537705575782,0.178389933770218,0.8893697411065883,1.4909118591378185,ZONE_01,SUSPENSION_FAULT,REAR_BOGIE,2
23.05,RUN_055_SUSPENSION_FAULT,TRAIN001,-0.14713077849415765,-0.623124281254719,0.38038067810072557,30.81544247277697,27.494722033724376,23.949884275670463,119.83940495098493,5.005085824806472,0.2512815104040993,1.2576855257595174,1.302082999987717,ZONE_01,SUSPENSION_FAULT,REAR_BOGIE,2
23.06,RUN_055_SUSPENSION_FAULT,TRAIN001,0.08176723506498075,-1.1017114591484938,-0.06894176561897983,30.67504117567072,27.615009193345188,24.05663746312499,119.87410549786959,5.007944017261931,0.24038799277577363,1.2038496102430398,1.310873203991374,ZONE_01,SUSPENSION_FAULT,REAR_BOGIE,2
23.07,RUN_055_SUSPENSION_FAULT,TRAIN001,-0.0891404616848554,-1.043887352036774,0.9922890386700224,30.691285168721503,27.570418407859165,23.955846068043908,118.37233363050933,5.017928357978319,0.21205382416643162,1.0640708977024855,1.343300510113958,ZONE_01,SUSPENSION_FAULT,REAR_BOGIE,2
23.080000000000002,RUN_055_SUSPENSION_FAULT,TRAIN001,0.1600492904938062,-0.3582136837009374,-0.5079850534418977,30.705653198533373,27.63857056489164,24.040568959939428,119.81983288513744,5.000359502310822,0.25353201476456655,1.2677512191680078,1.3697312662106431,ZONE_01,SUSPENSION_FAULT,REAR_BOGIE,2
23.09,RUN_055_SUSPENSION_FAULT,TRAIN001,-0.0544243297045119,-0.7704823243287818,-0.04171392936753969,30.63706144677578,27.651228708555482,23.976509167802405,120.78771521528735,4.977310966785381,0.2219410787502864,1.1046697652439783,1.6154899228923247,ZONE_01,SUSPENSION_FAULT,REAR_BOGIE,2
23.1,RUN_055_SUSPENSION_FAULT,TRAIN001,-0.11866808369357587,-0.7094664235922454,0.4616713293224108,30.43297149431078,27.736009403684093,24.064499519673667,120.3369139286842,5.003215402028007,0.23793638367986206,1.1904469795299313,1.142116022922871,ZONE_01,SUSPENSION_FAULT,REAR_BOGIE,2
23.11,RUN_055_SUSPENSION_FAULT,TRAIN001,0.031749065203226026,-0.3339015931323448,-0.23828766448065875,30.80181381414066,27.7382628440532,24.01118635233029,119.1145291952801,5.0023967909738145,0.220670959479423,1.1038836995609782,1.7397953945157536,ZONE_01,SUSPENSION_FAULT,REAR_BOGIE,2
23.12,RUN_055_SUSPENSION_FAULT,TRAIN001,-0.01930422264641038,-0.874354846190806,0.8248894982435673,30.735185900857907,27.625855312581862,23.978706056332086,119.47331607180385,4.997964430398524,0.18089677701965642,0.9041156571179758,1.3063001647985464,ZONE_01,SUSPENSION_FAULT,REAR_BOGIE,2
23.13,RUN_055_SUSPENSION_FAULT,TRAIN001,-0.05310255757267948,-0.37641837710883785,0.08551998223163615,30.676427259479357,27.46514455338998,23.96249667638015,120.52693049104234,4.990694653524129,0.22161074522750684,1.1059915613704163,1.5815042568425925,ZONE_01,SUSPENSION_FAULT,REAR_BOGIE,2
23.14,RUN_055_SUSPENSION_FAULT,TRAIN001,0.04009336505627676,0.0854060092320823,0.3742394042574232,30.810644176442946,27.65150498203823,24.015826291859238,119.88462537731023,4.998949726216808,0.1902219136554595,0.9509097831883967,1.5076367229373404,ZONE_01,SUSPENSION_FAULT,REAR_BOGIE,2
23.150000000000002,RUN_055_SUSPENSION_FAULT,TRAIN001,0.0925704627095804,0.502123530161277,1.0489621794463806,30.72542066203564,27.58433851758043,24.0042140894794,121.75269034035149,4.99733519516812,0.257133974112394,1.284984658705315,1.6647052063794556,ZONE_01,SUSPENSION_FAULT,REAR_BOGIE,2
23.16,RUN_055_SUSPENSION_FAULT,TRAIN001,-0.030569808659470718,0.6101180248591547,1.3444368803770679,30.747009581482114,27.610324422949546,23.929476890987466,119.29795208439396,5.019738939313152,0.24651346935604718,1.2374332611917294,2.0350475073445478,ZONE_01,SUSPENSION_FAULT,REAR_BOGIE,2
23.17,RUN_055_SUSPENSION_FAULT,TRAIN001,0.03853803008732522,0.6664189228018236,1.5924560734507365,30.62376297634488,27.613818400019852,23.99654935347614,119.92069825606927,4.990871377528926,0.21374258782134326,1.0667617637165048,1.9539067907048466,ZONE_01,SUSPENSION_FAULT,REAR_BOGIE,2
23.18,RUN_055_SUSPENSION_FAULT,TRAIN001,-0.028818665599958434,0.8788102749071625,1.0538707038997277,30.600213838409832,27.842439542742355,23.880791245732624,120.0197047143041,4.98154659900179,0.22491716825652114,1.1204353545853862,2.035710219318614,ZONE_01,SUSPENSION_FAULT,REAR_BOGIE,2
23.19,RUN_055_SUSPENSION_FAULT,TRAIN001,-0.136273708914517,1.0290275385023813,1.0519516180481987,30.526549284978316,27.62914379984349,24.031299735362822,120.99195997416594,4.988357497736708,0.1999202110080829,0.9972734835312751,2.5221478463375515,ZONE_01,SUSPENSION_FAULT,REAR_BOGIE,2
23.2,RUN_055_SUSPENSION_FAULT,TRAIN001,0.004690104649679524,0.2923990085099781,2.08586604575132,30.863087604701693,27.566549955421127,24.04752465131221,120.28647813679537,4.97513357083457,0.2104217858751794,1.0468764909425687,2.0697788988020545,ZONE_01,SUSPENSION_FAULT,REAR_BOGIE,2
23.21,RUN_055_SUSPENSION_FAULT,TRAIN001,0.10805449928997068,1.0422942750453639,1.7051079410988568,30.80738215048448,27.727303480752926,24.034284292703155,119.80759822475963,4.955525267172669,0.28159892173473317,1.3954705718650489,2.307393158121779,ZONE_01,SUSPENSION_FAULT,REAR_BOGIE,2
23.22,RUN_055_SUSPENSION_FAULT,TRAIN001,-0.11776968056137332,1.3837709455584881,2.6538874220549173,30.59440771619862,27.707116853864402,23.980603299500537,120.25456375345719,4.982039682068042,0.2700569164842858,1.3454342743416472,2.0327306394357114,ZONE_01,SUSPENSION_FAULT,REAR_BOGIE,2
23.23,RUN_055_SUSPENSION_FAULT,TRAIN001,0.1980091674948783,0.6408017297595114,2.2671279502544612,30.625294330738114,27.44966166648534,23.93879326908806,118.37236256629895,4.9970600903799385,0.2228772400365679,1.113730961240763,2.2422954245195665,ZONE_01,SUSPENSION_FAULT,REAR_BOGIE,2
23.240000000000002,RUN_055_SUSPENSION_FAULT,TRAIN001,0.14301388155315073,0.47201404739440056,2.3944622484133946,30.735649850183485,27.64270189147719,23.95168292837744,120.37688710708167,4.99064026620655,0.24184359521467583,1.206954384402519,2.3686498029689935,ZONE_01,SUSPENSION_FAULT,REAR_BOGIE,2
23.25,RUN_055_SUSPENSION_FAULT,TRAIN001,-0.015454455375200913,0.5288280283702055,1.8056791460073334,30.8359062359597,27.601078598373803,23.982614463030373,118.29904550293614,5.013431925413447,0.23166005702337503,1.161411925724088,2.0577294891936124,ZONE_01,SUSPENSION_FAULT,REAR_BOGIE,2
23.26,RUN_055_SUSPENSION_FAULT,TRAIN001,0.0814714353715687,0.044011153391566304,2.3929916423743807,30.712353210900464,27.84039109592466,24.018021178070367,120.35384659085292,5.008828195263389,0.27923856742574454,1.3986580097270263,2.1306864453040055,ZONE_01,SUSPENSION_FAULT,REAR_BOGIE,2
23.27,RUN_055_SUSPENSION_FAULT,TRAIN001,0.03494894193433142,0.3881483888766959,0.873449773077015,30.73099616613335,27.563706632680262,24.0468296957688,118.7492684973856,5.009564027712987,0.21780781349640846,1.091122187446427,2.0935140736180555,ZONE_01,SUSPENSION_FAULT,REAR_BOGIE,2
23.28,RUN_055_SUSPENSION_FAULT,TRAIN001,-0.017086631332536517,-0.06691375349244283,1.1518890553118493,30.83318458215354,27.68171009946251,24.02683733736219,120.74936032297165,4.990910427300348,0.21624636074149312,1.0792662166904707,1.5743265641357556,ZONE_01,SUSPENSION_FAULT,REAR_BOGIE,2
23.29,RUN_055_SUSPENSION_FAULT,TRAIN001,-0.0774128957271636,0.03289947447711457,1.2032434290521745,30.939744900456528,27.552829266968264,23.96489341896496,120.07877965701918,5.0303270073836766,0.2330610095702193,1.1723730908091796,1.5629539268693293,ZONE_01,SUSPENSION_FAULT,REAR_BOGIE,2
23.3,RUN_055_SUSPENSION_FAULT,TRAIN001,-0.036082592346746815,-0.8745941835811705,1.1123185222358465,30.938891835511527,27.41741487517785,23.95825755086658,119.59200593911602,4.992926981009999,0.21437362819676364,1.0703518722406271,1.672184305255479,ZONE_01,SUSPENSION_FAULT,REAR_BOGIE,2
23.31,RUN_055_SUSPENSION_FAULT,TRAIN001,-0.1000440283859022,-0.8124221024568519,1.0058574531072149,30.59514163789886,27.58016614815589,24.01289294472643,120.1373081769924,4.990611005032185,0.2430248928897437,1.2128427049523227,1.8005564512881254,ZONE_01,SUSPENSION_FAULT,REAR_BOGIE,2
23.32,RUN_055_SUSPENSION_FAULT,TRAIN001,-0.2555122495631365,-0.27700055085972763,-0.4023369561683271,30.4792693165988,27.616920500610377,23.97253001494201,121.17978225415229,4.97777362200872,0.19650125598361984,0.978138768726846,1.1518861677383678,ZONE_01,SUSPENSION_FAULT,REAR_BOGIE,2
23.330000000000002,RUN_055_SUSPENSION_FAULT,TRAIN001,0.017352107918873646,-0.8990635418777965,-0.3435550265608668,30.708664730383646,27.637470222127643,24.040932075280793,120.95178208269759,5.005618176737838,0.18716237293822052,0.9368633759809426,1.3464091591975644,ZONE_01,SUSPENSION_FAULT,REAR_BOGIE,2
23.34,RUN_055_SUSPENSION_FAULT,TRAIN001,-0.12656547571747698,-0.605798644994257,0.7914724845190332,30.692406574119293,27.797673486798782,23.980365571005926,120.5810331298177,5.00021612648067,0.25820637327946583,1.2910876716320727,1.038326292882424,ZONE_01,SUSPENSION_FAULT,REAR_BOGIE,2
23.35,RUN_055_SUSPENSION_FAULT,TRAIN001,-0.09043956781144105,-0.9278509732153831,0.09843881857684973,30.716036757007714,27.550035145330376,24.040091103890873,120.26266389118321,4.980455853273777,0.26854111884452564,1.3374571871939067,1.3467366085984112,ZONE_01,SUSPENSION_FAULT,REAR_BOGIE,2
23.36,RUN_055_SUSPENSION_FAULT,TRAIN001,-0.11686261611090441,-0.40644413365568843,0.0302015280156148,30.799312348157017,27.56297178092627,24.00211839622849,118.40119471809662,5.0148352158249665,0.20287396304049815,1.0173794942294627,1.2311573917198564,ZONE_01,SUSPENSION_FAULT,REAR_BOGIE,2
23.37,RUN_055_SUSPENSION_FAULT,TRAIN001,0.1690711759495678,-0.8927910973259252,-0.3022685173597286,30.693213910023132,27.44466711493154,23.877814439635696,120.47664503680862,5.005279088226417,0.2226800385827086,1.114575740483483,1.6133035200300143,ZONE_01,SUSPENSION_FAULT,REAR_BOGIE,2
23.38,RUN_055_SUSPENSION_FAULT,TRAIN001,0.0762245966967816,-1.0278298763446814,0.41818138444315206,30.749091890079843,27.549667097063,23.97170624463015,119.74301711714253,4.970258751732597,0.1959334934380732,0.9738401605181247,1.3877329163109218,ZONE_01,SUSPENSION_FAULT,REAR_BOGIE,2
23.39,RUN_055_SUSPENSION_FAULT,TRAIN001,0.027275522694375366,-0.16417177939858862,0.40952575583145223,30.523015627375692,27.55485785453709,23.976759399240468,119.70541485605754,4.997191045056131,0.2384624909854135,1.1916426245340868,1.7261963891043166,ZONE_01,SUSPENSION_FAULT,REAR_BOGIE,2
23.400000000000002,RUN_055_SUSPENSION_FAULT,TRAIN001,-0.09653079129384046,-0.1839953156950844,-0.3941258457518221,30.744546605554113,27.557171791506466,23.995293472814005,120.11767953311923,4.962106407394282,0.24559480544900616,1.2186675577412656,1.5053109848919355,ZONE_01,SUSPENSION_FAULT,REAR_BOGIE,2
23.41,RUN_055_SUSPENSION_FAULT,TRAIN001,0.018559168215963436,0.03689153050762822,0.35385263999458183,30.72301310077102,27.743532284327166,23.98708106011678,120.44648171314789,5.021480587971275,0.23265278608477064,1.1682614490621093,1.5964522307076576,ZONE_01,SUSPENSION_FAULT,REAR_BOGIE,2
23.42,RUN_055_SUSPENSION_FAULT,TRAIN001,0.061210909321352217,-0.5487251449649477,1.6170362092332953,30.631071256894753,27.63168666908573,24.098701344125903,121.51879572167017,4.989570561978914,0.23307790170732692,1.162958637006693,1.62931409430958,ZONE_01,SUSPENSION_FAULT,REAR_BOGIE,2
23.43,RUN_055_SUSPENSION_FAULT,TRAIN001,-0.0062782200325826945,-0.03905689250603061,1.3837662309602279,30.64394458812703,27.716485255592563,23.986061108541556,119.8130652896202,4.965882267081577,0.26163967839794344,1.299271839321274,1.711547522255927,ZONE_01,SUSPENSION_FAULT,REAR_BOGIE,2
23.44,RUN_055_SUSPENSION_FAULT,TRAIN001,-0.04534389282872551,0.04976489342157736,0.9567169431087308,30.929645357047196,27.54455862617915,24.049149554347327,118.04138190737912,4.986691251757062,0.21258867526538616,1.060114087168524,1.8917604918682502,ZONE_01,SUSPENSION_FAULT,REAR_BOGIE,2
23.45,RUN_055_SUSPENSION_FAULT,TRAIN001,-0.10408986386746254,0.8920055014292482,1.288402538690388,30.689473973968752,27.49060116730483,24.04023564528743,118.73398362598866,5.0269122111141,0.23540337020151314,1.1833520762033993,1.9982860091946326,ZONE_01,SUSPENSION_FAULT,REAR_BOGIE,2
23.46,RUN_055_SUSPENSION_FAULT,TRAIN001,-0.2278553297741445,0.1870886529653199,1.539507418546866,30.700627101352023,27.43992350216627,24.043151778180082,119.97231666803438,4.972890073972408,0.23275405795420162,1.157460344477248,2.3235555064839533,ZONE_01,SUSPENSION_FAULT,REAR_BOGIE,2
23.47,RUN_055_SUSPENSION_FAULT,TRAIN001,-0.0017818550512048552,0.46678542206765516,1.683634765397938,30.644164972738515,27.614995570458923,23.958277202836317,118.65835187191135,4.989188183897777,0.2369009842186313,1.181943591217349,1.6999425641065573,ZONE_01,SUSPENSION_FAULT,REAR_BOGIE,2
23.48,RUN_055_SUSPENSION_FAULT,TRAIN001,-0.21940655654424318,0.8333517148900546,1.8348582434928338,30.642459787244977,27.740707738877035,24.086764710079525,121.42292394347751,5.022255964049866,0.2505159512562538,1.2581552302863463,1.9670834883046233,ZONE_01,SUSPENSION_FAULT,REAR_BOGIE,2
23.490000000000002,RUN_055_SUSPENSION_FAULT,TRAIN001,0.11841426323467164,0.8029505433894462,2.9046641513464637,30.662399509708195,27.57917129900215,24.02226490966063,121.07209863274417,5.010065007887933,0.23382746776523408,1.1714908141336429,2.3907472021202314,ZONE_01,SUSPENSION_FAULT,REAR_BOGIE,2
23.5,RUN_055_SUSPENSION_FAULT,TRAIN001,0.08325854997777954,0.6358568235061376,2.0472917109859097,30.751548231871546,27.65796183915762,23.9767283281073,120.78634164805972,4.9902211174208695,0.24410779457006707,1.2181518713905841,2.122934544924151,ZONE_01,SUSPENSION_FAULT,REAR_BOGIE,2
23.51,RUN_055_SUSPENSION_FAULT,TRAIN001,-0.17491344365083328,0.5944704855850714,2.3352853051103555,30.773651151663543,27.4817847693002,23.99588820843081,120.92718042789407,5.007567655760142,0.2414001375978423,1.208827521131003,2.2972851806129087,ZONE_01,SUSPENSION_FAULT,REAR_BOGIE,2
23.52,RUN_055_SUSPENSION_FAULT,TRAIN001,-0.14828403025124118,0.3018117349510106,1.8508490050086428,30.628451723808006,27.626432509280814,24.001071833257186,121.1770725517854,5.00094412557507,0.215835669968899,1.079382125820525,2.1796447425716354,ZONE_01,SUSPENSION_FAULT,REAR_BOGIE,2
23.53,RUN_055_SUSPENSION_FAULT,TRAIN001,0.10051638509749686,0.3958029518719285,2.1283084182021352,30.79570170138657,27.57855639469062,23.97799108477859,119.84216879589742,4.98242630602473,0.23288297882586256,1.1603222799273778,2.1642627883953978,ZONE_01,SUSPENSION_FAULT,REAR_BOGIE,2
23.54,RUN_055_SUSPENSION_FAULT,TRAIN001,0.021730118967530687,0.402182930539896,1.3781826979446945,30.954595284435726,27.65240427178037,24.00788408885532,121.13293126441414,5.030649893475253,0.24422457931962707,1.2286083539383206,2.0112133732445874,ZONE_01,SUSPENSION_FAULT,REAR_BOGIE,2
23.55,RUN_055_SUSPENSION_FAULT,TRAIN001,-0.03527685688513649,0.04595434787324609,2.3572496666866085,30.688900206862165,27.633367041689667,24.0671923898477,121.12400034806977,4.976689097055681,0.22528918379436844,1.1211942246740068,2.172283259750267,ZONE_01,SUSPENSION_FAULT,REAR_BOGIE,2
23.56,RUN_055_SUSPENSION_FAULT,TRAIN001,-0.18066815578648565,0.754842487760852,0.6433062665766346,30.990001928423858,27.7238934667926,23.955341677242508,119.52764450962701,4.9985739901186355,0.21671534900832623,1.0832677068125018,1.9151997602839697,ZONE_01,SUSPENSION_FAULT,REAR_BOGIE,2
23.57,RUN_055_SUSPENSION_FAULT,TRAIN001,0.060105198648113034,0.3428392446284078,1.5527345078952233,30.806433010994557,27.418789259712693,23.937441029403015,119.89789237130867,5.021514443413623,0.2683261614576852,1.347403695305502,1.4200564684678305,ZONE_01,SUSPENSION_FAULT,REAR_BOGIE,2
23.580000000000002,RUN_055_SUSPENSION_FAULT,TRAIN001,0.1415249213616607,0.05177338513286925,0.4567153959163817,30.686089927527753,27.81661704792798,24.020774694724178,119.57369223331952,5.030273067341391,0.24675708632086787,1.2412555254954964,1.829868162943035,ZONE_01,SUSPENSION_FAULT,REAR_BOGIE,2
23.59,RUN_055_SUSPENSION_FAULT,TRAIN001,0.07233692627261004,-0.016755468441715826,0.1334592353765594,30.731948608550656,27.613174183131004,23.95007854103058,118.55630538101917,4.953527220613314,0.21305706061989507,1.0553839493245112,1.565368473013505,ZONE_01,SUSPENSION_FAULT,REAR_BOGIE,2
23.6,RUN_055_SUSPENSION_FAULT,TRAIN001,-0.10574611547992963,-0.07303556161634456,0.5068636241062928,30.76303582284391,27.525868277401898,24.0181409766695,119.17699411475485,5.0439172779694,0.23390409465477566,1.179792904417013,1.602286165773291,ZONE_01,SUSPENSION_FAULT,REAR_BOGIE,2
23.61,RUN_055_SUSPENSION_FAULT,TRAIN001,0.11670754706161664,-0.5663484890993558,-0.030586872212702176,30.912087294359583,27.586439902349863,24.02468587770814,119.37355269249458,5.004523193362668,0.21649548759262818,1.0834566889156674,1.5308299903768774,ZONE_01,SUSPENSION_FAULT,REAR_BOGIE,2
23.62,RUN_055_SUSPENSION_FAULT,TRAIN001,-0.13987545793493794,-0.6396565458075111,0.052836467740032284,30.834202478315042,27.61766957146068,23.99763978371726,120.08906530688739,5.0013125084026555,0.2212769319628899,1.1066750876469647,1.5215761969259165,ZONE_01,SUSPENSION_FAULT,REAR_BOGIE,2
23.63,RUN_055_SUSPENSION_FAULT,TRAIN001,-0.02953697755006847,-0.6178918987949654,0.5219306519040443,30.666211986332332,27.696913228878266,23.975638340961513,120.01993027744723,5.028318431214683,0.2168386622199964,1.090333841840743,1.5139568231289877,ZONE_01,SUSPENSION_FAULT,REAR_BOGIE,2
23.64,RUN_055_SUSPENSION_FAULT,TRAIN001,0.04804492349841177,-0.9590544679687674,-0.28287130331885274,30.713666077874127,27.814526695359223,23.966104661503525,119.06673634259812,4.98015417832824,0.23269734213414475,1.1588686407152369,0.8911307677159916,ZONE_01,SUSPENSION_FAULT,REAR_BOGIE,2
23.650000000000002,RUN_055_SUSPENSION_FAULT,TRAIN001,0.13191609031178467,-0.553775951005718,-0.30011526352860635,30.67475265494378,27.60454651576373,24.089935370953118,119.36283843754347,5.0272920038265365,0.22087868185601187,1.110421631110474,1.0727013254215982,ZONE_01,SUSPENSION_FAULT,REAR_BOGIE,2
23.66,RUN_055_SUSPENSION_FAULT,TRAIN001,-0.1638147717103447,-0.5124969636559633,0.20411141083384987,30.61164738901615,27.65209864522673,24.048268527017534,119.33288830261674,4.9836056503072275,0.2225922784389217,1.10931213654297,1.164810475935483,ZONE_01,SUSPENSION_FAULT,REAR_BOGIE,2
23.67,RUN_055_SUSPENSION_FAULT,TRAIN001,0.012254719658425789,-0.7686529191645051,0.11191016666998926,30.81634686123106,27.527042984181893,23.873016983406078,119.64947323678875,4.980774289784915,0.23183401035121698,1.1547128782550715,1.595755654207052,ZONE_01,SUSPENSION_FAULT,REAR_BOGIE,2
23.68,RUN_055_SUSPENSION_FAULT,TRAIN001,0.10156209052471135,-0.47554627514563563,0.3385506257724787,30.752798918807418,27.774554342198336,23.979462440076727,118.25236973439526,5.00175598385526,0.21685273533235289,1.084644466563977,1.351558417171686,ZONE_01,SUSPENSION_FAULT,REAR_BOGIE,2
23.69,RUN_055_SUSPENSION_FAULT,TRAIN001,0.011196965996260078,-0.3637335130093272,0.9210964008787658,30.82724607176038,27.59887290270217,23.922195290319017,120.44454756438527,5.021862127802116,0.21625854199685457,1.0860205818677073,1.8597592058307273,ZONE_01,SUSPENSION_FAULT,REAR_BOGIE,2
23.7,RUN_055_SUSPENSION_FAULT,TRAIN001,0.012408118092347022,0.001363781535164893,0.8447838490142998,30.711581208329456,27.57454437610346,23.97450143661626,120.72672273627772,5.0096796496268,0.2495101537963288,1.2499659398487213,1.6449706149648247,ZONE_01,SUSPENSION_FAULT,REAR_BOGIE,2
23.71,RUN_055_SUSPENSION_FAULT,TRAIN001,-0.06566125544017531,0.515343653422762,0.7838662402148124,30.57092561372805,27.649251935796244,24.062614231582227,120.29089425491817,4.990330369932404,0.24319347997016744,1.2136158088646742,2.128515469695999,ZONE_01,SUSPENSION_FAULT,REAR_BOGIE,2
23.72,RUN_055_SUSPENSION_FAULT,TRAIN001,0.02066495098895481,0.14468456279482672,0.5808857480976085,30.736607805672698,27.639194521259547,24.034431237182034,120.7567131686546,4.955605374762942,0.2171740763969501,1.0762290202519036,1.7026159366560134,ZONE_01,SUSPENSION_FAULT,REAR_BOGIE,2
23.73,RUN_055_SUSPENSION_FAULT,TRAIN001,-0.10635790792042309,-0.11086161082087828,0.5383570445245839,30.67926013241525,27.782946274319304,24.0196531165581,119.52373974417112,5.013565847044102,0.24372391535311486,1.2219258981222443,2.1894154207940217,ZONE_01,SUSPENSION_FAULT,REAR_BOGIE,2
23.740000000000002,RUN_055_SUSPENSION_FAULT,TRAIN001,0.0335235147666704,0.7981642175469001,1.4418451619442667,30.647489964316428,27.478808276891943,23.989824806815204,121.37915047110076,5.00273413075283,0.2288561483111096,1.1449064641886195,2.191378319952352,ZONE_01,SUSPENSION_FAULT,REAR_BOGIE,2
23.75,RUN_055_SUSPENSION_FAULT,TRAIN001,-0.05555338820648072,-0.1368445991728433,1.6593240706571697,30.72419885308404,27.590679220913618,24.060888760982188,120.0194080413074,4.987122561357877,0.22033727729767963,1.0988490067194248,1.8407652008011786,ZONE_01,SUSPENSION_FAULT,REAR_BOGIE,2
23.76,RUN_055_SUSPENSION_FAULT,TRAIN001,0.13804898445617933,0.7690761580905384,2.4970437610238894,30.62463326077859,27.610298990834828,23.940228985401255,119.67403974771273,5.009148967849286,0.24874773070672762,1.2460144385244567,2.109615997669637,ZONE_01,SUSPENSION_FAULT,REAR_BOGIE,2
23.77,RUN_055_SUSPENSION_FAULT,TRAIN001,0.008222477193008101,0.6062251266133815,1.9389085009921718,30.728223393755105,27.5255627563896,23.929610749042634,119.91245037358783,5.010418252933777,0.24650411637786557,1.2350887241229696,2.1395568673321175,ZONE_01,SUSPENSION_FAULT,REAR_BOGIE,2
23.78,RUN_055_SUSPENSION_FAULT,TRAIN001,-0.10726803303138628,1.4206633696233366,1.8771262172048162,30.5577502238228,27.766159436625543,23.968125039393957,120.37843240199399,4.98380594092867,0.23666305969363682,1.1794827628995037,2.0137580046821704,ZONE_01,SUSPENSION_FAULT,REAR_BOGIE,2
23.79,RUN_055_SUSPENSION_FAULT,TRAIN001,-0.00848720184214061,0.47006465858264856,2.3316440309195876,30.91053073407239,27.836726639407644,23.970096249496052,120.8078582954112,4.99809039376144,0.22635297080851058,1.1313326089973803,2.5878415139641113,ZONE_01,SUSPENSION_FAULT,REAR_BOGIE,2
23.8,RUN_055_SUSPENSION_FAULT,TRAIN001,-0.03589309076273716,1.041282885586896,2.051805545202482,30.864563513070323,27.62915495771454,24.108126712735203,120.38325648331356,5.016330351548548,0.21942897486523646,1.100728226625669,2.0173929492807394,ZONE_01,SUSPENSION_FAULT,REAR_BOGIE,2
23.81,RUN_055_SUSPENSION_FAULT,TRAIN001,0.030183095489904783,0.09358491537163349,1.7422527450034748,30.628123554135673,27.630911511107303,23.93740957887045,119.37858489437795,4.975728856655912,0.24448791840544287,1.2165055907136981,1.8880086321144844,ZONE_01,SUSPENSION_FAULT,REAR_BOGIE,2
23.82,RUN_055_SUSPENSION_FAULT,TRAIN001,0.10477478094745032,1.1294043342964237,1.494424910957656,30.668962861228216,27.58425461542532,24.045107838315424,118.26395953872697,4.9839754491985175,0.2306401464780682,1.1495048276462418,2.2003627674054806,ZONE_01,SUSPENSION_FAULT,REAR_BOGIE,2
23.830000000000002,RUN_055_SUSPENSION_FAULT,TRAIN001,0.04209148790101622,0.016955447918926836,0.9502418344161113,30.76214942304899,27.700874854870538,23.962929609595363,120.62549300816289,4.9978952850787275,0.24085661107053422,1.2037761208494637,2.1659932702146816,ZONE_01,SUSPENSION_FAULT,REAR_BOGIE,2
23.84,RUN_055_SUSPENSION_FAULT,TRAIN001,-0.08973313875808057,0.8617590072938971,1.9428462566904776,31.060119451421482,27.839143556661092,24.061949346523388,120.64615266559905,4.970644593992441,0.17577756595366728,0.8737278079527461,2.2072290202109617,ZONE_01,SUSPENSION_FAULT,REAR_BOGIE,2
23.85,RUN_055_SUSPENSION_FAULT,TRAIN001,-0.16571829670461552,-0.06793554960637097,1.3233516837778547,30.715431394299564,27.677018406070033,24.024366725250538,119.35642061184514,4.97723867877042,0.2150058553461353,1.0701354593909025,1.7100192926278115,ZONE_01,SUSPENSION_FAULT,REAR_BOGIE,2
23.86,RUN_055_SUSPENSION_FAULT,TRAIN001,0.08665049640115491,-0.3505398085866912,0.9584674803727724,30.755886703683757,27.829341533711244,23.98368068977979,119.64771433938637,5.026376017725156,0.23763968239283287,1.1944664004391583,1.9143081389054513,ZONE_01,SUSPENSION_FAULT,REAR_BOGIE,2
23.87,RUN_055_SUSPENSION_FAULT,TRAIN001,-0.13523374089713777,-0.3215659558036253,1.208332261390947,30.778459556225776,27.63661216671145,24.02465107532401,121.05646893885418,5.00313071941047,0.23064041818735598,1.153924161370838,1.546475915291997,ZONE_01,SUSPENSION_FAULT,REAR_BOGIE,2
23.88,RUN_055_SUSPENSION_FAULT,TRAIN001,-0.018701699944783344,-0.07371289234453732,0.6103844996744932,30.863837412454398,27.670669654092038,23.9126684864803,120.87273077573728,5.01097421036104,0.23521026045023183,1.1786325491284149,1.5639834377039554,ZONE_01,SUSPENSION_FAULT,REAR_BOGIE,2
23.89,RUN_055_SUSPENSION_FAULT,TRAIN001,0.15602511999153024,-0.45828801197613867,0.27371471069161907,30.923327796542367,27.664338880082894,23.85233388096508,120.15156369862106,5.005079760595022,0.19282136976886277,0.9650863352403439,1.3207515990525007,ZONE_01,SUSPENSION_FAULT,REAR_BOGIE,2
23.900000000000002,RUN_055_SUSPENSION_FAULT,TRAIN001,0.06143936721567266,-1.1692976893025921,0.05941698051010294,30.968136700279562,27.439808924453413,24.058448789156415,120.06956561752331,5.017528691066934,0.2458038814210906,1.2333280274059366,1.5775821459213124,ZONE_01,SUSPENSION_FAULT,REAR_BOGIE,2
23.91,RUN_055_SUSPENSION_FAULT,TRAIN001,-0.08481770246033911,-0.4813556264293717,0.017216742492178375,30.721338285890706,27.8052652111997,23.941080890705866,119.33928436240441,5.044092452922396,0.25597312363687635,1.2911521010877394,1.5615270232026321,ZONE_01,SUSPENSION_FAULT,REAR_BOGIE,2
23.92,RUN_055_SUSPENSION_FAULT,TRAIN001,-0.005377142780959847,-0.39439133392284936,-0.29055536623647976,30.822705486106855,27.707635486285444,24.010504357756812,118.55347608319259,5.000437491051493,0.21970395022204825,1.098615869622441,1.4777343832479979,ZONE_01,SUSPENSION_FAULT,REAR_BOGIE,2
23.93,RUN_055_SUSPENSION_FAULT,TRAIN001,-0.07732427725420525,-1.167439625498405,0.10251782624274026,30.869007592932913,27.673536244276075,24.00281494322009,121.12372785276132,5.049558056041399,0.2153819876086453,1.0875838506554436,1.5456454208097665,ZONE_01,SUSPENSION_FAULT,REAR_BOGIE,2
23.94,RUN_055_SUSPENSION_FAULT,TRAIN001,-0.00928688274558178,-0.6646045521669283,0.12625825092640647,30.850409328157497,27.715821470200254,24.017399768885628,119.97167371581757,4.985612986555268,0.24704197380618,1.2316556728323376,1.3656425945387733,ZONE_01,SUSPENSION_FAULT,REAR_BOGIE,2
23.95,RUN_055_SUSPENSION_FAULT,TRAIN001,-0.027635406947495212,-0.5539822449510986,0.1202824749618651,30.773130219110698,27.758983460272763,23.983910098130767,119.19547353172646,4.992649320141952,0.20976186448625228,1.0472674301189957,1.3037092864060973,ZONE_01,SUSPENSION_FAULT,REAR_BOGIE,2
23.96,RUN_055_SUSPENSION_FAULT,TRAIN001,0.03396153329193301,-0.7938837428601855,0.1752983825491518,30.77203233335418,27.906634721865302,23.974591884078247,119.48927369054182,4.988082362572969,0.2689142762165886,1.3413665582400414,1.865418800576422,ZONE_01,SUSPENSION_FAULT,REAR_BOGIE,2
23.97,RUN_055_SUSPENSION_FAULT,TRAIN001,0.055058825422058214,-1.0871126538680724,0.6412044112223996,30.80657775973844,27.67029091590295,23.97738145602921,118.52548938836499,5.003300197820025,0.21560948465079477,1.078758977205195,1.3431761756367044,ZONE_01,SUSPENSION_FAULT,REAR_BOGIE,2
23.98,RUN_055_SUSPENSION_FAULT,TRAIN001,-0.08399796299430698,0.09481640255432594,0.7422021145315927,31.0212585689503,27.634953198552257,24.03953079855322,119.72052768454007,5.041665498526815,0.24501400036143414,1.235278632278279,1.7623462779350874,ZONE_01,SUSPENSION_FAULT,REAR_BOGIE,2
23.990000000000002,RUN_055_SUSPENSION_FAULT,TRAIN001,0.2616063111165372,-1.0501679851802532,0.4505971829422213,30.95170050729888,27.823127814330736,23.979623344693543,119.72729087221502,5.007892544366042,0.2200184480088782,1.1018287454066489,1.3982526732021112,ZONE_01,SUSPENSION_FAULT,REAR_BOGIE,2
24.0,RUN_055_SUSPENSION_FAULT,TRAIN001,0.004474314085489812,-0.18732965378547653,0.37128749980565645,30.6891405031257,27.82174347788763,24.083585685635267,118.54049849332877,4.987996242741451,0.21208189505296426,1.0578636956776724,1.7272086185362563,ZONE_01,SUSPENSION_FAULT,REAR_BOGIE,2
24.01,RUN_055_SUSPENSION_FAULT,TRAIN001,0.021942222651285634,-0.24553505743292037,0.2510581264612892,30.693021935776105,27.748380243989878,24.00215581429335,120.68273636380762,5.001529930758012,0.2271267441087171,1.1359812087353645,1.9109058515285005,ZONE_01,SUSPENSION_FAULT,REAR_BOGIE,2
24.02,RUN_055_SUSPENSION_FAULT,TRAIN001,0.09877043459377621,0.6226329886452051,0.9771591705596661,30.79307326470399,27.58828970023961,24.08160171294396,120.12303104604933,5.0021999124202186,0.24186366162851264,1.2098503870157793,1.4733098863835992,ZONE_01,SUSPENSION_FAULT,REAR_BOGIE,2
24.03,RUN_055_SUSPENSION_FAULT,TRAIN001,-0.06455166019484242,0.09871366753753125,2.224677846055399,30.726457143015207,27.66986611776773,24.004610463812423,121.9488193756636,5.018810129701688,0.25629277990529215,1.2862847999580853,1.9311565271505833,ZONE_01,SUSPENSION_FAULT,REAR_BOGIE,2
24.04,RUN_055_SUSPENSION_FAULT,TRAIN001,0.07412728907616888,0.4372138974157326,1.7308457998142757,30.936338018886364,27.430834743205757,23.980644808112764,120.61110004711715,4.991085695624176,0.25746530481504876,1.285031399981908,2.284189748734574,ZONE_01,SUSPENSION_FAULT,REAR_BOGIE,2
24.05,RUN_055_SUSPENSION_FAULT,TRAIN001,-0.11605152679408613,0.5910096029691397,2.5655886880312657,30.808015757210253,27.852217239933637,24.010086578726806,120.27686142670267,4.956953154491854,0.2486850537352125,1.232720161587738,1.925458903012106,ZONE_01,SUSPENSION_FAULT,REAR_BOGIE,2
24.060000000000002,RUN_055_SUSPENSION_FAULT,TRAIN001,-0.06816171881171641,1.2740493217428632,2.8914501453913326,30.683612323545145,27.69219466575046,24.01917294111616,119.85367739068245,5.010432028312634,0.2298483275253506,1.1516394218871089,2.063736920216626,ZONE_01,SUSPENSION_FAULT,REAR_BOGIE,2
24.07,RUN_055_SUSPENSION_FAULT,TRAIN001,0.04831488186807631,0.27794118698466574,1.6734958419865913,30.85627972642014,27.668103835331323,24.014080774125464,119.85621162759134,5.013761391454915,0.23034425610557727,1.1548911380055464,2.4216606537924115,ZONE_01,SUSPENSION_FAULT,REAR_BOGIE,2
24.080000000000002,RUN_055_SUSPENSION_FAULT,TRAIN001,0.11522653970059,0.7136050893802696,1.946360251029044,30.8020865038856,27.535142119167457,24.02505179119339,118.91326722097986,4.990573356716967,0.23093273743336226,1.1524867666286527,2.3000364171807286,ZONE_01,SUSPENSION_FAULT,REAR_BOGIE,2
24.09,RUN_055_SUSPENSION_FAULT,TRAIN001,0.06966277131840816,0.40212465929630803,2.8368630074191934,30.823724797531565,27.674296534468947,23.95363439876715,120.17368299929068,4.992031957253419,0.20816788177265133,1.0391807182828268,1.9411679639608201,ZONE_01,SUSPENSION_FAULT,REAR_BOGIE,2
24.1,RUN_055_SUSPENSION_FAULT,TRAIN001,-0.15108510609643958,0.5056047953283528,1.6693801611895263,30.81961944440437,27.558354146591675,24.021463519689785,120.62614726855287,4.949757212170936,0.18275180104792735,0.9045770452742063,2.3054824781884493,ZONE_01,SUSPENSION_FAULT,REAR_BOGIE,2
24.11,RUN_055_SUSPENSION_FAULT,TRAIN001,-0.14362571387187623,0.08408460889357339,0.7144356108763348,30.997737661807655,27.7013690536016,23.982112769293813,119.62411387588762,4.982030497722338,0.23221092767962218,1.156881923604274,2.18216517444874,ZONE_01,SUSPENSION_FAULT,REAR_BOGIE,2
24.12,RUN_055_SUSPENSION_FAULT,TRAIN001,-0.003272392728164294,0.35255518293653104,0.8110062342451427,30.661884493330636,27.718579783359345,24.00153287090613,120.34551518818634,5.005929817984358,0.22416326441094714,1.1221455694114721,2.0243697031767764,ZONE_01,SUSPENSION_FAULT,REAR_BOGIE,2
24.13,RUN_055_SUSPENSION_FAULT,TRAIN001,0.09524794692228242,0.21435027884835503,1.568396378138957,30.68966368214544,27.89115599613326,24.006879427623392,119.45413654752915,5.004745885976007,0.2489382556857124,1.2458727110051124,2.0933088275752754,ZONE_01,SUSPENSION_FAULT,REAR_BOGIE,2
24.14,RUN_055_SUSPENSION_FAULT,TRAIN001,-0.07824126004370754,0.1882914132473636,2.237397903218137,30.675743787929616,27.774622013468434,24.0908328474528,119.07716051431335,5.026041288709766,0.22693843159557633,1.1406019271944035,1.7243514398999185,ZONE_01,SUSPENSION_FAULT,REAR_BOGIE,2
24.150000000000002,RUN_055_SUSPENSION_FAULT,TRAIN001,0.1751414625683085,-0.10982754419850749,0.7541879356279872,30.877704863027198,27.739587859904038,23.946473851681937,118.55331233075201,4.997448457200964,0.23107324900720932,1.1547766517514924,1.6014810324687885,ZONE_01,SUSPENSION_FAULT,REAR_BOGIE,2
24.16,RUN_055_SUSPENSION_FAULT,TRAIN001,-0.06418103664996848,-0.010742269329706067,0.5348527164566157,30.83569637901599,27.746718021303135,23.98716850617657,119.41671402590363,4.97664748189459,0.22154863779372208,1.1025694703933036,1.5968388321342573,ZONE_01,SUSPENSION_FAULT,REAR_BOGIE,2
24.17,RUN_055_SUSPENSION_FAULT,TRAIN001,-0.10685285269655896,-0.4459526265667869,0.11929344118486118,30.839063530598892,27.80991038169884,23.98899590068724,120.23761225972119,4.9736308550892625,0.22269199444207682,1.10758777473848,1.311385229512928,ZONE_01,SUSPENSION_FAULT,REAR_BOGIE,2
24.18,RUN_055_SUSPENSION_FAULT,TRAIN001,-0.17435430174523936,-0.7907743952212045,0.5220884119389035,30.89743803158786,27.64326311499557,23.92036087201553,118.88308827196282,5.024542199030836,0.2110900030215462,1.0606306279753055,1.5851832364724692,ZONE_01,SUSPENSION_FAULT,REAR_BOGIE,2
24.19,RUN_055_SUSPENSION_FAULT,TRAIN001,0.1261350753434253,-1.0759784480991343,0.34180080797770096,30.744571961019172,27.497525067464625,24.05173632569211,120.44155475871254,5.003447681354267,0.2569151526333055,1.28546152474789,1.7735045408675931,ZONE_01,SUSPENSION_FAULT,REAR_BOGIE,2
24.2,RUN_055_SUSPENSION_FAULT,TRAIN001,-0.03971235327065073,-0.8312937930635883,-0.13657310475256002,30.924747568633254,27.64939359292849,23.961029352592117,119.65702117252216,5.00828256242387,0.22422110389627564,1.122962644771148,1.4347095044419527,ZONE_01,SUSPENSION_FAULT,REAR_BOGIE,2
24.21,RUN_055_SUSPENSION_FAULT,TRAIN001,-0.030649102335376266,-0.758694528894184,-0.03934063217496143,30.752290233727372,27.744204452630587,24.02826718449078,121.46876088446932,4.978407074204771,0.2680174703823195,1.334300070561807,1.4262799143683031,ZONE_01,SUSPENSION_FAULT,REAR_BOGIE,2
24.22,RUN_055_SUSPENSION_FAULT,TRAIN001,0.032648748390090486,-0.6170986898498901,-0.21548427583819763,30.811792480424682,27.513920213930405,23.918188355671173,120.17323185528366,5.018632399349546,0.2440726167602299,1.2249107422669148,1.6737759225364237,ZONE_01,SUSPENSION_FAULT,REAR_BOGIE,2
24.23,RUN_055_SUSPENSION_FAULT,TRAIN001,-0.026225658506473893,-0.514329721715799,0.22984779652903267,30.755301829680754,27.895319088811146,24.014630706807836,119.75877425636405,4.98539065334496,0.24083244052970784,1.2006437980390614,1.4124036079783124,ZONE_01,SUSPENSION_FAULT,REAR_BOGIE,2
24.240000000000002,RUN_055_SUSPENSION_FAULT,TRAIN001,0.17742782826496645,-0.2618577323169641,0.19096209305904951,30.952940033811508,27.68433993277795,24.02529829923866,120.61581266260208,5.051449154719573,0.2154751445593534,1.0884617368474236,1.2640146277590463,ZONE_01,SUSPENSION_FAULT,REAR_BOGIE,2
24.25,RUN_055_SUSPENSION_FAULT,TRAIN001,0.016553363126305003,-0.3452779916170533,0.7986078518640619,30.805719959878527,27.80084582549089,24.005565527076534,119.55599646465977,4.989550368799672,0.24303983676164745,1.21265950714709,1.342411953130349,ZONE_01,SUSPENSION_FAULT,REAR_BOGIE,2
24.26,RUN_055_SUSPENSION_FAULT,TRAIN001,-0.0602686806441803,-0.8538112600531125,0.9854434427747879,30.831303344182324,27.64328744093705,23.999675504698413,120.74005411170012,5.001172261950099,0.20310859290421096,1.0157810609962545,1.6266977605175847,ZONE_01,SUSPENSION_FAULT,REAR_BOGIE,2
24.27,RUN_055_SUSPENSION_FAULT,TRAIN001,0.04324998114774248,-0.2514587821379406,0.8090098183985461,30.952812119815928,27.60919094045649,24.002636867754852,120.02220427026917,5.0131995511237255,0.23566326231596638,1.1814269608587553,1.812994987888896,ZONE_01,SUSPENSION_FAULT,REAR_BOGIE,2
24.28,RUN_055_SUSPENSION_FAULT,TRAIN001,0.08923621856319242,0.31975376302005304,1.2311234968385971,30.78094373020803,27.674732473627866,23.999030475121035,120.3041618865515,4.960092638735792,0.1999340148185993,0.9916912351346271,1.6314831841121458,ZONE_01,SUSPENSION_FAULT,REAR_BOGIE,2
24.29,RUN_055_SUSPENSION_FAULT,TRAIN001,0.1000835303055327,0.35716985486721115,1.2691140655068376,30.87568951805288,27.761792365361117,23.99134608914866,118.78096870337164,5.018593421953558,0.2107259179035855,1.0575477054260598,1.6953791739680906,ZONE_01,SUSPENSION_FAULT,REAR_BOGIE,2
24.3,RUN_055_SUSPENSION_FAULT,TRAIN001,0.06772663263965599,0.41006085732679826,1.256745952361951,30.777131331867785,27.594072685544347,24.01754151071611,117.94637249400404,5.022774760169625,0.2743320319308266,1.3779080058882036,2.1009556542727976,ZONE_01,SUSPENSION_FAULT,REAR_BOGIE,2
24.310000000000002,RUN_055_SUSPENSION_FAULT,TRAIN001,-0.01989612013760951,-0.09223191818341137,1.4660748258245262,31.04498733581653,27.58696195994333,23.98577046580775,119.41026081983735,4.984035489119532,0.22374224216655564,1.1151392753732898,2.0334610977268595,ZONE_01,SUSPENSION_FAULT,REAR_BOGIE,2
24.32,RUN_055_SUSPENSION_FAULT,TRAIN001,-0.011338190599958392,-0.08655938905293348,1.6554123918648342,30.714364024981602,27.685806480688328,24.017947401261406,119.5415896763058,4.995468586692556,0.24089064568430765,1.2033616533440454,2.038376086796695,ZONE_01,SUSPENSION_FAULT,REAR_BOGIE,2
24.330000000000002,RUN_055_SUSPENSION_FAULT,TRAIN001,-0.07973478241863285,0.511850330882266,0.9623712793609571,30.828119504546297,27.83854670120485,23.999235508160524,119.66084050391152,4.994625219801341,0.19904334151508477,0.9941468933647736,2.3152093216285436,ZONE_01,SUSPENSION_FAULT,REAR_BOGIE,2
24.34,RUN_055_SUSPENSION_FAULT,TRAIN001,0.05628309892774274,0.4577042548451927,1.8487396777302385,30.74806970873588,27.93671783112436,24.087156691298112,119.27462487970091,4.972752883502686,0.25009025646277894,1.24363704396121,2.3651794508118704,ZONE_01,SUSPENSION_FAULT,REAR_BOGIE,2
24.35,RUN_055_SUSPENSION_FAULT,TRAIN001,0.06456959794607163,0.7430472195885478,2.6284719325253945,30.764014181515183,27.70839550848107,23.97809823989803,118.21762294048132,5.010334921311319,0.22303884219712095,1.1174992998690796,2.187778964842625,ZONE_01,SUSPENSION_FAULT,REAR_BOGIE,2
24.36,RUN_055_SUSPENSION_FAULT,TRAIN001,-0.04336495032479577,0.7516372314569828,2.026890204116524,30.782104726110088,27.648278569231902,23.90466842653382,119.87469527767513,4.955008707018914,0.22443140227066183,1.1120595523795938,2.1759283650488976,ZONE_01,SUSPENSION_FAULT,REAR_BOGIE,2
24.37,RUN_055_SUSPENSION_FAULT,TRAIN001,-0.01127195759225412,0.7891684449969295,2.15637093546854,30.91612500909975,27.59450683263325,23.99023137015052,120.89296352118306,5.002102276800899,0.2339891474222268,1.1704376470674218,2.138603425399229,ZONE_01,SUSPENSION_FAULT,REAR_BOGIE,2
24.38,RUN_055_SUSPENSION_FAULT,TRAIN001,-0.16791519350338135,0.8877252594188815,1.7929945660475104,30.93537534748905,27.553322067827924,24.020305583186868,119.95421163592998,5.020526529824034,0.24918631873113803,1.251046524058866,2.2371172375733455,ZONE_01,SUSPENSION_FAULT,REAR_BOGIE,2
24.39,RUN_055_SUSPENSION_FAULT,TRAIN001,0.09535682196105189,0.005862558763853998,1.97723007082237,30.769296420270805,27.65653827094107,24.04022577991161,119.8687435346544,5.001151343670995,0.20047746745479117,1.002618155737287,2.224610187439518,ZONE_01,SUSPENSION_FAULT,REAR_BOGIE,2
24.400000000000002,RUN_055_SUSPENSION_FAULT,TRAIN001,-0.20825864578010977,0.4881697206275244,0.8485604486151006,30.883875503249964,27.697417272386573,23.961674168896998,119.57759090623881,5.004167686518114,0.22619918363437283,1.1319386454599056,2.3130947803388353,ZONE_01,SUSPENSION_FAULT,REAR_BOGIE,2
24.41,RUN_055_SUSPENSION_FAULT,TRAIN001,0.14801995475712723,-0.08397118962684752,1.4393066339752052,30.883800545296072,27.73066276696917,24.045161758395228,120.45419057716408,5.008598129431776,0.2506764856539492,1.2555377771389011,1.695546859037936,ZONE_01,SUSPENSION_FAULT,REAR_BOGIE,2
24.42,RUN_055_SUSPENSION_FAULT,TRAIN001,0.07248178018198545,0.20662052977563872,1.2926904370530348,30.84619122108489,27.923544123624787,24.09000694101726,120.48553418634509,5.021739727090383,0.24107890362810314,1.2106355077126394,1.654782443147654,ZONE_01,SUSPENSION_FAULT,REAR_BOGIE,2
24.43,RUN_055_SUSPENSION_FAULT,TRAIN001,-0.03963148588029403,-0.15513724848736746,1.1193376500944847,30.80337151970342,27.748688914882226,24.073727632411718,121.04142568014805,5.034020694391028,0.25200650917060075,1.2686059822860465,1.6710365255673263,ZONE_01,SUSPENSION_FAULT,REAR_BOGIE,2
24.44,RUN_055_SUSPENSION_FAULT,TRAIN001,0.062336420932654985,0.1766491545551343,1.070730998537986,30.959675533135563,27.834502281410902,24.044674606986803,118.96913236488811,4.997608305101447,0.23390306132728225,1.168955881877879,1.8263670473529143,ZONE_01,SUSPENSION_FAULT,REAR_BOGIE,2
24.45,RUN_055_SUSPENSION_FAULT,TRAIN001,-0.11756418270157326,-0.41381482033253236,0.6669900346865956,30.911099686163,27.692708066160332,23.992141487510843,120.5620728092934,5.0128826538169715,0.2192825859241038,1.0992378712630695,1.586294694009882,ZONE_01,SUSPENSION_FAULT,REAR_BOGIE,2
24.46,RUN_055_SUSPENSION_FAULT,TRAIN001,0.017611908948709523,-0.18832661268567402,0.007657042711722961,30.87760434850808,27.67004357361785,24.026856425115618,119.68744800436578,4.987337350237116,0.2100193632156195,1.0474374144382743,1.6825005727106142,ZONE_01,SUSPENSION_FAULT,REAR_BOGIE,2
24.47,RUN_055_SUSPENSION_FAULT,TRAIN001,0.02656046301260889,-0.46947115597885686,-0.043734504421123865,30.689209449402735,27.819946324044242,23.976891946966433,120.39283237247169,4.988626576551744,0.22743989306137907,1.1346126950940822,1.450146133128977,ZONE_01,SUSPENSION_FAULT,REAR_BOGIE,2
24.48,RUN_055_SUSPENSION_FAULT,TRAIN001,0.017238336779997344,-0.6561856421238141,-0.2588593381408016,30.859315756576958,27.675151460030865,23.941967639229574,119.46682066482151,5.02465301741834,0.2500010212845966,1.2561683859553152,1.2760361460300906,ZONE_01,SUSPENSION_FAULT,REAR_BOGIE,2
24.490000000000002,RUN_055_SUSPENSION_FAULT,TRAIN001,0.02002018611073699,-0.3775930651247941,0.475995554417886,30.9322276388269,27.79993744244435,23.978593060513976,120.99961678489387,5.003438851273363,0.21587198765026483,1.0801022899109387,0.9769121107281884,ZONE_01,SUSPENSION_FAULT,REAR_BOGIE,2
24.5,RUN_055_SUSPENSION_FAULT,TRAIN001,-0.04559893782300084,-0.20644611282326064,0.1639843938081162,30.835651960716067,27.794067406211877,24.00841202072945,120.08898147728742,4.980526296794818,0.22144212617184214,1.1028983326170159,1.1475722062332565,ZONE_01,SUSPENSION_FAULT,REAR_BOGIE,2
24.51,RUN_055_SUSPENSION_FAULT,TRAIN001,-0.09042824515004666,-1.3234810024383896,-0.034679120137640775,30.887208236012114,27.63017231724776,24.02673955097506,119.42134389625858,4.998124896872479,0.2147034024343754,1.073114421150483,1.0761094395231707,ZONE_01,SUSPENSION_FAULT,REAR_BOGIE,2
24.52,RUN_055_SUSPENSION_FAULT,TRAIN001,-0.03858937754907035,-0.13783993118013993,0.4323414058485631,30.854748250030212,27.690113390574943,24.097964514901108,119.10433778355133,5.0413242543202665,0.25712594581015374,1.2962552670277665,1.554165981526132,ZONE_01,SUSPENSION_FAULT,REAR_BOGIE,2
24.53,RUN_055_SUSPENSION_FAULT,TRAIN001,0.045124891412015644,-0.13317950962400515,0.12351881113866675,30.86888082123866,27.754863889608796,24.03579153919152,120.59360595152125,5.004531503128215,0.2741701623766556,1.3720932148317508,1.4889978548146694,ZONE_01,SUSPENSION_FAULT,REAR_BOGIE,2
24.54,RUN_055_SUSPENSION_FAULT,TRAIN001,-0.1405452065021452,-0.5692495688098284,0.9481502145355621,30.741204886553604,27.733534716889128,23.979202395589045,120.24730889570257,5.025092529193104,0.21570432986847307,1.083934216536669,1.5112033076191596,ZONE_01,SUSPENSION_FAULT,REAR_BOGIE,2
24.55,RUN_055_SUSPENSION_FAULT,TRAIN001,0.06901352675209535,-0.6770597723033581,1.2655531691408364,31.075733611172314,27.7325699585869,23.93737020103409,119.89963457992154,5.015173064179074,0.2191427278495762,1.09903870592192,1.0578453945934068,ZONE_01,SUSPENSION_FAULT,REAR_BOGIE,2
24.560000000000002,RUN_055_SUSPENSION_FAULT,TRAIN001,-0.09582138370591961,-0.7583022662772259,1.6602248111020275,30.81877289446435,27.74931178179485,23.970687620841336,120.03735026019214,5.007859743315954,0.24645015295016182,1.2341877996931752,1.9568393620479931,ZONE_01,SUSPENSION_FAULT,REAR_BOGIE,2
24.57,RUN_055_SUSPENSION_FAULT,TRAIN001,0.13445166456381127,0.06827274112818452,0.5970891139997558,30.987779184751894,27.83019706367257,23.995057532547385,120.18833046019977,4.997127379666317,0.22783464547373938,1.1385187449333916,1.9386813778079037,ZONE_01,SUSPENSION_FAULT,REAR_BOGIE,2
24.580000000000002,RUN_055_SUSPENSION_FAULT,TRAIN001,-0.12749764561347948,-0.21834249837449662,1.092217921385877,30.804539394725108,27.794129968988518,23.948663919222746,120.17837054558773,4.985144268014409,0.2587899078613818,1.2901050257951445,1.834268294295313,ZONE_01,SUSPENSION_FAULT,REAR_BOGIE,2
24.59,RUN_055_SUSPENSION_FAULT,TRAIN001,0.05678564433534503,-0.34936322875821674,0.8991871018261297,30.955744387543163,27.612022544196265,24.043686651097854,121.30697513244496,4.979059535359559,0.25344013448234426,1.2618935182371251,2.0057235645104465,ZONE_01,SUSPENSION_FAULT,REAR_BOGIE,2
24.6,RUN_055_SUSPENSION_FAULT,TRAIN001,-0.065136114692747,0.7324542500935187,1.656544174871928,30.77541753189321,27.714724235604677,24.00156135182676,120.53928127324602,5.026298098399389,0.21880534813207972,1.0997809052358885,1.836769366639456,ZONE_01,SUSPENSION_FAULT,REAR_BOGIE,2
24.61,RUN_055_SUSPENSION_FAULT,TRAIN001,-0.053668440613219084,-0.062325910092618564,1.0664999398473847,30.873744733051176,27.778299660163288,23.967722160472857,118.49880885524037,5.0020582544621375,0.23066704967435708,1.1538100198560457,2.301339290162737,ZONE_01,SUSPENSION_FAULT,REAR_BOGIE,2
24.62,RUN_055_SUSPENSION_FAULT,TRAIN001,-0.09918596691048358,0.37318355659256963,2.384917918864023,31.05752302900471,27.7436604348842,23.938652015346776,120.71651934347739,4.998060007186403,0.22709474610020325,1.1350331683255763,2.1588015555858013,ZONE_01,SUSPENSION_FAULT,REAR_BOGIE,2
24.63,RUN_055_SUSPENSION_FAULT,TRAIN001,0.11419831369168974,0.06958105481390031,2.9070359744794794,30.742466869439074,27.822108081216413,23.946317066901457,119.30529482076169,5.01153740571074,0.23009102897757341,1.153109798439583,2.000864933560125,ZONE_01,SUSPENSION_FAULT,REAR_BOGIE,2
24.64,RUN_055_SUSPENSION_FAULT,TRAIN001,0.06036537661081856,0.8380843857360183,1.991071750682786,30.926209374775283,27.66630655814312,24.00370134343764,119.4737776159177,5.007643475377866,0.22434135673546846,1.1234215313137867,2.349370625091613,ZONE_01,SUSPENSION_FAULT,REAR_BOGIE,2
24.650000000000002,RUN_055_SUSPENSION_FAULT,TRAIN001,0.026611583975467507,0.527980503141263,1.7747090652311674,30.775869904486367,27.56850576457648,23.995580762439477,119.21178792781973,4.995242378467583,0.22739272242021488,1.135881763588573,2.393614795423512,ZONE_01,SUSPENSION_FAULT,REAR_BOGIE,2
24.66,RUN_055_SUSPENSION_FAULT,TRAIN001,-0.05150530072555615,0.8289279166364778,1.4503392952459973,30.975377671346585,27.655626908817705,23.977668539598323,118.29116247535582,5.017008373577934,0.24275026565735866,1.2178801154912362,2.2739161020559666,ZONE_01,SUSPENSION_FAULT,REAR_BOGIE,2
24.67,RUN_055_SUSPENSION_FAULT,TRAIN001,-0.020290328951504802,0.8602240383657096,2.383064785328128,30.88498652266762,27.774166272523473,24.041683524589068,119.9288886335704,4.9961507734070985,0.2227986646049528,1.1131357204801036,2.1189789653928663,ZONE_01,SUSPENSION_FAULT,REAR_BOGIE,2
24.68,RUN_055_SUSPENSION_FAULT,TRAIN001,0.05085848546815069,0.08741230911537695,1.1523621594875353,30.943675087245726,27.790781376288585,23.993028960069903,120.51979537537106,4.980155290007821,0.21646936407200734,1.0780510486078363,2.233429827754247,ZONE_01,SUSPENSION_FAULT,REAR_BOGIE,2
24.69,RUN_055_SUSPENSION_FAULT,TRAIN001,-0.07206137064190953,0.8825349039711607,1.8331518128881368,30.77469760556132,27.561500530857746,23.96823492626928,119.64839409012454,5.017779414771369,0.205012635787363,1.0287081836218501,2.029261432307727,ZONE_01,SUSPENSION_FAULT,REAR_BOGIE,2
24.7,RUN_055_SUSPENSION_FAULT,TRAIN001,0.08656697528597768,0.41469728646808734,1.1837335740376618,30.837834370806046,27.77474792177427,24.009796383747773,121.10013150824958,4.989703722251273,0.23823412413267897,1.1887176959521,1.9230165526567469,ZONE_01,SUSPENSION_FAULT,REAR_BOGIE,2
24.71,RUN_055_SUSPENSION_FAULT,TRAIN001,0.07158060002149105,0.25849484227926756,0.11669908738547485,30.86753542751886,27.724123142807677,24.03749446111099,121.10503992634858,5.03894779208051,0.21211867651096356,1.0688549366639597,1.5702703093620793,ZONE_01,SUSPENSION_FAULT,REAR_BOGIE,2
24.72,RUN_055_SUSPENSION_FAULT,TRAIN001,0.0393115863612952,-0.14828911805929557,1.1885837514372741,30.98207909195799,27.753151531644335,24.036590959309887,119.3922893402308,4.972191283680034,0.22498874958394982,1.1186870996073852,1.6448379422963104,ZONE_01,SUSPENSION_FAULT,REAR_BOGIE,2
24.73,RUN_055_SUSPENSION_FAULT,TRAIN001,0.06613442126675301,-0.3776518492930193,0.6120434560834525,30.778919890702568,27.642186836723436,23.95274060933742,117.98641965395306,5.003812902498878,0.22465962280725893,1.1241547192734935,1.6426082102631567,ZONE_01,SUSPENSION_FAULT,REAR_BOGIE,2
24.740000000000002,RUN_055_SUSPENSION_FAULT,TRAIN001,-0.09469393622801786,-0.30654938305687984,0.3453293279138775,30.80623373790667,27.932877431665396,24.028246811829966,119.6161883157676,5.043299216797479,0.2622134965518889,1.3224211217938697,1.1361905678523838,ZONE_01,SUSPENSION_FAULT,REAR_BOGIE,2
24.75,RUN_055_SUSPENSION_FAULT,TRAIN001,-0.20959640399387616,-0.5955654204979401,0.3860433066321638,30.777485749609557,27.832835091832912,24.034206125568573,121.15813910990585,4.998446696735379,0.22428442093623388,1.1210737229579255,1.4319014596857247,ZONE_01,SUSPENSION_FAULT,REAR_BOGIE,2
24.76,RUN_055_SUSPENSION_FAULT,TRAIN001,-0.11769691017690372,-0.42465310635859815,-0.2955874983287038,30.681934638927434,27.548486728700347,24.052391433995144,120.75671640257227,4.975084976986323,0.2342691596256377,1.165508976624721,1.35943198480239,ZONE_01,SUSPENSION_FAULT,REAR_BOGIE,2
24.77,RUN_055_SUSPENSION_FAULT,TRAIN001,-0.16929907634866384,-0.8797797553371263,0.1111861629462047,30.970290682251004,27.701013765665884,24.072834022447946,119.8302782127909,4.982401374895275,0.21838807850168207,1.088097062587518,1.300574657352433,ZONE_01,SUSPENSION_FAULT,REAR_BOGIE,2
24.78,RUN_055_SUSPENSION_FAULT,TRAIN001,-0.07342388249728353,-0.908637579284975,-0.11072375053428228,30.743888303951245,27.661942649225768,23.9895437384595,119.819768590473,5.038652271425437,0.25751947825519766,1.297551104046845,1.1271599882826018,ZONE_01,SUSPENSION_FAULT,REAR_BOGIE,2
24.79,RUN_055_SUSPENSION_FAULT,TRAIN001,0.0283824593127346,-0.9213355936271388,-0.11317628895582105,30.913180611881582,27.789520749172762,24.001362128821732,119.72602100468328,5.012562279781591,0.24924754284161924,1.2493688315761466,1.360692760877129,ZONE_01,SUSPENSION_FAULT,REAR_BOGIE,2
24.8,RUN_055_SUSPENSION_FAULT,TRAIN001,-0.028314545922968604,-1.0633039821877825,0.4356258043645932,30.805432487567288,27.585611115069163,24.01055717983201,121.31736329526296,4.9777017700335255,0.2091945693967698,1.0413081783677023,1.1976672577170946,ZONE_01,SUSPENSION_FAULT,REAR_BOGIE,2
24.810000000000002,RUN_055_SUSPENSION_FAULT,TRAIN001,-0.07043712577555174,-0.8994717932768423,-0.034241381594485754,30.90977773062947,27.658030554348812,23.963315079783854,119.46971668279659,5.00470221989075,0.22410825527599315,1.1215950826756058,1.2310554086300578,ZONE_01,SUSPENSION_FAULT,REAR_BOGIE,2
24.82,RUN_055_SUSPENSION_FAULT,TRAIN001,-0.06136141268381898,-0.15916708691950815,0.4509034313277886,30.907290021133033,27.82423608349878,24.067082771943547,119.12553048803818,5.007922590669462,0.22661267004914892,1.134858709671058,1.6451724858683874,ZONE_01,SUSPENSION_FAULT,REAR_BOGIE,2
24.830000000000002,RUN_055_SUSPENSION_FAULT,TRAIN001,-0.007188995647439961,-0.15928896214494384,0.5281503361892226,30.853831280695882,27.696211143288625,24.02382081770455,119.76612188880978,5.000000684951472,0.16774470896720528,0.8387236597330118,1.2564610713848543,ZONE_01,SUSPENSION_FAULT,REAR_BOGIE,2
24.84,RUN_055_SUSPENSION_FAULT,TRAIN001,0.07575385208623917,0.20461796134343402,0.24541093615556436,30.806283733786472,27.828048243071457,24.028383045499275,120.40118875192798,5.031819201886956,0.24731458870313752,1.2444422963432222,2.026295235411891,ZONE_01,SUSPENSION_FAULT,REAR_BOGIE,2
24.85,RUN_055_SUSPENSION_FAULT,TRAIN001,0.12101281760408211,-0.5134036822302904,0.7734136017718836,30.673298051118312,27.528197933122883,24.054858140670486,119.11834596092396,5.023538739979467,0.2273136945654686,1.1419191507774915,1.2929373133834283,ZONE_01,SUSPENSION_FAULT,REAR_BOGIE,2
24.86,RUN_055_SUSPENSION_FAULT,TRAIN001,0.08818735967381582,0.19636025560110856,1.1465421243746152,30.8740320424079,27.55773564674827,23.979073201124244,120.15031479388318,4.9914826624146205,0.2351175731436261,1.1735852899754111,1.725155931297261,ZONE_01,SUSPENSION_FAULT,REAR_BOGIE,2
24.87,RUN_055_SUSPENSION_FAULT,TRAIN001,-0.08552968090654041,-0.2944538105949315,0.9724213009372695,30.820170096053996,27.662695537997287,24.002644657645323,118.42249958559007,4.9685088468967065,0.2258596788857608,1.122185812701152,1.830545635798179,ZONE_01,SUSPENSION_FAULT,REAR_BOGIE,2
24.88,RUN_055_SUSPENSION_FAULT,TRAIN001,-0.1705427748423399,0.2705662159876382,1.3729409516976288,30.83470137881683,27.79096091535885,24.068691985434935,119.48720475008139,5.029783811402242,0.22620214362350102,1.1377478801019705,1.9260128148116606,ZONE_01,SUSPENSION_FAULT,REAR_BOGIE,2
24.89,RUN_055_SUSPENSION_FAULT,TRAIN001,0.08699068186232557,0.5322584956030492,1.6583520968873935,30.778812235041734,27.712605171640543,23.970888207672424,119.93684594506911,5.007700502490121,0.21212699329773851,1.0622684509288038,2.263206785604209,ZONE_01,SUSPENSION_FAULT,REAR_BOGIE,2
24.900000000000002,RUN_055_SUSPENSION_FAULT,TRAIN001,-0.02263686563175063,0.48439089702376864,1.90371939651194,30.78934737477634,27.827951611917882,24.082829786755262,119.42589535644001,5.0021856280038355,0.24413753657820522,1.2212212767277588,2.3186849632530895,ZONE_01,SUSPENSION_FAULT,REAR_BOGIE,2
24.91,RUN_055_SUSPENSION_FAULT,TRAIN001,0.01879106558787115,0.5528188672945018,2.2944439386082673,30.959127390247627,27.8036716196399,23.997548816778295,120.37025470690004,5.010698413016327,0.2258949872332403,1.1318916540379405,2.020319118138094,ZONE_01,SUSPENSION_FAULT,REAR_BOGIE,2
24.92,RUN_055_SUSPENSION_FAULT,TRAIN001,-0.016387132681250687,0.9224266446037482,1.1905304497384188,31.075739938246006,27.660149093463364,24.014802784897814,119.52486588717225,5.020178428436631,0.17742710651285057,0.8907157327357409,2.098604904654213,ZONE_01,SUSPENSION_FAULT,REAR_BOGIE,2
24.93,RUN_055_SUSPENSION_FAULT,TRAIN001,-0.026164394032988147,0.3262280977988209,1.812162890704404,30.836376095964855,27.820503236518174,23.993357050073925,120.86321126441361,4.981164374325776,0.22758637017445774,1.1336451191951273,2.251372637986691,ZONE_01,SUSPENSION_FAULT,REAR_BOGIE,2
24.94,RUN_055_SUSPENSION_FAULT,TRAIN001,0.04894907560061846,1.026404665444458,2.4390849832060484,30.943084807069404,27.69548935734695,24.02168790469859,119.8272042113932,4.998734171731093,0.23775530460029617,1.1884755656158352,2.2657102462094216,ZONE_01,SUSPENSION_FAULT,REAR_BOGIE,2
24.95,RUN_055_SUSPENSION_FAULT,TRAIN001,0.09150662885361499,0.6392816449055487,1.7294926122320209,30.972204276190055,27.64442881687831,24.018443422833847,120.67299202945928,5.003246332718092,0.25189694439182864,1.2603024632513098,2.3386798352547733,ZONE_01,SUSPENSION_FAULT,REAR_BOGIE,2
24.96,RUN_055_SUSPENSION_FAULT,TRAIN001,0.03988984031350534,0.3013162191533062,1.7273939856374172,30.7760511579456,27.675241235916275,24.064481833031294,118.85339919330104,4.979838700772112,0.23124959298478298,1.1515856726834215,1.9977551669456217,ZONE_01,SUSPENSION_FAULT,REAR_BOGIE,2
24.97,RUN_055_SUSPENSION_FAULT,TRAIN001,-0.10927546212091173,0.3718128236316272,1.9078959715096837,30.79955893311767,27.868099509529042,23.948874426811543,120.39814559530802,4.985823909117253,0.23550372550230955,1.1741801052956016,1.7913129380913828,ZONE_01,SUSPENSION_FAULT,REAR_BOGIE,2
24.98,RUN_055_SUSPENSION_FAULT,TRAIN001,0.12107137178134678,0.5126308653021321,1.461773734491177,30.957166554450833,27.722974791609268,24.045225024720587,120.3619074602372,4.99587816883164,0.2640404068051545,1.3191137040472964,1.9426875488254853,ZONE_01,SUSPENSION_FAULT,REAR_BOGIE,2
24.990000000000002,RUN_055_SUSPENSION_FAULT,TRAIN001,0.08248372230682469,0.230210080033958,1.5792607211229286,30.946233179692722,27.833108858926646,23.94063852764531,120.63340828970618,4.98713988379302,0.22555157470795964,1.1248572540783865,2.005828671417539,ZONE_01,SUSPENSION_FAULT,REAR_BOGIE,2
25.0,RUN_055_SUSPENSION_FAULT,TRAIN001,0.1080224943793903,0.15807549665157886,0.4831821093399128,30.80217349614859,27.76115928439846,23.95558528964447,120.54638660068352,5.00240483568299,0.22153817565649267,1.1082236411924264,1.9128552913895898,ZONE_01,SUSPENSION_FAULT,REAR_BOGIE,2
25.01,RUN_055_SUSPENSION_FAULT,TRAIN001,-0.2630176949139286,-0.17031756848430363,0.5118366830304578,30.883891926786834,27.765895694999053,24.02187970373161,119.75575690005087,4.999600118192395,0.23323315208542644,1.1660724947326828,1.4893448541770635,ZONE_01,SUSPENSION_FAULT,REAR_BOGIE,2
25.02,RUN_055_SUSPENSION_FAULT,TRAIN001,-0.05584578815008772,-0.3728839062140671,0.6446007684465417,30.809211482762475,27.761821593807266,24.091657127194118,120.0611488515021,5.002984761459378,0.2503417169349961,1.2524557949833623,1.702294577437947,ZONE_01,SUSPENSION_FAULT,REAR_BOGIE,2
25.03,RUN_055_SUSPENSION_FAULT,TRAIN001,0.029258692687549187,-0.5448217222813063,0.4033788045334633,31.02724421504476,27.748814524003425,24.00696625028759,120.05906794706036,4.9767729186981935,0.2357603017588471,1.1733254850975443,1.1729025199756982,ZONE_01,SUSPENSION_FAULT,REAR_BOGIE,2
25.04,RUN_055_SUSPENSION_FAULT,TRAIN001,-0.01276480660034978,-0.4650673385099773,0.14993837897088144,30.786765045210007,27.697297050160774,23.96742568597553,119.63398192186129,5.02121311209841,0.218505505303351,1.0971627082948747,1.3846448734549934,ZONE_01,SUSPENSION_FAULT,REAR_BOGIE,2
25.05,RUN_055_SUSPENSION_FAULT,TRAIN001,0.009982793611119575,-1.2199219850809844,-0.2682487434311429,30.81979540625908,27.829398731275493,24.092168048774333,120.25229290955886,4.984154606380588,0.23989741844899304,1.19568582322136,1.2736130677219624,ZONE_01,SUSPENSION_FAULT,REAR_BOGIE,2
25.060000000000002,RUN_055_SUSPENSION_FAULT,TRAIN001,0.004068555473215966,-1.0853687513024872,0.42503785091471713,30.91723458015556,27.683734541012964,24.053094353584125,120.31772737815525,4.969858537771272,0.2431523809244503,1.208432936316792,1.310807016556342,ZONE_01,SUSPENSION_FAULT,REAR_BOGIE,2
25.07,RUN_055_SUSPENSION_FAULT,TRAIN001,-0.060298736818058196,-0.3878073728921947,0.8000347007115857,30.9643555992681,27.526520640122087,24.07801850400796,120.4066084563019,5.030139497042921,0.2241050648139571,1.1272797380080493,1.3799489201108008,ZONE_01,SUSPENSION_FAULT,REAR_BOGIE,2
25.080000000000002,RUN_055_SUSPENSION_FAULT,TRAIN001,0.11507135232935527,-1.2931289191022488,-0.053626560091789344,30.9211469466224,27.70351542606663,23.990541060884254,119.21219461606034,5.009814644354457,0.23257074680084405,1.1651363331713211,1.3900262396673713,ZONE_01,SUSPENSION_FAULT,REAR_BOGIE,2
25.09,RUN_055_SUSPENSION_FAULT,TRAIN001,-0.009155827538950511,-0.5109484414371573,1.6809102839081942,30.81846882440333,27.65620219365006,23.96972135802473,121.00105177732806,5.017186088097011,0.28607482143923463,1.4352906142797646,1.3120797990811097,ZONE_01,SUSPENSION_FAULT,REAR_BOGIE,2
25.1,RUN_055_SUSPENSION_FAULT,TRAIN001,-0.06782758109592806,-0.8643205072127982,0.8597800989433141,30.74548153190868,27.79481004177847,24.01206093005859,120.77332352170556,5.005332107293606,0.2430811027614297,1.2167016483281206,1.6424546903794013,ZONE_01,SUSPENSION_FAULT,REAR_BOGIE,2
25.11,RUN_055_SUSPENSION_FAULT,TRAIN001,-0.11089962618396106,-0.24159295605937472,0.5618308576109862,30.731440323163934,27.78052150141977,24.038098277136026,119.14110328435702,5.00610001573628,0.22474465194086352,1.1250942056178015,1.7473094539320178,ZONE_01,SUSPENSION_FAULT,REAR_BOGIE,2
25.12,RUN_055_SUSPENSION_FAULT,TRAIN001,-0.03559095815843331,-0.7800912068066587,1.0186255944628573,30.965964468984392,27.82440596725361,24.03935434924395,118.65642223820754,4.965301285093854,0.19194672397977708,0.9530733152463423,1.789487337021948,ZONE_01,SUSPENSION_FAULT,REAR_BOGIE,2
25.13,RUN_055_SUSPENSION_FAULT,TRAIN001,-0.07621983029500472,0.45364815480128773,0.8435203551905333,30.825358386195255,27.7206465966322,24.00382909913567,121.12724332538369,4.991973737558708,0.21094475948089506,1.0530306994042664,1.712073077707811,ZONE_01,SUSPENSION_FAULT,REAR_BOGIE,2
25.14,RUN_055_SUSPENSION_FAULT,TRAIN001,0.009113660013797339,-0.6779192648120883,0.8171549101999738,30.85330761919469,27.732102722206548,24.020656483180883,120.82255020291052,4.999789609298048,0.2507511846307984,1.2537031674362422,2.1192408719874924,ZONE_01,SUSPENSION_FAULT,REAR_BOGIE,2
25.150000000000002,RUN_055_SUSPENSION_FAULT,TRAIN001,0.10990993093605489,0.1890870028884676,0.9283963296553741,30.910202440193405,27.800797180198806,24.0322362786541,120.95511843083952,5.02523923714964,0.20648592437309812,1.0376411690788059,1.90293419639684,ZONE_01,SUSPENSION_FAULT,REAR_BOGIE,2
25.16,RUN_055_SUSPENSION_FAULT,TRAIN001,0.10587373267629699,0.13637279760853582,1.3731861139858799,31.022895857420156,27.78904619977782,23.968591298834415,121.64635935762087,5.007724869093716,0.23058346330786758,1.1546985436085668,1.5346652874771942,ZONE_01,SUSPENSION_FAULT,REAR_BOGIE,2
25.17,RUN_055_SUSPENSION_FAULT,TRAIN001,-0.07654260117661753,0.38996438868213257,1.5958146240459856,31.001602463282758,27.880111142725024,23.916424034822587,119.90406268112014,5.045319912972893,0.22984671254184075,1.1596501957187055,1.8871501779973732,ZONE_01,SUSPENSION_FAULT,REAR_BOGIE,2
25.18,RUN_055_SUSPENSION_FAULT,TRAIN001,0.16775430728100554,0.24004671352273377,1.3321646607723272,30.865497789757868,27.769572392864095,24.003478872801185,120.73084146795519,5.027923862998633,0.19575662629263155,0.9842494126768278,1.9734127254664182,ZONE_01,SUSPENSION_FAULT,REAR_BOGIE,2
25.19,RUN_055_SUSPENSION_FAULT,TRAIN001,0.017263089316946152,0.19419912496496688,2.4365551344513814,30.86288960867357,27.81384493912842,24.02980681710414,119.84702258478977,5.004596664105579,0.20565099784924132,1.0292002978062966,2.0811150395946667,ZONE_01,SUSPENSION_FAULT,REAR_BOGIE,2
25.2,RUN_055_SUSPENSION_FAULT,TRAIN001,0.08464658435051112,0.7174282419288422,1.718583665643901,30.924287968195973,27.80488363365796,23.95918503136984,119.51243456772207,4.9936533688929705,0.23568128431123636,1.1769106393858275,1.8261080078242582,ZONE_01,SUSPENSION_FAULT,REAR_BOGIE,2
25.21,RUN_055_SUSPENSION_FAULT,TRAIN001,-0.0052474715679783936,1.241519671608602,2.765001640563126,30.988714613456082,27.92614829271726,23.919734759840875,120.39928880162758,5.008486006381842,0.23535181795644988,1.178756286811406,2.0951228602475016,ZONE_01,SUSPENSION_FAULT,REAR_BOGIE,2
25.22,RUN_055_SUSPENSION_FAULT,TRAIN001,-0.15213624121332422,0.31391476372318566,1.8511670051930844,30.951151835890563,27.965975765881623,23.950789874334642,119.98691439301025,4.993293926735977,0.20284883658684694,1.0128838637745614,1.8560762454002244,ZONE_01,SUSPENSION_FAULT,REAR_BOGIE,2
25.23,RUN_055_SUSPENSION_FAULT,TRAIN001,0.05063388025498461,0.5468006060961297,1.7145530751603257,30.76751820460369,27.632892342654507,24.058654269824007,120.9869634847109,4.999722853622598,0.2521183213760586,1.260521733200847,2.05715895981584,ZONE_01,SUSPENSION_FAULT,REAR_BOGIE,2
25.240000000000002,RUN_055_SUSPENSION_FAULT,TRAIN001,0.011810430358823294,0.8347039160237182,2.3158911782891214,30.829752309307818,27.93578073334666,23.930354376556668,120.17329661667875,4.990455079950828,0.243347849872618,1.214416513591918,2.1275418465174654,ZONE_01,SUSPENSION_FAULT,REAR_BOGIE,2
25.25,RUN_055_SUSPENSION_FAULT,TRAIN001,0.14364980626368912,0.49764570624743737,1.6197389371280337,30.842584397777717,27.665147705196485,23.96687297101558,119.30982529108176,5.012664034297084,0.19337118379630544,0.9693047782851913,1.9107750735326878,ZONE_01,SUSPENSION_FAULT,REAR_BOGIE,2
25.26,RUN_055_SUSPENSION_FAULT,TRAIN001,0.027782117597289636,0.18298908362293304,1.0777627245852495,30.926227842789388,27.89886992976984,24.010390678400572,120.27717533003522,5.021223539695978,0.22322772107606156,1.1208762877798082,1.9088568908776518,ZONE_01,SUSPENSION_FAULT,REAR_BOGIE,2
25.27,RUN_055_SUSPENSION_FAULT,TRAIN001,0.21608757398936917,0.38267480991320507,1.2528167233847038,30.88374058534951,27.57293838857047,23.97049209422744,120.2917673616374,4.976799873996837,0.23453529288969763,1.1672352161012585,1.7581479779114548,ZONE_01,SUSPENSION_FAULT,REAR_BOGIE,2
25.28,RUN_055_SUSPENSION_FAULT,TRAIN001,-0.1682988355821016,0.42311765133975626,1.147831966424804,30.841076541564,27.76662590584674,24.009839113170163,120.69945017049218,4.999951704595433,0.2224946565781835,1.112462537421464,1.9335388335475403,ZONE_01,SUSPENSION_FAULT,REAR_BOGIE,2
25.29,RUN_055_SUSPENSION_FAULT,TRAIN001,-0.19280982570548977,-0.1980905107689207,0.877802981107026,31.010987419592123,27.633309243284447,24.028873481826608,118.86389979257883,5.008469782668509,0.21758625590482686,1.089774187823303,1.9032779339414179,ZONE_01,SUSPENSION_FAULT,REAR_BOGIE,2
25.3,RUN_055_SUSPENSION_FAULT,TRAIN001,0.033738050103873166,0.12059248985189613,1.1295733539055837,30.82201092835435,27.540156501887704,23.962137960026393,119.99831539280906,5.006180235581585,0.2089461988392915,1.046022330929161,1.8595893185255596,ZONE_01,SUSPENSION_FAULT,REAR_BOGIE,2
25.310000000000002,RUN_055_SUSPENSION_FAULT,TRAIN001,0.09225859826129527,-0.1755385899748372,0.2934396616130357,31.09377409222727,27.73874035162091,24.031424952807964,119.99994759680085,5.02280792309589,0.23590146240390603,1.1848877344322464,1.5572727442141931,ZONE_01,SUSPENSION_FAULT,REAR_BOGIE,2
25.32,RUN_055_SUSPENSION_FAULT,TRAIN001,0.012054973421476031,-0.6992743350912771,0.25400504211160274,31.03281893102529,27.760532213438587,23.987698617446647,122.76590964629582,4.996575464414969,0.21047691610510794,1.0516637948365102,1.6627499250223203,ZONE_01,SUSPENSION_FAULT,REAR_BOGIE,2
25.330000000000002,RUN_055_SUSPENSION_FAULT,TRAIN001,0.08279828719909865,-0.5282203635284645,0.4248065709945814,31.039812233240195,27.829866786800114,24.00935790634332,118.46168093244567,4.987030674492857,0.2249297564895202,1.121731595219446,1.3036953813386327,ZONE_01,SUSPENSION_FAULT,REAR_BOGIE,2
25.34,RUN_055_SUSPENSION_FAULT,TRAIN001,0.06189925751697726,-0.7955130154109621,-0.3695648314086837,30.666245618467027,27.614295031724193,23.987037938956362,119.35635403805342,4.996271990711077,0.22306507509022575,1.114493786779158,1.1573271559742695,ZONE_01,SUSPENSION_FAULT,REAR_BOGIE,2
25.35,RUN_055_SUSPENSION_FAULT,TRAIN001,0.08969979633303882,-0.7334125669309339,-0.42611048354256253,30.966735091773817,27.868651306024066,24.02179115098384,118.25572209885276,5.000410275766145,0.21619914554195957,1.081084428979875,1.4716246642901911,ZONE_01,SUSPENSION_FAULT,REAR_BOGIE,2
25.36,RUN_055_SUSPENSION_FAULT,TRAIN001,0.07206475731725144,-0.4019030917362568,0.36740222871641365,31.011768518875247,27.661450904313778,24.030424978570206,120.39217110724638,4.979514673397438,0.2638932794868839,1.3140604574159096,1.475665025561209,ZONE_01,SUSPENSION_FAULT,REAR_BOGIE,2
25.37,RUN_055_SUSPENSION_FAULT,TRAIN001,0.017401801681189787,-0.9753837927975273,-0.2669124137788518,30.979944574989172,27.908059267115828,24.10685809660105,119.12173380845336,5.013794379372216,0.22443894513503257,1.1252907216302555,1.3900898748732158,ZONE_01,SUSPENSION_FAULT,REAR_BOGIE,2
25.38,RUN_055_SUSPENSION_FAULT,TRAIN001,-0.06478719203695947,-0.18936515392872738,-0.4977695157813975,30.874213818314644,27.79209019842553,23.99087401358663,120.61647552161146,5.025154697115665,0.19300989657486167,0.9699045883629749,1.7660584168366906,ZONE_01,SUSPENSION_FAULT,REAR_BOGIE,2
25.39,RUN_055_SUSPENSION_FAULT,TRAIN001,-0.110505630295227,-0.7271634371841719,0.6570631111922144,30.863108139109144,27.752754863055223,23.90758138217433,118.93182832772449,5.0004093025217795,0.2557401484655219,1.2788054174152967,1.5485956958489209,ZONE_01,SUSPENSION_FAULT,REAR_BOGIE,2
25.400000000000002,RUN_055_SUSPENSION_FAULT,TRAIN001,0.1468163511644984,-0.5378178493893584,-0.057115751235654266,31.02459965967218,27.73129267898182,23.97935941237877,119.97343569453244,4.984369218763968,0.2255640606890805,1.1242945609580604,1.6584399610785632,ZONE_01,SUSPENSION_FAULT,REAR_BOGIE,2
25.41,RUN_055_SUSPENSION_FAULT,TRAIN001,-0.12059447297165798,-0.7441361838905803,0.7909263730453264,30.980872348693968,27.80053400012688,24.08654565195503,119.40277220596528,5.038396551188287,0.2451171173384041,1.2349972386350299,1.4948900612438283,ZONE_01,SUSPENSION_FAULT,REAR_BOGIE,2
25.42,RUN_055_SUSPENSION_FAULT,TRAIN001,0.05396546068170377,-0.4390705658688009,0.6419624509428493,30.980433682704902,28.000523797780705,23.974250885697067,119.28851542200114,5.002220713089555,0.23835741093556617,1.192316378100288,1.8869981887746272,ZONE_01,SUSPENSION_FAULT,REAR_BOGIE,2
25.43,RUN_055_SUSPENSION_FAULT,TRAIN001,0.0363181776753515,0.3087412883140333,1.0524697500748657,31.031402850676137,27.87988170887126,23.941082482140224,120.19258875886354,4.970051494476198,0.216463608592091,1.0758352813828327,1.6096777163246743,ZONE_01,SUSPENSION_FAULT,REAR_BOGIE,2
25.44,RUN_055_SUSPENSION_FAULT,TRAIN001,-0.25201433215873326,-0.1666781547786593,1.028849507943982,30.801055573252942,27.811667458251502,23.985984897513916,119.9507708387864,5.012874497939285,0.24786670616911577,1.2425246902433706,2.0564210022620726,ZONE_01,SUSPENSION_FAULT,REAR_BOGIE,2
25.45,RUN_055_SUSPENSION_FAULT,TRAIN001,-0.004605593913469244,0.39103610626421376,2.1829262808725995,30.99516375914039,27.742583396612197,24.084897854891054,119.28838010772465,4.99038115744562,0.2263776123786426,1.1297105712819064,1.982662750257597,ZONE_01,SUSPENSION_FAULT,REAR_BOGIE,2
25.46,RUN_055_SUSPENSION_FAULT,TRAIN001,-0.03348320276436864,0.22510309192663422,1.1940784118003003,30.827853201555406,27.91007068129721,23.98297185941619,118.96437370769553,4.989041561503918,0.24207169349287072,1.2077057396995696,1.9666952533847293,ZONE_01,SUSPENSION_FAULT,REAR_BOGIE,2
25.47,RUN_055_SUSPENSION_FAULT,TRAIN001,-0.15091323537178558,0.7461473556741366,1.2799441831149574,30.910874976288593,27.54707601395528,23.911584705521896,119.47411764132612,4.99667426148211,0.2332667069950391,1.1655577509028008,1.9065695869982162,ZONE_01,SUSPENSION_FAULT,REAR_BOGIE,2
25.48,RUN_055_SUSPENSION_FAULT,TRAIN001,0.010276025803189821,0.753370773531298,2.125443115793526,31.020386684009345,27.936238996174076,23.942530815291818,120.3956407521806,4.981055995223383,0.235780232379086,1.1744345400470086,1.8722824980263104,ZONE_01,SUSPENSION_FAULT,REAR_BOGIE,2
25.490000000000002,RUN_055_SUSPENSION_FAULT,TRAIN001,0.07179902230967737,0.8193050653039269,1.8651730950714185,31.098408959201976,27.829285452570367,23.993903646498808,120.42575465673355,5.022774538478432,0.2278839127601333,1.1446095147404378,2.4342812605947266,ZONE_01,SUSPENSION_FAULT,REAR_BOGIE,2
25.5,RUN_055_SUSPENSION_FAULT,TRAIN001,-0.10164999663905148,0.6851154521303496,1.5594965443070654,30.934852529312426,27.860957826691795,24.019392159117682,119.84624672552606,4.9749013900080215,0.22542041995458592,1.1214443605682614,1.8415739275143106,ZONE_01,SUSPENSION_FAULT,REAR_BOGIE,2
25.51,RUN_055_SUSPENSION_FAULT,TRAIN001,-0.06474850013801829,0.3552099455478136,1.9822563011139178,31.09080855774046,27.740057154706086,23.918149628072197,120.76134643597338,4.998806987503696,0.20290903445255457,1.0143030992490578,2.2180750356226864,ZONE_01,SUSPENSION_FAULT,REAR_BOGIE,2
25.52,RUN_055_SUSPENSION_FAULT,TRAIN001,-0.15493325747078002,-0.021926482720868723,1.3090693311958748,30.997402224266366,27.874870980564673,24.020297966992864,119.3445447161101,5.006225340378184,0.2066998642862431,1.0347860984425217,2.1975738642748914,ZONE_01,SUSPENSION_FAULT,REAR_BOGIE,2
25.53,RUN_055_SUSPENSION_FAULT,TRAIN001,-0.03298142840145494,0.27019751917688434,2.0681801565818594,31.06627162075224,27.677094131356263,23.91266913178752,121.19514812539873,4.9804285093823975,0.24335171822895268,1.211995835274668,1.940792563850415,ZONE_01,SUSPENSION_FAULT,REAR_BOGIE,2
25.54,RUN_055_SUSPENSION_FAULT,TRAIN001,-0.002540650424144782,0.7913635129036685,1.4939301895964012,30.909624068034987,27.799454087489103,24.07984513278972,119.77006241978631,4.994966171451609,0.2419731488208074,1.2086476927595589,2.102521107198878,ZONE_01,SUSPENSION_FAULT,REAR_BOGIE,2
25.55,RUN_055_SUSPENSION_FAULT,TRAIN001,-0.01148130967235268,0.2796920528085439,1.4611324553325384,30.86835140533429,27.620258785658425,23.948264700739934,119.42927820159102,4.990184969131215,0.2550157924210882,1.2725759742308003,1.8681819554072299,ZONE_01,SUSPENSION_FAULT,REAR_BOGIE,2
25.560000000000002,RUN_055_SUSPENSION_FAULT,TRAIN001,0.04425868352123729,0.2133676740383755,1.9235741272499447,31.08092360185598,27.91889521510629,23.988414084806966,121.3544304376222,4.9819028008205715,0.2298157347000612,1.1449196523748724,2.156130112988494,ZONE_01,SUSPENSION_FAULT,REAR_BOGIE,2
25.57,RUN_055_SUSPENSION_FAULT,TRAIN001,0.03423274729169428,0.40404341916493897,0.7165649757406456,31.020658960901695,27.78210444283314,24.12176572062388,120.20647295034178,5.021954234779462,0.2637954138328867,1.3247684956134658,1.617515817296566,ZONE_01,SUSPENSION_FAULT,REAR_BOGIE,2
25.580000000000002,RUN_055_SUSPENSION_FAULT,TRAIN001,0.04569814209655385,-0.6520361461541071,1.0166068460142985,30.85269223368828,27.8427544438249,23.957629793151934,120.1713357694623,5.0154525933646825,0.21035948910780938,1.0550480451846322,1.783408089933044,ZONE_01,SUSPENSION_FAULT,REAR_BOGIE,2
25.59,RUN_055_SUSPENSION_FAULT,TRAIN001,-0.07775156870352556,-0.007416268577335905,1.0022072792694265,30.830017919193295,27.893853550601023,24.02360155313135,121.15943967440688,4.986648043678238,0.2111503895631664,1.0529326770370615,2.0621278794327247,ZONE_01,SUSPENSION_FAULT,REAR_BOGIE,2
25.6,RUN_055_SUSPENSION_FAULT,TRAIN001,-0.03527051313711035,-0.7701402547192595,0.4178186061526536,31.10252122429014,27.76698344374113,24.08480000603946,120.0733061247639,5.034548553946361,0.23229806881087495,1.1695159064163227,1.3709365963945301,ZONE_01,SUSPENSION_FAULT,REAR_BOGIE,2
25.61,RUN_055_SUSPENSION_FAULT,TRAIN001,0.15519322088722173,-0.5800363229042513,0.41809642691575316,31.061370990689642,27.794345933897024,24.016609353761954,118.73322580104278,5.0238419099807015,0.24270783797480017,1.2193258082986067,1.8259818374308707,ZONE_01,SUSPENSION_FAULT,REAR_BOGIE,2
25.62,RUN_055_SUSPENSION_FAULT,TRAIN001,0.18043149080917578,-0.1529953990988927,0.3188454263562328,30.819944127806334,27.671067000763454,24.04093451345321,119.12580682481777,4.988644962495008,0.21548826215766892,1.0749944334896586,1.407410387139835,ZONE_01,SUSPENSION_FAULT,REAR_BOGIE,2
25.63,RUN_055_SUSPENSION_FAULT,TRAIN001,0.06806014718291915,-0.771699213117073,0.34450504547983307,30.865007241344564,27.8786682827723,23.948247902504388,119.60986810499969,4.97212253536187,0.24218562107498126,1.204176584287525,1.2533113227027142,ZONE_01,SUSPENSION_FAULT,REAR_BOGIE,2
25.64,RUN_055_SUSPENSION_FAULT,TRAIN001,0.017130613922168917,-0.6446552653222488,-0.3580897241678097,30.99530352718359,27.573919591154525,23.94492937016479,119.79986078959676,4.979305761575334,0.22479516149467008,1.1193238428046686,1.790254510184313,ZONE_01,SUSPENSION_FAULT,REAR_BOGIE,2
25.650000000000002,RUN_055_SUSPENSION_FAULT,TRAIN001,0.08304990353450951,-0.8980349089221796,0.5612178991253692,30.918556709551936,27.93332565657879,24.038156654642275,118.70630405785715,4.969761220999723,0.22508680147813634,1.118627657344905,1.2471591390363834,ZONE_01,SUSPENSION_FAULT,REAR_BOGIE,2
25.66,RUN_055_SUSPENSION_FAULT,TRAIN001,-0.17181463098538055,-0.7879105398138131,-0.127524950843348,30.733863589492714,27.839123635887496,23.957469782629424,120.17813788980737,4.987903040984288,0.22174831469919667,1.106059093221264,1.4169981878925793,ZONE_01,SUSPENSION_FAULT,REAR_BOGIE,2
25.67,RUN_055_SUSPENSION_FAULT,TRAIN001,0.14840745329084074,-1.0796443009833012,0.08557740179442755,31.031583265471127,27.92474231530919,24.00114353139165,120.22882828529616,5.036850623636925,0.2028272932426416,1.0216107784597888,1.3542521525503877,ZONE_01,SUSPENSION_FAULT,REAR_BOGIE,2
25.68,RUN_055_SUSPENSION_FAULT,TRAIN001,-0.07782070147779012,-0.45473235560241676,-0.15837255615710644,30.97322863745009,27.823424174817603,24.038353807559602,121.60695045783831,5.028434369019376,0.20266887404051318,1.0191071317557752,1.3909294442528768,ZONE_01,SUSPENSION_FAULT,REAR_BOGIE,2
25.69,RUN_055_SUSPENSION_FAULT,TRAIN001,0.06587055326468715,-0.3177151141925917,-0.031380485948204084,30.8567999727719,27.935559590723674,23.991638173194012,118.87969737067849,4.961544932596224,0.21915824178704404,1.0873634639752066,1.5186755773610454,ZONE_01,SUSPENSION_FAULT,REAR_BOGIE,2
25.7,RUN_055_SUSPENSION_FAULT,TRAIN001,0.03157775633809345,-0.6554843530511233,0.5838150299673128,30.871747895844045,27.827518910838695,23.987594440142832,119.24983154896006,4.990815548942122,0.19512582830345207,0.9738370178970794,1.4392799733523758,ZONE_01,SUSPENSION_FAULT,REAR_BOGIE,2
25.71,RUN_055_SUSPENSION_FAULT,TRAIN001,-0.024080512619449563,-0.23502339079025056,1.2832697673640325,31.031721413944133,27.795012126390628,24.034932359959626,119.57534391288799,5.0094095966352175,0.22493940222071995,1.1268136001458637,1.6660934245379215,ZONE_01,SUSPENSION_FAULT,REAR_BOGIE,2
25.72,RUN_055_SUSPENSION_FAULT,TRAIN001,0.11243651137419625,-0.20493899708996507,1.4773233844247788,30.966722132400836,27.739129951854622,23.97727517625909,119.33771939190238,5.009843277666061,0.23934843904701322,1.199098168379544,1.8731898337627784,ZONE_01,SUSPENSION_FAULT,REAR_BOGIE,2
25.73,RUN_055_SUSPENSION_FAULT,TRAIN001,0.015847245846233326,0.5356252364458177,1.5098644211706604,30.86233945101995,27.731767020222208,23.99140821686351,120.96614803521031,5.019859444361354,0.2055498657264905,1.0318314347543316,2.0610999698111323,ZONE_01,SUSPENSION_FAULT,REAR_BOGIE,2
25.740000000000002,RUN_055_SUSPENSION_FAULT,TRAIN001,-0.05867705400709225,0.6160537123488774,1.6155689594544764,31.024468020176204,27.85496426980748,23.992232604082037,119.09283420927497,5.033824539448218,0.22448570377317784,1.1300216444087259,1.8637108448427577,ZONE_01,SUSPENSION_FAULT,REAR_BOGIE,2
25.75,RUN_055_SUSPENSION_FAULT,TRAIN001,-0.048890900865397026,0.6822010176995924,1.8835354923863283,30.909387043261372,27.663635536977303,24.03271076681111,119.46949959480516,4.978658793337174,0.19211059791977164,0.9564531176265333,2.0388154573087283,ZONE_01,SUSPENSION_FAULT,REAR_BOGIE,2
25.76,RUN_055_SUSPENSION_FAULT,TRAIN001,-0.13941158934013667,0.9278355533054817,4.807813241421524,31.075550850360205,27.72044435486968,23.98098114346796,119.04388405197001,4.988794385112501,0.224299997483219,1.118986568025031,2.3167504982146303,ZONE_01,SUSPENSION_FAULT,REAR_BOGIE,2
25.77,RUN_055_SUSPENSION_FAULT,TRAIN001,-0.08747626294111932,0.8647228276319728,2.6393461544043846,30.900588477137095,27.824393712354873,23.97759129908566,119.02323599751843,5.020016141318072,0.24464126842205583,1.2281031163112475,2.430254928015719,ZONE_01,SUSPENSION_FAULT,REAR_BOGIE,2
25.78,RUN_055_SUSPENSION_FAULT,TRAIN001,-0.05751580369614259,1.2710206023474293,1.4716337572346458,30.96654916821384,27.816897847881712,24.02090800211804,119.21932930505193,4.979831040887393,0.1735755649259424,0.8643769861577729,2.4411867618209264,ZONE_01,SUSPENSION_FAULT,REAR_BOGIE,2
25.79,RUN_055_SUSPENSION_FAULT,TRAIN001,0.05202721913187517,0.4812529117719989,1.8762066475996075,30.982289647331097,27.47773001969598,24.021008202153006,121.03375631770875,5.0281134206383395,0.2298706611883986,1.1558157565323957,2.054802536039651,ZONE_01,SUSPENSION_FAULT,REAR_BOGIE,2
25.8,RUN_055_SUSPENSION_FAULT,TRAIN001,0.08533007015002192,0.9385150096242558,1.6287392406874972,31.017740863522935,27.73172408527696,24.02783419615318,119.7130582736045,4.984703732470083,0.22862113271933227,1.1396086135875938,2.3581241928300796,ZONE_01,SUSPENSION_FAULT,REAR_BOGIE,2
25.810000000000002,RUN_055_SUSPENSION_FAULT,TRAIN001,0.14737260037862118,0.6261644941765148,2.0275454755708404,30.916449854365055,27.782874394413035,24.0021671503371,120.26075153622128,5.005688531176258,0.21505330794688318,1.076489877181229,2.0573880031780756,ZONE_01,SUSPENSION_FAULT,REAR_BOGIE,2
25.82,RUN_055_SUSPENSION_FAULT,TRAIN001,-0.05169356531773081,0.555970296062682,1.9242697202013157,30.956972792372994,27.730089650395367,24.052154925217206,118.59360084472662,5.008755225655229,0.21496962588198176,1.0767302369935257,2.2591043531968515,ZONE_01,SUSPENSION_FAULT,REAR_BOGIE,2
25.830000000000002,RUN_055_SUSPENSION_FAULT,TRAIN001,0.06527830207418718,0.26734443030656085,1.5501264808188673,31.06695732364581,27.66623128773252,23.942683595010077,119.78410418584025,5.008955024813977,0.1981143078499069,0.9923456577923343,2.3301267814498448,ZONE_01,SUSPENSION_FAULT,REAR_BOGIE,2
25.84,RUN_055_SUSPENSION_FAULT,TRAIN001,0.2620255400214971,0.2673025588258311,1.521788243372798,30.964303539596383,27.669841941308146,23.939693785888494,119.93699703654234,4.988709189034999,0.21756327836165007,1.0853599259593432,2.0587249494606974,ZONE_01,SUSPENSION_FAULT,REAR_BOGIE,2
25.85,RUN_055_SUSPENSION_FAULT,TRAIN001,-0.11321061718789796,0.6429941570604338,0.5763918480160034,31.007279183646556,27.83641426206258,23.9735624938078,121.626101664852,4.998957367575367,0.2409390262485369,1.2044439204015585,1.887249127381119,ZONE_01,SUSPENSION_FAULT,REAR_BOGIE,2
25.86,RUN_055_SUSPENSION_FAULT,TRAIN001,0.07182490146746508,-0.27258035795312113,0.3040158412791095,31.018527733595896,27.86600705656738,24.075838304487075,121.3605852727949,4.970514056157518,0.2316217878226438,1.1512793520847853,1.671797246498986,ZONE_01,SUSPENSION_FAULT,REAR_BOGIE,2
25.87,RUN_055_SUSPENSION_FAULT,TRAIN001,0.15648914184495336,-0.7520969895992312,1.0199618376759703,30.979773091450284,27.588068423944236,23.96167199190563,120.31796182702436,4.971439125958929,0.25652006867744753,1.2752739060167342,1.8355448882684753,ZONE_01,SUSPENSION_FAULT,REAR_BOGIE,2
25.88,RUN_055_SUSPENSION_FAULT,TRAIN001,0.041222057508958035,-0.5326071716542226,0.5066535450371785,30.906259764569864,27.986098535974904,24.088461935943876,119.71518019782948,5.029053940259818,0.2245716180318983,1.1293827805338408,1.1959431325514391,ZONE_01,SUSPENSION_FAULT,REAR_BOGIE,2
25.89,RUN_055_SUSPENSION_FAULT,TRAIN001,-0.04623886429595945,-0.1951475341000914,0.8256954088737916,30.947295944722164,27.811790506033645,23.987246645288685,121.26554548113306,5.002374092984716,0.23782400382121,1.189684635405119,1.6084893159855307,ZONE_01,SUSPENSION_FAULT,REAR_BOGIE,2
25.900000000000002,RUN_055_SUSPENSION_FAULT,TRAIN001,0.1823724674815865,-0.97773514514091,0.1617024104055635,30.98757090938414,27.908203832443508,24.00655498948318,119.87489171664167,4.9668063978504495,0.2132806563986546,1.059323728738581,1.6828126271866852,ZONE_01,SUSPENSION_FAULT,REAR_BOGIE,2
25.91,RUN_055_SUSPENSION_FAULT,TRAIN001,-0.13044512221601598,-0.818907381436209,0.5385692527460423,31.15577726366927,27.853131049567903,23.97229534753299,120.95275601218847,5.042686320299871,0.21335791252588343,1.075897026822009,1.5983764026023126,ZONE_01,SUSPENSION_FAULT,REAR_BOGIE,2
25.92,RUN_055_SUSPENSION_FAULT,TRAIN001,0.03678446159166308,-0.3626815855139051,0.23278181312533786,31.00059964067642,27.749282181246517,24.10174514348902,119.83449348646704,4.995678385644925,0.23782107627589705,1.1880776104023119,1.3581318436751926,ZONE_01,SUSPENSION_FAULT,REAR_BOGIE,2
25.93,RUN_055_SUSPENSION_FAULT,TRAIN001,-0.12865938648919573,-0.41024140158261074,0.590823471427745,30.996851934556,27.927485152608913,24.00688087009187,119.32003698308928,5.028473127533383,0.24254982605410236,1.2196552824009501,1.486313701388722,ZONE_01,SUSPENSION_FAULT,REAR_BOGIE,2
25.94,RUN_055_SUSPENSION_FAULT,TRAIN001,0.0015424384948286348,-0.7095564548291657,-1.0938668757872407,30.844643103641264,27.8720352140448,23.989708706070584,120.07532596361698,4.987446628743418,0.2247142687170572,1.1207504219434292,1.514879265234086,ZONE_01,SUSPENSION_FAULT,REAR_BOGIE,2
25.95,RUN_055_SUSPENSION_FAULT,TRAIN001,0.023724530484001805,-0.8644231672117313,0.018527474946890082,30.930012846157936,27.791108681419608,24.01880821123081,120.47031849006291,5.004379740630838,0.23149496004318276,1.158488688098249,1.792470324895125,ZONE_01,SUSPENSION_FAULT,REAR_BOGIE,2
25.96,RUN_055_SUSPENSION_FAULT,TRAIN001,0.03690858241506222,-0.8002810509394529,0.4198071696221252,30.88080825300308,27.793976344609995,23.952961756062255,121.99947396491393,4.9903249862158345,0.2459052311126611,1.227147019062692,1.0474987090360253,ZONE_01,SUSPENSION_FAULT,REAR_BOGIE,2
25.97,RUN_055_SUSPENSION_FAULT,TRAIN001,0.060366301107212084,-0.4108880858179282,0.27678274823725313,30.931144820141064,27.73007953515673,23.950094051535057,119.5472544511477,5.001858788693218,0.23401142911501233,1.1704921233735843,1.4193316386352184,ZONE_01,SUSPENSION_FAULT,REAR_BOGIE,2
25.98,RUN_055_SUSPENSION_FAULT,TRAIN001,-0.013416222368066555,-0.34353665897623353,0.13046088361975927,30.83602883078034,27.740231875083172,23.947112100528134,119.62114176767128,5.015141167918289,0.2397475433559701,1.2023677745918004,1.737173353250261,ZONE_01,SUSPENSION_FAULT,REAR_BOGIE,2
25.990000000000002,RUN_055_SUSPENSION_FAULT,TRAIN001,-0.004274559741239904,0.0070828166808633575,0.5804437291345306,30.95412750180233,27.788158130572356,24.000065293265735,120.99918055845129,4.980189408331223,0.2506690815319181,1.2483795048413742,1.7685479732825293,ZONE_01,SUSPENSION_FAULT,REAR_BOGIE,2
26.0,RUN_055_SUSPENSION_FAULT,TRAIN001,0.1667001375008953,0.31946984944298945,0.9924284610994937,31.230677571382472,27.75887095085845,23.98301366703056,119.90837508634293,4.9692260937410415,0.20810572669066787,1.0341244073282083,1.523659274686593,ZONE_01,SUSPENSION_FAULT,REAR_BOGIE,2
26.01,RUN_055_SUSPENSION_FAULT,TRAIN001,0.1109869122253421,-0.051463304569678237,1.5042907322206276,31.034714022513278,27.880441341647774,24.024792084566915,119.56352440459197,4.99924493310796,0.22494201532234437,1.1245402303433232,2.4838224535226163,ZONE_01,SUSPENSION_FAULT,REAR_BOGIE,2
26.02,RUN_055_SUSPENSION_FAULT,TRAIN001,-0.026871795425293006,0.14897897225883966,1.7624874697659538,31.024704875781026,27.83346704856577,24.029753729753498,120.62428990637657,4.980663878279453,0.2224736651430015,1.108066547846186,1.7069069202970732,ZONE_01,SUSPENSION_FAULT,REAR_BOGIE,2
26.03,RUN_055_SUSPENSION_FAULT,TRAIN001,0.13463014782308041,0.6410858351026578,1.973264240947528,30.949747762983343,27.864570084251735,23.97505532837122,119.18202756521706,4.980383922166143,0.2297262208099689,1.1441247766219584,2.2258218107225156,ZONE_01,SUSPENSION_FAULT,REAR_BOGIE,2
26.04,RUN_055_SUSPENSION_FAULT,TRAIN001,0.06359407251724394,0.28270024492941104,2.4874811721598586,31.014904454231058,27.83523059390759,24.052948492861056,119.75689863806063,4.966059376826821,0.20850846551277025,1.0354654203074645,2.2003699013623583,ZONE_01,SUSPENSION_FAULT,REAR_BOGIE,2
26.05,RUN_055_SUSPENSION_FAULT,TRAIN001,-0.14657753727199763,0.9219222611131195,1.7284708156796618,30.882213277171143,27.755918430629556,23.96209327062146,120.15159818521612,5.014165937240747,0.24160924164413372,1.211468829574584,2.1891411166610295,ZONE_01,SUSPENSION_FAULT,REAR_BOGIE,2
26.060000000000002,RUN_055_SUSPENSION_FAULT,TRAIN001,0.0007726061547795852,0.6388170909915443,1.7053206000199808,31.083844458661552,27.824977682480533,23.95655586714496,120.22184247973739,4.975318898882101,0.268227111183253,1.3345154154625891,2.169690562473145,ZONE_01,SUSPENSION_FAULT,REAR_BOGIE,2
26.07,RUN_055_SUSPENSION_FAULT,TRAIN001,0.12904171359038266,0.018818717874475088,2.000259993924987,30.951342299997723,27.872525907552173,23.896309453923795,119.7476032237801,5.039906158843716,0.22689547795177512,1.14353191674294,2.0505969344232167,ZONE_01,SUSPENSION_FAULT,REAR_BOGIE,2
26.080000000000002,RUN_055_SUSPENSION_FAULT,TRAIN001,-0.15925680551441054,0.4786775817330579,1.6476932653802665,31.009713609309905,27.69703006331837,24.032917728639593,120.35376685161592,4.977072697695541,0.24968627376721778,1.242706736156154,2.286617834864199,ZONE_01,SUSPENSION_FAULT,REAR_BOGIE,2
26.09,RUN_055_SUSPENSION_FAULT,TRAIN001,0.17624987427238212,0.4226767652680957,2.169498770268498,31.07944362566031,27.896441563898296,24.037366942208113,119.04984052158548,5.033850906943529,0.2611732487516003,1.3147071950976312,2.0942681637644203,ZONE_01,SUSPENSION_FAULT,REAR_BOGIE,2
26.1,RUN_055_SUSPENSION_FAULT,TRAIN001,0.057596044185744516,0.9112529179359814,1.3393032630655557,30.99810275675627,27.774828373339023,24.069383700032834,120.28271761357836,5.0209405504206135,0.20423336660807453,1.0254435921514007,2.2743818384339103,ZONE_01,SUSPENSION_FAULT,REAR_BOGIE,2
26.11,RUN_055_SUSPENSION_FAULT,TRAIN001,0.0034993559413631446,0.1626955716893671,1.9079788119368153,30.93617234627387,27.883394297032467,23.981381121874925,120.28594180619459,4.983230706860458,0.24818788088671537,1.2367774691053057,2.1788780685346656,ZONE_01,SUSPENSION_FAULT,REAR_BOGIE,2
26.12,RUN_055_SUSPENSION_FAULT,TRAIN001,-0.12717134252603843,-0.07712863906267825,0.17608556182913881,31.087363160136327,27.882722806126772,24.0245448840207,120.47688156339491,5.0182791924832095,0.23017766247275484,1.155095774161449,2.1232244578083694,ZONE_01,SUSPENSION_FAULT,REAR_BOGIE,2
26.13,RUN_055_SUSPENSION_FAULT,TRAIN001,-0.008580789070371795,0.11839333467960407,0.9118378887992076,31.013641889902903,27.887429316911017,23.958498989450838,119.93454389142825,5.017454392674474,0.21542486845849404,1.0808844525383916,1.78389862838508,ZONE_01,SUSPENSION_FAULT,REAR_BOGIE,2
26.14,RUN_055_SUSPENSION_FAULT,TRAIN001,-0.04513693161243268,-0.3577587707101942,0.9514213192478334,31.015378051931588,27.825066706004666,23.983549977207456,120.0864259215698,5.023173018569211,0.26270782342806864,1.3196268504109188,1.6961134282269024,ZONE_01,SUSPENSION_FAULT,REAR_BOGIE,2
26.150000000000002,RUN_055_SUSPENSION_FAULT,TRAIN001,-0.10100099133234067,0.07764596018699262,-0.1542860639412088,31.213175678192318,27.888271139776773,24.023169292887847,119.96870786878226,5.011800351106721,0.23346695091699785,1.1700897465776252,1.8088929296684955,ZONE_01,SUSPENSION_FAULT,REAR_BOGIE,2
26.16,RUN_055_SUSPENSION_FAULT,TRAIN001,0.1767660492641969,-0.389038886395223,0.783231054313096,31.019812372993858,27.675985851700496,23.942005834085098,119.42875436594854,5.007855137124906,0.2128817900002136,1.0660811656529152,1.5058506878721638,ZONE_01,SUSPENSION_FAULT,REAR_BOGIE,2
26.17,RUN_055_SUSPENSION_FAULT,TRAIN001,-0.06432079830098957,-0.3155991880927277,0.03437998264061254,31.041391298390995,27.665163069197185,23.979269032632633,120.75129410382785,4.992558804195151,0.23781618858492776,1.1873113060998155,1.5519957570872043,ZONE_01,SUSPENSION_FAULT,REAR_BOGIE,2
26.18,RUN_055_SUSPENSION_FAULT,TRAIN001,0.12080336500751859,-1.0385044224774571,-0.20222526432581345,31.057142359602633,27.821676177074885,23.99165040501991,121.47146971133604,4.988508502491139,0.23739523631216283,1.1842481547941175,1.8096458117544216,ZONE_01,SUSPENSION_FAULT,REAR_BOGIE,2
26.19,RUN_055_SUSPENSION_FAULT,TRAIN001,-0.019967592237047763,-0.682034487617009,0.2927704802196843,30.979619061596097,27.827872268015913,23.983489591903627,119.84402130309687,5.022193138063062,0.25508042776650713,1.2810631739831426,1.7531167400398582,ZONE_01,SUSPENSION_FAULT,REAR_BOGIE,2
26.2,RUN_055_SUSPENSION_FAULT,TRAIN001,0.05441765866272581,-0.47092739310326204,-0.5629473365116269,30.97530967352777,27.902044828907027,24.07537122418553,119.85905937451363,5.019378063016311,0.2605034177072688,1.3075651401806399,1.261320266423099,ZONE_01,SUSPENSION_FAULT,REAR_BOGIE,2
26.21,RUN_055_SUSPENSION_FAULT,TRAIN001,0.00926151115192455,-0.7978148941972056,0.03757288032552598,31.11357003636933,27.834485317918162,23.967107217175,121.17116950914874,5.0052144261921,0.2322571490423726,1.162496832973132,1.708159482047284,ZONE_01,SUSPENSION_FAULT,REAR_BOGIE,2
26.22,RUN_055_SUSPENSION_FAULT,TRAIN001,-0.08402646966585468,-1.1777589618222823,0.4506001238096324,31.00720576770645,28.097502107101565,24.028490778583393,118.96585576683135,4.997240464035289,0.1927684446198132,0.9633102716432763,1.1012905554201209,ZONE_01,SUSPENSION_FAULT,REAR_BOGIE,2
26.23,RUN_055_SUSPENSION_FAULT,TRAIN001,0.2550216328215656,-0.8399228904314753,-0.5001062886637423,30.944478644826624,27.957027871823012,23.988406698256085,118.59596384638486,5.031659290228317,0.21027212610822268,1.0580176968084989,1.554274377303862,ZONE_01,SUSPENSION_FAULT,REAR_BOGIE,2
26.240000000000002,RUN_055_SUSPENSION_FAULT,TRAIN001,0.0998726211531703,-0.3005937368306454,0.13996856998929436,31.052077086782013,27.964941314284893,23.990103782425663,119.69343184006671,5.03222011401765,0.2212015874362645,1.1131350775494042,1.6149422551183066,ZONE_01,SUSPENSION_FAULT,REAR_BOGIE,2
26.25,RUN_055_SUSPENSION_FAULT,TRAIN001,-0.054105507994432936,0.09514152326844882,0.6169372801923927,30.850593758312336,27.814422743753443,23.894001337261262,120.23307175696684,4.990628806348011,0.21085273138189037,1.0522877151316212,1.298302825924719,ZONE_01,SUSPENSION_FAULT,REAR_BOGIE,2
26.26,RUN_055_SUSPENSION_FAULT,TRAIN001,0.04030068532589232,-0.7809238301080665,-0.13105818657316026,30.89066848075357,27.79293539436553,23.93432331080464,119.8685123332781,5.008964302436055,0.20565796397752176,1.0301334000750866,1.405909790373175,ZONE_01,SUSPENSION_FAULT,REAR_BOGIE,2
26.27,RUN_055_SUSPENSION_FAULT,TRAIN001,-0.11920654543612037,-0.019349855438191954,0.7520845000321795,30.907259293690647,27.813909225925933,24.023717469641053,119.09939447880491,4.990568020710538,0.24311618333454937,1.2132878498666022,1.6364498772415985,ZONE_01,SUSPENSION_FAULT,REAR_BOGIE,2
26.28,RUN_055_SUSPENSION_FAULT,TRAIN001,-0.08194249832215755,-0.42523194804764614,1.139996953741879,31.11261306073101,27.83623987236726,24.054221577953168,120.91889253966664,4.991021276553584,0.23829862385285067,1.1893535018230172,1.9207585625919747,ZONE_01,SUSPENSION_FAULT,REAR_BOGIE,2
26.29,RUN_055_SUSPENSION_FAULT,TRAIN001,-0.03368821143248481,0.15078054908814106,1.2867702275068318,31.101162739674603,27.763606976061254,24.03808466841834,119.76923004014647,5.00290571768593,0.2349309464331448,1.175337375171747,1.804534073735406,ZONE_01,SUSPENSION_FAULT,REAR_BOGIE,2
26.3,RUN_055_SUSPENSION_FAULT,TRAIN001,-0.08124192030113041,-0.25064980362835776,1.2064036316433624,30.999206675909626,27.78186525814858,24.011003021867197,120.55364631446281,4.976969596756452,0.2181651596790009,1.0858013667939042,1.6529479252830257,ZONE_01,SUSPENSION_FAULT,REAR_BOGIE,2
26.310000000000002,RUN_055_SUSPENSION_FAULT,TRAIN001,0.1053355574163366,0.4659655321189272,0.6270503368960342,30.91560310534173,27.830982360064986,24.05014818956503,118.23590833514987,5.00978666096433,0.20977927163110063,1.0509493967643007,2.3696684590270065,ZONE_01,SUSPENSION_FAULT,REAR_BOGIE,2
26.32,RUN_055_SUSPENSION_FAULT,TRAIN001,-0.0773644964486478,0.24980570926812226,1.7734293604419409,30.85239751440043,27.785467461297877,23.929182143765843,120.86444083830939,4.966906600325499,0.24998336636311014,1.2416440323605191,1.9797754234534832,ZONE_01,SUSPENSION_FAULT,REAR_BOGIE,2
26.330000000000002,RUN_055_SUSPENSION_FAULT,TRAIN001,-0.035606952303767425,0.3969271285478416,1.5811888619941887,30.94290051484951,27.851051100899934,24.00904998842243,119.63582327868032,5.004301877527388,0.19997274230186832,1.0007239697555401,2.0848923120531784,ZONE_01,SUSPENSION_FAULT,REAR_BOGIE,2
26.34,RUN_055_SUSPENSION_FAULT,TRAIN001,-0.02918591924210594,-0.04867392575053908,2.3101659934527485,31.13103726991409,27.776756352110716,24.025649855320975,120.6173011769311,5.000636302672149,0.21795789471124713,1.0899281607470563,2.109864245810834,ZONE_01,SUSPENSION_FAULT,REAR_BOGIE,2
26.35,RUN_055_SUSPENSION_FAULT,TRAIN001,0.006790804467419628,0.7154591144816981,1.883602512583011,30.924270776638718,27.86396078231043,23.999688615905736,119.85120297274271,4.995046554904907,0.2521859635140226,1.2596806282460933,2.123869493203893,ZONE_01,SUSPENSION_FAULT,REAR_BOGIE,2
26.36,RUN_055_SUSPENSION_FAULT,TRAIN001,0.015375923689739696,0.9374369758272556,2.30820499011688,31.194033803572175,27.896724200921337,23.998105115467393,120.10657401010371,4.980611171744188,0.2655323709243499,1.3225134930855387,2.31035324164614,ZONE_01,SUSPENSION_FAULT,REAR_BOGIE,2
26.37,RUN_055_SUSPENSION_FAULT,TRAIN001,-0.015940845680902073,1.261205693849587,2.7396476451372878,31.236009406835546,27.89980017014921,24.017560084922827,120.64236288205758,5.021987347822181,0.24957099295832638,1.2533423690201337,2.6648930205848527,ZONE_01,SUSPENSION_FAULT,REAR_BOGIE,2
26.38,RUN_055_SUSPENSION_FAULT,TRAIN001,0.03193863103943378,0.3357685184625144,2.161216972465546,31.156390740297734,27.913556392152127,24.038842335382945,120.57018576098392,4.969848679064629,0.24207504409575326,1.2030763381337912,2.3983894387989366,ZONE_01,SUSPENSION_FAULT,REAR_BOGIE,2
26.39,RUN_055_SUSPENSION_FAULT,TRAIN001,-0.09735006190200479,0.6059496562154194,1.824795089951559,31.018194837296242,27.86559124592092,23.91417061662435,121.62909485912232,4.961331174117725,0.2210658879167404,1.0967810812553391,2.149939408349403,ZONE_01,SUSPENSION_FAULT,REAR_BOGIE,2
26.400000000000002,RUN_055_SUSPENSION_FAULT,TRAIN001,0.09709092211125532,0.4589171108734932,2.819555056303737,31.01822594502559,27.82909540417474,24.049259936678204,119.19505991014783,5.014745027605849,0.2119504242940078,1.0628773363273254,1.8687420646504995,ZONE_01,SUSPENSION_FAULT,REAR_BOGIE,2
26.41,RUN_055_SUSPENSION_FAULT,TRAIN001,-0.19585935786252706,0.19450429249147272,0.9719204201937011,30.911661990938846,27.70907958055414,23.915767751237702,120.06967909161541,5.001974620610635,0.2150511442593228,1.075680365718409,1.785787352870607,ZONE_01,SUSPENSION_FAULT,REAR_BOGIE,2
26.42,RUN_055_SUSPENSION_FAULT,TRAIN001,-0.08236129315662992,0.38823810499973727,0.8848937582044623,31.057174062664473,27.902333638759316,23.975644143116728,119.63694649731788,5.025884422364098,0.21616102042246055,1.086400305263572,2.1430013816224944,ZONE_01,SUSPENSION_FAULT,REAR_BOGIE,2
26.43,RUN_055_SUSPENSION_FAULT,TRAIN001,0.013633906203996177,0.30645303654174005,1.128995661158698,31.071571231685546,27.929380962060964,23.99765226526028,121.06332800751439,5.049203487374857,0.19911669213704528,1.0053806963329148,1.8742326388455737,ZONE_01,SUSPENSION_FAULT,REAR_BOGIE,2
26.44,RUN_055_SUSPENSION_FAULT,TRAIN001,0.10064575067746362,-0.6521651677418733,0.254921693065091,30.97379144827867,27.813044350485836,24.02282086939432,118.13698311954865,4.979437065724947,0.24186745944597035,1.2043637925579902,1.476009818804784,ZONE_01,SUSPENSION_FAULT,REAR_BOGIE,2
26.45,RUN_055_SUSPENSION_FAULT,TRAIN001,0.15399871136946136,-0.15627106752383826,3.3813530282767172,30.91407088002636,27.964781564378477,23.953069970041472,119.91406296020422,5.0196479893387815,0.20827347691519704,1.045459539629966,1.386205662491306,ZONE_01,SUSPENSION_FAULT,REAR_BOGIE,2
26.46,RUN_055_SUSPENSION_FAULT,TRAIN001,0.009134227093690573,-0.9679661728626472,0.24789096718527887,30.974528442949893,27.853368544505123,23.927395599835386,119.30719773922675,5.018782390353721,0.19017286846626927,0.9544362433815666,1.4617542376455006,ZONE_01,SUSPENSION_FAULT,REAR_BOGIE,2
26.47,RUN_055_SUSPENSION_FAULT,TRAIN001,-0.04281966083508703,-0.8398175458056656,0.46820146046470396,30.85133117322496,27.901949294594576,23.978521090717038,120.583710497694,4.9920426953828425,0.260357308261425,1.2997147988959856,1.5719318240253277,ZONE_01,SUSPENSION_FAULT,REAR_BOGIE,2
26.48,RUN_055_SUSPENSION_FAULT,TRAIN001,0.11413927906987631,-0.7870062048866852,0.30952779154678545,31.025845110316542,27.86783110101551,23.984719946161427,119.48799369228536,4.963732259013025,0.19741350910685126,0.9799078035186392,1.4475352954848049,ZONE_01,SUSPENSION_FAULT,REAR_BOGIE,2
26.490000000000002,RUN_055_SUSPENSION_FAULT,TRAIN001,-0.01415249015606693,-0.8622481863715084,0.3826587027577175,31.149304606539587,27.851888852288887,24.042187649776125,119.90490395001741,4.980864087721359,0.24013555190556496,1.1960825466715768,1.4781680423626173,ZONE_01,SUSPENSION_FAULT,REAR_BOGIE,2
26.5,RUN_055_SUSPENSION_FAULT,TRAIN001,0.058930215865612146,-1.1219540763228035,0.05832043943458109,31.030186319495698,27.864557981327984,23.967993171249613,119.36879487917079,4.993541766100412,0.23351779861869448,1.166080880530276,1.4970179418862744,ZONE_01,SUSPENSION_FAULT,REAR_BOGIE,2
26.51,RUN_055_SUSPENSION_FAULT,TRAIN001,0.0353553111436391,-0.7086162119005048,-0.2831100464410127,31.01802523093051,27.869595657690002,23.940138889524842,120.24695458055855,4.991523234885497,0.27489748359612887,1.3721571765816318,1.195655803085566,ZONE_01,SUSPENSION_FAULT,REAR_BOGIE,2
26.52,RUN_055_SUSPENSION_FAULT,TRAIN001,0.13717603192530267,-0.7230714600816004,-0.11540707202338327,31.063930572979128,27.805761409869113,23.90927488911487,119.79970998042072,5.0153670140079125,0.16752789003256888,0.8402138535956909,0.9786572356653429,ZONE_01,SUSPENSION_FAULT,REAR_BOGIE,2
26.53,RUN_055_SUSPENSION_FAULT,TRAIN001,0.09318166611737873,-0.19589843062850038,0.25389900110072433,31.070412160765123,28.015303369715106,24.042722741448518,120.93155181456902,4.949278650684538,0.24742324439477667,1.224566581166171,1.7939503516642046,ZONE_01,SUSPENSION_FAULT,REAR_BOGIE,2
26.54,RUN_055_SUSPENSION_FAULT,TRAIN001,-0.06404720595978582,-0.5656499671686348,0.027942793294543078,31.067832962139768,27.770478883031725,23.939293708946067,120.76306354001092,5.027402457211293,0.2268670944657095,1.1405521881772944,1.6652194288623214,ZONE_01,SUSPENSION_FAULT,REAR_BOGIE,2
26.55,RUN_055_SUSPENSION_FAULT,TRAIN001,0.06875781692569247,0.022357484543262196,0.4777960900609034,30.80750457817892,27.832293862941867,24.047431496185748,119.49694819162826,4.994651360849944,0.24907618954414376,1.2440487290619762,1.3174535231815347,ZONE_01,SUSPENSION_FAULT,REAR_BOGIE,2
26.560000000000002,RUN_055_SUSPENSION_FAULT,TRAIN001,0.18249672078330476,-0.2812989830709202,0.5562259433266151,31.008210273994653,27.868550348505874,23.94059053675459,119.54222220091984,5.01802660577117,0.2618609664305377,1.3140252965613892,1.684585308993672,ZONE_01,SUSPENSION_FAULT,REAR_BOGIE,2
26.57,RUN_055_SUSPENSION_FAULT,TRAIN001,-0.13940047576976913,0.04826074894015164,1.2939606838790876,31.17821524914351,27.874720840877746,24.041888918807008,122.02268382694292,4.986116067729574,0.23446188545431487,1.1690541743339302,1.741689404052858,ZONE_01,SUSPENSION_FAULT,REAR_BOGIE,2
26.580000000000002,RUN_055_SUSPENSION_FAULT,TRAIN001,0.11451277579302724,-0.0795116783657848,1.258666842791959,31.10913354777679,27.9656383372603,23.92931499153561,121.55073773307123,5.020010333674778,0.26936259895959697,1.3522030302826717,1.6003268666368045,ZONE_01,SUSPENSION_FAULT,REAR_BOGIE,2
26.59,RUN_055_SUSPENSION_FAULT,TRAIN001,0.010014902742795654,-0.00014012658543655077,1.8771814422017392,30.893008684027446,27.935884633117496,23.958815966591374,120.23667950337324,4.974200962984353,0.2812897960353535,1.3991919743167276,1.8495505070714808,ZONE_01,SUSPENSION_FAULT,REAR_BOGIE,2
26.6,RUN_055_SUSPENSION_FAULT,TRAIN001,0.2026610158958597,-0.19278544365922073,1.580875842618555,31.06148403527634,27.958829915690643,24.111727371873588,120.55520462929846,4.988942884694073,0.2733166577496853,1.3635611949486577,1.8205938355822415,ZONE_01,SUSPENSION_FAULT,REAR_BOGIE,2
26.61,RUN_055_SUSPENSION_FAULT,TRAIN001,-0.07075713394383615,1.1602456367211982,1.6385802416789224,30.95801206530559,27.875171270085573,24.008148341773964,122.23328036709522,4.979705923298688,0.21635016193699966,1.0773601829043076,2.0804064939569464,ZONE_01,SUSPENSION_FAULT,REAR_BOGIE,2
26.62,RUN_055_SUSPENSION_FAULT,TRAIN001,0.04258698175202296,0.9793028275614288,2.4448540850093345,31.044400701857633,27.83316258001762,24.028539461016095,119.52185104450587,5.045969791873202,0.22589439228184188,1.1398562796077292,2.401937803429297,ZONE_01,SUSPENSION_FAULT,REAR_BOGIE,2
26.63,RUN_055_SUSPENSION_FAULT,TRAIN001,-0.1410362205873989,1.1043549256800265,1.7689746822723873,31.060073544898835,27.910973868334445,24.02539756614669,120.67471797233789,4.979626907305183,0.24997638296097455,1.2447891227832937,2.0551932061691054,ZONE_01,SUSPENSION_FAULT,REAR_BOGIE,2
26.64,RUN_055_SUSPENSION_FAULT,TRAIN001,-0.00713904438445189,0.7708330168341385,2.175868252794159,31.054811928489638,27.799608363900997,24.00944130875876,119.86996388181245,4.963988714839847,0.2202126362641381,1.0931330412803135,2.048233131811954,ZONE_01,SUSPENSION_FAULT,REAR_BOGIE,2
26.650000000000002,RUN_055_SUSPENSION_FAULT,TRAIN001,-0.05250656989047327,0.24175629661638504,1.7348103261834464,31.12158305529499,27.82746484656726,23.934355135251288,120.72943213072607,5.009591897649628,0.21764240716041705,1.0902996394957867,2.2549301912144633,ZONE_01,SUSPENSION_FAULT,REAR_BOGIE,2
26.66,RUN_055_SUSPENSION_FAULT,TRAIN001,-0.1779796404069226,0.5383113815517335,1.6649429333080958,30.92087847620448,27.875810128949738,24.02194830291799,119.25494512316602,5.0127566528911345,0.23454750423545848,1.1757295622753061,2.097797895173963,ZONE_01,SUSPENSION_FAULT,REAR_BOGIE,2
26.67,RUN_055_SUSPENSION_FAULT,TRAIN001,0.058015932400331885,0.10497562667172117,1.5394060645592198,31.07028215977162,27.85792441652717,23.98965924754343,121.21501806938676,5.03918923701078,0.22366579538936002,1.1270942688135184,2.3470566315107444,ZONE_01,SUSPENSION_FAULT,REAR_BOGIE,2
26.68,RUN_055_SUSPENSION_FAULT,TRAIN001,0.0827214616920617,0.3900791936246504,1.8344027319909737,30.980124120078457,27.74993879152941,24.044753988145608,119.54204383341255,4.984578075679118,0.2410636120394988,1.2016003954161023,1.999159657292894,ZONE_01,SUSPENSION_FAULT,REAR_BOGIE,2
26.69,RUN_055_SUSPENSION_FAULT,TRAIN001,0.15815857058288554,0.5280526489312554,2.2176919298209987,31.307402232941183,27.5452521939734,24.015785447077064,119.24234334858549,5.003407200566229,0.1809885269506766,0.9055592989648903,1.665087500122647,ZONE_01,SUSPENSION_FAULT,REAR_BOGIE,2
26.7,RUN_055_SUSPENSION_FAULT,TRAIN001,-0.018904716415673664,0.23656699434492787,1.4092550164135842,31.18241517362609,27.77487329934183,24.00735016873147,120.27573571406279,4.965812894419789,0.1795965660404869,0.891842943437365,2.2105601685501197,ZONE_01,SUSPENSION_FAULT,REAR_BOGIE,2
26.71,RUN_055_SUSPENSION_FAULT,TRAIN001,0.025590335712441143,0.41933515628263485,0.9609165299092008,30.846462377054422,27.782167259870782,24.001077462426554,119.88231817734783,5.042324410150763,0.21746433445994826,1.0965257219845868,1.8605200812188383,ZONE_01,SUSPENSION_FAULT,REAR_BOGIE,2
26.72,RUN_055_SUSPENSION_FAULT,TRAIN001,-0.001244715018631433,-0.0396911764085241,0.9486821938062169,31.200575907576656,28.04764701868949,24.027626034719308,119.76070558870643,4.994177025483993,0.239942473844746,1.1983151903132245,1.8197300621198382,ZONE_01,SUSPENSION_FAULT,REAR_BOGIE,2
26.73,RUN_055_SUSPENSION_FAULT,TRAIN001,-0.23252688760938245,0.0009295616248922722,0.402259568463821,30.988007864574318,27.815788848246328,23.974699658910577,120.2625174048416,4.971810955617452,0.22398924702408282,1.113632192294839,1.4493693983073324,ZONE_01,SUSPENSION_FAULT,REAR_BOGIE,2
26.740000000000002,RUN_055_SUSPENSION_FAULT,TRAIN001,0.054334977102855245,0.03220008624473969,0.39555215204527855,31.357648398728315,27.804223574201348,24.048392547196435,118.89045100468655,5.0413825250821445,0.20627122707888626,1.039892159622748,1.3959650840280586,ZONE_01,SUSPENSION_FAULT,REAR_BOGIE,2
26.75,RUN_055_SUSPENSION_FAULT,TRAIN001,0.01228668770227884,-0.15810384950123163,0.4472244576888655,31.110018043041983,28.02583643648714,24.053694663858778,119.88301914075633,5.008013457924927,0.19155968521992567,0.9593334815772505,1.4448397585323112,ZONE_01,SUSPENSION_FAULT,REAR_BOGIE,2
26.76,RUN_055_SUSPENSION_FAULT,TRAIN001,0.014673971479969653,-0.6918771968081243,0.16437600080349585,30.847904724734416,27.886122204432755,23.991169653588866,120.36843887012125,4.997097826820694,0.256541768961055,1.2819643161640246,1.2890731696762692,ZONE_01,SUSPENSION_FAULT,REAR_BOGIE,2
26.77,RUN_055_SUSPENSION_FAULT,TRAIN001,-0.024851452450774372,-0.9048072836879206,-0.23181582612343277,31.150350265864066,27.95081576716698,24.017374960219357,118.96289319171073,4.9886649329401935,0.2473100120266869,1.2337467845625505,1.5859200125733977,ZONE_01,SUSPENSION_FAULT,REAR_BOGIE,2
26.78,RUN_055_SUSPENSION_FAULT,TRAIN001,0.14228960300659074,-0.27904263507525,0.25408701495411573,30.955354836737726,27.9077190421165,24.017659259190346,120.52872241754841,4.996384940466264,0.21504724937886918,1.074458838285275,1.4753719615142677,ZONE_01,SUSPENSION_FAULT,REAR_BOGIE,2
26.79,RUN_055_SUSPENSION_FAULT,TRAIN001,-0.05878906271970744,-1.195150024318113,0.49134341060948966,31.103375764973546,27.862896373814824,23.986893474296785,120.41593612502896,5.0334892370050515,0.22470500438354346,1.131050221065739,1.1323423288856074,ZONE_01,SUSPENSION_FAULT,REAR_BOGIE,2
26.8,RUN_055_SUSPENSION_FAULT,TRAIN001,-0.032566992140083274,-0.26741656508990047,0.20601621716671878,31.05314907741255,27.939019809882623,24.092084538886443,120.64356293856339,5.030711937189783,0.23118986498354352,1.1630496135300066,0.9822700262702089,ZONE_01,SUSPENSION_FAULT,REAR_BOGIE,2
26.810000000000002,RUN_055_SUSPENSION_FAULT,TRAIN001,0.1422337899813065,-0.8872647959411917,0.8413406123844654,31.288139598484232,27.88189459408221,23.97743592208817,120.21287164148751,5.008241210331427,0.25609236381837464,1.2825723301263727,1.5978747061449312,ZONE_01,SUSPENSION_FAULT,REAR_BOGIE,2
26.82,RUN_055_SUSPENSION_FAULT,TRAIN001,0.04419128309210868,-0.9897423771617411,0.25877781845559306,31.21822977824918,28.070904005440223,23.91018083937336,121.65874171259823,5.013155564114668,0.21078866898053072,1.0567163887520725,1.4120703270572228,ZONE_01,SUSPENSION_FAULT,REAR_BOGIE,2
26.830000000000002,RUN_055_SUSPENSION_FAULT,TRAIN001,-0.1256453005201331,-0.5215939701242804,0.18968083772877156,31.166524118925118,27.896607702194824,24.104204864319065,120.06147087406616,5.0361871875426525,0.2057883931227778,1.036388868789924,1.9278424204642033,ZONE_01,SUSPENSION_FAULT,REAR_BOGIE,2
26.84,RUN_055_SUSPENSION_FAULT,TRAIN001,-0.07679803982035371,-0.048315574145076035,1.2079654889081235,31.128239035571788,27.789558243453744,23.887157059119875,119.72591212046049,5.021464334955287,0.24221303723629362,1.2162641279432453,1.6268419815955302,ZONE_01,SUSPENSION_FAULT,REAR_BOGIE,2
26.85,RUN_055_SUSPENSION_FAULT,TRAIN001,0.02890309923645057,-0.16907742879388973,1.121325389537317,31.20139283200789,27.924496557349375,23.935312050399425,118.70752689266153,4.965512275175028,0.22313658409879816,1.1079874473832072,1.7734064764490387,ZONE_01,SUSPENSION_FAULT,REAR_BOGIE,2
26.86,RUN_055_SUSPENSION_FAULT,TRAIN001,-0.08350285690622408,-0.26585450040078523,1.644490326936433,31.328299971694953,27.79506205656268,23.938146209019674,120.55581128259942,4.978620934811887,0.21086962796811098,1.0498399443180315,2.119373175446526,ZONE_01,SUSPENSION_FAULT,REAR_BOGIE,2
26.87,RUN_055_SUSPENSION_FAULT,TRAIN001,-0.25238968203084333,0.6998888750986513,1.7903069559547689,31.11168292056629,27.764252132303252,23.94041165874515,121.45354129495183,5.016436173197738,0.21824834576873145,1.0948288964548318,1.9582939064905036,ZONE_01,SUSPENSION_FAULT,REAR_BOGIE,2
26.88,RUN_055_SUSPENSION_FAULT,TRAIN001,-0.0766423210109237,0.430897254343153,1.4158702728545103,31.0099948875303,28.010291178643723,24.13132607331756,119.8748563888987,5.023078620203029,0.20416517939789186,1.0255377476234666,2.1528418278774226,ZONE_01,SUSPENSION_FAULT,REAR_BOGIE,2
26.89,RUN_055_SUSPENSION_FAULT,TRAIN001,0.03642667784099199,0.2196826877377893,1.1918500621509605,31.026747402699066,27.998677459463785,23.918643039064747,120.12684880420973,4.956769866032951,0.20964734469229185,1.0391736406645753,1.9107997871877789,ZONE_01,SUSPENSION_FAULT,REAR_BOGIE,2
26.900000000000002,RUN_055_SUSPENSION_FAULT,TRAIN001,-0.05213359437555573,1.0104823075770832,2.4763796245803746,31.116300890416223,27.98998259758741,24.023978289496327,120.38680927185867,4.980013470003448,0.24717765030459785,1.2309480280006992,1.8633330820621326,ZONE_01,SUSPENSION_FAULT,REAR_BOGIE,2
26.91,RUN_055_SUSPENSION_FAULT,TRAIN001,0.007340058514676043,0.5793299113564673,2.790171706250927,31.009731797173245,27.980697621836956,23.951219059445886,121.07782251205164,5.010477171063415,0.22379316327331136,1.121310535620994,2.1164160523360245,ZONE_01,SUSPENSION_FAULT,REAR_BOGIE,2
26.92,RUN_055_SUSPENSION_FAULT,TRAIN001,-0.054447966227365065,0.18061969896420016,2.0302003916040956,30.96161750533105,27.787481426180804,24.04688429274754,120.82948152460261,5.010155447502821,0.2052992142110933,1.0285809764477576,2.284911090726769,ZONE_01,SUSPENSION_FAULT,REAR_BOGIE,2
26.93,RUN_055_SUSPENSION_FAULT,TRAIN001,-0.0746742959098498,0.8184884080128891,1.3154845856734827,31.18258975233948,27.934086452552286,24.03955487072441,121.04031127524556,4.980834299292263,0.23092784756454326,1.1502133438112123,2.0703836010692016,ZONE_01,SUSPENSION_FAULT,REAR_BOGIE,2
26.94,RUN_055_SUSPENSION_FAULT,TRAIN001,0.04274089922631374,0.9634356308251646,2.2684371522277544,31.135298896460547,27.719258550497287,24.003099933764428,118.92504424599544,4.966723917872941,0.2173215963086496,1.079376370256498,2.1405971385640625,ZONE_01,SUSPENSION_FAULT,REAR_BOGIE,2
26.95,RUN_055_SUSPENSION_FAULT,TRAIN001,-0.018699830093190633,1.0782865415333163,1.535690792492472,31.187176472523525,27.931694994613736,23.92003752575385,118.50034521143455,5.021118406461919,0.22000744115575113,1.1046834123457294,2.2909186621110136,ZONE_01,SUSPENSION_FAULT,REAR_BOGIE,2
26.96,RUN_055_SUSPENSION_FAULT,TRAIN001,0.04190206513796624,0.770444733603488,1.7729058293369888,31.186306998870492,27.87110129614197,24.006501339589082,119.6332250705513,4.987270984825632,0.20373468264924663,1.016080071379246,1.9960572261475416,ZONE_01,SUSPENSION_FAULT,REAR_BOGIE,2
26.97,RUN_055_SUSPENSION_FAULT,TRAIN001,-0.14263529171752332,0.9254190649331863,1.6039216898335744,31.027008888644417,27.89730472160446,23.975261640460847,119.41563777086088,5.014435718015354,0.2255649066103047,1.1310807244375094,2.0300132562920616,ZONE_01,SUSPENSION_FAULT,REAR_BOGIE,2
26.98,RUN_055_SUSPENSION_FAULT,TRAIN001,0.056663309429729594,0.14488053486028427,1.901348738098406,30.898654967704502,27.728037965420928,23.98852369861242,119.97587513507649,4.990505849577085,0.2043723728351889,1.019921522125959,1.8178793580805894,ZONE_01,SUSPENSION_FAULT,REAR_BOGIE,2
26.990000000000002,RUN_055_SUSPENSION_FAULT,TRAIN001,0.13110788870257126,0.21118227242311985,1.4401838742346098,30.931964525266075,27.738081511886623,23.877270087056694,119.68223374065431,4.96665764304203,0.24483028650343797,1.21598821371047,1.7086995009273138,ZONE_01,SUSPENSION_FAULT,REAR_BOGIE,2
27.0,RUN_055_SUSPENSION_FAULT,TRAIN001,-0.054250529694776894,0.1038264334397716,1.0904339832413443,31.23401765843174,27.85912000278832,23.905865938253005,118.98448220366377,5.014506440023561,0.2306935893645901,1.1568144895408878,1.6855825942264189,ZONE_01,SUSPENSION_FAULT,REAR_BOGIE,2
27.01,RUN_055_SUSPENSION_FAULT,TRAIN001,-0.17176611464192415,0.06400568951228142,0.5565723748010185,31.15006174471478,27.92798261448816,24.080687418201272,121.18670294411427,4.986787066430455,0.22436979041851357,1.1188843689567554,1.729630892353496,ZONE_01,SUSPENSION_FAULT,REAR_BOGIE,2
27.02,RUN_055_SUSPENSION_FAULT,TRAIN001,-0.1668651360483541,-0.551226284479367,1.5261896953574476,31.048638553424123,27.666976445155388,23.996000917666372,120.69271901085243,5.022382240289387,0.21483525683166732,1.0789847784993751,1.489175430563066,ZONE_01,SUSPENSION_FAULT,REAR_BOGIE,2
27.03,RUN_055_SUSPENSION_FAULT,TRAIN001,0.033449326294264774,-1.108906646138206,-0.13661354887119093,31.184015417502657,27.957309031715216,24.03163923398514,119.42497508617328,5.017961249435258,0.25687528703061013,1.288990236257161,1.4786128375590062,ZONE_01,SUSPENSION_FAULT,REAR_BOGIE,2
27.04,RUN_055_SUSPENSION_FAULT,TRAIN001,0.02949228882885945,-0.33097696662196874,-0.035969365599486436,31.018250013589963,27.995152433587368,23.923982572150603,119.99792748090826,4.995004856808777,0.23906037636491959,1.1941077410133074,1.7164793717403168,ZONE_01,SUSPENSION_FAULT,REAR_BOGIE,2
27.05,RUN_055_SUSPENSION_FAULT,TRAIN001,0.06404231802001675,-0.5997456687484061,-0.03336989088951642,31.36249737524484,27.91496353773284,23.85023454537535,119.83518734234188,4.995077854787158,0.24555718188029663,1.226577241294212,1.5664818402141425,ZONE_01,SUSPENSION_FAULT,REAR_BOGIE,2
27.060000000000002,RUN_055_SUSPENSION_FAULT,TRAIN001,-0.026222677925365413,-0.6788670573612324,0.5195441741053108,30.934570583242344,28.00230754798621,24.023906302500706,119.2080937625645,4.964278594112483,0.22332711544692843,1.1086580186980741,1.3213259177281593,ZONE_01,SUSPENSION_FAULT,REAR_BOGIE,2
27.07,RUN_055_SUSPENSION_FAULT,TRAIN001,0.013450639504908633,-0.31595163117707875,0.18859627640069393,31.084536322724254,27.844068237887036,23.93858904416177,118.57453636855556,5.006249433151029,0.23265434689251913,1.1647256922507967,1.0190758185997468,ZONE_01,SUSPENSION_FAULT,REAR_BOGIE,2
27.080000000000002,RUN_055_SUSPENSION_FAULT,TRAIN001,0.07127341535635666,-0.9756114182431013,-0.24275582491574693,31.12717348516234,27.80365349204858,24.038706241648047,119.42862251689202,4.989740092390337,0.2343998395385052,1.169594276995141,1.309146523022148,ZONE_01,SUSPENSION_FAULT,REAR_BOGIE,2
27.09,RUN_055_SUSPENSION_FAULT,TRAIN001,0.05318142297510586,-0.7763383461101552,0.886190315080248,31.202185656335672,27.740327227155216,23.96929248783596,120.62905668335748,4.96885180859771,0.21871831577589504,1.086778898916501,1.5065817808277118,ZONE_01,SUSPENSION_FAULT,REAR_BOGIE,2
27.1,RUN_055_SUSPENSION_FAULT,TRAIN001,0.12293048065855282,-0.8338795949648028,0.6862958198365192,31.15002127093949,27.81302792877965,23.97457355813474,119.93214145728794,4.965344717409424,0.25323748629235376,1.2574114148117803,1.5720986027455446,ZONE_01,SUSPENSION_FAULT,REAR_BOGIE,2
27.11,RUN_055_SUSPENSION_FAULT,TRAIN001,-0.10608091174751713,-0.2539148822562576,0.47407652751522467,31.176619475935468,28.102096978560446,24.088940440839394,119.8942940840628,4.9925450982723785,0.2389623048813364,1.1930300839071857,1.971648352953431,ZONE_01,SUSPENSION_FAULT,REAR_BOGIE,2
27.12,RUN_055_SUSPENSION_FAULT,TRAIN001,0.21942333086899737,-0.2635352822492927,-0.12452478733663674,31.026103140810417,27.83481818878978,23.902670490985763,120.43376499428686,4.981907706182492,0.2138526210627769,1.0653940208599724,1.7936665494530615,ZONE_01,SUSPENSION_FAULT,REAR_BOGIE,2
27.13,RUN_055_SUSPENSION_FAULT,TRAIN001,0.2029417927707963,0.18519700049734428,1.0671185438361137,31.098324789890714,27.78136610453942,24.007293057616323,121.21404795964138,4.998450852163922,0.19772431696032464,0.9883152806038641,1.5979899235172568,ZONE_01,SUSPENSION_FAULT,REAR_BOGIE,2
27.14,RUN_055_SUSPENSION_FAULT,TRAIN001,0.07555117291526547,0.39768430606137395,0.6142907319409964,31.222103221491967,28.071675098461537,24.01863067065787,120.22516876191403,5.007313520350379,0.26301565902780466,1.3170018655137914,1.5156078021184896,ZONE_01,SUSPENSION_FAULT,REAR_BOGIE,2
27.150000000000002,RUN_055_SUSPENSION_FAULT,TRAIN001,0.05273642988109311,0.40510145953975807,1.435907885308634,31.258052705680004,27.913852730374884,24.071482930612927,119.03744767085918,5.02298661861191,0.23810380655720315,1.19599223417739,1.920983918084392,ZONE_01,SUSPENSION_FAULT,REAR_BOGIE,2
27.16,RUN_055_SUSPENSION_FAULT,TRAIN001,0.10867496173242297,0.5287909350094651,1.1122331627094877,31.089167023504405,27.975957650099286,24.038398627644696,121.44723673357336,4.9836142972153255,0.23811309458350607,1.186663822520546,2.3724149090576407,ZONE_01,SUSPENSION_FAULT,REAR_BOGIE,2
27.17,RUN_055_SUSPENSION_FAULT,TRAIN001,0.005019420298910478,0.6048407474604125,1.9245041928071707,31.119849998902986,27.974903490067284,24.023980114654474,120.33034805672541,4.99986546492654,0.20604991151196983,1.0302218366198674,1.7967159621549866,ZONE_01,SUSPENSION_FAULT,REAR_BOGIE,2
27.18,RUN_055_SUSPENSION_FAULT,TRAIN001,-0.0784426013250515,0.36852955503307205,1.4536204890846802,31.157329028075758,27.916454619060914,24.051432493101576,118.45396500585562,5.014981131852738,0.20389265941346088,1.022517839881783,2.114217243744834,ZONE_01,SUSPENSION_FAULT,REAR_BOGIE,2
27.19,RUN_055_SUSPENSION_FAULT,TRAIN001,0.16745864601137503,0.24897841281770644,1.456132176740012,31.070551116500326,27.98625426458397,24.063451931012306,119.26388376964748,5.00867755922573,0.21892033219937831,1.0965013551452683,2.6615574084295806,ZONE_01,SUSPENSION_FAULT,REAR_BOGIE,2
27.2,RUN_055_SUSPENSION_FAULT,TRAIN001,-0.10246332341701275,0.2413922060383848,2.089884024611313,31.2910227658529,28.031491553234865,24.042811149147003,120.98472619260383,4.991005381520218,0.21016449101762358,1.0489321056734169,2.044992009770752,ZONE_01,SUSPENSION_FAULT,REAR_BOGIE,2
27.21,RUN_055_SUSPENSION_FAULT,TRAIN001,-0.0028191994726223047,0.1396234754500678,2.1554538754841075,31.135702758370496,27.957528096683333,24.01374097207931,120.01452380286567,5.019326719698477,0.21025803823594144,1.055353789349045,2.5200385546385746,ZONE_01,SUSPENSION_FAULT,REAR_BOGIE,2
27.22,RUN_055_SUSPENSION_FAULT,TRAIN001,0.0027295358373778805,0.7028486981542573,1.8311539994696733,31.12587486859047,27.66412689362966,23.96359325508538,120.38437853009762,4.997161924206224,0.25580576397555443,1.2783028237311247,2.3196853656216714,ZONE_01,SUSPENSION_FAULT,REAR_BOGIE,2
27.23,RUN_055_SUSPENSION_FAULT,TRAIN001,-0.07158230204922565,1.0566256187406908,1.871842626829988,31.171805421507386,27.840229610784863,24.03778874339605,120.40647891220118,4.98058175626899,0.22469525990085176,1.1191131121823013,2.4229625711945313,ZONE_01,SUSPENSION_FAULT,REAR_BOGIE,2
27.240000000000002,RUN_055_SUSPENSION_FAULT,TRAIN001,-0.09309459292702801,1.2600415192850212,2.012149715235211,31.02815762302522,28.041512459923386,23.94652111053565,120.50757945652592,4.984428951239136,0.2611070989648323,1.3014697834543723,2.066938444417644,ZONE_01,SUSPENSION_FAULT,REAR_BOGIE,2
27.25,RUN_055_SUSPENSION_FAULT,TRAIN001,-0.054616200718793244,0.504093713235199,1.8124979512091994,31.013431988849938,27.830078656694084,24.015675595264323,119.334130944122,5.01490878551132,0.22294375871444333,1.1180426142519777,2.2742868194478336,ZONE_01,SUSPENSION_FAULT,REAR_BOGIE,2
27.26,RUN_055_SUSPENSION_FAULT,TRAIN001,-0.006620383796670107,0.4684304951543547,1.117963009495574,31.06908936066594,27.775806771878624,23.98035633212855,120.57793338624225,4.974259079183521,0.2212457920011012,1.1005338895926264,1.8746318684355545,ZONE_01,SUSPENSION_FAULT,REAR_BOGIE,2
27.27,RUN_055_SUSPENSION_FAULT,TRAIN001,-0.0346647725580418,0.506866788025701,1.5947336240562686,31.022373776939308,27.990278732399254,24.034528321644018,120.72161500112935,5.032009696603388,0.25887837099610594,1.3026784730932943,1.946966955727661,ZONE_01,SUSPENSION_FAULT,REAR_BOGIE,2
27.28,RUN_055_SUSPENSION_FAULT,TRAIN001,-0.027246537250917097,0.36391110313374997,1.8188751399428642,31.265624466665834,27.88909261906391,24.021088802091683,119.76384956008916,4.987916043445836,0.20447913453701572,1.0199247557071,2.160182315866416,ZONE_01,SUSPENSION_FAULT,REAR_BOGIE,2
27.29,RUN_055_SUSPENSION_FAULT,TRAIN001,0.12457094482752054,0.23403379868357482,0.334413869814308,31.08132597488675,27.95983318528066,24.04039554407078,119.83843969679735,5.008831759237303,0.2556309833065917,1.2804125878311172,2.0273557448862327,ZONE_01,SUSPENSION_FAULT,REAR_BOGIE,2
27.3,RUN_055_SUSPENSION_FAULT,TRAIN001,-0.10426869505142947,-0.004198808620932276,0.13403138211829757,30.845784462359532,27.98334510131115,24.079391287232802,121.08499465037251,4.983865508257911,0.21460361781482895,1.069555568774689,1.593294089614187,ZONE_01,SUSPENSION_FAULT,REAR_BOGIE,2
27.310000000000002,RUN_055_SUSPENSION_FAULT,TRAIN001,0.055030267339281895,-0.14255080679089296,-0.6349307908962036,31.170353280044843,28.024564213953152,23.983393950570267,119.93295925820455,4.994443750944582,0.20167146847126205,1.007236805450112,1.5373622984663784,ZONE_01,SUSPENSION_FAULT,REAR_BOGIE,2
27.32,RUN_055_SUSPENSION_FAULT,TRAIN001,0.13236201467421477,-1.1852561228385776,0.6563894154594464,31.10563002417011,27.924141900248888,23.937368135937806,120.62420957658892,4.986459606758894,0.22690073533286526,1.131431351481223,1.5183718089382456,ZONE_01,SUSPENSION_FAULT,REAR_BOGIE,2
27.330000000000002,RUN_055_SUSPENSION_FAULT,TRAIN001,-0.09814033904136048,-0.713709784460422,0.2510168276044085,31.205009810627608,27.962615706780348,23.99724766723474,120.20325743881017,4.993295418096815,0.23849359103094986,1.1908689553402976,1.340209123550737,ZONE_01,SUSPENSION_FAULT,REAR_BOGIE,2
27.34,RUN_055_SUSPENSION_FAULT,TRAIN001,0.0009634470920923413,-0.30250511396526764,0.287732592151111,31.223185261180145,27.98934634892638,23.92989103856432,119.64295459233595,4.988755026345289,0.2274525637218272,1.1347051205223875,1.4051747278514595,ZONE_01,SUSPENSION_FAULT,REAR_BOGIE,2
27.35,RUN_055_SUSPENSION_FAULT,TRAIN001,0.16952486118459698,-0.7766526312347903,-0.11822451172039947,31.35911759411202,27.93908802174381,23.944063718815524,118.71201754188625,5.036269280925277,0.23703765504610494,1.1937854605312608,1.0383021861727701,ZONE_01,SUSPENSION_FAULT,REAR_BOGIE,2
27.36,RUN_055_SUSPENSION_FAULT,TRAIN001,0.03302979862705128,-0.29218189127496863,0.3258805928435134,31.231007737212387,27.985222106248315,23.95064138719863,119.59562600216226,4.992512112620724,0.23798442586032084,1.1881401287227404,1.304317577549659,ZONE_01,SUSPENSION_FAULT,REAR_BOGIE,2
27.37,RUN_055_SUSPENSION_FAULT,TRAIN001,0.16413136204476125,-0.2212359607597567,-0.3266295545791658,31.14596983254475,27.95255754397634,23.968676358288974,120.26878234408775,5.01779285820105,0.20175244934926248,1.0123519994692982,1.9601945104875675,ZONE_01,SUSPENSION_FAULT,REAR_BOGIE,2
27.38,RUN_055_SUSPENSION_FAULT,TRAIN001,0.09457783430927769,-0.40559528584295207,-0.06373216507814025,31.059643817815854,28.07292260937039,24.062850005012958,119.4645526765036,5.003085997699692,0.22289694232661342,1.1151725710843554,1.2582920297848657,ZONE_01,SUSPENSION_FAULT,REAR_BOGIE,2
27.39,RUN_055_SUSPENSION_FAULT,TRAIN001,-0.10755257998665979,-1.0841649113509972,0.3855918388890762,31.23961383724686,27.95776211247691,24.031921552088235,119.72139760283878,5.0208311722719055,0.2250178948988409,1.1297768610271037,1.6846858574141366,ZONE_01,SUSPENSION_FAULT,REAR_BOGIE,2
27.400000000000002,RUN_055_SUSPENSION_FAULT,TRAIN001,0.06516572641482746,-0.3850122659783799,0.6582571286679675,31.060349488507455,27.967369325415575,23.979007033966155,119.57914644809522,4.994927762527833,0.230829874229724,1.1529785472108565,1.4734625794570102,ZONE_01,SUSPENSION_FAULT,REAR_BOGIE,2
27.41,RUN_055_SUSPENSION_FAULT,TRAIN001,0.018888668370076717,-0.4239859348708733,1.352188438242992,31.146124388916554,28.127564641197868,24.010466014361807,120.04887249806795,4.999632781929026,0.2573292514085075,1.2865517610912298,1.6398569409736057,ZONE_01,SUSPENSION_FAULT,REAR_BOGIE,2
27.42,RUN_055_SUSPENSION_FAULT,TRAIN001,-0.02851889031000079,-0.24652083104439051,0.3882797808661937,30.992723292613974,28.01782614412958,23.994461087347585,119.86689228397127,4.966888406833,0.23673148259827406,1.1758188564497556,1.6068386015700706,ZONE_01,SUSPENSION_FAULT,REAR_BOGIE,2
27.43,RUN_055_SUSPENSION_FAULT,TRAIN001,-0.0714347625568027,0.18838599098823625,1.0022108683001838,31.071963896288104,27.890052304817534,23.984390297063733,119.47899665522775,4.957485681957767,0.23417332695791582,1.1609109154902824,1.9764544809587927,ZONE_01,SUSPENSION_FAULT,REAR_BOGIE,2
27.44,RUN_055_SUSPENSION_FAULT,TRAIN001,0.01258668389218935,-0.1262170416505997,1.3392270214381632,31.170863787056497,28.03074229731212,23.99618614562722,120.59400400947062,4.9809752141624255,0.2563051795514151,1.2766497466070486,2.325564155008866,ZONE_01,SUSPENSION_FAULT,REAR_BOGIE,2
27.45,RUN_055_SUSPENSION_FAULT,TRAIN001,-0.07878864722080003,-0.24351314625006754,4.6576208582731145,31.12065384172044,27.982817450442745,23.910643622210248,120.29449144178771,5.010338181074182,0.21608255125954537,1.0826466568396194,2.0220212535085795,ZONE_01,SUSPENSION_FAULT,REAR_BOGIE,2
27.46,RUN_055_SUSPENSION_FAULT,TRAIN001,-0.04774694703978734,0.2985810940134537,1.5783217840921524,31.121893863402768,27.952863862923817,24.01514200622925,118.85950832942156,5.009057069655649,0.22850524482113346,1.1445958120246933,1.9872844871682425,ZONE_01,SUSPENSION_FAULT,REAR_BOGIE,2
27.47,RUN_055_SUSPENSION_FAULT,TRAIN001,0.004483546031039196,0.1837872582296941,2.201259986467328,31.038702656751646,27.953005026104776,23.95461733633838,120.55735130517687,5.02649363831572,0.19754812709367517,0.9929744040975435,2.4673418811635157,ZONE_01,SUSPENSION_FAULT,REAR_BOGIE,2
27.48,RUN_055_SUSPENSION_FAULT,TRAIN001,0.06476893124980262,0.688184278712775,2.6627149856348784,31.121787108448675,28.047575069213732,24.01396263805151,118.87706983847035,4.99175770637381,0.19011049070464145,0.9489855070374005,2.458633867431211,ZONE_01,SUSPENSION_FAULT,REAR_BOGIE,2
27.490000000000002,RUN_055_SUSPENSION_FAULT,TRAIN001,0.06817955724198202,0.637990785532215,1.8479308687498677,31.226176518462285,27.81040512679211,24.084653531250318,119.38548467202261,5.0009472418783245,0.18497511854811316,0.9250508089193026,2.496379471660213,ZONE_01,SUSPENSION_FAULT,REAR_BOGIE,2
27.5,RUN_055_SUSPENSION_FAULT,TRAIN001,0.018178525142538874,0.4618591792514081,1.9315076575391539,31.120416527674646,28.08606462160673,23.963764668529215,120.40053555297224,5.026110733490496,0.20725237524880907,1.0416733877794393,2.274281488682881,ZONE_01,SUSPENSION_FAULT,REAR_BOGIE,2
27.51,RUN_055_SUSPENSION_FAULT,TRAIN001,-0.09618802633473186,0.6601289695104239,2.119244558393457,31.24322998339234,27.99112960272821,24.12307464350887,118.65012030348639,5.017055955872769,0.23277701966695208,1.1678553329103947,2.0717084921012234,ZONE_01,SUSPENSION_FAULT,REAR_BOGIE,2
27.52,RUN_055_SUSPENSION_FAULT,TRAIN001,0.07227887128990368,0.5283882046366359,2.1195431729668663,31.13940388571869,27.946023035107658,24.079785768978148,121.12069450778708,4.986742877895052,0.2599619798273576,1.2963635514275726,2.2612735557133874,ZONE_01,SUSPENSION_FAULT,REAR_BOGIE,2
27.53,RUN_055_SUSPENSION_FAULT,TRAIN001,-0.2044427992859198,0.12857990030469268,2.0547818255128205,31.152980681246305,27.89195058787361,23.98553170522429,120.60238424709469,5.003581224839475,0.24184869301832349,1.2101095796384491,2.229681727086795,ZONE_01,SUSPENSION_FAULT,REAR_BOGIE,2
27.54,RUN_055_SUSPENSION_FAULT,TRAIN001,0.2196147658462147,0.4334985859947327,1.2274397912383286,30.983214458955956,27.77514914947431,24.028709731389974,120.40875795724791,5.004434839123107,0.23865912144120952,1.1943540220149014,2.3561662529716987,ZONE_01,SUSPENSION_FAULT,REAR_BOGIE,2
27.55,RUN_055_SUSPENSION_FAULT,TRAIN001,0.08512647606744478,-0.04967367765862024,0.7941694504251494,31.265568313076578,27.97551396229911,24.098613395716917,119.59041185212365,4.946423321406546,0.21606028614190984,1.0687256382021144,2.377629512937731,ZONE_01,SUSPENSION_FAULT,REAR_BOGIE,2
27.560000000000002,RUN_055_SUSPENSION_FAULT,TRAIN001,-0.006244323938071363,0.7934800661759879,1.7549250893620632,31.09617626791131,28.00732794245743,24.084404788891366,120.310069470594,4.9958888802015124,0.25989484503044236,1.2984057663092823,1.7441845025593636,ZONE_01,SUSPENSION_FAULT,REAR_BOGIE,2
27.57,RUN_055_SUSPENSION_FAULT,TRAIN001,-0.010313202381428029,0.03225896643580936,0.8193773778519494,31.21503230744477,27.90164851385652,23.960774724590674,122.42241188526998,4.999120949540209,0.24072204435917496,1.203398614972099,1.8653987780764285,ZONE_01,SUSPENSION_FAULT,REAR_BOGIE,2
27.580000000000002,RUN_055_SUSPENSION_FAULT,TRAIN001,0.2241686771922522,-0.053069396373962005,0.9187084667840253,31.195313754340468,27.91053578582032,23.9505019620929,118.87412029393404,5.030188765231245,0.21098075024186502,1.0612729995466887,1.7561688608990973,ZONE_01,SUSPENSION_FAULT,REAR_BOGIE,2
27.59,RUN_055_SUSPENSION_FAULT,TRAIN001,0.03750137655197275,-0.20379262940911697,0.6550254726724395,31.143578551005913,27.948810303399515,23.976936810524652,119.0902928436381,4.9826351506751605,0.23286178680554973,1.1602653241863574,1.5551640183945354,ZONE_01,SUSPENSION_FAULT,REAR_BOGIE,2
27.6,RUN_055_SUSPENSION_FAULT,TRAIN001,0.009257761370727995,-0.13444956516146134,-0.09213322980781913,31.195712284097908,27.81500498936056,24.079755921585093,120.8875249442841,4.97808159355344,0.22011993993460885,1.095775021362565,1.6224308363763313,ZONE_01,SUSPENSION_FAULT,REAR_BOGIE,2
27.61,RUN_055_SUSPENSION_FAULT,TRAIN001,0.014385262117733813,-1.0119238222885558,0.2570195047571696,31.120777111780523,27.8476121352112,23.984609241295644,120.48394838025845,4.994877749907598,0.22694850219739693,1.1335800240006335,1.8313012598726024,ZONE_01,SUSPENSION_FAULT,REAR_BOGIE,2
27.62,RUN_055_SUSPENSION_FAULT,TRAIN001,-0.2093560752253871,-0.811258521401704,-0.12075285978190572,30.97819731036659,27.841984269381225,24.082942222418655,119.92388799670547,4.976639513929351,0.21409827249651425,1.0654899227701664,1.897826390331118,ZONE_01,SUSPENSION_FAULT,REAR_BOGIE,2
27.63,RUN_055_SUSPENSION_FAULT,TRAIN001,0.0536035255688965,-0.9814433529571147,0.11898186728105958,31.123483603215682,28.017997949192665,23.998575114566034,120.27999043506148,5.012730291641804,0.21809612233343698,1.0932570389104361,1.406721160506005,ZONE_01,SUSPENSION_FAULT,REAR_BOGIE,2
27.64,RUN_055_SUSPENSION_FAULT,TRAIN001,-0.009100335274547705,-0.4862641934896057,-0.5210127776385083,31.061743110168507,27.997328104978497,24.01646235009142,120.0399686828888,4.9695861968323545,0.25603007812576933,1.2723635422277326,1.3130280110134682,ZONE_01,SUSPENSION_FAULT,REAR_BOGIE,2
27.650000000000002,RUN_055_SUSPENSION_FAULT,TRAIN001,-0.04945583436927967,-0.7751206386450511,-0.2032473749936089,31.185793662183453,27.831312089076025,24.039179931855916,120.33071367883272,4.990264281504074,0.261975578883918,1.307327373930769,1.315383033654988,ZONE_01,SUSPENSION_FAULT,REAR_BOGIE,2
27.66,RUN_055_SUSPENSION_FAULT,TRAIN001,-0.0749131607166917,-0.7418123647481406,-0.04860735756767964,31.12091999864096,27.862290798879155,24.039673875643302,119.58609378958008,5.008694572253867,0.22460796182670212,1.1249926792864067,1.2417157500186415,ZONE_01,SUSPENSION_FAULT,REAR_BOGIE,2
27.67,RUN_055_SUSPENSION_FAULT,TRAIN001,-0.016358325401505176,-0.9371303006603366,0.07351030917304714,31.274989422040047,28.03864544097532,24.02126883032867,117.72383965978581,5.006678303364754,0.28879713590090755,1.445914354388956,1.578182587732576,ZONE_01,SUSPENSION_FAULT,REAR_BOGIE,2
27.68,RUN_055_SUSPENSION_FAULT,TRAIN001,-0.0154197376896038,-0.5213879693721625,0.08089101227104983,31.118500690512683,27.865369941935416,23.98714435426397,120.26812927566688,5.0286143880189025,0.21806037801484163,1.0965415543422734,1.3707686717333858,ZONE_01,SUSPENSION_FAULT,REAR_BOGIE,2
27.69,RUN_055_SUSPENSION_FAULT,TRAIN001,0.04628917110346164,-0.11079060419451464,1.2854304623225454,31.198912127328754,27.719704446121966,24.00883032274534,121.28395302607483,4.982380764529852,0.24079483840564794,1.1997315710703744,1.7107018484632635,ZONE_01,SUSPENSION_FAULT,REAR_BOGIE,2
27.7,RUN_055_SUSPENSION_FAULT,TRAIN001,0.01438942017647168,-0.3824378362863034,1.0002269617369937,31.152144601326736,27.956387198042943,24.019054305988156,121.29674178765472,4.9877817426345,0.2531181036974858,1.2624978563525855,1.4304465421344497,ZONE_01,SUSPENSION_FAULT,REAR_BOGIE,2
27.71,RUN_055_SUSPENSION_FAULT,TRAIN001,0.09665440597473378,-0.13925998563196423,0.9947131710219274,31.197053324132785,28.050851568121985,23.936649690294104,119.49332003794608,5.0291981417178855,0.24105672822705176,1.212322049648082,2.023732492140111,ZONE_01,SUSPENSION_FAULT,REAR_BOGIE,2
27.72,RUN_055_SUSPENSION_FAULT,TRAIN001,-0.033729595812540085,0.1850843079148268,1.5307536300915192,31.162454343121436,28.07723198619222,24.003711112027478,120.12360322001402,5.016026255049229,0.2371820685494052,1.1897114830707025,2.047862266170193,ZONE_01,SUSPENSION_FAULT,REAR_BOGIE,2
27.73,RUN_055_SUSPENSION_FAULT,TRAIN001,-0.0803539916514456,0.593719742349516,1.168214395508006,31.259073031569343,27.788505804038973,24.02464162665239,119.65493875651238,5.028206437522539,0.2402671238326773,1.208112698780493,2.0552768115678632,ZONE_01,SUSPENSION_FAULT,REAR_BOGIE,2
27.740000000000002,RUN_055_SUSPENSION_FAULT,TRAIN001,-0.15425350064734253,0.7681061355490615,1.0187723852264527,31.331465363955495,27.865457912341178,24.00246091493531,121.61574848506217,4.955501761188293,0.22413709351776204,1.110711761674895,2.106162707206135,ZONE_01,SUSPENSION_FAULT,REAR_BOGIE,2
27.75,RUN_055_SUSPENSION_FAULT,TRAIN001,0.045538750943139916,0.37013169797867107,1.862276784075281,31.364038514480384,27.91584503331865,24.021692339386114,119.57423924514679,5.014342326361125,0.20820392751525382,1.044005766254361,2.0576059496260712,ZONE_01,SUSPENSION_FAULT,REAR_BOGIE,2
27.76,RUN_055_SUSPENSION_FAULT,TRAIN001,-0.10662747799324668,0.4368895195750353,1.558996009174638,31.235423246472724,27.917054839418796,23.986912070094405,120.94107857259709,5.025359739838618,0.2172872855136141,1.0919467765989352,2.211515277694363,ZONE_01,SUSPENSION_FAULT,REAR_BOGIE,2
27.77,RUN_055_SUSPENSION_FAULT,TRAIN001,0.07957108854323053,0.7339840702833098,1.1992112051804058,31.24210362630514,27.74939977893349,24.07445224552696,120.03149534450662,5.002062751997553,0.20021226643959542,1.0014743204505099,2.358222109572642,ZONE_01,SUSPENSION_FAULT,REAR_BOGIE,2
27.78,RUN_055_SUSPENSION_FAULT,TRAIN001,-0.25075223302328287,0.8641584545623429,1.9243522011468195,31.294530284449657,27.98969089153957,24.06668460738764,120.45034973972528,4.93887996184544,0.21521343099731627,1.0629133018726515,2.1373586822638475,ZONE_01,SUSPENSION_FAULT,REAR_BOGIE,2
27.79,RUN_055_SUSPENSION_FAULT,TRAIN001,-0.1741336736170555,1.030543241728775,3.752187674739668,31.091011364930296,28.056528762971716,24.013909386057275,119.72414832435095,4.993994926682713,0.24787778468930277,1.2379003991757278,2.115410245030153,ZONE_01,SUSPENSION_FAULT,REAR_BOGIE,2
27.8,RUN_055_SUSPENSION_FAULT,TRAIN001,0.11838779468425319,0.8080041134783781,2.3683836808441896,31.19855522474363,27.971373678158738,24.03771525658186,119.14730798730888,4.995760415030714,0.22096307754434616,1.1038785959794066,2.113595410228432,ZONE_01,SUSPENSION_FAULT,REAR_BOGIE,2
27.810000000000002,RUN_055_SUSPENSION_FAULT,TRAIN001,-0.12954359859745,0.3124475837571008,2.5686617266169547,31.13682136268074,27.85346764855318,24.047925672525995,119.88539073528128,4.981070574357799,0.23312544050089823,1.1612142718132241,1.9089722907774596,ZONE_01,SUSPENSION_FAULT,REAR_BOGIE,2
27.82,RUN_055_SUSPENSION_FAULT,TRAIN001,0.02372320819930379,0.7397043417541821,3.566067991410313,30.99737346439092,27.938766160109985,24.00547596068476,119.45690234695999,4.986029114013497,0.24192090024119675,1.2062246518909618,2.2478391799053394,ZONE_01,SUSPENSION_FAULT,REAR_BOGIE,2
27.830000000000002,RUN_055_SUSPENSION_FAULT,TRAIN001,0.06664548031608415,0.4355024572618543,0.6981658271661991,31.06416487369768,27.890891486207757,24.031669380524285,119.58461855412419,4.968541161290018,0.23944721575025846,1.1897033474114507,2.227356846024897,ZONE_01,SUSPENSION_FAULT,REAR_BOGIE,2
27.84,RUN_055_SUSPENSION_FAULT,TRAIN001,-0.015500333556972327,-0.02618747320618986,1.4616108089506323,31.08578995871628,28.06303808166021,23.977191875807332,120.27940114163476,5.010869306961093,0.24595401737384176,1.2324434365823589,1.8102136841458512,ZONE_01,SUSPENSION_FAULT,REAR_BOGIE,2
27.85,RUN_055_SUSPENSION_FAULT,TRAIN001,0.09889540037572257,0.20615684429171352,0.7008925833247915,31.1090021095353,27.94114165391584,24.061393735773798,121.13814699516917,4.994442186547139,0.22758675515251875,1.136668891033114,2.00775378030502,ZONE_01,SUSPENSION_FAULT,REAR_BOGIE,2
27.86,RUN_055_SUSPENSION_FAULT,TRAIN001,-0.0009367141006662571,0.07118728832353313,1.012791213198337,31.269625783200443,27.995065554230518,24.03801995673332,119.93679126757429,5.032220522620363,0.21302265271331686,1.0719769647669835,1.8656535087089032,ZONE_01,SUSPENSION_FAULT,REAR_BOGIE,2
27.87,RUN_055_SUSPENSION_FAULT,TRAIN001,-0.15644616742529244,0.09741230362865094,0.35137326446326866,31.302949898055843,27.859323972705056,24.015433637474516,121.12392485659868,5.010634700403203,0.26702044149535503,1.337941889873609,1.5907247792792754,ZONE_01,SUSPENSION_FAULT,REAR_BOGIE,2
27.88,RUN_055_SUSPENSION_FAULT,TRAIN001,0.14769386895571956,-0.03854732883444578,0.9925314101319345,31.173209312830735,27.84290977003789,24.013651970580177,120.65774278845082,5.022394945987364,0.20832008726057377,1.0462657534051525,1.0605986590130572,ZONE_01,SUSPENSION_FAULT,REAR_BOGIE,2
27.89,RUN_055_SUSPENSION_FAULT,TRAIN001,-0.001840251049389443,-0.2939754833654396,0.5562707115909239,31.126620055942638,27.79178167570822,24.082192557651183,120.65401418837185,4.969347750060891,0.2094462849478691,1.0408114248643054,1.399137952584866,ZONE_01,SUSPENSION_FAULT,REAR_BOGIE,2
27.900000000000002,RUN_055_SUSPENSION_FAULT,TRAIN001,-0.11680002494103892,0.020948160480357192,-0.4297987642279891,31.210165517574822,27.73263338567081,24.073892281554556,119.84454814079896,4.980576670322888,0.22209213759393504,1.1061469191624937,1.4951389936270871,ZONE_01,SUSPENSION_FAULT,REAR_BOGIE,2
27.91,RUN_055_SUSPENSION_FAULT,TRAIN001,-0.12021327252510668,-0.2663692017304808,0.4165212057630569,31.132033593246575,28.04585819537936,24.051057633349476,121.00138194155163,5.026756248974222,0.21052474804763677,1.0582565928121819,1.5944607381861224,ZONE_01,SUSPENSION_FAULT,REAR_BOGIE,2
27.92,RUN_055_SUSPENSION_FAULT,TRAIN001,0.07381844527246119,-0.3681059375875227,0.016732524697276013,31.278619333533776,27.910779374975267,24.01085603397797,120.5740651650351,4.978083757360983,0.2623225974040763,1.3058638613259765,1.243480285844052,ZONE_01,SUSPENSION_FAULT,REAR_BOGIE,2
27.93,RUN_055_SUSPENSION_FAULT,TRAIN001,0.08933168863745185,-0.7129624818402421,0.44783097578717296,31.101612212429142,27.869358324156803,24.008052483640316,118.45725436791666,5.013023139087856,0.24181204041001786,1.2122093538854672,1.5876795379773272,ZONE_01,SUSPENSION_FAULT,REAR_BOGIE,2
27.94,RUN_055_SUSPENSION_FAULT,TRAIN001,-0.1858952918572398,-0.6420502375013225,-0.10083463450814298,31.21910755138248,28.079807080308324,24.03440742439506,120.37041563334265,4.971685318171961,0.21622759343069792,1.0750155516430566,1.775446619951841,ZONE_01,SUSPENSION_FAULT,REAR_BOGIE,2
27.95,RUN_055_SUSPENSION_FAULT,TRAIN001,-0.0589581134776758,-0.8615619944448784,0.45202665278436205,31.274057990901618,27.85816737504368,24.03333347455892,119.78862357346212,4.994050032676638,0.23139098776439923,1.1555781700058776,1.4751383396953035,ZONE_01,SUSPENSION_FAULT,REAR_BOGIE,2
27.96,RUN_055_SUSPENSION_FAULT,TRAIN001,-0.18838042233511987,-0.5081383778470703,0.0430759114420492,30.992608306885405,27.86235071698787,23.988019038542024,120.2920722424483,5.044197209068231,0.25575984081696984,1.2901030752406943,1.5004161863165912,ZONE_01,SUSPENSION_FAULT,REAR_BOGIE,2
27.97,RUN_055_SUSPENSION_FAULT,TRAIN001,-0.22488968987118063,-0.21696896900991855,0.3955100412667272,31.120316774734903,27.95396295701299,24.05081930370786,119.12673814794695,5.005624231369547,0.21146918214379412,1.0585352623268762,1.3518943123548328,ZONE_01,SUSPENSION_FAULT,REAR_BOGIE,2
27.98,RUN_055_SUSPENSION_FAULT,TRAIN001,0.01207542149324527,0.2248519764060175,0.423233814428316,31.0769053503449,28.03808480280715,24.021017216323038,119.47460115607278,5.0168460459122945,0.2594915318137999,1.3018290653277864,1.4053658045493003,ZONE_01,SUSPENSION_FAULT,REAR_BOGIE,2
27.990000000000002,RUN_055_SUSPENSION_FAULT,TRAIN001,0.05345321850801128,0.49555376633451054,0.7885306132137945,31.301177231358547,27.952784857715727,24.002978572099888,120.34349318038684,5.001707962505172,0.18806330137406338,0.9406377119376627,1.885428952779492,ZONE_01,SUSPENSION_FAULT,REAR_BOGIE,2
28.0,RUN_055_SUSPENSION_FAULT,TRAIN001,-0.10490426915067118,-0.2940528010168326,0.4690103285001278,31.272787709495972,27.92654024024456,24.017226425448087,120.36814263224444,5.0040850024978525,0.22241657911001508,1.1129914678313035,1.8927685487360058,ZONE_01,SUSPENSION_FAULT,REAR_BOGIE,2
28.01,RUN_055_SUSPENSION_FAULT,TRAIN001,-0.07761768192181805,0.12520063966323197,1.0182520156336201,31.06118905461429,27.752229255924078,23.960995384701324,119.40739631294694,5.016164030469014,0.205446768003508,1.0305546878353091,1.8540223649517993,ZONE_01,SUSPENSION_FAULT,REAR_BOGIE,2
28.02,RUN_055_SUSPENSION_FAULT,TRAIN001,-0.047061945722082485,-0.019764245943065417,1.728466570730912,31.25681827443654,28.019168130668614,24.011527242120515,120.24406051189935,4.983541238255299,0.2565864398520663,1.2787091041798853,1.7805577125467802,ZONE_01,SUSPENSION_FAULT,REAR_BOGIE,2
28.03,RUN_055_SUSPENSION_FAULT,TRAIN001,0.18607700057087637,0.5786538629177324,3.9918708173270647,31.11950307966146,27.95237501367322,24.03146400346624,121.23732547659476,5.005361251740747,0.26281199132929894,1.315468957892498,1.8329801545922886,ZONE_01,SUSPENSION_FAULT,REAR_BOGIE,2
28.04,RUN_055_SUSPENSION_FAULT,TRAIN001,-0.02852327307907958,0.7466824170508315,1.814841803627751,30.974011750755945,27.874810257206917,24.006167270495634,120.51492805210724,4.9792928072493625,0.22981206401011595,1.1443015573447004,2.5521001878474157,ZONE_01,SUSPENSION_FAULT,REAR_BOGIE,2
28.05,RUN_055_SUSPENSION_FAULT,TRAIN001,-0.11856473117668312,0.2600394467004033,2.2138756120509027,31.123459338896684,27.842323330027746,23.928080640770553,119.89135871985269,4.996046870503911,0.25334700506342717,1.2657335117986739,1.917166816250237,ZONE_01,SUSPENSION_FAULT,REAR_BOGIE,2
28.060000000000002,RUN_055_SUSPENSION_FAULT,TRAIN001,-0.02402086536873147,0.2180054133417676,4.370977640736282,31.239759369808315,27.77155274141444,24.050229659459387,118.35011257788078,4.969597222700638,0.21464265313665978,1.0666875329010408,2.343426975434075,ZONE_01,SUSPENSION_FAULT,REAR_BOGIE,2
28.07,RUN_055_SUSPENSION_FAULT,TRAIN001,-0.0375638487963539,0.8862208780547574,1.5766646249898821,31.288581182027443,28.07187868380084,23.980377504576175,121.29669875649341,4.980691807863259,0.22754609823385127,1.1333369873845915,2.155005328103038,ZONE_01,SUSPENSION_FAULT,REAR_BOGIE,2
28.080000000000002,RUN_055_SUSPENSION_FAULT,TRAIN001,0.020214890602699723,0.47455538774526096,1.7450798149172786,31.094710783575966,27.873053858014675,24.063478085090853,120.30074262778027,4.994165976509544,0.21394778391000693,1.0684907431529727,2.5797845414068425,ZONE_01,SUSPENSION_FAULT,REAR_BOGIE,2
28.09,RUN_055_SUSPENSION_FAULT,TRAIN001,-0.17660408226749608,0.23874365771374223,1.724325646033157,31.01886202273818,28.060802780090324,23.990115775452256,120.8797465533143,4.989087449170544,0.2134910720501982,1.0651256280756083,2.039804634608049,ZONE_01,SUSPENSION_FAULT,REAR_BOGIE,2
28.1,RUN_055_SUSPENSION_FAULT,TRAIN001,0.02508372452916449,0.7843808255046949,2.646581879739489,31.30112239770056,27.8634665344299,24.053973160938057,120.30923077007752,5.004897785068933,0.20402559677450016,1.021127257394063,2.374720404152443,ZONE_01,SUSPENSION_FAULT,REAR_BOGIE,2
28.11,RUN_055_SUSPENSION_FAULT,TRAIN001,-0.07122307209183483,0.4641384394770949,1.881414344294444,31.19728703060414,27.80204401689243,24.091185268643333,121.06378731607771,5.016320293206096,0.24727586152431744,1.240414922184454,2.273347499920654,ZONE_01,SUSPENSION_FAULT,REAR_BOGIE,2
28.12,RUN_055_SUSPENSION_FAULT,TRAIN001,0.014287441100376861,0.24809728093253042,2.0155120438431364,31.206557567110952,27.960714444897437,23.94733244361701,120.11661336748568,4.970853681168476,0.22403769089375605,1.1136585804997126,1.9505025832208052,ZONE_01,SUSPENSION_FAULT,REAR_BOGIE,2
28.13,RUN_055_SUSPENSION_FAULT,TRAIN001,0.08291989290615426,0.5459968744744019,0.6229084752158567,31.193475967402144,27.946205735559214,24.10647405592389,119.89493900398492,5.0269925484221725,0.2567569688697675,1.290715369263785,1.968487093706672,ZONE_01,SUSPENSION_FAULT,REAR_BOGIE,2
28.14,RUN_055_SUSPENSION_FAULT,TRAIN001,0.07843853690879193,0.13416305622282818,-0.18472602435499175,31.09079600414361,27.95326205376453,23.95165325940498,120.15239700158627,5.001648442441497,0.21994081006546137,1.100066610093236,2.0570364306655065,ZONE_01,SUSPENSION_FAULT,REAR_BOGIE,2
28.150000000000002,RUN_055_SUSPENSION_FAULT,TRAIN001,-0.18756787248537662,-0.6799649533412127,0.6304111028082697,31.052949153758984,27.991970111403973,24.04136825687635,119.74514331219332,4.987458254868796,0.21249677036600556,1.0598187714948932,1.7401077921932064,ZONE_01,SUSPENSION_FAULT,REAR_BOGIE,2
28.16,RUN_055_SUSPENSION_FAULT,TRAIN001,0.021465623715405485,0.23256862810217277,0.4589817128800724,31.15069654055163,27.899321970441274,24.082480985413152,119.90153170549578,5.033884469705506,0.2455978076470592,1.2363109897082516,1.744191493626807,ZONE_01,SUSPENSION_FAULT,REAR_BOGIE,2
28.17,RUN_055_SUSPENSION_FAULT,TRAIN001,-0.016200785821564142,-0.1274811559951325,0.04399995462741113,31.01439930702915,27.91814240806385,24.00130466934312,121.17988489534974,4.969232094824059,0.19713694767772427,0.9796192474757986,1.687226593713469,ZONE_01,SUSPENSION_FAULT,REAR_BOGIE,2
28.18,RUN_055_SUSPENSION_FAULT,TRAIN001,0.12197899066532003,-0.4487825088287044,0.14360280371692694,31.267447341790948,28.048592956268813,23.988303757091828,119.38023719063638,4.980334147161089,0.2093988706717543,1.0428763459835066,1.2483976162556047,ZONE_01,SUSPENSION_FAULT,REAR_BOGIE,2
28.19,RUN_055_SUSPENSION_FAULT,TRAIN001,-0.010175463799191537,-0.5687333846427275,0.35404634193874124,31.286170605417787,27.67266984724953,23.926327828848148,121.12227163536973,5.011170102089012,0.2247729014239999,1.126375243375749,1.128623433569667,ZONE_01,SUSPENSION_FAULT,REAR_BOGIE,2
28.2,RUN_055_SUSPENSION_FAULT,TRAIN001,0.237396404067842,-1.0659173337215124,0.35233486889027527,31.369565379210105,27.968953228208253,24.068127894263252,121.09502192552027,4.977975910474499,0.2566588502929803,1.2776415739685367,1.4622190646226836,ZONE_01,SUSPENSION_FAULT,REAR_BOGIE,2
28.21,RUN_055_SUSPENSION_FAULT,TRAIN001,-0.04286456391318499,-0.3473488613857103,0.20777283602568494,31.44650495883345,27.79817703872571,23.930991774561843,120.14149069370931,5.018565833078298,0.2228392259524409,1.1183333256345347,1.2332604579600022,ZONE_01,SUSPENSION_FAULT,REAR_BOGIE,2
28.22,RUN_055_SUSPENSION_FAULT,TRAIN001,0.05345447016280258,-0.26929461748821165,-0.4969202563957409,30.999374947678486,27.93623171256668,24.043284382150837,119.95750352444276,5.020142289847777,0.2235444174647309,1.1222247837740815,1.2689596276106008,ZONE_01,SUSPENSION_FAULT,REAR_BOGIE,2
28.23,RUN_055_SUSPENSION_FAULT,TRAIN001,-0.0269571761599696,-0.53779506797067,-0.19220530090933552,31.38858829838881,27.96149034960798,24.072581979147266,120.1252207486063,5.000131651532732,0.2612115563750352,1.3060921707769402,1.6506091058706673,ZONE_01,SUSPENSION_FAULT,REAR_BOGIE,2
28.240000000000002,RUN_055_SUSPENSION_FAULT,TRAIN001,0.1930133845113739,-0.20090789083840682,0.25662130210777845,31.303332347255967,28.07847548589958,24.051191275481955,120.21894382154377,4.989046295904435,0.19511626213807745,0.9734440648906941,1.3134521298549073,ZONE_01,SUSPENSION_FAULT,REAR_BOGIE,2
28.25,RUN_055_SUSPENSION_FAULT,TRAIN001,0.036934723875580396,-0.10331237414336786,0.4713076619622757,31.260505913753097,27.989630474801185,24.096384385163244,120.53412475420565,4.985453063439975,0.2645484791970449,1.3188940260412938,1.3567076135796694,ZONE_01,SUSPENSION_FAULT,REAR_BOGIE,2
28.26,RUN_055_SUSPENSION_FAULT,TRAIN001,-0.18296845610471069,-0.18475905862538877,-0.40695940328710356,31.093542267991534,28.05292240287778,23.975884113894768,119.52315755288626,4.995867530924635,0.25876652489165675,1.2927632797964295,1.7034277731215697,ZONE_01,SUSPENSION_FAULT,REAR_BOGIE,2
28.27,RUN_055_SUSPENSION_FAULT,TRAIN001,-0.02246565111422371,-0.5580889011646203,3.886693170982263,31.126967373371514,28.085561151113115,23.980227994777547,118.67498455440709,5.003224762984133,0.2423626054180341,1.2125945890488605,1.7928556344547817,ZONE_01,SUSPENSION_FAULT,REAR_BOGIE,2
28.28,RUN_055_SUSPENSION_FAULT,TRAIN001,-0.06821332885669353,-0.34133843969422634,1.0667913082725167,31.16799852332408,27.789278997393506,24.048563950402034,120.22151926716408,4.966911156976077,0.2598974092236535,1.2908873415421418,1.772906978298548,ZONE_01,SUSPENSION_FAULT,REAR_BOGIE,2
28.29,RUN_055_SUSPENSION_FAULT,TRAIN001,-0.13086115080202113,0.008674146854381545,0.947407050618393,31.34161764675753,28.082490247674414,23.967087355153062,120.07854908728295,5.000914021028318,0.2748446772065415,1.3744745998471954,1.6824114426694332,ZONE_01,SUSPENSION_FAULT,REAR_BOGIE,2
28.3,RUN_055_SUSPENSION_FAULT,TRAIN001,0.1813570599631832,0.06807963132042014,0.6735297446063074,31.025149380820835,28.036359591847525,24.04057018905764,120.69808031933324,4.962826869459515,0.23309300553667905,1.1568002309605063,2.1554147312177765,ZONE_01,SUSPENSION_FAULT,REAR_BOGIE,2
28.310000000000002,RUN_055_SUSPENSION_FAULT,TRAIN001,0.03527395739118313,0.4974350662978709,1.6585906890738011,31.21990178216439,27.941244705086966,24.06910797410271,118.99212000812473,5.012625585856786,0.24012937791379227,1.2036786636465486,2.10522315585784,ZONE_01,SUSPENSION_FAULT,REAR_BOGIE,2
28.32,RUN_055_SUSPENSION_FAULT,TRAIN001,-0.08158783697819855,0.7484705497220892,1.3369502830665951,31.158890027484727,27.98960365810616,23.983203660243106,119.14356955942463,4.971199433967067,0.19897101966633735,0.9891246203411463,2.176128679938864,ZONE_01,SUSPENSION_FAULT,REAR_BOGIE,2
28.330000000000002,RUN_055_SUSPENSION_FAULT,TRAIN001,0.15736511060417124,0.18191900083520984,2.043162047115513,31.22180056932008,27.81545564131713,24.019716082950424,120.91145053752639,4.988325663034485,0.23321790790635938,1.1633668750885056,2.0636947114913546,ZONE_01,SUSPENSION_FAULT,REAR_BOGIE,2
28.34,RUN_055_SUSPENSION_FAULT,TRAIN001,-0.16822654917863647,0.1830901958753075,1.4771156611799177,31.21626267569528,28.08794665555609,23.991536429244203,119.51280123683024,4.970903209502529,0.23036141217448128,1.145104283123664,2.3560473580524444,ZONE_01,SUSPENSION_FAULT,REAR_BOGIE,2
28.35,RUN_055_SUSPENSION_FAULT,TRAIN001,-0.05732026832479917,0.5666536008563099,2.173868570421333,31.155351476951555,27.909024596574707,24.05091245168946,118.58313950114211,4.965615692659947,0.2208079081444394,1.0964472137454444,2.2787475609418277,ZONE_01,SUSPENSION_FAULT,REAR_BOGIE,2
28.36,RUN_055_SUSPENSION_FAULT,TRAIN001,0.06894896770298846,1.0759359201212382,1.6680897661203502,31.15977975418307,28.074519924986912,24.006049467509328,121.22645411125849,5.002434214829575,0.2653102688329486,1.3271971663555746,2.2038354580725446,ZONE_01,SUSPENSION_FAULT,REAR_BOGIE,2
28.37,RUN_055_SUSPENSION_FAULT,TRAIN001,-0.06574482190693316,1.0312184132642244,1.8719891901725896,31.170066767561295,28.07668945870583,23.869230074382195,121.18187222688846,5.010522619199986,0.21044062603123406,1.0544175167281038,2.133458365452761,ZONE_01,SUSPENSION_FAULT,REAR_BOGIE,2
28.38,RUN_055_SUSPENSION_FAULT,TRAIN001,0.11127908935910509,0.06923142357334067,1.1428494162154825,31.052098458611113,27.957717443752262,24.054019781567668,120.24228068708337,4.990843093952818,0.21952313703926865,1.095605532455292,1.8314065423727106,ZONE_01,SUSPENSION_FAULT,REAR_BOGIE,2
28.39,RUN_055_SUSPENSION_FAULT,TRAIN001,0.0554815888900173,0.5121759413715272,1.7604983386111948,31.098040217311112,27.887692966055,23.969046312064904,120.8227426684807,4.9871456198106445,0.23474625162999632,1.1707137405835035,2.160532695361006,ZONE_01,SUSPENSION_FAULT,REAR_BOGIE,2
28.400000000000002,RUN_055_SUSPENSION_FAULT,TRAIN001,0.05476099493750206,0.311114530314974,1.4577126302865786,31.135021611935,28.01178294319702,24.078269774135713,119.57225757556641,4.980242740522758,0.24159040548011101,1.2031788630722724,1.8493075803752332,ZONE_01,SUSPENSION_FAULT,REAR_BOGIE,2
28.41,RUN_055_SUSPENSION_FAULT,TRAIN001,0.051667008335263366,0.5723852803279906,1.3754983763047273,31.16345460900841,28.029409228753263,23.92499455275434,119.95060867949198,5.004558001024407,0.25675852739044086,1.284962942583075,1.829445803460142,ZONE_01,SUSPENSION_FAULT,REAR_BOGIE,2
28.42,RUN_055_SUSPENSION_FAULT,TRAIN001,0.06335427035582557,-0.3046864219273653,1.11305153421996,31.130129247777205,28.267198328845296,24.06949187240546,119.11951954200855,5.016580375970131,0.22816065550717213,1.1445862669857612,1.7774903566002045,ZONE_01,SUSPENSION_FAULT,REAR_BOGIE,2
28.43,RUN_055_SUSPENSION_FAULT,TRAIN001,-0.03692170928887866,0.18335675086201675,0.9509941387020423,31.21216833189203,28.01778737558188,23.99119148310491,119.71473816297683,5.004917415427023,0.23388320168185311,1.1705661092733375,1.639932211091745,ZONE_01,SUSPENSION_FAULT,REAR_BOGIE,2
28.44,RUN_055_SUSPENSION_FAULT,TRAIN001,-0.006394388265950392,0.17994913178597935,0.3740127377713597,31.091470909022306,27.95699012691475,23.920239588493757,120.00655172939359,4.9979398172279454,0.19224130115721333,0.9608104535693452,2.104326097845452,ZONE_01,SUSPENSION_FAULT,REAR_BOGIE,2
28.45,RUN_055_SUSPENSION_FAULT,TRAIN001,-0.019669154582189086,0.410339137145741,0.40036193669226294,31.266525101320866,27.91430037559573,24.03613576010361,120.15185191731072,4.999321324884707,0.2563725736611708,1.2816888746198665,1.4136394657834304,ZONE_01,SUSPENSION_FAULT,REAR_BOGIE,2
28.46,RUN_055_SUSPENSION_FAULT,TRAIN001,-0.033229371064289664,-0.44501882424032296,-0.02506616682276075,31.33223429767762,27.877390473209257,23.97182281080642,120.08568350110392,4.972678231643992,0.2185193291834224,1.0866263114238524,1.7967164191042257,ZONE_01,SUSPENSION_FAULT,REAR_BOGIE,2
28.47,RUN_055_SUSPENSION_FAULT,TRAIN001,-0.118106819652426,-0.9912910917113922,0.42724170086143265,31.217230187212138,27.795330536962627,24.051331538098065,118.89486993989583,4.977662070866803,0.247014296192204,1.229553693117792,1.594305069678515,ZONE_01,SUSPENSION_FAULT,REAR_BOGIE,2
28.48,RUN_055_SUSPENSION_FAULT,TRAIN001,-0.08784424831770593,-0.7004723492278795,0.28688430412349386,31.250204984155737,27.8822892526408,23.98168159367939,118.89586957101362,5.013818887532965,0.2209672066206148,1.1078895540798377,1.2955259606264695,ZONE_01,SUSPENSION_FAULT,REAR_BOGIE,2
28.490000000000002,RUN_055_SUSPENSION_FAULT,TRAIN001,-0.09961652999024141,-0.4545845058775983,0.15424399226902338,31.34954448720675,28.058726235435216,23.98257607660529,119.52515989891097,5.013188294796284,0.2338824857606803,1.172496939973301,1.6128734868772954,ZONE_01,SUSPENSION_FAULT,REAR_BOGIE,2
28.5,RUN_055_SUSPENSION_FAULT,TRAIN001,0.022315743760151174,-0.5104416214786132,-0.10037355833136763,31.28170220586024,27.94568081633868,23.97446000469288,119.19709447758692,5.003133169343749,0.23968689220782685,1.1991854406618982,1.2680245045210163,ZONE_01,SUSPENSION_FAULT,REAR_BOGIE,2
28.51,RUN_055_SUSPENSION_FAULT,TRAIN001,-0.003703948553930364,-0.5793303226973048,0.014556239040059519,31.218339270042133,28.00403584547074,23.947387188955783,120.13695956914457,4.999287730554079,0.2329048535495886,1.164358376736953,1.2905930033867947,ZONE_01,SUSPENSION_FAULT,REAR_BOGIE,2
28.52,RUN_055_SUSPENSION_FAULT,TRAIN001,-0.11493634884890812,-0.04233187396278948,0.23832146157022577,31.222983658998878,28.108439160251248,24.08833166374905,120.01933720353291,5.015208963004611,0.24534129519736236,1.2304378626689718,1.3340668750123497,ZONE_01,SUSPENSION_FAULT,REAR_BOGIE,2
28.53,RUN_055_SUSPENSION_FAULT,TRAIN001,0.1130290785028838,-0.5666135717804563,0.24737882709078346,31.287168200782776,27.991041566832262,23.945360580051307,120.10416678419938,4.999530398356688,0.21470299533952175,1.0734141518181732,1.4021603204069097,ZONE_01,SUSPENSION_FAULT,REAR_BOGIE,2
28.54,RUN_055_SUSPENSION_FAULT,TRAIN001,0.04372750088087452,-0.21521917232830587,0.32083016449788665,31.213629050189162,27.80893270420683,24.028052016348468,119.6908241062964,5.009241824661192,0.2303816626438775,1.1540374601506962,1.919098164992009,ZONE_01,SUSPENSION_FAULT,REAR_BOGIE,2
28.55,RUN_055_SUSPENSION_FAULT,TRAIN001,0.09456519729624047,-0.06695436331741883,0.3769983291935648,31.279541110788628,28.05258380668006,23.96306551725081,119.53553440446254,4.980482235639561,0.24285692595855793,1.2095446055386299,1.6722311863053607,ZONE_01,SUSPENSION_FAULT,REAR_BOGIE,2
28.560000000000002,RUN_055_SUSPENSION_FAULT,TRAIN001,0.19327008599870896,0.1266945304493255,0.28211999689889755,31.206260854178954,27.822112283569638,23.9691907018393,121.03327558641162,5.03817711940628,0.22233065092105117,1.1201411984131446,1.6697694190298107,ZONE_01,SUSPENSION_FAULT,REAR_BOGIE,2
28.57,RUN_055_SUSPENSION_FAULT,TRAIN001,-0.014252462298211244,0.4467646850910593,1.305888401967081,31.207915733802267,27.961849823272352,24.03580691191997,119.93665902859479,5.001311119180508,0.22430181774984084,1.1218031751646789,1.87222638569865,ZONE_01,SUSPENSION_FAULT,REAR_BOGIE,2
28.580000000000002,RUN_055_SUSPENSION_FAULT,TRAIN001,-0.044091872072640294,0.144510572287062,1.273800708994797,31.29240617164768,28.07316092380342,24.00615596789602,120.43668458224673,5.026010283797648,0.2275239684240861,1.143537805109908,1.6966570673716004,ZONE_01,SUSPENSION_FAULT,REAR_BOGIE,2
28.59,RUN_055_SUSPENSION_FAULT,TRAIN001,-0.0053366200726644684,0.1852498293183952,1.8722514807863762,31.08950450407585,28.012128046745712,24.03336914948308,120.38179819134132,4.9886936205276,0.2363172093769473,1.178914154839662,2.126222987956577,ZONE_01,SUSPENSION_FAULT,REAR_BOGIE,2
28.6,RUN_055_SUSPENSION_FAULT,TRAIN001,-0.06118720664769868,0.2860756609310223,2.664356161239609,31.17851266198637,27.9530852004111,23.970843369232007,120.00000343120938,5.001260643401104,0.23018401196045438,1.1512102397579895,1.973120101408038,ZONE_01,SUSPENSION_FAULT,REAR_BOGIE,2
28.61,RUN_055_SUSPENSION_FAULT,TRAIN001,0.004077469772549025,0.36226395396068556,1.7598973108535314,31.406974493165617,28.055841349664842,24.023008303973874,118.88166320486451,5.0266056863875885,0.22607005979158812,1.136365048070379,2.3372216393942735,ZONE_01,SUSPENSION_FAULT,REAR_BOGIE,2
28.62,RUN_055_SUSPENSION_FAULT,TRAIN001,-0.113114817931364,0.3111350066956051,1.6585698647633733,31.50796069246284,27.9907637376797,23.91674163586066,120.6515728220734,4.98659643998217,0.2634277374862686,1.3136078179415847,2.272164003182245,ZONE_01,SUSPENSION_FAULT,REAR_BOGIE,2
28.63,RUN_055_SUSPENSION_FAULT,TRAIN001,0.11269113562073557,0.44160571233966495,2.396225843310779,31.23105429789671,28.001418993145244,24.05450475106087,121.3360570822825,4.960377554475577,0.24949169594627502,1.237573008599948,2.0673322729111607,ZONE_01,SUSPENSION_FAULT,REAR_BOGIE,2
28.64,RUN_055_SUSPENSION_FAULT,TRAIN001,-0.16638572081004777,0.26901735007992494,1.5407333570098372,31.397460208822412,27.808967259364188,23.924801564741532,120.37819844412209,4.991538796598188,0.22174650173432559,1.1068562664168136,2.0723625115668076,ZONE_01,SUSPENSION_FAULT,REAR_BOGIE,2
28.650000000000002,RUN_055_SUSPENSION_FAULT,TRAIN001,0.03436795278658771,0.6900385641141683,2.025740262927317,31.330606651401602,28.02343370907465,23.93165508300949,119.89960066671314,4.999178341868058,0.2333016445270111,1.1663165284416344,2.392202927642006,ZONE_01,SUSPENSION_FAULT,REAR_BOGIE,2
28.66,RUN_055_SUSPENSION_FAULT,TRAIN001,-0.02452435052641737,0.7398428906189201,1.7350276689317305,31.402167617051088,28.027202084852146,24.00329876985209,118.89651740631172,4.98724068241416,0.23533991925758013,1.1736968195174673,2.405006657411967,ZONE_01,SUSPENSION_FAULT,REAR_BOGIE,2
28.67,RUN_055_SUSPENSION_FAULT,TRAIN001,-0.023948974550942137,1.180879585522647,1.462730182984801,31.272805785958077,28.027999522174856,24.046739364365312,118.84975904514566,4.986944750287523,0.1892171916864587,0.9436156807449332,2.3381673032390857,ZONE_01,SUSPENSION_FAULT,REAR_BOGIE,2
28.68,RUN_055_SUSPENSION_FAULT,TRAIN001,-0.03296834981779107,0.47351661715331755,1.710970085942967,31.259295505482683,27.840197113924965,24.00088197835934,120.45842844969668,4.9831989227948466,0.2580408891892386,1.2858690810448383,2.349388121665561,ZONE_01,SUSPENSION_FAULT,REAR_BOGIE,2
28.69,RUN_055_SUSPENSION_FAULT,TRAIN001,0.03064426910720718,0.21227214649280873,0.9989622062679195,31.251524441743022,28.11066431067442,23.98166020530768,119.85685694152366,4.990888406940018,0.23267826125646124,1.161271236651833,2.2688066480909272,ZONE_01,SUSPENSION_FAULT,REAR_BOGIE,2
28.7,RUN_055_SUSPENSION_FAULT,TRAIN001,-0.1444558851545592,0.007818390095814781,1.677657355245985,31.360429454029322,28.056156025112326,23.96040302703157,118.8105107383527,5.017494876528147,0.21556247396445172,1.0815836086883686,2.216027730166174,ZONE_01,SUSPENSION_FAULT,REAR_BOGIE,2
28.71,RUN_055_SUSPENSION_FAULT,TRAIN001,-0.10005146656415197,0.2075768001734109,1.4423225213104236,31.106125397667814,28.093399882149683,24.014595037038735,119.29297140540662,4.996475221102686,0.2052457007143216,1.0255050578569658,1.8659710906398668,ZONE_01,SUSPENSION_FAULT,REAR_BOGIE,2
28.72,RUN_055_SUSPENSION_FAULT,TRAIN001,0.11943092950095412,-0.35730068417448035,0.3328987993099767,31.06479535287533,28.009318548454115,23.997900492854466,118.76845920291807,5.020487430039779,0.23455175459266056,1.1775641356262274,1.6479078049445275,ZONE_01,SUSPENSION_FAULT,REAR_BOGIE,2
28.73,RUN_055_SUSPENSION_FAULT,TRAIN001,0.01945350534536694,-0.34036846462216375,1.2604905515081297,30.9836102802928,27.812344421606586,24.068026462603452,121.13507707245175,4.961982493444372,0.22567606138415086,1.119800665777634,1.3511308641834918,ZONE_01,SUSPENSION_FAULT,REAR_BOGIE,2
28.740000000000002,RUN_055_SUSPENSION_FAULT,TRAIN001,0.0723611272301,-0.4744915837012914,0.31764174671540396,31.22625254164876,28.039254911527546,24.089049393458946,119.31106948289585,5.006748640724175,0.20327182961226986,1.0177309566087482,1.7652386057896363,ZONE_01,SUSPENSION_FAULT,REAR_BOGIE,2
28.75,RUN_055_SUSPENSION_FAULT,TRAIN001,0.33220506731349525,-0.257829963961865,0.6732931078059523,31.021520733688405,27.958431779765757,24.08480917566351,121.77247802162435,4.9880347958961515,0.24358478300422665,1.215009373375896,1.0409662059585438,ZONE_01,SUSPENSION_FAULT,REAR_BOGIE,2
28.76,RUN_055_SUSPENSION_FAULT,TRAIN001,-0.036351905549596095,-0.23456816281885157,0.27257255107823714,31.24093078727944,28.113530418769244,24.06545323497351,119.85485905487236,4.990905241008689,0.22291985146185536,1.1125718549858523,1.5737553163446774,ZONE_01,SUSPENSION_FAULT,REAR_BOGIE,2
28.77,RUN_055_SUSPENSION_FAULT,TRAIN001,-0.11660511379870203,0.11559798700285284,0.36471135435723956,31.16807645446344,28.193328930888175,23.965788166009865,120.14875269989727,5.031541810093348,0.26244514281756326,1.3205037089424894,1.501550577496244,ZONE_01,SUSPENSION_FAULT,REAR_BOGIE,2
28.78,RUN_055_SUSPENSION_FAULT,TRAIN001,0.015638870407887025,-0.4524461765759309,-0.2843088207833445,31.363399472879816,27.954570384022514,24.02897019192357,119.98045939952576,5.004482913388284,0.21404653977431523,1.0711922509704463,1.441454967199168,ZONE_01,SUSPENSION_FAULT,REAR_BOGIE,2
28.79,RUN_055_SUSPENSION_FAULT,TRAIN001,-0.06946971457107869,-1.0427206659236532,0.08880314539892578,31.111446741474445,28.028337864189478,24.0702286333732,120.37049542312103,5.029037946927095,0.23880488211609557,1.200958814073296,1.3853395159535244,ZONE_01,SUSPENSION_FAULT,REAR_BOGIE,2
28.8,RUN_055_SUSPENSION_FAULT,TRAIN001,0.04369482340628941,-0.11007047597230957,0.0073677519043235384,31.31041888677816,28.040028131683485,24.074264773930793,121.562257060895,4.982733523356174,0.24048509007904606,1.198273120204192,1.5797533764207574,ZONE_01,SUSPENSION_FAULT,REAR_BOGIE,2
28.810000000000002,RUN_055_SUSPENSION_FAULT,TRAIN001,-0.009192574870487755,-0.5512453556848397,0.10577591254039742,31.247728322624194,27.849848832352894,24.003407761626914,118.19298986826581,4.9844397293416565,0.25600523864717073,1.27604268243255,1.1574493905040188,ZONE_01,SUSPENSION_FAULT,REAR_BOGIE,2
28.82,RUN_055_SUSPENSION_FAULT,TRAIN001,-0.03345320198345416,-0.7989070939835783,-0.09340262518542242,31.23404214527523,27.868386474653732,24.00734480761248,120.09956515393803,5.008296660824391,0.24740297719186177,1.2390675045480144,1.4660970882689714,ZONE_01,SUSPENSION_FAULT,REAR_BOGIE,2
28.830000000000002,RUN_055_SUSPENSION_FAULT,TRAIN001,0.018096757488983033,-0.4527235929763238,0.5450039023465554,31.237985310404028,27.970526567998473,23.941759571441622,119.0490767319698,5.012655125468273,0.23548310089149133,1.1803955726448965,1.60870935103037,ZONE_01,SUSPENSION_FAULT,REAR_BOGIE,2
28.84,RUN_055_SUSPENSION_FAULT,TRAIN001,0.1358761110010431,-0.7608749868291924,0.24054844634913602,31.25369735582445,28.00350651705181,24.090736626752,120.56431632088314,4.997453442903398,0.26242261164867814,1.311444784079388,1.7557904900947348,ZONE_01,SUSPENSION_FAULT,REAR_BOGIE,2
28.85,RUN_055_SUSPENSION_FAULT,TRAIN001,0.007693817175269827,0.06007262871499128,1.2369878271598798,31.3489692061181,27.80720153763217,24.02910552566305,119.10905358956559,4.999241318497828,0.24286975341722672,1.2141645062967787,1.6163433550703499,ZONE_01,SUSPENSION_FAULT,REAR_BOGIE,2
28.86,RUN_055_SUSPENSION_FAULT,TRAIN001,-0.15802372770851197,0.041581147199416385,1.732868305900776,31.305751403174657,28.10160101957152,24.003888600990358,120.57568662919753,5.035897446912391,0.22522699702614588,1.1342200592997127,2.0157898122956746,ZONE_01,SUSPENSION_FAULT,REAR_BOGIE,2
28.87,RUN_055_SUSPENSION_FAULT,TRAIN001,0.10387942217525468,0.5807484218767023,0.3832437407768542,31.11607406177425,27.912576927973813,24.000339381392024,120.21925017900223,5.0190293292453125,0.22389581594773547,1.1237396669369948,2.0112499230028376,ZONE_01,SUSPENSION_FAULT,REAR_BOGIE,2
28.88,RUN_055_SUSPENSION_FAULT,TRAIN001,0.19728016332089007,0.7102768620080366,1.8090663171941403,31.17350926088985,28.022054752144314,23.9391293562751,120.23207421085117,5.036975364031939,0.24588383789385695,1.2385108338849804,2.1544235916405468,ZONE_01,SUSPENSION_FAULT,REAR_BOGIE,2
28.89,RUN_055_SUSPENSION_FAULT,TRAIN001,-0.010630105281343913,0.32441848783496463,1.84847774723806,31.162408052740147,28.0311245357982,23.894376358809225,120.05999898446193,5.0179933851909695,0.1869493620784697,0.9381106622754325,2.0892094980557236,ZONE_01,SUSPENSION_FAULT,REAR_BOGIE,2
28.900000000000002,RUN_055_SUSPENSION_FAULT,TRAIN001,-0.027801475847603632,0.391766104920509,2.1741495903596073,31.316912204891825,27.942428690786347,24.05561080091147,119.62742875366769,5.022087872597229,0.2314677441382329,1.162451350734058,2.120153046095365,ZONE_01,SUSPENSION_FAULT,REAR_BOGIE,2
28.91,RUN_055_SUSPENSION_FAULT,TRAIN001,0.19280704707595764,0.7809325465822227,1.027436552173472,31.300148054254432,27.998814362487703,24.051229124707977,120.81754849436811,4.9960845274687005,0.26091490573693693,1.303552923538265,2.103584510692747,ZONE_01,SUSPENSION_FAULT,REAR_BOGIE,2
28.92,RUN_055_SUSPENSION_FAULT,TRAIN001,0.11860743264050565,0.8091910071565649,1.261963040965402,31.32340813125712,27.947668238580125,24.02051770757307,119.13555280609596,4.9870868225048035,0.2613552494893524,1.3034013207208046,2.2389064758489234,ZONE_01,SUSPENSION_FAULT,REAR_BOGIE,2
28.93,RUN_055_SUSPENSION_FAULT,TRAIN001,0.11874388035457001,0.7703061341154435,1.973416073906946,31.31448502094041,27.91404639602556,24.021743660968884,119.69533776688715,5.021637187246672,0.19601734592752176,0.9843279936550382,2.199623475021901,ZONE_01,SUSPENSION_FAULT,REAR_BOGIE,2
28.94,RUN_055_SUSPENSION_FAULT,TRAIN001,0.07924487768328044,0.7926881528162293,2.087217715807562,31.29401837491799,28.08661728063154,24.011932794889614,120.84004087745039,4.99268214645558,0.2218907915971126,1.1078301936698,2.210710712561812,ZONE_01,SUSPENSION_FAULT,REAR_BOGIE,2
28.95,RUN_055_SUSPENSION_FAULT,TRAIN001,0.04067595093075549,1.1755064940851594,2.2133920840239245,31.28462117894652,27.99777613143199,24.06202694616996,119.66644105605141,4.9996360295165365,0.23784596641102393,1.189143263143735,2.0293286911715387,ZONE_01,SUSPENSION_FAULT,REAR_BOGIE,2
28.96,RUN_055_SUSPENSION_FAULT,TRAIN001,-0.1514643835817425,0.084793643068865,2.1114883152258903,31.12531019495692,27.92633420500291,23.95959817081241,119.22163166633027,5.031488946280413,0.20284458141487657,1.0206102692018286,2.1266567547138164,ZONE_01,SUSPENSION_FAULT,REAR_BOGIE,2
28.97,RUN_055_SUSPENSION_FAULT,TRAIN001,0.05740011487214644,0.43982157171350117,1.6239923166010193,31.147171435306177,27.993245140126078,23.96206413828727,119.11850853777733,4.98250997601896,0.2534259615657134,1.2626973816833647,2.037936622383377,ZONE_01,SUSPENSION_FAULT,REAR_BOGIE,2
28.98,RUN_055_SUSPENSION_FAULT,TRAIN001,-0.06105957564455086,0.5164327146014506,1.2066749488087907,31.130756056376164,27.890220636507376,24.00597537946144,119.81898312992519,5.006125925773193,0.22794495483503005,1.1411211480488435,1.677682375610587,ZONE_01,SUSPENSION_FAULT,REAR_BOGIE,2
28.990000000000002,RUN_055_SUSPENSION_FAULT,TRAIN001,0.06657100714809196,0.3381126901146595,4.117981607774129,31.319756815825876,27.848354871206727,23.926069544318025,120.00292837154694,5.009543300247543,0.23234329621240316,1.1639338028982746,1.816757094596854,ZONE_01,SUSPENSION_FAULT,REAR_BOGIE,2
29.0,RUN_055_SUSPENSION_FAULT,TRAIN001,-0.03216839823657953,0.21239973277255603,1.08502881698245,31.348600063463465,27.85909199718583,24.059325399386672,120.96794244439751,4.997975820081125,0.21939106857163934,1.0965112558628134,1.4007355667439965,ZONE_01,SUSPENSION_FAULT,REAR_BOGIE,2
29.01,RUN_055_SUSPENSION_FAULT,TRAIN001,-0.08244619055595757,-0.8083757375204681,1.2310252097640755,31.105085389982577,28.07189747315161,24.04350256671128,120.1420992499536,4.996921623453498,0.21042581771674673,1.051481318681696,1.668281296874865,ZONE_01,SUSPENSION_FAULT,REAR_BOGIE,2
29.02,RUN_055_SUSPENSION_FAULT,TRAIN001,0.037800079199433734,-0.30947366327858433,-0.032829596977087205,31.220188288570938,27.81914976933015,24.01706388303473,120.76764474865563,4.992097307199497,0.18345989775010094,0.915849661537374,1.3897096059910188,ZONE_01,SUSPENSION_FAULT,REAR_BOGIE,2
29.03,RUN_055_SUSPENSION_FAULT,TRAIN001,-0.17263215875599291,-0.04601750604683108,0.5982312679508692,31.156520315238367,27.892430102726347,24.019151112622527,120.67359865456696,5.014708412719479,0.228485120256471,1.1457862547313469,1.4772208074137596,ZONE_01,SUSPENSION_FAULT,REAR_BOGIE,2
29.04,RUN_055_SUSPENSION_FAULT,TRAIN001,0.024548280352507168,-0.8196202263257223,-0.3221814600501247,31.091244669506636,28.263113176149055,23.90776525777413,119.29237986894795,4.987962069667769,0.26087972942103643,1.3012581950973203,1.681124298380255,ZONE_01,SUSPENSION_FAULT,REAR_BOGIE,2
29.05,RUN_055_SUSPENSION_FAULT,TRAIN001,0.04826177416014202,-0.1999623414616421,2.494637130398589,31.304705470951326,27.897922784001445,23.99796331414578,120.31498887941962,4.985152820600935,0.2193310807324887,1.0933989557590174,1.550037364872246,ZONE_01,SUSPENSION_FAULT,REAR_BOGIE,2
29.060000000000002,RUN_055_SUSPENSION_FAULT,TRAIN001,0.19364367974949467,-0.6135916127585137,0.35116369126542113,31.123141036626226,27.99506942061171,24.002969368416757,121.23365083827855,4.975835060615489,0.21229311064021963,1.056335503050728,1.2378753278538968,ZONE_01,SUSPENSION_FAULT,REAR_BOGIE,2
29.07,RUN_055_SUSPENSION_FAULT,TRAIN001,-0.053256083724176284,-1.1407127054435906,0.23631271199947723,31.17898166243278,28.101083651918056,24.077912350062128,120.46963250563383,4.981359058118155,0.2131060415210254,1.0615577102704636,1.0402111141286736,ZONE_01,SUSPENSION_FAULT,REAR_BOGIE,2
29.080000000000002,RUN_055_SUSPENSION_FAULT,TRAIN001,0.1492621100349898,-0.6827450614704674,-0.7309914810616998,31.348421559083437,28.266003906737257,24.002644339744155,119.22949844258633,5.01627846968532,0.21690911205473878,1.0880765086787467,1.137190425279317,ZONE_01,SUSPENSION_FAULT,REAR_BOGIE,2
29.09,RUN_055_SUSPENSION_FAULT,TRAIN001,0.16777501817365997,-0.6894092273201732,0.07019736436855985,31.305443210924164,28.03805269791337,23.980645195452915,120.0384413971465,5.014315353751549,0.19374271771946888,0.9714870841382851,1.324291358068034,ZONE_01,SUSPENSION_FAULT,REAR_BOGIE,2
29.1,RUN_055_SUSPENSION_FAULT,TRAIN001,-0.026829318113607222,-0.7443395052785456,-0.00848643462900045,31.335908910491593,27.95145680297301,23.9813043475367,120.08970323912283,5.006926174410168,0.2212736893645317,1.1079010269875786,1.2523019814640097,ZONE_01,SUSPENSION_FAULT,REAR_BOGIE,2
29.11,RUN_055_SUSPENSION_FAULT,TRAIN001,0.00871520198285183,-0.565482113367646,0.24789686602578995,31.303051615212155,28.015250700446163,24.016220227293097,121.15232401182011,4.976867722775711,0.2282507754871059,1.1359739172203027,1.7218610153463858,ZONE_01,SUSPENSION_FAULT,REAR_BOGIE,2
29.12,RUN_055_SUSPENSION_FAULT,TRAIN001,-0.01874934423409975,-0.00129057073052663,0.3540040097342929,31.29607341588921,27.936936337831455,24.050893545989805,120.76829256506505,5.0185574562901945,0.2384150828125098,1.1964997915407654,1.3516558467054285,ZONE_01,SUSPENSION_FAULT,REAR_BOGIE,2
29.13,RUN_055_SUSPENSION_FAULT,TRAIN001,0.023377077408270257,-0.24707898563708655,0.724362437681392,31.17312124209089,28.147156384193128,23.992624349075786,119.52268854230356,5.014022832267676,0.2263499754923501,1.1349239452018722,1.5675329481597473,ZONE_01,SUSPENSION_FAULT,REAR_BOGIE,2
29.14,RUN_055_SUSPENSION_FAULT,TRAIN001,-0.1843318659708321,-0.2940779979284382,0.968238425422348,31.328328739940726,28.10280737020895,23.977084720258908,120.81962776596023,5.003404373894938,0.20669616554838038,1.0341844987720785,1.7532868178365741,ZONE_01,SUSPENSION_FAULT,REAR_BOGIE,2
29.150000000000002,RUN_055_SUSPENSION_FAULT,TRAIN001,0.020980584252498227,0.2390060385530332,1.0932555266529804,30.917244182483458,28.064553043390248,24.03876293525072,120.43348596129141,5.015648096780094,0.23386660083692642,1.17299257138816,1.8008674181445936,ZONE_01,SUSPENSION_FAULT,REAR_BOGIE,2
29.16,RUN_055_SUSPENSION_FAULT,TRAIN001,-0.048392656123121484,0.15009843089924224,1.999772759776281,31.440654680509557,28.129998647606747,23.961050594703593,119.56647108211611,4.97915677580198,0.24607959660371498,1.2252688908160052,1.82117980269076,ZONE_01,SUSPENSION_FAULT,REAR_BOGIE,2
29.17,RUN_055_SUSPENSION_FAULT,TRAIN001,-0.0007954445591281147,0.4809990517102307,0.6514835449906127,31.10883821941145,27.94899813223665,24.02515671884343,120.37354544292361,4.996728878937341,0.2673708751303282,1.3359797731504606,2.062967717461788,ZONE_01,SUSPENSION_FAULT,REAR_BOGIE,2
29.18,RUN_055_SUSPENSION_FAULT,TRAIN001,0.09973815445461864,0.49758949371817407,1.4771697966951436,31.273111078835353,27.919068010278163,23.99612055551781,119.69507893443773,5.018187082652117,0.22844597732477165,1.1463846524950076,1.8471798266225241,ZONE_01,SUSPENSION_FAULT,REAR_BOGIE,2
29.19,RUN_055_SUSPENSION_FAULT,TRAIN001,0.0295430789532169,0.8274484058482718,2.0180124923040337,31.283804570502003,28.192254112069364,24.00355023602764,120.34054953813505,4.985550607518033,0.22537811035425248,1.1236339749979098,2.2151252689534875,ZONE_01,SUSPENSION_FAULT,REAR_BOGIE,2
29.2,RUN_055_SUSPENSION_FAULT,TRAIN001,-0.13622734829999097,0.8769304957525602,3.0191301426365245,31.146947118548432,28.03414459998986,23.966195747855842,120.17534795934164,4.998953837975343,0.24903092908619162,1.244894118729983,1.9175877690529854,ZONE_01,SUSPENSION_FAULT,REAR_BOGIE,2
29.21,RUN_055_SUSPENSION_FAULT,TRAIN001,-0.05671269059347217,0.9758752487690547,1.7579774629813665,31.415815017195357,28.032949961453866,24.040405371974668,118.9285045273216,5.004848104637277,0.23126479708966247,1.1574451813835216,2.1702713719170093,ZONE_01,SUSPENSION_FAULT,REAR_BOGIE,2
29.22,RUN_055_SUSPENSION_FAULT,TRAIN001,0.003008109476752633,0.3607512817813578,2.0671661344996575,31.077904701764307,27.845731862715645,24.082068368831475,119.86074350285814,4.980198080982195,0.2652239413563596,1.3208677637734765,2.384143747513281,ZONE_01,SUSPENSION_FAULT,REAR_BOGIE,2
29.23,RUN_055_SUSPENSION_FAULT,TRAIN001,-0.020653223304319023,1.028581335416391,2.020861309734418,31.319890348578724,27.916692562449054,23.940188025182447,118.5458633964075,4.982670890086927,0.26368586772910513,1.313859897261124,2.310624496423364,ZONE_01,SUSPENSION_FAULT,REAR_BOGIE,2
29.240000000000002,RUN_055_SUSPENSION_FAULT,TRAIN001,-0.035029422711701355,1.1551611322628146,2.064948604963543,31.30187206790465,27.958198948046896,23.872138510489798,121.50505453210036,4.9910279311113905,0.23706318827220213,1.183188994104879,2.235891277259209,ZONE_01,SUSPENSION_FAULT,REAR_BOGIE,2
29.25,RUN_055_SUSPENSION_FAULT,TRAIN001,-0.09752212463970077,0.6773142884313026,2.129163169620399,31.249735616348556,27.906464206970114,23.98732055428295,120.78785302599624,5.001002309695838,0.23198997152103085,1.1601823834029468,2.1002901118342763,ZONE_01,SUSPENSION_FAULT,REAR_BOGIE,2
29.26,RUN_055_SUSPENSION_FAULT,TRAIN001,0.08344896918716618,0.2505968619259956,1.329166652161932,31.289412580727898,28.022953268010657,23.940453851183726,120.01790668741869,5.0152116602230565,0.211295206091436,1.0596901813390036,1.6695903479534802,ZONE_01,SUSPENSION_FAULT,REAR_BOGIE,2
29.27,RUN_055_SUSPENSION_FAULT,TRAIN001,-0.056484044319381546,-0.041575018014168325,1.0948279341223834,31.281295896057117,28.032723016425717,23.995657360019997,119.34000410759596,4.9961962961944435,0.22628312494979097,1.13055491076545,1.4244663389375354,ZONE_01,SUSPENSION_FAULT,REAR_BOGIE,2
29.28,RUN_055_SUSPENSION_FAULT,TRAIN001,-0.015701763880360483,0.3743308602111852,1.2931218210704318,31.154328911409383,28.158542457847364,24.018331467699976,120.29398643072975,4.982231213550142,0.21223949089054117,1.0574262162628452,1.9755633508878794,ZONE_01,SUSPENSION_FAULT,REAR_BOGIE,2
29.29,RUN_055_SUSPENSION_FAULT,TRAIN001,0.03500851638463021,-0.12487157894025444,0.6471067285247654,31.435122453965864,27.915225198206777,24.03585070586946,119.62108147361083,5.013721441015271,0.24599870450083092,1.2333689792177958,1.946940798403923,ZONE_01,SUSPENSION_FAULT,REAR_BOGIE,2
29.3,RUN_055_SUSPENSION_FAULT,TRAIN001,-0.0560617143076643,-0.5057258783089869,0.5115531795591985,31.283505070482814,28.11921887447769,24.003771884136103,120.30062570205334,4.993564013251963,0.21782124624524069,1.087704336571928,1.850567218118949,ZONE_01,SUSPENSION_FAULT,REAR_BOGIE,2
29.310000000000002,RUN_055_SUSPENSION_FAULT,TRAIN001,0.02502281652902746,-0.4788649491175226,0.42682372749129716,31.213139328942557,27.988647425727393,24.04280463940248,120.30048236512121,5.009358475741329,0.2144395206432811,1.0742044302683278,1.8653659594123277,ZONE_01,SUSPENSION_FAULT,REAR_BOGIE,2
29.32,RUN_055_SUSPENSION_FAULT,TRAIN001,-0.029936403266299982,-0.8915469265329837,0.3244143907503399,31.371405613278498,27.828445299617385,24.075227149646828,118.54517335342416,5.014513995648417,0.24682936684987491,1.237729314605735,1.1776815430975336,ZONE_01,SUSPENSION_FAULT,REAR_BOGIE,2
29.330000000000002,RUN_055_SUSPENSION_FAULT,TRAIN001,-0.036864226006313575,-0.7286445771335655,0.39445344916907354,31.237512298723846,27.98055368114448,23.956167212163706,120.30438210704844,4.998444690426364,0.21448539229641775,1.072093370298045,1.5503850074950936,ZONE_01,SUSPENSION_FAULT,REAR_BOGIE,2
29.34,RUN_055_SUSPENSION_FAULT,TRAIN001,0.007107338311955301,-0.8412806266170139,0.09646203638118514,31.221813508652048,28.024332191456445,24.023880681444197,121.2075529913252,4.983827710840958,0.23511061825293567,1.1717508143619308,1.3975972392782374,ZONE_01,SUSPENSION_FAULT,REAR_BOGIE,2
29.35,RUN_055_SUSPENSION_FAULT,TRAIN001,-0.05673979584675233,-1.2515000448981615,0.2720741324071374,31.210752340721978,28.145519048621324,23.90881809560518,120.2764380871079,4.991912826964891,0.21840095744804272,1.0902385409062978,1.2120791176433534,ZONE_01,SUSPENSION_FAULT,REAR_BOGIE,2
29.36,RUN_055_SUSPENSION_FAULT,TRAIN001,0.12846468669752822,-0.5602016994344027,0.004259303283020597,31.356913246052702,27.85749225342215,23.99627973469839,119.76332176129364,5.018238483054716,0.2926632142939949,1.4686538045446142,1.3395251493165563,ZONE_01,SUSPENSION_FAULT,REAR_BOGIE,2
29.37,RUN_055_SUSPENSION_FAULT,TRAIN001,0.038978527613364226,-1.1050972310769493,-0.14395963912331802,31.29150916089553,28.015668912787962,23.980865905562627,119.5851818178416,5.02224839784691,0.19079668672473812,0.9582283542178149,1.4348465169263012,ZONE_01,SUSPENSION_FAULT,REAR_BOGIE,2
29.38,RUN_055_SUSPENSION_FAULT,TRAIN001,-0.054942500687506494,-0.31658573418484215,0.15543051641789066,31.29958888947041,28.150444921311355,24.022078289790862,121.85970448824692,5.012726677247632,0.2251628727813377,1.1286799391167261,1.185376493165219,ZONE_01,SUSPENSION_FAULT,REAR_BOGIE,2
29.39,RUN_055_SUSPENSION_FAULT,TRAIN001,-0.18945775284503247,-0.5577256305497824,-0.042193735568782254,31.524070214476556,28.007157232584042,23.99025711174999,119.19553259772663,4.98779569271028,0.2050255210022019,1.0226254105504635,1.6051967572306716,ZONE_01,SUSPENSION_FAULT,REAR_BOGIE,2
29.400000000000002,RUN_055_SUSPENSION_FAULT,TRAIN001,-0.040965191928463054,-0.6253100965231172,0.2540153367613366,31.21722394167397,28.16768743056864,23.963775785709004,121.42974429263441,4.991463777780664,0.20279665179530376,1.012252141691457,1.262415012523063,ZONE_01,SUSPENSION_FAULT,REAR_BOGIE,2
29.41,RUN_055_SUSPENSION_FAULT,TRAIN001,-0.09397018602613795,-0.27668550423984867,0.7438791289661623,31.30704664311267,27.979112567341463,24.03200594352293,120.16564119606481,4.967320952742318,0.2509870975386926,1.2467334684719276,1.552702676483196,ZONE_01,SUSPENSION_FAULT,REAR_BOGIE,2
29.42,RUN_055_SUSPENSION_FAULT,TRAIN001,-0.12136947716426867,-0.0074069724677817,1.5106232685210275,31.27419234260841,27.832819958877707,23.981971972841954,118.85800533583637,4.978724456665026,0.2565243367131869,1.2771639889237179,1.693906687219824,ZONE_01,SUSPENSION_FAULT,REAR_BOGIE,2
29.43,RUN_055_SUSPENSION_FAULT,TRAIN001,-0.0637989825563169,0.2716065095215799,0.9482338831680323,31.333062728882304,27.925074275890207,24.004113229113553,118.35223848234797,4.97394106009546,0.2197495776907772,1.093021447414794,1.8560430776780124,ZONE_01,SUSPENSION_FAULT,REAR_BOGIE,2
29.44,RUN_055_SUSPENSION_FAULT,TRAIN001,-0.0366845869578318,0.36644805699493366,0.8937350586826108,31.23824174120843,27.920915894660094,24.09450290916871,120.72410367340449,5.000054039992277,0.2717582265678883,1.3588058186519063,1.596202257614535,ZONE_01,SUSPENSION_FAULT,REAR_BOGIE,2
29.45,RUN_055_SUSPENSION_FAULT,TRAIN001,0.12197385003115101,-0.19562375234214646,1.7568382356595573,31.049685434584827,28.084807184115768,24.005840012581587,118.7852868710132,4.993708718917862,0.2522313780463927,1.2595700317349385,1.864777746348428,ZONE_01,SUSPENSION_FAULT,REAR_BOGIE,2
29.46,RUN_055_SUSPENSION_FAULT,TRAIN001,-0.057063469697595584,0.9109579067775966,1.9998492383451225,31.322480150100635,28.10069489386256,23.967606031448998,118.77256756137714,5.014513496532962,0.251757613081862,1.2624419486539205,2.0241469827073804,ZONE_01,SUSPENSION_FAULT,REAR_BOGIE,2
29.47,RUN_055_SUSPENSION_FAULT,TRAIN001,0.08066001263618236,0.5622201594922434,1.8453644567994534,31.358504443167206,27.94757903550619,24.043930434415092,119.71498271800715,4.988980929718107,0.21342221686899177,1.064759369937562,2.170524742240957,ZONE_01,SUSPENSION_FAULT,REAR_BOGIE,2
29.48,RUN_055_SUSPENSION_FAULT,TRAIN001,0.12453712316563124,0.3953582324327209,1.878024369639517,31.359479283750908,27.959568923804664,23.91987836059479,119.48805843941095,4.98564824917453,0.2687105256610898,1.3396961617969803,2.204397514853512,ZONE_01,SUSPENSION_FAULT,REAR_BOGIE,2
29.490000000000002,RUN_055_SUSPENSION_FAULT,TRAIN001,0.008811163825696076,0.4988827148813544,1.717945870754757,31.365965149127025,28.238789719222762,23.97614349585283,120.94834838458894,4.972839548575621,0.22660593368962123,1.1268749489936531,2.237926596594227,ZONE_01,SUSPENSION_FAULT,REAR_BOGIE,2
29.5,RUN_055_SUSPENSION_FAULT,TRAIN001,-0.14282503565159185,0.06141668304220216,2.5231449875356295,31.274849138482562,27.926943818325093,23.997419887519538,119.93005686242867,5.011175854654,0.2409007401872704,1.2071959725947259,2.75300308495063,ZONE_01,SUSPENSION_FAULT,REAR_BOGIE,2
29.51,RUN_055_SUSPENSION_FAULT,TRAIN001,0.21151922967455908,0.5801804010308603,2.081388499837242,31.30202063255191,27.96187442665482,23.97985088712871,119.37497906750917,5.040675490754824,0.266936771493421,1.345541641648108,2.310018039512585,ZONE_01,SUSPENSION_FAULT,REAR_BOGIE,2
29.52,RUN_055_SUSPENSION_FAULT,TRAIN001,-0.104153044209958,0.6258239730685423,1.8809045351062583,31.31208123818656,27.92393913867494,24.014661747186953,119.79015528053908,4.994754975288452,0.24535898008300325,1.2255079865012808,2.320685403753788,ZONE_01,SUSPENSION_FAULT,REAR_BOGIE,2
29.53,RUN_055_SUSPENSION_FAULT,TRAIN001,-0.13329993574462812,0.9943266086382919,1.391409608606574,31.211497017604426,28.158061140816592,24.054516966146803,120.01665116839771,4.981518049584176,0.22553264158056466,1.1234949248039816,2.309871538336516,ZONE_01,SUSPENSION_FAULT,REAR_BOGIE,2
29.54,RUN_055_SUSPENSION_FAULT,TRAIN001,-0.0010016066141803285,0.27093499534714904,0.9028525613569204,31.361653347525614,28.001122439493322,24.109077649261256,120.24085424462577,5.016397397821838,0.262893692399674,1.3187792344574993,2.307244957833526,ZONE_01,SUSPENSION_FAULT,REAR_BOGIE,2
29.55,RUN_055_SUSPENSION_FAULT,TRAIN001,0.0539865151424958,-0.027510865828005604,2.307574717337178,31.306003957351216,28.008761895054757,24.006040043775904,120.17340673021818,4.992118913017666,0.22553829259250213,1.1259139760607422,2.429956061948682,ZONE_01,SUSPENSION_FAULT,REAR_BOGIE,2
29.560000000000002,RUN_055_SUSPENSION_FAULT,TRAIN001,0.08442402352218203,0.18792520688696968,1.060575300248714,31.317372444341604,28.097042049196492,23.97539840124966,119.0329419955825,5.028452841264485,0.2598777537090944,1.3067830290199278,2.0718784806015274,ZONE_01,SUSPENSION_FAULT,REAR_BOGIE,2
29.57,RUN_055_SUSPENSION_FAULT,TRAIN001,-0.13041468160027447,-0.5564134681177156,0.5198572878799608,31.3083932000876,28.04923077633503,23.9979485000554,120.6215419674156,4.9811893134129415,0.2590682468109996,1.2904679824595775,1.9234700411054442,ZONE_01,SUSPENSION_FAULT,REAR_BOGIE,2
29.580000000000002,RUN_055_SUSPENSION_FAULT,TRAIN001,0.1248536926143335,0.11043990157318992,0.03691991425650365,31.261063155702935,28.208872341150716,23.973020363124352,122.18116201182475,5.009305722290317,0.20070506370789012,1.0053930241245765,1.9084701751915776,ZONE_01,SUSPENSION_FAULT,REAR_BOGIE,2
29.59,RUN_055_SUSPENSION_FAULT,TRAIN001,0.03130619074074314,-0.7466101005575725,0.27742088452701796,31.335060612983924,27.775406811139174,24.08334673657345,120.3061251940718,5.001657108617686,0.24065980266603734,1.2036978127631153,1.9761249487829073,ZONE_01,SUSPENSION_FAULT,REAR_BOGIE,2
29.6,RUN_055_SUSPENSION_FAULT,TRAIN001,0.07201772983735875,-0.00974860020645274,1.452429005061453,31.18619000251524,28.075406772702944,24.015948804554913,120.05517461614944,5.014821240315709,0.23795065615949954,1.1932800046557184,1.3959285306056275,ZONE_01,SUSPENSION_FAULT,REAR_BOGIE,2
29.61,RUN_055_SUSPENSION_FAULT,TRAIN001,-0.1887305135832513,-0.8819382306456769,0.5641243577689006,31.3323085409881,28.14458580169332,24.044016194870363,120.66243396467812,5.018604693037408,0.20700803755409208,1.0388915087654305,1.2213424630272043,ZONE_01,SUSPENSION_FAULT,REAR_BOGIE,2
29.62,RUN_055_SUSPENSION_FAULT,TRAIN001,-0.09428596716833874,-0.6067798285960581,0.4871992112645166,31.260028519426534,28.23721963668062,24.01779405633722,119.37601176449363,5.010353292822949,0.22103466150737883,1.1074617441115016,1.60900449110731,ZONE_01,SUSPENSION_FAULT,REAR_BOGIE,2
29.63,RUN_055_SUSPENSION_FAULT,TRAIN001,-0.05660596265659416,-0.7168282723296896,1.0809736625329371,31.41583210980638,27.940804609450012,23.98603315314838,120.77504375273571,4.974423973501254,0.25742217583518406,1.2805270427853948,1.4276449374314724,ZONE_01,SUSPENSION_FAULT,REAR_BOGIE,2
29.64,RUN_055_SUSPENSION_FAULT,TRAIN001,0.027397003269520416,-0.7592438671639203,-0.33377179173098054,31.229228957620172,28.11229199783718,24.038214147694394,119.99956766287394,5.000760619327207,0.21138266365858413,1.0570741000323358,1.3675194920928324,ZONE_01,SUSPENSION_FAULT,REAR_BOGIE,2
29.650000000000002,RUN_055_SUSPENSION_FAULT,TRAIN001,-0.08295800350116857,-0.8332775273783484,-0.06671474642523965,31.267102568830673,28.114948847365834,23.964764594471056,118.78150928705692,4.984647473194912,0.23625221230394447,1.1776339930975648,1.6962107366603296,ZONE_01,SUSPENSION_FAULT,REAR_BOGIE,2
29.66,RUN_055_SUSPENSION_FAULT,TRAIN001,-0.026272175036598136,-0.6421450875088515,0.047170085343576376,31.47508747808521,28.159342006094437,23.96545386672739,119.69581475317285,5.002568571362424,0.2142804995530742,1.071952892520049,1.3520365935580136,ZONE_01,SUSPENSION_FAULT,REAR_BOGIE,2
29.67,RUN_055_SUSPENSION_FAULT,TRAIN001,-0.16298859970829294,-1.1737635550764995,0.4989489161469213,31.397815138960205,27.838344281218852,24.00258305922143,120.66635004634304,4.9843416410421515,0.23396142842398296,1.166143690091361,1.4982340861455181,ZONE_01,SUSPENSION_FAULT,REAR_BOGIE,2
29.68,RUN_055_SUSPENSION_FAULT,TRAIN001,-0.04338626150699256,-0.20907898654845103,0.8113151495985275,31.383872194027006,28.20581405961019,24.00292591765887,120.87247725120845,4.988418417685382,0.20379106681585452,1.0165951110639608,1.5592281867786721,ZONE_01,SUSPENSION_FAULT,REAR_BOGIE,2
29.69,RUN_055_SUSPENSION_FAULT,TRAIN001,0.1600559106469497,-0.25018669108165026,0.9322188996964147,31.320015893065726,27.90706769705762,24.012307845649968,119.74067793845578,5.007962141071682,0.2803049028524664,1.4037563414419276,1.5180880959275873,ZONE_01,SUSPENSION_FAULT,REAR_BOGIE,2
29.7,RUN_055_SUSPENSION_FAULT,TRAIN001,0.01908559518113498,-0.39838988287181576,0.5907818428596256,31.290488410214532,28.044521422129936,24.066173375302053,119.87457252575099,4.9831138944568005,0.2465254827044488,1.2284645582022085,1.5261210674229775,ZONE_01,SUSPENSION_FAULT,REAR_BOGIE,2
29.71,RUN_055_SUSPENSION_FAULT,TRAIN001,-0.07239108009796574,-0.10261778299595174,1.090457855016289,31.306796275339345,28.044031978004437,24.026937128094875,119.33745482070672,5.0152063594457585,0.24776173868484805,1.242576247479588,1.8478034573205087,ZONE_01,SUSPENSION_FAULT,REAR_BOGIE,2
29.72,RUN_055_SUSPENSION_FAULT,TRAIN001,-0.02416279678442011,0.053364534303517154,0.3425153602378217,31.245917534812584,28.12803707573461,23.896072235169797,118.94530624168486,4.974329694985494,0.22972325429460938,1.1427192054663793,1.7609552926358483,ZONE_01,SUSPENSION_FAULT,REAR_BOGIE,2
29.73,RUN_055_SUSPENSION_FAULT,TRAIN001,-0.04167802144565516,0.46867000737783593,1.9281177541829029,31.350227620072985,28.055011585406984,24.068921034830975,119.35452823932819,5.046550337088336,0.21626658236319318,1.0914001941259148,1.6567186069659772,ZONE_01,SUSPENSION_FAULT,REAR_BOGIE,2
29.740000000000002,RUN_055_SUSPENSION_FAULT,TRAIN001,0.17350036396203078,0.003240229406509365,1.574701569763707,31.27831101540492,28.076872936009117,24.039369279346964,119.48560200013931,5.0135596399317475,0.20998768050766625,1.052785759876118,1.7648526674611422,ZONE_01,SUSPENSION_FAULT,REAR_BOGIE,2
29.75,RUN_055_SUSPENSION_FAULT,TRAIN001,0.13585994475786112,0.2850103124195691,1.3692280431108972,31.297167726517024,27.947129003526275,24.01529823332765,120.59856378811223,4.980944323394581,0.21575340317819225,1.074655688813479,2.299593361279424,ZONE_01,SUSPENSION_FAULT,REAR_BOGIE,2
29.76,RUN_055_SUSPENSION_FAULT,TRAIN001,-0.10272310212577188,0.6105609529282982,1.7691619743037,31.183436611541246,28.080539087036886,23.954112204761255,119.92026266746493,4.974328659701596,0.2207617908009235,1.098141702948082,2.311640000170089,ZONE_01,SUSPENSION_FAULT,REAR_BOGIE,2
29.77,RUN_055_SUSPENSION_FAULT,TRAIN001,-0.09678429550643894,0.24947286138490804,1.916708545508367,31.269636122648198,27.914984697619584,23.99028369134133,120.66146413505784,4.996977356816818,0.2416491472827031,1.2075153172657598,2.4800294113427697,ZONE_01,SUSPENSION_FAULT,REAR_BOGIE,2
29.78,RUN_055_SUSPENSION_FAULT,TRAIN001,0.09220887325703868,0.4146389372837523,1.917380417616739,31.312900589464945,28.115757152243038,24.074043937718738,120.09839767184975,4.982443425507756,0.25601613949339974,1.2755859310427662,2.2869816224945887,ZONE_01,SUSPENSION_FAULT,REAR_BOGIE,2
29.79,RUN_055_SUSPENSION_FAULT,TRAIN001,0.17141650630146843,1.0588221929352337,2.076747524767002,31.198363943972677,28.20497826009756,23.989910457572925,121.54292763712832,5.00294847483067,0.2218509124859293,1.1099086842612724,2.5068388335319867,ZONE_01,SUSPENSION_FAULT,REAR_BOGIE,2
29.8,RUN_055_SUSPENSION_FAULT,TRAIN001,-0.006192508724134573,0.17609113530908743,1.7453848919777335,31.268916517782696,28.14111491324792,24.002070989997797,121.32386030598387,5.009928981916317,0.2235056555990525,1.1197474616079,2.1384090130296034,ZONE_01,SUSPENSION_FAULT,REAR_BOGIE,2
29.810000000000002,RUN_055_SUSPENSION_FAULT,TRAIN001,0.07005531025803738,1.1596699687084329,1.719469835979577,31.480855899013072,28.08626679210164,23.990204408141885,119.7425142753197,5.010085931135051,0.23787909205490784,1.1917946924154734,2.2131127738742715,ZONE_01,SUSPENSION_FAULT,REAR_BOGIE,2
29.82,RUN_055_SUSPENSION_FAULT,TRAIN001,0.05474326555762729,1.0455500847739447,1.6923406982390492,31.254488127189923,27.88901790224504,23.936208519194537,121.70758615645421,5.042072443036066,0.24589640105440885,1.2398274675981795,2.1646962876813567,ZONE_01,SUSPENSION_FAULT,REAR_BOGIE,2
29.830000000000002,RUN_055_SUSPENSION_FAULT,TRAIN001,0.20289768874617878,0.546893519954277,1.9781706543739297,31.32116412881767,28.276420523196396,23.986546556895085,119.85307133657751,5.040240550691042,0.27895617510711423,1.4060062256405481,2.190422960687497,ZONE_01,SUSPENSION_FAULT,REAR_BOGIE,2
29.84,RUN_055_SUSPENSION_FAULT,TRAIN001,0.029863089412534488,0.4740636823794615,1.438239369900457,31.37421874242606,28.134803894008876,24.004518456891514,119.81920813160835,5.00112328415661,0.24549542358687312,1.227752879054201,2.030222866610132,ZONE_01,SUSPENSION_FAULT,REAR_BOGIE,2
29.85,RUN_055_SUSPENSION_FAULT,TRAIN001,0.12487278173410957,0.3719595653922382,0.905794085979652,31.136134377698184,28.09556077310334,24.07965934687801,120.67961192266677,5.0332059826630555,0.20880292081428786,1.050948110239994,1.9020884775115219,ZONE_01,SUSPENSION_FAULT,REAR_BOGIE,2
29.86,RUN_055_SUSPENSION_FAULT,TRAIN001,0.2039564827791785,0.17748447923381094,0.7380286497196766,31.39958437579422,28.065993925966463,23.988640714604212,120.28412737328729,5.031498267250248,0.24359793503870697,1.2256625880529926,1.6557897990852015,ZONE_01,SUSPENSION_FAULT,REAR_BOGIE,2
29.87,RUN_055_SUSPENSION_FAULT,TRAIN001,0.10686874726942473,-0.06979721752792431,0.5292086288241863,31.194914524418365,28.043487019610026,24.006301236212856,119.6021411081477,4.967580027992574,0.2773754227146258,1.377884610133173,1.5542607867353402,ZONE_01,SUSPENSION_FAULT,REAR_BOGIE,2
29.88,RUN_055_SUSPENSION_FAULT,TRAIN001,-0.10929173650369624,-0.23936100956764894,0.11180501686738242,31.344544280589137,27.772632328173422,23.928909290984542,119.94196792530084,4.994901581878823,0.21184914888661355,1.0581656488934283,1.3835755091997037,ZONE_01,SUSPENSION_FAULT,REAR_BOGIE,2
29.89,RUN_055_SUSPENSION_FAULT,TRAIN001,0.08650675866291285,-0.42452290146783056,0.06915894469101669,31.224687945353185,28.10975542645907,23.96098846570125,120.09272814490443,5.003346689710294,0.19179676218618408,0.9596256951813965,1.6400618866766674,ZONE_01,SUSPENSION_FAULT,REAR_BOGIE,2
29.900000000000002,RUN_055_SUSPENSION_FAULT,TRAIN001,0.00627683129981976,-0.42122718786562197,0.29771767044810726,31.421222014972255,27.978386556664834,24.04751086677672,120.24227196624744,4.999768462761388,0.24785198747013387,1.239202550385906,1.1863398266041032,ZONE_01,SUSPENSION_FAULT,REAR_BOGIE,2
29.91,RUN_055_SUSPENSION_FAULT,TRAIN001,-0.04695070567888281,-0.4073594989666059,0.2980765021326577,31.28266850298934,28.058909618948476,24.07112926673377,120.3155349001218,5.001530644059887,0.20618704303925112,1.0312508141689092,1.6528401437149332,ZONE_01,SUSPENSION_FAULT,REAR_BOGIE,2
29.92,RUN_055_SUSPENSION_FAULT,TRAIN001,-0.010711296026957987,-0.7449282585640645,0.37293964927497414,31.256458208727736,28.235494349832255,23.95863689631941,119.24056412644987,5.00665128334238,0.21808838505608796,1.09189249292313,1.4563927380568398,ZONE_01,SUSPENSION_FAULT,REAR_BOGIE,2
29.93,RUN_055_SUSPENSION_FAULT,TRAIN001,-0.0680468015916827,-0.6144120278030402,0.6880355252407164,31.218227468632076,27.896874149297535,23.988662983856447,120.52216152934129,5.0123851422468535,0.2299709723006577,1.1527030847078792,1.2329513041462654,ZONE_01,SUSPENSION_FAULT,REAR_BOGIE,2
29.94,RUN_055_SUSPENSION_FAULT,TRAIN001,-0.06443134382552619,-0.14247117392160624,-0.17417955039133956,31.2946842309644,28.176136536061122,23.913437477707216,121.90846704622571,4.993387015127676,0.22475942801423734,1.1223108093738163,1.2346167352300041,ZONE_01,SUSPENSION_FAULT,REAR_BOGIE,2
29.95,RUN_055_SUSPENSION_FAULT,TRAIN001,0.006393939418252896,-0.6879191270659346,-0.43657342796644427,31.41956710918005,27.944160670213712,23.951157146692417,118.58936484664358,4.9754745699418,0.23141964076955712,1.151422537633998,1.1833294363660023,ZONE_01,SUSPENSION_FAULT,REAR_BOGIE,2
29.96,RUN_055_SUSPENSION_FAULT,TRAIN001,-0.005796361878849713,-0.5315026404604242,0.08528162253871882,31.27620487567618,28.14668064894697,24.04228439823513,120.72448785954262,4.97625605023505,0.23899151038272656,1.1892829494968558,1.6050004821864627,ZONE_01,SUSPENSION_FAULT,REAR_BOGIE,2
29.97,RUN_055_SUSPENSION_FAULT,TRAIN001,-0.10541416938214739,-0.3528415505208401,0.32459286373009033,31.419383811968906,28.134366782620813,24.04567592761941,119.18668633029814,5.0126045604676515,0.23968766350600273,1.2014594751780252,1.7214136802469966,ZONE_01,SUSPENSION_FAULT,REAR_BOGIE,2
29.98,RUN_055_SUSPENSION_FAULT,TRAIN001,-0.2109905557679257,-0.4824623993907565,0.41850363323986295,31.143206448248474,28.056561963677755,23.93952515460993,119.01520340263967,4.979865378037289,0.2241555206298068,1.1162643164802981,1.6662069159520447,ZONE_01,SUSPENSION_FAULT,REAR_BOGIE,2
29.990000000000002,RUN_055_SUSPENSION_FAULT,TRAIN001,0.011431139722837597,-0.1343641620897779,1.3261150821299637,31.4066006492569,28.12050266793696,24.05855940660491,120.35133367885744,5.042176454391568,0.26084913016645117,1.3152473422738014,1.3797442165554497,ZONE_01,SUSPENSION_FAULT,REAR_BOGIE,2
