timestamp,run_id,train_id,imu_x,imu_y,imu_z,motor_temperature,bearing_temperature,ambient_temperature,rpm,voltage,current,power,load,zone,fault_type,fault_location,fault_severity
0.0,RUN_014_WHEEL_FLAT,TRAIN001,-0.05099532504512082,0.009805085088193149,0.8212048344328876,23.593288807777828,23.499833751422194,23.527794174681592,116.35250442079175,5.024014110922444,0.32956566695953754,1.6557425612802832,1.5983484598693878,ZONE_01,WHEEL_FLAT,FRONT_BOGIE_AXLE_1,1
0.01,RUN_014_WHEEL_FLAT,TRAIN001,0.016729938879903084,-0.08244879134138114,0.8912665660096729,23.4992499764405,23.549158896732195,23.469977422618637,117.10593520892598,5.002217371254534,0.3582562290247412,1.792075532187703,1.6031080848605466,ZONE_01,WHEEL_FLAT,FRONT_BOGIE_AXLE_1,1
0.02,RUN_014_WHEEL_FLAT,TRAIN001,-0.0445581134074641,0.048151213014039115,1.372266937262517,23.457091601160474,23.5095715692471,23.43663520131144,113.15115103105994,5.056870336995827,0.3484789786237379,1.762213010068983,1.6496392149645405,ZONE_01,WHEEL_FLAT,FRONT_BOGIE_AXLE_1,1
0.03,RUN_014_WHEEL_FLAT,TRAIN001,0.2792122323686382,0.15653844800732591,1.5661504783571616,23.579700445019434,23.42564518282202,23.444464765909142,114.89736569379595,4.975516969023085,0.34173236904844256,1.7002952010649852,1.6861410712461806,ZONE_01,WHEEL_FLAT,FRONT_BOGIE_AXLE_1,1
0.04,RUN_014_WHEEL_FLAT,TRAIN001,0.01372591900181725,0.0038785897036976323,1.155414129128316,23.421984868832247,23.65870313425082,23.54963685091682,115.33051308644474,4.992484447519383,0.3169240038123536,1.5822381600787487,1.600946052129899,ZONE_01,WHEEL_FLAT,FRONT_BOGIE_AXLE_1,1
0.05,RUN_014_WHEEL_FLAT,TRAIN001,0.08926985930962915,-0.03618942188917034,1.204340127490326,23.636019991132137,23.62727726831999,23.4645147994002,114.38327004609725,5.040734823684093,0.3299025093788594,1.6629510674467847,1.5865020263123029,ZONE_01,WHEEL_FLAT,FRONT_BOGIE_AXLE_1,1
0.06,RUN_014_WHEEL_FLAT,TRAIN001,0.04371993198461642,-0.03590716192178535,0.85496740790198,23.409694621437644,23.56797876849787,23.514323517718076,114.24529341950793,5.004191753214396,0.29402598745791453,1.4713624216676153,1.5753053561948016,ZONE_01,WHEEL_FLAT,FRONT_BOGIE_AXLE_1,1
0.07,RUN_014_WHEEL_FLAT,TRAIN001,0.12487492366347328,-0.010742923982380623,1.0824555306725654,23.679774863649047,23.691076418961266,23.492198472505667,115.0449906420054,4.970161387682856,0.3256432769144503,1.6184996410787167,1.6152597264379667,ZONE_01,WHEEL_FLAT,FRONT_BOGIE_AXLE_1,1
0.08,RUN_014_WHEEL_FLAT,TRAIN001,-0.08023608461117394,-0.02252473671104884,1.1311181950421176,23.487827021689778,23.474419759186908,23.460809543200163,114.74067830111991,5.016919454695525,0.34780567066915347,1.744913035633501,1.6506327720405074,ZONE_01,WHEEL_FLAT,FRONT_BOGIE_AXLE_1,1
0.09,RUN_014_WHEEL_FLAT,TRAIN001,0.007521093114556503,-0.05888350225302166,1.0393791056151787,23.545585405074597,23.365555750111042,23.5188222720828,113.94348773027286,5.027883038868204,0.34201900618941344,1.7196315601903112,1.5739899584011376,ZONE_01,WHEEL_FLAT,FRONT_BOGIE_AXLE_1,1
0.1,RUN_014_WHEEL_FLAT,TRAIN001,0.03265327382689811,-0.0035663637950364233,0.8935017239889004,23.413562671705648,23.475064909717645,23.561001188027497,113.93444116050908,4.936308268992619,0.3410599240368749,1.68357692324522,1.6329515369014207,ZONE_01,WHEEL_FLAT,FRONT_BOGIE_AXLE_1,1
0.11,RUN_014_WHEEL_FLAT,TRAIN001,-0.04042964854248562,-0.07988103709508003,0.9008515471339862,23.58027383664532,23.315119158288397,23.529899508998316,117.28293248852849,4.994762770930483,0.3152641494856507,1.5746696368599904,1.6349878245979934,ZONE_01,WHEEL_FLAT,FRONT_BOGIE_AXLE_1,1
0.12,RUN_014_WHEEL_FLAT,TRAIN001,0.0011786834720297146,0.04475006847849511,1.1501528787363442,23.58449461380704,23.596494298488345,23.510353258325626,115.36741364416315,5.032716365718731,0.3462245298737043,1.7424498577086651,1.584890291247525,ZONE_01,WHEEL_FLAT,FRONT_BOGIE_AXLE_1,1
0.13,RUN_014_WHEEL_FLAT,TRAIN001,-0.06348510704672697,-0.00839865205368933,0.9726995520959715,23.53366526495208,23.631686073131718,23.465424800798775,115.36498279732405,5.000179543018528,0.33495923012449486,1.6748562902137347,1.6001950709632946,ZONE_01,WHEEL_FLAT,FRONT_BOGIE_AXLE_1,1
0.14,RUN_014_WHEEL_FLAT,TRAIN001,-0.08088397319562582,0.05771207002144088,1.1643874600393425,23.678433439354677,23.751765624194682,23.44606219945347,113.83549327218581,4.913044537565895,0.3080689374935001,1.5135564105461699,1.6001527839300453,ZONE_01,WHEEL_FLAT,FRONT_BOGIE_AXLE_1,1
0.15,RUN_014_WHEEL_FLAT,TRAIN001,0.0731895612240649,-0.038220632554209044,0.9196494348443676,23.64760384306303,23.522932220051707,23.507834980970646,114.43623678067517,4.993130562617211,0.3477071983773929,1.736147439060166,1.5692830012504142,ZONE_01,WHEEL_FLAT,FRONT_BOGIE_AXLE_1,1
0.16,RUN_014_WHEEL_FLAT,TRAIN001,-0.14401145190799647,-0.06425820642060527,0.9491437250473909,23.64811839757361,23.685892305404668,23.48123765601006,113.44789870566284,4.970844953110134,0.3126255094470863,1.5540129358485335,1.6000073399268036,ZONE_01,WHEEL_FLAT,FRONT_BOGIE_AXLE_1,1
0.17,RUN_014_WHEEL_FLAT,TRAIN001,-0.09339478485789028,-0.030084610005045937,0.9739615391216794,23.637343010113415,23.638675356411806,23.504784859447117,114.62961179469761,5.029515522121534,0.3572083932719379,1.796585158593305,1.5988885711068765,ZONE_01,WHEEL_FLAT,FRONT_BOGIE_AXLE_1,1
0.18,RUN_014_WHEEL_FLAT,TRAIN001,-0.02488948372811669,-0.05416804536188847,0.8917702307619406,23.61815460060447,23.56374966747864,23.49497800980031,116.88420600958081,5.005448921586936,0.367987998463433,1.8419451300657257,1.6528685716329434,ZONE_01,WHEEL_FLAT,FRONT_BOGIE_AXLE_1,1
0.19,RUN_014_WHEEL_FLAT,TRAIN001,-0.06030419343695827,0.1389241665416271,1.0715901748000418,23.693134360100224,23.62403531893791,23.525006874559786,114.7616116081245,5.047912425901755,0.3264271784284824,1.6477758101411857,1.5447705900644872,ZONE_01,WHEEL_FLAT,FRONT_BOGIE_AXLE_1,1
0.2,RUN_014_WHEEL_FLAT,TRAIN001,0.05815058818354804,-0.07502789251862789,1.0245789361681474,23.45051956260727,23.546004169904847,23.434759764790453,114.72767546869613,5.027880343657445,0.3362490033170048,1.6906197543519756,1.6180472588016974,ZONE_01,WHEEL_FLAT,FRONT_BOGIE_AXLE_1,1
0.21,RUN_014_WHEEL_FLAT,TRAIN001,0.038805022522191916,0.010734766142563303,1.0772337461898864,23.73691215587529,23.461266009912848,23.541410819569805,114.90323605181754,5.039828274298946,0.3038670531090119,1.5314377658866978,1.6261204805793457,ZONE_01,WHEEL_FLAT,FRONT_BOGIE_AXLE_1,1
0.22,RUN_014_WHEEL_FLAT,TRAIN001,0.016035863585566766,-0.07026220937503998,0.8983983541974203,23.58372803940173,23.44426748517553,23.515755638929583,115.89687307122716,5.050059611907996,0.3559841250986455,1.7977410526410733,1.592477642074094,ZONE_01,WHEEL_FLAT,FRONT_BOGIE_AXLE_1,1
0.23,RUN_014_WHEEL_FLAT,TRAIN001,0.09282192262940267,0.04063307196624963,1.0430162637254472,23.451422583662787,23.55874301980147,23.45328523323173,114.37776244088975,5.039735945485197,0.3538604667097937,1.7833633137635152,1.614086296529924,ZONE_01,WHEEL_FLAT,FRONT_BOGIE_AXLE_1,1
0.24,RUN_014_WHEEL_FLAT,TRAIN001,0.07059219230009232,-0.028930649477335604,1.0669174723613986,23.656711342823495,23.65310385964571,23.50753918174253,114.42566145299982,4.977242629781713,0.34538513735538373,1.7190656293382285,1.6359963646469744,ZONE_01,WHEEL_FLAT,FRONT_BOGIE_AXLE_1,1
0.25,RUN_014_WHEEL_FLAT,TRAIN001,0.06899767256031582,0.021345262580712808,1.007886946535949,23.680451055030204,23.717737487482285,23.424170141895598,116.41504951641797,4.991118934909723,0.2973670350766453,1.4841942393890082,1.6123113382228196,ZONE_01,WHEEL_FLAT,FRONT_BOGIE_AXLE_1,1
0.26,RUN_014_WHEEL_FLAT,TRAIN001,0.022804941076548613,-0.1107678349220919,0.9342302814021797,23.84307862162985,23.73331525558142,23.549226406843744,114.39000413472212,4.99306986291268,0.33359629924179734,1.6656696281234185,1.6154677558906985,ZONE_01,WHEEL_FLAT,FRONT_BOGIE_AXLE_1,1
0.27,RUN_014_WHEEL_FLAT,TRAIN001,0.002108627573780882,0.018643233965266397,0.8928451251041973,23.605812261290655,23.471701638453496,23.617971859494602,115.82831255852568,4.961665446642585,0.33898853606414014,1.681947706197398,1.6154764355467812,ZONE_01,WHEEL_FLAT,FRONT_BOGIE_AXLE_1,1
0.28,RUN_014_WHEEL_FLAT,TRAIN001,0.0526137960252399,-0.051214676848332474,0.9319319736231877,23.751849131111854,23.61726425815492,23.46003265883318,114.8841667442074,5.030695114014649,0.3175859830965004,1.5976782534431033,1.5849401292577348,ZONE_01,WHEEL_FLAT,FRONT_BOGIE_AXLE_1,1
0.29,RUN_014_WHEEL_FLAT,TRAIN001,0.058722348515390994,-0.08688108388793717,1.0869575016931647,23.568225653738693,23.453073433494247,23.42996212015451,116.76077876827846,4.999572450387642,0.32224684111037977,1.6110964290398986,1.60198890291547,ZONE_01,WHEEL_FLAT,FRONT_BOGIE_AXLE_1,1
0.3,RUN_014_WHEEL_FLAT,TRAIN001,0.02207700781541347,-0.042373236335814926,1.0090524048596603,23.608923256640416,23.775283171214998,23.482690743175308,113.98763171314548,4.956798365167321,0.3232481029528098,1.6022756682599257,1.6023040328056835,ZONE_01,WHEEL_FLAT,FRONT_BOGIE_AXLE_1,1
0.31,RUN_014_WHEEL_FLAT,TRAIN001,0.010459168437967426,0.06308389517391477,1.0007049883987806,23.63248465588217,23.541019386374657,23.543365024813948,115.1459659544574,4.973993620470937,0.3299772408483937,1.641304690880512,1.6439601272807056,ZONE_01,WHEEL_FLAT,FRONT_BOGIE_AXLE_1,1
0.32,RUN_014_WHEEL_FLAT,TRAIN001,0.03209898578557143,-0.0023487848797912082,0.9049643823300689,23.728696826807887,23.691475778891228,23.46028794057158,115.01573523292659,4.997916002029339,0.304046463937791,1.5195986874751222,1.6501817459521813,ZONE_01,WHEEL_FLAT,FRONT_BOGIE_AXLE_1,1
0.33,RUN_014_WHEEL_FLAT,TRAIN001,0.05442256977514628,-0.03567457746442961,1.108850872324016,23.69178335087485,23.70574670616962,23.48068008511482,115.43151646915074,5.0242138098603455,0.35363702581837037,1.776748028794596,1.584891474311032,ZONE_01,WHEEL_FLAT,FRONT_BOGIE_AXLE_1,1
0.34,RUN_014_WHEEL_FLAT,TRAIN001,0.05933989068312946,-0.09031988436947112,1.185365160499405,23.756986611220217,23.706113441320547,23.51908886244111,115.79954555449132,4.97053563781839,0.29809486928895645,1.4816911712515728,1.593659694815735,ZONE_01,WHEEL_FLAT,FRONT_BOGIE_AXLE_1,1
0.35000000000000003,RUN_014_WHEEL_FLAT,TRAIN001,-0.04831792607408036,-0.1280303157052225,1.007245831707732,23.793217496814584,23.70073146846959,23.488625735533617,113.71792459507192,4.9927661433742605,0.3265302903699039,1.6302893785450225,1.5500428590817192,ZONE_01,WHEEL_FLAT,FRONT_BOGIE_AXLE_1,1
0.36,RUN_014_WHEEL_FLAT,TRAIN001,-0.016780550792452702,0.037843459729203305,1.152444491371817,23.851940900480923,23.654607412909417,23.556381113212648,115.49761005830598,4.999619330583374,0.36235985981555285,1.8116613597613196,1.6402566819986006,ZONE_01,WHEEL_FLAT,FRONT_BOGIE_AXLE_1,1
0.37,RUN_014_WHEEL_FLAT,TRAIN001,0.04491232889385968,0.08580460977655786,1.007268576142061,23.794971934652402,23.703618396046487,23.50536712945325,116.3948470131619,5.007605462224965,0.32248407552701785,1.6148730180896627,1.6381555119650584,ZONE_01,WHEEL_FLAT,FRONT_BOGIE_AXLE_1,1
0.38,RUN_014_WHEEL_FLAT,TRAIN001,0.007937532977768775,-0.02241221066851676,0.7656632100306774,23.726754146203422,23.705053455141687,23.485479773843807,116.00311492203633,4.988220035593094,0.3402386001370038,1.6971850020855495,1.5865739290007566,ZONE_01,WHEEL_FLAT,FRONT_BOGIE_AXLE_1,1
0.39,RUN_014_WHEEL_FLAT,TRAIN001,-0.0011813865095567709,-0.032570032626781875,0.9580265071444612,23.764747184733235,23.71227954853462,23.59550034722903,114.02144820142718,5.009373794968641,0.3200023449988099,1.6030113613655528,1.5859312830898662,ZONE_01,WHEEL_FLAT,FRONT_BOGIE_AXLE_1,1
0.4,RUN_014_WHEEL_FLAT,TRAIN001,0.057411506709769175,-0.050747270965243806,0.9529749518600836,23.674372800833545,23.712541013669977,23.48688728322407,113.95989084581902,4.989283935422761,0.34196743343223923,1.7061726220612237,1.6236088296956124,ZONE_01,WHEEL_FLAT,FRONT_BOGIE_AXLE_1,1
0.41000000000000003,RUN_014_WHEEL_FLAT,TRAIN001,-0.005110712016564254,-0.05523064317075104,1.002740592145553,23.78446075976492,23.79895075394911,23.5275291252212,115.42392483365296,5.003404018149325,0.34225041562972486,1.712417104775042,1.6083894774883791,ZONE_01,WHEEL_FLAT,FRONT_BOGIE_AXLE_1,1
0.42,RUN_014_WHEEL_FLAT,TRAIN001,0.03798219515664486,-0.011166209527531761,0.914132361481603,23.716125064292918,23.399702521110655,23.525529976912345,115.1141419582482,5.021886018840087,0.31745227478846266,1.594209140409162,1.6110390934290004,ZONE_01,WHEEL_FLAT,FRONT_BOGIE_AXLE_1,1
0.43,RUN_014_WHEEL_FLAT,TRAIN001,-0.0691654086071529,-0.18661672757798964,1.0658489277552752,23.612332084970223,23.75473068444949,23.523280087117058,116.46997424088768,4.98098142498178,0.3174223011827191,1.581074586066096,1.5680785985706547,ZONE_01,WHEEL_FLAT,FRONT_BOGIE_AXLE_1,1
0.44,RUN_014_WHEEL_FLAT,TRAIN001,0.10364428317399431,-0.0020821377837044056,0.9181954743471772,23.752831763773813,23.638093020067142,23.521766445103285,114.39246360306718,5.005992126471875,0.3036345024845879,1.519991928763052,1.6058112645892417,ZONE_01,WHEEL_FLAT,FRONT_BOGIE_AXLE_1,1
0.45,RUN_014_WHEEL_FLAT,TRAIN001,-0.03555510733479567,-0.036441807504421705,0.9998548829042525,23.745867666715398,23.482557154160077,23.49316884216566,115.22353953921508,4.990611471367062,0.33891664065485716,1.6914012746893186,1.5946691914934976,ZONE_01,WHEEL_FLAT,FRONT_BOGIE_AXLE_1,1
0.46,RUN_014_WHEEL_FLAT,TRAIN001,-0.021081325631183003,0.0018148504424436046,0.9237286682594635,23.67990600726768,23.656664646101873,23.46705187905057,115.85194924253736,4.998100779434846,0.3489719806706722,1.744197128591009,1.5949387198584277,ZONE_01,WHEEL_FLAT,FRONT_BOGIE_AXLE_1,1
0.47000000000000003,RUN_014_WHEEL_FLAT,TRAIN001,0.14601223541269182,0.05189224075599858,0.8218523596756968,23.480200209090714,23.697911197197556,23.420012278185975,114.87490806455203,5.030315493599266,0.3201407523460037,1.610408986658628,1.5555476331168632,ZONE_01,WHEEL_FLAT,FRONT_BOGIE_AXLE_1,1
0.48,RUN_014_WHEEL_FLAT,TRAIN001,0.08630627809445095,0.11470106340517586,1.0118103308006439,23.743994939473854,23.517757953309026,23.578193487192905,114.04617541682651,4.990895180806271,0.3636870826021181,1.8151241078804035,1.5639387482119602,ZONE_01,WHEEL_FLAT,FRONT_BOGIE_AXLE_1,1
0.49,RUN_014_WHEEL_FLAT,TRAIN001,0.029367325953409955,0.005396485747353245,1.0114327458682657,23.753022540694772,23.816706493966834,23.485691465745127,117.3182702605513,5.013544054660236,0.32552597222314317,1.6320388026768324,1.5880267420815968,ZONE_01,WHEEL_FLAT,FRONT_BOGIE_AXLE_1,1
0.5,RUN_014_WHEEL_FLAT,TRAIN001,-0.023760454868073853,-0.11951126001584039,0.9540252769155135,23.80979640871623,23.557128678173527,23.52536153142622,115.75885836675548,4.966614226017458,0.3571263256326219,1.773708689372323,1.6098554975499062,ZONE_01,WHEEL_FLAT,FRONT_BOGIE_AXLE_1,1
0.51,RUN_014_WHEEL_FLAT,TRAIN001,-0.027471220188222265,0.09600886280781558,0.9281329823623791,23.722338521406186,23.644738878256252,23.566009547002785,115.27200254923397,5.034416032096926,0.337872658657331,1.7009915295516795,1.598437053318184,ZONE_01,WHEEL_FLAT,FRONT_BOGIE_AXLE_1,1
0.52,RUN_014_WHEEL_FLAT,TRAIN001,-0.09531874753107454,-0.008940702243475852,0.952029705662762,23.80413613855351,23.766246727459222,23.48917264185624,115.18614497491168,5.0086407134402515,0.3290247819795723,1.6479669187536883,1.6341181393668747,ZONE_01,WHEEL_FLAT,FRONT_BOGIE_AXLE_1,1
0.53,RUN_014_WHEEL_FLAT,TRAIN001,-0.04377483117000751,0.07190029714005952,0.988091247050991,23.964630129044178,23.58278762464836,23.50861596284515,112.96015383629238,4.98127762933044,0.29249963106992144,1.4570218688360066,1.583616974092756,ZONE_01,WHEEL_FLAT,FRONT_BOGIE_AXLE_1,1
0.54,RUN_014_WHEEL_FLAT,TRAIN001,-0.06538630553038342,0.007914748539646223,1.268529874124525,23.601718037936077,23.774514842254394,23.488500196413224,114.42776187301655,4.995200707850911,0.31522793490741624,1.5746268035839064,1.6528078920299696,ZONE_01,WHEEL_FLAT,FRONT_BOGIE_AXLE_1,1
0.55,RUN_014_WHEEL_FLAT,TRAIN001,0.29890763993254577,0.16317354956822117,1.636149247683708,23.911937727938813,23.725996878648072,23.514028789626227,117.11821442491237,4.976217011267884,0.33950697806696084,1.6894603997009627,1.726371532189114,ZONE_01,WHEEL_FLAT,FRONT_BOGIE_AXLE_1,1
0.56,RUN_014_WHEEL_FLAT,TRAIN001,-0.010366767761637908,0.07270752102198394,1.0339642570657717,23.792087259973886,23.757688384800602,23.506011249475232,112.7507804554612,4.980787056457152,0.3543361084015736,1.7648727023619561,1.6323903398102142,ZONE_01,WHEEL_FLAT,FRONT_BOGIE_AXLE_1,1
0.5700000000000001,RUN_014_WHEEL_FLAT,TRAIN001,-0.06388994299816295,0.03345218438344595,0.9507706992812647,23.80524523528425,23.72797630647643,23.457757699641746,115.43739499437488,5.029956388122177,0.33663879630790083,1.6932784639786862,1.617405949026075,ZONE_01,WHEEL_FLAT,FRONT_BOGIE_AXLE_1,1
0.58,RUN_014_WHEEL_FLAT,TRAIN001,0.004664886667971555,0.017532572408342665,1.0838898248579547,23.957714106911467,23.72873626913765,23.55068443603628,116.59397835882083,5.020115639214056,0.3169159260517618,1.5909545966884544,1.6499638280148625,ZONE_01,WHEEL_FLAT,FRONT_BOGIE_AXLE_1,1
0.59,RUN_014_WHEEL_FLAT,TRAIN001,-0.0977743814473377,-0.006917260645582308,1.0543431495098334,23.966686371857712,23.617402505347986,23.57141235904995,113.78014687812149,5.003928411399776,0.3267047887816053,1.6348073747246374,1.5982484814628921,ZONE_01,WHEEL_FLAT,FRONT_BOGIE_AXLE_1,1
0.6,RUN_014_WHEEL_FLAT,TRAIN001,-0.0256196784570343,0.014259235825673533,0.9369214420225875,23.855287264006567,23.82311099452044,23.490108278696052,115.70117349035564,4.976976305772406,0.3457503852520085,1.7207914751109277,1.6268122432635597,ZONE_01,WHEEL_FLAT,FRONT_BOGIE_AXLE_1,1
0.61,RUN_014_WHEEL_FLAT,TRAIN001,0.024162518320505377,0.019342725824305716,1.03668288372569,23.717907586168558,23.767196722940813,23.422043274523723,115.96038308624735,4.953031805532848,0.33419061843271414,1.655256762207925,1.5697132359397825,ZONE_01,WHEEL_FLAT,FRONT_BOGIE_AXLE_1,1
0.62,RUN_014_WHEEL_FLAT,TRAIN001,0.059981261108551495,0.029421740014755875,1.1654030118653158,23.944767154768314,23.754318825023436,23.493274090318938,116.92035816251747,5.004699086386453,0.3441292445224697,1.7222633156604643,1.569271715610414,ZONE_01,WHEEL_FLAT,FRONT_BOGIE_AXLE_1,1
0.63,RUN_014_WHEEL_FLAT,TRAIN001,0.021263203550228784,-0.09703462419700537,1.0069427032713532,23.769380185722756,23.84185574035046,23.48838689908248,116.20266037229831,4.996059693196458,0.3071372897055069,1.5344762333752866,1.6100240901616714,ZONE_01,WHEEL_FLAT,FRONT_BOGIE_AXLE_1,1
0.64,RUN_014_WHEEL_FLAT,TRAIN001,-0.04953988777472132,-0.06018253138580628,1.2995140449830744,23.763466037721113,23.847467234086984,23.55216910297081,116.02819873228376,4.986617234274758,0.34206453971063877,1.7057449289553335,1.6652670739427098,ZONE_01,WHEEL_FLAT,FRONT_BOGIE_AXLE_1,1
0.65,RUN_014_WHEEL_FLAT,TRAIN001,-0.02950833050872551,-0.04737917949128939,1.0814556587646056,23.872300678166134,23.903603477426334,23.48623850694246,114.59176863657765,5.009058156612885,0.37339216906695455,1.870343090080206,1.6492204136230844,ZONE_01,WHEEL_FLAT,FRONT_BOGIE_AXLE_1,1
0.66,RUN_014_WHEEL_FLAT,TRAIN001,0.10511192904740971,-0.02527924104161749,1.146484749446827,24.04068868129973,23.984236063578056,23.501218510340358,114.28755156982467,4.96348322677957,0.3283341750277189,1.6296811705285903,1.539434362903619,ZONE_01,WHEEL_FLAT,FRONT_BOGIE_AXLE_1,1
0.67,RUN_014_WHEEL_FLAT,TRAIN001,-0.11685602066724839,0.027000456430286472,1.049066822987023,24.084003429045104,23.630783044235084,23.547226794439734,116.06645742730157,5.014042121819854,0.32940204476389906,1.6516357274597788,1.606746026934091,ZONE_01,WHEEL_FLAT,FRONT_BOGIE_AXLE_1,1
0.68,RUN_014_WHEEL_FLAT,TRAIN001,0.07251505501448165,0.009932486967081783,0.9923939959073096,23.83742172336586,23.679240154435185,23.55661881703539,115.59948144887304,4.988801558213221,0.3226749883633048,1.6097614847432882,1.6388282651608646,ZONE_01,WHEEL_FLAT,FRONT_BOGIE_AXLE_1,1
0.6900000000000001,RUN_014_WHEEL_FLAT,TRAIN001,-0.12570756740036837,-0.09882834296063933,1.1420218053461162,23.86175383808808,23.562972098212988,23.530552712865205,116.01758449440936,4.9537587733104615,0.312418494407569,1.5476458576159404,1.540217048754785,ZONE_01,WHEEL_FLAT,FRONT_BOGIE_AXLE_1,1
0.7000000000000001,RUN_014_WHEEL_FLAT,TRAIN001,-0.059726137960984374,-0.04383309863664551,1.2077808376522103,24.026395519995813,23.834519940574737,23.449666082573792,114.66551816423879,4.982398659764902,0.3242117972274924,1.6153524239862282,1.5557307859546026,ZONE_01,WHEEL_FLAT,FRONT_BOGIE_AXLE_1,1
0.71,RUN_014_WHEEL_FLAT,TRAIN001,0.045454173209478574,-0.06302342775573568,0.8723587056868916,23.89976995627975,23.59978770864753,23.465961252677502,115.50370235605664,5.009428843344328,0.32450115098178917,1.6255654254266074,1.607226924278863,ZONE_01,WHEEL_FLAT,FRONT_BOGIE_AXLE_1,1
0.72,RUN_014_WHEEL_FLAT,TRAIN001,-0.01825462867085792,-0.10739363098886726,1.0267175788189682,23.82007796543214,23.836500026301156,23.40269594047415,113.32440994867389,5.034962155069691,0.3479247296421426,1.7517878465610417,1.6210142537312988,ZONE_01,WHEEL_FLAT,FRONT_BOGIE_AXLE_1,1
0.73,RUN_014_WHEEL_FLAT,TRAIN001,-0.05193565743073084,0.08904740946640238,1.2984642121041556,24.022280576158032,23.6447905691763,23.49584160975258,115.37034742557739,4.98212815127063,0.34333192643433486,1.7105236559184767,1.613285009667577,ZONE_01,WHEEL_FLAT,FRONT_BOGIE_AXLE_1,1
0.74,RUN_014_WHEEL_FLAT,TRAIN001,0.048232731131924216,0.007996472570090205,1.1137239355113717,23.806603353497465,23.603866124256196,23.50263828567816,114.10188047797458,4.970819496863999,0.3310218399079686,1.6454498157023236,1.6024346091302022,ZONE_01,WHEEL_FLAT,FRONT_BOGIE_AXLE_1,1
0.75,RUN_014_WHEEL_FLAT,TRAIN001,0.056256833596182915,-0.014997501522972587,1.093123827243898,23.83481309424679,23.75364244843919,23.538238887237217,114.77589772915724,4.972278808859855,0.3447511543582795,1.714198859145646,1.5700635197998856,ZONE_01,WHEEL_FLAT,FRONT_BOGIE_AXLE_1,1
0.76,RUN_014_WHEEL_FLAT,TRAIN001,-0.040162359182800596,0.03695354507000047,1.063030804007391,23.971437940044233,23.866079539362577,23.48285384130314,113.36983290622723,5.034768273546379,0.32752843876194804,1.649029792162834,1.5635812120344834,ZONE_01,WHEEL_FLAT,FRONT_BOGIE_AXLE_1,1
0.77,RUN_014_WHEEL_FLAT,TRAIN001,0.015283409893563246,-0.005046189520004424,0.8045769784257354,23.972070011494804,23.90084581577841,23.570237467680457,116.1243672645686,4.9921807051481375,0.33047038761148484,1.6497678926568806,1.6015317551208932,ZONE_01,WHEEL_FLAT,FRONT_BOGIE_AXLE_1,1
0.78,RUN_014_WHEEL_FLAT,TRAIN001,0.11555360271604068,0.014502023436514796,0.8685959439265355,24.119668298384095,23.72281452306435,23.56122804349697,114.78275202289635,5.038969629336121,0.3405560004412263,1.7160513433115179,1.5788011726418951,ZONE_01,WHEEL_FLAT,FRONT_BOGIE_AXLE_1,1
0.79,RUN_014_WHEEL_FLAT,TRAIN001,-0.0015063409603825078,-0.020822884687965493,0.8490426900262649,23.86216604107016,23.93494205972384,23.450328242042367,116.44524030910681,4.9303988177850835,0.3562716374084112,1.7565612598887865,1.5551676563011687,ZONE_01,WHEEL_FLAT,FRONT_BOGIE_AXLE_1,1
0.8,RUN_014_WHEEL_FLAT,TRAIN001,0.01953657485504648,-0.07707726656818377,0.8831335508659286,23.92944530875197,23.911068028093247,23.587552894147585,114.43871967909512,5.01207820697632,0.32438287896855805,1.625832358394547,1.6037878409439532,ZONE_01,WHEEL_FLAT,FRONT_BOGIE_AXLE_1,1
0.81,RUN_014_WHEEL_FLAT,TRAIN001,0.0152338884145636,0.0667937622497257,0.9730161582420673,23.883823221494815,23.67987710943666,23.484800612111094,115.79023898976148,5.022646746433571,0.32324600364687234,1.6235504885146175,1.6188587226031381,ZONE_01,WHEEL_FLAT,FRONT_BOGIE_AXLE_1,1
0.8200000000000001,RUN_014_WHEEL_FLAT,TRAIN001,0.01884560708251128,0.06117043429870825,1.1065857599050115,24.03570421028781,23.902026197168393,23.48457006119513,115.87003327734026,5.040605078197421,0.36339192489006295,1.8317151819767872,1.596825014832835,ZONE_01,WHEEL_FLAT,FRONT_BOGIE_AXLE_1,1
0.8300000000000001,RUN_014_WHEEL_FLAT,TRAIN001,0.01374928954908507,-0.07227988861354878,0.9387318037743864,23.865829078605422,23.88168222672821,23.51837026735003,113.78831952088686,4.991268935721438,0.36076349666640856,1.8006676340532894,1.6735170829319852,ZONE_01,WHEEL_FLAT,FRONT_BOGIE_AXLE_1,1
0.84,RUN_014_WHEEL_FLAT,TRAIN001,-0.023599640706750337,-0.08733316664578669,1.222232850295367,23.967840688537105,23.946309949615795,23.482006765264316,114.09661425982878,5.022908424020467,0.3493283014528847,1.7546440681164557,1.58615499985734,ZONE_01,WHEEL_FLAT,FRONT_BOGIE_AXLE_1,1
0.85,RUN_014_WHEEL_FLAT,TRAIN001,0.02239204762929353,0.0001577069819397147,0.8983519026220464,24.11493519768878,23.72062177825664,23.555079974042226,113.83871662092366,5.016531313817116,0.33234046737858214,1.667196361453273,1.5777994412131224,ZONE_01,WHEEL_FLAT,FRONT_BOGIE_AXLE_1,1
0.86,RUN_014_WHEEL_FLAT,TRAIN001,-0.05858877697606584,-0.06383113645906943,0.9872308701418063,23.999788083021095,23.751664732147738,23.51501321985453,115.71138285021588,5.018932029855709,0.3595637542267177,1.8046260428636398,1.5895090054045002,ZONE_01,WHEEL_FLAT,FRONT_BOGIE_AXLE_1,1
0.87,RUN_014_WHEEL_FLAT,TRAIN001,-0.01600659487083817,-0.06427851352292462,0.853044556915474,24.090792815962306,23.85941550626205,23.472564409155357,115.54108436276452,5.018129954453992,0.309121177121565,1.5512102384698034,1.6489793127196168,ZONE_01,WHEEL_FLAT,FRONT_BOGIE_AXLE_1,1
0.88,RUN_014_WHEEL_FLAT,TRAIN001,-0.035082758239605515,0.09586344920260487,1.040092081033257,23.892352345538686,23.883923186078697,23.576930506128267,114.28336158709094,4.947360954835993,0.32719669659524736,1.6187601612866458,1.5814205706485602,ZONE_01,WHEEL_FLAT,FRONT_BOGIE_AXLE_1,1
0.89,RUN_014_WHEEL_FLAT,TRAIN001,-0.005083817890329377,-0.11002638622605612,1.1491200958953258,23.92276318403671,23.789522563180384,23.514556827580517,114.42138790362439,5.0379794547147565,0.32431884403886224,1.6339116730446273,1.6392589418298633,ZONE_01,WHEEL_FLAT,FRONT_BOGIE_AXLE_1,1
0.9,RUN_014_WHEEL_FLAT,TRAIN001,0.03675793803218617,0.0383312614035976,0.9972288536409264,24.142690640827453,23.93802427656154,23.489262152439885,115.27166308101484,4.991062340595988,0.3708396325046537,1.850883724194433,1.5978720325738882,ZONE_01,WHEEL_FLAT,FRONT_BOGIE_AXLE_1,1
0.91,RUN_014_WHEEL_FLAT,TRAIN001,-0.03341763003982393,0.057077797428134076,0.9788372810636162,23.987240701372613,23.705502098375284,23.434191191550436,115.40813079187278,4.998756247572468,0.35760284125812625,1.787569436888724,1.6194626711396432,ZONE_01,WHEEL_FLAT,FRONT_BOGIE_AXLE_1,1
0.92,RUN_014_WHEEL_FLAT,TRAIN001,-0.013022781167631671,0.023800525270319083,0.9491622837635433,24.021876684219443,23.876788761795495,23.496979120561395,113.53378364378517,4.969630094145373,0.34630562049323765,1.7210108333748804,1.5972167350706286,ZONE_01,WHEEL_FLAT,FRONT_BOGIE_AXLE_1,1
0.93,RUN_014_WHEEL_FLAT,TRAIN001,0.03943741559118751,-0.03305016587890427,1.071233462298148,23.892348234193683,23.688611402725595,23.514187542791362,116.12699169239613,4.993732787014025,0.3591154415447477,1.7933265547650252,1.596677359749498,ZONE_01,WHEEL_FLAT,FRONT_BOGIE_AXLE_1,1
0.9400000000000001,RUN_014_WHEEL_FLAT,TRAIN001,-0.04413108306244281,0.14479694787209146,1.0249565991927154,24.095664079636414,24.019013922966685,23.472504918107777,113.45624988517109,4.995680969367429,0.3660072392459606,1.8284553997517572,1.5841832344305187,ZONE_01,WHEEL_FLAT,FRONT_BOGIE_AXLE_1,1
0.9500000000000001,RUN_014_WHEEL_FLAT,TRAIN001,0.02877272166464393,0.010238737819746494,0.8000107686845507,24.12793068877294,23.8616798138306,23.42960705475697,115.69520974676381,4.9551218688016485,0.33304873718812733,1.6502970810176625,1.5584727346086653,ZONE_01,WHEEL_FLAT,FRONT_BOGIE_AXLE_1,1
0.96,RUN_014_WHEEL_FLAT,TRAIN001,-0.054091655704226825,-0.040348772035797044,0.9798142016079618,24.201082549363946,23.940566037924704,23.533104747850146,114.77504695844499,5.014860313430501,0.3397797085652254,1.7039477757927304,1.6351500800189052,ZONE_01,WHEEL_FLAT,FRONT_BOGIE_AXLE_1,1
0.97,RUN_014_WHEEL_FLAT,TRAIN001,0.06746727725648517,-0.050048133922978195,1.0836347283566743,24.087780237019334,23.808593914269352,23.49493922494632,113.75652358343206,5.038153842993243,0.32493600152896795,1.637077564830028,1.6088965969798448,ZONE_01,WHEEL_FLAT,FRONT_BOGIE_AXLE_1,1
0.98,RUN_014_WHEEL_FLAT,TRAIN001,0.019814726810964804,0.004585051523318268,0.8773081899866929,24.07385714557809,23.813510664581532,23.53791982952084,110.00155558099034,5.004258285575745,0.3034809630681623,1.518697123948358,1.6254548436600311,ZONE_01,WHEEL_FLAT,FRONT_BOGIE_AXLE_1,1
0.99,RUN_014_WHEEL_FLAT,TRAIN001,-0.0010935965335812212,0.10738867808365996,1.0601893732362675,24.064775572645488,23.816696130471684,23.51840497514304,118.784604708052,5.03274287363941,0.3480316728569459,1.7515539213715972,1.5897046316523353,ZONE_01,WHEEL_FLAT,FRONT_BOGIE_AXLE_1,1
1.0,RUN_014_WHEEL_FLAT,TRAIN001,-0.008729702634982973,-0.09362773678775485,0.9337049242520326,23.961348481768297,23.910349618620835,23.46895351278254,114.33446846393704,4.971081277712862,0.27080349253793046,1.346186171694561,1.5661460456631322,ZONE_01,WHEEL_FLAT,FRONT_BOGIE_AXLE_1,1
1.01,RUN_014_WHEEL_FLAT,TRAIN001,-0.019952701277197685,-0.028496511341523565,1.0348791294982962,24.124193809945886,23.99216993966898,23.603565256145256,117.48119321040875,5.022019037479766,0.31006052012187535,1.557129834822936,1.5954190060370879,ZONE_01,WHEEL_FLAT,FRONT_BOGIE_AXLE_1,1
1.02,RUN_014_WHEEL_FLAT,TRAIN001,0.13768750259888976,0.009119772990296858,0.8679794807082711,24.203915352982808,23.87730003758772,23.579611489901257,113.73753789516752,5.016388200242875,0.3331360949669381,1.671139975867138,1.578650847134938,ZONE_01,WHEEL_FLAT,FRONT_BOGIE_AXLE_1,1
1.03,RUN_014_WHEEL_FLAT,TRAIN001,-0.014133390179149928,0.00662439607831798,1.021209598976453,24.152359368883868,23.916604151773992,23.495737002512662,114.8081680920833,4.963616782500818,0.31362089837630236,1.5566939545235978,1.5633566483248622,ZONE_01,WHEEL_FLAT,FRONT_BOGIE_AXLE_1,1
1.04,RUN_014_WHEEL_FLAT,TRAIN001,0.05331962163771778,0.015741689191819213,1.0854102172056719,24.056949297298196,24.028771471837672,23.551637352489447,113.41555508020677,4.9973057845531095,0.3477146418751301,1.7376363912164006,1.5748292813094886,ZONE_01,WHEEL_FLAT,FRONT_BOGIE_AXLE_1,1
1.05,RUN_014_WHEEL_FLAT,TRAIN001,0.04331478030750149,-0.03717338102389699,1.0136795443190627,24.05179282076453,23.917482826013988,23.420050357201877,115.02483665473969,4.986952016820825,0.3150043331653986,1.5709114945864837,1.5806384941050184,ZONE_01,WHEEL_FLAT,FRONT_BOGIE_AXLE_1,1
1.06,RUN_014_WHEEL_FLAT,TRAIN001,0.04608939396724496,0.02027503667698992,1.259327003459975,24.256713055064466,23.880076649972622,23.435702176148272,114.33767747051883,4.953733743516535,0.37365090288436553,1.8509670859137013,1.5785487346093285,ZONE_01,WHEEL_FLAT,FRONT_BOGIE_AXLE_1,1
1.07,RUN_014_WHEEL_FLAT,TRAIN001,0.2623595899014508,0.21429736123654775,1.8591013747833365,24.142786289852314,23.77958173780642,23.494604538749165,114.9691167931394,4.9537254057238185,0.3143097553326877,1.5570042202583725,1.738403442934462,ZONE_01,WHEEL_FLAT,FRONT_BOGIE_AXLE_1,1
1.08,RUN_014_WHEEL_FLAT,TRAIN001,0.027955175410708195,0.11297234380347518,1.1995242948597822,24.067873755156594,23.887391369852423,23.554096506450744,114.188845339459,4.999369009944782,0.31912543835542967,1.5954258267991788,1.5979632826151384,ZONE_01,WHEEL_FLAT,FRONT_BOGIE_AXLE_1,1
1.09,RUN_014_WHEEL_FLAT,TRAIN001,0.07478034042940833,-0.06430373010560024,0.927023134587699,23.954469536021282,23.67945505660776,23.52839112408654,114.53746120172056,4.968157903180795,0.3443872943373261,1.7109704581170373,1.6320681317573924,ZONE_01,WHEEL_FLAT,FRONT_BOGIE_AXLE_1,1
1.1,RUN_014_WHEEL_FLAT,TRAIN001,0.0535035055614984,0.03301020221516342,1.1232566501767682,24.129790118927943,23.814868115531493,23.492826692243614,115.50806700180866,4.993947226031332,0.32233620011619274,1.609729972419741,1.5579279526716812,ZONE_01,WHEEL_FLAT,FRONT_BOGIE_AXLE_1,1
1.11,RUN_014_WHEEL_FLAT,TRAIN001,-0.062184070133838906,0.08928898905935091,1.0498154778795412,24.106667919498392,23.91161576800394,23.639653237639255,113.90418563600971,5.038572579537342,0.3519154780277206,1.773151677905249,1.5522267514509005,ZONE_01,WHEEL_FLAT,FRONT_BOGIE_AXLE_1,1
1.12,RUN_014_WHEEL_FLAT,TRAIN001,0.022677168345352196,0.09260121110267448,1.1527942665092312,24.28188536944878,23.91472303554856,23.445464766411433,115.8056014321773,5.014967713932541,0.3297695329169579,1.653783560617158,1.5238015784117707,ZONE_01,WHEEL_FLAT,FRONT_BOGIE_AXLE_1,1
1.1300000000000001,RUN_014_WHEEL_FLAT,TRAIN001,-0.008888391343187009,0.043603618457251296,1.0279871083513379,24.251485794392174,24.154909391012552,23.519484133947078,116.11575333274862,4.9835942708144545,0.32506884848632683,1.6200112509367104,1.6459867553906045,ZONE_01,WHEEL_FLAT,FRONT_BOGIE_AXLE_1,1
1.1400000000000001,RUN_014_WHEEL_FLAT,TRAIN001,0.040994087858849046,-0.021112197259844735,0.9646711950003927,24.22507767599114,23.78683342160589,23.545616492407387,114.65143688058103,5.000373110072863,0.33561727042918993,1.6782115743301733,1.592591452642214,ZONE_01,WHEEL_FLAT,FRONT_BOGIE_AXLE_1,1
1.1500000000000001,RUN_014_WHEEL_FLAT,TRAIN001,-0.01757603227052022,0.032212300250705705,1.1563457374843242,24.23811964382706,23.928869949040156,23.429025237503637,113.27691151955423,5.001047141875888,0.3493617857544997,1.747174760128197,1.6150306259075224,ZONE_01,WHEEL_FLAT,FRONT_BOGIE_AXLE_1,1
1.16,RUN_014_WHEEL_FLAT,TRAIN001,-0.05971637275283633,0.009617509487884516,0.9913206812372204,24.18507077140969,23.85094071797902,23.402629014225226,115.95277751261716,4.961304966273861,0.3340550109883255,1.6573487850250486,1.5834000733669218,ZONE_01,WHEEL_FLAT,FRONT_BOGIE_AXLE_1,1
1.17,RUN_014_WHEEL_FLAT,TRAIN001,0.01492560410113422,0.06390542723974549,1.034974797952727,24.119051689712116,24.024025366875666,23.478392987289563,114.66666041302595,4.988700150473488,0.31579934818075894,1.5754282557887815,1.6140988671800953,ZONE_01,WHEEL_FLAT,FRONT_BOGIE_AXLE_1,1
1.18,RUN_014_WHEEL_FLAT,TRAIN001,-0.05897012882811051,0.05380245810179481,0.8975101046306437,24.112471051524228,24.0439313802117,23.469665712760207,114.44706062325402,5.006571601239191,0.2905411306750214,1.454614973829487,1.6253100635085072,ZONE_01,WHEEL_FLAT,FRONT_BOGIE_AXLE_1,1
1.19,RUN_014_WHEEL_FLAT,TRAIN001,0.08472499279090044,-0.015393804707709147,0.8344340575250877,24.22334197312365,23.99654341032536,23.472246754353545,116.12697172860636,4.989189036194938,0.3516970597247882,1.7546831144409096,1.551764104647546,ZONE_01,WHEEL_FLAT,FRONT_BOGIE_AXLE_1,1
1.2,RUN_014_WHEEL_FLAT,TRAIN001,-0.002309016266862617,-0.046883198876984694,0.9803889658015952,24.34424635919902,23.88096250165162,23.538897352680312,113.2638892875969,5.018870281619501,0.29991061451923146,1.5052124703528127,1.5634195325384668,ZONE_01,WHEEL_FLAT,FRONT_BOGIE_AXLE_1,1
1.21,RUN_014_WHEEL_FLAT,TRAIN001,0.027008579000721202,-0.03388050571677684,1.0103557456715258,24.317529962506146,24.18753177556273,23.514989419325314,111.88551574677989,4.960584988203168,0.3228470283509595,1.6015101223237724,1.5477698324515639,ZONE_01,WHEEL_FLAT,FRONT_BOGIE_AXLE_1,1
1.22,RUN_014_WHEEL_FLAT,TRAIN001,0.06602153948385055,-0.040665900144891055,1.0429715782700826,24.30812114177663,23.984863158913804,23.489257491298996,115.76131886888177,5.00443232309136,0.3023025451349921,1.5128526282263393,1.6108207203827478,ZONE_01,WHEEL_FLAT,FRONT_BOGIE_AXLE_1,1
1.23,RUN_014_WHEEL_FLAT,TRAIN001,0.1387010067166323,-0.03231601414226273,0.921019063807178,24.065927398228393,23.955896863388883,23.467183689809225,113.73484130706068,5.017287150192335,0.32234406548068517,1.617292737676998,1.617452383600488,ZONE_01,WHEEL_FLAT,FRONT_BOGIE_AXLE_1,1
1.24,RUN_014_WHEEL_FLAT,TRAIN001,0.03055012026197078,0.06421494731219456,1.0553061921673703,24.375717238867196,23.952972567130494,23.547387934272216,113.70889910709603,4.996617764357249,0.3178983708255802,1.5884166469273222,1.5557441049579217,ZONE_01,WHEEL_FLAT,FRONT_BOGIE_AXLE_1,1
1.25,RUN_014_WHEEL_FLAT,TRAIN001,-0.081693666991123,0.03445197901361473,0.9748347702627446,24.196294919739955,24.086508130242635,23.521434899718795,115.45174474766456,5.005126766050349,0.2980931288735158,1.49199389810053,1.5591291626514086,ZONE_01,WHEEL_FLAT,FRONT_BOGIE_AXLE_1,1
1.26,RUN_014_WHEEL_FLAT,TRAIN001,-0.08647681590389648,-0.004896419930727682,0.9288144089052855,24.285864354186835,23.900772979386296,23.506551988766073,112.22970694721442,4.9695090434726295,0.3141128378861474,1.5609865885460616,1.5938668207602515,ZONE_01,WHEEL_FLAT,FRONT_BOGIE_AXLE_1,1
1.27,RUN_014_WHEEL_FLAT,TRAIN001,-0.0792494428619373,-0.13377678276140764,1.090227490676141,24.268458215473096,23.912639938774397,23.507926141808017,115.3996205480656,4.994867412380417,0.3346711009759632,1.6716377761303145,1.608901013246764,ZONE_01,WHEEL_FLAT,FRONT_BOGIE_AXLE_1,1
1.28,RUN_014_WHEEL_FLAT,TRAIN001,0.019480347758343265,0.046554934788521345,1.0923379231805606,24.21161998542729,23.949162622481122,23.53783222471166,112.9676440971566,4.985870782087945,0.3391463809876335,1.6909400318171084,1.6207511340677372,ZONE_01,WHEEL_FLAT,FRONT_BOGIE_AXLE_1,1
1.29,RUN_014_WHEEL_FLAT,TRAIN001,-0.024740633155850296,0.027399192414850403,1.0336484211545471,24.34875619780697,23.908435684096176,23.544315491843317,114.17525115018798,5.050443006210887,0.3234144430562274,1.633386212040913,1.6062731074918517,ZONE_01,WHEEL_FLAT,FRONT_BOGIE_AXLE_1,1
1.3,RUN_014_WHEEL_FLAT,TRAIN001,0.05887965550045525,0.1303922573501954,0.9796934888308985,24.326371086497744,24.02823780943265,23.46427051649487,114.2796469611699,4.99667000330919,0.33221908917169796,1.6599891573909242,1.6119955277537905,ZONE_01,WHEEL_FLAT,FRONT_BOGIE_AXLE_1,1
1.31,RUN_014_WHEEL_FLAT,TRAIN001,-0.02055245491582741,0.04550254306365624,0.9410084901047824,24.071857048248116,24.13674956239851,23.462591388270425,115.98200248523936,5.0457672030179035,0.32369461574318104,1.6332876759104256,1.6753238114528355,ZONE_01,WHEEL_FLAT,FRONT_BOGIE_AXLE_1,1
1.32,RUN_014_WHEEL_FLAT,TRAIN001,-0.06097398890791027,0.010178603096790662,0.8416400671767689,24.231532521794552,24.064472871774136,23.54052126434495,115.430743351894,4.993726528901951,0.34856844597934,1.7406554958251568,1.5640892442618581,ZONE_01,WHEEL_FLAT,FRONT_BOGIE_AXLE_1,1
1.33,RUN_014_WHEEL_FLAT,TRAIN001,0.08336482554965069,0.019814140700304968,0.9395048374983263,24.110521981849026,23.847255987208786,23.514877786260882,115.50729918599106,4.989291667547632,0.3219044344372112,1.6060751124842108,1.626283982239712,ZONE_01,WHEEL_FLAT,FRONT_BOGIE_AXLE_1,1
1.34,RUN_014_WHEEL_FLAT,TRAIN001,0.006124675470682613,-0.050813321769655036,0.9964626354050887,24.287132087473946,23.876929730196533,23.443595660230887,116.27369260515951,4.957017442386856,0.3725272625362963,1.8466241381570483,1.5897857111228146,ZONE_01,WHEEL_FLAT,FRONT_BOGIE_AXLE_1,1
1.35,RUN_014_WHEEL_FLAT,TRAIN001,0.041887818224096,0.07215152303988835,0.9827437675544779,24.174057439620377,23.855464293267836,23.51408855974355,117.31723950285875,5.041958881295675,0.31011465380000297,1.5635853329468585,1.5999442569627425,ZONE_01,WHEEL_FLAT,FRONT_BOGIE_AXLE_1,1
1.36,RUN_014_WHEEL_FLAT,TRAIN001,-0.03414194787148024,-0.057161685389925734,1.0296504429740883,24.244742907860225,24.036696393087794,23.45389574332186,116.16075637041959,5.004762576173426,0.29542903643076596,1.4785521854436732,1.617798301448637,ZONE_01,WHEEL_FLAT,FRONT_BOGIE_AXLE_1,1
1.37,RUN_014_WHEEL_FLAT,TRAIN001,0.02632580020810218,0.008833428956772117,1.0385995594297923,24.32538263614273,23.927997978685124,23.526990582482576,115.22077892438838,5.025041108249957,0.3379976370359181,1.6984520205968368,1.5789542154429823,ZONE_01,WHEEL_FLAT,FRONT_BOGIE_AXLE_1,1
1.3800000000000001,RUN_014_WHEEL_FLAT,TRAIN001,0.09861776768756962,0.018933664597746844,1.0090497869999613,24.20631978230781,24.051923167465258,23.417845237848333,116.7312863952024,5.016166431801255,0.28455928726610075,1.427396744641505,1.6093014192860657,ZONE_01,WHEEL_FLAT,FRONT_BOGIE_AXLE_1,1
1.3900000000000001,RUN_014_WHEEL_FLAT,TRAIN001,0.003187236424512718,0.1263130247812569,0.9323014105389175,24.233965807914625,24.090447064425245,23.515175677607242,114.1796277532047,5.067273962748589,0.33364686225728557,1.6906800578691081,1.591348778436632,ZONE_01,WHEEL_FLAT,FRONT_BOGIE_AXLE_1,1
1.4000000000000001,RUN_014_WHEEL_FLAT,TRAIN001,-0.04491130401616233,0.020859552235197056,1.0217473732376527,24.392355876184645,24.0383036325695,23.468144456623822,115.21872723348994,4.980093854823098,0.3124252053180066,1.5559068450960494,1.5838428777989138,ZONE_01,WHEEL_FLAT,FRONT_BOGIE_AXLE_1,1
1.41,RUN_014_WHEEL_FLAT,TRAIN001,0.10155082776387088,0.004616965899672058,0.9266717620644844,24.130016213279404,23.960278676639287,23.474459133726278,113.76169392543406,5.043683060467443,0.31531315874783855,1.5903396375189551,1.5559673677021444,ZONE_01,WHEEL_FLAT,FRONT_BOGIE_AXLE_1,1
1.42,RUN_014_WHEEL_FLAT,TRAIN001,0.06290717545286108,-0.07918241990201591,0.9144640642939611,24.326406755648115,23.937355243457265,23.527391626012175,115.48010694722511,4.982864191991533,0.32046623532771207,1.5968397287567886,1.586756675203027,ZONE_01,WHEEL_FLAT,FRONT_BOGIE_AXLE_1,1
1.43,RUN_014_WHEEL_FLAT,TRAIN001,-0.036990484688235875,0.017701281454159758,0.9067656569701552,24.44168057378749,23.989262725066443,23.549893656421453,115.62079947552377,4.973300780195986,0.3272185978959604,1.6273565082106165,1.5697011087455117,ZONE_01,WHEEL_FLAT,FRONT_BOGIE_AXLE_1,1
1.44,RUN_014_WHEEL_FLAT,TRAIN001,-0.07502122196424518,0.15383107478138977,1.212380278577123,24.301476579225216,23.924782913301158,23.532412974882302,114.81770954292003,5.002376302895582,0.3401575312485389,1.7015959735691546,1.634592664995441,ZONE_01,WHEEL_FLAT,FRONT_BOGIE_AXLE_1,1
1.45,RUN_014_WHEEL_FLAT,TRAIN001,0.019645068403462987,-0.0458486954137407,1.1339897064633706,24.33421003998755,24.045461634085083,23.497152190863527,115.55878755008466,5.019098456992716,0.3242805719371542,1.627596118242486,1.6395835343549847,ZONE_01,WHEEL_FLAT,FRONT_BOGIE_AXLE_1,1
1.46,RUN_014_WHEEL_FLAT,TRAIN001,0.08900473244231673,-0.030134988012377222,1.1157567208160306,24.17661943521761,24.002602844451022,23.50196777867579,115.57087008447645,4.963689715721614,0.3569993863840221,1.7720341827132975,1.552774890736137,ZONE_01,WHEEL_FLAT,FRONT_BOGIE_AXLE_1,1
1.47,RUN_014_WHEEL_FLAT,TRAIN001,0.07529688712771598,-0.03741902110959691,1.032108489908629,24.384935982799092,24.061570832406765,23.60129936278595,113.9176307286221,5.010852654657511,0.3153370555168917,1.5801075217486997,1.610253104050401,ZONE_01,WHEEL_FLAT,FRONT_BOGIE_AXLE_1,1
1.48,RUN_014_WHEEL_FLAT,TRAIN001,-0.024183282781882327,0.06821938014649336,0.8603155327304539,24.294615840868694,24.153317429229137,23.537628008415144,114.78004269305508,5.015666041296558,0.32551506899025673,1.6326748774647368,1.590732400244262,ZONE_01,WHEEL_FLAT,FRONT_BOGIE_AXLE_1,1
1.49,RUN_014_WHEEL_FLAT,TRAIN001,0.022230390170240966,0.10904032682462056,1.045192825347234,24.456858854621817,23.975647241169774,23.52925893209665,116.35690791547084,4.94246765535695,0.326717840761176,1.6147923603901748,1.6215415833166051,ZONE_01,WHEEL_FLAT,FRONT_BOGIE_AXLE_1,1
1.5,RUN_014_WHEEL_FLAT,TRAIN001,0.06707684150928371,-0.03245986403614333,0.8880727280192845,24.32310268766845,23.877738867570464,23.522945427268823,115.4103649191736,5.032882740616659,0.32178256809390365,1.6194939331911127,1.5607971765737272,ZONE_01,WHEEL_FLAT,FRONT_BOGIE_AXLE_1,1
1.51,RUN_014_WHEEL_FLAT,TRAIN001,0.0416193488941931,-0.05623501238288823,0.9456959246140888,24.26443155831994,24.116709097475127,23.478139276484022,112.9434005726931,4.9349932152237335,0.3153148396390911,1.5560765942782742,1.6007690835323516,ZONE_01,WHEEL_FLAT,FRONT_BOGIE_AXLE_1,1
1.52,RUN_014_WHEEL_FLAT,TRAIN001,-0.04482927365751077,0.030647318983079833,0.8781696347998322,24.478926176785812,24.150872713933463,23.514074878760873,114.85743142306981,5.0267233791709565,0.35439441802981464,1.7814427065581544,1.5956508970159458,ZONE_01,WHEEL_FLAT,FRONT_BOGIE_AXLE_1,1
1.53,RUN_014_WHEEL_FLAT,TRAIN001,0.003956224628543751,-0.08049071362663235,0.9726652958168861,24.295272203160867,24.116286943059368,23.409648316667145,114.78619543468317,4.998437848856679,0.34030931750910615,1.701014972956101,1.583980639304608,ZONE_01,WHEEL_FLAT,FRONT_BOGIE_AXLE_1,1
1.54,RUN_014_WHEEL_FLAT,TRAIN001,0.08952651737348273,-0.0713424327488269,0.9065271596536362,24.353051942610996,23.95642002634934,23.62331358458163,114.0747827028154,4.995470554183236,0.3339525521001876,1.66825014051083,1.5753238549775161,ZONE_01,WHEEL_FLAT,FRONT_BOGIE_AXLE_1,1
1.55,RUN_014_WHEEL_FLAT,TRAIN001,0.09284144972484572,-0.04106820907730247,1.0421211394440768,24.43765405659481,24.06211503540449,23.47340082419651,115.06837943308265,5.003534446347436,0.30093692260917837,1.5057482584528163,1.6230666930011877,ZONE_01,WHEEL_FLAT,FRONT_BOGIE_AXLE_1,1
1.56,RUN_014_WHEEL_FLAT,TRAIN001,-0.0023030196200291,0.09625591435387068,0.9071196719936168,24.43647597947238,24.054785625938447,23.521298165278143,115.27025100559676,5.029039783494239,0.354888688710804,1.7847493342387362,1.5852393870550088,ZONE_01,WHEEL_FLAT,FRONT_BOGIE_AXLE_1,1
1.57,RUN_014_WHEEL_FLAT,TRAIN001,0.029518582844328546,-0.08621495752413579,0.900413236508144,24.36076488979066,24.06580924567902,23.605425702478566,114.33947071962461,5.010419786974783,0.34667299693866327,1.7369772434713269,1.6019476562874244,ZONE_01,WHEEL_FLAT,FRONT_BOGIE_AXLE_1,1
1.58,RUN_014_WHEEL_FLAT,TRAIN001,-0.00021917943688506275,0.08556960498189906,1.0447895841426442,24.243414905078478,24.10182079485593,23.542092392040477,116.64557117492161,4.933640477249082,0.33539207369554463,1.654703910532846,1.6503030518298303,ZONE_01,WHEEL_FLAT,FRONT_BOGIE_AXLE_1,1
1.59,RUN_014_WHEEL_FLAT,TRAIN001,-0.24883251967790632,0.25847944063141204,1.8502335966596002,24.36621228269278,24.113050268531236,23.488691976376106,114.27047141214261,5.017318738597406,0.30784386996782986,1.544550817351936,1.7199098579269942,ZONE_01,WHEEL_FLAT,FRONT_BOGIE_AXLE_1,1
1.6,RUN_014_WHEEL_FLAT,TRAIN001,-0.031129395253600506,0.0878794162378255,1.2141414703443623,24.56893180056192,24.017415497647523,23.531151227984218,116.22338919438361,5.040745601833421,0.33887540263375737,1.708184695395642,1.6827365224358017,ZONE_01,WHEEL_FLAT,FRONT_BOGIE_AXLE_1,1
1.61,RUN_014_WHEEL_FLAT,TRAIN001,0.0862420180081737,0.023352882826847835,0.8878228861073046,24.419870816013717,24.11490142669726,23.64247254410746,112.39963681938056,4.938298880704822,0.3385976193445402,1.67209624461846,1.5556421951145134,ZONE_01,WHEEL_FLAT,FRONT_BOGIE_AXLE_1,1
1.62,RUN_014_WHEEL_FLAT,TRAIN001,0.05461159720474059,0.08269851057718959,0.9246727298536009,24.51683770288398,24.08205739992065,23.481728361376046,114.60324874369671,5.000842533675201,0.3576564825935924,1.7885837505987012,1.5748092533549674,ZONE_01,WHEEL_FLAT,FRONT_BOGIE_AXLE_1,1
1.6300000000000001,RUN_014_WHEEL_FLAT,TRAIN001,-0.0393372821167014,-0.017104090187369296,0.8585680997080453,24.488435922461534,24.040131396474656,23.44538815945794,112.98227453495166,5.020472061285574,0.32926104772652515,1.6530458909806354,1.5837035202401384,ZONE_01,WHEEL_FLAT,FRONT_BOGIE_AXLE_1,1
1.6400000000000001,RUN_014_WHEEL_FLAT,TRAIN001,0.06873148841078884,-0.02348084956720232,0.9631275523427881,24.249061277824552,24.142010072015736,23.498367661358813,112.7693048509822,5.04294727601812,0.34750312698404,1.7524399476319434,1.593730367228254,ZONE_01,WHEEL_FLAT,FRONT_BOGIE_AXLE_1,1
1.6500000000000001,RUN_014_WHEEL_FLAT,TRAIN001,-0.06941885343090164,0.0011200798637398986,0.9179141099619581,24.506851293473233,23.98658985688901,23.499134237871626,115.9204819208198,5.015781744015498,0.3299818181804817,1.6551167794867014,1.5952710527871856,ZONE_01,WHEEL_FLAT,FRONT_BOGIE_AXLE_1,1
1.6600000000000001,RUN_014_WHEEL_FLAT,TRAIN001,-0.07854824910058658,-0.03472237046206276,1.0718349872143156,24.340365937378834,24.062996143981493,23.507785642510015,116.85105315847865,5.001254269767746,0.3119008785947037,1.5598956008160734,1.6531131782951363,ZONE_01,WHEEL_FLAT,FRONT_BOGIE_AXLE_1,1
1.67,RUN_014_WHEEL_FLAT,TRAIN001,-0.07865417969657182,-0.00845058664573148,1.1676467580697467,24.521767231673188,24.011982417742534,23.49971592739966,115.6021915299199,4.976087599377211,0.30612161921352365,1.5232879932696874,1.5530040073845306,ZONE_01,WHEEL_FLAT,FRONT_BOGIE_AXLE_1,1
1.68,RUN_014_WHEEL_FLAT,TRAIN001,0.049539595760687734,-0.05632837570923308,0.9562783350465082,24.721298923774988,23.953006550632118,23.506038383457643,114.24057988446418,5.045810502663314,0.3285783799198146,1.657944240347497,1.6255712555371251,ZONE_01,WHEEL_FLAT,FRONT_BOGIE_AXLE_1,1
1.69,RUN_014_WHEEL_FLAT,TRAIN001,-0.016416011850786363,0.07157802488838737,1.0659956296359014,24.403053626562244,24.121016178807114,23.535461382532116,115.01805514858488,4.970210911054934,0.29729979336481255,1.4776426768361688,1.6058987528132875,ZONE_01,WHEEL_FLAT,FRONT_BOGIE_AXLE_1,1
1.7,RUN_014_WHEEL_FLAT,TRAIN001,-0.07879275399389246,-0.02462065273757025,1.0273811188236357,24.348007266357282,24.070557328568572,23.518593946487155,116.03446446408631,5.02333199462228,0.33700948595148794,1.6929105332713172,1.6173776208683959,ZONE_01,WHEEL_FLAT,FRONT_BOGIE_AXLE_1,1
1.71,RUN_014_WHEEL_FLAT,TRAIN001,0.05895489692816513,0.04366675550701391,1.1683356327424208,24.458418761887263,24.180352570680085,23.581987588878906,112.70413092092815,5.022436257403802,0.2994644701778909,1.5040412128256588,1.553827599689009,ZONE_01,WHEEL_FLAT,FRONT_BOGIE_AXLE_1,1
1.72,RUN_014_WHEEL_FLAT,TRAIN001,-0.0005124899203438146,0.022286472278280553,1.1006478740220513,24.274625005848847,24.295372858699462,23.38466965339254,115.65924825184035,4.989502111714752,0.3484521531447875,1.7386027539474693,1.5927823106154573,ZONE_01,WHEEL_FLAT,FRONT_BOGIE_AXLE_1,1
1.73,RUN_014_WHEEL_FLAT,TRAIN001,-0.09210596821009508,-0.07081997572024286,0.8067873120089928,24.495367859401302,24.20054862854976,23.53694792520736,114.41836636935078,5.020664749789736,0.3320762002374652,1.6672432727763595,1.6001309387609208,ZONE_01,WHEEL_FLAT,FRONT_BOGIE_AXLE_1,1
1.74,RUN_014_WHEEL_FLAT,TRAIN001,-0.06275035408556227,-0.025228050989065425,1.0995723818914414,24.377632961851216,24.161725309087796,23.541542457868662,114.2552062816018,4.9830977635161275,0.3697245600850339,1.8423736284767165,1.5865081799350478,ZONE_01,WHEEL_FLAT,FRONT_BOGIE_AXLE_1,1
1.75,RUN_014_WHEEL_FLAT,TRAIN001,-0.08797923972714682,0.027171988533429486,1.0542520975070897,24.379709788514425,24.141690097683252,23.475587562468792,115.56748943437285,5.020628000520824,0.3227446733788429,1.6203809441847663,1.57271762383965,ZONE_01,WHEEL_FLAT,FRONT_BOGIE_AXLE_1,1
1.76,RUN_014_WHEEL_FLAT,TRAIN001,-0.013265773927399367,-0.03344881078865581,0.9405660007413813,24.38607844530222,24.196282460492352,23.44828023068618,115.20137168212705,4.965250511058407,0.34590853599796884,1.7175225351433803,1.5853648829645703,ZONE_01,WHEEL_FLAT,FRONT_BOGIE_AXLE_1,1
1.77,RUN_014_WHEEL_FLAT,TRAIN001,0.05775082242879035,-0.06949278813720007,0.8663845594598384,24.37812281226161,24.249399872753443,23.45691153000354,115.25602201443832,5.0194400936409895,0.30635023870547085,1.537706670854728,1.5758889574082822,ZONE_01,WHEEL_FLAT,FRONT_BOGIE_AXLE_1,1
1.78,RUN_014_WHEEL_FLAT,TRAIN001,0.06194476376723663,0.06697589061915399,1.0916818586857153,24.594493048779096,24.22823906303894,23.49595730005257,113.6757852585853,4.970890546499213,0.3476736088582283,1.728247455540632,1.5898805184970128,ZONE_01,WHEEL_FLAT,FRONT_BOGIE_AXLE_1,1
1.79,RUN_014_WHEEL_FLAT,TRAIN001,0.00018544408313123968,-0.05896465822040515,0.8788003016712188,24.51411769545802,24.027965651301386,23.505547513603844,113.38531223879352,4.979049105972955,0.33804222313389953,1.6831288288759525,1.5764533921312256,ZONE_01,WHEEL_FLAT,FRONT_BOGIE_AXLE_1,1
1.8,RUN_014_WHEEL_FLAT,TRAIN001,0.04507488329943705,-0.023102090039617346,0.865023380570213,24.534260893391842,24.05960365389643,23.47981766279281,115.76269985573656,4.985843168602348,0.3434371955633895,1.712323995343674,1.6055177799079785,ZONE_01,WHEEL_FLAT,FRONT_BOGIE_AXLE_1,1
1.81,RUN_014_WHEEL_FLAT,TRAIN001,-0.06794445056816036,-0.04286302706374358,1.1078378979361163,24.51023589938627,24.31454001883549,23.502789704017946,116.50844384583418,4.977821043031387,0.2981450520417506,1.4841127139291141,1.5786745075827104,ZONE_01,WHEEL_FLAT,FRONT_BOGIE_AXLE_1,1
1.82,RUN_014_WHEEL_FLAT,TRAIN001,-0.023510263424259367,0.044470456171666985,0.8281814807688224,24.47916829552,24.21572311355452,23.52715182163459,112.8520815984577,5.007185640963984,0.33168576999592825,1.6608122248356945,1.6304899935346957,ZONE_01,WHEEL_FLAT,FRONT_BOGIE_AXLE_1,1
1.83,RUN_014_WHEEL_FLAT,TRAIN001,-0.009359427682943825,-0.00511964106897104,0.8433086019022358,24.363200163207473,24.140468528659525,23.547713577918152,115.13896387444423,5.013944004246028,0.35237212992818506,1.7667741281168259,1.6141073044046481,ZONE_01,WHEEL_FLAT,FRONT_BOGIE_AXLE_1,1
1.84,RUN_014_WHEEL_FLAT,TRAIN001,0.08047182780377746,-0.014197186707590608,0.9867902430724039,24.55586727447731,24.152350442377525,23.54040092553938,114.3147824458979,5.025135883573742,0.30571572245563455,1.53626304708448,1.5699276187073128,ZONE_01,WHEEL_FLAT,FRONT_BOGIE_AXLE_1,1
1.85,RUN_014_WHEEL_FLAT,TRAIN001,-0.005241666555275912,-0.021870721712168646,1.2306831474399922,24.57236663392877,24.172723136828196,23.607606883279313,114.95999379988316,5.016362217375311,0.3304879179466873,1.657847104886794,1.653236562914102,ZONE_01,WHEEL_FLAT,FRONT_BOGIE_AXLE_1,1
1.86,RUN_014_WHEEL_FLAT,TRAIN001,0.12485541847168322,0.07581969167803172,1.0406972366093081,24.582646453580974,24.158973100933167,23.549616444190043,117.05879738252175,5.050503217824579,0.2967167170336518,1.4985687341608036,1.6244886085052488,ZONE_01,WHEEL_FLAT,FRONT_BOGIE_AXLE_1,1
1.87,RUN_014_WHEEL_FLAT,TRAIN001,-0.03513605032199085,0.02390871605888867,1.173355199853778,24.634380782286208,24.24573353444805,23.435344635157204,116.531255903686,5.030940620659617,0.3384298037120704,1.7026202467369158,1.6098091227735887,ZONE_01,WHEEL_FLAT,FRONT_BOGIE_AXLE_1,1
1.8800000000000001,RUN_014_WHEEL_FLAT,TRAIN001,-0.07389914518302569,-0.018775979240329563,1.0195519757741487,24.552984736538953,24.348664753946785,23.52136106644102,115.19082397474611,4.980693420158367,0.33415288051736325,1.6643130533197963,1.5839977057536534,ZONE_01,WHEEL_FLAT,FRONT_BOGIE_AXLE_1,1
1.8900000000000001,RUN_014_WHEEL_FLAT,TRAIN001,-0.15672022227612542,-0.019861115555735737,1.0181989937898768,24.378245162633746,24.301155454410488,23.46418913200384,114.3464779886237,5.026881547259638,0.35452011567693975,1.7821306276287607,1.569381305313305,ZONE_01,WHEEL_FLAT,FRONT_BOGIE_AXLE_1,1
1.9000000000000001,RUN_014_WHEEL_FLAT,TRAIN001,0.004233837230800682,0.011787969154717814,1.062357524573475,24.623057638872837,24.15443081794733,23.5712208044133,112.99133375220833,4.9920157027236325,0.3448304496046146,1.7213990192034865,1.6151393102682694,ZONE_01,WHEEL_FLAT,FRONT_BOGIE_AXLE_1,1
1.9100000000000001,RUN_014_WHEEL_FLAT,TRAIN001,0.043472431048065995,0.013329315590955857,0.9580004434586382,24.467272251316473,24.222560413915488,23.56052498822121,116.59418075210857,4.973421976798244,0.3308472007205315,1.6454427390256712,1.5682876859499695,ZONE_01,WHEEL_FLAT,FRONT_BOGIE_AXLE_1,1
1.92,RUN_014_WHEEL_FLAT,TRAIN001,0.010310697187088828,0.020936401661478032,1.0563978629826825,24.616257681989655,24.25161879374708,23.475136447047376,113.91011415648717,5.005531104380446,0.32980608602277783,1.6508546220009874,1.6418427839076641,ZONE_01,WHEEL_FLAT,FRONT_BOGIE_AXLE_1,1
1.93,RUN_014_WHEEL_FLAT,TRAIN001,0.03352578417654406,0.03512033524977465,0.936822519754222,24.551848324980213,24.23873298763185,23.493250125142126,114.11654945469485,5.016744213081396,0.3237373085525405,1.624107269239504,1.5579063518718443,ZONE_01,WHEEL_FLAT,FRONT_BOGIE_AXLE_1,1
1.94,RUN_014_WHEEL_FLAT,TRAIN001,0.03542390724030479,-0.05290251304407834,0.9034947289362993,24.485327957728586,24.13978696452541,23.445779615792244,116.96081505611097,4.966583562050372,0.3146761718652847,1.5628655025550608,1.5705398212665933,ZONE_01,WHEEL_FLAT,FRONT_BOGIE_AXLE_1,1
1.95,RUN_014_WHEEL_FLAT,TRAIN001,-0.030335891010200924,-0.1070212197287292,1.0128987077976752,24.401297807181443,24.314616309892283,23.54613198631846,112.61873317047416,5.020464921102908,0.31689659456929115,1.5909682366520965,1.5761591007674718,ZONE_01,WHEEL_FLAT,FRONT_BOGIE_AXLE_1,1
1.96,RUN_014_WHEEL_FLAT,TRAIN001,0.009944670760691795,0.07152956051061363,1.0681249991696795,24.46226641092556,24.117472369405736,23.47834082372236,113.45859598712653,5.0160001812453725,0.37674534334486115,1.8897547105011736,1.6215427883585785,ZONE_01,WHEEL_FLAT,FRONT_BOGIE_AXLE_1,1
1.97,RUN_014_WHEEL_FLAT,TRAIN001,0.0714151940449936,-0.04425073463791327,0.7571257270834523,24.71618560892607,24.156397946933748,23.486316995997317,114.69309812248832,5.02287300306378,0.3512423008108887,1.76424547027702,1.6572532643664253,ZONE_01,WHEEL_FLAT,FRONT_BOGIE_AXLE_1,1
1.98,RUN_014_WHEEL_FLAT,TRAIN001,0.032586820285581054,-0.0017767729008972045,1.0542050307383204,24.68551055231054,24.04971078939184,23.51515022969909,115.46228901218164,5.040407311190046,0.3084510689124667,1.554719022890782,1.5956403165755058,ZONE_01,WHEEL_FLAT,FRONT_BOGIE_AXLE_1,1
1.99,RUN_014_WHEEL_FLAT,TRAIN001,0.012972583486793606,0.0011332632713626082,0.9223457030214824,24.70065058235459,24.387765834802686,23.54150089185458,114.30249090747196,4.972567991256117,0.33592788826114606,1.6704242645376364,1.6384645457334477,ZONE_01,WHEEL_FLAT,FRONT_BOGIE_AXLE_1,1
2.0,RUN_014_WHEEL_FLAT,TRAIN001,-0.10021048041189126,-0.0772162376037372,0.9614376028472051,24.641591912296764,24.156902108896727,23.514427811429787,115.49094294594533,5.0317530107624355,0.34789566478430156,1.7505250587096084,1.5832744259776377,ZONE_01,WHEEL_FLAT,FRONT_BOGIE_AXLE_1,1
2.0100000000000002,RUN_014_WHEEL_FLAT,TRAIN001,-0.060183334339227755,0.02010021614231703,0.9611611885013447,24.687243786108915,24.26857295106048,23.47209387526513,112.2077879643304,4.959921828686346,0.3657982211770762,1.8143305821108162,1.6061379087284622,ZONE_01,WHEEL_FLAT,FRONT_BOGIE_AXLE_1,1
2.02,RUN_014_WHEEL_FLAT,TRAIN001,-0.025657012898353294,0.04638669678387927,0.9714687530400202,24.556240147063477,24.338354312565162,23.52198475512329,115.31312845688805,4.989068889134828,0.2814102859427448,1.4039753026794841,1.612372804237247,ZONE_01,WHEEL_FLAT,FRONT_BOGIE_AXLE_1,1
2.0300000000000002,RUN_014_WHEEL_FLAT,TRAIN001,-0.0463977846721903,-0.0683527136063182,1.12409492764161,24.616896163292246,24.151401006614208,23.435778367872977,116.00596938212958,5.015392856517038,0.3427555346927857,1.7190536602298752,1.6111027871507966,ZONE_01,WHEEL_FLAT,FRONT_BOGIE_AXLE_1,1
2.04,RUN_014_WHEEL_FLAT,TRAIN001,-0.10642787626886663,0.04626384392300248,0.9102022102544569,24.74448802204235,24.363441019517392,23.487683340111936,113.4978717299105,4.996308130432745,0.32549607667911185,1.6262786943358065,1.6004342587739482,ZONE_01,WHEEL_FLAT,FRONT_BOGIE_AXLE_1,1
2.05,RUN_014_WHEEL_FLAT,TRAIN001,-0.01821914220641785,0.0009511413658426853,1.1311954868424836,24.683584968104707,24.27950242518119,23.467290675863268,113.47072618886601,4.954596542108306,0.3009252963811755,1.4909634328830892,1.5933003378900714,ZONE_01,WHEEL_FLAT,FRONT_BOGIE_AXLE_1,1
2.06,RUN_014_WHEEL_FLAT,TRAIN001,0.06612776337228035,0.04062351080624731,1.2217448112912077,24.59824918298675,24.355323210940607,23.409908355781393,114.71388733918296,4.999601577663778,0.33530324596812594,1.6763826375380284,1.649693026165813,ZONE_01,WHEEL_FLAT,FRONT_BOGIE_AXLE_1,1
2.07,RUN_014_WHEEL_FLAT,TRAIN001,0.06330985152183805,-0.019874264076847118,0.8573707191012648,24.489164756172947,24.49837985490045,23.51958484820931,116.34539752723634,5.030442755125064,0.33578229977461654,1.6891336372004522,1.594455442789426,ZONE_01,WHEEL_FLAT,FRONT_BOGIE_AXLE_1,1
2.08,RUN_014_WHEEL_FLAT,TRAIN001,-0.00676534952541097,-0.03626013444797759,0.7932347372609314,24.623588598481497,24.258042731337106,23.488407487283872,113.97041031948504,5.031143242943475,0.3420838339885758,1.7210727698918207,1.6411423279513795,ZONE_01,WHEEL_FLAT,FRONT_BOGIE_AXLE_1,1
2.09,RUN_014_WHEEL_FLAT,TRAIN001,0.03716252895010016,0.020936103695731973,0.9326585432163061,24.534924378105757,24.303496519427974,23.605871450017823,114.81482251248944,5.000078823831876,0.2984391259230127,1.4922191537305505,1.599393738693793,ZONE_01,WHEEL_FLAT,FRONT_BOGIE_AXLE_1,1
2.1,RUN_014_WHEEL_FLAT,TRAIN001,0.10709131373015496,-0.03426450778998524,1.229323846207804,24.763181739331475,24.298738682884764,23.527343178976068,114.26375137393292,5.056155514911337,0.32561800259538826,1.6463752595770864,1.6004683375758777,ZONE_01,WHEEL_FLAT,FRONT_BOGIE_AXLE_1,1
2.11,RUN_014_WHEEL_FLAT,TRAIN001,0.2651642641079467,0.17973672326309514,1.7966514470354775,24.63207299291316,24.06192892723482,23.526625877911897,116.3291361842471,5.0387751701461205,0.3207037493775465,1.6159540893363455,1.7125980603672073,ZONE_01,WHEEL_FLAT,FRONT_BOGIE_AXLE_1,1
2.12,RUN_014_WHEEL_FLAT,TRAIN001,-0.14939545828350315,0.0622154649366293,1.2289119605619603,24.582808097666906,24.2380814283415,23.51865794549153,114.02915388993445,5.025650218556987,0.3411566884100031,1.71453418566991,1.6724970191005004,ZONE_01,WHEEL_FLAT,FRONT_BOGIE_AXLE_1,1
2.13,RUN_014_WHEEL_FLAT,TRAIN001,0.035639145098198655,-0.02880392331262141,0.971511950771617,24.718280108662995,24.20418084146937,23.436573457448038,114.52902428675951,5.0167682546602235,0.3184234872374537,1.5974568423110624,1.629922378488895,ZONE_01,WHEEL_FLAT,FRONT_BOGIE_AXLE_1,1
2.14,RUN_014_WHEEL_FLAT,TRAIN001,0.06043666959086507,-0.027487998087118406,1.0861871525861087,24.712926779606487,24.2239542233897,23.544930320677743,115.25676313331448,5.012329647949331,0.3467496117306719,1.738023359292566,1.538517556840779,ZONE_01,WHEEL_FLAT,FRONT_BOGIE_AXLE_1,1
2.15,RUN_014_WHEEL_FLAT,TRAIN001,-0.008924942319220107,0.07162403705027452,0.955433124275792,24.7648141904379,24.19474990568488,23.506926235790136,115.13409227637136,5.023582137607664,0.37090625202348765,1.863278022392199,1.572885366613522,ZONE_01,WHEEL_FLAT,FRONT_BOGIE_AXLE_1,1
2.16,RUN_014_WHEEL_FLAT,TRAIN001,0.09053855294309524,-0.008855853394836266,0.9442278026128993,24.93968470417403,24.25701452262074,23.417430939216697,115.88401192907568,4.971620231100052,0.32861356530094626,1.6337418494641025,1.5973415672861648,ZONE_01,WHEEL_FLAT,FRONT_BOGIE_AXLE_1,1
2.17,RUN_014_WHEEL_FLAT,TRAIN001,0.018738991956028996,-0.030440937436540683,0.8501539123893439,24.8336449046437,24.255449611610555,23.458865102331938,116.16697469598643,4.977374366503473,0.3506605886557895,1.7453690253183451,1.5802063824931931,ZONE_01,WHEEL_FLAT,FRONT_BOGIE_AXLE_1,1
2.18,RUN_014_WHEEL_FLAT,TRAIN001,0.009756635714711423,-0.013337011468139549,0.9110576799047188,24.739168826455547,24.37561995814285,23.508305685246906,113.43258298545051,4.985933316374525,0.3431275691878836,1.7108111789804739,1.5704028857319698,ZONE_01,WHEEL_FLAT,FRONT_BOGIE_AXLE_1,1
2.19,RUN_014_WHEEL_FLAT,TRAIN001,0.05702573113106418,-0.00280722379680549,1.0951130464187306,24.80607095090859,24.23816752465517,23.560114666821757,114.13287402044561,4.954916693247846,0.31430301101523184,1.5573452360174338,1.6237364994634687,ZONE_01,WHEEL_FLAT,FRONT_BOGIE_AXLE_1,1
2.2,RUN_014_WHEEL_FLAT,TRAIN001,0.016054913185590963,0.012143142667859532,1.022440979318589,24.733929774738467,24.173434861129557,23.541972164453746,113.9789086774272,4.9688253498469805,0.3303716953942457,1.641559254946853,1.5850714819947462,ZONE_01,WHEEL_FLAT,FRONT_BOGIE_AXLE_1,1
2.21,RUN_014_WHEEL_FLAT,TRAIN001,0.029253655000754653,0.04807335998012864,0.8929636122170711,24.73916662514465,24.3078014824382,23.470438171912367,114.45223591852111,4.962330110324667,0.35724372227559714,1.7727612797726588,1.6413147939013772,ZONE_01,WHEEL_FLAT,FRONT_BOGIE_AXLE_1,1
2.22,RUN_014_WHEEL_FLAT,TRAIN001,-0.03812566154119846,-0.047325755095036684,0.9015705677632788,24.754276609858383,24.465506704573983,23.503335486115994,115.41852038859257,5.003875199280114,0.28982981139920627,1.4502722052725212,1.6146860182512799,ZONE_01,WHEEL_FLAT,FRONT_BOGIE_AXLE_1,1
2.23,RUN_014_WHEEL_FLAT,TRAIN001,-0.0009672598264165192,-0.04374971464897624,0.9565071043753324,24.626327874284154,24.35090883006279,23.48405149237147,114.19526143215171,4.961401914666927,0.3114620045735924,1.5452881858374203,1.685648575813263,ZONE_01,WHEEL_FLAT,FRONT_BOGIE_AXLE_1,1
2.24,RUN_014_WHEEL_FLAT,TRAIN001,-0.06218788176259017,0.032197111932656064,1.144881941366732,24.705609518791864,24.371524688154118,23.567496944353948,115.84526388435782,4.991487863642121,0.29087518737093815,1.4518999675966657,1.6044505902541009,ZONE_01,WHEEL_FLAT,FRONT_BOGIE_AXLE_1,1
2.25,RUN_014_WHEEL_FLAT,TRAIN001,0.05801718788850617,-0.017689067791235684,1.0787033076072907,24.718796862522503,24.326589805647938,23.479355207778845,116.20298950887313,4.993274511770427,0.3282479754043524,1.639032249126799,1.601686727704445,ZONE_01,WHEEL_FLAT,FRONT_BOGIE_AXLE_1,1
2.2600000000000002,RUN_014_WHEEL_FLAT,TRAIN001,-0.1615855130973447,-0.02817821099876254,1.075912964068456,24.589070680790797,24.34904992527249,23.547595118292453,112.06361352272089,5.029820352555015,0.34061971867424234,1.7132559934692677,1.6159155876387468,ZONE_01,WHEEL_FLAT,FRONT_BOGIE_AXLE_1,1
2.27,RUN_014_WHEEL_FLAT,TRAIN001,-0.052214136775061454,-0.037566413101722575,0.9395122688981898,24.681101707041734,24.435257799572433,23.50377450939236,116.420431200085,5.00701267440746,0.27946803266113657,1.3992999816260288,1.6319858178575906,ZONE_01,WHEEL_FLAT,FRONT_BOGIE_AXLE_1,1
2.2800000000000002,RUN_014_WHEEL_FLAT,TRAIN001,0.003639062698102913,0.000287518928862931,0.9173847995334888,24.56193572793765,24.25107608243778,23.478794677693077,114.50396856619967,5.018117614729402,0.31149083988604653,1.5630976704590258,1.572414560616151,ZONE_01,WHEEL_FLAT,FRONT_BOGIE_AXLE_1,1
2.29,RUN_014_WHEEL_FLAT,TRAIN001,-0.03396951019640663,-0.19020136395773785,1.007844094301733,24.76885233776288,24.325638063536775,23.4542436201729,114.81628029134632,5.017857535273608,0.33048534553226994,1.6583283813766028,1.6570904003989817,ZONE_01,WHEEL_FLAT,FRONT_BOGIE_AXLE_1,1
2.3000000000000003,RUN_014_WHEEL_FLAT,TRAIN001,-0.006760910002524751,-0.05028755059526324,0.9192627405806428,24.94200239276193,24.356683316840613,23.499786145240503,114.5487825762306,5.022762546218172,0.3410794449102289,1.7131610611799821,1.5822460389091473,ZONE_01,WHEEL_FLAT,FRONT_BOGIE_AXLE_1,1
2.31,RUN_014_WHEEL_FLAT,TRAIN001,-0.05711896436557444,0.05197586192351053,1.1194789842328265,24.83769390243942,24.28241628377059,23.407580358572,115.22488205342826,5.023089275908676,0.3242334050366992,1.6286533397311977,1.609689818667405,ZONE_01,WHEEL_FLAT,FRONT_BOGIE_AXLE_1,1
2.32,RUN_014_WHEEL_FLAT,TRAIN001,0.07948821351396285,-0.00409366370292663,0.9070067089459379,24.725330308387502,24.329086425859117,23.438602000540726,115.20979545036238,4.9733353274904974,0.30578729939772237,1.5207827787926063,1.6514372395241421,ZONE_01,WHEEL_FLAT,FRONT_BOGIE_AXLE_1,1
2.33,RUN_014_WHEEL_FLAT,TRAIN001,-0.08561398377156193,0.007276066367289328,0.8940548681845727,24.835246480835867,24.340721189334687,23.51751189222993,113.22343094102808,4.970222493729957,0.36439850030084153,1.8111416228767052,1.6132613678653513,ZONE_01,WHEEL_FLAT,FRONT_BOGIE_AXLE_1,1
2.34,RUN_014_WHEEL_FLAT,TRAIN001,0.0031370716818398007,-0.07763093224828059,1.0501880454674763,24.821838925367423,24.3718019165652,23.504627354383,114.58686020570197,5.0056181498306955,0.34482992211469876,1.7260869167420412,1.6007125487324296,ZONE_01,WHEEL_FLAT,FRONT_BOGIE_AXLE_1,1
2.35,RUN_014_WHEEL_FLAT,TRAIN001,0.002835834115410134,-0.12098163385156924,0.9517825822817976,24.7769877830203,24.401193702459203,23.452084449818088,115.54099931780199,5.022138040471561,0.33491541770988026,1.6819914596212124,1.515472906927013,ZONE_01,WHEEL_FLAT,FRONT_BOGIE_AXLE_1,1
2.36,RUN_014_WHEEL_FLAT,TRAIN001,0.028149782684483832,-0.03979921060941467,0.9741631992852728,24.873050126314574,24.372905377554655,23.51291285396088,115.91223720822082,5.001017233560009,0.37133112704902244,1.8570333657294222,1.5710258048872612,ZONE_01,WHEEL_FLAT,FRONT_BOGIE_AXLE_1,1
2.37,RUN_014_WHEEL_FLAT,TRAIN001,-0.03777680727667457,0.0840109452038017,0.8691100330395435,24.661311013791174,24.4640695576237,23.470813725596766,114.21374199513811,4.941062123457123,0.2774001976842312,1.3706516098170731,1.6279778170901822,ZONE_01,WHEEL_FLAT,FRONT_BOGIE_AXLE_1,1
2.38,RUN_014_WHEEL_FLAT,TRAIN001,0.014268835632552676,-0.03289208921077933,0.8775727924684391,24.88826834133418,24.410129324318977,23.553774170282775,115.36423178674728,5.010023528659479,0.3474260239115009,1.7406125542652304,1.648603544522934,ZONE_01,WHEEL_FLAT,FRONT_BOGIE_AXLE_1,1
2.39,RUN_014_WHEEL_FLAT,TRAIN001,-0.07522286017257361,-0.04138563060917552,0.9951292384261557,24.86757443594441,24.426474913582958,23.43517595447078,116.58297156332769,5.007958243609975,0.32634937276093995,1.634344031615094,1.5730150902697617,ZONE_01,WHEEL_FLAT,FRONT_BOGIE_AXLE_1,1
2.4,RUN_014_WHEEL_FLAT,TRAIN001,0.005429670920044322,-0.025577815036595723,1.040257197223024,24.968074345483124,24.522251085232185,23.50191214836479,116.22079318853142,4.98152274058205,0.3158500045418716,1.5734139802382772,1.5666716289686309,ZONE_01,WHEEL_FLAT,FRONT_BOGIE_AXLE_1,1
2.41,RUN_014_WHEEL_FLAT,TRAIN001,0.031456182746592155,-0.023861446553195664,1.0817339452043704,24.62000552739375,24.4286918916286,23.457244594449783,115.08951282079757,4.978714554812931,0.3501955439887272,1.743523651887308,1.5741667323542583,ZONE_01,WHEEL_FLAT,FRONT_BOGIE_AXLE_1,1
2.42,RUN_014_WHEEL_FLAT,TRAIN001,-0.07615485432285536,-0.011148489893743611,0.7992973251845483,24.883095219550786,24.44924169973877,23.549232331538462,117.47044709770765,4.95507157151398,0.3123692324997959,1.5478119037753797,1.5780004225115876,ZONE_01,WHEEL_FLAT,FRONT_BOGIE_AXLE_1,1
2.43,RUN_014_WHEEL_FLAT,TRAIN001,-0.018374909318410612,0.046220944056112157,0.9931515181900359,24.86809355166087,24.3120669184172,23.457302147889834,113.30508711176299,4.981751207269827,0.3211951107450627,1.600114130723382,1.5207375381153052,ZONE_01,WHEEL_FLAT,FRONT_BOGIE_AXLE_1,1
2.44,RUN_014_WHEEL_FLAT,TRAIN001,-0.047139377555651146,-0.03280819905753157,0.9616456435460443,24.784409333343593,24.522527726691635,23.461596730330562,113.34714973546261,5.013429771505056,0.3179860316451613,1.5942006379726006,1.6102135751485045,ZONE_01,WHEEL_FLAT,FRONT_BOGIE_AXLE_1,1
2.45,RUN_014_WHEEL_FLAT,TRAIN001,0.03709921331303707,-0.07899469164465933,0.943083407807663,24.781219341371884,24.56208126007228,23.44413563094409,116.6196808883478,4.969265088740564,0.34868928045839287,1.7327294681999592,1.5725621714759552,ZONE_01,WHEEL_FLAT,FRONT_BOGIE_AXLE_1,1
2.46,RUN_014_WHEEL_FLAT,TRAIN001,0.06399183041027783,0.06138653371098095,1.0506514796195874,24.80127032537345,24.445976140999385,23.523645835755573,113.60576313644444,5.030057557833193,0.3046907015385813,1.5326117660756386,1.6427563192106127,ZONE_01,WHEEL_FLAT,FRONT_BOGIE_AXLE_1,1
2.47,RUN_014_WHEEL_FLAT,TRAIN001,0.08566953558976848,-0.049908239675654706,0.8854722080022334,24.763302326282133,24.349765142216214,23.527061244849566,116.14568366619703,5.047285210489204,0.2926170355303641,1.476921635769601,1.633006525896571,ZONE_01,WHEEL_FLAT,FRONT_BOGIE_AXLE_1,1
2.48,RUN_014_WHEEL_FLAT,TRAIN001,0.030656301561317024,0.0629995701850442,1.0472828687982867,24.846415323026662,24.322930389167,23.510905680514732,113.30694935044693,5.018614933853992,0.31121444985166985,1.5618654856567444,1.60047076550131,ZONE_01,WHEEL_FLAT,FRONT_BOGIE_AXLE_1,1
2.49,RUN_014_WHEEL_FLAT,TRAIN001,-0.008370513873627822,-0.0041483399395713235,1.1679098278348015,24.90385487638691,24.493206187820164,23.5833537419139,114.5069224280206,5.020506360907583,0.3100190150363695,1.5564524369923969,1.5724161731573525,ZONE_01,WHEEL_FLAT,FRONT_BOGIE_AXLE_1,1
2.5,RUN_014_WHEEL_FLAT,TRAIN001,-0.08644749960115712,-0.05501765984766408,0.8364699052498993,25.01048443977642,24.42044016661906,23.454868623251564,114.77293045927836,5.035976899279959,0.2912915055865763,1.4669372930904772,1.5810282654514853,ZONE_01,WHEEL_FLAT,FRONT_BOGIE_AXLE_1,1
2.5100000000000002,RUN_014_WHEEL_FLAT,TRAIN001,-0.06011836232291842,0.011317725307366746,0.9172210260547835,24.893957545029416,24.45350474867663,23.36703656355037,115.11860244014613,4.988814906559015,0.3481513598174874,1.7368626935962725,1.583456388891405,ZONE_01,WHEEL_FLAT,FRONT_BOGIE_AXLE_1,1
2.52,RUN_014_WHEEL_FLAT,TRAIN001,0.06972192517447251,0.014991796752185187,1.2007723517829594,24.911718860786415,24.38498488611716,23.543023853439447,116.12960167392826,5.032719632786907,0.32968343406347467,1.6592042912158567,1.5554295949386863,ZONE_01,WHEEL_FLAT,FRONT_BOGIE_AXLE_1,1
2.5300000000000002,RUN_014_WHEEL_FLAT,TRAIN001,-0.02083700355005313,-0.0439883257912865,1.0765382926645917,24.954417586892195,24.579681438473692,23.58969210933624,116.11002268134851,4.998005618080724,0.35965349983242584,1.7975502127248593,1.6123446598150433,ZONE_01,WHEEL_FLAT,FRONT_BOGIE_AXLE_1,1
2.54,RUN_014_WHEEL_FLAT,TRAIN001,-0.030803141866359178,0.023875105260270257,0.9875986139172008,24.889555381803664,24.292231154166775,23.556587701795156,113.11415052283803,5.022878569309073,0.3489715995674023,1.7528419687646124,1.5596944530970616,ZONE_01,WHEEL_FLAT,FRONT_BOGIE_AXLE_1,1
2.5500000000000003,RUN_014_WHEEL_FLAT,TRAIN001,-0.026944045933162793,0.02968656797784633,0.9974285943359327,24.894407318714602,24.195634048593117,23.480662589388857,114.32133981424765,4.996690675462719,0.3454348343326719,1.7260310156900707,1.594081218583616,ZONE_01,WHEEL_FLAT,FRONT_BOGIE_AXLE_1,1
2.56,RUN_014_WHEEL_FLAT,TRAIN001,-0.05019688704728408,-0.030894153211749514,1.121459359828421,24.943321289891298,24.27480332120596,23.509457366244146,116.43596928672393,5.006732707547064,0.3197317256131262,1.6008112882677021,1.5371748944380417,ZONE_01,WHEEL_FLAT,FRONT_BOGIE_AXLE_1,1
2.57,RUN_014_WHEEL_FLAT,TRAIN001,-0.01925738220938136,-0.06433360720013295,1.1240965810951806,25.009172698332453,24.341306410576422,23.431181832931088,114.70809424311506,5.0157021463503,0.33893446059864657,1.6999943014967127,1.6152298310099402,ZONE_01,WHEEL_FLAT,FRONT_BOGIE_AXLE_1,1
2.58,RUN_014_WHEEL_FLAT,TRAIN001,0.009836501156759818,-0.01080873095540512,0.9311560828955665,24.883378490048205,24.492628724957907,23.494501877789133,114.76961485620754,4.971303552446486,0.31627576463858315,1.572302832300517,1.6241110378482602,ZONE_01,WHEEL_FLAT,FRONT_BOGIE_AXLE_1,1
2.59,RUN_014_WHEEL_FLAT,TRAIN001,-0.01569806477742306,-0.04372074057287925,1.1222887169129185,24.845673937728407,24.352428426937273,23.480679141192073,116.2701977352519,5.023069277601508,0.32648082509764764,1.6399358022739852,1.59378841035375,ZONE_01,WHEEL_FLAT,FRONT_BOGIE_AXLE_1,1
2.6,RUN_014_WHEEL_FLAT,TRAIN001,0.0562270749282955,-0.038193998142267,1.1375371718296161,24.799844271419957,24.358582150295558,23.579202107994874,114.7816200401122,5.057159563667942,0.3182523233762454,1.609452780821722,1.6017688345899195,ZONE_01,WHEEL_FLAT,FRONT_BOGIE_AXLE_1,1
2.61,RUN_014_WHEEL_FLAT,TRAIN001,-0.09000645311292525,-0.06798812618895628,1.1821788038859755,24.972442979452236,24.53854896690266,23.551417965117842,111.93601393045854,5.014835419032634,0.3665561011072739,1.8382185188952644,1.6219054711091663,ZONE_01,WHEEL_FLAT,FRONT_BOGIE_AXLE_1,1
2.62,RUN_014_WHEEL_FLAT,TRAIN001,0.013916797772390344,-0.026984323367936287,0.8464215528678789,24.95688591242749,24.610542755898592,23.484566048199888,115.68244574469023,5.0144719754186555,0.2991040843483495,1.4998490486980562,1.659114544496974,ZONE_01,WHEEL_FLAT,FRONT_BOGIE_AXLE_1,1
2.63,RUN_014_WHEEL_FLAT,TRAIN001,0.13615821958139962,0.11845561901033053,1.5030636814499068,24.832329771103748,24.49222030400406,23.45417758288577,116.49206219806159,5.012428545892643,0.3382120532382925,1.6952637502165797,1.7352304423041176,ZONE_01,WHEEL_FLAT,FRONT_BOGIE_AXLE_1,1
2.64,RUN_014_WHEEL_FLAT,TRAIN001,0.1062894374645085,0.021257531688172182,1.444981703167485,24.876411598491003,24.400589067878418,23.508599820325866,115.61545207568686,5.031419468409363,0.3227620646042711,1.6239513355139303,1.6619555689984955,ZONE_01,WHEEL_FLAT,FRONT_BOGIE_AXLE_1,1
2.65,RUN_014_WHEEL_FLAT,TRAIN001,-0.146351662509094,-0.000738829904587002,1.1571957699025799,25.131635261282582,24.47101428938093,23.475435530117483,114.04865810568737,5.047626379770868,0.33669579453965237,1.6995145744762616,1.6113242871709885,ZONE_01,WHEEL_FLAT,FRONT_BOGIE_AXLE_1,1
2.66,RUN_014_WHEEL_FLAT,TRAIN001,0.10843541511525308,-0.06585332042831939,1.1330299296922561,25.03452085240732,24.3964138268275,23.543112960461997,114.77191073641477,5.02747206258891,0.3249520022774111,1.6336871131320123,1.6303760365415498,ZONE_01,WHEEL_FLAT,FRONT_BOGIE_AXLE_1,1
2.67,RUN_014_WHEEL_FLAT,TRAIN001,-0.020212527982071092,0.042629173160284285,0.9659732586458838,25.103274075152946,24.521232662209357,23.561048507062544,115.010986362887,4.940497083319094,0.33308410498275626,1.6456010491672584,1.6158430929078644,ZONE_01,WHEEL_FLAT,FRONT_BOGIE_AXLE_1,1
2.68,RUN_014_WHEEL_FLAT,TRAIN001,-0.02230996145031416,0.07193529330550145,0.8772118973153296,25.318923068246033,24.36712532040387,23.573564823441203,114.14942189328941,5.007676364472582,0.36740343428275835,1.8398374940838245,1.6564709064276093,ZONE_01,WHEEL_FLAT,FRONT_BOGIE_AXLE_1,1
2.69,RUN_014_WHEEL_FLAT,TRAIN001,-0.0260028267052442,0.0021754561412782054,1.0034463975401497,24.865332230944716,24.419120462682642,23.4838420544588,114.77982258613426,4.992645961601704,0.3216894282824045,1.6060814250041076,1.5766826919247934,ZONE_01,WHEEL_FLAT,FRONT_BOGIE_AXLE_1,1
2.7,RUN_014_WHEEL_FLAT,TRAIN001,-0.009109860240249634,-0.009895676137636143,1.0310724095258919,24.936814785716958,24.339830864859298,23.518615528293193,113.04501239040545,5.028702315073877,0.32411820737211056,1.6298939797697274,1.5864447253243552,ZONE_01,WHEEL_FLAT,FRONT_BOGIE_AXLE_1,1
2.71,RUN_014_WHEEL_FLAT,TRAIN001,0.09973394149917782,-0.01659126607001263,0.958385637639093,25.13598117750947,24.294966837721898,23.53717564023607,114.72612731162259,5.020728079442948,0.3369958408762859,1.6919644809430565,1.5442313967395191,ZONE_01,WHEEL_FLAT,FRONT_BOGIE_AXLE_1,1
2.72,RUN_014_WHEEL_FLAT,TRAIN001,0.07653872779201493,0.039059428497110686,0.8284445848022569,24.962719617505954,24.388890661128613,23.50398930150228,116.14296859101778,5.045530308735092,0.3216304349571055,1.6227961077877266,1.6308029160624145,ZONE_01,WHEEL_FLAT,FRONT_BOGIE_AXLE_1,1
2.73,RUN_014_WHEEL_FLAT,TRAIN001,0.021709918257306112,0.03072046870682644,0.9365150181101993,25.033039641247854,24.55995724267769,23.507066740967996,113.72177079615554,5.010357393740313,0.311741628133916,1.5619369714574092,1.581209757146003,ZONE_01,WHEEL_FLAT,FRONT_BOGIE_AXLE_1,1
2.74,RUN_014_WHEEL_FLAT,TRAIN001,0.003959795333570916,0.009812809224569197,1.1557258281898757,25.224480995425722,24.66015663366666,23.46737491034531,115.16882006025088,4.983295878725949,0.35298792373643567,1.7590432655958095,1.6688336026709891,ZONE_01,WHEEL_FLAT,FRONT_BOGIE_AXLE_1,1
2.75,RUN_014_WHEEL_FLAT,TRAIN001,-0.06099411343482028,0.008536037463092365,0.8849372251291026,25.202958381945052,24.41350836390524,23.475380945382852,113.87656928487267,4.972117657599757,0.3319680740528028,1.6505843227573245,1.626005864057057,ZONE_01,WHEEL_FLAT,FRONT_BOGIE_AXLE_1,1
2.7600000000000002,RUN_014_WHEEL_FLAT,TRAIN001,0.06840084528043838,0.02148653625438207,1.0892273173384825,24.92814991834518,24.56576620422439,23.453885131206214,114.88336941504195,5.030293302528139,0.35178494546243766,1.7695814550899267,1.5879666504261778,ZONE_01,WHEEL_FLAT,FRONT_BOGIE_AXLE_1,1
2.77,RUN_014_WHEEL_FLAT,TRAIN001,-0.0013893675890027386,-0.10331772192726951,0.9725285007362602,24.91081565616508,24.392816289553544,23.406455584633942,115.61293251443482,5.048815592562347,0.36292914196986037,1.8323623109727047,1.5939985865114747,ZONE_01,WHEEL_FLAT,FRONT_BOGIE_AXLE_1,1
2.7800000000000002,RUN_014_WHEEL_FLAT,TRAIN001,0.09956733191374778,0.06294591885911333,1.0920038024872898,25.073798446279607,24.66079751701139,23.48839094754519,114.92087841206862,4.992933874894113,0.3132870194535373,1.5642213719941775,1.57303995554602,ZONE_01,WHEEL_FLAT,FRONT_BOGIE_AXLE_1,1
2.79,RUN_014_WHEEL_FLAT,TRAIN001,0.13581564276872649,-0.02341585080337611,1.0791922596459476,25.085467413794433,24.501102989892036,23.421294210731315,114.36258400379633,5.019751227714394,0.33369832045397985,1.6750825537850966,1.6006425498409584,ZONE_01,WHEEL_FLAT,FRONT_BOGIE_AXLE_1,1
2.8000000000000003,RUN_014_WHEEL_FLAT,TRAIN001,-0.027121869774893295,-0.12524038940709278,1.023774460934015,25.017964003178882,24.567911381890504,23.48561286695289,114.76090018701348,5.019002687276662,0.29528379787365067,1.4820301750371112,1.5585744395018748,ZONE_01,WHEEL_FLAT,FRONT_BOGIE_AXLE_1,1
2.81,RUN_014_WHEEL_FLAT,TRAIN001,-0.004600699231791236,-0.016768834855756014,0.8605147137862191,25.0041422064075,24.420818343839443,23.45665817651058,115.9825086694125,4.9466112084784735,0.3218979994343125,1.5923042519885677,1.5886800988332188,ZONE_01,WHEEL_FLAT,FRONT_BOGIE_AXLE_1,1
2.82,RUN_014_WHEEL_FLAT,TRAIN001,0.0829009476827032,-0.05977978310212356,0.9834926598095484,24.975904079387945,24.56376199338104,23.43477326714164,115.96028293954703,5.014495513074825,0.3375155297120841,1.6924701093343186,1.6588611396981454,ZONE_01,WHEEL_FLAT,FRONT_BOGIE_AXLE_1,1
2.83,RUN_014_WHEEL_FLAT,TRAIN001,-0.006879348162903164,-0.003418658969776953,1.0652816685419262,25.125599913344697,24.41488461545004,23.536333037867276,116.54703707933199,4.96596294345997,0.2999159051029745,1.4893712708956282,1.6785591166772826,ZONE_01,WHEEL_FLAT,FRONT_BOGIE_AXLE_1,1
2.84,RUN_014_WHEEL_FLAT,TRAIN001,-0.029401183264902608,0.055835688758704684,1.0497021943869174,25.092127094290046,24.521083766544702,23.65559071298522,115.66794403314574,4.977842281232857,0.31145086159244506,1.5503532673612757,1.5766693171645398,ZONE_01,WHEEL_FLAT,FRONT_BOGIE_AXLE_1,1
2.85,RUN_014_WHEEL_FLAT,TRAIN001,0.042522653631602306,-0.06907768220354801,0.9561799999891907,24.976468490835526,24.448093670498896,23.452695048160084,116.47190852140409,4.981224259088583,0.33939941499645104,1.6906245995007954,1.5750820673215675,ZONE_01,WHEEL_FLAT,FRONT_BOGIE_AXLE_1,1
2.86,RUN_014_WHEEL_FLAT,TRAIN001,0.04945621262812153,0.01074066409237607,0.9634080502263039,25.12611257812024,24.5480679941297,23.476876726581917,114.15918580429455,4.983654869815457,0.3082523621623451,1.536223385822489,1.5844206568691233,ZONE_01,WHEEL_FLAT,FRONT_BOGIE_AXLE_1,1
2.87,RUN_014_WHEEL_FLAT,TRAIN001,-0.038305969145289276,0.13897012240553255,1.0411867085298285,25.075435385404266,24.548636996717246,23.4651136217354,114.63370358838043,4.9959278667219085,0.3351263751886804,1.67426719667863,1.6750570743454714,ZONE_01,WHEEL_FLAT,FRONT_BOGIE_AXLE_1,1
2.88,RUN_014_WHEEL_FLAT,TRAIN001,-0.03154675568827124,0.08611987162404064,0.9854182426661118,25.145244938693292,24.54275764144532,23.51862050874907,115.20512176215998,5.016858748960669,0.32052861862359033,1.6080468046340366,1.619620205840391,ZONE_01,WHEEL_FLAT,FRONT_BOGIE_AXLE_1,1
2.89,RUN_014_WHEEL_FLAT,TRAIN001,-0.0011352206662042822,0.08929415421979892,1.0701761254717064,25.043488069987795,24.62112855591559,23.495530162068196,114.96581407927123,4.993758906931054,0.35490282977807114,1.7722991672992785,1.6063259566590107,ZONE_01,WHEEL_FLAT,FRONT_BOGIE_AXLE_1,1
2.9,RUN_014_WHEEL_FLAT,TRAIN001,0.04631117174074434,0.0856106985136225,1.0226146370654956,25.169816908954843,24.61895444140064,23.48790259389996,116.08823849291065,5.031616767912904,0.35331248462457837,1.7777330219499985,1.567686424505542,ZONE_01,WHEEL_FLAT,FRONT_BOGIE_AXLE_1,1
2.91,RUN_014_WHEEL_FLAT,TRAIN001,-0.07648355785314855,0.030530868467528952,1.2354152263770246,25.198277231218135,24.53481208824931,23.481908502864638,114.3585548287336,5.0257176556094185,0.33737905869449203,1.695571891913795,1.565197136147619,ZONE_01,WHEEL_FLAT,FRONT_BOGIE_AXLE_1,1
2.92,RUN_014_WHEEL_FLAT,TRAIN001,0.0502907255716775,-0.014759605203810035,1.0265911983075482,25.132572089930182,24.545621202711672,23.514295411704865,117.59892833002851,4.966195743635865,0.3627810972647675,1.801641941107837,1.6227413896727092,ZONE_01,WHEEL_FLAT,FRONT_BOGIE_AXLE_1,1
2.93,RUN_014_WHEEL_FLAT,TRAIN001,0.024207627001879145,0.051301149320237015,1.06189876377891,24.944666355662623,24.468877845567697,23.449461441728,116.0183570350122,4.9982202005187855,0.3348279940358562,1.6735440434892,1.6423048981849073,ZONE_01,WHEEL_FLAT,FRONT_BOGIE_AXLE_1,1
2.94,RUN_014_WHEEL_FLAT,TRAIN001,0.022255440874732867,-0.02538323832303492,0.9475926538110684,25.169568168343496,24.519518226466527,23.59423266882697,115.22684670568626,4.985610748826872,0.3212862843935141,1.6018083529229512,1.5770610295216332,ZONE_01,WHEEL_FLAT,FRONT_BOGIE_AXLE_1,1
2.95,RUN_014_WHEEL_FLAT,TRAIN001,0.09078909418350638,0.07743441741045452,1.0547961928638632,25.243531369662122,24.55092450274615,23.419661033096162,116.1089469820128,4.978699775008213,0.26436533797515727,1.3161956486968855,1.6194697296027358,ZONE_01,WHEEL_FLAT,FRONT_BOGIE_AXLE_1,1
2.96,RUN_014_WHEEL_FLAT,TRAIN001,0.09507192139044209,-0.04713811149374295,0.9855081080738339,25.128089507581123,24.63936783167881,23.441126670088128,114.76575488687045,4.978484209215975,0.356333828517495,1.774002338483822,1.6153894694735245,ZONE_01,WHEEL_FLAT,FRONT_BOGIE_AXLE_1,1
2.97,RUN_014_WHEEL_FLAT,TRAIN001,0.03746710522439687,0.0004703428622546015,1.0790125092010634,25.24067907123324,24.576603728375883,23.44920429593232,112.91390541688952,4.988166074577996,0.34610424282752694,1.7264254423397745,1.6300296110613752,ZONE_01,WHEEL_FLAT,FRONT_BOGIE_AXLE_1,1
2.98,RUN_014_WHEEL_FLAT,TRAIN001,0.046110782575905146,-0.07836230280260398,0.9293976764965585,25.428987967230196,24.629398194966658,23.500894981663357,115.74296940187675,4.982068242854105,0.3273598770259569,1.630929247315645,1.6043974175670677,ZONE_01,WHEEL_FLAT,FRONT_BOGIE_AXLE_1,1
2.99,RUN_014_WHEEL_FLAT,TRAIN001,-0.09095278614484431,0.04201927416567387,1.001135431100282,24.994553117239427,24.56993028896836,23.49789971528983,114.32206900066113,5.0169772477940136,0.30134262446271337,1.5118290907199687,1.5915532183625665,ZONE_01,WHEEL_FLAT,FRONT_BOGIE_AXLE_1,1
3.0,RUN_014_WHEEL_FLAT,TRAIN001,0.0009707005658781665,-0.015870314004153802,1.011248990812304,25.162235828013088,24.473136323996908,23.491998551461204,113.91578428384211,5.03571697448452,0.3186260913322515,1.6045108166354738,1.5811998829858722,ZONE_01,WHEEL_FLAT,FRONT_BOGIE_AXLE_1,1
3.0100000000000002,RUN_014_WHEEL_FLAT,TRAIN001,0.06710048460262313,0.08432385975488206,1.075242170174944,25.080592740096296,24.607850040102505,23.554217689207274,114.85674614551101,5.073688006763324,0.31322664330487426,1.5892142635346742,1.6388474631247714,ZONE_01,WHEEL_FLAT,FRONT_BOGIE_AXLE_1,1
3.02,RUN_014_WHEEL_FLAT,TRAIN001,0.03904645619697366,0.06723124763091598,0.8794261658674293,25.21948445766699,24.66518394915841,23.47571278961161,114.30693714653593,5.013116137733898,0.3561695646131988,1.7855193921320833,1.588332985438106,ZONE_01,WHEEL_FLAT,FRONT_BOGIE_AXLE_1,1
3.0300000000000002,RUN_014_WHEEL_FLAT,TRAIN001,0.0343416195790451,0.009434029332650177,0.9918596728935486,25.157248219044906,24.586952150423276,23.483513933968563,115.32442760561773,4.938684078773188,0.3418203033940519,1.6881424901736248,1.5785810932214446,ZONE_01,WHEEL_FLAT,FRONT_BOGIE_AXLE_1,1
3.04,RUN_014_WHEEL_FLAT,TRAIN001,0.11867489405548234,0.07446756293327152,1.086420415777397,25.26645880893456,24.554736469698227,23.51520126030709,115.83402976827766,4.988298525832267,0.3341402166709567,1.6667911502410078,1.5549078241722885,ZONE_01,WHEEL_FLAT,FRONT_BOGIE_AXLE_1,1
3.0500000000000003,RUN_014_WHEEL_FLAT,TRAIN001,0.002321685307625387,0.04058910743458468,1.0510448351513462,25.106254039749434,24.531773176252194,23.52642827119458,114.70625646023643,5.02863963500153,0.32557199013103916,1.6371842136192705,1.6153874594873012,ZONE_01,WHEEL_FLAT,FRONT_BOGIE_AXLE_1,1
3.06,RUN_014_WHEEL_FLAT,TRAIN001,0.038851556954618324,-0.012185788454593505,1.0125609503822177,25.035194541668897,24.46860532004989,23.541536393444225,115.575094005518,5.04323056539924,0.328737410332046,1.6578985557767663,1.5935415086243196,ZONE_01,WHEEL_FLAT,FRONT_BOGIE_AXLE_1,1
3.0700000000000003,RUN_014_WHEEL_FLAT,TRAIN001,0.03676707768158575,-0.028332639261486194,0.9592340123122863,25.117672376073955,24.69062923198503,23.494662248293164,114.5551258260782,5.020579516477632,0.2861687620709895,1.436733025109371,1.5893112872463515,ZONE_01,WHEEL_FLAT,FRONT_BOGIE_AXLE_1,1
3.08,RUN_014_WHEEL_FLAT,TRAIN001,0.034050183150537504,-0.014084629251150853,0.9798065530371876,25.14911720041347,24.81312763114022,23.459235610216528,115.50670392364144,5.039497832894892,0.34204564894451206,1.7237383066069953,1.6214764323883644,ZONE_01,WHEEL_FLAT,FRONT_BOGIE_AXLE_1,1
3.09,RUN_014_WHEEL_FLAT,TRAIN001,0.08139920005107715,0.08048016720170444,0.9788385969069068,25.116949117786636,24.524563684043912,23.473414917053702,111.84485138334392,5.032922324577949,0.34899482665039905,1.7564638542110047,1.619862654981749,ZONE_01,WHEEL_FLAT,FRONT_BOGIE_AXLE_1,1
3.1,RUN_014_WHEEL_FLAT,TRAIN001,0.12072362993511083,0.09019157522287995,1.1743519945475316,25.190871961852157,24.67624661947766,23.536127950927128,118.24793244417488,4.994150418412513,0.2947204523263237,1.4718782703002347,1.6049397623479136,ZONE_01,WHEEL_FLAT,FRONT_BOGIE_AXLE_1,1
3.11,RUN_014_WHEEL_FLAT,TRAIN001,-0.02079496485630946,0.05788609610371197,0.7796868449943,25.276595244141017,24.678512496940552,23.458438326378726,115.04186652804822,4.988143069054652,0.3073721483180775,1.5332162512532568,1.6462142780138955,ZONE_01,WHEEL_FLAT,FRONT_BOGIE_AXLE_1,1
3.12,RUN_014_WHEEL_FLAT,TRAIN001,0.036993381341436204,0.16058287716205852,0.9759337193304068,25.01027608419578,24.686568513383186,23.43877031968135,114.66123801808669,5.01027424661793,0.29546087164402235,1.480339996081331,1.611734454861333,ZONE_01,WHEEL_FLAT,FRONT_BOGIE_AXLE_1,1
3.13,RUN_014_WHEEL_FLAT,TRAIN001,0.018543576972249176,0.013635913335825985,0.8055729155538135,25.21459389489524,24.673575076007463,23.41792127414766,116.18135739192306,4.963353931126162,0.3080349266976498,1.5288863643489392,1.5777143242534217,ZONE_01,WHEEL_FLAT,FRONT_BOGIE_AXLE_1,1
3.14,RUN_014_WHEEL_FLAT,TRAIN001,0.044118374008551994,0.08052812490544023,0.982639209163889,25.217738694068572,24.57425475063875,23.434237325523462,115.73336189587127,5.018235718478571,0.34706700745839336,1.741664053533178,1.5798981498795348,ZONE_01,WHEEL_FLAT,FRONT_BOGIE_AXLE_1,1
3.15,RUN_014_WHEEL_FLAT,TRAIN001,-0.1340543594938759,0.12504462930092036,1.4993612629943323,25.13193463374224,24.690579516272344,23.49699210333664,116.52896551021468,4.988659770046752,0.31540210576009664,1.573433796393425,1.6417236398941726,ZONE_01,WHEEL_FLAT,FRONT_BOGIE_AXLE_1,1
3.16,RUN_014_WHEEL_FLAT,TRAIN001,0.2150991931381127,0.17972731044423274,1.6350495918762715,25.12798129305038,24.684534672249196,23.559850318633938,115.215401138263,5.02847749879254,0.3268594255812271,1.6436052668034553,1.7230338108516585,ZONE_01,WHEEL_FLAT,FRONT_BOGIE_AXLE_1,1
3.17,RUN_014_WHEEL_FLAT,TRAIN001,0.019793886461637607,0.041325655721157595,0.9984666697478488,25.21692394008776,24.70538772266061,23.53266658971504,116.65358053243709,5.042183296007207,0.36226247769614006,1.8265938138096607,1.6017597858785293,ZONE_01,WHEEL_FLAT,FRONT_BOGIE_AXLE_1,1
3.18,RUN_014_WHEEL_FLAT,TRAIN001,-0.08194372009813373,0.01998237323778674,1.067549003972963,25.238975608436476,24.568849570766684,23.44436943753227,113.88436704029401,5.107056494721591,0.33665323036804196,1.7193070666201127,1.5880349378659635,ZONE_01,WHEEL_FLAT,FRONT_BOGIE_AXLE_1,1
3.19,RUN_014_WHEEL_FLAT,TRAIN001,-0.025184963269488242,-0.07101391993765091,0.8630689376473492,25.113198413818704,24.631027940753725,23.414159485893055,114.81074143780975,4.961429044234189,0.3012057418178605,1.4944109157452372,1.5829845514160048,ZONE_01,WHEEL_FLAT,FRONT_BOGIE_AXLE_1,1
3.2,RUN_014_WHEEL_FLAT,TRAIN001,-0.04811970262634845,-0.01828427730582306,0.8832042565087064,25.23133911610499,24.66082091324703,23.559991475117165,114.99242269702869,5.016142974035468,0.3350938266172487,1.6808785440287712,1.5830119491024037,ZONE_01,WHEEL_FLAT,FRONT_BOGIE_AXLE_1,1
3.21,RUN_014_WHEEL_FLAT,TRAIN001,0.020699989882967215,-0.03853724817088317,1.080516226519006,25.201706941987972,24.627475235015503,23.510331434366275,117.04287338282178,5.02884883588903,0.3273066479958371,1.6459756557526057,1.5820549077140746,ZONE_01,WHEEL_FLAT,FRONT_BOGIE_AXLE_1,1
3.22,RUN_014_WHEEL_FLAT,TRAIN001,-0.10392700036183643,0.014575388869191033,1.1604694384333225,25.3516132630331,24.621693186200943,23.494154131747983,113.03642846780862,5.013733527531306,0.33656778876225196,1.687461206804377,1.630022048657691,ZONE_01,WHEEL_FLAT,FRONT_BOGIE_AXLE_1,1
3.23,RUN_014_WHEEL_FLAT,TRAIN001,-0.01852680561411595,-0.025526734926923415,1.0916613756547926,25.321920635187332,24.590940638302108,23.533354219602945,113.3263568404635,5.011592853414073,0.3509525045777133,1.7588310638294378,1.5675313455188813,ZONE_01,WHEEL_FLAT,FRONT_BOGIE_AXLE_1,1
3.24,RUN_014_WHEEL_FLAT,TRAIN001,0.04226121974569656,0.007141932607475497,0.9171950132076654,25.252717020992606,24.549754539457535,23.568732704992946,115.379358165485,5.010807330329401,0.32875181026872924,1.647311980753609,1.582679474429556,ZONE_01,WHEEL_FLAT,FRONT_BOGIE_AXLE_1,1
3.25,RUN_014_WHEEL_FLAT,TRAIN001,-0.02226775651909894,0.00802277721537933,0.9114325411688348,25.38673681989804,24.6446757782044,23.48105376814023,115.25980575802646,4.99162651052603,0.300300544431229,1.4989881587083225,1.6313401355743984,ZONE_01,WHEEL_FLAT,FRONT_BOGIE_AXLE_1,1
3.2600000000000002,RUN_014_WHEEL_FLAT,TRAIN001,-0.07885924717212123,0.015956213627524987,0.8826355863536016,25.13540492729538,24.75826029967855,23.476688874184205,116.41614883622516,5.004475562868695,0.3189404518728099,1.5961296974077763,1.62260542713014,ZONE_01,WHEEL_FLAT,FRONT_BOGIE_AXLE_1,1
3.27,RUN_014_WHEEL_FLAT,TRAIN001,0.024727056974412322,-0.1234472507541022,0.8742860945975334,25.110340014832932,24.465719961311958,23.521817817265845,116.12859346396252,5.047264172211528,0.3007025883493239,1.5177254006668142,1.6033115101273334,ZONE_01,WHEEL_FLAT,FRONT_BOGIE_AXLE_1,1
3.2800000000000002,RUN_014_WHEEL_FLAT,TRAIN001,0.026264418751282003,-0.015502768758520805,1.0830513791265626,25.211385456459137,24.784627534011157,23.49617646663469,115.56908513304327,4.987706727333158,0.3208844191927634,1.600477376304139,1.574118632794102,ZONE_01,WHEEL_FLAT,FRONT_BOGIE_AXLE_1,1
3.29,RUN_014_WHEEL_FLAT,TRAIN001,-0.11462435753710437,0.07465219324800783,0.9362247269860197,25.29676842496456,24.835751667948273,23.535243167315553,115.24549812873558,4.977332117825391,0.34772503999664583,1.730743009747424,1.5936272382036174,ZONE_01,WHEEL_FLAT,FRONT_BOGIE_AXLE_1,1
3.3000000000000003,RUN_014_WHEEL_FLAT,TRAIN001,0.04339876087197528,0.04045963285271576,1.0514064452284104,25.356115219108236,24.586386283639737,23.516359227017343,113.25935941686409,4.932215176122153,0.32421655655953574,1.5991058206130084,1.5743238016123187,ZONE_01,WHEEL_FLAT,FRONT_BOGIE_AXLE_1,1
3.31,RUN_014_WHEEL_FLAT,TRAIN001,-0.0005543929921222029,-0.09328412439477492,0.9730177480015896,25.266019590252647,24.64240421464398,23.46910162926124,115.20555986650213,4.974595402469373,0.2858935682530378,1.4222048302271257,1.5710723925732757,ZONE_01,WHEEL_FLAT,FRONT_BOGIE_AXLE_1,1
3.3200000000000003,RUN_014_WHEEL_FLAT,TRAIN001,0.03987256807083815,-0.06622455570984849,1.215002331887403,25.12746928691081,24.72521485375921,23.540975990960177,113.97703256274997,4.968035019331944,0.30827431487562684,1.5315175918626764,1.6219915951603654,ZONE_01,WHEEL_FLAT,FRONT_BOGIE_AXLE_1,1
3.33,RUN_014_WHEEL_FLAT,TRAIN001,-0.11703497175924613,-0.005536268975502659,1.180479945722081,25.430067191215514,24.661568062533476,23.44586993525305,114.85176706746637,4.992880599692435,0.3684718285923283,1.8397358445118321,1.5333902474106045,ZONE_01,WHEEL_FLAT,FRONT_BOGIE_AXLE_1,1
3.34,RUN_014_WHEEL_FLAT,TRAIN001,0.014299420491841986,-0.07166579514543645,1.0788230573299686,25.350437395685045,24.678774850961105,23.493200933097903,113.03815436366958,4.980900520201102,0.3371455812539776,1.6792886010514398,1.6018053379391703,ZONE_01,WHEEL_FLAT,FRONT_BOGIE_AXLE_1,1
3.35,RUN_014_WHEEL_FLAT,TRAIN001,0.02591017922888239,0.026764811512993748,1.0711753885962296,25.270178991155586,24.787915726213633,23.56262810748424,113.97906156610372,4.954750379651983,0.3498125295304917,1.7332337634982244,1.5609625618441856,ZONE_01,WHEEL_FLAT,FRONT_BOGIE_AXLE_1,1
3.36,RUN_014_WHEEL_FLAT,TRAIN001,0.15413397363861756,0.05948595946745143,1.159358518363226,25.148992645690686,24.798762104612177,23.483600555741663,113.94083154817902,4.960388085618104,0.31250497142792266,1.5501459369674935,1.591066876760799,ZONE_01,WHEEL_FLAT,FRONT_BOGIE_AXLE_1,1
3.37,RUN_014_WHEEL_FLAT,TRAIN001,0.05723006873517124,-0.08747941498736155,0.9010197598266205,25.25713497302604,24.82078048393378,23.48283442910012,113.83137641351135,5.0299915987832,0.3300974266434486,1.6603872827965,1.6392714529186703,ZONE_01,WHEEL_FLAT,FRONT_BOGIE_AXLE_1,1
3.38,RUN_014_WHEEL_FLAT,TRAIN001,0.07791651005412872,-0.04441236290661847,0.9250660624652692,25.27187069730575,24.855161871617042,23.47171006969074,113.96223863351386,5.003853539450827,0.30137863372375245,1.5080545430734529,1.567056719532275,ZONE_01,WHEEL_FLAT,FRONT_BOGIE_AXLE_1,1
3.39,RUN_014_WHEEL_FLAT,TRAIN001,-0.01713463988978214,0.04014243424613171,1.0762156290567002,25.48465404045396,24.85340507629387,23.544223606243314,114.59409168859665,5.051361384714178,0.29964001690190883,1.513590010693406,1.5455923278385657,ZONE_01,WHEEL_FLAT,FRONT_BOGIE_AXLE_1,1
3.4,RUN_014_WHEEL_FLAT,TRAIN001,0.07812853555166134,0.08755999908059361,0.981589801753624,25.337023474432435,24.94507866249084,23.47800112377518,116.52137944766189,5.021206940512762,0.33403130030265327,1.6772402834281852,1.590799147912006,ZONE_01,WHEEL_FLAT,FRONT_BOGIE_AXLE_1,1
3.41,RUN_014_WHEEL_FLAT,TRAIN001,0.03850582131655188,0.07473470091080212,1.0734298077284712,25.374672380372257,24.625368743756475,23.515578711042625,112.5658993466607,4.9676686847130425,0.32991794384213813,1.6389230381495057,1.6166869824249552,ZONE_01,WHEEL_FLAT,FRONT_BOGIE_AXLE_1,1
3.42,RUN_014_WHEEL_FLAT,TRAIN001,0.10177248273994485,0.00667937080704883,1.0990364005177935,25.36138978278305,24.918782181527,23.438160146326894,115.8979628460706,5.0364568849561495,0.3408876292748584,1.71686584745774,1.6116439906645115,ZONE_01,WHEEL_FLAT,FRONT_BOGIE_AXLE_1,1
3.43,RUN_014_WHEEL_FLAT,TRAIN001,0.015568462175306755,-0.0732719424264389,1.1126129229248694,25.20298571566855,24.89240187730843,23.415007304641897,115.36688562302717,4.989873690627899,0.3504280463397286,1.748591688888746,1.61121905294237,ZONE_01,WHEEL_FLAT,FRONT_BOGIE_AXLE_1,1
3.44,RUN_014_WHEEL_FLAT,TRAIN001,0.00839902286994801,0.029044513884608013,0.9414636930166246,25.321142924015298,24.83916454069607,23.419756288813407,115.21240499635856,4.995831111295142,0.33210920413218287,1.6591614943510282,1.651975126460234,ZONE_01,WHEEL_FLAT,FRONT_BOGIE_AXLE_1,1
3.45,RUN_014_WHEEL_FLAT,TRAIN001,0.04593767691712068,0.11918676172526328,0.9555072897383093,25.398343241507074,24.560392659498287,23.471693278417273,116.16985323475411,5.019023854060068,0.34580059031370414,1.7355814115325339,1.5888371323206487,ZONE_01,WHEEL_FLAT,FRONT_BOGIE_AXLE_1,1
3.46,RUN_014_WHEEL_FLAT,TRAIN001,-0.059101293444966736,-0.020901363115087116,0.9595986167789214,25.24985282289189,24.475089693788437,23.45933266353457,113.70140670344244,5.002762365327005,0.31874732066229594,1.5946170998581528,1.614375532100933,ZONE_01,WHEEL_FLAT,FRONT_BOGIE_AXLE_1,1
3.47,RUN_014_WHEEL_FLAT,TRAIN001,-0.004772278504411464,0.0010638505858080137,1.0085600902770817,25.398388623450916,24.761984014528938,23.453097359288183,114.88174224483703,4.995971689107906,0.36917576527813356,1.8443916716343007,1.5879356584513744,ZONE_01,WHEEL_FLAT,FRONT_BOGIE_AXLE_1,1
3.48,RUN_014_WHEEL_FLAT,TRAIN001,0.14285556264934998,-0.009051537191040513,0.9089990295816073,25.267424703355367,24.721635380019197,23.537476649497034,115.38838471665998,4.994548788146258,0.30553583482008917,1.5260136335359316,1.5726419731413954,ZONE_01,WHEEL_FLAT,FRONT_BOGIE_AXLE_1,1
3.49,RUN_014_WHEEL_FLAT,TRAIN001,-0.06380622323337415,-0.02451840256739608,0.9643911970446077,25.471652982067624,24.64752018067703,23.54282307491608,114.65271879574439,5.053003547303689,0.3571808659347929,1.804836182597512,1.5479501646702165,ZONE_01,WHEEL_FLAT,FRONT_BOGIE_AXLE_1,1
3.5,RUN_014_WHEEL_FLAT,TRAIN001,-0.003136846646497898,-0.0284306418606194,1.0388604710555045,25.51093617923424,24.86707217938531,23.50495572170659,114.8005578359333,5.017740276753259,0.3441568687811494,1.72688978200446,1.6187702028274655,ZONE_01,WHEEL_FLAT,FRONT_BOGIE_AXLE_1,1
3.5100000000000002,RUN_014_WHEEL_FLAT,TRAIN001,-0.054740675350362415,0.022641624102275774,1.0690716957943267,25.27527765734992,24.788718533644975,23.49923660785264,115.42764448897051,4.983532471001151,0.309579129888521,1.5427976461437274,1.5176731797143124,ZONE_01,WHEEL_FLAT,FRONT_BOGIE_AXLE_1,1
3.52,RUN_014_WHEEL_FLAT,TRAIN001,0.016079820790072447,-0.03677311870737005,0.9114948720054314,25.429023432194285,24.796900702028392,23.44424223442524,114.81849554720236,5.034881415032425,0.348556485498257,1.7549405709241932,1.5360266338579422,ZONE_01,WHEEL_FLAT,FRONT_BOGIE_AXLE_1,1
3.5300000000000002,RUN_014_WHEEL_FLAT,TRAIN001,0.0401325469145555,0.030657498899147706,1.061695187689363,25.582269059676452,24.751880218360235,23.49863024173214,114.38918328693313,4.960532300262489,0.3082964759752878,1.5293146271325138,1.6174717212569407,ZONE_01,WHEEL_FLAT,FRONT_BOGIE_AXLE_1,1
3.54,RUN_014_WHEEL_FLAT,TRAIN001,0.025817967574860393,-0.06316442070896543,0.8688072106997342,25.346349895276994,24.627012559686385,23.435399303926452,115.2984606382286,5.00853764651104,0.31487361180623913,1.5770563386244516,1.588034522494174,ZONE_01,WHEEL_FLAT,FRONT_BOGIE_AXLE_1,1
3.5500000000000003,RUN_014_WHEEL_FLAT,TRAIN001,0.08485917412747722,0.05797855969225326,1.1003833411254749,25.2509352540208,24.814564857781487,23.454529300561166,113.42825033585466,4.996725066357781,0.3196094839887997,1.5970007200925114,1.5916842005738343,ZONE_01,WHEEL_FLAT,FRONT_BOGIE_AXLE_1,1
3.56,RUN_014_WHEEL_FLAT,TRAIN001,0.022812696477540827,-0.05891791355734888,0.8462763337864874,25.461226345767454,24.789312902607012,23.568037273020018,112.57992367212168,5.027994538359896,0.34133144732149223,1.7162126529029413,1.5755411144102331,ZONE_01,WHEEL_FLAT,FRONT_BOGIE_AXLE_1,1
3.5700000000000003,RUN_014_WHEEL_FLAT,TRAIN001,-0.10100126472925071,0.1478915717277203,1.0043430634284851,25.552660749121458,24.695983103871853,23.527787526817406,114.71870465861878,4.996354318108949,0.30043034449149164,1.5010564489910234,1.5938678796544663,ZONE_01,WHEEL_FLAT,FRONT_BOGIE_AXLE_1,1
3.58,RUN_014_WHEEL_FLAT,TRAIN001,-0.08299653703727528,-0.027161617467958928,1.0088587375324933,25.368813540276307,24.907300172905135,23.48745069418883,114.27084366422406,4.997116185583576,0.30973013568105906,1.5477574741748175,1.6483554257799586,ZONE_01,WHEEL_FLAT,FRONT_BOGIE_AXLE_1,1
3.59,RUN_014_WHEEL_FLAT,TRAIN001,-0.006510210046057005,0.0031444915852278455,1.0099271912235377,25.635468926380412,24.74233798115384,23.486844265294206,115.6762535861454,5.0223587894423956,0.33238069286795596,1.669335094266332,1.6276706914338326,ZONE_01,WHEEL_FLAT,FRONT_BOGIE_AXLE_1,1
3.6,RUN_014_WHEEL_FLAT,TRAIN001,0.011215408328910482,0.003860858970145628,0.9628042648675319,25.376840637507353,24.88895577691808,23.521419255107485,113.11254179865954,5.030332621025089,0.32681979165917563,1.6440122591797743,1.602524075327072,ZONE_01,WHEEL_FLAT,FRONT_BOGIE_AXLE_1,1
3.61,RUN_014_WHEEL_FLAT,TRAIN001,0.0722847474954271,0.03529635371161315,0.8992931645753761,25.397022380432176,24.664979931286464,23.471304403213598,112.46509858011818,4.977233648444741,0.3603340125497203,1.7934665719415774,1.5874233276980223,ZONE_01,WHEEL_FLAT,FRONT_BOGIE_AXLE_1,1
3.62,RUN_014_WHEEL_FLAT,TRAIN001,0.004696666545613549,0.0012185834982831325,1.0487157362562005,25.323921796620578,24.892008705323715,23.46581481091655,114.93950136489944,4.974604691516004,0.3669717405659486,1.8255393422731618,1.604077732914497,ZONE_01,WHEEL_FLAT,FRONT_BOGIE_AXLE_1,1
3.63,RUN_014_WHEEL_FLAT,TRAIN001,-0.0657218336596483,-0.038035505087336594,1.0964581737061232,25.530910304889083,24.869317301413975,23.46323411133439,113.13469099608065,4.942192522214252,0.2779634448585301,1.373748858628741,1.5985844958574278,ZONE_01,WHEEL_FLAT,FRONT_BOGIE_AXLE_1,1
3.64,RUN_014_WHEEL_FLAT,TRAIN001,-0.025226568376943738,-0.05651974169315968,1.1376544673450313,25.670438944887124,24.759777497288713,23.50671185403781,113.73644861802569,5.068298235188285,0.30037112495557255,1.5223704425138482,1.6389661598212781,ZONE_01,WHEEL_FLAT,FRONT_BOGIE_AXLE_1,1
3.65,RUN_014_WHEEL_FLAT,TRAIN001,-0.007264244061181727,0.06526798759848669,0.9467867394664379,25.55833099551722,24.90029667528718,23.625086107758815,114.6701792014566,5.078403799689156,0.35856670273093716,1.8209465055908032,1.6467807581286384,ZONE_01,WHEEL_FLAT,FRONT_BOGIE_AXLE_1,1
3.66,RUN_014_WHEEL_FLAT,TRAIN001,-0.04693749470624479,-0.04254871492853553,0.9437014789788231,25.540718568489027,24.636102506063317,23.50601877256783,115.93222991447632,4.94153918745714,0.2916588188004774,1.4412434824700204,1.6083001499957121,ZONE_01,WHEEL_FLAT,FRONT_BOGIE_AXLE_1,1
3.67,RUN_014_WHEEL_FLAT,TRAIN001,0.07549464447385737,0.11900089083399913,1.3062325778716897,25.58486532657801,24.800499077704504,23.345621417479443,114.87189832556166,5.01502390244663,0.37187911171193816,1.8649826340559903,1.6556184029414027,ZONE_01,WHEEL_FLAT,FRONT_BOGIE_AXLE_1,1
3.68,RUN_014_WHEEL_FLAT,TRAIN001,-0.3167627415113325,0.20281577468160344,1.7329056282193174,25.498236547982113,24.95364605851218,23.44656540616733,114.9982155890206,4.968433698433547,0.3082985265731849,1.5317607886036222,1.7295981685182924,ZONE_01,WHEEL_FLAT,FRONT_BOGIE_AXLE_1,1
3.69,RUN_014_WHEEL_FLAT,TRAIN001,-0.014401817387994351,0.09247540410982512,0.8854515560630613,25.4518943245826,24.68035161852864,23.509740150012945,118.81482938901593,4.988338484788557,0.34152700469567776,1.7036523011180114,1.5835137768787413,ZONE_01,WHEEL_FLAT,FRONT_BOGIE_AXLE_1,1
3.7,RUN_014_WHEEL_FLAT,TRAIN001,0.03084920684100909,-0.035878935411800955,0.8664705414162123,25.468057659460687,24.693145631834348,23.562592741342105,114.98907005120172,5.014682164733883,0.3259062789767996,1.634316404559742,1.60937759986996,ZONE_01,WHEEL_FLAT,FRONT_BOGIE_AXLE_1,1
3.71,RUN_014_WHEEL_FLAT,TRAIN001,0.07748577504754002,0.002317170298532635,0.902496451055455,25.43450172369645,24.95226184707999,23.507044930290213,114.22804718391806,4.988626775219989,0.3286619630928634,1.639571869081422,1.5716155316919227,ZONE_01,WHEEL_FLAT,FRONT_BOGIE_AXLE_1,1
3.72,RUN_014_WHEEL_FLAT,TRAIN001,0.00749560344990751,0.05693072030529154,0.8768349501105025,25.362356059114937,24.876732170301107,23.443274936758527,116.43618449868644,5.023421434400887,0.3091743316294662,1.5531129644740287,1.5813026648836948,ZONE_01,WHEEL_FLAT,FRONT_BOGIE_AXLE_1,1
3.73,RUN_014_WHEEL_FLAT,TRAIN001,0.04752674761364541,0.012993694710880231,0.8680677787070414,25.514133943269783,24.781006330341718,23.508722796590096,114.3396920302415,5.031143857373003,0.3337120260924456,1.678953210206507,1.6402009640741693,ZONE_01,WHEEL_FLAT,FRONT_BOGIE_AXLE_1,1
3.74,RUN_014_WHEEL_FLAT,TRAIN001,0.04873855595853241,0.07202044185463664,0.8574752072593947,25.432686062673195,24.76355697105235,23.39441857135015,116.2798329696976,4.989367442260329,0.37236120871213263,1.8578468915090178,1.6125099898522002,ZONE_01,WHEEL_FLAT,FRONT_BOGIE_AXLE_1,1
3.75,RUN_014_WHEEL_FLAT,TRAIN001,-0.0033547713170202173,0.0267132883789663,0.9874561936707593,25.449972396170153,24.688879389262468,23.476822499833297,115.59456523477658,5.012562795779266,0.33004386737829317,1.6543656105955384,1.6031595614096068,ZONE_01,WHEEL_FLAT,FRONT_BOGIE_AXLE_1,1
3.7600000000000002,RUN_014_WHEEL_FLAT,TRAIN001,-0.010644793793166704,-0.039624932358815985,1.0898219307501886,25.52336235251591,24.79310836107671,23.567633323084802,113.63120693404454,5.03400023264104,0.30529480425154837,1.536854115626395,1.5588619234821275,ZONE_01,WHEEL_FLAT,FRONT_BOGIE_AXLE_1,1
3.77,RUN_014_WHEEL_FLAT,TRAIN001,-0.11476209974828502,-0.024986038405446533,0.9083741454784076,25.5271020465287,25.016655352642402,23.52574809287957,115.01742179993843,5.017541792470765,0.34644450092927703,1.7382997621843244,1.6232150499410465,ZONE_01,WHEEL_FLAT,FRONT_BOGIE_AXLE_1,1
3.7800000000000002,RUN_014_WHEEL_FLAT,TRAIN001,0.13572300999687895,-0.00765482243525293,0.940538028538498,25.44121111402078,24.744635769096842,23.46835990327694,116.13005106648946,4.94281352396042,0.31074165123725744,1.5359380361933084,1.582073716390863,ZONE_01,WHEEL_FLAT,FRONT_BOGIE_AXLE_1,1
3.79,RUN_014_WHEEL_FLAT,TRAIN001,-0.08593760238568668,0.06317745360999115,0.8968136887238384,25.45527638917708,24.722466114083748,23.454207228022643,113.8485847031457,5.000851893692987,0.3439950721750924,1.7202684081078665,1.5601550250368599,ZONE_01,WHEEL_FLAT,FRONT_BOGIE_AXLE_1,1
3.8000000000000003,RUN_014_WHEEL_FLAT,TRAIN001,-0.03042283663513018,-0.0315116970145475,1.0931228593669025,25.357575030392685,24.73743498580145,23.539682756724353,115.09706449028363,4.964008993549752,0.3363654403629321,1.6697210710809176,1.5957634370118348,ZONE_01,WHEEL_FLAT,FRONT_BOGIE_AXLE_1,1
3.81,RUN_014_WHEEL_FLAT,TRAIN001,-0.045793161644132295,0.05842539159574531,0.9800465287683757,25.49927703125491,24.708084802507056,23.563439554063887,114.22009254331344,4.9948597488464825,0.31599517653646697,1.5783515881116372,1.6229607050021468,ZONE_01,WHEEL_FLAT,FRONT_BOGIE_AXLE_1,1
3.8200000000000003,RUN_014_WHEEL_FLAT,TRAIN001,-0.01653826876890381,-0.08113479969330854,0.9128262247624428,25.480361385683665,24.92935242866702,23.489064384531854,114.33136686485899,4.959271060672627,0.374062703948459,1.855078342568545,1.6318488742169368,ZONE_01,WHEEL_FLAT,FRONT_BOGIE_AXLE_1,1
3.83,RUN_014_WHEEL_FLAT,TRAIN001,0.05065358071621596,-0.003666015593448964,1.0192465406412816,25.52811490275524,24.826393883258863,23.470650362285486,114.57277295739102,5.009476668617605,0.3272147390978556,1.6391746011385044,1.6165784371119847,ZONE_01,WHEEL_FLAT,FRONT_BOGIE_AXLE_1,1
3.84,RUN_014_WHEEL_FLAT,TRAIN001,-0.02847868804490027,-0.046872779512085724,1.0258472994190324,25.523325194302252,24.902952873071655,23.41249339816779,115.43506008682002,4.969588665266768,0.34973676874591414,1.7380478817867198,1.6143769706661046,ZONE_01,WHEEL_FLAT,FRONT_BOGIE_AXLE_1,1
3.85,RUN_014_WHEEL_FLAT,TRAIN001,-0.07658135167169773,0.04463065605492929,1.0745713048603072,25.22165826002289,24.799633311352682,23.509159012721685,114.79379672100835,5.012659555849741,0.3393738789501408,1.7011657173252166,1.5997298275267016,ZONE_01,WHEEL_FLAT,FRONT_BOGIE_AXLE_1,1
3.86,RUN_014_WHEEL_FLAT,TRAIN001,0.029406984993643054,0.0005769376580881109,1.0577120898882277,25.29975248963638,24.81120143810594,23.49960778771781,114.7034094117453,4.949311730382454,0.28969330972057233,1.433782496013346,1.6260522013382022,ZONE_01,WHEEL_FLAT,FRONT_BOGIE_AXLE_1,1
3.87,RUN_014_WHEEL_FLAT,TRAIN001,0.05398088501668526,0.044407905725055714,0.7974333336331076,25.547769402684995,24.83729270468695,23.466021882396802,114.76816693038322,4.981665587425463,0.32563554331975303,1.6222073801986074,1.5237881691061501,ZONE_01,WHEEL_FLAT,FRONT_BOGIE_AXLE_1,1
3.88,RUN_014_WHEEL_FLAT,TRAIN001,0.061003018750670095,-0.01838698020417632,0.9307674023457178,25.495765640523988,24.87177070825345,23.47145630203307,115.50231992759717,4.989174484036996,0.33813810383767096,1.68702999974756,1.587220455056337,ZONE_01,WHEEL_FLAT,FRONT_BOGIE_AXLE_1,1
3.89,RUN_014_WHEEL_FLAT,TRAIN001,-0.030654777873188856,-0.12365376708954753,0.8878235765694534,25.569430255748994,24.96431681395352,23.514710870925796,115.58874372096658,4.982812325303512,0.36127318473210157,1.8001564776847683,1.6518073634755748,ZONE_01,WHEEL_FLAT,FRONT_BOGIE_AXLE_1,1
3.9,RUN_014_WHEEL_FLAT,TRAIN001,0.06998148951328836,-0.03807315215573387,0.9221859370388954,25.62400982275431,24.884506094333165,23.582141848427263,116.06938056042236,5.013568376652768,0.3200933367642829,1.6048098307786736,1.5839744899103898,ZONE_01,WHEEL_FLAT,FRONT_BOGIE_AXLE_1,1
3.91,RUN_014_WHEEL_FLAT,TRAIN001,-0.03542021992257824,0.0053553497754530565,1.0705829123536528,25.63356867641007,24.8929802620756,23.482447891808132,115.0196282002912,5.007951292804533,0.2953774330723878,1.4792357978201487,1.5913712457691014,ZONE_01,WHEEL_FLAT,FRONT_BOGIE_AXLE_1,1
3.92,RUN_014_WHEEL_FLAT,TRAIN001,-0.08069980043999592,0.014268306816703347,0.9242453990992159,25.743262070144816,24.9496098203593,23.48140085366439,114.5265847835101,5.045132257646078,0.288626879790539,1.4561607816549855,1.6519133139463786,ZONE_01,WHEEL_FLAT,FRONT_BOGIE_AXLE_1,1
3.93,RUN_014_WHEEL_FLAT,TRAIN001,0.026003592184021075,-0.08071267170301008,0.9204387405342644,25.56011355579926,24.767873416274345,23.427050021993555,114.25503084430699,5.004464251292474,0.3160174137443323,1.5814978498694139,1.6192533624212255,ZONE_01,WHEEL_FLAT,FRONT_BOGIE_AXLE_1,1
3.94,RUN_014_WHEEL_FLAT,TRAIN001,0.07223412185684049,0.007317106170622955,0.9714227765469743,25.476269853134408,24.870506027906817,23.572513288765506,114.88149919769295,4.990781332424229,0.32446137518450247,1.6193157743635087,1.5860809153600508,ZONE_01,WHEEL_FLAT,FRONT_BOGIE_AXLE_1,1
3.95,RUN_014_WHEEL_FLAT,TRAIN001,0.004988604172375116,-0.020236705404616254,0.9046019363179636,25.700710383892066,24.910173361595543,23.440703820045357,113.72772845364405,5.024762907254134,0.320948501830053,1.612690127134436,1.679168990826418,ZONE_01,WHEEL_FLAT,FRONT_BOGIE_AXLE_1,1
3.96,RUN_014_WHEEL_FLAT,TRAIN001,-0.041746102192752,-0.003962768886941685,0.8843178118567316,25.61865785036036,24.933632075287885,23.57179994574146,114.49979752146997,4.962365278886863,0.3200378967034405,1.5881449465291337,1.6156131219615,ZONE_01,WHEEL_FLAT,FRONT_BOGIE_AXLE_1,1
3.97,RUN_014_WHEEL_FLAT,TRAIN001,0.0034699212666106922,0.028237564397268267,0.984196794291244,25.416840000409568,24.715804954191096,23.475053596879903,116.21903409023194,4.958950555500289,0.29792879162014885,1.477414146704267,1.636958017741185,ZONE_01,WHEEL_FLAT,FRONT_BOGIE_AXLE_1,1
3.98,RUN_014_WHEEL_FLAT,TRAIN001,-0.004385932625070569,0.033119240188671864,0.8683936971575561,25.740829335231016,24.72523586777489,23.46608080049418,115.78634307452452,5.084106657578197,0.3303280524924478,1.6794230508616939,1.6177109989053784,ZONE_01,WHEEL_FLAT,FRONT_BOGIE_AXLE_1,1
3.99,RUN_014_WHEEL_FLAT,TRAIN001,0.04588121518569863,-0.044118456581874195,0.9795208410658107,25.590761658178344,24.768871871501933,23.435538363096832,115.45905395142351,5.020893733017035,0.3220803365356068,1.6171311432396456,1.6377066391191546,ZONE_01,WHEEL_FLAT,FRONT_BOGIE_AXLE_1,1
4.0,RUN_014_WHEEL_FLAT,TRAIN001,-0.0682224737211294,-0.05379088336150049,1.0097495195345112,25.527287075178705,24.85806572353676,23.489736804874095,112.32420777890064,4.9915958329183585,0.30739448604292907,1.5343890355939653,1.6113292998836908,ZONE_01,WHEEL_FLAT,FRONT_BOGIE_AXLE_1,1
4.01,RUN_014_WHEEL_FLAT,TRAIN001,0.03319135826333591,-0.0629401915610605,0.8742819925496247,25.565090441366294,24.93627820281823,23.49231870411599,114.82747447471158,4.9750599391994035,0.30709600192921016,1.5278210166863162,1.5788607499021488,ZONE_01,WHEEL_FLAT,FRONT_BOGIE_AXLE_1,1
4.0200000000000005,RUN_014_WHEEL_FLAT,TRAIN001,0.004479431610053163,0.009945635575000259,1.0952947878970603,25.69421628153233,24.935659574693865,23.65634558294747,114.34302349893437,5.028330471992153,0.3372971557795859,1.6960415665227762,1.5992926386297555,ZONE_01,WHEEL_FLAT,FRONT_BOGIE_AXLE_1,1
4.03,RUN_014_WHEEL_FLAT,TRAIN001,0.04859182958931273,0.05036340966173647,0.8287642829261971,25.58077229506783,25.048517597031474,23.502887349616977,114.0355740159479,4.990100903908435,0.32940847685034796,1.6437815380860221,1.5846667997347281,ZONE_01,WHEEL_FLAT,FRONT_BOGIE_AXLE_1,1
4.04,RUN_014_WHEEL_FLAT,TRAIN001,0.0030211622588795593,0.0012123383439273236,1.0641277891974688,25.874236013652403,24.998339383836345,23.469834995098502,115.16921865194053,4.981346704496804,0.3129785143166207,1.5590544908694044,1.5824761956100564,ZONE_01,WHEEL_FLAT,FRONT_BOGIE_AXLE_1,1
4.05,RUN_014_WHEEL_FLAT,TRAIN001,-0.05945586701357139,-0.05476590216523778,0.9760302898556412,25.541678868197874,24.848539224053464,23.489550595581637,113.6508419719718,4.98814043392252,0.32333181962710117,1.6128245230556864,1.6096760381155395,ZONE_01,WHEEL_FLAT,FRONT_BOGIE_AXLE_1,1
4.0600000000000005,RUN_014_WHEEL_FLAT,TRAIN001,0.014848487912841811,-0.0053100281702027005,0.8618924101840248,25.50374865847953,24.84562153370973,23.51419722368322,115.52843901926536,5.037347551213024,0.32183363097180545,1.6211878528738202,1.5544768334335581,ZONE_01,WHEEL_FLAT,FRONT_BOGIE_AXLE_1,1
4.07,RUN_014_WHEEL_FLAT,TRAIN001,0.014517009767180159,0.09963364581011813,0.9550182881201829,25.644809076650322,24.946534682534804,23.54884256514787,116.2881768455525,4.959338422754554,0.3111199264614706,1.5429490053849422,1.6520138369624862,ZONE_01,WHEEL_FLAT,FRONT_BOGIE_AXLE_1,1
4.08,RUN_014_WHEEL_FLAT,TRAIN001,0.031452815620653364,0.0007781758658320964,1.0184237224910904,25.63499193638314,24.75631115292746,23.57066811770613,115.29464350629782,4.998495097616735,0.32640230438898094,1.6315203183391267,1.619417994831864,ZONE_01,WHEEL_FLAT,FRONT_BOGIE_AXLE_1,1
4.09,RUN_014_WHEEL_FLAT,TRAIN001,-0.06640700041095782,-0.010497293059525159,0.9886504042183685,25.570855999487694,24.91774585031321,23.524829328727613,115.71382230804593,5.020670467928181,0.32938272495273463,1.6537221198159053,1.5867899154083362,ZONE_01,WHEEL_FLAT,FRONT_BOGIE_AXLE_1,1
4.1,RUN_014_WHEEL_FLAT,TRAIN001,0.1960070325614474,-0.005408940950113098,1.1649236597913464,25.65237549836137,24.71724672792971,23.540662196574655,115.48483420020968,4.980647455671794,0.3509180892074448,1.7477992881602677,1.5864821497732435,ZONE_01,WHEEL_FLAT,FRONT_BOGIE_AXLE_1,1
4.11,RUN_014_WHEEL_FLAT,TRAIN001,0.004859927677874589,0.06273867743302786,1.0341440869164633,25.66319432205424,24.75390344408464,23.442384241985945,115.20421832747097,5.085362440826717,0.3057332768587232,1.5547645230482272,1.6072505676987419,ZONE_01,WHEEL_FLAT,FRONT_BOGIE_AXLE_1,1
4.12,RUN_014_WHEEL_FLAT,TRAIN001,-0.00892172329086493,0.04755723906916646,0.9795995249441372,25.616383683423066,24.93314330327368,23.456090364267727,115.93168929379425,4.972935536763487,0.32605457629078305,1.6214483893607965,1.5652198363343321,ZONE_01,WHEEL_FLAT,FRONT_BOGIE_AXLE_1,1
4.13,RUN_014_WHEEL_FLAT,TRAIN001,0.06480202657423603,-0.018279477574953358,1.0529829597901388,25.7954511859611,24.988086243385762,23.49237998319998,115.25017160150772,5.036991806865032,0.33189902704035384,1.671772679908738,1.588823408656138,ZONE_01,WHEEL_FLAT,FRONT_BOGIE_AXLE_1,1
4.14,RUN_014_WHEEL_FLAT,TRAIN001,-0.04451346713930514,-0.011732344523873518,1.0210610350150926,25.805590035749216,24.919782448398045,23.55698966841048,116.41194793506514,4.9769954595199986,0.3180314670898578,1.5828411676907062,1.642419136061438,ZONE_01,WHEEL_FLAT,FRONT_BOGIE_AXLE_1,1
4.15,RUN_014_WHEEL_FLAT,TRAIN001,0.04780615133424364,-0.08684979014003226,0.9572274141774719,25.597883003139568,24.965675655080293,23.481151389360928,114.9241734138736,4.970392926452298,0.32467939595923156,1.6137841730405695,1.5862910415369482,ZONE_01,WHEEL_FLAT,FRONT_BOGIE_AXLE_1,1
4.16,RUN_014_WHEEL_FLAT,TRAIN001,-0.08815381516932029,-0.05510612169027628,0.9822960706688378,25.717989780756852,24.947437411747106,23.493438122159,116.0478462880958,5.01896976822408,0.34755503146830113,1.7443681957335722,1.5878183572458697,ZONE_01,WHEEL_FLAT,FRONT_BOGIE_AXLE_1,1
4.17,RUN_014_WHEEL_FLAT,TRAIN001,-0.0286393603584301,-0.011275569029692099,1.1241807050590094,25.652414025543695,25.023607424258234,23.50490900079487,115.27839473744412,5.028381705550694,0.3468235108793033,1.7439609971603507,1.6180655600477936,ZONE_01,WHEEL_FLAT,FRONT_BOGIE_AXLE_1,1
4.18,RUN_014_WHEEL_FLAT,TRAIN001,0.01100073449360188,-0.10244220545066214,1.222260468926363,25.702970561257754,24.95010572889168,23.503488883531077,116.32743904519994,4.975504110511188,0.36547406655054576,1.8184177204074798,1.5770836324344488,ZONE_01,WHEEL_FLAT,FRONT_BOGIE_AXLE_1,1
4.19,RUN_014_WHEEL_FLAT,TRAIN001,-0.02334170611608926,0.09240041104922017,1.0337996225597572,25.597939442480424,24.981203614864285,23.47282214699077,115.89117998227839,5.075644484701384,0.31807132756457107,1.6144169794947625,1.6554578446112502,ZONE_01,WHEEL_FLAT,FRONT_BOGIE_AXLE_1,1
4.2,RUN_014_WHEEL_FLAT,TRAIN001,-0.436103742832178,0.23258586464674458,1.6554743796757372,25.5633672857361,24.97217811566635,23.594633772998034,113.40243028424752,4.945827738577286,0.2737551287394417,1.3539457092973266,1.77500513295712,ZONE_01,WHEEL_FLAT,FRONT_BOGIE_AXLE_1,1
4.21,RUN_014_WHEEL_FLAT,TRAIN001,-0.10245844044588974,0.003686296015431526,1.1857260098084523,25.63604878685189,24.988928238216324,23.50403142880727,114.39739707661865,4.986128456271759,0.34167408775921126,1.7036308917468976,1.5596913236718541,ZONE_01,WHEEL_FLAT,FRONT_BOGIE_AXLE_1,1
4.22,RUN_014_WHEEL_FLAT,TRAIN001,0.04363187432828457,0.018915711206793567,0.9499419168245673,25.870988490437043,24.904775197994947,23.478863473736965,113.2596266887933,5.023257979410382,0.3223004562051953,1.618998338400354,1.627606651540745,ZONE_01,WHEEL_FLAT,FRONT_BOGIE_AXLE_1,1
4.23,RUN_014_WHEEL_FLAT,TRAIN001,-0.0676704382613908,0.03604770724576676,1.133514308429445,25.669536827893197,24.909526410420167,23.474239846632873,113.27649419426139,4.995967328362603,0.34759142260115566,1.7365553909344522,1.6136759957887508,ZONE_01,WHEEL_FLAT,FRONT_BOGIE_AXLE_1,1
4.24,RUN_014_WHEEL_FLAT,TRAIN001,-0.03283564905936296,-0.03294549415524032,0.9058203530416316,25.555966866118524,24.917059275386066,23.464205588972305,115.91102015145596,4.976092798278778,0.3165903782085017,1.57538310100768,1.5651345068197022,ZONE_01,WHEEL_FLAT,FRONT_BOGIE_AXLE_1,1
4.25,RUN_014_WHEEL_FLAT,TRAIN001,0.026152536721217604,-0.02057601660908325,1.09953027416691,25.62608567887053,25.056796953453734,23.459754682929628,115.56030681639838,4.984842643806382,0.36243711230929565,1.80669197313742,1.5708976526343672,ZONE_01,WHEEL_FLAT,FRONT_BOGIE_AXLE_1,1
4.26,RUN_014_WHEEL_FLAT,TRAIN001,-0.02151474063597083,-0.006684603076711784,1.005254746321299,25.667576649812602,25.082863553404703,23.439684018801984,114.60779477258775,4.992732542108989,0.30892568089336586,1.5423833000894849,1.595907321213911,ZONE_01,WHEEL_FLAT,FRONT_BOGIE_AXLE_1,1
4.2700000000000005,RUN_014_WHEEL_FLAT,TRAIN001,-0.003594086006775193,0.038097506512062444,0.9074727291548451,25.748786765990953,24.854312458552876,23.44547488267511,112.78825172119069,4.953994896128439,0.35995251545044893,1.783202924390117,1.574252594206108,ZONE_01,WHEEL_FLAT,FRONT_BOGIE_AXLE_1,1
4.28,RUN_014_WHEEL_FLAT,TRAIN001,0.06272649351834493,0.05744145418564045,1.007168092229011,25.639044967828777,25.04351852216629,23.48687944012206,113.79617624005279,4.931948414302551,0.3383508904192338,1.668729137480996,1.5787466412392117,ZONE_01,WHEEL_FLAT,FRONT_BOGIE_AXLE_1,1
4.29,RUN_014_WHEEL_FLAT,TRAIN001,-0.07251463228094514,-0.0034412077898769034,1.1087795739717443,25.909209191427205,24.93928359007703,23.571832448214295,112.02264181993374,4.9762128293864905,0.3509588512779481,1.7464459383160706,1.6130068210620234,ZONE_01,WHEEL_FLAT,FRONT_BOGIE_AXLE_1,1
4.3,RUN_014_WHEEL_FLAT,TRAIN001,0.04015210599378707,0.07914091638343088,0.8979388497165515,25.683369113112036,25.011766626990937,23.39930448064074,115.4912715337229,4.9811027785456625,0.345726468336579,1.7220990720481126,1.598726013859128,ZONE_01,WHEEL_FLAT,FRONT_BOGIE_AXLE_1,1
4.3100000000000005,RUN_014_WHEEL_FLAT,TRAIN001,0.00458641406410668,-0.08721875803710015,1.0183366081354053,25.64617817040721,25.034291610453003,23.566087098076558,114.59740966931936,5.0197801321050575,0.3098086269517293,1.555171190327038,1.560836017439665,ZONE_01,WHEEL_FLAT,FRONT_BOGIE_AXLE_1,1
4.32,RUN_014_WHEEL_FLAT,TRAIN001,-0.03961840072857152,0.06767505466358428,1.1157210962489403,25.58474235966645,24.877175720273062,23.43789668460465,117.11829440950714,5.0248103227542,0.34603713970742106,1.7387709916581866,1.6612227746800659,ZONE_01,WHEEL_FLAT,FRONT_BOGIE_AXLE_1,1
4.33,RUN_014_WHEEL_FLAT,TRAIN001,-0.037436306160894876,0.08375182754005972,0.9763676205354039,25.629618865904536,25.128481691978603,23.542230900791672,114.68235005860672,4.982888606298563,0.3154155280123264,1.5716804407822667,1.6117944927055168,ZONE_01,WHEEL_FLAT,FRONT_BOGIE_AXLE_1,1
4.34,RUN_014_WHEEL_FLAT,TRAIN001,0.030876772189490184,-0.044785050123245095,0.9894348123339265,25.66501161047797,25.061842636571857,23.48980812601813,114.49130264728146,4.982690414517975,0.3664838990801266,1.8260758110217197,1.6170980484518793,ZONE_01,WHEEL_FLAT,FRONT_BOGIE_AXLE_1,1
4.3500000000000005,RUN_014_WHEEL_FLAT,TRAIN001,-0.04203799636111172,0.004869610052784301,0.9509073697545893,25.759547688041515,25.020993482744327,23.419677325768898,116.10016760072956,4.9813547039327295,0.32968072950515165,1.642256652716461,1.5488409737326985,ZONE_01,WHEEL_FLAT,FRONT_BOGIE_AXLE_1,1
4.36,RUN_014_WHEEL_FLAT,TRAIN001,-0.08762895873187487,-0.06039707527848708,0.9279916640878809,25.900736615945124,24.75107042967806,23.43187971986051,115.63765707421875,4.996022703403689,0.33953412533765237,1.696320198767225,1.6130320566293728,ZONE_01,WHEEL_FLAT,FRONT_BOGIE_AXLE_1,1
4.37,RUN_014_WHEEL_FLAT,TRAIN001,0.007197521745035679,-0.04612680840418777,1.061979093637077,25.916880713136766,25.028867935205408,23.468928825270837,113.16415167161306,5.008011734900434,0.31282695174194736,1.566641045316804,1.6065554234691768,ZONE_01,WHEEL_FLAT,FRONT_BOGIE_AXLE_1,1
4.38,RUN_014_WHEEL_FLAT,TRAIN001,-0.12971134713613433,0.1186655229315688,0.8771135618117156,25.952082768376183,25.084928708666396,23.55458666781057,117.79934922177394,4.977351077040585,0.3692679429602098,1.8379761936095618,1.5896832941856232,ZONE_01,WHEEL_FLAT,FRONT_BOGIE_AXLE_1,1
4.39,RUN_014_WHEEL_FLAT,TRAIN001,-0.017360435773029988,-0.043934404423687394,0.8409746165474342,25.89016149302242,25.165426316785037,23.38667679296523,113.86501168729855,5.030886677466631,0.2807460522259161,1.4124015738947122,1.614491206235415,ZONE_01,WHEEL_FLAT,FRONT_BOGIE_AXLE_1,1
4.4,RUN_014_WHEEL_FLAT,TRAIN001,-0.0983427824795549,-0.08027585109239983,1.1362924064370656,25.67527843936082,25.021054561222414,23.559361185998732,115.40246156726563,4.999543764624216,0.33066211612855007,1.6531597208879407,1.604838064793249,ZONE_01,WHEEL_FLAT,FRONT_BOGIE_AXLE_1,1
4.41,RUN_014_WHEEL_FLAT,TRAIN001,0.07078305823868937,-0.005227369120612213,0.9945709066363982,25.810975427028254,25.09008999498902,23.476671539367285,114.02362205130784,5.042378385470012,0.3382099762374784,1.7053826739301874,1.622585293257574,ZONE_01,WHEEL_FLAT,FRONT_BOGIE_AXLE_1,1
4.42,RUN_014_WHEEL_FLAT,TRAIN001,-0.005701740741688544,0.01593435075193901,1.0992429374720625,25.725713699926143,25.070371064476856,23.576591522807256,113.56103465900364,5.014621426591946,0.34703587880593517,1.7402535536564083,1.6099329912498015,ZONE_01,WHEEL_FLAT,FRONT_BOGIE_AXLE_1,1
4.43,RUN_014_WHEEL_FLAT,TRAIN001,-0.13890607736471952,0.03695973154457949,1.046740340344497,25.73126600290637,25.001388426043444,23.44024186066134,117.14575136576715,4.99418124432399,0.3459385590491289,1.7276798632916266,1.652255908486753,ZONE_01,WHEEL_FLAT,FRONT_BOGIE_AXLE_1,1
4.44,RUN_014_WHEEL_FLAT,TRAIN001,-0.028487164913066135,0.045452737494594136,1.1446895444274081,25.808854722347142,25.146797200020227,23.452172268469003,115.87714288844839,5.01366301818556,0.3383013714168165,1.6961290748739504,1.6277509361228666,ZONE_01,WHEEL_FLAT,FRONT_BOGIE_AXLE_1,1
4.45,RUN_014_WHEEL_FLAT,TRAIN001,0.01870115779968105,0.042157049994014435,1.0388985600708014,25.91351875142424,24.91024123334595,23.419496177222616,115.13842653420018,5.040499036869338,0.321993500841149,1.623007930867998,1.5834563274356328,ZONE_01,WHEEL_FLAT,FRONT_BOGIE_AXLE_1,1
4.46,RUN_014_WHEEL_FLAT,TRAIN001,-0.028444538909528916,-0.04734917943009918,0.878826266568541,25.77673400760384,25.017025901229676,23.481313477341544,112.43932542460453,4.988669663042455,0.34761256751697134,1.734124270064212,1.6195848560608515,ZONE_01,WHEEL_FLAT,FRONT_BOGIE_AXLE_1,1
4.47,RUN_014_WHEEL_FLAT,TRAIN001,-0.09135873830611771,0.023841314519098645,1.0155909521193436,25.73876545868922,25.029267161243247,23.504108959308137,116.59724030365518,5.033932533171996,0.3511970185748556,1.7679020973569755,1.5690587098737399,ZONE_01,WHEEL_FLAT,FRONT_BOGIE_AXLE_1,1
4.48,RUN_014_WHEEL_FLAT,TRAIN001,-0.0454813440865783,0.01401942192688286,1.2026943011843043,25.799419023569076,25.11184838559759,23.57416460698628,114.190720020902,5.030041966490479,0.31907602983888217,1.6049658205907458,1.593853151744777,ZONE_01,WHEEL_FLAT,FRONT_BOGIE_AXLE_1,1
4.49,RUN_014_WHEEL_FLAT,TRAIN001,0.03912646811052025,-0.004346508084819142,1.042944495981821,25.79154157729334,24.9591794738532,23.560823951081804,116.2143027589027,5.02753583334465,0.33019704240834774,1.660077462772391,1.6063227039590204,ZONE_01,WHEEL_FLAT,FRONT_BOGIE_AXLE_1,1
4.5,RUN_014_WHEEL_FLAT,TRAIN001,0.062299753297877056,0.0313818794661699,1.045203742778753,25.703723697647852,25.017510994483768,23.547019425031664,116.86697129739244,4.956174007604735,0.34748883581095097,1.7222151359790647,1.593158790837237,ZONE_01,WHEEL_FLAT,FRONT_BOGIE_AXLE_1,1
4.51,RUN_014_WHEEL_FLAT,TRAIN001,0.012387179258040691,0.026698444440254505,1.0838868435013522,25.825386575050295,25.16812669547295,23.550473520207486,115.91052507522488,4.9437287579567295,0.3628375075255325,1.7937702204193162,1.597352583282973,ZONE_01,WHEEL_FLAT,FRONT_BOGIE_AXLE_1,1
4.5200000000000005,RUN_014_WHEEL_FLAT,TRAIN001,-0.046780143279173965,-0.10296698053420549,1.029868272629327,25.899756025740842,24.92398428141317,23.529764226957905,113.09553261618716,5.007212459017806,0.2953260112379453,1.4787600829426721,1.5933700874256405,ZONE_01,WHEEL_FLAT,FRONT_BOGIE_AXLE_1,1
4.53,RUN_014_WHEEL_FLAT,TRAIN001,0.06688286076434445,0.01182153388491971,1.0158199275714879,25.71599739748053,25.122502069436415,23.50590045377123,114.08716354501395,5.011312799465851,0.3728859114720886,1.8686479409005678,1.5603409451875163,ZONE_01,WHEEL_FLAT,FRONT_BOGIE_AXLE_1,1
4.54,RUN_014_WHEEL_FLAT,TRAIN001,-0.049801272949219745,-0.026073657198139616,0.8863924918717411,25.988671558436614,25.073042792553593,23.513744530895533,115.67740916617845,4.974428556439856,0.3442936419061825,1.712664124098792,1.6159490516055257,ZONE_01,WHEEL_FLAT,FRONT_BOGIE_AXLE_1,1
4.55,RUN_014_WHEEL_FLAT,TRAIN001,-0.06450399708997977,0.07058728434640023,0.8848053515668985,25.771070295497623,25.11834674444278,23.522743017887777,115.74188468686256,5.003357355285863,0.3017004340060134,1.5095150855769242,1.6211401757905348,ZONE_01,WHEEL_FLAT,FRONT_BOGIE_AXLE_1,1
4.5600000000000005,RUN_014_WHEEL_FLAT,TRAIN001,-0.03538681513137552,0.019083778798375212,0.9121824328014385,25.804988270658384,24.90214929792833,23.515635977793533,115.05235789761076,4.988695712154307,0.3425716833676538,1.7089858879216975,1.6112275019867914,ZONE_01,WHEEL_FLAT,FRONT_BOGIE_AXLE_1,1
4.57,RUN_014_WHEEL_FLAT,TRAIN001,-0.052720325026439266,0.1286803827689038,1.025173691759621,25.878361849908703,25.231061175316125,23.465247118358363,113.92177100237694,5.014061408074067,0.32540454659761625,1.631598379106947,1.6065789264084036,ZONE_01,WHEEL_FLAT,FRONT_BOGIE_AXLE_1,1
4.58,RUN_014_WHEEL_FLAT,TRAIN001,0.09223388507152117,0.07931659952854296,1.072888213799787,25.758920037864304,25.19829025264619,23.558930444153415,114.56468764354713,5.039558816487994,0.3195220457707568,1.6102501428262979,1.617097712015321,ZONE_01,WHEEL_FLAT,FRONT_BOGIE_AXLE_1,1
4.59,RUN_014_WHEEL_FLAT,TRAIN001,-0.0054938367020413575,-0.029068736849550657,1.1538370839839416,26.001108034214713,24.878478674169077,23.50482665498075,112.93071567290826,4.949107313092069,0.32708740265690855,1.6187906565095964,1.5991262239322168,ZONE_01,WHEEL_FLAT,FRONT_BOGIE_AXLE_1,1
4.6000000000000005,RUN_014_WHEEL_FLAT,TRAIN001,0.03228501153691182,0.011297541170572153,1.1436776519308152,25.632691636071034,25.129234866499072,23.525633263598966,115.8709984130388,4.998595769393573,0.33179642398765274,1.658516201244597,1.5611088699476028,ZONE_01,WHEEL_FLAT,FRONT_BOGIE_AXLE_1,1
4.61,RUN_014_WHEEL_FLAT,TRAIN001,-0.0024763877618051468,-0.014441691729161736,0.9621153828454764,25.702408580984482,25.187912799187995,23.544030674264743,116.12042202544562,5.095455504381079,0.34241113942622703,1.7447407251507658,1.6197390734813772,ZONE_01,WHEEL_FLAT,FRONT_BOGIE_AXLE_1,1
4.62,RUN_014_WHEEL_FLAT,TRAIN001,0.03540983438741302,0.027083171803033722,0.9392748747570103,25.965136256080473,25.285479910813244,23.403405295634577,114.23081075390989,5.004830443211983,0.2907273243762122,1.455040963711632,1.6117807610460617,ZONE_01,WHEEL_FLAT,FRONT_BOGIE_AXLE_1,1
4.63,RUN_014_WHEEL_FLAT,TRAIN001,-0.020042325908009962,0.01065403626467042,0.9986770337809918,25.863683474315547,25.1638676344678,23.493919861883008,113.91924327068634,4.930874378609403,0.3219786413236337,1.587636232962172,1.5858473037090033,ZONE_01,WHEEL_FLAT,FRONT_BOGIE_AXLE_1,1
4.64,RUN_014_WHEEL_FLAT,TRAIN001,-0.07267702534082877,-0.041832589583871704,1.0933453910602489,25.78206624766529,24.98588537409401,23.4695289857945,115.56692978560343,4.949791905490122,0.3336673861904019,1.651584127291298,1.577981995396607,ZONE_01,WHEEL_FLAT,FRONT_BOGIE_AXLE_1,1
4.65,RUN_014_WHEEL_FLAT,TRAIN001,-0.08034065730085495,0.0029475190262539404,0.8079755069048777,25.862810371735765,25.073930873182455,23.460965409745935,113.98450251641971,4.999467233979152,0.3042534300096784,1.5211050541591564,1.5402719835706697,ZONE_01,WHEEL_FLAT,FRONT_BOGIE_AXLE_1,1
4.66,RUN_014_WHEEL_FLAT,TRAIN001,-0.06576785964168926,-0.058849715927523465,0.9992486575952637,25.79592332991534,25.14239013807368,23.55765180354273,114.1493631700696,5.001480272949739,0.29710715294377926,1.485975564400573,1.6474389088742107,ZONE_01,WHEEL_FLAT,FRONT_BOGIE_AXLE_1,1
4.67,RUN_014_WHEEL_FLAT,TRAIN001,0.014494203740175737,0.07097374053869335,1.022196595710874,25.862910913607895,25.221069706227155,23.467241473580675,115.35467765196489,5.023812258456972,0.31270524144613077,1.5709724252608188,1.5539009993101895,ZONE_01,WHEEL_FLAT,FRONT_BOGIE_AXLE_1,1
4.68,RUN_014_WHEEL_FLAT,TRAIN001,-0.02799014379620008,0.045610166358717216,1.0792739933849123,26.00468847001234,25.063373952006337,23.594703951486803,114.96364860491511,4.9587310196936585,0.3105487714758393,1.5399278262450016,1.627412210937581,ZONE_01,WHEEL_FLAT,FRONT_BOGIE_AXLE_1,1
4.69,RUN_014_WHEEL_FLAT,TRAIN001,0.0556844867472062,0.08557875820770099,1.0768246625712161,26.062582022542966,25.058054990109703,23.419790764102874,116.13082975225089,5.004171187266371,0.35244889612601876,1.7637146109776611,1.5799452655272375,ZONE_01,WHEEL_FLAT,FRONT_BOGIE_AXLE_1,1
4.7,RUN_014_WHEEL_FLAT,TRAIN001,0.055740214175315134,0.038758361187336506,1.0085594600670076,26.06774436514042,24.99762457319031,23.47944572394854,113.83971701216473,4.979282723946755,0.3512645583353351,1.7490455468539212,1.5487080850988229,ZONE_01,WHEEL_FLAT,FRONT_BOGIE_AXLE_1,1
4.71,RUN_014_WHEEL_FLAT,TRAIN001,0.015787280168786128,-0.0006593564743190491,0.8123787699916081,26.09301711408878,25.188232389947085,23.45144515048049,114.19724982385644,4.973951606336901,0.3094464939949672,1.5391718858815895,1.6178674915801168,ZONE_01,WHEEL_FLAT,FRONT_BOGIE_AXLE_1,1
4.72,RUN_014_WHEEL_FLAT,TRAIN001,0.32574848574080967,0.21666267294346167,1.8197277852868723,25.995086079498734,25.18514744604291,23.574620862935905,113.72759553069905,4.982695217106151,0.35724042185424576,1.7800201413301342,1.7771145469724396,ZONE_01,WHEEL_FLAT,FRONT_BOGIE_AXLE_1,1
4.73,RUN_014_WHEEL_FLAT,TRAIN001,0.10959948510220272,0.1419139369446136,1.2140118784827814,25.961391336845747,25.14834528340301,23.544470549335056,114.68938693434322,4.980525452277512,0.3557515736105708,1.771829767055225,1.68181512251578,ZONE_01,WHEEL_FLAT,FRONT_BOGIE_AXLE_1,1
4.74,RUN_014_WHEEL_FLAT,TRAIN001,0.08830327016612292,0.014728628591845818,0.9307731601159215,25.831837974334377,25.032897269269384,23.57843372636885,114.47841411793085,5.04763679790857,0.31822779237171145,1.6062983148926588,1.5832266916524405,ZONE_01,WHEEL_FLAT,FRONT_BOGIE_AXLE_1,1
4.75,RUN_014_WHEEL_FLAT,TRAIN001,0.04726602749420927,0.0863040122375542,1.0005153255384558,25.896963211607662,25.277406696846278,23.561637355987997,115.50830160042085,5.015632895413865,0.3147463276178964,1.5786520345110306,1.5822630128705573,ZONE_01,WHEEL_FLAT,FRONT_BOGIE_AXLE_1,1
4.76,RUN_014_WHEEL_FLAT,TRAIN001,0.02114075922502591,-0.09861186346474408,1.0909663486330865,25.988653777538524,25.386414220207687,23.577307727075272,114.80585232588203,4.9765274583941705,0.3284765790880037,1.634672715270835,1.5954601526982977,ZONE_01,WHEEL_FLAT,FRONT_BOGIE_AXLE_1,1
4.7700000000000005,RUN_014_WHEEL_FLAT,TRAIN001,-0.0760812404358685,0.06223305033663399,0.9652873017801682,25.957301474000488,25.024613509669233,23.5875961301363,117.2318479375488,4.944777256624053,0.34716993701887827,1.7166780087545541,1.5864903015304614,ZONE_01,WHEEL_FLAT,FRONT_BOGIE_AXLE_1,1
4.78,RUN_014_WHEEL_FLAT,TRAIN001,0.03726462229222095,-0.08859518033017734,1.091935738867013,25.921724236518997,25.14325961118492,23.480081940622515,114.85790077033353,4.994438091995263,0.35032628165672686,1.7496829257334179,1.5813991133555867,ZONE_01,WHEEL_FLAT,FRONT_BOGIE_AXLE_1,1
4.79,RUN_014_WHEEL_FLAT,TRAIN001,-0.019256292285277005,-0.015891216855039525,1.0270999950387112,25.91430436705586,25.002127015538925,23.555181865953315,115.72218490663191,5.022016936721005,0.32929053013137544,1.6537026194216058,1.60753259661431,ZONE_01,WHEEL_FLAT,FRONT_BOGIE_AXLE_1,1
4.8,RUN_014_WHEEL_FLAT,TRAIN001,-0.027017957978143648,0.037197252991385925,1.10088735619625,25.82429379617545,25.01800471596266,23.479125018037756,113.97581746868279,5.041104271849222,0.32341859434899406,1.6303868575681846,1.6515274499310504,ZONE_01,WHEEL_FLAT,FRONT_BOGIE_AXLE_1,1
4.8100000000000005,RUN_014_WHEEL_FLAT,TRAIN001,0.042962920520657574,-0.028553718266954888,0.9224356607322888,25.98565331414994,25.113246684620496,23.548076054006383,114.42398363526213,5.007765789014204,0.3104721233869116,1.5547716779395728,1.6233633341414644,ZONE_01,WHEEL_FLAT,FRONT_BOGIE_AXLE_1,1
4.82,RUN_014_WHEEL_FLAT,TRAIN001,-0.024799207388700856,0.1211801666439083,0.9619735876980839,25.973770760268888,25.23786284292991,23.522004666494578,116.78809293545329,4.975691253906919,0.32019045436329513,1.59316884335993,1.5866893323309903,ZONE_01,WHEEL_FLAT,FRONT_BOGIE_AXLE_1,1
4.83,RUN_014_WHEEL_FLAT,TRAIN001,-0.04289815085897065,0.017015516329653174,1.1015337313713895,26.06829217669302,25.215474905029147,23.537439098481798,115.06497591282535,5.009732758591929,0.32065158050331594,1.606378726941739,1.575220562878168,ZONE_01,WHEEL_FLAT,FRONT_BOGIE_AXLE_1,1
4.84,RUN_014_WHEEL_FLAT,TRAIN001,-0.038821039829547654,-0.030921040646425882,1.0465735300980945,26.00476498841015,25.229313200103277,23.51911242715711,116.3368737303455,4.977965247496698,0.3165865921376696,1.5759570534847307,1.5983521387711201,ZONE_01,WHEEL_FLAT,FRONT_BOGIE_AXLE_1,1
4.8500000000000005,RUN_014_WHEEL_FLAT,TRAIN001,-0.04765914788917577,-0.0059829886509429366,1.0819823983078933,25.859245641379186,25.124812246981,23.441994922895105,115.29278379404316,4.934626778951133,0.32410626691643996,1.599343463951748,1.6139426227518043,ZONE_01,WHEEL_FLAT,FRONT_BOGIE_AXLE_1,1
4.86,RUN_014_WHEEL_FLAT,TRAIN001,-0.02904834271447833,0.004781695177122192,1.0367891628025927,26.193642666379123,25.217355026634284,23.511469712127834,115.91158253574754,4.994230139997378,0.3377775569956209,1.686938855762212,1.6230054993855518,ZONE_01,WHEEL_FLAT,FRONT_BOGIE_AXLE_1,1
4.87,RUN_014_WHEEL_FLAT,TRAIN001,-0.05905827962750499,0.10472924776000882,0.9708246391097631,25.96042087724047,25.201440539478536,23.475477474326087,115.5768320414885,4.95880295831411,0.34937853539744784,1.7324993149003154,1.582494552590313,ZONE_01,WHEEL_FLAT,FRONT_BOGIE_AXLE_1,1
4.88,RUN_014_WHEEL_FLAT,TRAIN001,-0.01637237327645019,-0.003853468514714369,0.8710366634311826,25.825868667104103,25.158466419028628,23.58327653267909,115.54136570035008,5.00614987333842,0.37245050318136785,1.8645430393262354,1.5147024842093464,ZONE_01,WHEEL_FLAT,FRONT_BOGIE_AXLE_1,1
4.89,RUN_014_WHEEL_FLAT,TRAIN001,0.011476743352310104,-0.023811281744921867,1.0171083630217264,25.926542568373137,25.164317852255806,23.495713212710058,114.317486422848,4.9819273457218864,0.352846842783294,1.7578573349137236,1.580962233290856,ZONE_01,WHEEL_FLAT,FRONT_BOGIE_AXLE_1,1
4.9,RUN_014_WHEEL_FLAT,TRAIN001,0.03497444173125363,-0.028779773563603738,1.03487107245443,26.164233150075113,25.063442845214393,23.43066221992183,114.36552198019623,5.050170830509515,0.3043127478389252,1.5368313624883374,1.6123693841954758,ZONE_01,WHEEL_FLAT,FRONT_BOGIE_AXLE_1,1
4.91,RUN_014_WHEEL_FLAT,TRAIN001,-0.04947597797083669,0.04438294571121875,1.1124576611791455,26.02560681256153,25.155766337405243,23.39264847875506,116.2137739942816,4.996348979147012,0.30702943097688434,1.534026184029444,1.5790090242168964,ZONE_01,WHEEL_FLAT,FRONT_BOGIE_AXLE_1,1
4.92,RUN_014_WHEEL_FLAT,TRAIN001,-0.07056423898852578,0.00523058693482276,0.9953755049487639,26.047274925451774,25.180645020179277,23.551577853825993,113.68623801468712,5.033684043090156,0.3524862588959234,1.7743044568129553,1.6132123183783023,ZONE_01,WHEEL_FLAT,FRONT_BOGIE_AXLE_1,1
4.93,RUN_014_WHEEL_FLAT,TRAIN001,-0.00800203849688201,-0.012707454596455694,1.086430442857109,26.073108996779,25.286733106603812,23.465622941036077,116.31253754541238,5.028651449066969,0.36332088022351683,1.8270140708122746,1.6630263645286485,ZONE_01,WHEEL_FLAT,FRONT_BOGIE_AXLE_1,1
4.94,RUN_014_WHEEL_FLAT,TRAIN001,0.10114200767994742,0.002892637746200443,1.0096328641682355,25.878880576101185,25.238947984638678,23.488141645195178,114.24012249354595,4.972979136442145,0.3385258370035754,1.683481924565395,1.566517416862316,ZONE_01,WHEEL_FLAT,FRONT_BOGIE_AXLE_1,1
4.95,RUN_014_WHEEL_FLAT,TRAIN001,-0.05157325548611618,0.03086631317439622,1.0457187225411682,25.980877503658373,25.070709254422347,23.49831381880215,115.32365716470464,4.981499051723939,0.3299088140008942,1.6434404441008241,1.6005966993031353,ZONE_01,WHEEL_FLAT,FRONT_BOGIE_AXLE_1,1
4.96,RUN_014_WHEEL_FLAT,TRAIN001,-0.07910744874592025,-0.030532477422467386,1.1562359505783566,25.89969505267077,25.051073433997328,23.51850967027062,115.00187416542829,5.033454410183633,0.32616819791377166,1.641752754250722,1.6037598389619716,ZONE_01,WHEEL_FLAT,FRONT_BOGIE_AXLE_1,1
4.97,RUN_014_WHEEL_FLAT,TRAIN001,-0.13684879544075998,-0.06227128659775671,0.9778840459117396,26.074452662675284,25.163728150679212,23.46361769592104,114.63200485595007,5.014653580378424,0.31823765890544176,1.595851615641421,1.5894409283488595,ZONE_01,WHEEL_FLAT,FRONT_BOGIE_AXLE_1,1
4.98,RUN_014_WHEEL_FLAT,TRAIN001,0.07337793001468232,-0.06472426975695116,0.9773198114265792,26.015718272980436,25.147054759226457,23.52454546992197,115.02541250421476,5.0392769474222225,0.34294214843385595,1.7281804629021804,1.6017688389748594,ZONE_01,WHEEL_FLAT,FRONT_BOGIE_AXLE_1,1
4.99,RUN_014_WHEEL_FLAT,TRAIN001,0.01731770842020146,0.016672063091822297,1.080181340161753,26.00506044251025,25.228022758272584,23.527368202680858,115.44583213870932,5.004848978985031,0.3211193781709228,1.607153991971051,1.6187260664233092,ZONE_01,WHEEL_FLAT,FRONT_BOGIE_AXLE_1,1
5.0,RUN_014_WHEEL_FLAT,TRAIN001,0.15102328328833944,0.018217168564004273,0.9727071871544828,25.92994322350424,25.192464852751495,23.42992536959541,115.0137162982976,4.9819737430839375,0.33375197285989,1.662743565490435,1.5697548573889912,ZONE_01,WHEEL_FLAT,FRONT_BOGIE_AXLE_1,1
5.01,RUN_014_WHEEL_FLAT,TRAIN001,0.03229686261066205,-0.1056893385157141,1.1128689841071089,26.103025378887054,25.32309308425839,23.472444866569877,116.16791868779238,5.013880764206188,0.35523195596797064,1.7810906708591474,1.592028379291721,ZONE_01,WHEEL_FLAT,FRONT_BOGIE_AXLE_1,1
5.0200000000000005,RUN_014_WHEEL_FLAT,TRAIN001,-0.05126168925998054,0.003257339498656237,1.084106409169528,26.06986227631403,24.98728888645027,23.52690397215596,115.14320640568666,5.019275891241313,0.3365606522891191,1.6892907679752258,1.6131482508615274,ZONE_01,WHEEL_FLAT,FRONT_BOGIE_AXLE_1,1
5.03,RUN_014_WHEEL_FLAT,TRAIN001,0.006944770115212271,-0.01692893505333613,1.0896169785113794,26.08780249701418,25.26859514217551,23.577603979383824,113.98102025269037,4.971419641399845,0.31921655362919177,1.5869594445721311,1.590274874234736,ZONE_01,WHEEL_FLAT,FRONT_BOGIE_AXLE_1,1
5.04,RUN_014_WHEEL_FLAT,TRAIN001,-0.0071638267476332035,0.09219875342591244,0.8491546460791766,26.03251129393984,25.18545222151654,23.508032789906316,113.93543719668108,5.036467794657652,0.3574971182528448,1.8005227227633709,1.6351495977002195,ZONE_01,WHEEL_FLAT,FRONT_BOGIE_AXLE_1,1
5.05,RUN_014_WHEEL_FLAT,TRAIN001,0.0417322064105321,0.011751130687890745,1.149660847866613,26.106558673729946,25.13638766886748,23.584233968264975,114.43299532059842,5.047758649523725,0.3323544832933819,1.677645217752157,1.6438295456806307,ZONE_01,WHEEL_FLAT,FRONT_BOGIE_AXLE_1,1
5.0600000000000005,RUN_014_WHEEL_FLAT,TRAIN001,0.03428285543162503,0.04331376801926022,1.1677114280719523,26.058214504972728,25.146440195077943,23.517652086387983,114.36581404784366,5.0311489697626275,0.35861704801161515,1.8042557916429522,1.6037723568363667,ZONE_01,WHEEL_FLAT,FRONT_BOGIE_AXLE_1,1
5.07,RUN_014_WHEEL_FLAT,TRAIN001,0.040654611487161506,0.027670257289061556,0.9674973667088526,25.90412969454737,25.13436767768596,23.484737512109206,114.97627324626698,5.061952214092821,0.3364702232395038,1.7031961915035119,1.5594890685384268,ZONE_01,WHEEL_FLAT,FRONT_BOGIE_AXLE_1,1
5.08,RUN_014_WHEEL_FLAT,TRAIN001,-0.06331773075459922,0.06730023563842942,0.9891294315262403,26.038874724315672,25.330238765319404,23.497333078010772,113.72414374597723,4.9325841653093665,0.34485480932704804,1.701025371817378,1.6439421139947705,ZONE_01,WHEEL_FLAT,FRONT_BOGIE_AXLE_1,1
5.09,RUN_014_WHEEL_FLAT,TRAIN001,0.1354422547021286,-0.07662764467726602,0.9482740140224859,26.21058633317795,25.294740646397425,23.335621131089344,116.6637536859024,4.966274949415592,0.3438023385853921,1.7074169416671303,1.621283940441843,ZONE_01,WHEEL_FLAT,FRONT_BOGIE_AXLE_1,1
5.1000000000000005,RUN_014_WHEEL_FLAT,TRAIN001,-0.020201624411251368,-0.01940056535916424,1.0093845863059185,26.18327123960309,25.08421021435495,23.47858631441147,113.69099571844188,4.988404945846374,0.34641751515875924,1.7280708459457657,1.5498671830401947,ZONE_01,WHEEL_FLAT,FRONT_BOGIE_AXLE_1,1
5.11,RUN_014_WHEEL_FLAT,TRAIN001,-0.03945220277658624,-0.032718983131135,0.9300795981073322,25.933480194270167,25.41155889459024,23.478895380637447,116.33759193559078,5.008168029298188,0.33085583625267223,1.6569816214273496,1.5494775869145552,ZONE_01,WHEEL_FLAT,FRONT_BOGIE_AXLE_1,1
5.12,RUN_014_WHEEL_FLAT,TRAIN001,0.028438155821475554,0.05041402853799954,0.7210744674519531,26.043408985284714,25.297953505985532,23.490866350992896,115.7116133513805,5.029932175325969,0.33468377491000784,1.6834366879794027,1.6049414511288334,ZONE_01,WHEEL_FLAT,FRONT_BOGIE_AXLE_1,1
5.13,RUN_014_WHEEL_FLAT,TRAIN001,0.049849160268723845,0.012629338070260725,1.023826019896588,26.001857594750188,25.144722877571354,23.517901703586602,114.2043476330942,5.003056436146575,0.30875716688662913,1.544729530998532,1.60931814719475,ZONE_01,WHEEL_FLAT,FRONT_BOGIE_AXLE_1,1
5.14,RUN_014_WHEEL_FLAT,TRAIN001,0.0863583092708971,-0.06978783563824184,1.111523977983755,26.160884016347858,25.33331539117685,23.469611470908657,113.05703749123859,5.0372653359152935,0.31580999961296463,1.5908187637858089,1.5663206557568228,ZONE_01,WHEEL_FLAT,FRONT_BOGIE_AXLE_1,1
5.15,RUN_014_WHEEL_FLAT,TRAIN001,0.012942475090632538,0.04209160517995903,1.0471647482538897,26.121996461556016,25.461273048389653,23.43187542512138,116.29390005713576,4.973579909582286,0.3037651066566937,1.5108000316998522,1.6266823065410034,ZONE_01,WHEEL_FLAT,FRONT_BOGIE_AXLE_1,1
5.16,RUN_014_WHEEL_FLAT,TRAIN001,0.009192381977273017,0.040598244435827976,1.0072981425239402,26.214674072668707,25.105664652005952,23.614069314077526,116.97496174130112,5.029631467375371,0.32845868286352986,1.6520261270630772,1.5512243883884804,ZONE_01,WHEEL_FLAT,FRONT_BOGIE_AXLE_1,1
5.17,RUN_014_WHEEL_FLAT,TRAIN001,0.02482816671695286,-0.010603499738555193,1.1015927185396663,25.947501828639197,25.200240118729063,23.41244016340975,115.46380354771995,4.981552562150707,0.31382194773615785,1.5633205278041824,1.566584715925825,ZONE_01,WHEEL_FLAT,FRONT_BOGIE_AXLE_1,1
5.18,RUN_014_WHEEL_FLAT,TRAIN001,0.12450162308710173,-0.0028371045456661867,0.974250351265682,26.11023375873503,25.052084487979798,23.576439034242156,114.75543465845,5.042896558705645,0.3264956672719221,1.6464838769178791,1.5854308617139086,ZONE_01,WHEEL_FLAT,FRONT_BOGIE_AXLE_1,1
5.19,RUN_014_WHEEL_FLAT,TRAIN001,0.06319994611884122,-0.04732930694494799,1.0047801792954731,26.0201937140248,25.305230613159825,23.407972366483897,114.24567118214983,5.057732369881106,0.31636356951840244,1.6000822662043557,1.632579387111942,ZONE_01,WHEEL_FLAT,FRONT_BOGIE_AXLE_1,1
5.2,RUN_014_WHEEL_FLAT,TRAIN001,-0.08888254380910518,-0.02362414900035753,0.9797267519728546,26.027876185924256,25.315597773195446,23.493796421510737,115.8582329441532,5.031701078795351,0.377532025353457,1.8996282992507831,1.5582683208592785,ZONE_01,WHEEL_FLAT,FRONT_BOGIE_AXLE_1,1
5.21,RUN_014_WHEEL_FLAT,TRAIN001,0.03171277790533987,0.00805075959456804,0.9607160825860398,26.277796885211337,25.18923390273366,23.462295673977508,115.6448689958539,4.9397462075998515,0.3378859128483968,1.669070656594282,1.6316954512519881,ZONE_01,WHEEL_FLAT,FRONT_BOGIE_AXLE_1,1
5.22,RUN_014_WHEEL_FLAT,TRAIN001,-0.07056109113624258,-0.12032897125813061,0.9316586684008665,26.0510441730812,25.149754978750646,23.56260926993727,115.44047505560142,5.026820861479634,0.34486580544561174,1.7335786252249779,1.5752805901392721,ZONE_01,WHEEL_FLAT,FRONT_BOGIE_AXLE_1,1
5.23,RUN_014_WHEEL_FLAT,TRAIN001,-0.007717724087355695,-0.028657800402468354,1.1658035265096363,26.22929691479178,25.367415225452035,23.503742480077097,113.8463613114681,5.006917255696881,0.3518321730057001,1.76159457813157,1.6144800825195176,ZONE_01,WHEEL_FLAT,FRONT_BOGIE_AXLE_1,1
5.24,RUN_014_WHEEL_FLAT,TRAIN001,-0.2695836242698793,0.1553983579292281,1.6792874484184226,26.143201196545796,25.083098975878713,23.40452645455356,114.54246836194707,5.016855220365378,0.3797625364353974,1.9052136634151207,1.7496041907413047,ZONE_01,WHEEL_FLAT,FRONT_BOGIE_AXLE_1,1
5.25,RUN_014_WHEEL_FLAT,TRAIN001,-0.22755140520418776,0.1173817180136376,1.4206952030772504,26.258506044392703,25.399176427590728,23.470369186264026,117.08533522580835,5.001673676321287,0.3186669191871743,1.5938679412128927,1.6343174007832935,ZONE_01,WHEEL_FLAT,FRONT_BOGIE_AXLE_1,1
5.26,RUN_014_WHEEL_FLAT,TRAIN001,-0.005256549144314512,0.08892322138884204,1.0517617818610379,26.130189038085355,25.277175369049196,23.483016022608204,116.27047678700228,4.974220360087716,0.31207112664003056,1.552310551928352,1.6312788412094477,ZONE_01,WHEEL_FLAT,FRONT_BOGIE_AXLE_1,1
5.2700000000000005,RUN_014_WHEEL_FLAT,TRAIN001,0.01519935770077002,-0.11622060669418928,0.9508100976624684,26.26044401034908,25.326284975193346,23.47673679539721,113.70098682918487,4.968721312658663,0.3267453480386272,1.6235065746115995,1.5969756336055059,ZONE_01,WHEEL_FLAT,FRONT_BOGIE_AXLE_1,1
5.28,RUN_014_WHEEL_FLAT,TRAIN001,-0.014623232947020776,-0.02598677212875615,0.9296284673404537,26.105785759211138,25.11215082195831,23.485087989485038,114.86935593763206,5.02305889034682,0.324190443013855,1.6284276869462186,1.6198253976884138,ZONE_01,WHEEL_FLAT,FRONT_BOGIE_AXLE_1,1
5.29,RUN_014_WHEEL_FLAT,TRAIN001,0.08738441172466872,0.043294752725514675,0.9871539116991408,26.02994002880513,25.343893289988884,23.52322706857389,114.83776624664596,5.042196834783918,0.35541491305456885,1.7920719496387485,1.5650569527645484,ZONE_01,WHEEL_FLAT,FRONT_BOGIE_AXLE_1,1
5.3,RUN_014_WHEEL_FLAT,TRAIN001,0.017020298494915733,0.08530322069733577,1.026387844510922,26.159367315778734,25.47521539073017,23.537392233267134,113.18283696894883,4.943666265475374,0.3124403315103374,1.5446007268615973,1.577629357932092,ZONE_01,WHEEL_FLAT,FRONT_BOGIE_AXLE_1,1
5.3100000000000005,RUN_014_WHEEL_FLAT,TRAIN001,-0.13267814593059626,-0.040541777232092485,1.0990567146068935,26.181263320190627,25.093062376453055,23.40282145201311,113.55355702319261,5.043758076162247,0.34574391956073913,1.7438486865684681,1.5774740791600446,ZONE_01,WHEEL_FLAT,FRONT_BOGIE_AXLE_1,1
5.32,RUN_014_WHEEL_FLAT,TRAIN001,0.03774647621701883,0.0034774785495047212,0.9827360182258003,26.092750334231237,25.386661070737087,23.478190742726625,116.43312811521405,5.0106511347523695,0.33655432246216627,1.6863562977508684,1.5792781691889595,ZONE_01,WHEEL_FLAT,FRONT_BOGIE_AXLE_1,1
5.33,RUN_014_WHEEL_FLAT,TRAIN001,0.05365961826830043,-0.09186762289290107,0.9492119094404318,26.246588472199658,25.247147455594913,23.515466200198382,114.02805657590136,4.998363881509249,0.3205551926463266,1.602251496953638,1.5925120717608505,ZONE_01,WHEEL_FLAT,FRONT_BOGIE_AXLE_1,1
5.34,RUN_014_WHEEL_FLAT,TRAIN001,-0.04809909194313413,0.04019104170689187,0.9624133998846486,26.18121621972863,25.217669873899645,23.475308258771726,113.89154173275911,5.021700149848696,0.3274747077245923,1.644479788852243,1.6103493222861662,ZONE_01,WHEEL_FLAT,FRONT_BOGIE_AXLE_1,1
5.3500000000000005,RUN_014_WHEEL_FLAT,TRAIN001,0.03804804175096783,0.0923378838049365,0.9071348655196363,26.251791054104455,25.281665304280917,23.538998559706,112.67413144260591,4.995020221528541,0.3253711060821448,1.6252352543814212,1.5729406157058803,ZONE_01,WHEEL_FLAT,FRONT_BOGIE_AXLE_1,1
5.36,RUN_014_WHEEL_FLAT,TRAIN001,-0.016271850949987864,-0.17558656966479264,1.0133225624305406,26.3277851169505,25.293489542643485,23.522267757565565,113.70596284293755,5.038193646882569,0.3109119461638918,1.566434591902815,1.6049698497764278,ZONE_01,WHEEL_FLAT,FRONT_BOGIE_AXLE_1,1
5.37,RUN_014_WHEEL_FLAT,TRAIN001,0.04806027614550844,0.030817966407343498,0.8963950589653634,26.238978766381347,25.34973908978767,23.441141534848946,114.91687535555171,4.966285866645415,0.3340012146257947,1.658745511638486,1.5538515692570565,ZONE_01,WHEEL_FLAT,FRONT_BOGIE_AXLE_1,1
5.38,RUN_014_WHEEL_FLAT,TRAIN001,-0.03778642444357545,-0.0023463934557852134,0.9091965775735283,26.326045067626325,25.252244971484227,23.559738358966243,114.59022208580565,4.997797789905225,0.3272922215673931,1.6357403416026886,1.582300977692576,ZONE_01,WHEEL_FLAT,FRONT_BOGIE_AXLE_1,1
5.39,RUN_014_WHEEL_FLAT,TRAIN001,-0.0013396148271251503,-0.05751274596321476,1.0359948021217515,26.07794295261231,25.166699757921975,23.43681085307565,115.54201975016686,4.970359906029803,0.33110078338776305,1.6456900586055963,1.6166685818027091,ZONE_01,WHEEL_FLAT,FRONT_BOGIE_AXLE_1,1
5.4,RUN_014_WHEEL_FLAT,TRAIN001,0.044449076270178356,0.022534549842030696,1.0348985731545075,26.049152903641353,25.31554773057525,23.47521914952075,114.71431746420191,5.0427328765327815,0.32768645418512365,1.652435255713776,1.5900213586486311,ZONE_01,WHEEL_FLAT,FRONT_BOGIE_AXLE_1,1
5.41,RUN_014_WHEEL_FLAT,TRAIN001,0.019481961995675673,0.03219711005102491,0.8080108403130533,26.187822792833224,25.18287587618684,23.570663051498258,114.31381747811685,4.983923033876606,0.35283258105459275,1.7584904278201194,1.5704638288119177,ZONE_01,WHEEL_FLAT,FRONT_BOGIE_AXLE_1,1
5.42,RUN_014_WHEEL_FLAT,TRAIN001,0.11138182473962838,0.043058081518862326,1.1045466495006693,26.193108611140403,25.43143528642919,23.534166581060347,113.8210130305324,4.927875121665214,0.32541443697454653,1.6036017081975606,1.6341365147407332,ZONE_01,WHEEL_FLAT,FRONT_BOGIE_AXLE_1,1
5.43,RUN_014_WHEEL_FLAT,TRAIN001,-0.012807130254224391,0.047391815003281657,0.853067055107645,26.260155613266996,25.33378307808162,23.589199325198493,114.67549211915673,5.013159267939184,0.31334640603494546,1.5708554394895213,1.5851702335063502,ZONE_01,WHEEL_FLAT,FRONT_BOGIE_AXLE_1,1
5.44,RUN_014_WHEEL_FLAT,TRAIN001,0.016158965547442082,-0.14206126285497472,0.8025102302182554,26.219949250871036,25.229224254435533,23.433984948372874,114.14334397941914,5.016012642662501,0.31699509472755993,1.5900514028154378,1.5753938623029293,ZONE_01,WHEEL_FLAT,FRONT_BOGIE_AXLE_1,1
5.45,RUN_014_WHEEL_FLAT,TRAIN001,0.02287038520144855,0.07138478218835825,0.9667238903213722,26.12292340108276,25.310671567180222,23.50121366464682,113.76912874757953,5.020480297005166,0.32348335170441617,1.624041793641214,1.6268809059503453,ZONE_01,WHEEL_FLAT,FRONT_BOGIE_AXLE_1,1
5.46,RUN_014_WHEEL_FLAT,TRAIN001,0.02691521268183682,0.059043346548924146,0.9989482619579475,26.23334941991432,25.16965381945321,23.503103902955587,114.40839946542525,5.002870323144973,0.3508030541887408,1.755022189069469,1.5627612171306542,ZONE_01,WHEEL_FLAT,FRONT_BOGIE_AXLE_1,1
5.47,RUN_014_WHEEL_FLAT,TRAIN001,0.06645531388696713,-0.02453148880359618,1.0320620410355017,26.289685154262084,25.423049298079135,23.533314729674622,114.55866075549422,5.043559536652068,0.30878387405244023,1.5573698527415558,1.5633792612130335,ZONE_01,WHEEL_FLAT,FRONT_BOGIE_AXLE_1,1
5.48,RUN_014_WHEEL_FLAT,TRAIN001,0.06317928439244463,0.007342870946028929,1.0856750988312238,26.098685251740413,25.412384187764754,23.54682566585656,114.06227066939923,5.015485488526622,0.3499521211293501,1.755179785203366,1.6092521105053663,ZONE_01,WHEEL_FLAT,FRONT_BOGIE_AXLE_1,1
5.49,RUN_014_WHEEL_FLAT,TRAIN001,-0.13151926533161898,0.03999826880580984,1.1807119713974505,26.087648738517633,25.343783101847517,23.51492257317543,116.95839314477277,5.020645121841847,0.33160672114738093,1.6648796668985677,1.5775858493121238,ZONE_01,WHEEL_FLAT,FRONT_BOGIE_AXLE_1,1
5.5,RUN_014_WHEEL_FLAT,TRAIN001,0.043316259989635786,-0.07598770735035192,0.9322550113671164,26.069316017408347,25.397915567118414,23.50613302876328,113.3619828681556,4.999078084903865,0.34602061028104475,1.729784049781032,1.6320380303899706,ZONE_01,WHEEL_FLAT,FRONT_BOGIE_AXLE_1,1
5.51,RUN_014_WHEEL_FLAT,TRAIN001,0.036554773073026896,-0.0571764269925527,1.1075916984349106,26.252900100846663,25.511839855825283,23.50411692855721,115.32937348890503,4.963966186024767,0.33934519258667084,1.6844980613902967,1.6389270173020805,ZONE_01,WHEEL_FLAT,FRONT_BOGIE_AXLE_1,1
5.5200000000000005,RUN_014_WHEEL_FLAT,TRAIN001,0.0398255328660643,0.09750312249459482,1.0985943372913645,26.386296808762225,25.50750244900793,23.488805379354257,114.24799474101943,5.0113718390463955,0.2942603143743312,1.4746478528044626,1.5434743983896666,ZONE_01,WHEEL_FLAT,FRONT_BOGIE_AXLE_1,1
5.53,RUN_014_WHEEL_FLAT,TRAIN001,0.003302225765321106,-0.14802092088279298,0.9663063553033838,26.523380073478396,25.44164804587916,23.56075389136612,115.99641881162411,4.968909258141006,0.309021983510472,1.5355021948342817,1.581540724778587,ZONE_01,WHEEL_FLAT,FRONT_BOGIE_AXLE_1,1
5.54,RUN_014_WHEEL_FLAT,TRAIN001,-0.01857702242136208,-0.13006612837936085,1.0316828075367726,26.170755717829458,25.36910625006461,23.41462157969325,115.16081054540105,5.041089535045247,0.31651652759051235,1.5955881549053919,1.6444188031709646,ZONE_01,WHEEL_FLAT,FRONT_BOGIE_AXLE_1,1
5.55,RUN_014_WHEEL_FLAT,TRAIN001,-0.05280279211211138,-0.05670726242519284,0.8833409181553415,26.338468918377465,25.55143920709113,23.469063799691252,116.45645996155264,5.009505655865484,0.33727035301710645,1.689557740994943,1.5949701275081782,ZONE_01,WHEEL_FLAT,FRONT_BOGIE_AXLE_1,1
5.5600000000000005,RUN_014_WHEEL_FLAT,TRAIN001,-0.09669847216428382,-0.016948845345617223,0.9513400509440231,26.290703004400513,25.45723323132487,23.421624594162367,114.00946056218437,5.022670941660574,0.31916735042598904,1.6030725765114129,1.6069447429914885,ZONE_01,WHEEL_FLAT,FRONT_BOGIE_AXLE_1,1
5.57,RUN_014_WHEEL_FLAT,TRAIN001,0.031880071723483956,0.005754471943390521,1.0519914021050711,26.19277642233874,25.069668640238497,23.531456703034376,115.54648774794012,5.020551238605941,0.3475401944338942,1.7448433536304373,1.6025458272656279,ZONE_01,WHEEL_FLAT,FRONT_BOGIE_AXLE_1,1
5.58,RUN_014_WHEEL_FLAT,TRAIN001,-0.05885970666743446,-0.12440866722842943,0.9789711373023259,26.235640545172927,25.328526347419555,23.54556604919945,115.43973216041866,4.996757096777541,0.351016093589503,1.7539421567264786,1.634801284762797,ZONE_01,WHEEL_FLAT,FRONT_BOGIE_AXLE_1,1
5.59,RUN_014_WHEEL_FLAT,TRAIN001,0.03308976215176765,-0.025623274910794875,1.066555925912648,26.391999079637717,25.48753281124584,23.473818976169685,114.07241474083138,5.028752489582715,0.3118845671248206,1.568390293391369,1.603601762296388,ZONE_01,WHEEL_FLAT,FRONT_BOGIE_AXLE_1,1
5.6000000000000005,RUN_014_WHEEL_FLAT,TRAIN001,0.00854573957750683,-0.0037333758336622266,0.9126113413247369,26.417757468386576,25.314400127300274,23.58679372675076,116.51203216623364,4.973546521145176,0.31631198881594347,1.5731923915720474,1.6183606614620774,ZONE_01,WHEEL_FLAT,FRONT_BOGIE_AXLE_1,1
5.61,RUN_014_WHEEL_FLAT,TRAIN001,-0.01969243499574611,0.07939977772241581,1.120374991059013,26.16203591849912,25.19817389279635,23.58308900963929,115.43971249701124,5.005291713642192,0.33194129464049915,1.6614630114797517,1.6139449455894888,ZONE_01,WHEEL_FLAT,FRONT_BOGIE_AXLE_1,1
5.62,RUN_014_WHEEL_FLAT,TRAIN001,-0.08177280776425833,0.010197492818784218,1.0887613157227745,26.268462725625476,25.377711794792226,23.46648131857741,114.10244746754279,5.05145356877774,0.2966243918525884,1.4983843428102843,1.609917207512068,ZONE_01,WHEEL_FLAT,FRONT_BOGIE_AXLE_1,1
5.63,RUN_014_WHEEL_FLAT,TRAIN001,-0.08231401774104113,-0.020246454545817433,0.9142507143754965,26.249085945842932,25.53444915749751,23.581730978575134,116.40107539427024,5.0054831783636775,0.31946970203116526,1.5991002195138542,1.5548135564777807,ZONE_01,WHEEL_FLAT,FRONT_BOGIE_AXLE_1,1
5.64,RUN_014_WHEEL_FLAT,TRAIN001,-0.09470059139112054,-0.02071687736929559,1.2658345543076082,26.193705267318077,25.48767030900038,23.49405161299299,114.01591874159506,4.998897105886962,0.3321137266886126,1.660202347169039,1.6153956170271258,ZONE_01,WHEEL_FLAT,FRONT_BOGIE_AXLE_1,1
5.65,RUN_014_WHEEL_FLAT,TRAIN001,0.058791201756192915,-0.004057716253162035,1.2458090694063555,26.339536628547354,25.53248369645406,23.467924659794946,114.8183379524926,5.003625768040208,0.3114050994674345,1.5581545799943792,1.6033010897682858,ZONE_01,WHEEL_FLAT,FRONT_BOGIE_AXLE_1,1
5.66,RUN_014_WHEEL_FLAT,TRAIN001,0.1394980035053899,-0.024666504900459206,1.0913020204985786,26.347601111979905,25.569786153951362,23.479707351620508,113.8792253114331,4.9361733285941645,0.32059916779912495,1.5825330612595256,1.5937658127440308,ZONE_01,WHEEL_FLAT,FRONT_BOGIE_AXLE_1,1
5.67,RUN_014_WHEEL_FLAT,TRAIN001,-0.1219207670892162,0.0238937944197208,1.0635470964636389,26.44727069027613,25.509919126555996,23.500026729612895,114.43030120290823,5.009335449541102,0.30934124928421725,1.5495940860447606,1.6143506695096548,ZONE_01,WHEEL_FLAT,FRONT_BOGIE_AXLE_1,1
5.68,RUN_014_WHEEL_FLAT,TRAIN001,0.005654886400297526,0.09006181147478397,0.9689919856071322,26.242652919619548,25.542501389826914,23.476930197451363,114.93565378115376,5.004593798103252,0.32454864759290813,1.624234148926266,1.5791118570877025,ZONE_01,WHEEL_FLAT,FRONT_BOGIE_AXLE_1,1
5.69,RUN_014_WHEEL_FLAT,TRAIN001,-0.04874393434081637,-0.012700240339368098,1.0785998007834188,26.468583297861457,25.237021700579994,23.469709254225194,115.43097794272222,4.9523073363594134,0.3062204049108872,1.5164975577831368,1.6382196071003812,ZONE_01,WHEEL_FLAT,FRONT_BOGIE_AXLE_1,1
5.7,RUN_014_WHEEL_FLAT,TRAIN001,0.08318668653831103,0.005731959159140644,1.0309135490516015,26.45712611125127,25.417276927454804,23.533742808078742,114.19901619996988,4.952224307232591,0.35347559973079357,1.7504904570004536,1.5346915143371702,ZONE_01,WHEEL_FLAT,FRONT_BOGIE_AXLE_1,1
5.71,RUN_014_WHEEL_FLAT,TRAIN001,-0.012291689918180377,0.11106482818880066,0.9176435713177998,26.583166137663667,25.39259751266413,23.55810911206174,114.00018375760396,5.024170413694565,0.3558021831132727,1.7876108015256407,1.5915151563830903,ZONE_01,WHEEL_FLAT,FRONT_BOGIE_AXLE_1,1
5.72,RUN_014_WHEEL_FLAT,TRAIN001,0.08119822070507487,0.030534265030239767,1.0698238291086024,26.332582023631936,25.3711274202767,23.42553055912363,115.23657230672912,5.000276253979528,0.33563459642006666,1.6782657024932615,1.558841080035479,ZONE_01,WHEEL_FLAT,FRONT_BOGIE_AXLE_1,1
5.73,RUN_014_WHEEL_FLAT,TRAIN001,-0.06578860799561576,0.05575297573166289,0.8954069265662472,26.16469454898705,25.472208619066333,23.508836478270393,115.05913868301928,4.978802503267574,0.3028989011460417,1.5080738072629098,1.6208393367324145,ZONE_01,WHEEL_FLAT,FRONT_BOGIE_AXLE_1,1
5.74,RUN_014_WHEEL_FLAT,TRAIN001,0.04421904423669989,0.06989190208752559,1.1089361317953617,26.261329867049742,25.442695328373873,23.54227223011815,114.39789624474464,5.012570795770693,0.3207093775611564,1.6075784598928495,1.6323267879274592,ZONE_01,WHEEL_FLAT,FRONT_BOGIE_AXLE_1,1
5.75,RUN_014_WHEEL_FLAT,TRAIN001,-0.01272647960059196,0.004501691752840174,0.8486327324370272,26.298848708528276,25.298723894336156,23.432807162387814,115.30524640958872,4.975846615990661,0.3289598474098136,1.6368537435309252,1.5501887733804198,ZONE_01,WHEEL_FLAT,FRONT_BOGIE_AXLE_1,1
5.76,RUN_014_WHEEL_FLAT,TRAIN001,0.13371015725648067,0.07859529617214879,1.3993732990874397,26.3930734130385,25.387297765068293,23.501333801018983,116.0304875910654,5.034084590840479,0.34291530871874826,1.7262646715843564,1.6384273682887687,ZONE_01,WHEEL_FLAT,FRONT_BOGIE_AXLE_1,1
5.7700000000000005,RUN_014_WHEEL_FLAT,TRAIN001,0.2801501166930372,0.16950418615441762,1.4753742849573293,26.228995392216998,25.381957266104877,23.51244040742832,113.92782585261986,5.050599658501067,0.34796179745208655,1.7574157353829258,1.7418834656949258,ZONE_01,WHEEL_FLAT,FRONT_BOGIE_AXLE_1,1
5.78,RUN_014_WHEEL_FLAT,TRAIN001,0.03443722789479654,0.041283386758351345,0.9041756035262227,26.45775092175937,25.427020872475335,23.57953035043662,116.32676673122431,5.01303268333917,0.32335853141630977,1.6210068864265166,1.5773854220868904,ZONE_01,WHEEL_FLAT,FRONT_BOGIE_AXLE_1,1
5.79,RUN_014_WHEEL_FLAT,TRAIN001,0.013201746385780531,-0.061248116411994076,0.92482300076123,26.45911309581714,25.15536004603836,23.49284395722962,113.61242499413099,4.993351667090564,0.3272027843609183,1.6338385687652657,1.6010418590155875,ZONE_01,WHEEL_FLAT,FRONT_BOGIE_AXLE_1,1
5.8,RUN_014_WHEEL_FLAT,TRAIN001,0.029970393142182642,0.07139353779530153,1.042724461979647,26.340642476281605,25.25298294035054,23.40940504433337,116.51990489404197,4.974078882248344,0.33856321178362264,1.684040122039091,1.5771304169580378,ZONE_01,WHEEL_FLAT,FRONT_BOGIE_AXLE_1,1
5.8100000000000005,RUN_014_WHEEL_FLAT,TRAIN001,-0.023299341029979482,-0.061604681532904354,1.0296702640929851,26.41808570112618,25.493065618974498,23.437222911634258,115.03499719495032,4.994615341458936,0.31797130206606644,1.588144343442849,1.5549466738344055,ZONE_01,WHEEL_FLAT,FRONT_BOGIE_AXLE_1,1
5.82,RUN_014_WHEEL_FLAT,TRAIN001,0.02160076124648491,-0.04528200601628213,1.0111225786580071,26.53306744473798,25.338411015123267,23.46740561440812,115.01142668526157,5.041934137411086,0.32550794414521955,1.6411896155842836,1.548272642372281,ZONE_01,WHEEL_FLAT,FRONT_BOGIE_AXLE_1,1
5.83,RUN_014_WHEEL_FLAT,TRAIN001,0.08498880162925868,0.02602699835561667,1.0069009529980428,26.219036793353837,25.551356332187375,23.471128984383732,114.18709254184178,5.031225902664856,0.35284626904261984,1.7752492884658815,1.6382227041724977,ZONE_01,WHEEL_FLAT,FRONT_BOGIE_AXLE_1,1
5.84,RUN_014_WHEEL_FLAT,TRAIN001,0.007585145499295417,0.03381819772769658,1.0666404782297378,26.501389021978877,25.378088467991812,23.466094869918557,115.05163666877374,4.9837678243477805,0.35868226132525943,1.7875891131571302,1.6037011241309977,ZONE_01,WHEEL_FLAT,FRONT_BOGIE_AXLE_1,1
5.8500000000000005,RUN_014_WHEEL_FLAT,TRAIN001,-0.1393844127921082,0.03739329972982308,1.1594319816205203,26.474837249748433,25.413538980589212,23.436631985572877,115.69444667804143,5.049265999186418,0.34782861871788623,1.7562792180361995,1.5645992239046895,ZONE_01,WHEEL_FLAT,FRONT_BOGIE_AXLE_1,1
5.86,RUN_014_WHEEL_FLAT,TRAIN001,-0.06134325404415978,-0.053701008016262236,0.9198237259552139,26.368398405441276,25.550748630051213,23.485432021631848,117.02630756406171,5.005783208401278,0.2850714613966478,1.4270059346537525,1.5388970786381273,ZONE_01,WHEEL_FLAT,FRONT_BOGIE_AXLE_1,1
5.87,RUN_014_WHEEL_FLAT,TRAIN001,-0.06500267846408028,0.006810428308243839,0.8790061507808413,26.406084789890922,25.348951046868667,23.48915431089238,117.06958251681554,5.015193367245903,0.29566813594178337,1.482832874281192,1.5815911705224233,ZONE_01,WHEEL_FLAT,FRONT_BOGIE_AXLE_1,1
5.88,RUN_014_WHEEL_FLAT,TRAIN001,0.09514709266320666,-0.0011341923269807032,0.9285042041903526,26.32067352646274,25.365119060121877,23.494480664555095,113.60279641686438,5.025437308648532,0.3287905107518185,1.6523160994617947,1.576939992346182,ZONE_01,WHEEL_FLAT,FRONT_BOGIE_AXLE_1,1
5.89,RUN_014_WHEEL_FLAT,TRAIN001,-0.018521437297829277,-0.009424283045690412,0.9634383726352104,26.487406162654153,25.39175724481672,23.510206332490107,114.70734279446263,5.003003679485073,0.33760342534420745,1.6890311792038342,1.5694762678208702,ZONE_01,WHEEL_FLAT,FRONT_BOGIE_AXLE_1,1
5.9,RUN_014_WHEEL_FLAT,TRAIN001,-0.061797972641531335,0.00576629927364249,1.011758219799452,26.25965140556212,25.396223145512167,23.57788705960328,115.6843028563618,4.96312230235744,0.3271367702616027,1.6236198004065425,1.5623383541141327,ZONE_01,WHEEL_FLAT,FRONT_BOGIE_AXLE_1,1
5.91,RUN_014_WHEEL_FLAT,TRAIN001,0.00319649848746377,0.02124616356602261,0.8205242756080715,26.21533348856697,25.366278720561194,23.46573742334583,117.34298298215853,4.99637883578491,0.32259437787629,1.611803722164295,1.6401656289344444,ZONE_01,WHEEL_FLAT,FRONT_BOGIE_AXLE_1,1
5.92,RUN_014_WHEEL_FLAT,TRAIN001,0.004049788503253528,-0.0772733728195863,0.982417445633402,26.480690961285262,25.411774782374064,23.533521140281835,114.93581313392374,5.018917165609075,0.3205511217975885,1.6088195276451622,1.629742247181302,ZONE_01,WHEEL_FLAT,FRONT_BOGIE_AXLE_1,1
5.93,RUN_014_WHEEL_FLAT,TRAIN001,-0.04312323075224825,-0.1146661466594842,0.8490435916479862,26.604452287900603,25.38125881676974,23.384748202948302,115.26932475414098,5.016750869922489,0.3392145128288384,1.7017547023244084,1.5720802170263166,ZONE_01,WHEEL_FLAT,FRONT_BOGIE_AXLE_1,1
5.94,RUN_014_WHEEL_FLAT,TRAIN001,0.03969861785887755,-0.09162888044467707,1.0805395262200133,26.385945900204735,25.55863315351727,23.4435997319177,116.86091935741116,4.945663900845955,0.3392853140600638,1.67799112983404,1.577230133116266,ZONE_01,WHEEL_FLAT,FRONT_BOGIE_AXLE_1,1
5.95,RUN_014_WHEEL_FLAT,TRAIN001,-0.034415588872408316,-0.00953428422235578,1.1819545127912992,26.57411815872502,25.463510621242357,23.467675296776573,115.27927917250088,5.028909374693162,0.34755687712796746,1.747832037627915,1.62131189455768,ZONE_01,WHEEL_FLAT,FRONT_BOGIE_AXLE_1,1
5.96,RUN_014_WHEEL_FLAT,TRAIN001,-0.11039946299583273,0.045092513289730234,1.0150874991629006,26.27523676181266,25.57862139583836,23.506140227452416,114.64916340916741,4.992543030797401,0.3218592179120408,1.6068959952846613,1.584352214207794,ZONE_01,WHEEL_FLAT,FRONT_BOGIE_AXLE_1,1
5.97,RUN_014_WHEEL_FLAT,TRAIN001,0.05823592376247622,-0.06804962991379848,1.1248965396148132,26.598128890281103,25.60235323044291,23.500684885291395,115.48105088008411,4.988404324169984,0.304215443441508,1.517549633542908,1.568787862711928,ZONE_01,WHEEL_FLAT,FRONT_BOGIE_AXLE_1,1
5.98,RUN_014_WHEEL_FLAT,TRAIN001,0.024978232430532328,-0.03180832756121508,0.8688389079097645,26.512047579998374,25.402176737650123,23.504564981118236,114.63513776821905,4.953505844744285,0.3145279618428809,1.558016097324218,1.596998412911893,ZONE_01,WHEEL_FLAT,FRONT_BOGIE_AXLE_1,1
5.99,RUN_014_WHEEL_FLAT,TRAIN001,0.05689377329135767,-0.1360401001234243,1.0058500124023222,26.5628632344472,25.345273745484644,23.523173389946056,116.32211011039333,5.051949651302012,0.30120330611841906,1.5216639373159604,1.6300129542334085,ZONE_01,WHEEL_FLAT,FRONT_BOGIE_AXLE_1,1
6.0,RUN_014_WHEEL_FLAT,TRAIN001,-0.03433551953014252,-0.013761001175861135,0.8548465536215949,26.59582195662105,25.51335492414158,23.457592823856874,114.00758208225173,4.998176737611393,0.3443262983511408,1.7210036945665121,1.6414570829132977,ZONE_01,WHEEL_FLAT,FRONT_BOGIE_AXLE_1,1
6.01,RUN_014_WHEEL_FLAT,TRAIN001,-0.04324401153772294,0.020905045502552937,1.0979001270258038,26.43642416070974,25.24546821621489,23.498427016036718,117.3546308583054,5.000686595454906,0.3216659591615142,1.6085506501931293,1.5918929150990755,ZONE_01,WHEEL_FLAT,FRONT_BOGIE_AXLE_1,1
6.0200000000000005,RUN_014_WHEEL_FLAT,TRAIN001,0.010315498004488841,-0.00468972163717996,1.1248613812979327,26.399586273152174,25.6384493375505,23.53833084971446,113.82079927797349,4.957595284486259,0.3032045681600292,1.5031655373448534,1.6321464332537325,ZONE_01,WHEEL_FLAT,FRONT_BOGIE_AXLE_1,1
6.03,RUN_014_WHEEL_FLAT,TRAIN001,-0.04783543304630448,0.031288181027825115,0.8629258817602163,26.446786302755385,25.569781708971245,23.452507710721527,116.88408005152112,5.006422356608567,0.32934827425158086,1.6488565633235641,1.6186466236532806,ZONE_01,WHEEL_FLAT,FRONT_BOGIE_AXLE_1,1
6.04,RUN_014_WHEEL_FLAT,TRAIN001,-0.013104839681496484,-0.04271716485589014,1.044488286328488,26.48851273889972,25.57589319413988,23.507576612991173,114.70957212500916,4.989519952016581,0.31993730203915516,1.5963335519187198,1.5835843028874463,ZONE_01,WHEEL_FLAT,FRONT_BOGIE_AXLE_1,1
6.05,RUN_014_WHEEL_FLAT,TRAIN001,-0.08785254753109403,0.03019827463548397,0.9958127684936677,26.619334111511954,25.657809027810195,23.535709483853925,114.70949202408629,5.031327882178233,0.3352057664741929,1.6865301191285325,1.5930693283085873,ZONE_01,WHEEL_FLAT,FRONT_BOGIE_AXLE_1,1
6.0600000000000005,RUN_014_WHEEL_FLAT,TRAIN001,0.11779416087127109,0.06012208342435197,0.7786077606641736,26.53467678176637,25.391715547481997,23.484185547956862,113.80242678465926,4.9878281417460295,0.3312968489031004,1.6524517462306665,1.640004077419618,ZONE_01,WHEEL_FLAT,FRONT_BOGIE_AXLE_1,1
6.07,RUN_014_WHEEL_FLAT,TRAIN001,-0.008042469730336704,-0.0023585777483725893,0.9227241393251882,26.51190661392855,25.45005065670853,23.355537819557142,114.07272931234615,4.9940149466982575,0.38748053103916374,1.935083563564162,1.557681051495716,ZONE_01,WHEEL_FLAT,FRONT_BOGIE_AXLE_1,1
6.08,RUN_014_WHEEL_FLAT,TRAIN001,-0.05214995253483881,-0.11153197665814085,0.9786359097615682,26.570307476236525,25.43219138392655,23.476557754431287,115.74933419221612,5.006661832201225,0.3157811536587336,1.5810094493516516,1.6156705864097354,ZONE_01,WHEEL_FLAT,FRONT_BOGIE_AXLE_1,1
6.09,RUN_014_WHEEL_FLAT,TRAIN001,-0.009839562162555208,-0.09489341047454727,0.9459074860243345,26.47750634740557,25.40513603932487,23.525626598062278,116.10307473303311,5.006527525804616,0.31263007992653263,1.5651911005466828,1.5886628634293776,ZONE_01,WHEEL_FLAT,FRONT_BOGIE_AXLE_1,1
6.1000000000000005,RUN_014_WHEEL_FLAT,TRAIN001,0.032098421210795695,-0.05425812098968288,1.0754218962631164,26.434372403314068,25.64702546020781,23.46603567240663,115.6074703425057,4.965166452362082,0.332508882575897,1.6509619488782465,1.6163485266745805,ZONE_01,WHEEL_FLAT,FRONT_BOGIE_AXLE_1,1
6.11,RUN_014_WHEEL_FLAT,TRAIN001,-0.03682156693904707,-0.05449802003225396,1.2177704212556282,26.525368830516427,25.49591777334721,23.50389302114644,114.3318567061868,4.980681246432367,0.3096276429941669,1.542156594838103,1.5843003246647966,ZONE_01,WHEEL_FLAT,FRONT_BOGIE_AXLE_1,1
6.12,RUN_014_WHEEL_FLAT,TRAIN001,-0.013065093173259374,0.029715362189374313,0.8171248119549556,26.513139955339426,25.48250545911862,23.457056084785677,116.91911378043186,5.061118462817689,0.31398965677878415,1.5891388490568936,1.571679326651871,ZONE_01,WHEEL_FLAT,FRONT_BOGIE_AXLE_1,1
6.13,RUN_014_WHEEL_FLAT,TRAIN001,-0.015587478976325656,0.02805045162119768,0.8346667918754449,26.455496762515406,25.540115844327676,23.384006876159834,115.53505431274665,5.0251912582483484,0.34071873694309923,1.712176818407881,1.6233911677691506,ZONE_01,WHEEL_FLAT,FRONT_BOGIE_AXLE_1,1
6.140000000000001,RUN_014_WHEEL_FLAT,TRAIN001,0.08571979929271777,0.0408246607636875,0.8082434388848055,26.634196875302433,25.3899627490737,23.544812965335648,115.57418411038837,5.023904457690372,0.3445019886405965,1.7307450764146906,1.5938649608520354,ZONE_01,WHEEL_FLAT,FRONT_BOGIE_AXLE_1,1
6.15,RUN_014_WHEEL_FLAT,TRAIN001,0.00014011207915104156,0.005480956201766576,0.9698868921293422,26.496349895196886,25.653422860858747,23.54731351841291,116.6538177660197,5.037806659836551,0.35737613078538444,1.8003918517372282,1.6051081851290059,ZONE_01,WHEEL_FLAT,FRONT_BOGIE_AXLE_1,1
6.16,RUN_014_WHEEL_FLAT,TRAIN001,-0.018207467854611373,-0.014024968822995174,1.105420258080015,26.630447579729196,25.489157907281967,23.505977896056955,115.93515029889696,5.0194141013275875,0.315760967442845,1.5849350526314574,1.62582228468193,ZONE_01,WHEEL_FLAT,FRONT_BOGIE_AXLE_1,1
6.17,RUN_014_WHEEL_FLAT,TRAIN001,0.030362498604844045,0.03778979333962382,0.9353096827099852,26.387272421504598,25.6427886425939,23.500402319693922,113.8267416936331,4.985280564165835,0.34431646023129026,1.7165141571134301,1.5960737432881238,ZONE_01,WHEEL_FLAT,FRONT_BOGIE_AXLE_1,1
6.18,RUN_014_WHEEL_FLAT,TRAIN001,0.05876799032843829,-0.03987308349639693,0.9858886169305907,26.42368244689086,25.630036359304306,23.41643309437513,114.62231507774023,4.98911281015986,0.3207163979460701,1.6000902894210656,1.595580321124377,ZONE_01,WHEEL_FLAT,FRONT_BOGIE_AXLE_1,1
6.19,RUN_014_WHEEL_FLAT,TRAIN001,-0.052972992926166244,-0.028715172846020653,1.0053600262854614,26.645883938706994,25.464284788447067,23.46753693170918,113.72793216652764,4.981966297227672,0.3244595272572103,1.6164464296098446,1.6407468442425488,ZONE_01,WHEEL_FLAT,FRONT_BOGIE_AXLE_1,1
6.2,RUN_014_WHEEL_FLAT,TRAIN001,0.048179512334555745,0.048583686924157155,0.9682733130554342,26.78454955342886,25.608257700190208,23.4962147218471,116.62584096527189,5.003026462815106,0.3542131337908229,1.7721376818321548,1.6258117592438799,ZONE_01,WHEEL_FLAT,FRONT_BOGIE_AXLE_1,1
6.21,RUN_014_WHEEL_FLAT,TRAIN001,0.01737421059737908,0.009069555268645819,0.9855901829214362,26.70152025702867,25.445310586844847,23.454141129641872,114.49711447514856,5.011668424749336,0.3371630383461013,1.6897493532717056,1.633834677601086,ZONE_01,WHEEL_FLAT,FRONT_BOGIE_AXLE_1,1
6.22,RUN_014_WHEEL_FLAT,TRAIN001,0.00921521006304591,0.09827193299181572,1.2031511687895546,26.468888441341786,25.50594132870577,23.501627663006584,113.64261385102424,4.999893662223245,0.361683290740645,1.8083779931061983,1.598712965606322,ZONE_01,WHEEL_FLAT,FRONT_BOGIE_AXLE_1,1
6.23,RUN_014_WHEEL_FLAT,TRAIN001,-0.08238730269385412,-0.047509887114342696,0.8375440914280642,26.612282445319725,25.530708913939517,23.502379909512175,113.60915748679395,4.988788932651606,0.3345118608581397,1.6688090692897815,1.5693715537008617,ZONE_01,WHEEL_FLAT,FRONT_BOGIE_AXLE_1,1
6.24,RUN_014_WHEEL_FLAT,TRAIN001,-0.10761301685925868,-0.121396920841958,1.0067548364341727,26.592276381492262,25.611608707204425,23.547950295675797,113.12746858282553,5.043851093638896,0.3214750148038293,1.6214721049958745,1.5440343135512304,ZONE_01,WHEEL_FLAT,FRONT_BOGIE_AXLE_1,1
6.25,RUN_014_WHEEL_FLAT,TRAIN001,-0.08407598526420959,-0.02079636878151666,0.8499922364947725,26.520716454634456,25.718815231948852,23.573605223050393,114.16446083957368,5.00774472191812,0.3020579901391674,1.512629305832611,1.558222300327753,ZONE_01,WHEEL_FLAT,FRONT_BOGIE_AXLE_1,1
6.26,RUN_014_WHEEL_FLAT,TRAIN001,-0.08221916566292642,0.15745881691262806,1.1605746930807646,26.5146402832343,25.642979526573935,23.46463227328757,114.319253266481,5.034925362618246,0.3055202348570709,1.5382715792749495,1.6283319114151766,ZONE_01,WHEEL_FLAT,FRONT_BOGIE_AXLE_1,1
6.2700000000000005,RUN_014_WHEEL_FLAT,TRAIN001,-0.14580012306603204,-0.08600490710768173,1.0428310609180549,26.526361676883212,25.523067806315954,23.498401046538635,115.46852849641024,5.0233674490272575,0.30851228166050526,1.549770553318511,1.6113478765634666,ZONE_01,WHEEL_FLAT,FRONT_BOGIE_AXLE_1,1
6.28,RUN_014_WHEEL_FLAT,TRAIN001,-0.12041553102046669,0.13408605299298365,1.3564973193204677,26.480480366436286,25.665235463146033,23.6134928019516,115.11028275950052,4.991624317223736,0.31638846199161236,1.57929234056635,1.6166771668257764,ZONE_01,WHEEL_FLAT,FRONT_BOGIE_AXLE_1,1
6.29,RUN_014_WHEEL_FLAT,TRAIN001,0.35342353935433296,0.1709002639981811,1.6801588874001505,26.723426857126764,25.598397530526768,23.534717722658268,115.85893862987687,4.936177121873546,0.34312170286692184,1.6937094997099922,1.7387774536331542,ZONE_01,WHEEL_FLAT,FRONT_BOGIE_AXLE_1,1
6.3,RUN_014_WHEEL_FLAT,TRAIN001,-0.007563581342738091,0.055047003939483724,1.0740284373091333,26.613283481121453,25.625570785395524,23.450721961222467,115.09123255787405,4.991722794266046,0.3767092476546853,1.8804281383287056,1.6357936380581097,ZONE_01,WHEEL_FLAT,FRONT_BOGIE_AXLE_1,1
6.3100000000000005,RUN_014_WHEEL_FLAT,TRAIN001,0.07632097631603348,-0.028312431484427705,0.9804388621209091,26.67234147854603,25.678032559345418,23.471892633503064,114.02617217081624,4.966266760188202,0.3587539596467622,1.7816678648796147,1.6224782617283628,ZONE_01,WHEEL_FLAT,FRONT_BOGIE_AXLE_1,1
6.32,RUN_014_WHEEL_FLAT,TRAIN001,0.042145934347270486,0.07256206474427855,1.044862709878039,26.60593839842141,25.598027575476305,23.58086047726686,116.23286511920064,4.936606612041506,0.35131405523925097,1.734299287997201,1.6179482762766255,ZONE_01,WHEEL_FLAT,FRONT_BOGIE_AXLE_1,1
6.33,RUN_014_WHEEL_FLAT,TRAIN001,0.03528570845972145,0.08934373160667741,1.027489455293678,26.49885355533512,25.439349294006377,23.462594146098564,113.93294711712927,5.017794660600491,0.31143841372662023,1.5627340095033218,1.6033801931065719,ZONE_01,WHEEL_FLAT,FRONT_BOGIE_AXLE_1,1
6.34,RUN_014_WHEEL_FLAT,TRAIN001,-0.04434067674916518,0.07812754574254678,0.8866581850675643,26.70267545107894,25.617218184893616,23.549730867077418,115.11397996636353,5.024772651230186,0.3301670945676764,1.6590145871197908,1.5838399137846197,ZONE_01,WHEEL_FLAT,FRONT_BOGIE_AXLE_1,1
6.3500000000000005,RUN_014_WHEEL_FLAT,TRAIN001,-0.003679980355120468,0.052146480328401745,0.9439382434944266,26.6788398523947,25.45749235169939,23.55095728314242,113.59172653122204,4.980979529001397,0.33117906609336495,1.6495961486448514,1.6312278561374334,ZONE_01,WHEEL_FLAT,FRONT_BOGIE_AXLE_1,1
6.36,RUN_014_WHEEL_FLAT,TRAIN001,-0.05017387795280511,0.02982421393459443,0.8974169250295587,26.639048585681653,25.524368491247262,23.602577586615404,114.20472054830373,4.987367994620908,0.33066266292898144,1.6491363821081235,1.5731032865547205,ZONE_01,WHEEL_FLAT,FRONT_BOGIE_AXLE_1,1
6.37,RUN_014_WHEEL_FLAT,TRAIN001,-0.08399722756807738,0.019013123580460974,1.0999581746972402,26.607246729563514,25.4159450702641,23.488382484984314,117.11412330130982,5.031941696361548,0.3340514565973417,1.6809274531824736,1.6071444501404917,ZONE_01,WHEEL_FLAT,FRONT_BOGIE_AXLE_1,1
6.38,RUN_014_WHEEL_FLAT,TRAIN001,0.00879995020264488,0.0024893127222997777,1.0326983848413958,26.576638967985648,25.58728307115769,23.54845124236568,117.10245342728729,5.023988499588509,0.35778145380871984,1.797489909301066,1.5695915166708967,ZONE_01,WHEEL_FLAT,FRONT_BOGIE_AXLE_1,1
6.390000000000001,RUN_014_WHEEL_FLAT,TRAIN001,-0.08850534775413142,0.0038139022875384957,1.0429471750944193,26.667753534494604,25.68047339811278,23.407628392177376,115.3060434047565,5.055322646265822,0.3399870187620537,1.718744075384213,1.6206161284006648,ZONE_01,WHEEL_FLAT,FRONT_BOGIE_AXLE_1,1
6.4,RUN_014_WHEEL_FLAT,TRAIN001,0.05056765329105196,0.023143226415022703,0.9343950396697407,26.674587668503246,25.54171055177329,23.428410434025917,113.59218781810178,4.986590567059683,0.3106831446482502,1.5492496384474035,1.6079523066199806,ZONE_01,WHEEL_FLAT,FRONT_BOGIE_AXLE_1,1
6.41,RUN_014_WHEEL_FLAT,TRAIN001,0.029848517680871142,0.08149588991853095,1.0110936827937478,26.5470311330235,25.387709264549805,23.472087165597593,116.11299324072002,4.981261929239732,0.3501570609406415,1.7442240369180941,1.5837512459892882,ZONE_01,WHEEL_FLAT,FRONT_BOGIE_AXLE_1,1
6.42,RUN_014_WHEEL_FLAT,TRAIN001,-0.016429648123075628,-0.06900243825567602,0.8753938989749699,26.70393599981343,25.587850557611695,23.446048742924326,116.25452723569657,4.988637599180931,0.3399965998573822,1.6961198216422109,1.5786103236645568,ZONE_01,WHEEL_FLAT,FRONT_BOGIE_AXLE_1,1
6.43,RUN_014_WHEEL_FLAT,TRAIN001,-0.00843266599570234,0.03200946954386204,0.8380129004548458,26.589246300317917,25.447384170437694,23.44287707786969,112.99735067319244,5.030722250429161,0.35561083397436616,1.788979334968514,1.6178111519359502,ZONE_01,WHEEL_FLAT,FRONT_BOGIE_AXLE_1,1
6.44,RUN_014_WHEEL_FLAT,TRAIN001,-0.07494860384077932,0.016354617018912866,1.0278016430776866,26.69206747926536,25.59094459685193,23.469573671879246,115.095481937997,4.962353146769857,0.3039062994803889,1.5080903815496904,1.5272566503658258,ZONE_01,WHEEL_FLAT,FRONT_BOGIE_AXLE_1,1
6.45,RUN_014_WHEEL_FLAT,TRAIN001,0.08318788753222511,-0.01323105696418451,1.0803033232503936,26.487741118257443,25.686038099441223,23.57658700672601,118.7731257221907,4.980391527299757,0.37172038512804567,1.8513130566163212,1.6449997358464805,ZONE_01,WHEEL_FLAT,FRONT_BOGIE_AXLE_1,1
6.46,RUN_014_WHEEL_FLAT,TRAIN001,0.09345008221600991,-0.07468203028390351,0.9487396326234319,26.5949794115243,25.5020989150848,23.47992768362596,115.07779096771863,4.994690621977998,0.33617613505201205,1.6790957890770937,1.5498159715002273,ZONE_01,WHEEL_FLAT,FRONT_BOGIE_AXLE_1,1
6.47,RUN_014_WHEEL_FLAT,TRAIN001,-0.0921015179306545,-0.03061213074609786,1.1159694323810416,26.749787762253586,25.55768768852991,23.450327121362193,116.84962893334692,4.9750552629311295,0.3284980718139575,1.6342960610407575,1.5331839077430789,ZONE_01,WHEEL_FLAT,FRONT_BOGIE_AXLE_1,1
6.48,RUN_014_WHEEL_FLAT,TRAIN001,-0.007215309621042174,0.04259663263938564,0.9331522392597073,26.65078222427365,25.54829832206972,23.554526426033544,116.92291595742412,4.995132749178569,0.3158651125950647,1.5777881682465837,1.5576522290841444,ZONE_01,WHEEL_FLAT,FRONT_BOGIE_AXLE_1,1
6.49,RUN_014_WHEEL_FLAT,TRAIN001,-0.03787670203795917,0.038248552895516395,1.0490575369695632,26.726396192457518,25.525451192092135,23.50138005139441,114.67884344560136,5.045217381886317,0.30226362838862375,1.524985711858311,1.5765304671650944,ZONE_01,WHEEL_FLAT,FRONT_BOGIE_AXLE_1,1
6.5,RUN_014_WHEEL_FLAT,TRAIN001,-0.04576127763236942,0.03325936271351432,0.8754601155848386,26.6691859666414,25.77690282982959,23.49436235817887,114.47054414461236,4.9893119401606345,0.307246820679826,1.5329502309942493,1.6118233509745974,ZONE_01,WHEEL_FLAT,FRONT_BOGIE_AXLE_1,1
6.51,RUN_014_WHEEL_FLAT,TRAIN001,0.08077829218667848,0.08768770734485828,0.9955055337833449,26.82767034072957,25.719233945965637,23.469535666111277,114.38349034344702,4.964544051837529,0.30009565099369656,1.4898380791230672,1.6108247415420092,ZONE_01,WHEEL_FLAT,FRONT_BOGIE_AXLE_1,1
6.5200000000000005,RUN_014_WHEEL_FLAT,TRAIN001,-0.028188486466925296,0.14701761154345178,0.9977135105697957,26.73069286715489,25.53893466235454,23.41937713710777,113.68085996549064,4.988076984688213,0.3318652716288165,1.6553695234290018,1.6530197483335742,ZONE_01,WHEEL_FLAT,FRONT_BOGIE_AXLE_1,1
6.53,RUN_014_WHEEL_FLAT,TRAIN001,0.018550208616790208,0.09467737289580035,0.9888251163060062,26.594227495345862,25.876834332174493,23.53535343127626,116.60570770440793,5.056713987741054,0.2967165478819498,1.5004107180688937,1.6409434046841311,ZONE_01,WHEEL_FLAT,FRONT_BOGIE_AXLE_1,1
6.54,RUN_014_WHEEL_FLAT,TRAIN001,-0.02123571640528362,0.1000865705997215,0.980333544155592,26.604560985837487,25.645336698621904,23.503471659937816,116.17184654843508,4.9745602929227255,0.31953931239271033,1.5895675754566074,1.6498435459482164,ZONE_01,WHEEL_FLAT,FRONT_BOGIE_AXLE_1,1
6.55,RUN_014_WHEEL_FLAT,TRAIN001,-0.00244463671410558,-0.07321298896562695,0.7486797139863495,26.828268915285626,25.664840240041826,23.46675339457064,115.05034961066826,4.998954134873006,0.2978868877673175,1.4891228893288828,1.5980035445037644,ZONE_01,WHEEL_FLAT,FRONT_BOGIE_AXLE_1,1
6.5600000000000005,RUN_014_WHEEL_FLAT,TRAIN001,0.11510431339487481,0.004345712001465657,1.0462192187754638,26.772661152727323,25.570233573793043,23.43230980476221,114.57699733151732,4.958017576779972,0.32329654180720757,1.6029099367923163,1.5859138015203695,ZONE_01,WHEEL_FLAT,FRONT_BOGIE_AXLE_1,1
6.57,RUN_014_WHEEL_FLAT,TRAIN001,-0.006391657326503102,0.008891087528249126,0.9199527359130735,26.66185145555206,25.732580172134977,23.46022649103062,115.13338420864616,4.998758783234259,0.317805397575921,1.588632522491891,1.6620576956041184,ZONE_01,WHEEL_FLAT,FRONT_BOGIE_AXLE_1,1
6.58,RUN_014_WHEEL_FLAT,TRAIN001,-0.03000819427516327,0.06704597778471662,1.0150526187871574,26.68602692377202,25.59462568467049,23.461797496792254,114.97359781806801,5.006480772415736,0.3318076695541647,1.6611887177629996,1.5969969501937404,ZONE_01,WHEEL_FLAT,FRONT_BOGIE_AXLE_1,1
6.59,RUN_014_WHEEL_FLAT,TRAIN001,0.004824437531180084,-0.049622399421778346,0.899583485345731,26.684845811399594,25.75149460188522,23.40473265905108,113.69730419943012,4.990659614465313,0.31368739693203995,1.5655070234354822,1.5992015285096652,ZONE_01,WHEEL_FLAT,FRONT_BOGIE_AXLE_1,1
6.6000000000000005,RUN_014_WHEEL_FLAT,TRAIN001,-0.00010174128866529304,-0.04812687173849993,0.9467604325033767,26.596578367389103,25.678874680834696,23.450017369808542,113.10115770451976,5.035437485461473,0.3487828065481752,1.7562740183771386,1.5370646253868032,ZONE_01,WHEEL_FLAT,FRONT_BOGIE_AXLE_1,1
6.61,RUN_014_WHEEL_FLAT,TRAIN001,-0.01614200785278061,0.07683160857650047,0.8748306250569877,26.961961960489557,25.651009314467625,23.517879903021235,113.59729629730764,4.94504993140461,0.3099090510335218,1.5325157315549849,1.5966056343211443,ZONE_01,WHEEL_FLAT,FRONT_BOGIE_AXLE_1,1
6.62,RUN_014_WHEEL_FLAT,TRAIN001,0.044349295302068874,-0.024872681163706695,1.0153447983401673,26.579799141356304,25.759858560921327,23.568212984157714,116.6170263791188,5.018604331004474,0.29998942630127623,1.5055282340911325,1.5825719233118651,ZONE_01,WHEEL_FLAT,FRONT_BOGIE_AXLE_1,1
6.63,RUN_014_WHEEL_FLAT,TRAIN001,0.089662304126947,-0.01857341333558854,0.9039255741023795,26.652267533999005,25.72011080432718,23.415007095725926,116.40257634313193,4.9982893549802405,0.3073416978599103,1.536182736754743,1.5985614142220737,ZONE_01,WHEEL_FLAT,FRONT_BOGIE_AXLE_1,1
6.640000000000001,RUN_014_WHEEL_FLAT,TRAIN001,0.13082781314152825,0.00720019657539586,1.071351298163263,26.698144598648604,25.951259385333987,23.55862110715118,113.534920317222,5.015278706778549,0.31189604633051915,1.5642455998898686,1.6490185327563183,ZONE_01,WHEEL_FLAT,FRONT_BOGIE_AXLE_1,1
6.65,RUN_014_WHEEL_FLAT,TRAIN001,0.061749227301778835,-0.0005089673348259517,1.118626376397766,26.77316224825543,25.611898862063804,23.47926183565196,115.45589646405622,4.993948570661444,0.33059975228222943,1.650998160370867,1.566031848783757,ZONE_01,WHEEL_FLAT,FRONT_BOGIE_AXLE_1,1
6.66,RUN_014_WHEEL_FLAT,TRAIN001,0.07583028317156436,-0.025625338948395138,0.9780322178950568,26.616719900792933,25.67083871570488,23.546482388859154,114.92860618303743,5.023922187533086,0.34337582410112627,1.7250934213641063,1.656427214500549,ZONE_01,WHEEL_FLAT,FRONT_BOGIE_AXLE_1,1
6.67,RUN_014_WHEEL_FLAT,TRAIN001,-0.04007031094893169,-0.026187982633863165,1.0110574083530965,26.70351011825226,25.618374022680012,23.548264472021756,114.0455433516405,4.959991440378786,0.36077007961728036,1.7894165068464838,1.61579024786319,ZONE_01,WHEEL_FLAT,FRONT_BOGIE_AXLE_1,1
6.68,RUN_014_WHEEL_FLAT,TRAIN001,0.01826430289533164,0.0022150416394917296,1.0095634353676257,26.85357482998169,25.781713530856788,23.512145218895277,113.55854969303455,4.972661043917036,0.32338725338675683,1.6080951970156532,1.6078337162630718,ZONE_01,WHEEL_FLAT,FRONT_BOGIE_AXLE_1,1
6.69,RUN_014_WHEEL_FLAT,TRAIN001,0.15474312704561577,-0.06395881602620851,0.9576946054596327,26.706320960256875,25.900311245600523,23.517126286437232,115.39101091917534,4.973839068951175,0.30595953697917144,1.5217934985452148,1.6029315941155082,ZONE_01,WHEEL_FLAT,FRONT_BOGIE_AXLE_1,1
6.7,RUN_014_WHEEL_FLAT,TRAIN001,-0.10512610527872161,-0.024109354256906305,1.079166253639308,26.736531142275496,25.52457807667815,23.52347352966978,114.9665026031611,4.978485194371269,0.34883471559509677,1.7366684668729018,1.5506989576784729,ZONE_01,WHEEL_FLAT,FRONT_BOGIE_AXLE_1,1
6.71,RUN_014_WHEEL_FLAT,TRAIN001,-0.018021507019837818,0.015353910886299964,0.9642304466937647,26.862086589260596,25.667693432911452,23.37920777849025,112.68965174916217,4.94596579289329,0.3468312786033973,1.7154156398778455,1.6312458185600274,ZONE_01,WHEEL_FLAT,FRONT_BOGIE_AXLE_1,1
6.72,RUN_014_WHEEL_FLAT,TRAIN001,0.02019353784793052,-0.006232416820707633,1.0650929994933305,26.833066301039366,25.881472040967,23.526002255971743,115.28797726260005,4.9749340779394835,0.3354712360215509,1.6689472842520932,1.6247652987164705,ZONE_01,WHEEL_FLAT,FRONT_BOGIE_AXLE_1,1
6.73,RUN_014_WHEEL_FLAT,TRAIN001,-0.0786127422306685,0.07524217634650769,1.042485474637585,26.838441665927192,25.583798273158344,23.46689623634332,116.41859364495843,4.997868358791365,0.3400080064553717,1.6993152571990324,1.5578098361201496,ZONE_01,WHEEL_FLAT,FRONT_BOGIE_AXLE_1,1
6.74,RUN_014_WHEEL_FLAT,TRAIN001,-0.08175030916305612,-0.0068965216220080085,0.8417321136931936,26.850016294990567,25.643262851525567,23.598256760826224,115.47329194671211,4.946253232069311,0.336912559997776,1.666454838813745,1.6180449450978474,ZONE_01,WHEEL_FLAT,FRONT_BOGIE_AXLE_1,1
6.75,RUN_014_WHEEL_FLAT,TRAIN001,0.033545244548115256,0.08309092049111794,1.0649125724053132,26.700495131149626,25.741482509266177,23.603620185201528,114.59344129047622,4.967305087590328,0.32222475113477933,1.6005886456593168,1.5630019309143013,ZONE_01,WHEEL_FLAT,FRONT_BOGIE_AXLE_1,1
6.76,RUN_014_WHEEL_FLAT,TRAIN001,0.10445132907713313,0.037493469812335936,1.1183726964777758,26.70133240923696,25.658031532888185,23.515991344853983,114.67993223819181,5.013514742144055,0.36798610116255964,1.8449037430826065,1.6194499548378087,ZONE_01,WHEEL_FLAT,FRONT_BOGIE_AXLE_1,1
6.7700000000000005,RUN_014_WHEEL_FLAT,TRAIN001,-0.029705043153941506,0.0009788598792065117,1.1067099898873183,26.845191382842543,25.725620781959773,23.45597956827404,115.42817934915928,4.951904351556573,0.2972369447065457,1.4718889199357241,1.6012090281185938,ZONE_01,WHEEL_FLAT,FRONT_BOGIE_AXLE_1,1
6.78,RUN_014_WHEEL_FLAT,TRAIN001,0.10607492764634593,0.03349439488149505,1.080487149737299,27.043127121612255,25.65351038732035,23.484935164506826,116.01194273082388,5.041517857974711,0.3225563501809212,1.6261735996402586,1.6398973454310855,ZONE_01,WHEEL_FLAT,FRONT_BOGIE_AXLE_1,1
6.79,RUN_014_WHEEL_FLAT,TRAIN001,0.010230704460614167,0.0628466583593534,0.9566375635709747,26.88918810912209,25.674262499079934,23.451550596907925,114.79978071104226,5.000906124226721,0.3143251541756123,1.5719105885153277,1.5381016191167007,ZONE_01,WHEEL_FLAT,FRONT_BOGIE_AXLE_1,1
6.8,RUN_014_WHEEL_FLAT,TRAIN001,-0.1162494866430892,-0.09253978942414129,1.2093006204126813,26.929505302930696,25.953149967185364,23.52213728505077,114.57107218131812,4.985697465643102,0.32209804028835204,1.6058833831542465,1.6561720363854375,ZONE_01,WHEEL_FLAT,FRONT_BOGIE_AXLE_1,1
6.8100000000000005,RUN_014_WHEEL_FLAT,TRAIN001,-0.27354685325363653,0.16107217562347068,1.9178019769182115,26.535034193081813,25.670711859146508,23.596096439878043,115.08926772503766,4.965790083836947,0.33133217105532986,1.6453260094827242,1.745549838083351,ZONE_01,WHEEL_FLAT,FRONT_BOGIE_AXLE_1,1
6.82,RUN_014_WHEEL_FLAT,TRAIN001,-0.14815418281730985,0.0846743266766946,1.0788047977166912,26.81355511476469,25.709526471499185,23.55485169617798,115.08081544582897,5.0336672615433145,0.3014566262196534,1.5174323501771694,1.53543943931738,ZONE_01,WHEEL_FLAT,FRONT_BOGIE_AXLE_1,1
6.83,RUN_014_WHEEL_FLAT,TRAIN001,0.01725514373406328,-0.03778239237657839,0.9714620028130903,26.806899301428246,25.74738800709216,23.505649091777958,114.7971205746023,4.992783035141535,0.33996107327374736,1.6973518792496742,1.6110887732815147,ZONE_01,WHEEL_FLAT,FRONT_BOGIE_AXLE_1,1
6.84,RUN_014_WHEEL_FLAT,TRAIN001,0.003557014725117146,0.01516692682138829,0.9941605304528999,26.726328071813708,25.737484670850538,23.478484354562184,115.89375882964514,5.009437780348896,0.3416746742664371,1.7115980218586928,1.6325628238229133,ZONE_01,WHEEL_FLAT,FRONT_BOGIE_AXLE_1,1
6.8500000000000005,RUN_014_WHEEL_FLAT,TRAIN001,-0.03884276003189194,-0.0660555147526797,1.0051423301092859,26.70514928377946,25.705256213085395,23.43963830299633,115.90140523802026,4.977396477158528,0.3298808521757534,1.6419477915016483,1.6011789608687934,ZONE_01,WHEEL_FLAT,FRONT_BOGIE_AXLE_1,1
6.86,RUN_014_WHEEL_FLAT,TRAIN001,0.09545343495414471,0.04367826545325023,1.0413866244512897,26.832532401279526,25.67967261235483,23.54581347440074,114.54892674913823,4.996581370047111,0.36992786770411246,1.8483746920316206,1.6201966171123043,ZONE_01,WHEEL_FLAT,FRONT_BOGIE_AXLE_1,1
6.87,RUN_014_WHEEL_FLAT,TRAIN001,-0.06990855157494179,0.11399548706072013,0.8918204849111707,26.83151006189828,25.679220334495948,23.50700948104376,115.03042399084956,4.946967193630791,0.30710258805992224,1.5192264282115464,1.6310995395749903,ZONE_01,WHEEL_FLAT,FRONT_BOGIE_AXLE_1,1
6.88,RUN_014_WHEEL_FLAT,TRAIN001,0.00899577537781534,0.12975434697027524,1.1040227836775132,26.761662645568833,25.679668005829196,23.405261366867844,114.0641918712672,4.987364480692847,0.34993531198632377,1.7452549455407609,1.6597468152994854,ZONE_01,WHEEL_FLAT,FRONT_BOGIE_AXLE_1,1
6.890000000000001,RUN_014_WHEEL_FLAT,TRAIN001,0.018656570101024846,0.04596454645149532,0.9664564385931428,26.872423785727435,25.760493772342386,23.517221799608976,114.55136818692037,4.99615691133635,0.3544368202366671,1.770821969057504,1.6055563976777598,ZONE_01,WHEEL_FLAT,FRONT_BOGIE_AXLE_1,1
6.9,RUN_014_WHEEL_FLAT,TRAIN001,-0.0647310281026605,0.056100881321211125,1.1937323110318527,26.6638905125248,25.67428065954033,23.496905649409904,112.60542678220338,5.034671240131261,0.30376717363427785,1.5293678527924577,1.5916529729735414,ZONE_01,WHEEL_FLAT,FRONT_BOGIE_AXLE_1,1
6.91,RUN_014_WHEEL_FLAT,TRAIN001,0.041591393481427354,-0.02777676186167859,1.0992448109553388,26.896381735508204,25.897875498641426,23.5441339850576,115.95287022133438,4.968261597175376,0.32307560779917865,1.6051241352127528,1.6199313229644983,ZONE_01,WHEEL_FLAT,FRONT_BOGIE_AXLE_1,1
6.92,RUN_014_WHEEL_FLAT,TRAIN001,0.03802869026366585,0.019730720941386424,0.8727827376991656,26.828431713333114,25.704178358424628,23.568079770953375,116.63108615153669,4.9811919987032836,0.3254152349451967,1.6209557645651629,1.5591811777370579,ZONE_01,WHEEL_FLAT,FRONT_BOGIE_AXLE_1,1
6.93,RUN_014_WHEEL_FLAT,TRAIN001,0.0017058690662931895,0.022651680361450557,0.9913069702445603,26.81736033501269,25.743933305431405,23.482035750828057,112.5350490983349,5.007059458234659,0.3245439997585804,1.625011103604507,1.5363409068423843,ZONE_01,WHEEL_FLAT,FRONT_BOGIE_AXLE_1,1
6.94,RUN_014_WHEEL_FLAT,TRAIN001,-0.002108478977042678,-0.017389526440182098,0.9827451175858763,26.77590005881011,25.774941262037995,23.370798164275598,114.65251123497035,5.001954715385139,0.316517497334807,1.5832061882957411,1.6167420693588077,ZONE_01,WHEEL_FLAT,FRONT_BOGIE_AXLE_1,1
6.95,RUN_014_WHEEL_FLAT,TRAIN001,0.004089330624875531,0.0020853100766359623,0.8431584877597682,26.698309795614723,25.731619348844106,23.549183207462093,115.7455172241537,5.040908947282624,0.312481126557798,1.5751889067221578,1.645180255721906,ZONE_01,WHEEL_FLAT,FRONT_BOGIE_AXLE_1,1
6.96,RUN_014_WHEEL_FLAT,TRAIN001,0.04279610054183883,-0.12430019314917207,0.9382613293050136,26.804229102435958,25.786434872173277,23.518375412561568,116.95375434755063,5.025269512648894,0.32708787148321156,1.6437047085218026,1.5493102991242191,ZONE_01,WHEEL_FLAT,FRONT_BOGIE_AXLE_1,1
6.97,RUN_014_WHEEL_FLAT,TRAIN001,0.04500577541710576,0.004509450133522511,0.995235517909244,26.78997518317596,25.68048223889429,23.495853178647984,114.38531244969161,4.989498638438273,0.37159046463725964,1.8540501173642523,1.6270237243455008,ZONE_01,WHEEL_FLAT,FRONT_BOGIE_AXLE_1,1
6.98,RUN_014_WHEEL_FLAT,TRAIN001,-0.061998569722840985,-0.019711711161514003,0.9235641886437687,26.694491369209995,25.939515247038546,23.50829123119142,114.19815132078647,4.977095835152773,0.3041245990653918,1.5136572753758684,1.5929165015963287,ZONE_01,WHEEL_FLAT,FRONT_BOGIE_AXLE_1,1
6.99,RUN_014_WHEEL_FLAT,TRAIN001,0.08945634655719113,-0.009279794441420094,0.9078301022306401,26.83133743147993,25.74473885687586,23.50903099479567,115.40683062318607,4.978568300997089,0.3299538093347087,1.642697575947018,1.5923685398813667,ZONE_01,WHEEL_FLAT,FRONT_BOGIE_AXLE_1,1
7.0,RUN_014_WHEEL_FLAT,TRAIN001,-0.024791657183899463,0.037251224213529686,1.0163339888809513,26.889791819090814,25.913303273890172,23.565858802723774,113.1779302574897,4.970810523653939,0.3457150691709008,1.718484104020463,1.6380308862708044,ZONE_01,WHEEL_FLAT,FRONT_BOGIE_AXLE_1,1
7.01,RUN_014_WHEEL_FLAT,TRAIN001,0.029207488423042337,-0.008400808424683251,1.0176926342013553,26.81198940704714,25.89458141228815,23.520537099637238,113.99235013039993,5.004987789337586,0.3399089004347552,1.701239896163115,1.5603131744928673,ZONE_01,WHEEL_FLAT,FRONT_BOGIE_AXLE_1,1
7.0200000000000005,RUN_014_WHEEL_FLAT,TRAIN001,-0.054357132804,-0.09990587530478827,0.9830529674592261,26.94506736303643,25.82060402185634,23.527708013677593,115.33516167125332,4.95407650662956,0.3415683925702973,1.6921559490397327,1.6111757868158483,ZONE_01,WHEEL_FLAT,FRONT_BOGIE_AXLE_1,1
7.03,RUN_014_WHEEL_FLAT,TRAIN001,0.14182121275543147,0.007679322950860552,1.213037365001295,27.012646340355342,25.748751968572183,23.481853483672374,113.96231453498224,5.033265588158709,0.320312234019304,1.6122165449556023,1.614981084570014,ZONE_01,WHEEL_FLAT,FRONT_BOGIE_AXLE_1,1
7.04,RUN_014_WHEEL_FLAT,TRAIN001,0.035919031508313624,0.008830972279596736,0.9871568171010769,26.835382462479547,25.764997602657633,23.476842678467964,115.42470867791494,5.027749457703774,0.32709682201485374,1.6445608695018086,1.6568313661276146,ZONE_01,WHEEL_FLAT,FRONT_BOGIE_AXLE_1,1
7.05,RUN_014_WHEEL_FLAT,TRAIN001,0.0009702420917938262,-0.07199758763508149,0.9127925654577735,26.923099010815523,25.89523294701183,23.54025328423379,115.95773359606751,5.021935867579822,0.3171517797967501,1.592715898428077,1.534346189225695,ZONE_01,WHEEL_FLAT,FRONT_BOGIE_AXLE_1,1
7.0600000000000005,RUN_014_WHEEL_FLAT,TRAIN001,0.038415710545002965,-0.07458094672765513,0.8665801718210514,26.822172331067257,25.79262775288642,23.445439639935312,112.89772772461075,4.981207885632567,0.34791272967269515,1.7330256325575806,1.5651245392252664,ZONE_01,WHEEL_FLAT,FRONT_BOGIE_AXLE_1,1
7.07,RUN_014_WHEEL_FLAT,TRAIN001,-0.02042144399494593,-0.023142090993480743,0.9078467377927615,26.829192348390233,25.712824556904913,23.528397655091226,113.17558645986341,5.0115544478406395,0.35948728320375123,1.801590093081907,1.6016639890064028,ZONE_01,WHEEL_FLAT,FRONT_BOGIE_AXLE_1,1
7.08,RUN_014_WHEEL_FLAT,TRAIN001,0.09782316438458405,0.0010413965288993553,1.1206650950794739,26.719619815557998,25.818444579925128,23.427707492581526,116.46670659421727,5.027769754968287,0.32389227199452886,1.6284557690020542,1.6212454787309447,ZONE_01,WHEEL_FLAT,FRONT_BOGIE_AXLE_1,1
7.09,RUN_014_WHEEL_FLAT,TRAIN001,-0.06239103690772339,-0.050580779189690984,0.9607754702159457,26.852429748782694,25.69175676054894,23.485725719164744,112.50747600505254,4.954289727411289,0.37061425416230454,1.8361303922285017,1.592748031029324,ZONE_01,WHEEL_FLAT,FRONT_BOGIE_AXLE_1,1
7.1000000000000005,RUN_014_WHEEL_FLAT,TRAIN001,-0.04360545045406648,0.0502732909038037,1.068743861605045,26.837609080917485,25.80346901855351,23.496296584576516,115.52529607521345,4.976608315734979,0.3085087418875315,1.5353271703544258,1.5980603693719568,ZONE_01,WHEEL_FLAT,FRONT_BOGIE_AXLE_1,1
7.11,RUN_014_WHEEL_FLAT,TRAIN001,-0.019131762946852537,-0.04451791934949315,0.9032889211067199,26.735300971028465,25.899599515224615,23.4821943866085,115.248039641289,4.994138752328777,0.3250986122766773,1.623587577899262,1.5476449474577605,ZONE_01,WHEEL_FLAT,FRONT_BOGIE_AXLE_1,1
7.12,RUN_014_WHEEL_FLAT,TRAIN001,0.053358004799798756,0.05032527918969012,0.8692808616027584,26.882840915651464,25.838023656850385,23.43030054233399,116.58769380364909,4.993645332280047,0.2847188246576594,1.4217848297639821,1.6090196448541954,ZONE_01,WHEEL_FLAT,FRONT_BOGIE_AXLE_1,1
7.13,RUN_014_WHEEL_FLAT,TRAIN001,-0.006882799901213583,-0.03430509494694629,0.9056750826306597,26.91328505047665,25.820256969809034,23.416091834230212,113.6390008052109,4.9515279114443835,0.33790424603560915,1.673142305640889,1.665575873219847,ZONE_01,WHEEL_FLAT,FRONT_BOGIE_AXLE_1,1
7.140000000000001,RUN_014_WHEEL_FLAT,TRAIN001,-0.0434165910997758,0.06336727930546718,1.3002008056085637,26.95117437212435,25.76081901361977,23.57214661452125,114.71166282517541,5.064526176033635,0.33051102516949726,1.6738817384386304,1.6413386255713238,ZONE_01,WHEEL_FLAT,FRONT_BOGIE_AXLE_1,1
7.15,RUN_014_WHEEL_FLAT,TRAIN001,0.03428980200009291,-0.016159566801505466,0.9415306955746179,26.82469602103656,25.756583678850568,23.460125736199466,115.19708741369695,5.016488747110175,0.34598500817840483,1.7356299001957898,1.5885042658640223,ZONE_01,WHEEL_FLAT,FRONT_BOGIE_AXLE_1,1
7.16,RUN_014_WHEEL_FLAT,TRAIN001,0.008130439948249971,0.06045479522428365,1.0813802697448156,27.071713386098804,25.62388576127095,23.551153368498372,114.79740601616781,4.993939074636324,0.34065586936861647,1.7012146570441409,1.58751680051876,ZONE_01,WHEEL_FLAT,FRONT_BOGIE_AXLE_1,1
7.17,RUN_014_WHEEL_FLAT,TRAIN001,-0.017400313981883107,-0.08949955814752904,1.1266349548859735,26.912085530888664,25.875476589482382,23.420104651333467,115.30720667114973,5.003463472960651,0.3369716218698404,1.686025201450055,1.6115691999356232,ZONE_01,WHEEL_FLAT,FRONT_BOGIE_AXLE_1,1
7.18,RUN_014_WHEEL_FLAT,TRAIN001,-0.020530379013842835,-0.059234397415277765,0.8727460958950713,26.784152436351633,25.68770019123052,23.502834461663756,114.56918479786808,4.995836319281706,0.32677908710945486,1.6325348317631347,1.575948629098537,ZONE_01,WHEEL_FLAT,FRONT_BOGIE_AXLE_1,1
7.19,RUN_014_WHEEL_FLAT,TRAIN001,-0.08599294935092999,0.05317838812912799,1.0279528972934124,26.94600996719889,25.912208487559766,23.551758857798635,114.63648212291756,5.0280477335035485,0.3263127746062649,1.6407162067722845,1.6172872459331196,ZONE_01,WHEEL_FLAT,FRONT_BOGIE_AXLE_1,1
7.2,RUN_014_WHEEL_FLAT,TRAIN001,-0.07016896687732095,-0.006843818383261409,0.915637681689818,26.925964854591207,25.735931304396928,23.51833984216687,112.9215576547393,5.003109337490558,0.3231459332631492,1.6167344360809628,1.5670855287604686,ZONE_01,WHEEL_FLAT,FRONT_BOGIE_AXLE_1,1
7.21,RUN_014_WHEEL_FLAT,TRAIN001,0.11218602600561219,-0.149738712769649,0.9352242234245456,27.11426668416193,25.81610047188313,23.486776951689055,113.72407145225554,5.030507993076905,0.32218566157745654,1.620757545820166,1.5661071141726657,ZONE_01,WHEEL_FLAT,FRONT_BOGIE_AXLE_1,1
7.22,RUN_014_WHEEL_FLAT,TRAIN001,-0.07173965964840219,0.04263863557177368,1.1417502013960985,26.878732939319615,25.864494433235297,23.52226519189243,116.18539793028116,4.983332272070739,0.3248087109877868,1.6186297317151357,1.5856690424044586,ZONE_01,WHEEL_FLAT,FRONT_BOGIE_AXLE_1,1
7.23,RUN_014_WHEEL_FLAT,TRAIN001,-0.0141471720673077,0.11440064382972896,0.9819853955118183,26.949799718383204,25.703483653663355,23.49610952165421,116.58094205794414,5.044554970571462,0.34807997444697647,1.7559085652528827,1.6238271108772253,ZONE_01,WHEEL_FLAT,FRONT_BOGIE_AXLE_1,1
7.24,RUN_014_WHEEL_FLAT,TRAIN001,0.003783754816550031,0.09690576730210212,1.0534699763104287,26.898594645744833,25.78127052060053,23.471411065317984,115.15790696567814,4.981341763139576,0.29290947744477414,1.4590822128150431,1.6028286153006839,ZONE_01,WHEEL_FLAT,FRONT_BOGIE_AXLE_1,1
7.25,RUN_014_WHEEL_FLAT,TRAIN001,0.05296562050190629,0.05240118820915594,1.1754482482392927,27.039375164814626,25.88066849090133,23.473817092945517,115.94109847267534,5.013106378251562,0.31132533948224556,1.560707045069778,1.5793872475155748,ZONE_01,WHEEL_FLAT,FRONT_BOGIE_AXLE_1,1
7.26,RUN_014_WHEEL_FLAT,TRAIN001,-0.058506633140193484,0.06685973693430328,0.7275306037108689,26.90820113962089,25.82763172338466,23.49748238976194,115.23958496131739,5.009700554645793,0.32581847145755227,1.632252977174744,1.6289600820570853,ZONE_01,WHEEL_FLAT,FRONT_BOGIE_AXLE_1,1
7.2700000000000005,RUN_014_WHEEL_FLAT,TRAIN001,-0.03888362291556529,0.026145759127673387,0.9375778289172031,27.121835919601764,25.737517379410384,23.49498868083906,113.50122879777605,5.002658043105328,0.3349305663918573,1.675543091842048,1.588119692977847,ZONE_01,WHEEL_FLAT,FRONT_BOGIE_AXLE_1,1
7.28,RUN_014_WHEEL_FLAT,TRAIN001,-0.06206395170235218,-0.006438379006662976,1.0728243591552171,26.976071854011686,25.856355083367777,23.53732138682862,115.96285019754563,5.006645683429936,0.31814004050373873,1.5928144605142687,1.5852607240034966,ZONE_01,WHEEL_FLAT,FRONT_BOGIE_AXLE_1,1
7.29,RUN_014_WHEEL_FLAT,TRAIN001,-0.0508576726697469,-0.08447989162563957,0.9037427965890489,27.031319796598723,25.881272125467195,23.563383210293612,116.1318882520078,4.970197422736915,0.32784139788111955,1.6294364708152078,1.5744820642294755,ZONE_01,WHEEL_FLAT,FRONT_BOGIE_AXLE_1,1
7.3,RUN_014_WHEEL_FLAT,TRAIN001,-0.015345398113484204,0.01998258900684175,0.8729906015872353,26.996073911619913,25.973566138191703,23.478232947851936,114.40776629483318,4.989196261244287,0.33941086071633325,1.6933873973116353,1.6543912893378803,ZONE_01,WHEEL_FLAT,FRONT_BOGIE_AXLE_1,1
7.3100000000000005,RUN_014_WHEEL_FLAT,TRAIN001,-0.041996704956157704,-0.04739814629566745,0.964849988220372,26.99545102323672,25.930582569664825,23.578895671370795,114.87547255189257,5.029352334630645,0.2840989703356201,1.4288338197236135,1.6151221367041084,ZONE_01,WHEEL_FLAT,FRONT_BOGIE_AXLE_1,1
7.32,RUN_014_WHEEL_FLAT,TRAIN001,-0.061966951191408215,0.05505796265614861,0.8069084044559953,26.86845018762077,25.860314554490916,23.361120256745767,114.92441205985844,5.048100721956117,0.3110340350776131,1.570131137028223,1.6325711696775824,ZONE_01,WHEEL_FLAT,FRONT_BOGIE_AXLE_1,1
7.33,RUN_014_WHEEL_FLAT,TRAIN001,-0.2892933165004229,0.18444989040216064,1.756789595009833,26.843683714494784,25.832135910389034,23.43389491767974,112.63849896332412,5.002665372851966,0.31762396065180243,1.5889663895408672,1.7672940722089738,ZONE_01,WHEEL_FLAT,FRONT_BOGIE_AXLE_1,1
7.34,RUN_014_WHEEL_FLAT,TRAIN001,0.060595668614430845,0.12475009201009057,1.218272779035822,26.906291238297825,25.685985689036883,23.47380733857841,116.19279538845502,5.033412914298285,0.31566285486797413,1.5888614902567264,1.5961301310400318,ZONE_01,WHEEL_FLAT,FRONT_BOGIE_AXLE_1,1
7.3500000000000005,RUN_014_WHEEL_FLAT,TRAIN001,0.01019671145573774,0.022719369631410444,0.9331182593727397,27.109591530119168,25.863050927953296,23.42887090062384,113.30088609496417,4.989954535211886,0.31922191626363233,1.5929028487987411,1.585342135696428,ZONE_01,WHEEL_FLAT,FRONT_BOGIE_AXLE_1,1
7.36,RUN_014_WHEEL_FLAT,TRAIN001,0.13187018757938393,0.01357453748858325,0.953148830311093,26.847301242157556,25.839689448360442,23.392496586469555,116.3129830883416,5.031540657011705,0.3356590600883551,1.6888822077288936,1.5779878497765807,ZONE_01,WHEEL_FLAT,FRONT_BOGIE_AXLE_1,1
7.37,RUN_014_WHEEL_FLAT,TRAIN001,-0.019725705303945934,-0.046360636774609304,0.9138140710565407,27.064813294541125,26.01980461186656,23.51734087309448,114.35249871164959,5.0270264928193065,0.33638106483644165,1.690996524615561,1.6308140074837842,ZONE_01,WHEEL_FLAT,FRONT_BOGIE_AXLE_1,1
7.38,RUN_014_WHEEL_FLAT,TRAIN001,-0.02603134421850259,0.04415387590376071,0.9949980478677063,27.10262615284732,25.838551014210353,23.567510578487262,115.1321428105197,4.959531173394078,0.33792663349661745,1.6759576731465897,1.6502890274849413,ZONE_01,WHEEL_FLAT,FRONT_BOGIE_AXLE_1,1
7.390000000000001,RUN_014_WHEEL_FLAT,TRAIN001,-0.0058382183803660954,-0.08247753804705628,1.0163158864561934,27.05078973142932,25.82972552505205,23.440155538173936,114.82950348076176,5.013019551388684,0.30711483260399686,1.539572660365299,1.6139728454412017,ZONE_01,WHEEL_FLAT,FRONT_BOGIE_AXLE_1,1
7.4,RUN_014_WHEEL_FLAT,TRAIN001,-0.13814629614883198,0.09651207799578063,0.9798400802067687,27.052925045770152,25.707692627882242,23.474379069776163,114.22407752627663,4.990109622210413,0.3278866135623883,1.6361901453316612,1.6167457555459708,ZONE_01,WHEEL_FLAT,FRONT_BOGIE_AXLE_1,1
7.41,RUN_014_WHEEL_FLAT,TRAIN001,-0.06606430316959144,-0.04274285068209731,0.9308314645786123,27.21892735431903,25.674489505217558,23.49391905378708,115.86405980413817,5.050313017993277,0.3249946867354182,1.6413248971985295,1.6135149689328225,ZONE_01,WHEEL_FLAT,FRONT_BOGIE_AXLE_1,1
7.42,RUN_014_WHEEL_FLAT,TRAIN001,-0.03710180921202607,0.021544319343132768,0.9351839500450836,26.987376571105365,25.92616872912188,23.536043599895244,114.9946612545375,4.917112123153952,0.3067274065326845,1.5082130491654338,1.6572972996811721,ZONE_01,WHEEL_FLAT,FRONT_BOGIE_AXLE_1,1
7.43,RUN_014_WHEEL_FLAT,TRAIN001,0.002197461336067554,-0.06429255656860533,0.9002834820334631,26.924245066438893,25.84061898850989,23.48552909357636,115.37356043016273,4.942832571500643,0.32453980264193333,1.6041459072469386,1.6369131441039566,ZONE_01,WHEEL_FLAT,FRONT_BOGIE_AXLE_1,1
7.44,RUN_014_WHEEL_FLAT,TRAIN001,-0.048637886148724156,0.018143806298020915,1.1104369144976836,27.004146090110467,25.712437868778558,23.562868411746013,114.47201578255721,5.031909209439442,0.34235996395509694,1.7227242555690079,1.5970955905312414,ZONE_01,WHEEL_FLAT,FRONT_BOGIE_AXLE_1,1
7.45,RUN_014_WHEEL_FLAT,TRAIN001,0.07928357447613925,0.00015003805070969292,1.0733989732792277,26.979434636823527,25.658523072915873,23.50015932699122,115.0518370586468,5.0200832430473055,0.2903301284730585,1.4574814128993723,1.5958494364128997,ZONE_01,WHEEL_FLAT,FRONT_BOGIE_AXLE_1,1
7.46,RUN_014_WHEEL_FLAT,TRAIN001,-0.014107946618146095,-0.0011279093509787624,0.9366467310780737,27.04403801955006,25.77194940844217,23.537589670255816,115.28428222882656,5.044671403433572,0.3269780819596881,1.6494969796115972,1.5611111915926958,ZONE_01,WHEEL_FLAT,FRONT_BOGIE_AXLE_1,1
7.47,RUN_014_WHEEL_FLAT,TRAIN001,-0.1054804165804819,-0.05555792331495772,1.005913814114105,27.116693814320904,25.775573090277224,23.539071700610645,114.21574855253051,4.963108131916814,0.30542696324238633,1.5158670449749456,1.6075038605269312,ZONE_01,WHEEL_FLAT,FRONT_BOGIE_AXLE_1,1
7.48,RUN_014_WHEEL_FLAT,TRAIN001,-0.06148016760833963,-0.011867671013573541,0.9260474100314584,27.03964307888131,25.92942729205987,23.484861616098794,116.6733812038235,5.017359852105287,0.34736872096974863,1.7428738744707806,1.5691788077178792,ZONE_01,WHEEL_FLAT,FRONT_BOGIE_AXLE_1,1
7.49,RUN_014_WHEEL_FLAT,TRAIN001,0.04619171836542303,-0.06467115393756792,1.0060239293887088,26.938837133406818,26.016139816572874,23.597923960361783,113.62717985349376,5.004378877526236,0.2935328766908724,1.468949727971315,1.5660941612644788,ZONE_01,WHEEL_FLAT,FRONT_BOGIE_AXLE_1,1
7.5,RUN_014_WHEEL_FLAT,TRAIN001,0.015876419043126234,-0.02332586256122318,1.0271545101039854,27.00603365133165,25.889116662638223,23.489741520189373,114.47073742343514,5.019348302354832,0.30492687941004576,1.5305342145091696,1.6053409045997502,ZONE_01,WHEEL_FLAT,FRONT_BOGIE_AXLE_1,1
7.51,RUN_014_WHEEL_FLAT,TRAIN001,-0.024495013626530206,0.020513394265950204,1.221328269544173,26.962869770339832,26.225904813575866,23.51560307286581,115.21754647150325,4.997702448875536,0.35462952688256194,1.7723328549445525,1.5701635458098742,ZONE_01,WHEEL_FLAT,FRONT_BOGIE_AXLE_1,1
7.5200000000000005,RUN_014_WHEEL_FLAT,TRAIN001,-0.021609480066590636,-0.03987837581555897,0.860431253643033,27.04345587178863,25.75853059354095,23.512296849098764,115.08775480750472,4.96247266887252,0.29628363582938244,1.4702994450374893,1.6275656321282443,ZONE_01,WHEEL_FLAT,FRONT_BOGIE_AXLE_1,1
7.53,RUN_014_WHEEL_FLAT,TRAIN001,-0.007346661479525792,-0.07706522322773904,0.9319784840179959,27.085316956188265,25.75607780000961,23.432707440163377,111.72039316487543,4.984246409011389,0.33507975450691146,1.6701200631334912,1.6242787586332197,ZONE_01,WHEEL_FLAT,FRONT_BOGIE_AXLE_1,1
7.54,RUN_014_WHEEL_FLAT,TRAIN001,0.043784114808950864,0.10162268263542719,1.082484602363601,26.98760046015283,25.894177886223435,23.49405426796368,116.00552896962117,5.012734508355071,0.33571549796504974,1.6828526616390114,1.5572829297514805,ZONE_01,WHEEL_FLAT,FRONT_BOGIE_AXLE_1,1
7.55,RUN_014_WHEEL_FLAT,TRAIN001,0.007521366174921778,-0.1323325404304549,1.0286210061015382,27.059735582610266,25.851811752959584,23.537571597990283,115.03934206221972,4.995949422643094,0.2870215576054577,1.4339451850051081,1.6145902885681638,ZONE_01,WHEEL_FLAT,FRONT_BOGIE_AXLE_1,1
7.5600000000000005,RUN_014_WHEEL_FLAT,TRAIN001,0.03337098495647842,0.03381657217951319,1.0313531573855839,27.008176339047672,25.958394719279198,23.52075267973261,115.86733393058233,5.020713819611683,0.36512745760724385,1.8332004723283681,1.6129517846324848,ZONE_01,WHEEL_FLAT,FRONT_BOGIE_AXLE_1,1
7.57,RUN_014_WHEEL_FLAT,TRAIN001,0.010712747536808615,0.0807252423424186,0.8690814707635894,26.706536358536074,25.88680275145882,23.541683676508374,114.17811842526407,5.026483861182515,0.3291424917515581,1.6544294228186058,1.5903425152968034,ZONE_01,WHEEL_FLAT,FRONT_BOGIE_AXLE_1,1
7.58,RUN_014_WHEEL_FLAT,TRAIN001,-0.05581621320562207,0.04035050526953418,0.861860231329712,27.11401847073087,25.927046543937166,23.579923568042275,113.99454004918194,4.978996365045302,0.2996291939079614,1.4918526673291936,1.55616546597966,ZONE_01,WHEEL_FLAT,FRONT_BOGIE_AXLE_1,1
7.59,RUN_014_WHEEL_FLAT,TRAIN001,0.04009099884860987,-0.027240613851534617,1.297396000643832,27.158059461950128,25.8879773959916,23.59393086977779,113.20131883349949,4.983699028122655,0.3399940736483394,1.6944281344086913,1.5863068434375598,ZONE_01,WHEEL_FLAT,FRONT_BOGIE_AXLE_1,1
7.6000000000000005,RUN_014_WHEEL_FLAT,TRAIN001,-0.05051738042449589,-0.09807487046324587,1.0668902245653533,26.993672763023547,25.77357168330516,23.461443164121665,114.76508982559508,5.011139335234617,0.3649937724137992,1.8290346500584609,1.617272142143482,ZONE_01,WHEEL_FLAT,FRONT_BOGIE_AXLE_1,1
7.61,RUN_014_WHEEL_FLAT,TRAIN001,0.07506275414841344,0.016524538468081107,0.9129677393895846,27.05796390649692,25.833264383235502,23.452069871152823,115.5573032772414,4.993858552156559,0.2943089264085096,1.469737149121151,1.6112641243489643,ZONE_01,WHEEL_FLAT,FRONT_BOGIE_AXLE_1,1
7.62,RUN_014_WHEEL_FLAT,TRAIN001,0.062275151917647056,0.06292564448959148,0.8693930046765075,27.019747646375546,25.714547286639316,23.53717210981483,114.51230120486619,4.993741319402218,0.3043181595770531,1.519686167724368,1.6171939211716164,ZONE_01,WHEEL_FLAT,FRONT_BOGIE_AXLE_1,1
7.63,RUN_014_WHEEL_FLAT,TRAIN001,-0.02053999798026577,0.01623245957717012,0.9802333647645225,27.225760068204437,25.81569592205895,23.48663966364054,116.43311247908204,4.979205424691768,0.3155590054208653,1.5712331116019116,1.5670895484862277,ZONE_01,WHEEL_FLAT,FRONT_BOGIE_AXLE_1,1
7.640000000000001,RUN_014_WHEEL_FLAT,TRAIN001,-0.004732796575571808,-0.031819930058946976,1.1425262407750763,27.172003332213325,25.913806967033413,23.35632850694119,118.35913763210417,4.928075169611279,0.356864419985583,1.7586546870486826,1.5832200501273668,ZONE_01,WHEEL_FLAT,FRONT_BOGIE_AXLE_1,1
7.65,RUN_014_WHEEL_FLAT,TRAIN001,0.015808675878598,-0.030150578936295653,0.9258504643660539,27.125060800821025,26.035463045673623,23.47192678064862,114.95689169923358,4.966104916876645,0.3288283461760538,1.6329960667533163,1.596217555262053,ZONE_01,WHEEL_FLAT,FRONT_BOGIE_AXLE_1,1
7.66,RUN_014_WHEEL_FLAT,TRAIN001,0.19252021885442652,0.002600252526090722,1.200223291488317,26.996627517851863,25.926253799843284,23.474937962756776,113.84983014646991,4.966765983439206,0.3533303755215317,1.7549092900561443,1.6194255560001598,ZONE_01,WHEEL_FLAT,FRONT_BOGIE_AXLE_1,1
7.67,RUN_014_WHEEL_FLAT,TRAIN001,0.024865350549742548,-0.026153233959032535,1.041392985474395,27.128473513625305,26.040617965370558,23.45176187842054,115.20199581255933,4.986826991500746,0.30824670138808913,1.5371729705231933,1.5855384767225948,ZONE_01,WHEEL_FLAT,FRONT_BOGIE_AXLE_1,1
7.68,RUN_014_WHEEL_FLAT,TRAIN001,0.025408607841520735,0.08414448639896702,1.0447539729135582,27.10599905577011,26.020383756760115,23.518693821235132,116.40468749186674,4.984063716840229,0.3156177230433656,1.5730588418121667,1.5952858291041048,ZONE_01,WHEEL_FLAT,FRONT_BOGIE_AXLE_1,1
7.69,RUN_014_WHEEL_FLAT,TRAIN001,-0.10557986382779067,-0.06993843745324314,1.0261643071944107,27.21044896215876,25.963982868552055,23.417244346300876,113.55356356211666,5.023679511303193,0.34434856633554406,1.7298968374465011,1.5509556972551795,ZONE_01,WHEEL_FLAT,FRONT_BOGIE_AXLE_1,1
7.7,RUN_014_WHEEL_FLAT,TRAIN001,0.046786419166421386,-0.027986440819252157,0.8562509298757909,27.08505682702487,25.902351280890276,23.549423359649886,115.78009035203388,4.960322070254046,0.32486044609270687,1.6114124405062287,1.6023107077864054,ZONE_01,WHEEL_FLAT,FRONT_BOGIE_AXLE_1,1
7.71,RUN_014_WHEEL_FLAT,TRAIN001,0.05728213136808219,-0.0673345025958338,0.9140577319511127,27.293955132093036,25.874039288655784,23.497402098790975,115.0179470548111,4.957235736504481,0.33548293466375906,1.6630679927025844,1.5676112977636343,ZONE_01,WHEEL_FLAT,FRONT_BOGIE_AXLE_1,1
7.72,RUN_014_WHEEL_FLAT,TRAIN001,-0.04785581908229529,0.08941826400281974,0.8271700430014054,27.062504979141778,26.03135176817236,23.512281531587035,114.70506818537758,4.978492443283792,0.3107186188663408,1.5469102960136543,1.612408403064534,ZONE_01,WHEEL_FLAT,FRONT_BOGIE_AXLE_1,1
7.73,RUN_014_WHEEL_FLAT,TRAIN001,-0.008135496968472083,0.04069925015501016,1.1017850780015563,27.159684867963996,26.00306998511655,23.39549145024952,116.44723038233077,5.023858945939491,0.3099700713963133,1.5572459161578711,1.5596961096378004,ZONE_01,WHEEL_FLAT,FRONT_BOGIE_AXLE_1,1
7.74,RUN_014_WHEEL_FLAT,TRAIN001,-0.10410660697245712,-0.14984313021968043,1.2142705582938813,27.18979309959571,25.92591034470355,23.46338014647778,116.14520613328234,5.0113112164873925,0.3464128988678487,1.735982845632363,1.586300380405022,ZONE_01,WHEEL_FLAT,FRONT_BOGIE_AXLE_1,1
7.75,RUN_014_WHEEL_FLAT,TRAIN001,0.05228904840236118,0.07271578584729842,0.8827143372941633,27.294837599418273,25.849557123874295,23.50173447064003,113.74971704445319,4.939144631309822,0.2875237824075238,1.4201215462520147,1.6956145426306468,ZONE_01,WHEEL_FLAT,FRONT_BOGIE_AXLE_1,1
7.76,RUN_014_WHEEL_FLAT,TRAIN001,0.06931972476826406,0.02226952106392416,1.1089583577218938,27.222842019627567,26.119678858798977,23.508693842278067,115.47234449037039,4.981081431955998,0.3159642728442217,1.5738437726258314,1.5685930554142296,ZONE_01,WHEEL_FLAT,FRONT_BOGIE_AXLE_1,1
7.7700000000000005,RUN_014_WHEEL_FLAT,TRAIN001,-0.017831102023656804,-0.026552149705018183,0.7189908113736517,27.363943202572138,26.044969000297417,23.589763874770338,114.42046389497585,4.995988667916285,0.29875281032525486,1.4925656548931165,1.5998410911402292,ZONE_01,WHEEL_FLAT,FRONT_BOGIE_AXLE_1,1
7.78,RUN_014_WHEEL_FLAT,TRAIN001,-0.06397477785218408,-0.02713845310395057,0.9164502237064407,26.971633496980594,25.998922262793684,23.486491421300478,113.31715012744226,4.975919194001353,0.3573808785570619,1.7782983731811508,1.6613911158760213,ZONE_01,WHEEL_FLAT,FRONT_BOGIE_AXLE_1,1
7.79,RUN_014_WHEEL_FLAT,TRAIN001,-0.10345324961542414,-0.06134844992274302,1.051769738041853,27.181050292561967,26.192703236642288,23.471023485103782,113.74404757791581,5.029504927380446,0.31696061533362874,1.594154976606024,1.5930863590052802,ZONE_01,WHEEL_FLAT,FRONT_BOGIE_AXLE_1,1
7.8,RUN_014_WHEEL_FLAT,TRAIN001,-0.026944582620898484,0.006469480601190025,0.9689511183462493,27.19495153282549,25.91502573859204,23.52168465062287,113.71396602624526,4.961590629578592,0.3242182818574217,1.6086383892018543,1.5811084383985186,ZONE_01,WHEEL_FLAT,FRONT_BOGIE_AXLE_1,1
7.8100000000000005,RUN_014_WHEEL_FLAT,TRAIN001,-0.1056463207001624,0.05331295923453259,1.1041299852962754,27.05074362881631,26.085670017681508,23.437536281828592,115.1245930328253,5.003560839523369,0.31671978490619124,1.5847267128588831,1.5872763973859718,ZONE_01,WHEEL_FLAT,FRONT_BOGIE_AXLE_1,1
7.82,RUN_014_WHEEL_FLAT,TRAIN001,-0.001770032893094233,-0.003739858672021824,0.8332713654221708,27.06103715971095,25.977248810738455,23.475800727634446,115.078156318216,4.986617230009587,0.3525180700248529,1.7578726818756578,1.5658864276254976,ZONE_01,WHEEL_FLAT,FRONT_BOGIE_AXLE_1,1
7.83,RUN_014_WHEEL_FLAT,TRAIN001,-0.1558800900969806,0.029012870550721378,1.1700598261642046,27.22032145897326,26.229928282122064,23.483682315744133,113.4158410161095,4.946887111096648,0.36925351051225,1.8266554318802402,1.6133087406825835,ZONE_01,WHEEL_FLAT,FRONT_BOGIE_AXLE_1,1
7.84,RUN_014_WHEEL_FLAT,TRAIN001,0.002057352311729519,0.062567204342681,0.8463930867018231,27.208720458932202,26.02382719314115,23.50588543940988,115.3498001346604,5.022322195761746,0.343650679838237,1.7259244369401914,1.603725135199966,ZONE_01,WHEEL_FLAT,FRONT_BOGIE_AXLE_1,1
7.8500000000000005,RUN_014_WHEEL_FLAT,TRAIN001,0.24369732404736313,0.21365355200133604,1.776316999844774,27.07051864733235,26.11174809671121,23.5268755478221,114.5118826534476,4.97223329036017,0.33797915873973333,1.6805112245336264,1.7257911942200952,ZONE_01,WHEEL_FLAT,FRONT_BOGIE_AXLE_1,1
7.86,RUN_014_WHEEL_FLAT,TRAIN001,0.16846524846587163,0.12577617773802516,1.2034188548225968,27.237898367703092,26.020007782047017,23.509749688039523,114.7465158345956,5.006383197967644,0.31628517526586325,1.5834447872172692,1.6680377117476999,ZONE_01,WHEEL_FLAT,FRONT_BOGIE_AXLE_1,1
7.87,RUN_014_WHEEL_FLAT,TRAIN001,-0.07586242399782292,-0.023137756029081205,1.1574161378237104,27.192651892448794,25.962454748268517,23.445781157531602,115.89460722986038,4.936884444425746,0.3532084461045466,1.7437492832133257,1.5899806995342798,ZONE_01,WHEEL_FLAT,FRONT_BOGIE_AXLE_1,1
7.88,RUN_014_WHEEL_FLAT,TRAIN001,0.07789917096772679,-0.11440303510336126,1.034018378251724,27.03811748575227,26.114577719038863,23.58152120936622,115.3186693343494,4.977954274365499,0.3472604161707223,1.7286464729949889,1.6093462423215865,ZONE_01,WHEEL_FLAT,FRONT_BOGIE_AXLE_1,1
7.890000000000001,RUN_014_WHEEL_FLAT,TRAIN001,-0.021701295236226822,-0.05325951072971417,1.0556581713208308,27.312939725630955,25.804301758196875,23.536091613425345,115.75312090699889,4.95367080199055,0.2992437875797398,1.4823552132108195,1.604133865447665,ZONE_01,WHEEL_FLAT,FRONT_BOGIE_AXLE_1,1
7.9,RUN_014_WHEEL_FLAT,TRAIN001,0.023415667439884495,0.08183996196793508,1.0429428695175473,27.105124772186418,25.937253920413607,23.59513886284519,114.66834406365969,4.987217611522025,0.31098799191423215,1.5509647902465278,1.615102225676872,ZONE_01,WHEEL_FLAT,FRONT_BOGIE_AXLE_1,1
7.91,RUN_014_WHEEL_FLAT,TRAIN001,0.002069690677653734,0.042630571848509956,1.1801431047987179,27.230150593931523,25.825782218769127,23.474890517201818,113.2268047108055,5.025354266490611,0.334335720175789,1.6801554378256123,1.6076541310679806,ZONE_01,WHEEL_FLAT,FRONT_BOGIE_AXLE_1,1
7.92,RUN_014_WHEEL_FLAT,TRAIN001,0.026494333488837805,0.02535355039437044,1.1724070722386153,27.227191044252898,26.092587056706723,23.45652854146556,114.47416568295154,4.998552259550686,0.3280431928759497,1.6397410429802999,1.6139493351806695,ZONE_01,WHEEL_FLAT,FRONT_BOGIE_AXLE_1,1
7.930000000000001,RUN_014_WHEEL_FLAT,TRAIN001,-0.0022008177908881274,0.08055219338300133,1.1651435739711566,27.40602362627927,25.92610599305901,23.457137960097953,114.25756248038935,5.085989940703791,0.371444519660539,1.8891630905230528,1.5768376926213599,ZONE_01,WHEEL_FLAT,FRONT_BOGIE_AXLE_1,1
7.94,RUN_014_WHEEL_FLAT,TRAIN001,0.0144504604551741,0.00867686207756677,1.138732548823991,27.26640836158966,25.971634964553,23.442759059170033,114.17869005003162,5.011123766359472,0.3247320728416818,1.627272607916127,1.5922176829537977,ZONE_01,WHEEL_FLAT,FRONT_BOGIE_AXLE_1,1
7.95,RUN_014_WHEEL_FLAT,TRAIN001,-0.09696771530768249,-0.01922784537695484,0.8649470157885938,27.29075371541726,25.96136657981845,23.546060512335213,113.51884058301688,4.963201748285912,0.3394271487473016,1.6846454180783097,1.586863000942614,ZONE_01,WHEEL_FLAT,FRONT_BOGIE_AXLE_1,1
7.96,RUN_014_WHEEL_FLAT,TRAIN001,0.10056556242943464,0.009015504272661548,1.235628402270048,27.150470338501453,25.925854894624443,23.494524077165945,114.46878757293884,5.025632560643604,0.3248215410138005,1.6324337129173878,1.6028117460079088,ZONE_01,WHEEL_FLAT,FRONT_BOGIE_AXLE_1,1
7.97,RUN_014_WHEEL_FLAT,TRAIN001,-0.06654992605390268,-0.15437040695132415,1.1244074997114917,27.335252417732235,26.085629452650476,23.576732407628736,115.4213435386849,5.0149214439469825,0.359814247900359,1.8044401876331657,1.592483269499112,ZONE_01,WHEEL_FLAT,FRONT_BOGIE_AXLE_1,1
7.98,RUN_014_WHEEL_FLAT,TRAIN001,0.06828289467066521,-0.0030547001305339812,0.8359968021468653,27.17436179590699,26.065216745961163,23.495374659447375,113.68407244639977,5.005494579475907,0.3455373288692991,1.7295852266618605,1.6121701122354706,ZONE_01,WHEEL_FLAT,FRONT_BOGIE_AXLE_1,1
7.99,RUN_014_WHEEL_FLAT,TRAIN001,-0.038485732259178666,-0.025026935017717453,0.9638266480358129,27.378623301553766,26.001892303047732,23.466511649481014,115.2012735058657,5.004589378716004,0.30014911332426947,1.5021230645736652,1.5385710392005918,ZONE_01,WHEEL_FLAT,FRONT_BOGIE_AXLE_1,1
8.0,RUN_014_WHEEL_FLAT,TRAIN001,0.011022011980511445,-0.012773583323321088,0.9527660993562377,27.276165336031507,26.197049214218623,23.49690611492824,116.6442761934581,4.986649659910032,0.32120250705201936,1.601724372553202,1.5849488976888955,ZONE_01,WHEEL_FLAT,FRONT_BOGIE_AXLE_1,1
8.01,RUN_014_WHEEL_FLAT,TRAIN001,0.05389790048675437,-0.09011592443528639,1.2768094289187446,27.21956980986112,25.978729068060748,23.54659858482006,114.75998966843495,5.02014597383136,0.319020068494555,1.601527312424345,1.603876255433293,ZONE_01,WHEEL_FLAT,FRONT_BOGIE_AXLE_1,1
8.02,RUN_014_WHEEL_FLAT,TRAIN001,-0.08795152558167652,-0.09441827051281441,0.9314864662726218,27.19012932857014,26.013910358607134,23.490885953520017,112.6723780572279,4.980347022472673,0.3186887877421579,1.5871807551270818,1.5733071973245472,ZONE_01,WHEEL_FLAT,FRONT_BOGIE_AXLE_1,1
8.03,RUN_014_WHEEL_FLAT,TRAIN001,-0.034772343695126405,0.04323602148707687,0.9991917029253637,27.15445645445148,26.045644858464332,23.460455306977654,115.75266362488236,4.9875076003546,0.3353230455226254,1.6724262381181454,1.6581399137701947,ZONE_01,WHEEL_FLAT,FRONT_BOGIE_AXLE_1,1
8.040000000000001,RUN_014_WHEEL_FLAT,TRAIN001,0.039128130550241544,0.05377041601627388,0.9920636932398602,27.24526453828734,25.900159329246545,23.576304195335865,114.87700658134695,5.020059706856406,0.30066616835744303,1.5093621169861042,1.6056112004261154,ZONE_01,WHEEL_FLAT,FRONT_BOGIE_AXLE_1,1
8.05,RUN_014_WHEEL_FLAT,TRAIN001,-0.03942449612864758,-0.015852803565367158,1.192220597840645,27.172347303904864,26.0089020148393,23.588203814822688,112.24671908611583,4.970907169655021,0.32232377751223645,1.602241576585866,1.6367691287381148,ZONE_01,WHEEL_FLAT,FRONT_BOGIE_AXLE_1,1
8.06,RUN_014_WHEEL_FLAT,TRAIN001,-0.1265444331192963,0.06939256213146869,0.9699613129787774,27.24226621525546,26.033057974369054,23.53222038246402,114.82661394808598,4.9995800543416635,0.33483717344674524,1.6740452538164876,1.6380157594941138,ZONE_01,WHEEL_FLAT,FRONT_BOGIE_AXLE_1,1
8.07,RUN_014_WHEEL_FLAT,TRAIN001,-0.05724893956471317,0.010819903536486397,1.103513947045142,27.294726323519253,25.988449370136156,23.544969647487985,116.04424140223217,4.94179075385768,0.3020974315989041,1.4929022942396175,1.5967507731556247,ZONE_01,WHEEL_FLAT,FRONT_BOGIE_AXLE_1,1
8.08,RUN_014_WHEEL_FLAT,TRAIN001,-0.052861726976853714,-0.028338468126511123,1.1373337238238903,27.305479434684727,26.07693381480271,23.418869725311826,115.0217941484969,4.973567032048126,0.35583471975711956,1.7697678310420937,1.6224704234187663,ZONE_01,WHEEL_FLAT,FRONT_BOGIE_AXLE_1,1
8.09,RUN_014_WHEEL_FLAT,TRAIN001,0.06077286582257055,-0.012589677329091949,0.9058901614733226,27.232535822129854,26.063089034415658,23.458199101931946,114.68012555347742,4.979789016729953,0.32672947386806067,1.6270438454101246,1.5961413952870132,ZONE_01,WHEEL_FLAT,FRONT_BOGIE_AXLE_1,1
8.1,RUN_014_WHEEL_FLAT,TRAIN001,0.07873370633743527,-0.03324884498079189,1.013716040404074,27.227114774602928,26.01911824327109,23.543161308177513,116.68225723859106,5.014721875394208,0.34254997835762313,1.7177928698857854,1.6228429724030344,ZONE_01,WHEEL_FLAT,FRONT_BOGIE_AXLE_1,1
8.11,RUN_014_WHEEL_FLAT,TRAIN001,-0.11745015735760844,0.11282991342997685,0.9980250049287988,27.349661186373247,26.023790679231535,23.363842984532784,114.84714839768417,4.932134303266085,0.35586095657802286,1.7551540311315492,1.6510772029695913,ZONE_01,WHEEL_FLAT,FRONT_BOGIE_AXLE_1,1
8.120000000000001,RUN_014_WHEEL_FLAT,TRAIN001,-0.06232739942738424,0.02575068914955484,1.0285289290512145,27.307750489527464,26.292468208251236,23.5056162908884,113.06738091251485,5.023878333126233,0.3285930515434798,1.6508115120651197,1.6028597951703336,ZONE_01,WHEEL_FLAT,FRONT_BOGIE_AXLE_1,1
8.13,RUN_014_WHEEL_FLAT,TRAIN001,0.060056514945149485,0.0014036808115317535,1.0805857271734516,27.410967215429064,25.886603556574975,23.47497147150203,114.67355086771249,4.9211649782976625,0.32338100661851377,1.5914112844176747,1.6022298867500047,ZONE_01,WHEEL_FLAT,FRONT_BOGIE_AXLE_1,1
8.14,RUN_014_WHEEL_FLAT,TRAIN001,-0.10269071947304043,-0.038922512954494067,1.157566458996446,27.24735669462232,26.1695945157127,23.508776746464758,115.29695286183404,5.043909684653788,0.3020335882359501,1.5234301407940432,1.5851228905078107,ZONE_01,WHEEL_FLAT,FRONT_BOGIE_AXLE_1,1
8.15,RUN_014_WHEEL_FLAT,TRAIN001,-0.11619223360981289,-0.04708296343111465,1.276427325186905,27.163956328362104,26.044661302267627,23.572933210037142,115.31695349320019,5.0416986780238355,0.3201660950837903,1.6141809783319991,1.6253200845942575,ZONE_01,WHEEL_FLAT,FRONT_BOGIE_AXLE_1,1
8.16,RUN_014_WHEEL_FLAT,TRAIN001,0.04551623191383496,-0.1423008155468123,1.1872139583845107,27.25116292641207,26.178955588522154,23.534598746112067,115.1329431696656,5.020727962287339,0.3374424474552087,1.6942067316010423,1.568802138309411,ZONE_01,WHEEL_FLAT,FRONT_BOGIE_AXLE_1,1
8.17,RUN_014_WHEEL_FLAT,TRAIN001,-0.0462563555926829,0.02339469069579826,0.9589807691402228,27.293648025694505,26.00659856469227,23.480950141665033,114.20319157119508,4.9353843725156805,0.3411726031563498,1.6838179339483426,1.5834075542104324,ZONE_01,WHEEL_FLAT,FRONT_BOGIE_AXLE_1,1
8.18,RUN_014_WHEEL_FLAT,TRAIN001,0.002526432932905109,0.023025465314949478,1.0766464825670146,27.32194002144923,25.96003649419912,23.430623458434994,114.51415622623763,5.025821254278337,0.3320019505385807,1.668582459478664,1.6333206997485636,ZONE_01,WHEEL_FLAT,FRONT_BOGIE_AXLE_1,1
8.19,RUN_014_WHEEL_FLAT,TRAIN001,-0.002614057430872955,0.006589145771982227,1.0153758859244735,27.094307951541296,26.293169181931837,23.48795577181962,117.32255701801736,5.017193915306873,0.29921733304386217,1.5012313827020154,1.5680643058546713,ZONE_01,WHEEL_FLAT,FRONT_BOGIE_AXLE_1,1
8.2,RUN_014_WHEEL_FLAT,TRAIN001,-0.01902934262496194,-0.016900248770859144,0.9380384533391471,27.08459406663829,26.080743408932715,23.50850404233338,115.25823422841451,4.963196421446881,0.310353387748413,1.5403448234568395,1.5715111763786216,ZONE_01,WHEEL_FLAT,FRONT_BOGIE_AXLE_1,1
8.21,RUN_014_WHEEL_FLAT,TRAIN001,0.037530115637784925,-0.10274608052558275,1.0802700660982043,27.24208319139417,26.072681295091737,23.47156228659165,114.55895729348146,5.000898765230232,0.30977849470479923,1.5491708916641105,1.6093447834941308,ZONE_01,WHEEL_FLAT,FRONT_BOGIE_AXLE_1,1
8.22,RUN_014_WHEEL_FLAT,TRAIN001,-0.057841804832341075,-0.06787048835200316,1.1033761985027464,27.326583279158527,25.90873542714871,23.476320308603132,114.07994896805084,5.004310607593998,0.31232691790786077,1.5629809083234474,1.6070042548927415,ZONE_01,WHEEL_FLAT,FRONT_BOGIE_AXLE_1,1
8.23,RUN_014_WHEEL_FLAT,TRAIN001,0.04246878249252471,-0.00950765803998682,0.9854479196142103,27.322043723647113,26.004750127254106,23.553141591469583,116.21380952033793,5.067304548314787,0.34640388985412146,1.7553340066117242,1.575966779083073,ZONE_01,WHEEL_FLAT,FRONT_BOGIE_AXLE_1,1
8.24,RUN_014_WHEEL_FLAT,TRAIN001,0.015858494997355026,0.012024889649957095,1.1054468372365784,27.302364440535708,25.929331069556756,23.525794234204557,116.47378617838613,5.010868060193325,0.3137385204245488,1.572102331247683,1.6294523758914965,ZONE_01,WHEEL_FLAT,FRONT_BOGIE_AXLE_1,1
8.25,RUN_014_WHEEL_FLAT,TRAIN001,-0.0297201799724247,0.10573211439934169,1.0206300272823694,27.28207303465321,26.026426608614315,23.499970514654922,116.4653661552306,4.981185448741729,0.35267176512959747,1.7567234646456116,1.5816410180389313,ZONE_01,WHEEL_FLAT,FRONT_BOGIE_AXLE_1,1
8.26,RUN_014_WHEEL_FLAT,TRAIN001,0.04439842535425942,-0.08436222140766438,0.9625427005122424,27.23825926545319,25.94236247658123,23.54563830068882,114.74430720558432,5.00815119023273,0.3410417246759607,1.7079885193549356,1.6325004842377875,ZONE_01,WHEEL_FLAT,FRONT_BOGIE_AXLE_1,1
8.27,RUN_014_WHEEL_FLAT,TRAIN001,0.12111208396040432,-0.04391909688260107,0.9139215214838731,27.295760276952045,26.093879583893834,23.439266779938748,112.89608178080898,4.99076128702215,0.32081094381725217,1.6010908388561802,1.6083703162610845,ZONE_01,WHEEL_FLAT,FRONT_BOGIE_AXLE_1,1
8.28,RUN_014_WHEEL_FLAT,TRAIN001,0.023976275069494103,-0.010723865098502455,0.9850089198258815,27.45586169136175,26.0976631508294,23.43604969068451,112.74230199293109,5.045885073077814,0.31472287227216633,1.5880554433542995,1.5786790159902409,ZONE_01,WHEEL_FLAT,FRONT_BOGIE_AXLE_1,1
8.290000000000001,RUN_014_WHEEL_FLAT,TRAIN001,0.09357387211154881,-0.053954594480094084,0.9769544761876034,27.292177672350757,26.0747333906848,23.598931534300238,112.51429167530029,4.983399102361201,0.32543009669936257,1.6217480517729221,1.6655742777871032,ZONE_01,WHEEL_FLAT,FRONT_BOGIE_AXLE_1,1
8.3,RUN_014_WHEEL_FLAT,TRAIN001,0.09712558924555978,-0.016958134753025194,1.0267150389794775,27.29858073434731,26.156306377588727,23.5779203260557,114.16877118778906,5.034398072611967,0.2979523818241821,1.500010896785807,1.5495096313766152,ZONE_01,WHEEL_FLAT,FRONT_BOGIE_AXLE_1,1
8.31,RUN_014_WHEEL_FLAT,TRAIN001,-0.004455803041381923,-0.10359751788351647,1.009754633827909,27.3130858569227,26.18496828367083,23.467636402308553,114.30284658761863,5.021852234162482,0.3330991541754371,1.672774731593552,1.6057655065845038,ZONE_01,WHEEL_FLAT,FRONT_BOGIE_AXLE_1,1
8.32,RUN_014_WHEEL_FLAT,TRAIN001,0.012692951553764712,-0.006917162834781205,0.8849298623029758,27.098951711547542,25.944978172672382,23.475503855478994,114.04350899255193,4.993569606304604,0.36188059972082237,1.807075963877181,1.5664288078716508,ZONE_01,WHEEL_FLAT,FRONT_BOGIE_AXLE_1,1
8.33,RUN_014_WHEEL_FLAT,TRAIN001,0.09948461637013925,0.0286116469898804,1.1144265009415553,27.324445500713374,25.912785295092245,23.52199820203442,115.27435291835384,4.970166368534691,0.34329995644204414,1.706257897827672,1.6544193514928214,ZONE_01,WHEEL_FLAT,FRONT_BOGIE_AXLE_1,1
8.34,RUN_014_WHEEL_FLAT,TRAIN001,0.07414191790288063,0.10063545917422166,1.0521727290588938,27.322541857708014,26.03198685459993,23.48333693142177,115.41564105631363,4.999550323617851,0.34170433471252837,1.7083680171936437,1.5647602700929741,ZONE_01,WHEEL_FLAT,FRONT_BOGIE_AXLE_1,1
8.35,RUN_014_WHEEL_FLAT,TRAIN001,-0.000376963086497525,0.08970498237525112,0.9631275061460273,27.290271837766014,26.217869706212117,23.526793636009028,112.97226206325695,4.973769022231232,0.2965033378765771,1.4747391169186796,1.572781177092092,ZONE_01,WHEEL_FLAT,FRONT_BOGIE_AXLE_1,1
8.36,RUN_014_WHEEL_FLAT,TRAIN001,-0.11317131687796314,-0.032840614263564376,1.184027361903354,27.391660114772957,26.081142802945816,23.46645518369953,115.71248727827633,4.957156400727683,0.36157076348334244,1.7923628245174463,1.57283385026704,ZONE_01,WHEEL_FLAT,FRONT_BOGIE_AXLE_1,1
8.370000000000001,RUN_014_WHEEL_FLAT,TRAIN001,-0.23807233753405999,0.18040617377948756,1.5477640433023185,27.342661298690036,25.994212015760013,23.48386490064253,117.07052448010023,5.008679243749851,0.3528762135811024,1.7674437665767069,1.6905119581997716,ZONE_01,WHEEL_FLAT,FRONT_BOGIE_AXLE_1,1
8.38,RUN_014_WHEEL_FLAT,TRAIN001,0.14371263823932104,0.021632433030827777,1.43193612805156,27.371774017747505,26.08827943815557,23.573683763143816,115.29588485841836,4.985828690854156,0.3407533445942758,1.698937801982653,1.6830797343238495,ZONE_01,WHEEL_FLAT,FRONT_BOGIE_AXLE_1,1
8.39,RUN_014_WHEEL_FLAT,TRAIN001,-0.11503931778526254,0.13801607114875677,0.7684087928762772,27.489245065779237,26.196825171326296,23.550920243969454,116.79160309161848,5.053254039638932,0.27960324633935624,1.4129062340605114,1.5856769766181542,ZONE_01,WHEEL_FLAT,FRONT_BOGIE_AXLE_1,1
8.4,RUN_014_WHEEL_FLAT,TRAIN001,-0.043743063458254045,-0.06690174526709405,0.9847137378777516,27.309447146031435,26.160575530720322,23.536837077353304,115.12237649040436,5.02490588286117,0.3355835813017016,1.68627591187454,1.6405671246081306,ZONE_01,WHEEL_FLAT,FRONT_BOGIE_AXLE_1,1
8.41,RUN_014_WHEEL_FLAT,TRAIN001,0.008747200810668392,-0.009922365823409798,1.290848279232258,27.57683595953399,26.060151204079517,23.47269541559017,113.70664448315578,4.958295061631597,0.3135762137570796,1.554803392116862,1.6291149436895975,ZONE_01,WHEEL_FLAT,FRONT_BOGIE_AXLE_1,1
8.42,RUN_014_WHEEL_FLAT,TRAIN001,0.08459227693350564,0.07986989269388395,1.0986775016593673,27.37816299637915,26.34590697052304,23.446088146947872,112.93532130258426,5.0109110830191606,0.37587336240649977,1.883467997494407,1.5959847553283206,ZONE_01,WHEEL_FLAT,FRONT_BOGIE_AXLE_1,1
8.43,RUN_014_WHEEL_FLAT,TRAIN001,0.017663918607502133,-0.0864943728539115,1.0259739109397599,27.48396421092573,26.023071221345376,23.528892213308122,117.49154836837612,5.018920605793231,0.3407482875976141,1.7101886020124235,1.6290246363873855,ZONE_01,WHEEL_FLAT,FRONT_BOGIE_AXLE_1,1
8.44,RUN_014_WHEEL_FLAT,TRAIN001,0.10096478487673313,-0.05420741092340546,0.9312357843123154,27.29870565142859,26.13205975754526,23.502432558837754,115.80842513082384,5.025756190705579,0.3387830785403373,1.7026411542803945,1.6121854291574975,ZONE_01,WHEEL_FLAT,FRONT_BOGIE_AXLE_1,1
8.45,RUN_014_WHEEL_FLAT,TRAIN001,0.018485340242211917,-0.06587176203648852,0.9739675408933747,27.387243143366515,25.983036851645235,23.484627498710864,114.15164595691151,5.028419602100158,0.3310883567888006,1.6648511833039359,1.6620613679638288,ZONE_01,WHEEL_FLAT,FRONT_BOGIE_AXLE_1,1
8.46,RUN_014_WHEEL_FLAT,TRAIN001,-0.03362856479553347,-0.06458020093623201,0.9780975964990857,27.42099787656078,26.086423258154383,23.541362258189725,112.80749532774959,5.036944388920731,0.30784313630340154,1.5505887580711784,1.598083164004702,ZONE_01,WHEEL_FLAT,FRONT_BOGIE_AXLE_1,1
8.47,RUN_014_WHEEL_FLAT,TRAIN001,-0.003847913407259195,-0.012073475509455178,1.0261631944168705,27.42241208067224,26.039271609413383,23.48046120845153,114.67453595871686,4.993847132901126,0.32206262921239,1.6083315375068923,1.6779967528029158,ZONE_01,WHEEL_FLAT,FRONT_BOGIE_AXLE_1,1
8.48,RUN_014_WHEEL_FLAT,TRAIN001,-0.024773605670195344,-0.08433477004072713,0.8815733119687802,27.341185560721012,26.09685012453656,23.52579812743926,114.67593362772553,5.024942781702832,0.3421882506079856,1.7194763798761168,1.575493610391912,ZONE_01,WHEEL_FLAT,FRONT_BOGIE_AXLE_1,1
8.49,RUN_014_WHEEL_FLAT,TRAIN001,0.0885109616139577,-0.05995687041388303,1.3178532527551008,27.497510004973336,26.289563568859563,23.448334251520798,114.18627038496928,5.005960390736859,0.34243829944772214,1.7142325633065847,1.6208585552979098,ZONE_01,WHEEL_FLAT,FRONT_BOGIE_AXLE_1,1
8.5,RUN_014_WHEEL_FLAT,TRAIN001,-0.029616095314182016,0.0067301509234844285,0.9708677267017527,27.38909789383533,26.06546883381926,23.428623384641373,114.46985677972063,4.997549893931049,0.31473253743244295,1.5728915590621553,1.6022140339020483,ZONE_01,WHEEL_FLAT,FRONT_BOGIE_AXLE_1,1
8.51,RUN_014_WHEEL_FLAT,TRAIN001,0.06125508890636205,-0.00967350505974183,0.9039603210214185,27.419890713544092,26.041481627659717,23.491802803523324,116.31913968441415,5.0160387674307305,0.36659879585135535,1.8388737720838224,1.6240811842278313,ZONE_01,WHEEL_FLAT,FRONT_BOGIE_AXLE_1,1
8.52,RUN_014_WHEEL_FLAT,TRAIN001,0.01990808345157745,-0.01122438705162602,0.9630421794274007,27.450217794052485,26.11273060101509,23.48392354899899,115.09685160621096,5.008591048564561,0.32868078032180803,1.6462276141550227,1.5653458358091505,ZONE_01,WHEEL_FLAT,FRONT_BOGIE_AXLE_1,1
8.53,RUN_014_WHEEL_FLAT,TRAIN001,-0.05231024214343645,-0.05592538631307761,0.8750914292170168,27.272938686278813,26.36002986063473,23.462812987804497,116.01460046215743,4.960900628292504,0.3256860860969006,1.6156963091442407,1.6137562492287267,ZONE_01,WHEEL_FLAT,FRONT_BOGIE_AXLE_1,1
8.540000000000001,RUN_014_WHEEL_FLAT,TRAIN001,0.05141123647143144,-0.05865335303111046,0.9573616285264555,27.68154337950171,26.16801818681373,23.47480935532445,115.1370999667798,5.002296127547932,0.3331424006510384,1.666476940698711,1.5457851062284984,ZONE_01,WHEEL_FLAT,FRONT_BOGIE_AXLE_1,1
8.55,RUN_014_WHEEL_FLAT,TRAIN001,-0.06067703985733822,0.029007785338740974,0.8664712531388569,27.468421487506905,26.107521950568827,23.462616985101445,112.83390853246647,4.985260268220738,0.3140860376623134,1.5658006443608135,1.5901328758996633,ZONE_01,WHEEL_FLAT,FRONT_BOGIE_AXLE_1,1
8.56,RUN_014_WHEEL_FLAT,TRAIN001,-0.0016373799655864936,0.050967323744021784,1.027345887538874,27.359653773364247,26.097208726699463,23.519081643366874,115.65067246511926,4.997715671547576,0.29667286645653823,1.4826866340127824,1.5886230215467538,ZONE_01,WHEEL_FLAT,FRONT_BOGIE_AXLE_1,1
8.57,RUN_014_WHEEL_FLAT,TRAIN001,-0.0066023721828228285,0.10669278618220997,1.0250187691802795,27.345228030709496,26.13242575604179,23.50429060741969,113.48967477009701,4.941400717266262,0.36750586690324155,1.8159937543152374,1.6060802960668419,ZONE_01,WHEEL_FLAT,FRONT_BOGIE_AXLE_1,1
8.58,RUN_014_WHEEL_FLAT,TRAIN001,0.16671134122323633,0.007892175224308887,1.0622936078710232,27.407481787981347,26.17893814447996,23.529904407421167,116.67038822398978,4.976009905036784,0.3093820970787099,1.5394883795047123,1.6044004523815971,ZONE_01,WHEEL_FLAT,FRONT_BOGIE_AXLE_1,1
8.59,RUN_014_WHEEL_FLAT,TRAIN001,-0.016515030452615122,0.047617252383188736,0.871222147931265,27.434889189917104,26.128567102566397,23.496217420190916,115.97343209076608,4.994929247487919,0.32086976412004453,1.60272176943776,1.6021573954152915,ZONE_01,WHEEL_FLAT,FRONT_BOGIE_AXLE_1,1
8.6,RUN_014_WHEEL_FLAT,TRAIN001,0.001716274755641962,0.010028526172059718,0.9335145023337557,27.347206316333253,25.97635552197473,23.434232709753406,116.01064907103274,4.981558908839133,0.3161152719094679,1.574746849000715,1.579223831711004,ZONE_01,WHEEL_FLAT,FRONT_BOGIE_AXLE_1,1
8.61,RUN_014_WHEEL_FLAT,TRAIN001,0.015160226423668682,-0.006093440686596767,0.8742377955234896,27.33253455543517,26.16456113411875,23.494199328886317,115.12902981430935,4.930114782935909,0.31945673518070156,1.5749583726228185,1.6078364714439468,ZONE_01,WHEEL_FLAT,FRONT_BOGIE_AXLE_1,1
8.620000000000001,RUN_014_WHEEL_FLAT,TRAIN001,-0.011526389071955344,-0.02755478356573587,0.9032739456818383,27.491274132817068,26.240945182140074,23.511934801662477,114.66102853185795,5.047696060733933,0.3151509183071275,1.590786048875569,1.623331737571987,ZONE_01,WHEEL_FLAT,FRONT_BOGIE_AXLE_1,1
8.63,RUN_014_WHEEL_FLAT,TRAIN001,-0.07419120094625212,0.04024151796283835,1.0352517234295684,27.37644961306139,26.101925132387905,23.51154342769757,114.43956203464165,5.001219878626753,0.31759939600835624,1.5883844127568416,1.591809132873606,ZONE_01,WHEEL_FLAT,FRONT_BOGIE_AXLE_1,1
8.64,RUN_014_WHEEL_FLAT,TRAIN001,0.0009638755076769094,-0.07845692951541294,1.0561538221964342,27.411244664821496,25.92389490452495,23.58954482164347,115.68012751869897,5.017075077628857,0.3050843491292683,1.530631084591073,1.6242426889526298,ZONE_01,WHEEL_FLAT,FRONT_BOGIE_AXLE_1,1
8.65,RUN_014_WHEEL_FLAT,TRAIN001,-0.005880600742944353,0.014518094132631908,1.0718167120302136,27.673471058399326,26.315135861613957,23.494827203090374,112.85798330844386,4.97441396189258,0.3242172197666469,1.6127906646932033,1.596249526832429,ZONE_01,WHEEL_FLAT,FRONT_BOGIE_AXLE_1,1
8.66,RUN_014_WHEEL_FLAT,TRAIN001,-0.04050997622312707,0.054940536197407894,1.1003049966848437,27.580551350770108,26.15600515763345,23.47573556351355,114.1461903217872,4.981209384091103,0.33833498081891583,1.6853173814214668,1.5947140765345411,ZONE_01,WHEEL_FLAT,FRONT_BOGIE_AXLE_1,1
8.67,RUN_014_WHEEL_FLAT,TRAIN001,0.07474926613779556,0.06517806375121128,1.0586017394256284,27.495237129323783,26.05850728727328,23.494419475247298,115.68922966940089,5.005011783190299,0.31489458297628425,1.576051098259098,1.5902284972165854,ZONE_01,WHEEL_FLAT,FRONT_BOGIE_AXLE_1,1
8.68,RUN_014_WHEEL_FLAT,TRAIN001,-0.023440807405993736,-0.05805740219071965,0.9801083546723001,27.496333964623894,26.17736802825436,23.530338619111657,115.23724874601258,5.043399806941254,0.3046017096793738,1.5362282037909296,1.5495991346737428,ZONE_01,WHEEL_FLAT,FRONT_BOGIE_AXLE_1,1
8.69,RUN_014_WHEEL_FLAT,TRAIN001,-0.018243955366054772,-0.012090090406372834,1.1539071890381292,27.50262918608448,26.013255089631574,23.52037244126921,112.87269673655753,5.017966330721967,0.3178413654257443,1.594917270217082,1.5781975696914514,ZONE_01,WHEEL_FLAT,FRONT_BOGIE_AXLE_1,1
8.700000000000001,RUN_014_WHEEL_FLAT,TRAIN001,-0.01621040797241004,-0.000363682372144157,0.9751915191056295,27.39521376326077,26.142423456959513,23.466477590798682,113.99027347554325,4.973936276881926,0.32238641391150974,1.6035294793283303,1.5833298564004554,ZONE_01,WHEEL_FLAT,FRONT_BOGIE_AXLE_1,1
8.71,RUN_014_WHEEL_FLAT,TRAIN001,-0.05992727878292162,0.018842665839560516,1.0586692684792656,27.57062363061905,26.22936983586923,23.488931262273237,112.94884677056723,4.982087285227182,0.31934669758089895,1.5910131215970869,1.5952452197236795,ZONE_01,WHEEL_FLAT,FRONT_BOGIE_AXLE_1,1
8.72,RUN_014_WHEEL_FLAT,TRAIN001,-0.033212550608047064,-0.06400331088401016,1.080025818109698,27.646049372350962,26.203871900967645,23.528441147332824,114.20872720749594,4.969453049866114,0.31456744591015423,1.5632281534668098,1.6016180514897713,ZONE_01,WHEEL_FLAT,FRONT_BOGIE_AXLE_1,1
8.73,RUN_014_WHEEL_FLAT,TRAIN001,0.037413187541309914,-0.07797063365138819,0.9676124431538133,27.447319478857903,26.01526577797565,23.56807350177996,115.74389230458198,5.005360259989684,0.35764113207073883,1.790122709804598,1.6277078114810395,ZONE_01,WHEEL_FLAT,FRONT_BOGIE_AXLE_1,1
8.74,RUN_014_WHEEL_FLAT,TRAIN001,-0.016102678079811212,0.02951084036590136,0.9193898138085331,27.442476361048705,26.121112078200184,23.446887456613386,112.71898208012253,4.992722507655362,0.3419687574111921,1.7073551120417951,1.5839121146997581,ZONE_01,WHEEL_FLAT,FRONT_BOGIE_AXLE_1,1
8.75,RUN_014_WHEEL_FLAT,TRAIN001,-0.02133433890361465,0.11800369199930737,0.8997785199232265,27.3446975440273,26.313963913994087,23.617659764560834,114.56356907627834,4.983305929636576,0.331091667202791,1.6499310684249282,1.6649059627687333,ZONE_01,WHEEL_FLAT,FRONT_BOGIE_AXLE_1,1
8.76,RUN_014_WHEEL_FLAT,TRAIN001,0.024841505998078845,-0.0334955869596183,1.0389673660412355,27.629601743061166,26.217498634594104,23.46576961380354,114.14612755223955,4.994402708882547,0.3218676370976965,1.6075365986223602,1.6455824934864776,ZONE_01,WHEEL_FLAT,FRONT_BOGIE_AXLE_1,1
8.77,RUN_014_WHEEL_FLAT,TRAIN001,0.00797859879145269,-0.004728067578328193,0.8451406904592184,27.496835435752836,26.211974059030144,23.532408906627982,114.8394522651086,5.017744662298474,0.3369977616216264,1.6909687195834495,1.592939681617389,ZONE_01,WHEEL_FLAT,FRONT_BOGIE_AXLE_1,1
8.78,RUN_014_WHEEL_FLAT,TRAIN001,0.03447112950136783,-0.005021689117936505,0.9105724159655033,27.382080094717242,26.054262520226782,23.561321936335585,116.2216919776843,5.0182961245144595,0.35537543537352906,1.7833791700826196,1.6454061462739686,ZONE_01,WHEEL_FLAT,FRONT_BOGIE_AXLE_1,1
8.790000000000001,RUN_014_WHEEL_FLAT,TRAIN001,-0.019450916287259326,-0.06764740595333169,1.1089175534709572,27.624170917265477,26.30906720322012,23.53993110566277,115.5322047380306,5.041413800059643,0.3552979632738425,1.7912040551818338,1.5861363506093384,ZONE_01,WHEEL_FLAT,FRONT_BOGIE_AXLE_1,1
8.8,RUN_014_WHEEL_FLAT,TRAIN001,-0.0025277088442154354,0.03792531799202848,0.840891393255738,27.529332607954924,26.27403418764343,23.482846713051405,114.16567301453003,4.9206241931332535,0.351313646998718,1.7286824307997672,1.5469643264848985,ZONE_01,WHEEL_FLAT,FRONT_BOGIE_AXLE_1,1
8.81,RUN_014_WHEEL_FLAT,TRAIN001,0.05517423912602711,-0.09881653746493888,1.1989382446003156,27.64014974665786,26.224127241860327,23.5537274218566,113.29304623554732,4.96460540189872,0.3158896083203235,1.5682672558707489,1.5628657732890952,ZONE_01,WHEEL_FLAT,FRONT_BOGIE_AXLE_1,1
8.82,RUN_014_WHEEL_FLAT,TRAIN001,0.007600242308582481,-0.11378381567138621,0.9247377093614159,27.486808439368495,26.164738704554114,23.528798929258336,115.63324450624181,5.000540659830669,0.34629401790402353,1.7316573167851994,1.5784226729021331,ZONE_01,WHEEL_FLAT,FRONT_BOGIE_AXLE_1,1
8.83,RUN_014_WHEEL_FLAT,TRAIN001,-0.028399268236103073,0.1398082423322483,1.1618059554603215,27.57304871547981,26.14184476045823,23.552151917836976,115.02375057400064,5.023578508182601,0.331765249661453,1.6666487779611103,1.655025396581047,ZONE_01,WHEEL_FLAT,FRONT_BOGIE_AXLE_1,1
8.84,RUN_014_WHEEL_FLAT,TRAIN001,-0.04988827518411711,0.011038672321543208,0.9438449642048921,27.436662106621664,26.288541860793877,23.559908218396487,114.16654257995081,4.955894019075078,0.3300765630748989,1.6358244647797493,1.6043128151778463,ZONE_01,WHEEL_FLAT,FRONT_BOGIE_AXLE_1,1
8.85,RUN_014_WHEEL_FLAT,TRAIN001,-0.004031007390012778,0.0441424981550206,0.9471699937266289,27.530168020426217,25.958020737078908,23.549415567814044,115.25554844988288,5.017947103023048,0.35527159562311383,1.78273407404338,1.5771346767881929,ZONE_01,WHEEL_FLAT,FRONT_BOGIE_AXLE_1,1
8.86,RUN_014_WHEEL_FLAT,TRAIN001,0.037886092872715674,-0.027202471932515394,1.0822526033782578,27.43607391883113,26.256117339346943,23.452065942683685,114.2610521401616,4.9570844436117785,0.34422887357128984,1.7063715942222466,1.5854396641870707,ZONE_01,WHEEL_FLAT,FRONT_BOGIE_AXLE_1,1
8.870000000000001,RUN_014_WHEEL_FLAT,TRAIN001,0.030925994699263288,-0.03547778763615816,1.0003489616554522,27.42152870844576,26.19939043152909,23.502049083316585,114.89788856520082,5.001653773478001,0.3204582215155264,1.6028210728851817,1.5791637962508807,ZONE_01,WHEEL_FLAT,FRONT_BOGIE_AXLE_1,1
8.88,RUN_014_WHEEL_FLAT,TRAIN001,-0.003546785537233871,0.01419827728344421,0.9651669216675964,27.6848447605128,26.1133049266977,23.486053353092796,112.07377564577068,4.957806300618072,0.3213901782036141,1.593390250454643,1.6306599675678024,ZONE_01,WHEEL_FLAT,FRONT_BOGIE_AXLE_1,1
8.89,RUN_014_WHEEL_FLAT,TRAIN001,0.14940717624507155,0.11289647041971491,1.4571459305909842,27.60044511804878,26.167937363354195,23.47304196410524,116.80607639535499,4.981608653721212,0.3264616301571692,1.6263040818988879,1.708221725965597,ZONE_01,WHEEL_FLAT,FRONT_BOGIE_AXLE_1,1
8.9,RUN_014_WHEEL_FLAT,TRAIN001,-0.15014968934826767,0.25951851642803025,1.5859278654684905,27.63287731095986,26.211269939317134,23.470614268614725,114.26882023833775,5.036289782798509,0.3138371265674536,1.580574713994509,1.7245446898585122,ZONE_01,WHEEL_FLAT,FRONT_BOGIE_AXLE_1,1
8.91,RUN_014_WHEEL_FLAT,TRAIN001,0.061963913002587113,0.07167482565398269,0.9611701592541917,27.531485090763297,26.392134914828315,23.537770577372793,116.58584549080591,5.005472363427471,0.3198277131003161,1.6008887789818425,1.5951280174151163,ZONE_01,WHEEL_FLAT,FRONT_BOGIE_AXLE_1,1
8.92,RUN_014_WHEEL_FLAT,TRAIN001,-0.011668276586476496,-0.06285700558580708,1.0261754772094227,27.478735585008742,26.13192105329719,23.49055803225076,115.51947719779798,5.018737913537865,0.3352257552310327,1.682410207372348,1.6138423238509756,ZONE_01,WHEEL_FLAT,FRONT_BOGIE_AXLE_1,1
8.93,RUN_014_WHEEL_FLAT,TRAIN001,-0.13766902551384858,-0.04987716417195827,1.1178760526895002,27.5034740538976,26.338975419842306,23.53853917227049,113.4929372478468,4.951663042055115,0.33913456247777596,1.6792800793047344,1.6028289447691624,ZONE_01,WHEEL_FLAT,FRONT_BOGIE_AXLE_1,1
8.94,RUN_014_WHEEL_FLAT,TRAIN001,-0.08269410899698178,0.02531660554312273,0.9731095091811324,27.561625437523666,26.30174012817539,23.542856126274174,115.43261467575167,5.001064028827605,0.31525405149349606,1.5766056968662885,1.6129335467708314,ZONE_01,WHEEL_FLAT,FRONT_BOGIE_AXLE_1,1
8.950000000000001,RUN_014_WHEEL_FLAT,TRAIN001,-0.0710544914637686,0.01083314337527443,0.8970624639187167,27.59155371229003,26.176827702848048,23.43763822789629,115.26862844533959,4.983355695718172,0.3249605417432116,1.6193939665796964,1.5815924685434986,ZONE_01,WHEEL_FLAT,FRONT_BOGIE_AXLE_1,1
8.96,RUN_014_WHEEL_FLAT,TRAIN001,-0.057144573266961776,-0.03579661701909722,1.1025510003507355,27.616393664747253,26.412556359420538,23.528854628438545,116.27107877127682,5.040716881074299,0.3323746698948545,1.6754066093804905,1.6442715160860106,ZONE_01,WHEEL_FLAT,FRONT_BOGIE_AXLE_1,1
8.97,RUN_014_WHEEL_FLAT,TRAIN001,-0.011186070399942077,-0.050817933096967416,0.9757647157987288,27.564052236484596,26.30944865490219,23.54621613773112,114.70434366233377,5.013516218298009,0.33709517348749707,1.6900321193895476,1.5915125134539694,ZONE_01,WHEEL_FLAT,FRONT_BOGIE_AXLE_1,1
8.98,RUN_014_WHEEL_FLAT,TRAIN001,0.01901767710946809,-0.05450093442817836,1.1923877033332582,27.551264632252753,26.16206350301651,23.498215249313148,114.8583526587056,4.975383648885517,0.33957624325510105,1.6895220882414006,1.5533470177968731,ZONE_01,WHEEL_FLAT,FRONT_BOGIE_AXLE_1,1
8.99,RUN_014_WHEEL_FLAT,TRAIN001,0.007575953814597251,-0.0490420972356635,1.0580951890904973,27.460176528678186,26.32354302805846,23.522383575459425,117.2925381726423,4.984550965369366,0.3588759535793535,1.7888354808618183,1.6201620293002392,ZONE_01,WHEEL_FLAT,FRONT_BOGIE_AXLE_1,1
9.0,RUN_014_WHEEL_FLAT,TRAIN001,-0.01649921846139957,0.0026108262141272772,0.8043973666197655,27.554630576033134,26.164957114145242,23.47873475661118,113.02244971142713,4.995725256190803,0.3449878894227332,1.723464712269108,1.6005556556127547,ZONE_01,WHEEL_FLAT,FRONT_BOGIE_AXLE_1,1
9.01,RUN_014_WHEEL_FLAT,TRAIN001,-0.10136708479825375,0.004802979624884293,1.1035303693229859,27.601613058795188,26.502923461193124,23.579704645493816,116.68888563050952,4.974204316606847,0.3056348121301354,1.520290001803042,1.6365006743464194,ZONE_01,WHEEL_FLAT,FRONT_BOGIE_AXLE_1,1
9.02,RUN_014_WHEEL_FLAT,TRAIN001,0.08306473369535758,-0.054978995047321254,0.9389161103430956,27.473213351965995,26.527398509179076,23.581463429235864,115.38996721130295,5.028299108752218,0.3167786526808094,1.5928578169466425,1.6339962559726535,ZONE_01,WHEEL_FLAT,FRONT_BOGIE_AXLE_1,1
9.03,RUN_014_WHEEL_FLAT,TRAIN001,-0.07690324440451266,0.02723722089781958,0.9514326024389377,27.393743852157034,26.37998520530972,23.45391258435686,115.18990869739773,5.021814580395796,0.3416193258413924,1.7155489114552867,1.6125713506722161,ZONE_01,WHEEL_FLAT,FRONT_BOGIE_AXLE_1,1
9.040000000000001,RUN_014_WHEEL_FLAT,TRAIN001,-0.00042814375351126003,0.0275004572130342,0.970670332318586,27.54432544745067,26.2864466398764,23.457726967835512,114.12648361896528,4.927995412872543,0.3235132853365652,1.5942719861419197,1.5981863192556474,ZONE_01,WHEEL_FLAT,FRONT_BOGIE_AXLE_1,1
9.05,RUN_014_WHEEL_FLAT,TRAIN001,0.050231504600099786,-0.07488259353177884,1.0985783587882274,27.36433216046088,26.170623612984766,23.477453078581068,116.36276463372916,5.075522317755485,0.32431119018093857,1.6460486836611974,1.620286380399321,ZONE_01,WHEEL_FLAT,FRONT_BOGIE_AXLE_1,1
9.06,RUN_014_WHEEL_FLAT,TRAIN001,-0.06435090769852501,-0.1316353018979051,1.0064756899503982,27.545124351845917,26.462074233715832,23.422102087462182,116.98359590138814,4.967008821003309,0.33832322706058565,1.6804544531602343,1.5399679171196674,ZONE_01,WHEEL_FLAT,FRONT_BOGIE_AXLE_1,1
9.07,RUN_014_WHEEL_FLAT,TRAIN001,-0.0521215440116756,0.11515260991324175,1.0192619369225548,27.504776540938558,26.268473725687276,23.518419147609062,113.44556951048214,4.991963319043166,0.3528003475195489,1.76116639376327,1.562601737330252,ZONE_01,WHEEL_FLAT,FRONT_BOGIE_AXLE_1,1
9.08,RUN_014_WHEEL_FLAT,TRAIN001,0.0923392009971054,-0.07463335389494764,1.095167726846069,27.534084348985903,26.309883006888004,23.487111802797706,115.82200041854267,4.966589016579495,0.32639579565641813,1.6210737737648915,1.6133399742866046,ZONE_01,WHEEL_FLAT,FRONT_BOGIE_AXLE_1,1
9.09,RUN_014_WHEEL_FLAT,TRAIN001,-0.05120329021383757,0.1010736812550931,0.9896530975069517,27.61780832129795,26.092198953521432,23.564343900138734,116.09537976643294,4.9396154263604775,0.3261885429455904,1.6112459586360854,1.5277959962681642,ZONE_01,WHEEL_FLAT,FRONT_BOGIE_AXLE_1,1
9.1,RUN_014_WHEEL_FLAT,TRAIN001,0.028200487047335285,-0.0473382142902233,0.7769247538821208,27.597255332735514,26.309762971583595,23.611745614812353,116.69005340795931,4.958496916175016,0.31827448261631336,1.5781630405501885,1.6116040030441146,ZONE_01,WHEEL_FLAT,FRONT_BOGIE_AXLE_1,1
9.11,RUN_014_WHEEL_FLAT,TRAIN001,-0.016814316535502336,-0.05755853041703881,0.9565049971500946,27.52132606637923,26.266009295927795,23.463675502553063,114.75253685314573,5.014405767416113,0.2898044984472369,1.4531973484369585,1.6006101027584334,ZONE_01,WHEEL_FLAT,FRONT_BOGIE_AXLE_1,1
9.120000000000001,RUN_014_WHEEL_FLAT,TRAIN001,-0.030242703383845753,0.11573800706590727,1.1094042470978347,27.69147368615207,26.313000004826844,23.568631282235255,115.83837135686284,5.012122824751791,0.3430985656850889,1.7196521522098356,1.5979170761142014,ZONE_01,WHEEL_FLAT,FRONT_BOGIE_AXLE_1,1
9.13,RUN_014_WHEEL_FLAT,TRAIN001,-0.007435132766078673,0.07691287154214604,0.8788621089242648,27.553774867217996,26.31364976245814,23.438776402564955,113.12592076906616,4.99905026562147,0.34530485217819373,1.726196313001782,1.610754451961645,ZONE_01,WHEEL_FLAT,FRONT_BOGIE_AXLE_1,1
9.14,RUN_014_WHEEL_FLAT,TRAIN001,-0.058711515804087934,-0.03287419309727578,0.958422998762361,27.630994217096774,26.253017206083655,23.517889171864553,114.28240024212482,4.985078192748262,0.3517463319562376,1.7534829688142313,1.6325009722699262,ZONE_01,WHEEL_FLAT,FRONT_BOGIE_AXLE_1,1
9.15,RUN_014_WHEEL_FLAT,TRAIN001,-0.060346861445386875,-0.03568155030186744,0.9577622114006691,27.551254505508506,26.33150186327642,23.4779147638194,116.31882329090983,4.9683619804288455,0.35735246176392643,1.775456384640545,1.6565658954154898,ZONE_01,WHEEL_FLAT,FRONT_BOGIE_AXLE_1,1
9.16,RUN_014_WHEEL_FLAT,TRAIN001,0.007398160443737867,0.014189234429842342,0.9575406242944786,27.51021271179762,26.220514836538776,23.475344820834913,114.7232123144934,4.987821802188496,0.3361480119940527,1.6766463829862561,1.5402172900309152,ZONE_01,WHEEL_FLAT,FRONT_BOGIE_AXLE_1,1
9.17,RUN_014_WHEEL_FLAT,TRAIN001,-0.005404723656724822,0.05477966546111166,1.1073628733912413,27.60556642950455,26.16696359720541,23.52649150077082,117.32687626139679,5.083096086648965,0.3206706632605301,1.6299997935227286,1.649222083886807,ZONE_01,WHEEL_FLAT,FRONT_BOGIE_AXLE_1,1
9.18,RUN_014_WHEEL_FLAT,TRAIN001,0.1219569522078258,0.07389771227847759,1.0013314465885772,27.899299254504857,26.367505994296813,23.488190914956466,115.67149162463946,5.006004592982812,0.2935036584152154,1.4692806620838268,1.599475542132164,ZONE_01,WHEEL_FLAT,FRONT_BOGIE_AXLE_1,1
9.19,RUN_014_WHEEL_FLAT,TRAIN001,0.17997964091794566,0.04774969891597913,0.9386394138908017,27.804036858961727,26.483851807786344,23.506548530015923,115.39424347673078,4.9978940060785195,0.3244657739331362,1.6216455467180493,1.5992404051366989,ZONE_01,WHEEL_FLAT,FRONT_BOGIE_AXLE_1,1
9.200000000000001,RUN_014_WHEEL_FLAT,TRAIN001,-0.003634173798011028,0.01257492886022385,0.9523499373184292,27.60220421370084,26.289702822048184,23.50287015414883,113.55555312633275,5.002259386156778,0.3306035853991663,1.6537648881600635,1.5904385564726138,ZONE_01,WHEEL_FLAT,FRONT_BOGIE_AXLE_1,1
9.21,RUN_014_WHEEL_FLAT,TRAIN001,-0.029417490131179606,0.026626316068556852,0.9192326035846424,27.66238110984096,26.33715734090363,23.494786480632158,114.88653802852905,4.945797551270626,0.3028173324850357,1.4976732214867925,1.5508295351509458,ZONE_01,WHEEL_FLAT,FRONT_BOGIE_AXLE_1,1
9.22,RUN_014_WHEEL_FLAT,TRAIN001,0.04067340614886828,0.0434780009708388,1.085325394472318,27.559493822633392,26.26719076569569,23.54138322242197,116.22009958998584,4.997890106661101,0.3102529266247295,1.550610032540388,1.6012083911329533,ZONE_01,WHEEL_FLAT,FRONT_BOGIE_AXLE_1,1
9.23,RUN_014_WHEEL_FLAT,TRAIN001,-0.023630012402077055,-0.011001182171596288,1.0327461085185663,27.745539779819577,26.521094624438714,23.488590372954263,115.66126236710024,4.985431202606809,0.29661192752740145,1.4787383585604565,1.6079836722229652,ZONE_01,WHEEL_FLAT,FRONT_BOGIE_AXLE_1,1
9.24,RUN_014_WHEEL_FLAT,TRAIN001,0.02158448887157649,-0.06520909521276146,0.968634976926271,27.668079717674342,26.209283481281734,23.456324963124565,115.46222401750653,4.996524865313748,0.29717521543487635,1.4848433532753296,1.5928975924025652,ZONE_01,WHEEL_FLAT,FRONT_BOGIE_AXLE_1,1
9.25,RUN_014_WHEEL_FLAT,TRAIN001,-0.08443660454645834,-0.03816795867555889,1.0631807550631907,27.474309141411652,26.190621961711894,23.49091446030728,116.33933120163238,5.025563548222497,0.3113259883837838,1.5645885388358842,1.5569806922439828,ZONE_01,WHEEL_FLAT,FRONT_BOGIE_AXLE_1,1
9.26,RUN_014_WHEEL_FLAT,TRAIN001,0.09390625469496035,0.02828962722926399,0.9878578241714833,27.594083508463118,26.352293680306875,23.47808027289125,115.70090399147358,4.947556875511435,0.33167331550160484,1.6409725925336385,1.6510576907304637,ZONE_01,WHEEL_FLAT,FRONT_BOGIE_AXLE_1,1
9.27,RUN_014_WHEEL_FLAT,TRAIN001,0.008919512804605689,-0.15056104170977372,0.9642009220408017,27.71627202192612,26.26045608362014,23.47262795522299,116.46427109578575,5.037476569277377,0.3152270973193331,1.5879491167474602,1.651311097863479,ZONE_01,WHEEL_FLAT,FRONT_BOGIE_AXLE_1,1
9.28,RUN_014_WHEEL_FLAT,TRAIN001,-0.13328024879882647,0.017929153689454178,1.0877691782776893,27.481272079891223,26.401638588850446,23.50198117231915,114.97069310247836,5.017968168253392,0.32848331561910826,1.6483188215790177,1.586277805763524,ZONE_01,WHEEL_FLAT,FRONT_BOGIE_AXLE_1,1
9.290000000000001,RUN_014_WHEEL_FLAT,TRAIN001,0.07452401988308736,-0.08451571373910294,0.9212281500534512,27.732261249251525,26.15667817102404,23.48301322095281,115.07819222014027,4.972402929232266,0.3191185561058688,1.5867860431531933,1.605214307891056,ZONE_01,WHEEL_FLAT,FRONT_BOGIE_AXLE_1,1
9.3,RUN_014_WHEEL_FLAT,TRAIN001,0.05621606202424931,-0.11530117224249099,1.0375456911272636,27.751240839835216,26.35739090820034,23.571679279761483,113.01380352201451,5.039112183335614,0.31396769830150223,1.5821184536849402,1.568729724559003,ZONE_01,WHEEL_FLAT,FRONT_BOGIE_AXLE_1,1
9.31,RUN_014_WHEEL_FLAT,TRAIN001,-0.027444463458361185,0.028469719968787346,0.9740769215514785,27.49461357982928,26.308982346012247,23.550374736415637,117.27985081676549,5.051780190105922,0.2954499658370483,1.492548284583072,1.6457153703181306,ZONE_01,WHEEL_FLAT,FRONT_BOGIE_AXLE_1,1
9.32,RUN_014_WHEEL_FLAT,TRAIN001,-0.051538540017454684,0.04473281670471342,1.0518428625077803,27.565292862398287,26.479180158349063,23.586461531061488,117.55278625562684,4.961810688341666,0.3306177001011025,1.6404624381165898,1.631685857928147,ZONE_01,WHEEL_FLAT,FRONT_BOGIE_AXLE_1,1
9.33,RUN_014_WHEEL_FLAT,TRAIN001,-0.08354752969510276,0.02253678230918406,1.0852832889937498,27.85653209457009,26.350599185315577,23.528916600757366,113.15428510982595,5.007756729766715,0.33852090951626185,1.6952303627968095,1.6161410162323482,ZONE_01,WHEEL_FLAT,FRONT_BOGIE_AXLE_1,1
9.34,RUN_014_WHEEL_FLAT,TRAIN001,-0.015659271891925713,-0.1053473996025513,1.0438139115281635,27.63243259084406,26.40580255171626,23.49123566142716,114.829595265809,4.959825968590495,0.324807695000342,1.6109896404607176,1.5671187712233743,ZONE_01,WHEEL_FLAT,FRONT_BOGIE_AXLE_1,1
9.35,RUN_014_WHEEL_FLAT,TRAIN001,0.039907674309706785,-0.07249166838247202,1.2047592176578066,27.674954055709357,26.454776013880622,23.537365512776134,115.79916385829142,4.981076519542938,0.3026950396405657,1.5077471545357408,1.5554304178355163,ZONE_01,WHEEL_FLAT,FRONT_BOGIE_AXLE_1,1
9.36,RUN_014_WHEEL_FLAT,TRAIN001,-0.020614294873695056,-0.08424540185357024,1.0305904629858351,27.68702825226844,26.273878019488517,23.569347019052525,114.54725219504353,4.955879386249859,0.31861015654419006,1.578993507067192,1.5504594559704183,ZONE_01,WHEEL_FLAT,FRONT_BOGIE_AXLE_1,1
9.370000000000001,RUN_014_WHEEL_FLAT,TRAIN001,-0.03863143214089389,0.014520865584340679,0.9719425107792136,27.805955669114212,26.346378492405304,23.403885321407728,114.71301609441477,5.035964323076816,0.343262169380033,1.7286560384597973,1.6195833643693491,ZONE_01,WHEEL_FLAT,FRONT_BOGIE_AXLE_1,1
9.38,RUN_014_WHEEL_FLAT,TRAIN001,0.01828857795804435,-0.012542237918033687,0.9382759569454562,27.652001820780267,26.4130184934639,23.599353367442838,116.86737709649049,5.013420295778344,0.3083730765585944,1.5460038406904664,1.5843470722951478,ZONE_01,WHEEL_FLAT,FRONT_BOGIE_AXLE_1,1
9.39,RUN_014_WHEEL_FLAT,TRAIN001,0.02367619679316592,-0.09172473275857528,1.068164617984645,27.66819730058654,26.25547039766125,23.369556307319208,115.48184878544072,4.976648939467971,0.35096366693299447,1.746622960833877,1.5998387710659465,ZONE_01,WHEEL_FLAT,FRONT_BOGIE_AXLE_1,1
9.4,RUN_014_WHEEL_FLAT,TRAIN001,-0.03567747281107121,-0.08258333822914612,1.1232481197560986,27.702477209250198,26.354689502122728,23.512788494078364,114.4527910174538,5.030650306395149,0.3229899687560075,1.6248495852849687,1.604736547584754,ZONE_01,WHEEL_FLAT,FRONT_BOGIE_AXLE_1,1
9.41,RUN_014_WHEEL_FLAT,TRAIN001,0.1264235644524831,0.10031666397853167,1.2672691893660755,27.83209752734568,26.30296564899521,23.558314213242323,115.2581936608566,4.950741709474201,0.32736716740181787,1.6207102899686028,1.6612520702832418,ZONE_01,WHEEL_FLAT,FRONT_BOGIE_AXLE_1,1
9.42,RUN_014_WHEEL_FLAT,TRAIN001,-0.38676308638958745,0.23978292110871174,1.7387175403570971,27.79408019578204,26.447651862819807,23.57771219274594,112.75190993054002,4.9705846032206855,0.33414078192794144,1.6608750259591465,1.7253218039392997,ZONE_01,WHEEL_FLAT,FRONT_BOGIE_AXLE_1,1
9.43,RUN_014_WHEEL_FLAT,TRAIN001,0.03494467618044908,0.022524578475977775,1.0136395185750087,27.857230843209827,26.187180028390404,23.502294879558328,117.02397354032999,4.9926276342687075,0.3372092428075992,1.683560184172046,1.599551186472225,ZONE_01,WHEEL_FLAT,FRONT_BOGIE_AXLE_1,1
9.44,RUN_014_WHEEL_FLAT,TRAIN001,0.1800947524638944,0.02965232707418807,1.0235485658913233,27.613400338985965,26.215372827907174,23.534386944926034,114.43544607477834,5.023735824742516,0.3491130754007625,1.7538518637768457,1.6235975508465532,ZONE_01,WHEEL_FLAT,FRONT_BOGIE_AXLE_1,1
9.450000000000001,RUN_014_WHEEL_FLAT,TRAIN001,0.07277865884937301,-0.049256969091675984,0.9053576245906002,27.687041284769062,26.36983364337137,23.539165234520226,115.47954662221805,4.972349806100711,0.33080378810728417,1.6448721516526352,1.5677951406500255,ZONE_01,WHEEL_FLAT,FRONT_BOGIE_AXLE_1,1
9.46,RUN_014_WHEEL_FLAT,TRAIN001,0.09036209870117809,0.03884272043024073,1.1076746545436387,27.71832522328036,26.200063002369234,23.490236325470566,113.04530764003206,4.944181313856552,0.33977657612858325,1.6799169985810993,1.595180950791685,ZONE_01,WHEEL_FLAT,FRONT_BOGIE_AXLE_1,1
9.47,RUN_014_WHEEL_FLAT,TRAIN001,0.061009203869647886,-0.030777167773331462,1.0699561423141266,27.815814337866087,26.232875520542635,23.469893845715834,116.20473086538362,4.953260941768771,0.32744765892255484,1.6219336994147133,1.5889091896251213,ZONE_01,WHEEL_FLAT,FRONT_BOGIE_AXLE_1,1
9.48,RUN_014_WHEEL_FLAT,TRAIN001,0.03486000300860663,-0.06164258972004211,1.1062728205139734,27.65450796299562,26.403819102643823,23.470920592808458,115.68157647275373,5.05009019644487,0.3125864638721319,1.578589836742022,1.5492257571299601,ZONE_01,WHEEL_FLAT,FRONT_BOGIE_AXLE_1,1
9.49,RUN_014_WHEEL_FLAT,TRAIN001,0.01840301079155581,-0.07786126286134988,0.9222602932844982,27.811365202127096,26.304066157851388,23.568124289159705,115.93371613888078,4.942861438809771,0.3654224225511975,1.8062324013047644,1.6008084250101178,ZONE_01,WHEEL_FLAT,FRONT_BOGIE_AXLE_1,1
9.5,RUN_014_WHEEL_FLAT,TRAIN001,-0.12813940962257073,-0.04135075189913086,0.9676407387240791,27.798333049651752,26.37250490513881,23.4961584498979,113.35957206057077,4.962792066590675,0.32381176012902696,1.6070104342370974,1.6314986947290244,ZONE_01,WHEEL_FLAT,FRONT_BOGIE_AXLE_1,1
9.51,RUN_014_WHEEL_FLAT,TRAIN001,0.027988550051019412,0.014420423359953515,1.0737523919417153,27.61617515300501,26.15220544989845,23.47381352569615,115.04497845397847,4.939887974801698,0.3339016769558514,1.6494368787603313,1.5582048025828437,ZONE_01,WHEEL_FLAT,FRONT_BOGIE_AXLE_1,1
9.52,RUN_014_WHEEL_FLAT,TRAIN001,-0.039174898248063424,0.07320547446620397,0.8244912977224635,27.800559160537254,26.372656037586776,23.495289619727878,114.03261139240765,4.958123708452372,0.3018060236612486,1.496391601268574,1.569297787515828,ZONE_01,WHEEL_FLAT,FRONT_BOGIE_AXLE_1,1
9.53,RUN_014_WHEEL_FLAT,TRAIN001,0.03901972243625861,0.021591565768764247,1.1398228637424084,27.72033624874646,26.431950720465675,23.49873113547201,115.15136527677568,5.026239111968075,0.3153919009005788,1.5852351079044482,1.6006951163254612,ZONE_01,WHEEL_FLAT,FRONT_BOGIE_AXLE_1,1
9.540000000000001,RUN_014_WHEEL_FLAT,TRAIN001,0.006101277472858286,0.07931441328607404,1.0695671809231206,27.75045500205768,26.343857293416576,23.483654843243762,115.41100297730489,5.002292147852518,0.3239154496271474,1.6203197102379974,1.644302703389057,ZONE_01,WHEEL_FLAT,FRONT_BOGIE_AXLE_1,1
9.55,RUN_014_WHEEL_FLAT,TRAIN001,0.04020187131916457,-0.022407940480210057,0.9577161307079446,27.681610433473917,26.540762376684327,23.44188027624275,116.96715928455626,4.967195587331976,0.34504645429010333,1.7139132251743456,1.6160717726997391,ZONE_01,WHEEL_FLAT,FRONT_BOGIE_AXLE_1,1
9.56,RUN_014_WHEEL_FLAT,TRAIN001,0.11441489120980063,0.13388425199719667,0.753619211726738,27.833012274016557,26.49407484604466,23.568309392378776,114.59416559788492,4.977015652982997,0.32544735547072257,1.6197565823997078,1.5995279457835754,ZONE_01,WHEEL_FLAT,FRONT_BOGIE_AXLE_1,1
9.57,RUN_014_WHEEL_FLAT,TRAIN001,-0.024945457702116012,0.02637421676292173,1.0442455290969985,27.768938645166262,26.367252538711238,23.48344886985426,116.3761756369699,4.985932392214889,0.3242313302226113,1.61659549192784,1.6063812365853032,ZONE_01,WHEEL_FLAT,FRONT_BOGIE_AXLE_1,1
9.58,RUN_014_WHEEL_FLAT,TRAIN001,-0.02053885175659971,0.004016497473155176,0.9726350279644337,27.838470224895087,26.47413626194811,23.412616128797435,117.19408403631188,4.962483121081798,0.32549895228330955,1.615283056635733,1.6328028577614022,ZONE_01,WHEEL_FLAT,FRONT_BOGIE_AXLE_1,1
9.59,RUN_014_WHEEL_FLAT,TRAIN001,0.0330180648996133,-0.02846077508254099,0.9785988934839241,27.88933791496627,26.531951255394862,23.483804504249484,113.19843804731158,4.935509585123233,0.3371632893755401,1.6640726464646565,1.6341431738900416,ZONE_01,WHEEL_FLAT,FRONT_BOGIE_AXLE_1,1
9.6,RUN_014_WHEEL_FLAT,TRAIN001,-0.11612047083499388,0.006601082711757762,1.116034272223328,27.72167886240403,26.400316057878165,23.47034802855335,114.78483037180655,4.999240166726208,0.336271603908454,1.6811025091885892,1.5963161051750818,ZONE_01,WHEEL_FLAT,FRONT_BOGIE_AXLE_1,1
9.61,RUN_014_WHEEL_FLAT,TRAIN001,0.1339647947343221,-0.035441479128021085,0.8754052908251133,27.716381790658257,26.31553470025558,23.527469000543668,114.39926837400783,4.992889624690473,0.3425564004388302,1.71034629762235,1.5495789879077444,ZONE_01,WHEEL_FLAT,FRONT_BOGIE_AXLE_1,1
9.620000000000001,RUN_014_WHEEL_FLAT,TRAIN001,0.05636800433020709,-0.024103247349063814,1.0576440605194375,27.801237391379285,26.486812609789805,23.49187215454598,114.56436590264715,4.996851032654697,0.3517513813087583,1.757649252930385,1.5762340027921495,ZONE_01,WHEEL_FLAT,FRONT_BOGIE_AXLE_1,1
9.63,RUN_014_WHEEL_FLAT,TRAIN001,0.04346966254993591,-0.06537501508681827,0.9896059708389642,27.77622456515113,26.28689071044598,23.476600213244936,116.23296358703098,5.0132433589430425,0.3025492090015716,1.5167528127805996,1.6037182012800748,ZONE_01,WHEEL_FLAT,FRONT_BOGIE_AXLE_1,1
9.64,RUN_014_WHEEL_FLAT,TRAIN001,0.07026378496300059,-0.013440551912832345,1.033371221558031,27.70562877183889,26.389674843943425,23.578942138362805,112.81387602029902,4.998365454202909,0.32507528655520035,1.6248450823326248,1.5728488802475709,ZONE_01,WHEEL_FLAT,FRONT_BOGIE_AXLE_1,1
9.65,RUN_014_WHEEL_FLAT,TRAIN001,0.043748205726576214,-0.04457049501123396,1.0550815852204902,27.60826077932007,26.405797768941973,23.437600099331636,115.44825266768798,5.0565956877355385,0.31909346488689533,1.6135266385316664,1.6144644391835892,ZONE_01,WHEEL_FLAT,FRONT_BOGIE_AXLE_1,1
9.66,RUN_014_WHEEL_FLAT,TRAIN001,0.050675891463114055,0.07621322536523352,0.8770272397150207,27.840203109085362,26.332941778050102,23.455623133394017,113.28485589252494,4.985736336397829,0.324023513243783,1.615495803826812,1.611180657047812,ZONE_01,WHEEL_FLAT,FRONT_BOGIE_AXLE_1,1
9.67,RUN_014_WHEEL_FLAT,TRAIN001,-0.061293723591837684,0.08636886992334095,0.9484330928067276,27.91553209687316,26.494739263347665,23.551429094291148,116.04067538712025,4.984868850219051,0.276764950658444,1.37963698136969,1.5941607920398009,ZONE_01,WHEEL_FLAT,FRONT_BOGIE_AXLE_1,1
9.68,RUN_014_WHEEL_FLAT,TRAIN001,0.025748297223505388,0.016261757961737996,0.9611789275160146,27.68917681626692,26.51462258301319,23.474319396736337,118.60754067227353,4.981394476109813,0.34158643531299054,1.701576781982173,1.642021230404838,ZONE_01,WHEEL_FLAT,FRONT_BOGIE_AXLE_1,1
9.69,RUN_014_WHEEL_FLAT,TRAIN001,-0.08194623769463394,-0.11335254241234764,0.899920230843368,27.86243296692995,26.33188840845181,23.51482993950552,114.1983840929897,4.9686583132849504,0.3346772020495154,1.6628966622302717,1.5897982726208877,ZONE_01,WHEEL_FLAT,FRONT_BOGIE_AXLE_1,1
9.700000000000001,RUN_014_WHEEL_FLAT,TRAIN001,-0.007506463670726911,0.042701831421832204,1.0143353117451637,27.828272502127508,26.250116828387217,23.507097851743104,113.38386830048923,4.974718257933158,0.3160958904095975,1.5724879972782633,1.612688251471694,ZONE_01,WHEEL_FLAT,FRONT_BOGIE_AXLE_1,1
9.71,RUN_014_WHEEL_FLAT,TRAIN001,0.05144070343394339,-0.09078838996315937,0.8250958385616325,27.740740238621747,26.689840289430652,23.48880247120998,114.60975247750308,5.000711249810126,0.3162219200613417,1.58133451308731,1.592867143568683,ZONE_01,WHEEL_FLAT,FRONT_BOGIE_AXLE_1,1
9.72,RUN_014_WHEEL_FLAT,TRAIN001,0.043051451584632236,0.07795380264550819,0.9036627169831015,27.669379588743812,26.418764635944317,23.566644577513244,116.48298828409827,5.043172876803053,0.3169876970285972,1.598623755934885,1.536077718239574,ZONE_01,WHEEL_FLAT,FRONT_BOGIE_AXLE_1,1
9.73,RUN_014_WHEEL_FLAT,TRAIN001,-0.08414304802235233,-0.023962309458584893,0.9894085828399556,27.7032128176876,26.507695702006554,23.505537343668518,116.06293425752526,4.9903431875978725,0.34100691734003696,1.7017415468716044,1.599772699904679,ZONE_01,WHEEL_FLAT,FRONT_BOGIE_AXLE_1,1
9.74,RUN_014_WHEEL_FLAT,TRAIN001,0.047198373450599955,0.01016144763243018,0.7355535480458463,27.73691633873683,26.47317293046536,23.42905927779621,113.02729165577331,4.987656946658143,0.3396738825683807,1.6941767999905264,1.580842600905252,ZONE_01,WHEEL_FLAT,FRONT_BOGIE_AXLE_1,1
9.75,RUN_014_WHEEL_FLAT,TRAIN001,-0.03172330072610341,0.025945559521760312,1.1293058417079602,27.86897638352086,26.347615872621912,23.56745373596425,113.95038996679244,4.975446935020265,0.3313309526715108,1.6485195729468127,1.5432641719487816,ZONE_01,WHEEL_FLAT,FRONT_BOGIE_AXLE_1,1
9.76,RUN_014_WHEEL_FLAT,TRAIN001,0.06766513680085164,0.028609345682687994,1.0546873096088651,27.843293596963694,26.406916916047216,23.540768913598605,115.27981380582291,4.994272085107673,0.31044135584295696,1.5504285975494578,1.6005561044762715,ZONE_01,WHEEL_FLAT,FRONT_BOGIE_AXLE_1,1
9.77,RUN_014_WHEEL_FLAT,TRAIN001,-0.06633454309495643,-0.05139862254122891,1.0038401674258561,27.8227525859139,26.375501388470838,23.496896954406786,114.97700349070185,5.002521592051753,0.33841883875427564,1.6929475480253444,1.621464656844667,ZONE_01,WHEEL_FLAT,FRONT_BOGIE_AXLE_1,1
9.78,RUN_014_WHEEL_FLAT,TRAIN001,0.11107315673836048,-0.08813520291145624,0.8954893939253075,27.899136934484957,26.53390677248983,23.55937679314687,115.75152488179208,5.060875148290604,0.30410662722104387,1.5390456721334558,1.674153741045239,ZONE_01,WHEEL_FLAT,FRONT_BOGIE_AXLE_1,1
9.790000000000001,RUN_014_WHEEL_FLAT,TRAIN001,-0.009407878721522685,0.028550989059950817,1.006523832323336,27.71432195403135,26.68575776101921,23.47086719533615,114.01680275638174,5.0074943898002005,0.3157708171811334,1.5812205954971503,1.6527050677259982,ZONE_01,WHEEL_FLAT,FRONT_BOGIE_AXLE_1,1
9.8,RUN_014_WHEEL_FLAT,TRAIN001,-0.03107303726701243,0.07051811711573647,1.0349087214175148,27.892062400071104,26.555696603694226,23.565091717545826,114.6018886252715,4.998610081252569,0.3342602565016208,1.6708366879110712,1.6431075907455446,ZONE_01,WHEEL_FLAT,FRONT_BOGIE_AXLE_1,1
9.81,RUN_014_WHEEL_FLAT,TRAIN001,0.013858324819112465,0.038805428491145946,1.0853926771209519,27.87465146315173,26.44690090184128,23.37975615207505,113.26523863412248,5.033438518423811,0.31200603122582704,1.5704631755526202,1.6000268688776138,ZONE_01,WHEEL_FLAT,FRONT_BOGIE_AXLE_1,1
9.82,RUN_014_WHEEL_FLAT,TRAIN001,-0.025510331654901984,-0.05239160212519945,1.1302310520129433,28.00949332428202,26.506681767234962,23.511969354948633,115.85271331836401,5.016550199256322,0.34683310221345637,1.7399056680176028,1.565119752486405,ZONE_01,WHEEL_FLAT,FRONT_BOGIE_AXLE_1,1
9.83,RUN_014_WHEEL_FLAT,TRAIN001,-0.009293432843180549,0.04353894908121936,0.935566940818085,27.91428776925592,26.345531525501933,23.499830066385226,116.11712723455132,4.991273529687982,0.3178886944747939,1.586669426119109,1.5931717282067956,ZONE_01,WHEEL_FLAT,FRONT_BOGIE_AXLE_1,1
9.84,RUN_014_WHEEL_FLAT,TRAIN001,-0.09586174647794302,0.041359396905464814,0.9299271460587507,27.879429190151257,26.705195553387764,23.520909982663255,114.53999953906276,5.015782959658162,0.35672941982038664,1.7892773451438377,1.579039811104855,ZONE_01,WHEEL_FLAT,FRONT_BOGIE_AXLE_1,1
9.85,RUN_014_WHEEL_FLAT,TRAIN001,-0.006238641829129395,0.06742043002225565,0.8064409303397628,27.720347385867267,26.4353478374048,23.50596769074325,115.0165856263347,5.0105625648448875,0.35275029758729814,1.76747743582881,1.5663956601639908,ZONE_01,WHEEL_FLAT,FRONT_BOGIE_AXLE_1,1
9.86,RUN_014_WHEEL_FLAT,TRAIN001,0.03797674030717259,-0.05091282969454718,0.9534083635208107,27.894213712806373,26.586455991012706,23.46332587355279,115.89162961968658,4.961436151644106,0.3256311074603467,1.615597948653671,1.5990399675395608,ZONE_01,WHEEL_FLAT,FRONT_BOGIE_AXLE_1,1
9.870000000000001,RUN_014_WHEEL_FLAT,TRAIN001,-0.06188944892847082,0.04174730433678076,0.948568805259148,27.918117303143443,26.403612547384185,23.500497538559635,115.77747417154906,4.980430633031331,0.3372257151876097,1.6795292821662702,1.578948084563168,ZONE_01,WHEEL_FLAT,FRONT_BOGIE_AXLE_1,1
9.88,RUN_014_WHEEL_FLAT,TRAIN001,-0.01726006535429866,0.034260152072890744,1.2085622760065327,27.885518080746728,26.2577940761772,23.53669697291886,115.97121004934061,5.00512995903361,0.3555442787624316,1.7795453213968437,1.6358819940610712,ZONE_01,WHEEL_FLAT,FRONT_BOGIE_AXLE_1,1
9.89,RUN_014_WHEEL_FLAT,TRAIN001,0.0839605838444604,-0.010042137452570682,1.0944009100122873,28.062285869003272,26.45681906709797,23.483861728011505,116.34593888307508,4.981845037434167,0.32017221828906917,1.595048376807688,1.6496798436906452,ZONE_01,WHEEL_FLAT,FRONT_BOGIE_AXLE_1,1
9.9,RUN_014_WHEEL_FLAT,TRAIN001,0.02278667132558739,-0.07091874907840287,0.7734050222648052,27.87454471540415,26.42107606575892,23.48809781905759,115.33496451209992,4.996337663594962,0.3374547585564325,1.6860379199348476,1.562321938803349,ZONE_01,WHEEL_FLAT,FRONT_BOGIE_AXLE_1,1
9.91,RUN_014_WHEEL_FLAT,TRAIN001,-0.0894844243204819,0.09088623142369033,1.0399322362076118,27.76294870692898,26.333788848979122,23.50089363262615,116.93102740953174,4.972248829102464,0.2990928866611632,1.4871642554938445,1.6675585487134612,ZONE_01,WHEEL_FLAT,FRONT_BOGIE_AXLE_1,1
9.92,RUN_014_WHEEL_FLAT,TRAIN001,-0.02618788333723032,0.05589938619194696,1.1602522277935068,27.87957322049248,26.381795102185084,23.445902021324244,114.51757272344426,4.984540388907768,0.35455020120350045,1.7672697977942236,1.5854096028626385,ZONE_01,WHEEL_FLAT,FRONT_BOGIE_AXLE_1,1
9.93,RUN_014_WHEEL_FLAT,TRAIN001,-0.08406080737417951,0.056381482650503266,1.021878631682441,27.906119062683604,26.333850437445466,23.488811922286068,116.72090632846943,5.006656687869227,0.2956974537916433,1.4804556346118327,1.6589626817267102,ZONE_01,WHEEL_FLAT,FRONT_BOGIE_AXLE_1,1
9.94,RUN_014_WHEEL_FLAT,TRAIN001,-0.29868979446068383,0.23106290374832048,1.7198796910659946,27.981237308205376,26.656120555697257,23.5045463678124,114.59222267257836,4.983330458121818,0.3568634537336575,1.778368518381482,1.7549864117136036,ZONE_01,WHEEL_FLAT,FRONT_BOGIE_AXLE_1,1
9.950000000000001,RUN_014_WHEEL_FLAT,TRAIN001,0.057091059693321816,0.0515415004087834,0.9999545293708786,27.840183764093364,26.476502141763213,23.48795184210165,115.50522520701443,5.002982888811854,0.33827123654377256,1.6923652082057212,1.6168264337469762,ZONE_01,WHEEL_FLAT,FRONT_BOGIE_AXLE_1,1
9.96,RUN_014_WHEEL_FLAT,TRAIN001,-0.05048011248423457,0.05749057187780029,0.994959701495018,27.688636423213392,26.45200573709741,23.495581446583696,114.15063314416008,5.005828349714368,0.3275444105338707,1.6396310960409313,1.6595906116781471,ZONE_01,WHEEL_FLAT,FRONT_BOGIE_AXLE_1,1
9.97,RUN_014_WHEEL_FLAT,TRAIN001,-0.0684033010942316,-0.004945055398627398,0.7621019234290454,27.895366588539538,26.416006499370877,23.45588887089853,116.02774168705915,4.991977652834864,0.3390605310223067,1.6925825938216772,1.627585576270118,ZONE_01,WHEEL_FLAT,FRONT_BOGIE_AXLE_1,1
9.98,RUN_014_WHEEL_FLAT,TRAIN001,0.052612566691028075,-0.09132432744276478,0.9976448260538641,27.935148067095184,26.45117405249453,23.48812899245517,113.33457223918099,4.993573745161025,0.30839694644643784,1.5400028948627627,1.637178972136628,ZONE_01,WHEEL_FLAT,FRONT_BOGIE_AXLE_1,1
9.99,RUN_014_WHEEL_FLAT,TRAIN001,-0.09785026451891769,0.0021911116451965727,0.9585449095463027,27.772290658509007,26.450703422975913,23.527717391685584,113.92945853612098,4.92775328654805,0.33502922231530957,1.6509413513539042,1.6179276573386168,ZONE_01,WHEEL_FLAT,FRONT_BOGIE_AXLE_1,1
10.0,RUN_014_WHEEL_FLAT,TRAIN001,0.016161143071837913,0.01093274660005146,1.159639291047644,27.7226156742851,26.561706528912165,23.50395083998135,115.24995575559475,5.035822949548428,0.33037536434333303,1.6637118417255798,1.5996435791868049,ZONE_01,WHEEL_FLAT,FRONT_BOGIE_AXLE_1,1
10.01,RUN_014_WHEEL_FLAT,TRAIN001,0.03749863802402139,0.03918390130005018,0.9786998554998523,27.89199809430268,26.361031999745393,23.447311788431698,114.71971510528748,4.990242695398717,0.3393809359863186,1.6935932367633058,1.6107351278988091,ZONE_01,WHEEL_FLAT,FRONT_BOGIE_AXLE_1,1
10.02,RUN_014_WHEEL_FLAT,TRAIN001,-0.006396501193655792,0.041065025592364086,0.8800148740153337,27.943427037931027,26.401042750660313,23.546776618648423,115.6938490456806,4.979673910056274,0.3130689393053182,1.558981229107684,1.5528376468243401,ZONE_01,WHEEL_FLAT,FRONT_BOGIE_AXLE_1,1
10.03,RUN_014_WHEEL_FLAT,TRAIN001,-0.025551026685763856,0.05644225868699228,1.0360381712178124,27.96530158074958,26.39374255540162,23.548469011017616,115.77240985648477,5.013184381002917,0.2945472149195374,1.4766194973025342,1.5331350530223282,ZONE_01,WHEEL_FLAT,FRONT_BOGIE_AXLE_1,1
10.040000000000001,RUN_014_WHEEL_FLAT,TRAIN001,0.00446468645643544,0.030245267148086865,0.8664591585265304,27.903699306316536,26.508697548017935,23.462792756035412,115.38295717486375,5.0059216864427585,0.37134555183554746,1.8589267510976206,1.6040918844324736,ZONE_01,WHEEL_FLAT,FRONT_BOGIE_AXLE_1,1
10.05,RUN_014_WHEEL_FLAT,TRAIN001,0.022799050359344736,0.034348001712151535,0.897698114327431,27.96755376152405,26.540512381852054,23.461593063121406,113.98471383651285,5.005457420980098,0.37841260611265254,1.8941281874589952,1.6030335220988943,ZONE_01,WHEEL_FLAT,FRONT_BOGIE_AXLE_1,1
10.06,RUN_014_WHEEL_FLAT,TRAIN001,0.07298957825104409,-0.02014248243405796,1.053255458192424,27.750148552962774,26.54738979720778,23.516366082869585,116.28685390681868,4.959524272605104,0.32034526497282745,1.5887601172468513,1.554396592094783,ZONE_01,WHEEL_FLAT,FRONT_BOGIE_AXLE_1,1
10.07,RUN_014_WHEEL_FLAT,TRAIN001,-0.13746112606798763,0.04519224748033302,0.8840389871600084,27.848258046810987,26.4238392566572,23.578166940304587,115.48306174966879,5.004551884546812,0.3003945696591433,1.5033402096952941,1.5721665715289046,ZONE_01,WHEEL_FLAT,FRONT_BOGIE_AXLE_1,1
10.08,RUN_014_WHEEL_FLAT,TRAIN001,0.0003495464113523959,-0.03372269038385497,1.147770224256506,28.017037359875545,26.44749494521648,23.55440342699603,116.11617380958997,4.984377829502915,0.30713098885719886,1.5308568916131287,1.61085691193162,ZONE_01,WHEEL_FLAT,FRONT_BOGIE_AXLE_1,1
10.09,RUN_014_WHEEL_FLAT,TRAIN001,0.03380200458368152,0.01670094896693354,1.017948871447278,27.91581347526235,26.446018660336872,23.53576606237219,115.81467694522694,5.031693795442542,0.3041130682344178,1.5302038385481145,1.5820433746376046,ZONE_01,WHEEL_FLAT,FRONT_BOGIE_AXLE_1,1
10.1,RUN_014_WHEEL_FLAT,TRAIN001,0.03344873757408148,0.021078851751020537,1.114930893558284,28.085303364828643,26.438636321513055,23.502020887091156,114.2649553826965,5.035267338298568,0.3395559455684797,1.7097549622460522,1.627285644445151,ZONE_01,WHEEL_FLAT,FRONT_BOGIE_AXLE_1,1
10.11,RUN_014_WHEEL_FLAT,TRAIN001,0.007072659128112462,0.004645469356715813,1.0761626940316944,28.01403369997848,26.53036468392031,23.531571685252324,113.46025920160145,5.021823276420679,0.33988469123985626,1.7068408537673658,1.5532401101962097,ZONE_01,WHEEL_FLAT,FRONT_BOGIE_AXLE_1,1
10.120000000000001,RUN_014_WHEEL_FLAT,TRAIN001,0.12064854642278691,0.08313690047281767,0.993360867444479,27.943895999663386,26.46451467757541,23.564048713795774,116.15991703357071,5.031375726855945,0.3117423550541308,1.5684929182522613,1.6628581567576854,ZONE_01,WHEEL_FLAT,FRONT_BOGIE_AXLE_1,1
10.13,RUN_014_WHEEL_FLAT,TRAIN001,0.05506921042560244,0.05000907333491185,0.8985667137214663,28.11821459490522,26.499260446829528,23.460304578067827,113.58583738737019,4.957434238958328,0.30852157383860757,1.529475413604823,1.604516614615923,ZONE_01,WHEEL_FLAT,FRONT_BOGIE_AXLE_1,1
10.14,RUN_014_WHEEL_FLAT,TRAIN001,-0.024802770756026993,-0.06928892295747188,0.9492523144627121,28.025115650058435,26.39500845793331,23.500757133788635,115.75730217256319,5.042290691431795,0.30544711642800176,1.540153151889597,1.5768754058287306,ZONE_01,WHEEL_FLAT,FRONT_BOGIE_AXLE_1,1
10.15,RUN_014_WHEEL_FLAT,TRAIN001,-0.05557375245668211,-0.07079418259700856,0.9357008019417747,27.852425960697577,26.431176577828694,23.508873628573898,117.20103644837192,5.020104379189426,0.31911279138488985,1.6019795214866475,1.6122713042966312,ZONE_01,WHEEL_FLAT,FRONT_BOGIE_AXLE_1,1
10.16,RUN_014_WHEEL_FLAT,TRAIN001,-0.017611445127787635,-0.018451406635148944,1.2336673309753485,28.068540660485827,26.57776877485253,23.48527722530703,115.25500305004832,5.009002658933667,0.3110235277966671,1.5579176777244348,1.5973733044705278,ZONE_01,WHEEL_FLAT,FRONT_BOGIE_AXLE_1,1
10.17,RUN_014_WHEEL_FLAT,TRAIN001,-0.014512081321784123,0.010729448693636312,1.0088945223133916,27.984179047121724,26.306319926386912,23.476262493015444,115.50629143708953,4.987944145837281,0.3266045601923351,1.6290853040151174,1.6003805404279983,ZONE_01,WHEEL_FLAT,FRONT_BOGIE_AXLE_1,1
10.18,RUN_014_WHEEL_FLAT,TRAIN001,0.0035793818733267113,0.04803912541276115,1.0642261242391706,27.982663612508244,26.608244540755273,23.506219727865876,117.15493475858938,5.019198373333124,0.34057786464185275,1.7094278642036562,1.5860155053113298,ZONE_01,WHEEL_FLAT,FRONT_BOGIE_AXLE_1,1
10.19,RUN_014_WHEEL_FLAT,TRAIN001,0.038762983227375244,-0.03691641638293354,0.8613101593967484,27.979946545621484,26.628121202090142,23.532662301381524,116.18079804730321,5.01061737931257,0.32868162650255356,1.6468978700144177,1.6065713040718297,ZONE_01,WHEEL_FLAT,FRONT_BOGIE_AXLE_1,1
10.200000000000001,RUN_014_WHEEL_FLAT,TRAIN001,0.09709816046950599,0.008050330853175377,1.0233167276194441,27.90380695609825,26.578826695085837,23.473649335316246,114.49124894054545,4.966014939719143,0.32474339827251236,1.6126805673964602,1.6565235212078822,ZONE_01,WHEEL_FLAT,FRONT_BOGIE_AXLE_1,1
10.21,RUN_014_WHEEL_FLAT,TRAIN001,-0.0016931584283631602,0.03708570287521229,0.9773156449792693,27.84685191115193,26.54733988317935,23.539402693398266,116.76237002658458,4.977586251113073,0.3277839537430209,1.6315729014867444,1.5893037373861192,ZONE_01,WHEEL_FLAT,FRONT_BOGIE_AXLE_1,1
10.22,RUN_014_WHEEL_FLAT,TRAIN001,-0.022666434669139937,-0.03382291954282161,1.1423625232693715,28.211053829024003,26.594306603084352,23.515516108807407,113.7328568076292,4.9429401509701565,0.3208897172368346,1.5861386673634101,1.6036381664493364,ZONE_01,WHEEL_FLAT,FRONT_BOGIE_AXLE_1,1
10.23,RUN_014_WHEEL_FLAT,TRAIN001,0.10101180191179038,0.010242924521040338,1.0327891987746105,28.028079999882575,26.610514118424604,23.464105606667104,116.09833739713866,4.98086885531437,0.337590113826021,1.681492083818061,1.5776552528589995,ZONE_01,WHEEL_FLAT,FRONT_BOGIE_AXLE_1,1
10.24,RUN_014_WHEEL_FLAT,TRAIN001,0.06301364678588922,0.014279261679643284,0.808169820435864,27.860270760121345,26.616426331281602,23.553044949871072,116.26970549154231,5.033383558434972,0.34948465709777604,1.75909032696123,1.623375570493465,ZONE_01,WHEEL_FLAT,FRONT_BOGIE_AXLE_1,1
10.25,RUN_014_WHEEL_FLAT,TRAIN001,-0.06559996379646578,0.10917695021306167,1.0258830100666498,27.936147270396,26.602449581708363,23.540227352619848,116.05001453082467,4.99087707525813,0.31985963411632384,1.596380115211614,1.5932556115847045,ZONE_01,WHEEL_FLAT,FRONT_BOGIE_AXLE_1,1
10.26,RUN_014_WHEEL_FLAT,TRAIN001,-0.041589147572453154,0.027080978947846713,0.9851723285425865,28.087452420597423,26.64424073120611,23.533938625789215,117.51783934746972,5.0746651308209785,0.32529230463194647,1.6507495156401342,1.5552483543150033,ZONE_01,WHEEL_FLAT,FRONT_BOGIE_AXLE_1,1
10.27,RUN_014_WHEEL_FLAT,TRAIN001,0.02590847950496476,0.002094822287940427,0.9565879562859305,27.712084625207016,26.44100592214045,23.447366832494478,114.5849839586707,4.994320888520923,0.3589411822494717,1.7926674442589319,1.571025777877061,ZONE_01,WHEEL_FLAT,FRONT_BOGIE_AXLE_1,1
10.28,RUN_014_WHEEL_FLAT,TRAIN001,0.06177818207677235,-0.2204750776082222,1.0206951185437765,27.83109339175982,26.4801939375248,23.49467224662444,112.69580359142698,5.025053389884413,0.30063174554690714,1.510690572067354,1.5649915036621223,ZONE_01,WHEEL_FLAT,FRONT_BOGIE_AXLE_1,1
10.290000000000001,RUN_014_WHEEL_FLAT,TRAIN001,0.006902729971756742,-0.03159894603718733,1.0543944980581237,27.89176814362934,26.631402050879,23.451471369922125,115.93568256854415,5.019451670344454,0.34630504708875076,1.7382614470583448,1.6212804344929388,ZONE_01,WHEEL_FLAT,FRONT_BOGIE_AXLE_1,1
10.3,RUN_014_WHEEL_FLAT,TRAIN001,-0.057218598923786355,-0.019805183550625768,0.903344942522419,27.922133857192875,26.64256165847913,23.474557690841,114.46272294429347,5.049494876577563,0.30660038312379506,1.548177063740321,1.5392846557912527,ZONE_01,WHEEL_FLAT,FRONT_BOGIE_AXLE_1,1
10.31,RUN_014_WHEEL_FLAT,TRAIN001,-0.06616853385539809,0.018749127975702315,0.990100148976135,27.917355684807397,26.523122844936037,23.450895353126178,111.56984567738057,5.007133048046231,0.3218255272988372,1.611423233442912,1.5982856940685926,ZONE_01,WHEEL_FLAT,FRONT_BOGIE_AXLE_1,1
10.32,RUN_014_WHEEL_FLAT,TRAIN001,0.04582193132694451,0.005786479170961038,0.9601972645660597,28.048533942020942,26.577066259233455,23.447531588767554,114.56462529547176,5.002761967548007,0.3490106077040106,1.7460169944924415,1.5949043455417387,ZONE_01,WHEEL_FLAT,FRONT_BOGIE_AXLE_1,1
10.33,RUN_014_WHEEL_FLAT,TRAIN001,-0.005514128639114084,-0.09610563188293793,0.9671483641292145,28.011641818865726,26.525275943606648,23.54244212293951,114.29622396943698,5.00494336580418,0.3052452639889191,1.5277352589444861,1.5391619122271512,ZONE_01,WHEEL_FLAT,FRONT_BOGIE_AXLE_1,1
10.34,RUN_014_WHEEL_FLAT,TRAIN001,0.01785611542980694,-0.05005787931299142,0.9833050412981901,27.760966501415293,26.606229414705886,23.447480646410835,115.22588716870874,4.947151678216317,0.31203028454243453,1.5436611458284197,1.602262100893195,ZONE_01,WHEEL_FLAT,FRONT_BOGIE_AXLE_1,1
10.35,RUN_014_WHEEL_FLAT,TRAIN001,0.0402428262491769,0.00735650375101039,0.8446060075907643,27.88517895439727,26.554172287756273,23.422316541797336,116.01749369507004,5.00300507430563,0.33425964324477886,1.6723026912892183,1.625627126041975,ZONE_01,WHEEL_FLAT,FRONT_BOGIE_AXLE_1,1
10.36,RUN_014_WHEEL_FLAT,TRAIN001,0.07555480319227442,0.08609774499783639,0.9227102399722815,28.130475044195236,26.705131655048522,23.4621188368189,116.53585453365834,4.981035366899703,0.32497216611803276,1.6186978526919265,1.6197353525236795,ZONE_01,WHEEL_FLAT,FRONT_BOGIE_AXLE_1,1
10.370000000000001,RUN_014_WHEEL_FLAT,TRAIN001,0.09226775598978175,-0.09688549864591285,0.934423227288839,28.1490238843966,26.561502464038266,23.502953200976723,114.11649273283147,4.957777410241432,0.33746254028358397,1.6730641590206419,1.6133972261292706,ZONE_01,WHEEL_FLAT,FRONT_BOGIE_AXLE_1,1
10.38,RUN_014_WHEEL_FLAT,TRAIN001,0.040514095931379564,-0.023658143157535068,1.002132496413634,28.085717720202798,26.52559970879529,23.55841343223386,115.23382636207928,4.923219658206769,0.3301143419707375,1.6252254178463268,1.6142680482619256,ZONE_01,WHEEL_FLAT,FRONT_BOGIE_AXLE_1,1
10.39,RUN_014_WHEEL_FLAT,TRAIN001,0.06968827478658286,0.026478412949827907,0.954731547394047,27.883949736942313,26.413637681421626,23.512761876369527,114.95445660916273,5.001962639583125,0.339420961370398,1.697770967866118,1.5493550667415106,ZONE_01,WHEEL_FLAT,FRONT_BOGIE_AXLE_1,1
10.4,RUN_014_WHEEL_FLAT,TRAIN001,-0.08655303101281211,-0.004912342813578587,0.9919952029404401,28.18772165519075,26.496878848107645,23.571278585763142,114.71761205663657,4.996508792814947,0.32014896873686643,1.5996271373043909,1.593110893145556,ZONE_01,WHEEL_FLAT,FRONT_BOGIE_AXLE_1,1
10.41,RUN_014_WHEEL_FLAT,TRAIN001,-0.14764613624269643,0.00844770143791774,0.8883097490913837,27.989562861353118,26.571461078230065,23.50509238147192,115.13675710718228,4.952021464591689,0.36923104871088713,1.8284400786100126,1.5970181339373535,ZONE_01,WHEEL_FLAT,FRONT_BOGIE_AXLE_1,1
10.42,RUN_014_WHEEL_FLAT,TRAIN001,-0.07218565464718558,0.058439814576637106,1.1171853841733017,27.911887876260508,26.56294337082552,23.50772542488169,114.16146941613647,5.028480003677132,0.3267410630470446,1.643010901912273,1.627468765689726,ZONE_01,WHEEL_FLAT,FRONT_BOGIE_AXLE_1,1
10.43,RUN_014_WHEEL_FLAT,TRAIN001,-0.018594595143633957,0.027900938752394692,0.8699194391292783,27.873373647632437,26.671217045870474,23.45891720398576,116.39759428188762,4.971351077143381,0.29614219070913816,1.4722267987694746,1.6031622308902633,ZONE_01,WHEEL_FLAT,FRONT_BOGIE_AXLE_1,1
10.44,RUN_014_WHEEL_FLAT,TRAIN001,-0.00561719121907627,-0.1200510180625657,1.0270504815175738,27.993296890260233,26.618443995404895,23.530225196488118,116.09702623782287,5.0482155589245865,0.346804760531976,1.7507451880266367,1.5753597486272768,ZONE_01,WHEEL_FLAT,FRONT_BOGIE_AXLE_1,1
10.450000000000001,RUN_014_WHEEL_FLAT,TRAIN001,0.024570703996452684,0.08469254429071543,1.1991788030697759,28.004169663028392,26.32572200660449,23.45821437520788,115.82880249421758,4.974603679425128,0.30874055094021513,1.5358618806949353,1.6582188260030943,ZONE_01,WHEEL_FLAT,FRONT_BOGIE_AXLE_1,1
10.46,RUN_014_WHEEL_FLAT,TRAIN001,0.32348232136222516,0.20231983066642487,1.6608008443382887,27.974308063860683,26.55663341916387,23.50128102740854,112.88885970754659,4.99425659777238,0.2822638685494683,1.4096981878159378,1.7472210139175082,ZONE_01,WHEEL_FLAT,FRONT_BOGIE_AXLE_1,1
10.47,RUN_014_WHEEL_FLAT,TRAIN001,-0.0625149135610449,0.06756309741303157,1.2058093737994522,28.04367945706841,26.639546382873583,23.513080884536848,114.85618774736166,5.031813762273698,0.36054939284617177,1.814217396902793,1.6109088287107458,ZONE_01,WHEEL_FLAT,FRONT_BOGIE_AXLE_1,1
10.48,RUN_014_WHEEL_FLAT,TRAIN001,0.051751824279494464,0.07931056571235984,1.117321937591739,28.138661798853338,26.620036517501003,23.584914271400475,116.19050326928655,4.9865099803031985,0.2899205174507469,1.445691553762817,1.611955010154669,ZONE_01,WHEEL_FLAT,FRONT_BOGIE_AXLE_1,1
10.49,RUN_014_WHEEL_FLAT,TRAIN001,-0.10272010269024658,0.06678884267719672,1.1014156684040122,28.07778872108456,26.553965696767534,23.524527351539852,114.15182473287376,5.0365104696480705,0.3165482493432996,1.5942985719662965,1.5892776895550262,ZONE_01,WHEEL_FLAT,FRONT_BOGIE_AXLE_1,1
10.5,RUN_014_WHEEL_FLAT,TRAIN001,0.03397772770025821,-0.04473519853036764,1.1396977319562904,28.053588564850134,26.608827763108376,23.536155888120508,113.78884121846664,4.967087214345801,0.33976965614031673,1.6876655148372366,1.620108077299212,ZONE_01,WHEEL_FLAT,FRONT_BOGIE_AXLE_1,1
10.51,RUN_014_WHEEL_FLAT,TRAIN001,0.06277311317257257,0.12956046452351136,0.985782194650525,27.958970878718297,26.595671077893485,23.499618808623588,114.74610023650455,5.056078898425212,0.3517001168740428,1.7782235395005286,1.5826019797976767,ZONE_01,WHEEL_FLAT,FRONT_BOGIE_AXLE_1,1
10.52,RUN_014_WHEEL_FLAT,TRAIN001,-0.019076539779919712,0.02820684134492318,1.0350585778683725,27.939723381543963,26.52811919803454,23.501174415263858,113.69048458568508,5.053849318900519,0.3453210950130705,1.7452007808337877,1.5997514504576031,ZONE_01,WHEEL_FLAT,FRONT_BOGIE_AXLE_1,1
10.53,RUN_014_WHEEL_FLAT,TRAIN001,-0.02839058513466544,-0.08124640300196319,1.041542652841774,28.19339430995004,26.5704681538343,23.467777634155393,115.71029944784004,5.013035569048298,0.3184959932011095,1.5966317425165266,1.608913515123807,ZONE_01,WHEEL_FLAT,FRONT_BOGIE_AXLE_1,1
10.540000000000001,RUN_014_WHEEL_FLAT,TRAIN001,0.01534205145102788,-0.07521817945263451,1.0541818227031394,28.109129486042423,26.514971043657727,23.503583538287852,116.17694106797576,5.042714277957236,0.3651863921258019,1.8415306336884711,1.54110918311505,ZONE_01,WHEEL_FLAT,FRONT_BOGIE_AXLE_1,1
10.55,RUN_014_WHEEL_FLAT,TRAIN001,-0.05866709008477246,-0.05084169501823976,0.9710057402485973,28.116179189556288,26.495336882664418,23.50604157953609,116.55869259711724,5.004820164354916,0.32569468020724823,1.630043302924362,1.6129216390111567,ZONE_01,WHEEL_FLAT,FRONT_BOGIE_AXLE_1,1
10.56,RUN_014_WHEEL_FLAT,TRAIN001,0.022024014576757997,0.03095636659506844,1.0867162351141226,28.024362305001144,26.656496232038688,23.487241035651156,113.39340686512621,5.026667895313185,0.34623016348800845,1.7403840471942074,1.5948830301155175,ZONE_01,WHEEL_FLAT,FRONT_BOGIE_AXLE_1,1
10.57,RUN_014_WHEEL_FLAT,TRAIN001,-0.0565589298002239,0.08677312582510863,0.9901262283118599,27.928956193678427,26.620086758007496,23.541581563189585,115.10488731473545,4.979777220801952,0.29564530981701564,1.4722477792637103,1.593591430783432,ZONE_01,WHEEL_FLAT,FRONT_BOGIE_AXLE_1,1
10.58,RUN_014_WHEEL_FLAT,TRAIN001,-0.011561896582139455,-0.023554082544739015,1.0401090778280384,28.08897873673354,26.522963700131466,23.58985321978638,117.24539151749,5.01043564473237,0.30612870616009236,1.5338381812203286,1.5900546362170749,ZONE_01,WHEEL_FLAT,FRONT_BOGIE_AXLE_1,1
10.59,RUN_014_WHEEL_FLAT,TRAIN001,0.05225522734977587,0.0026260816655344446,0.8769384686670787,28.084248014062588,26.70808301273311,23.450669948707947,114.53477195355086,4.976222788097741,0.3203934455224205,1.594349164765821,1.635757138314805,ZONE_01,WHEEL_FLAT,FRONT_BOGIE_AXLE_1,1
10.6,RUN_014_WHEEL_FLAT,TRAIN001,0.031909950712402914,0.05903736360407897,0.8787262342178301,28.07616203026687,26.746434154697543,23.464043632077484,114.09195602795621,5.015706228415033,0.35794478235033106,1.795345874263219,1.5999816977201216,ZONE_01,WHEEL_FLAT,FRONT_BOGIE_AXLE_1,1
10.61,RUN_014_WHEEL_FLAT,TRAIN001,0.004287982954170096,-0.0013833460360604365,0.901139254283684,27.934950510297472,26.672336958626904,23.4898673575998,112.27682799076452,4.984410785186576,0.31933314894702675,1.5916875916791513,1.6171855573452882,ZONE_01,WHEEL_FLAT,FRONT_BOGIE_AXLE_1,1
10.620000000000001,RUN_014_WHEEL_FLAT,TRAIN001,0.02743762794671501,0.08081447905414854,0.9722417847761794,28.145062315182408,26.69504395464607,23.430986406977276,113.2063031452589,4.978970229304768,0.37941060788835174,1.8890741213585283,1.5683575607961837,ZONE_01,WHEEL_FLAT,FRONT_BOGIE_AXLE_1,1
10.63,RUN_014_WHEEL_FLAT,TRAIN001,-0.1674351240920364,0.04771480269310166,1.2225882272087314,28.117925699373444,26.54036888943013,23.505649064496012,114.5066751130855,4.9938007020482695,0.31345717084918095,1.5653426398487043,1.6012152318486654,ZONE_01,WHEEL_FLAT,FRONT_BOGIE_AXLE_1,1
10.64,RUN_014_WHEEL_FLAT,TRAIN001,-0.01889570748504906,-0.08213995770061815,0.9892493449715325,27.878295400015585,26.485628982539097,23.468966300987688,113.19612169811775,5.0392611105980105,0.3609978476494301,1.8191624146693586,1.6105187116130166,ZONE_01,WHEEL_FLAT,FRONT_BOGIE_AXLE_1,1
10.65,RUN_014_WHEEL_FLAT,TRAIN001,0.028881343733208355,0.03466434342047619,0.9832624024441383,27.97787846776504,26.746128322319297,23.505786095395774,112.66087610352459,5.037207338316252,0.32378874509074085,1.63099104283529,1.582785017813198,ZONE_01,WHEEL_FLAT,FRONT_BOGIE_AXLE_1,1
10.66,RUN_014_WHEEL_FLAT,TRAIN001,-0.04893272718575135,-0.08658369884055733,0.9645683087371736,28.085977438559667,26.512826083863043,23.4615161852601,115.42864973995721,4.995572254618974,0.3271697520801705,1.6344001360422682,1.5670655351991993,ZONE_01,WHEEL_FLAT,FRONT_BOGIE_AXLE_1,1
10.67,RUN_014_WHEEL_FLAT,TRAIN001,0.07433570832447943,0.001345617399825171,1.0407765617697409,28.047394296941036,26.58111991799221,23.427247619698075,114.35689032809863,4.999569986472847,0.32984514541922394,1.6490838892217237,1.5924913328246906,ZONE_01,WHEEL_FLAT,FRONT_BOGIE_AXLE_1,1
10.68,RUN_014_WHEEL_FLAT,TRAIN001,-0.01605001931239733,-0.12040735467199236,0.9747086833486035,28.08748210410549,26.460099361356146,23.478174656474163,115.29167231049462,4.993559234980769,0.31864560618195875,1.5911757094359655,1.6222564148414433,ZONE_01,WHEEL_FLAT,FRONT_BOGIE_AXLE_1,1
10.69,RUN_014_WHEEL_FLAT,TRAIN001,0.04354873749690052,-0.02248635351492959,0.9443322600031923,27.921078673399354,26.787959498868066,23.50841086858434,114.15956656415113,4.993056991269543,0.3260627937711964,1.6280501120321513,1.6190786468322322,ZONE_01,WHEEL_FLAT,FRONT_BOGIE_AXLE_1,1
10.700000000000001,RUN_014_WHEEL_FLAT,TRAIN001,0.05013622220787728,0.03837629344928563,0.952476616328725,28.006495921510467,26.654431332064647,23.415462113641738,115.47096050566833,4.9602030565168675,0.32497578249137515,1.6119458696076798,1.599746998577519,ZONE_01,WHEEL_FLAT,FRONT_BOGIE_AXLE_1,1
10.71,RUN_014_WHEEL_FLAT,TRAIN001,0.09698213557297727,0.01791163642355039,0.9714034361439342,28.223192570914748,26.56347682588142,23.553412782051943,114.38502416880903,5.023325307677844,0.3031831687576175,1.5229876844821026,1.5914210680460916,ZONE_01,WHEEL_FLAT,FRONT_BOGIE_AXLE_1,1
10.72,RUN_014_WHEEL_FLAT,TRAIN001,-0.07568916245361684,0.02464042344300145,1.120112556849887,28.03912064119619,26.662987222483565,23.35251834064097,114.5050508752815,5.0097264621305735,0.31646049481661237,1.5853805151017182,1.640706390711514,ZONE_01,WHEEL_FLAT,FRONT_BOGIE_AXLE_1,1
10.73,RUN_014_WHEEL_FLAT,TRAIN001,-0.042134569916523916,0.003641954490237977,0.9327855263632197,27.983157908790183,26.524221234603694,23.534397675653636,112.72239506837684,5.003622771676239,0.3246835108953051,1.624593808703539,1.6203565668874378,ZONE_01,WHEEL_FLAT,FRONT_BOGIE_AXLE_1,1
10.74,RUN_014_WHEEL_FLAT,TRAIN001,0.04854033940461827,0.004402459193222449,1.0153013855414201,28.11705608890942,26.79096483904705,23.52516340810682,113.18504473708147,4.9778843338393255,0.335051643814241,1.667848328770024,1.5646520823756933,ZONE_01,WHEEL_FLAT,FRONT_BOGIE_AXLE_1,1
10.75,RUN_014_WHEEL_FLAT,TRAIN001,0.015438665104170031,0.0485109158086297,0.9126395309176019,28.255096560642,26.67858001639381,23.568977000446104,115.80247893387916,5.016637500293571,0.3534444910266203,1.773102887956318,1.5494791017406933,ZONE_01,WHEEL_FLAT,FRONT_BOGIE_AXLE_1,1
10.76,RUN_014_WHEEL_FLAT,TRAIN001,-0.006665255865322066,0.015483999939557262,0.9759795091590873,28.111079027720756,26.614219275038714,23.409384187717976,117.11318584378505,4.975381991103297,0.34649109993444904,1.7239255786914305,1.5563054131140275,ZONE_01,WHEEL_FLAT,FRONT_BOGIE_AXLE_1,1
10.77,RUN_014_WHEEL_FLAT,TRAIN001,-0.09744888353435818,0.13744607161945765,1.1869629492972522,28.164950064813045,26.62080138812435,23.607850611256037,114.17897711144671,5.008389839120323,0.3570575664461279,1.7882834877698166,1.6471188585005818,ZONE_01,WHEEL_FLAT,FRONT_BOGIE_AXLE_1,1
10.78,RUN_014_WHEEL_FLAT,TRAIN001,-0.02082744448847918,0.052253292171833506,0.9123150978331052,28.114445467889016,26.795840787346314,23.492964248050374,114.2258966755481,5.0087473206544475,0.3502563470216239,1.754345539686773,1.6034867832008441,ZONE_01,WHEEL_FLAT,FRONT_BOGIE_AXLE_1,1
10.790000000000001,RUN_014_WHEEL_FLAT,TRAIN001,0.04491383400216332,-0.017538449731361146,0.9408463705485993,28.22727350895802,26.61927139692197,23.573742566773852,115.23205003164198,4.99323402925675,0.3513368467800874,1.7543070990740974,1.6061149774803236,ZONE_01,WHEEL_FLAT,FRONT_BOGIE_AXLE_1,1
10.8,RUN_014_WHEEL_FLAT,TRAIN001,0.02455568369601866,0.0349399860397871,0.8270274167439235,28.131835762126762,26.725959390562878,23.475374289695473,115.80124362087983,4.996571749965641,0.38074941955062036,1.9024417935424451,1.6405971036347902,ZONE_01,WHEEL_FLAT,FRONT_BOGIE_AXLE_1,1
10.81,RUN_014_WHEEL_FLAT,TRAIN001,-0.016992154681996368,-0.013772963358427643,0.887577723288985,28.227421144610076,26.5476512515825,23.482695625934472,116.06829119595771,4.9699335519835355,0.3190603094457097,1.585708537020482,1.6345096336407352,ZONE_01,WHEEL_FLAT,FRONT_BOGIE_AXLE_1,1
10.82,RUN_014_WHEEL_FLAT,TRAIN001,0.051720978598096545,-0.007673352392023047,0.9679702136503858,28.10145332126632,26.66712440337559,23.45326913367478,114.84765361042768,5.0230969818920235,0.3133429009292849,1.5739517799551823,1.5780944087952704,ZONE_01,WHEEL_FLAT,FRONT_BOGIE_AXLE_1,1
10.83,RUN_014_WHEEL_FLAT,TRAIN001,0.016660595791199054,-0.004324623842961931,1.0957560877618229,28.155743286357698,26.676938266118164,23.49465460380911,115.14069298002208,5.017985328442134,0.30221516420606764,1.5165112600187778,1.6101913079719294,ZONE_01,WHEEL_FLAT,FRONT_BOGIE_AXLE_1,1
10.84,RUN_014_WHEEL_FLAT,TRAIN001,-0.18507764712368258,-0.0730223596161813,1.072642737968907,28.08216374540998,26.683132272491406,23.593494872365945,116.87286405864954,4.99135376040004,0.3544294384766741,1.7690827105370217,1.572524107558645,ZONE_01,WHEEL_FLAT,FRONT_BOGIE_AXLE_1,1
10.85,RUN_014_WHEEL_FLAT,TRAIN001,0.01630559856104366,-0.07631779626112214,0.8252382405501536,28.16924319647741,26.610851680732527,23.48663858378775,113.65332161581209,5.032719880504624,0.35107939905408686,1.7668842712551192,1.5929543508281292,ZONE_01,WHEEL_FLAT,FRONT_BOGIE_AXLE_1,1
10.86,RUN_014_WHEEL_FLAT,TRAIN001,0.008807565878763364,-0.05378385382062099,0.9516752428122753,27.99469784001386,26.752632749547395,23.491642094053734,116.39583488211876,4.994564654152394,0.3283285604577957,1.6398582230112437,1.5756076223582438,ZONE_01,WHEEL_FLAT,FRONT_BOGIE_AXLE_1,1
10.870000000000001,RUN_014_WHEEL_FLAT,TRAIN001,0.025207840386485412,-0.06132123072609766,1.1832222179710479,28.045593456346527,26.762321188248038,23.471883433944186,116.357407608395,4.974431630608674,0.32733581943237267,1.628309654015604,1.5346623951418181,ZONE_01,WHEEL_FLAT,FRONT_BOGIE_AXLE_1,1
10.88,RUN_014_WHEEL_FLAT,TRAIN001,0.059277042816303825,0.05641360836043869,0.9670710118578808,28.208773212922132,26.57545767481866,23.499301504428406,114.95248760373381,5.058149849779552,0.31285773220355295,1.5824812911477726,1.557313053884902,ZONE_01,WHEEL_FLAT,FRONT_BOGIE_AXLE_1,1
10.89,RUN_014_WHEEL_FLAT,TRAIN001,-0.050584289233910645,0.021311661829697043,1.1107044025296662,28.137574737603476,26.62891671527081,23.499428168348942,115.27333916549671,5.042675783231635,0.34163527673633326,1.7227559366959457,1.6362909421011316,ZONE_01,WHEEL_FLAT,FRONT_BOGIE_AXLE_1,1
10.9,RUN_014_WHEEL_FLAT,TRAIN001,-0.03230372280822991,-0.03369603724379978,1.0838453089325668,28.09081472062731,26.67261292328064,23.43965037880825,114.44298632123032,5.0665650027066045,0.29959854177575956,1.517935486622996,1.5903030321964577,ZONE_01,WHEEL_FLAT,FRONT_BOGIE_AXLE_1,1
10.91,RUN_014_WHEEL_FLAT,TRAIN001,0.056018610187586505,-0.009133665522613165,0.9702552638895552,28.192853016470472,26.67496612036115,23.505676393121707,116.23323211995529,5.00369722904882,0.34349881301256463,1.7187640588525284,1.6239815980744259,ZONE_01,WHEEL_FLAT,FRONT_BOGIE_AXLE_1,1
10.92,RUN_014_WHEEL_FLAT,TRAIN001,0.027118534157707926,0.038051139230179304,1.0158836809273795,28.174505692809067,26.662665679553104,23.546719966820962,115.58818132141147,5.003469194841002,0.3580770146028344,1.7916273119459136,1.6355162018784262,ZONE_01,WHEEL_FLAT,FRONT_BOGIE_AXLE_1,1
10.93,RUN_014_WHEEL_FLAT,TRAIN001,-0.06839033107975927,-0.020956308432821355,1.0239772484050118,28.238510327107747,26.84210891920482,23.537115934991093,113.36717949189993,5.021825754989718,0.3408168180812505,1.7115226747740693,1.5399357339901618,ZONE_01,WHEEL_FLAT,FRONT_BOGIE_AXLE_1,1
10.94,RUN_014_WHEEL_FLAT,TRAIN001,0.021958047098293087,0.00625975820976665,0.9236041509686452,28.243582943847137,26.750012589349623,23.354574577060287,117.0685309667106,5.007890805061189,0.3335516308139172,1.6703901449661802,1.6199362148685963,ZONE_01,WHEEL_FLAT,FRONT_BOGIE_AXLE_1,1
10.950000000000001,RUN_014_WHEEL_FLAT,TRAIN001,-0.0390492291167528,-0.009168803375617016,0.9887141007250099,28.135843107586645,26.756563058431315,23.517569405612342,115.59934070644704,5.003902553118931,0.34125292602882723,1.7075963878149543,1.6500929056114388,ZONE_01,WHEEL_FLAT,FRONT_BOGIE_AXLE_1,1
10.96,RUN_014_WHEEL_FLAT,TRAIN001,0.07662012173047637,-0.004416816139383727,1.0226065358676064,28.30545494073873,26.738963641956328,23.513899515849367,116.34832202437278,4.981919494768134,0.3425747706768808,1.7066799284508751,1.5788026296068554,ZONE_01,WHEEL_FLAT,FRONT_BOGIE_AXLE_1,1
10.97,RUN_014_WHEEL_FLAT,TRAIN001,0.046896849979772365,-0.10015657807530011,1.064420434195259,28.08816501860122,26.70758780636306,23.4233244813168,116.078495311215,4.98910721893348,0.35471144874763266,1.7696934495851673,1.5909415563614209,ZONE_01,WHEEL_FLAT,FRONT_BOGIE_AXLE_1,1
10.98,RUN_014_WHEEL_FLAT,TRAIN001,-0.3073669889384639,0.21688791945706037,1.5596792796247878,28.255547978898285,26.796173637042404,23.566276821332348,114.57730434024985,4.996783496219682,0.3287249104684828,1.6425672074252073,1.6992971186858634,ZONE_01,WHEEL_FLAT,FRONT_BOGIE_AXLE_1,1
10.99,RUN_014_WHEEL_FLAT,TRAIN001,-0.07835234970589258,0.03435497046771326,1.295844617610773,28.131924398919917,26.724335161837566,23.480895783626647,113.16075282527257,4.97243775837349,0.3187719229079728,1.5850735457769272,1.706536032724173,ZONE_01,WHEEL_FLAT,FRONT_BOGIE_AXLE_1,1
11.0,RUN_014_WHEEL_FLAT,TRAIN001,-0.06432193863118782,-0.012535415457721067,0.7379388466833324,28.034651841383205,26.709892127846466,23.48107040616455,111.69820915303669,4.984222414797895,0.32923587926027975,1.6409848491647796,1.6132896778858774,ZONE_01,WHEEL_FLAT,FRONT_BOGIE_AXLE_1,1
11.01,RUN_014_WHEEL_FLAT,TRAIN001,0.07988924302721676,-0.06798992213935064,0.9765975815811965,28.215638239863793,26.555806437326677,23.502705288151528,114.85871708677082,5.033547445685299,0.3156969437606734,1.5890755448771932,1.6051570100020833,ZONE_01,WHEEL_FLAT,FRONT_BOGIE_AXLE_1,1
11.02,RUN_014_WHEEL_FLAT,TRAIN001,-0.009054182516720834,-0.03878276572016316,0.9547339667804149,28.279064331874604,26.75820848772698,23.504986450341285,114.14873515353025,4.991906423574218,0.3461481161364573,1.7279390044496954,1.580083361166361,ZONE_01,WHEEL_FLAT,FRONT_BOGIE_AXLE_1,1
11.03,RUN_014_WHEEL_FLAT,TRAIN001,0.025850973739062692,-0.055309352670761654,0.8674264399414412,28.047704722338803,26.773922847377253,23.53607981476606,112.90557005171591,4.981170672443673,0.32178802142539836,1.6028810550678705,1.5842638513953076,ZONE_01,WHEEL_FLAT,FRONT_BOGIE_AXLE_1,1
11.040000000000001,RUN_014_WHEEL_FLAT,TRAIN001,0.07249951656347065,-0.10942512704419871,1.0039802524170818,28.320310791547794,26.863915438124728,23.481409331854206,115.97517728668745,4.9924233686296615,0.34213621746630196,1.7080888473333258,1.610933590972483,ZONE_01,WHEEL_FLAT,FRONT_BOGIE_AXLE_1,1
11.05,RUN_014_WHEEL_FLAT,TRAIN001,-0.006932333247477703,0.013483002695078912,1.1372011884760196,28.251030026578867,26.503200413305077,23.49765028673642,114.10609923616678,5.0083939010971,0.33895858360757986,1.6976381028647143,1.5640983587635946,ZONE_01,WHEEL_FLAT,FRONT_BOGIE_AXLE_1,1
11.06,RUN_014_WHEEL_FLAT,TRAIN001,0.04618885907138309,-0.012175589660953211,0.9581305612322586,28.334833247300843,26.708278998731345,23.52179174258754,114.15709738065509,5.066883782704797,0.32296060955308925,1.6364038749970038,1.5978001454697264,ZONE_01,WHEEL_FLAT,FRONT_BOGIE_AXLE_1,1
11.07,RUN_014_WHEEL_FLAT,TRAIN001,-0.021614662483544822,-0.09009487413921895,0.9293357032933909,27.995352299462606,26.81884524903269,23.514693924930068,116.29916735619983,4.990652742333828,0.3300447640098957,1.647138806598907,1.5473775406135908,ZONE_01,WHEEL_FLAT,FRONT_BOGIE_AXLE_1,1
11.08,RUN_014_WHEEL_FLAT,TRAIN001,0.11525478170434861,0.03209105550382978,0.9984656010804314,28.039667226991842,26.742464977654357,23.40725877296524,113.16873209603561,5.051717011543246,0.33455860568788665,1.690095399711686,1.6398021856256766,ZONE_01,WHEEL_FLAT,FRONT_BOGIE_AXLE_1,1
11.09,RUN_014_WHEEL_FLAT,TRAIN001,-0.003911860086725433,-0.01779627406537983,1.006838165906464,28.32673229449651,26.530673518357858,23.574448232408383,114.89171224155373,5.003418223606744,0.3444612082359955,1.7234834866135773,1.5839478833254321,ZONE_01,WHEEL_FLAT,FRONT_BOGIE_AXLE_1,1
11.1,RUN_014_WHEEL_FLAT,TRAIN001,-0.056594411747597204,-0.06884672340393282,0.9538962402011166,28.202173563270872,26.602297569468508,23.405213998988703,116.14362941218552,5.0066545731505325,0.3177687764747216,1.5909584979416145,1.6665388890519743,ZONE_01,WHEEL_FLAT,FRONT_BOGIE_AXLE_1,1
11.11,RUN_014_WHEEL_FLAT,TRAIN001,0.06648177123438374,0.07788856622030102,0.9949230161962295,28.121112586523818,26.538313752043965,23.487280105052246,116.06650435549946,4.995074314713861,0.3295827137400984,1.6462901479768566,1.594976106263483,ZONE_01,WHEEL_FLAT,FRONT_BOGIE_AXLE_1,1
11.120000000000001,RUN_014_WHEEL_FLAT,TRAIN001,-0.009262331403691516,-0.04183046408071062,1.002194355887362,28.020738634336148,26.69749931415745,23.543638789506474,114.7414273804156,4.997048331684105,0.33676414814472255,1.6828267246576045,1.661836226355145,ZONE_01,WHEEL_FLAT,FRONT_BOGIE_AXLE_1,1
11.13,RUN_014_WHEEL_FLAT,TRAIN001,0.04528933138765418,0.0010441083017396645,0.8939680208840013,28.226122790914864,26.684746541880216,23.499000465161753,114.47897432302817,4.978569214558902,0.3324038001935189,1.6548953264458415,1.6484548555218286,ZONE_01,WHEEL_FLAT,FRONT_BOGIE_AXLE_1,1
11.14,RUN_014_WHEEL_FLAT,TRAIN001,0.03804630230717674,-0.017171688888108463,1.0800867819738065,28.243607111868627,26.804644458746946,23.41963935076926,113.66577653736466,4.975433828825707,0.3265441051404797,1.6246985873195614,1.5554523578796409,ZONE_01,WHEEL_FLAT,FRONT_BOGIE_AXLE_1,1
11.15,RUN_014_WHEEL_FLAT,TRAIN001,0.008119164769091178,0.0035449221259373502,1.036814255469921,28.08131463713658,26.662711542962132,23.45173479584391,115.95757119714001,4.992465662826297,0.3615743820080275,1.8051476867327156,1.616176505237641,ZONE_01,WHEEL_FLAT,FRONT_BOGIE_AXLE_1,1
11.16,RUN_014_WHEEL_FLAT,TRAIN001,0.011072576347573455,-0.03910213112666325,1.1170092729011285,28.193241152177023,26.863395990881976,23.479062938273906,115.13479177454748,5.02237829176892,0.3354021381640748,1.6845164177281293,1.5615208951014563,ZONE_01,WHEEL_FLAT,FRONT_BOGIE_AXLE_1,1
11.17,RUN_014_WHEEL_FLAT,TRAIN001,0.010333075143230772,0.015245312278477113,0.9870105793454935,28.195639887177695,26.670445224923068,23.554489673404426,117.73447469541878,5.065211005101648,0.33467108015235886,1.6951796382769837,1.627684202775175,ZONE_01,WHEEL_FLAT,FRONT_BOGIE_AXLE_1,1
11.18,RUN_014_WHEEL_FLAT,TRAIN001,-0.05616102588741144,-0.0342018639119919,1.0394531995748795,28.167504156489795,26.81719394488243,23.500435919177367,115.32709956567207,5.003694373954507,0.3456150687073105,1.7293521748446699,1.63643848057626,ZONE_01,WHEEL_FLAT,FRONT_BOGIE_AXLE_1,1
11.19,RUN_014_WHEEL_FLAT,TRAIN001,-0.0879407672172727,0.008622875282424732,0.943721982920828,28.09828810018684,26.736271928007604,23.438981633669147,113.21373022777864,4.968824715790443,0.30656775664913777,1.5232814463026656,1.5471114280108036,ZONE_01,WHEEL_FLAT,FRONT_BOGIE_AXLE_1,1
11.200000000000001,RUN_014_WHEEL_FLAT,TRAIN001,0.08862843600563663,-0.08046565507908368,0.9800647695852913,28.188048492056083,26.60610315552898,23.592548330382566,115.95929495953688,4.981529110080005,0.3295808364291361,1.641816530796258,1.5567987743981695,ZONE_01,WHEEL_FLAT,FRONT_BOGIE_AXLE_1,1
11.21,RUN_014_WHEEL_FLAT,TRAIN001,0.024084047856216897,0.06325911668669137,0.9998984604150533,28.22745416465205,26.58096698881178,23.48321049034389,116.77086897797604,4.933806084903104,0.32998209585791016,1.6280676724528365,1.5747471654563698,ZONE_01,WHEEL_FLAT,FRONT_BOGIE_AXLE_1,1
11.22,RUN_014_WHEEL_FLAT,TRAIN001,-0.05981566392019552,0.0707624385489401,1.0429981571679987,28.107125024529758,26.886150846242586,23.482302560547062,116.13995977789314,5.016155539916561,0.3693891762099757,1.8529135626308841,1.587015202534586,ZONE_01,WHEEL_FLAT,FRONT_BOGIE_AXLE_1,1
11.23,RUN_014_WHEEL_FLAT,TRAIN001,0.06554367889285698,-0.039696509588190536,0.9866852643646311,28.257109654483386,26.786316580676562,23.53753007123794,113.60983245600887,4.9718580760604345,0.31998040561499863,1.5908971638380245,1.6131948989668776,ZONE_01,WHEEL_FLAT,FRONT_BOGIE_AXLE_1,1
11.24,RUN_014_WHEEL_FLAT,TRAIN001,-0.08362689898901148,-0.05234735081963392,1.0450235630000646,28.112745185222085,26.7808358917763,23.46550954878637,113.58416382388953,5.018347905384353,0.31021948044199776,1.5567892798855216,1.5400785861137336,ZONE_01,WHEEL_FLAT,FRONT_BOGIE_AXLE_1,1
11.25,RUN_014_WHEEL_FLAT,TRAIN001,0.058660569579968284,-0.002605982087460952,1.1296696216930413,28.350846008713194,26.75286404359669,23.459459120553888,115.13931409204842,5.009806477169799,0.3337428706957707,1.6719871953209147,1.6042309845045166,ZONE_01,WHEEL_FLAT,FRONT_BOGIE_AXLE_1,1
11.26,RUN_014_WHEEL_FLAT,TRAIN001,0.003487578227618558,0.006369955578329511,1.287774175670772,28.165199663252203,26.89548995930707,23.40040750990777,115.13080686438269,4.990243933137434,0.31372090213867504,1.565543828595926,1.5855112062783656,ZONE_01,WHEEL_FLAT,FRONT_BOGIE_AXLE_1,1
11.27,RUN_014_WHEEL_FLAT,TRAIN001,0.004702031577228736,0.0696308078575509,0.9988038889701324,28.25807536102878,26.65974986923231,23.466326088451947,116.15864038493324,4.997592460458964,0.3293852524388836,1.6461332541749374,1.6258871004972528,ZONE_01,WHEEL_FLAT,FRONT_BOGIE_AXLE_1,1
11.28,RUN_014_WHEEL_FLAT,TRAIN001,0.0863316523557178,-0.02757062188326219,0.9032633210282099,28.151715223654215,26.63583822911877,23.453114996688353,113.34664758810699,5.000557823056357,0.33790029834218993,1.689689980288115,1.6126835858897264,ZONE_01,WHEEL_FLAT,FRONT_BOGIE_AXLE_1,1
11.290000000000001,RUN_014_WHEEL_FLAT,TRAIN001,-0.08190103692083198,-0.03000414154016603,1.0449079595286246,28.30806732422302,26.864071320287174,23.478317593736637,117.25070239021692,5.012531217886737,0.3309575174676484,1.6589348881008827,1.6511966549239752,ZONE_01,WHEEL_FLAT,FRONT_BOGIE_AXLE_1,1
11.3,RUN_014_WHEEL_FLAT,TRAIN001,0.056380437012945976,0.002741155979784591,0.8111126482166687,28.227060386974657,26.656857741116767,23.48479909089537,114.90933670232218,5.037873424458177,0.3148554857998103,1.5862020844557334,1.5799082216820444,ZONE_01,WHEEL_FLAT,FRONT_BOGIE_AXLE_1,1
11.31,RUN_014_WHEEL_FLAT,TRAIN001,0.044941306747987415,-0.05977716711078469,0.919297724090508,28.212321470140086,26.95578088067856,23.5758319646037,115.7939006253659,4.985548142313572,0.29591880361509526,1.475317441638893,1.6260318035847359,ZONE_01,WHEEL_FLAT,FRONT_BOGIE_AXLE_1,1
11.32,RUN_014_WHEEL_FLAT,TRAIN001,0.020304042568165342,0.02295527798892047,0.9449586199493774,28.290811172906103,26.70474235014693,23.46995212813495,114.98425630420047,4.946218433632089,0.2972766115144074,1.4703950557602472,1.6264017447708128,ZONE_01,WHEEL_FLAT,FRONT_BOGIE_AXLE_1,1
11.33,RUN_014_WHEEL_FLAT,TRAIN001,0.04195166132778,-0.023309631458862737,0.8376924273337373,28.160178808984977,26.757403820948895,23.511878519651386,114.24326338594267,4.998366324685668,0.3260583753814789,1.6297592033885029,1.5965924743737392,ZONE_01,WHEEL_FLAT,FRONT_BOGIE_AXLE_1,1
11.34,RUN_014_WHEEL_FLAT,TRAIN001,0.003111314885044448,0.022293094708946457,0.9043219889257414,28.3415991145954,26.97869486751458,23.469331360812024,114.92578697299726,4.981590122033768,0.3119780444971606,1.5541467447584665,1.5886755548916178,ZONE_01,WHEEL_FLAT,FRONT_BOGIE_AXLE_1,1
11.35,RUN_014_WHEEL_FLAT,TRAIN001,0.08309243796897557,-0.05965692531927127,0.9403785326255764,28.29945868221617,26.821814312501765,23.46872415294573,114.21856607753074,5.0097779666586035,0.33368048835921316,1.6716651584858686,1.5990806513870361,ZONE_01,WHEEL_FLAT,FRONT_BOGIE_AXLE_1,1
11.36,RUN_014_WHEEL_FLAT,TRAIN001,0.03524281930690378,0.035784636087824756,1.0401722125997348,28.31567995615751,26.625584378557516,23.52137633900735,115.84076773800322,4.960183581564057,0.3147950623839697,1.5614412999943996,1.6085255107406906,ZONE_01,WHEEL_FLAT,FRONT_BOGIE_AXLE_1,1
11.370000000000001,RUN_014_WHEEL_FLAT,TRAIN001,-0.06766662368120152,0.06331818379796794,1.0466238146887255,28.202789423019787,26.88545067952811,23.425814203212493,115.57601537191248,5.03488071788075,0.31299436712443574,1.5758893038401098,1.6107776099303328,ZONE_01,WHEEL_FLAT,FRONT_BOGIE_AXLE_1,1
11.38,RUN_014_WHEEL_FLAT,TRAIN001,-0.027456884571838494,-0.08617366651632873,0.9004329163513941,28.232250294819444,26.70721188324414,23.526012634400114,113.6582716791536,4.9997523511948465,0.30976891773148246,1.5487678747550624,1.580016148096752,ZONE_01,WHEEL_FLAT,FRONT_BOGIE_AXLE_1,1
11.39,RUN_014_WHEEL_FLAT,TRAIN001,0.015750461466461613,-0.027077020621833713,1.1328067094696863,28.146563457314244,26.637240600094348,23.480609137234804,114.2976538893861,5.015678582277806,0.35036112735818914,1.757298802553176,1.6377196164761318,ZONE_01,WHEEL_FLAT,FRONT_BOGIE_AXLE_1,1
11.4,RUN_014_WHEEL_FLAT,TRAIN001,-0.10108316935126682,-0.008825011161162442,1.0443547642278765,28.333691557684173,26.89876610252064,23.482645132227052,115.01948312772836,5.039471866424101,0.3430029842061483,1.7285538890063945,1.5531621487488183,ZONE_01,WHEEL_FLAT,FRONT_BOGIE_AXLE_1,1
11.41,RUN_014_WHEEL_FLAT,TRAIN001,0.07915790815182304,-0.14450359594899495,1.0839956910130422,28.24083962562501,26.903564014152675,23.51821631039273,115.64320992968815,5.032165782755707,0.3206686266601863,1.613657690682654,1.6024154097055614,ZONE_01,WHEEL_FLAT,FRONT_BOGIE_AXLE_1,1
11.42,RUN_014_WHEEL_FLAT,TRAIN001,-0.06250338499273389,-0.0912668015795694,1.1126007641760554,28.164920337377012,26.724076854349992,23.542296047699917,114.17562038327016,4.993860576053896,0.3484909271924021,1.7403151024186054,1.6306357267572473,ZONE_01,WHEEL_FLAT,FRONT_BOGIE_AXLE_1,1
11.43,RUN_014_WHEEL_FLAT,TRAIN001,0.16484554492056833,-0.06980587171284343,0.8741302868890728,28.255976016206173,26.82917662655038,23.4769600265775,114.45990939657375,4.989835346270543,0.3114035628156671,1.5538525046921952,1.6314921535435187,ZONE_01,WHEEL_FLAT,FRONT_BOGIE_AXLE_1,1
11.44,RUN_014_WHEEL_FLAT,TRAIN001,0.026057450559815582,0.026171519177454517,1.0692287419820905,28.23208230942078,26.84060914125446,23.537986611709936,114.71014184983665,4.942534064878589,0.3190654742338764,1.5769919753275756,1.6189004365777033,ZONE_01,WHEEL_FLAT,FRONT_BOGIE_AXLE_1,1
11.450000000000001,RUN_014_WHEEL_FLAT,TRAIN001,0.0138997945108941,0.16747968504653368,1.0552647045898866,28.241847103876427,26.750967947432287,23.532075644362095,113.3782874417293,5.00142718011152,0.3477130643273114,1.7390615708064807,1.6323956013311385,ZONE_01,WHEEL_FLAT,FRONT_BOGIE_AXLE_1,1
11.46,RUN_014_WHEEL_FLAT,TRAIN001,0.07512633315987541,-0.06922053730273503,0.9797295372692704,28.27117728648982,26.703064303350278,23.55367389095395,115.13890852314417,5.054667857984541,0.3029536342957955,1.531329997734561,1.5985892338095284,ZONE_01,WHEEL_FLAT,FRONT_BOGIE_AXLE_1,1
11.47,RUN_014_WHEEL_FLAT,TRAIN001,-0.05030836821766214,0.013688462789156499,0.8854428932876712,28.174073941315182,26.71832759818274,23.444473284962772,113.020656864061,5.092224202210409,0.320124024652272,1.6301433060433013,1.6269207658804854,ZONE_01,WHEEL_FLAT,FRONT_BOGIE_AXLE_1,1
11.48,RUN_014_WHEEL_FLAT,TRAIN001,0.03952454744022076,0.015857409821952297,1.0501600491914451,28.40724754083719,26.88357893991804,23.50490982841261,116.19405790134176,5.00953033553065,0.3153773000818164,1.5798921518976123,1.6026963905748346,ZONE_01,WHEEL_FLAT,FRONT_BOGIE_AXLE_1,1
11.49,RUN_014_WHEEL_FLAT,TRAIN001,-0.06901750469977172,0.06300394642508352,1.1129880191344148,28.19641092774033,27.035511801867525,23.406807410100367,115.43755204637063,4.983131505028534,0.3275300663611868,1.6321253925285164,1.5676898244539974,ZONE_01,WHEEL_FLAT,FRONT_BOGIE_AXLE_1,1
11.5,RUN_014_WHEEL_FLAT,TRAIN001,0.2304845061042133,0.16712887600400717,1.873895267945011,28.30332505876963,26.93660251416385,23.469534074089964,115.11609023704,5.0315872311722485,0.3197763635237509,1.6089826675368002,1.7201471689780883,ZONE_01,WHEEL_FLAT,FRONT_BOGIE_AXLE_1,1
11.51,RUN_014_WHEEL_FLAT,TRAIN001,-0.17016575005442672,0.17567611698541494,1.2981536746619227,28.23854443453292,26.714756762273883,23.455176116112696,116.53435627832854,4.995472601907461,0.3416841317500199,1.7068737186637635,1.734507486335683,ZONE_01,WHEEL_FLAT,FRONT_BOGIE_AXLE_1,1
11.52,RUN_014_WHEEL_FLAT,TRAIN001,-0.03187991356439379,-0.144759599308854,1.229419580196993,28.407026285775995,26.592353613067605,23.515404466230777,116.16610724626682,5.010217016800127,0.33235253231478434,1.6651583129801468,1.5838716982105383,ZONE_01,WHEEL_FLAT,FRONT_BOGIE_AXLE_1,1
11.53,RUN_014_WHEEL_FLAT,TRAIN001,-0.009285654493912181,0.039154713898345135,1.1332182766443877,28.298547671179293,26.73360620758303,23.50988510058983,115.0890647912481,4.9678158000094275,0.33336080396233314,1.656075069027924,1.5877423473445391,ZONE_01,WHEEL_FLAT,FRONT_BOGIE_AXLE_1,1
11.540000000000001,RUN_014_WHEEL_FLAT,TRAIN001,0.004995162673766182,0.007431855615016749,0.8926870865964782,28.249370563827064,26.79760915071363,23.528060540742963,115.81182216896599,4.988546182099747,0.330532467566534,1.6488764791390416,1.6107328355693449,ZONE_01,WHEEL_FLAT,FRONT_BOGIE_AXLE_1,1
11.55,RUN_014_WHEEL_FLAT,TRAIN001,0.09238567635251846,-0.13130101603717623,0.9670460755105558,28.266023992138,26.71769778551628,23.583787738679767,114.39829806986037,5.0523435976064075,0.3172072697736938,1.6026401185553303,1.5689557679619077,ZONE_01,WHEEL_FLAT,FRONT_BOGIE_AXLE_1,1
11.56,RUN_014_WHEEL_FLAT,TRAIN001,0.11655768244841969,0.05930315345586599,0.8725763933278619,28.361930395271163,26.709578598697497,23.543139788554655,114.13984848654358,5.036678714036009,0.3076276531682968,1.5494216525616127,1.6471156608957154,ZONE_01,WHEEL_FLAT,FRONT_BOGIE_AXLE_1,1
11.57,RUN_014_WHEEL_FLAT,TRAIN001,0.16921488525041037,0.028675008811966832,0.9434880762466216,28.50813552691255,26.753140246428,23.48780565431388,117.66449782328252,5.069800670575047,0.33794513966126155,1.7133144956722417,1.586994849016865,ZONE_01,WHEEL_FLAT,FRONT_BOGIE_AXLE_1,1
11.58,RUN_014_WHEEL_FLAT,TRAIN001,0.033030112361665025,-0.03182074320985218,0.9919414139475052,28.21199730617852,26.85138041543896,23.45947178191001,114.5751305106176,5.031763023136739,0.29244540739057157,1.4715159871940378,1.5870052386773712,ZONE_01,WHEEL_FLAT,FRONT_BOGIE_AXLE_1,1
11.59,RUN_014_WHEEL_FLAT,TRAIN001,-0.11832447343169979,-0.038305101016557944,0.8903311431581005,28.320987355070486,26.825887962814146,23.455867384867425,116.37583859713492,5.001550694060633,0.35175023397617894,1.7592966268795478,1.5620151153593953,ZONE_01,WHEEL_FLAT,FRONT_BOGIE_AXLE_1,1
11.6,RUN_014_WHEEL_FLAT,TRAIN001,-0.08984826919968919,-0.10150811218426481,1.0303965900733019,28.21709750675675,26.816795653960966,23.583406372091606,115.98361788986355,4.967759329783288,0.3264982468868956,1.621964712130263,1.5951873846144407,ZONE_01,WHEEL_FLAT,FRONT_BOGIE_AXLE_1,1
11.61,RUN_014_WHEEL_FLAT,TRAIN001,-0.043791662186805615,-0.11209769193721839,1.0064182791827265,28.551252481433227,26.809356209203237,23.490019905840555,115.04388071584656,4.9824515637673175,0.3194673572598395,1.5917306337518995,1.646856171798566,ZONE_01,WHEEL_FLAT,FRONT_BOGIE_AXLE_1,1
11.620000000000001,RUN_014_WHEEL_FLAT,TRAIN001,-0.019164368664455107,0.031051750340427467,1.071113051741443,28.328709790171747,26.734538634565823,23.479316578246742,113.74979887731047,5.024271212576438,0.3136331509819074,1.5757780117880371,1.6170584882765817,ZONE_01,WHEEL_FLAT,FRONT_BOGIE_AXLE_1,1
11.63,RUN_014_WHEEL_FLAT,TRAIN001,0.017495216749196744,-0.022766510972752094,1.0003900333331455,28.21722763248273,26.935986504992808,23.48580177787976,115.36328715595958,5.048148966647972,0.31646446949005025,1.5975597846369958,1.5704798926563535,ZONE_01,WHEEL_FLAT,FRONT_BOGIE_AXLE_1,1
11.64,RUN_014_WHEEL_FLAT,TRAIN001,0.06642902671033246,-0.025197312148848364,0.9435994546424029,28.483015834707032,26.922842823785178,23.50405986384687,111.95041016569775,5.047365783728583,0.36820569905228495,1.858468846770367,1.6483815645802558,ZONE_01,WHEEL_FLAT,FRONT_BOGIE_AXLE_1,1
11.65,RUN_014_WHEEL_FLAT,TRAIN001,-0.04372947057890039,-0.025581356082616545,1.086345511544831,28.41236570642623,26.96787809492595,23.43016401762414,117.08130355640981,4.95271173160644,0.3316069376847302,1.642353570553249,1.6093439172363682,ZONE_01,WHEEL_FLAT,FRONT_BOGIE_AXLE_1,1
11.66,RUN_014_WHEEL_FLAT,TRAIN001,-0.02707334121973546,0.07323383698752578,0.9847246483571334,28.50982598226075,27.05427466444639,23.49197554526528,114.43564626817749,5.0198638642546936,0.34188003412909107,1.7161912292347856,1.6106652653719042,ZONE_01,WHEEL_FLAT,FRONT_BOGIE_AXLE_1,1
11.67,RUN_014_WHEEL_FLAT,TRAIN001,0.05973126559251765,-0.021715796819648185,1.0183913005099317,28.18328126945208,26.751907777723048,23.43258167188788,114.53332317302835,5.0082686535879395,0.34759675163520687,1.740857915303599,1.5681867921949828,ZONE_01,WHEEL_FLAT,FRONT_BOGIE_AXLE_1,1
11.68,RUN_014_WHEEL_FLAT,TRAIN001,0.10404788777565697,-0.013975276493509946,0.9822133427866897,28.34865275271212,27.018515465806807,23.54034504073893,113.38149770097722,4.991593716209493,0.3207041633440965,1.6008248865106152,1.5310490320041739,ZONE_01,WHEEL_FLAT,FRONT_BOGIE_AXLE_1,1
11.69,RUN_014_WHEEL_FLAT,TRAIN001,-0.03458155624134044,0.012355693477245973,0.8540518662568661,28.508904929578105,26.963455396469072,23.434776636129452,115.35553510220996,4.987586694460935,0.3205662940885178,1.5988521830885425,1.5386708053122018,ZONE_01,WHEEL_FLAT,FRONT_BOGIE_AXLE_1,1
11.700000000000001,RUN_014_WHEEL_FLAT,TRAIN001,-0.040290708784839424,-0.05105744510811963,0.9113768012187637,28.42094673336546,26.877192002398008,23.492547436027166,113.89915197167372,4.982502357801879,0.3411268800869157,1.6996654843426564,1.6181632526261014,ZONE_01,WHEEL_FLAT,FRONT_BOGIE_AXLE_1,1
11.71,RUN_014_WHEEL_FLAT,TRAIN001,-0.031687133261718785,-4.2268174579504664e-05,1.065922968567611,28.386833676720713,26.97006414857384,23.51612216812601,114.9702007662476,5.0399012577568225,0.32082583743662,1.616930541617707,1.5649127772841356,ZONE_01,WHEEL_FLAT,FRONT_BOGIE_AXLE_1,1
11.72,RUN_014_WHEEL_FLAT,TRAIN001,0.012844041093900442,-0.045272020387701103,1.0062850777046384,28.193364672455182,26.882766381408135,23.475882354609894,114.14497977720231,5.025856145999285,0.33410220342500874,1.6791496124754834,1.6170391913417783,ZONE_01,WHEEL_FLAT,FRONT_BOGIE_AXLE_1,1
11.73,RUN_014_WHEEL_FLAT,TRAIN001,-0.029216442948764285,-0.15860441831590225,1.0923822011810167,28.44450890229242,26.8385635793566,23.473883063794162,116.19373902902916,4.955398661695844,0.3577635673040175,1.772861102621859,1.6151331674440863,ZONE_01,WHEEL_FLAT,FRONT_BOGIE_AXLE_1,1
11.74,RUN_014_WHEEL_FLAT,TRAIN001,0.024618504652474792,0.08345058514344257,0.9556610689257318,28.36133957884404,26.918952651524904,23.54368521792776,113.32419702807074,5.02085165936621,0.3127275764931223,1.5701587713650664,1.5790235069909535,ZONE_01,WHEEL_FLAT,FRONT_BOGIE_AXLE_1,1
11.75,RUN_014_WHEEL_FLAT,TRAIN001,-0.0032192504041394557,0.08663757264259397,1.0939853968084663,28.432351171008502,26.863624554134216,23.431222698714883,114.80142853247045,5.036825774384506,0.35763462758463843,1.801343310030711,1.599723041368829,ZONE_01,WHEEL_FLAT,FRONT_BOGIE_AXLE_1,1
11.76,RUN_014_WHEEL_FLAT,TRAIN001,0.0024047898384090406,0.04320739399843931,1.0808118316501785,28.192373886646344,26.987198353866496,23.47734795061855,116.84448412535856,5.01841506295431,0.3468535927934499,1.7406552947144696,1.6218000956571224,ZONE_01,WHEEL_FLAT,FRONT_BOGIE_AXLE_1,1
11.77,RUN_014_WHEEL_FLAT,TRAIN001,-0.08193223775708329,-0.07072491791823948,0.8745841430656809,28.333949603211305,26.911543263726426,23.491704882167912,117.69352150476507,4.991973159996714,0.34897555457114143,1.7420766019141067,1.5664221677022683,ZONE_01,WHEEL_FLAT,FRONT_BOGIE_AXLE_1,1
11.78,RUN_014_WHEEL_FLAT,TRAIN001,0.007440097854566887,-0.01615746167701719,0.8940071334049418,28.415263062518463,26.710794143430224,23.565067623166193,114.68269431073684,5.035269912416127,0.3294450213077718,1.6588446035863134,1.6028131227219446,ZONE_01,WHEEL_FLAT,FRONT_BOGIE_AXLE_1,1
11.790000000000001,RUN_014_WHEEL_FLAT,TRAIN001,-0.0071361398745893685,-0.07466685971005801,1.0683404579131985,28.32464263837248,26.94859921065801,23.525948862989264,115.69961098493674,5.002087540775813,0.31969237020598623,1.5991292218884525,1.6204686451729484,ZONE_01,WHEEL_FLAT,FRONT_BOGIE_AXLE_1,1
11.8,RUN_014_WHEEL_FLAT,TRAIN001,-0.03829923083876411,-0.04475067815177415,1.1773690500118186,28.431582086826392,26.924473574175373,23.467365337536418,115.77740259274894,5.008911725509249,0.3324816040921823,1.6653710052534556,1.6027416072656029,ZONE_01,WHEEL_FLAT,FRONT_BOGIE_AXLE_1,1
11.81,RUN_014_WHEEL_FLAT,TRAIN001,-0.07327184977021338,0.028636298864727416,1.0403178490490734,28.373105548597636,26.94412907694171,23.510282198377354,114.99553531616407,4.990601893300595,0.3419567576168582,1.706570041989625,1.6181669643382786,ZONE_01,WHEEL_FLAT,FRONT_BOGIE_AXLE_1,1
11.82,RUN_014_WHEEL_FLAT,TRAIN001,0.025202858010114182,0.019294677085036595,1.048415667640577,28.294478350415673,26.661866309813828,23.524696958108713,116.4188303930109,4.995947294716317,0.3251517282249192,1.6244408969976205,1.6140739044512473,ZONE_01,WHEEL_FLAT,FRONT_BOGIE_AXLE_1,1
11.83,RUN_014_WHEEL_FLAT,TRAIN001,-0.016664066145961706,0.012951311455850663,1.057242387962962,28.10036810413579,26.964530436849202,23.510657683583545,115.07975362957188,5.0404392132440385,0.31795189861898054,1.6026172177245026,1.6056354225945326,ZONE_01,WHEEL_FLAT,FRONT_BOGIE_AXLE_1,1
11.84,RUN_014_WHEEL_FLAT,TRAIN001,0.02602396694968852,0.13172062922095357,0.9754882658826068,28.424343879917483,26.864656059034132,23.51500988965875,114.63036589997957,4.998464989926314,0.3382905983995912,1.690933712521579,1.6357905794176852,ZONE_01,WHEEL_FLAT,FRONT_BOGIE_AXLE_1,1
11.85,RUN_014_WHEEL_FLAT,TRAIN001,0.09812331787725187,-0.03193968763508805,0.9036385932826967,28.17723695237364,27.015352902727084,23.469342565080897,116.0805159701756,4.971976077144801,0.34670299672049376,1.7237990055687076,1.6353857552226754,ZONE_01,WHEEL_FLAT,FRONT_BOGIE_AXLE_1,1
11.86,RUN_014_WHEEL_FLAT,TRAIN001,-0.07030233536715501,0.04919742636553067,0.9433505331529837,28.407454284476792,26.79202842071678,23.493723327609633,115.93896571132582,4.9727004578083145,0.3097509479255508,1.5402986805559458,1.586053660265338,ZONE_01,WHEEL_FLAT,FRONT_BOGIE_AXLE_1,1
11.870000000000001,RUN_014_WHEEL_FLAT,TRAIN001,0.002900965567403076,0.058451474123164884,0.9316943019381341,28.390727003894177,26.708106365323715,23.567695320657446,116.48142640398531,4.988543278509254,0.31254615270827446,1.5591500093167894,1.6103741098776678,ZONE_01,WHEEL_FLAT,FRONT_BOGIE_AXLE_1,1
11.88,RUN_014_WHEEL_FLAT,TRAIN001,-0.005042473418456057,0.06715114674571315,0.985379552745741,28.40445201999148,26.986956461746423,23.539913300506996,115.01974306949124,5.021682874404093,0.33416941383763415,1.6780928226181018,1.578362079792638,ZONE_01,WHEEL_FLAT,FRONT_BOGIE_AXLE_1,1
11.89,RUN_014_WHEEL_FLAT,TRAIN001,0.10262450280480075,0.059359197597099046,0.9142773882175903,28.371977863500742,26.88415475462007,23.52373286700992,115.1408669786268,4.996619068430618,0.3468983885390245,1.7333191029819432,1.6137716925873267,ZONE_01,WHEEL_FLAT,FRONT_BOGIE_AXLE_1,1
11.9,RUN_014_WHEEL_FLAT,TRAIN001,0.009282911533303925,-0.03979149921301841,0.9098714314552456,28.341295897123832,26.766155778076985,23.519002968224846,114.41363814211195,5.023800160574284,0.3526487661788285,1.7716369281555218,1.567270406571863,ZONE_01,WHEEL_FLAT,FRONT_BOGIE_AXLE_1,1
11.91,RUN_014_WHEEL_FLAT,TRAIN001,-0.05137243484805871,-0.006151407628140535,1.1216767989808154,28.39410218445194,26.881651301423425,23.493980400696536,116.01547616027909,5.004629325683913,0.33273488960987163,1.665214786219763,1.6004908995513163,ZONE_01,WHEEL_FLAT,FRONT_BOGIE_AXLE_1,1
11.92,RUN_014_WHEEL_FLAT,TRAIN001,-0.03753883936652886,-0.041227816911483396,1.0464951397899878,28.44961962184624,26.788143335221076,23.523169635393955,116.28191750960772,5.006113169641362,0.34737760503773696,1.7390116034178906,1.570112651722742,ZONE_01,WHEEL_FLAT,FRONT_BOGIE_AXLE_1,1
11.93,RUN_014_WHEEL_FLAT,TRAIN001,0.07539040471189605,0.029097125435641594,0.9961611464831036,28.370402650102722,27.044303222445087,23.512564397284336,115.09185830775145,5.030124761491411,0.32024250947268434,1.6108597765806973,1.6245793508811852,ZONE_01,WHEEL_FLAT,FRONT_BOGIE_AXLE_1,1
11.94,RUN_014_WHEEL_FLAT,TRAIN001,0.15450564026866373,-0.04552170125335913,1.2229372969118644,28.337243365170117,26.920480528772334,23.470106588255813,114.42417313355506,5.000834487566612,0.3815662596300986,1.9081497104499932,1.618302044555123,ZONE_01,WHEEL_FLAT,FRONT_BOGIE_AXLE_1,1
11.950000000000001,RUN_014_WHEEL_FLAT,TRAIN001,0.030105059884507512,-0.0154221296670838,1.044823813123279,28.419978398120186,26.854335918848406,23.53574702655374,114.92104058989766,5.012725998908194,0.3492824229199992,1.7508570823327274,1.583506760217836,ZONE_01,WHEEL_FLAT,FRONT_BOGIE_AXLE_1,1
11.96,RUN_014_WHEEL_FLAT,TRAIN001,0.03291275997078008,-0.13883485388523678,0.9656812772044371,28.4093327818897,26.712452291771577,23.56360935547815,116.07479289889817,5.020303767727423,0.3303024995604393,1.6582188830330589,1.6051634466808744,ZONE_01,WHEEL_FLAT,FRONT_BOGIE_AXLE_1,1
11.97,RUN_014_WHEEL_FLAT,TRAIN001,0.05870142765035513,0.06280265053494968,0.9906833615852078,28.5084095161564,26.707467982465047,23.513392806538956,114.96746702333427,4.989778990431706,0.3465126528860281,1.7290215552894574,1.6130771711597696,ZONE_01,WHEEL_FLAT,FRONT_BOGIE_AXLE_1,1
11.98,RUN_014_WHEEL_FLAT,TRAIN001,0.06370281704115975,-0.05291538229206271,0.8642695524703626,28.395958353100497,26.73235117659335,23.503575498283958,116.56876580705503,5.015298433010007,0.3314002836511922,1.662071323294896,1.5895404452811785,ZONE_01,WHEEL_FLAT,FRONT_BOGIE_AXLE_1,1
11.99,RUN_014_WHEEL_FLAT,TRAIN001,-0.04293367112468571,-0.10742754427977774,0.9273707111697957,28.567738713375192,26.93654171780382,23.47366123492304,115.3323948945296,4.95928718665564,0.33028935578332136,1.6379997700249715,1.6331655998088808,ZONE_01,WHEEL_FLAT,FRONT_BOGIE_AXLE_1,1
12.0,RUN_014_WHEEL_FLAT,TRAIN001,-0.03274063348013162,-0.09547952933591304,1.0696473553412071,28.39580599823765,26.86869727509554,23.60309157301678,115.1010498553721,5.034458523021708,0.33616792149123254,1.692423457518028,1.578663010196485,ZONE_01,WHEEL_FLAT,FRONT_BOGIE_AXLE_1,1
12.01,RUN_014_WHEEL_FLAT,TRAIN001,0.03186486303846195,-0.011518950914898596,1.3036726765918791,28.477913279625557,26.852953100489653,23.46111971371477,114.23841580707537,5.022904230412872,0.3221994527909174,1.6183769944602115,1.6192435213575955,ZONE_01,WHEEL_FLAT,FRONT_BOGIE_AXLE_1,1
12.02,RUN_014_WHEEL_FLAT,TRAIN001,0.2260599516666421,0.20862909714200883,1.4843310505689349,28.494493780465596,26.784107758865083,23.527621517584834,115.61309016248991,4.992944954639456,0.3434060521308245,1.7146075153792542,1.7090943217256997,ZONE_01,WHEEL_FLAT,FRONT_BOGIE_AXLE_1,1
12.030000000000001,RUN_014_WHEEL_FLAT,TRAIN001,0.16580115220702588,0.13614030157409054,1.750858764945042,28.37415316306465,26.845817522330766,23.461173012754436,115.09402675670681,5.015922301659244,0.3710062978821871,1.860938763603295,1.7689799930889112,ZONE_01,WHEEL_FLAT,FRONT_BOGIE_AXLE_1,1
12.040000000000001,RUN_014_WHEEL_FLAT,TRAIN001,-0.009147833134915373,0.05123055730239791,1.138828672836255,28.516336383352826,26.874305543168667,23.427751137206197,113.56007817110232,4.974360966064022,0.3162012631285426,1.572899220726761,1.5863021034249722,ZONE_01,WHEEL_FLAT,FRONT_BOGIE_AXLE_1,1
12.05,RUN_014_WHEEL_FLAT,TRAIN001,-0.008458939341207275,0.03895296412226419,1.0513680958286622,28.30390057609214,26.892225515492502,23.447179729083153,115.02961795882011,5.021502559016603,0.3487952935290992,1.7514764590293188,1.5951237633865138,ZONE_01,WHEEL_FLAT,FRONT_BOGIE_AXLE_1,1
12.06,RUN_014_WHEEL_FLAT,TRAIN001,0.09452717965526371,0.06036295797066309,1.001279092358887,28.50734746884398,26.88130773331783,23.509422914672438,113.92503204994237,4.9793331334160715,0.29906827144760884,1.4891605531725502,1.558163130252041,ZONE_01,WHEEL_FLAT,FRONT_BOGIE_AXLE_1,1
12.07,RUN_014_WHEEL_FLAT,TRAIN001,0.040646352398068485,0.027395305943447974,1.1150940385468464,28.52712314730641,27.02179533348143,23.446195793766165,116.16580932050852,4.980674973205485,0.31137236609115426,1.550844551137988,1.593497855175658,ZONE_01,WHEEL_FLAT,FRONT_BOGIE_AXLE_1,1
12.08,RUN_014_WHEEL_FLAT,TRAIN001,-0.008171225187132146,-0.012821981273121933,0.9381570072865717,28.496527309181932,26.95693500208249,23.475490736247814,115.63075091253684,4.996718336270085,0.3253348092534138,1.6256064068234632,1.5771313345943763,ZONE_01,WHEEL_FLAT,FRONT_BOGIE_AXLE_1,1
12.09,RUN_014_WHEEL_FLAT,TRAIN001,0.009938260010707661,-0.026873063587610525,0.943237445023838,28.52453335744341,26.851462228936594,23.54806310779273,114.2213753880929,4.988648827574522,0.3422610847128509,1.7074203589771477,1.6163884312304455,ZONE_01,WHEEL_FLAT,FRONT_BOGIE_AXLE_1,1
12.1,RUN_014_WHEEL_FLAT,TRAIN001,-0.020287807171371325,0.024569672083412167,1.0364702994330068,28.39574822597979,26.877110492551274,23.483573316677717,114.61489177498302,5.001677773160072,0.34586103448959626,1.7298854488087627,1.5922883538786707,ZONE_01,WHEEL_FLAT,FRONT_BOGIE_AXLE_1,1
12.11,RUN_014_WHEEL_FLAT,TRAIN001,0.09573367514466419,-0.010544097994748229,0.9263275229701313,28.63101583262158,26.898625845223005,23.513401521093858,115.18322906662002,5.024338289308211,0.33467604935763784,1.6815256893019845,1.5688440779783672,ZONE_01,WHEEL_FLAT,FRONT_BOGIE_AXLE_1,1
12.120000000000001,RUN_014_WHEEL_FLAT,TRAIN001,-0.02206325256022739,-0.12963797615927436,0.9456559053825705,28.477217806466335,27.04060674792777,23.437197312620196,114.28991156025499,5.012899669508543,0.31361270438460126,1.5721090221632479,1.5854889190849875,ZONE_01,WHEEL_FLAT,FRONT_BOGIE_AXLE_1,1
12.13,RUN_014_WHEEL_FLAT,TRAIN001,0.02229119021911584,-0.03713521401862875,1.0866921061889319,28.534260568235283,26.91167650111383,23.562816878571116,115.49042799285779,5.044682277172753,0.3319000990376201,1.6743305474069636,1.646436216548241,ZONE_01,WHEEL_FLAT,FRONT_BOGIE_AXLE_1,1
12.14,RUN_014_WHEEL_FLAT,TRAIN001,-0.06573123720192317,0.05688571318038928,0.8135927752168535,28.397523606578147,26.858298303584768,23.558482546776307,117.43970962732982,5.008199496661345,0.3490265798872586,1.7479947417127992,1.6326330950250738,ZONE_01,WHEEL_FLAT,FRONT_BOGIE_AXLE_1,1
12.15,RUN_014_WHEEL_FLAT,TRAIN001,-0.004608663079934023,-9.897637378704261e-06,0.9719188816724623,28.44810170400194,26.99843847882239,23.548942937170157,116.01032705907338,4.978672277846035,0.3007463660750895,1.4973175954409832,1.5971218706046582,ZONE_01,WHEEL_FLAT,FRONT_BOGIE_AXLE_1,1
12.16,RUN_014_WHEEL_FLAT,TRAIN001,-0.0761905754537406,-0.035813391148160255,0.9153190452415687,28.48196514889499,26.865293893952135,23.434781059263685,115.10345050743668,5.0359184913477675,0.350120906895262,1.7631803492412998,1.57270337145024,ZONE_01,WHEEL_FLAT,FRONT_BOGIE_AXLE_1,1
12.17,RUN_014_WHEEL_FLAT,TRAIN001,-0.002819648856057884,-0.08396727266149487,1.0641498164168046,28.446908096634452,26.927501997788408,23.50263992925172,115.70341008851071,4.990084233356429,0.31507560292360076,1.5722537984643308,1.6135493233144749,ZONE_01,WHEEL_FLAT,FRONT_BOGIE_AXLE_1,1
12.18,RUN_014_WHEEL_FLAT,TRAIN001,0.0886546994166018,-0.12567810300862578,1.0742307948594139,28.415309220722413,26.798383036977057,23.523299068040753,115.42682427561249,4.981103679133996,0.38412999957861826,1.913391354166796,1.5839370753557582,ZONE_01,WHEEL_FLAT,FRONT_BOGIE_AXLE_1,1
12.19,RUN_014_WHEEL_FLAT,TRAIN001,-0.10046245128912015,-0.003655079162506435,0.8640808523614516,28.556296294617084,26.910539477520874,23.514560214400444,113.9190351869406,4.943530013477755,0.34959911076965183,1.728253696774908,1.588546669572418,ZONE_01,WHEEL_FLAT,FRONT_BOGIE_AXLE_1,1
12.200000000000001,RUN_014_WHEEL_FLAT,TRAIN001,0.15454756012538282,-0.0010384920783512847,1.1495078752404733,28.547970187692187,26.896482648337592,23.384358249923558,114.57161312467699,5.017572889788527,0.356362062562732,1.7880726240638871,1.6075053041078131,ZONE_01,WHEEL_FLAT,FRONT_BOGIE_AXLE_1,1
12.21,RUN_014_WHEEL_FLAT,TRAIN001,-0.1594606588911842,0.03823640067872252,0.9722158751508626,28.53971283292633,26.87684252417504,23.590466702907616,115.6963167899609,4.962654207235962,0.3344878890165416,1.6599477296974157,1.5718661960666067,ZONE_01,WHEEL_FLAT,FRONT_BOGIE_AXLE_1,1
12.22,RUN_014_WHEEL_FLAT,TRAIN001,0.1020922473852278,-0.04906376833987224,1.0934891893163345,28.38983472721526,26.962913724667338,23.54494163361826,115.01289436036916,4.99952940691972,0.3530098808351052,1.7648832801683345,1.5878355842664003,ZONE_01,WHEEL_FLAT,FRONT_BOGIE_AXLE_1,1
12.23,RUN_014_WHEEL_FLAT,TRAIN001,0.053262187100938295,0.013951343786761744,1.101891545580228,28.504659614047267,26.92140186071682,23.48677890554158,114.42644331772384,5.041626173320227,0.3230888186503251,1.6288930444145913,1.5983503073664727,ZONE_01,WHEEL_FLAT,FRONT_BOGIE_AXLE_1,1
12.24,RUN_014_WHEEL_FLAT,TRAIN001,-0.05706946060797225,0.0373569814705344,1.0013871592593724,28.583052635929107,26.783558138820773,23.551453267781696,113.63033232315067,5.037087241477591,0.3426133476619664,1.7257733222680172,1.55864231770802,ZONE_01,WHEEL_FLAT,FRONT_BOGIE_AXLE_1,1
12.25,RUN_014_WHEEL_FLAT,TRAIN001,-0.020830499820922062,-0.10877214343814019,1.2072074117216944,28.46864031369689,26.979866860627272,23.50711509588151,116.91225483952945,5.006490493202034,0.3260570799281749,1.6324016709016234,1.5882666785546773,ZONE_01,WHEEL_FLAT,FRONT_BOGIE_AXLE_1,1
12.26,RUN_014_WHEEL_FLAT,TRAIN001,0.11414754399510195,-0.05273445287867297,1.2130175688509854,28.403363285783392,26.995980753833674,23.546267261530538,114.99351346510599,5.010708248004575,0.3162208301440263,1.5844903217935264,1.5822398313207817,ZONE_01,WHEEL_FLAT,FRONT_BOGIE_AXLE_1,1
12.27,RUN_014_WHEEL_FLAT,TRAIN001,-0.026581471935217354,-0.06300664805103351,0.8647532920953476,28.228910010417515,26.859712009173414,23.48031777356102,115.83407024482615,4.974035183265068,0.3283927405721206,1.6334370455345657,1.606971460192467,ZONE_01,WHEEL_FLAT,FRONT_BOGIE_AXLE_1,1
12.280000000000001,RUN_014_WHEEL_FLAT,TRAIN001,-0.07398850278261344,0.08350469806895487,0.9059312177343716,28.316206734813917,27.054725941519873,23.499729236562295,116.2053775488945,5.051851421747012,0.3233775582132704,1.6336553772207871,1.6016541448935537,ZONE_01,WHEEL_FLAT,FRONT_BOGIE_AXLE_1,1
12.290000000000001,RUN_014_WHEEL_FLAT,TRAIN001,0.04010689329493527,0.02431240679109654,1.1450921838247863,28.41523042742811,26.947491877681607,23.46677925410477,113.78270575186104,5.001961950728751,0.3288351678259316,1.644820997526813,1.5894635630374352,ZONE_01,WHEEL_FLAT,FRONT_BOGIE_AXLE_1,1
12.3,RUN_014_WHEEL_FLAT,TRAIN001,0.11138884933083606,-0.043196461629260045,0.8569682651093627,28.55773847339819,26.926548911558317,23.54711937761967,114.23780491823604,4.950290575389464,0.3294634390621018,1.6309397573245235,1.641231785263055,ZONE_01,WHEEL_FLAT,FRONT_BOGIE_AXLE_1,1
12.31,RUN_014_WHEEL_FLAT,TRAIN001,0.01503956832030782,0.03717200659474977,1.054623197423263,28.43432228513276,26.87985918188004,23.51972400531827,115.63787238256008,4.9719547673227105,0.3599503867196367,1.789657041250351,1.6694361829863753,ZONE_01,WHEEL_FLAT,FRONT_BOGIE_AXLE_1,1
12.32,RUN_014_WHEEL_FLAT,TRAIN001,-0.08165691996658529,0.05520583369545555,1.0738287192306708,28.46563972715322,27.06901969721745,23.536625243991278,116.65710305633536,5.02074310072111,0.30996177768531086,1.556238456800775,1.610941830618788,ZONE_01,WHEEL_FLAT,FRONT_BOGIE_AXLE_1,1
12.33,RUN_014_WHEEL_FLAT,TRAIN001,-0.0501854217903791,-0.033288343972698864,0.9774005103019581,28.44311335620402,27.00378773565789,23.568698990727324,115.94665301257723,4.975948200665086,0.3643610137968658,1.813041530995021,1.5576663771015813,ZONE_01,WHEEL_FLAT,FRONT_BOGIE_AXLE_1,1
12.34,RUN_014_WHEEL_FLAT,TRAIN001,0.04034300930251941,0.01940979377894308,1.1105946269186062,28.651559603592972,26.94821054424428,23.46524361636822,116.14889807960971,4.9996897335406905,0.3161386213849854,1.580595019714219,1.6059074651997167,ZONE_01,WHEEL_FLAT,FRONT_BOGIE_AXLE_1,1
12.35,RUN_014_WHEEL_FLAT,TRAIN001,-0.005349794184182389,-0.07470140596376951,1.0700548375749097,28.47433002215837,26.92332336506682,23.4511325432521,115.87008418215949,5.021221335250788,0.33383760614829683,1.6762725105008776,1.6218499599131833,ZONE_01,WHEEL_FLAT,FRONT_BOGIE_AXLE_1,1
12.36,RUN_014_WHEEL_FLAT,TRAIN001,-0.03536055175609378,0.04542998074145598,1.056376598942507,28.503735024893366,27.160979561749564,23.539166828260278,116.95388349245556,5.036667487684995,0.30322468725394147,1.5272419237553778,1.588757121250746,ZONE_01,WHEEL_FLAT,FRONT_BOGIE_AXLE_1,1
12.370000000000001,RUN_014_WHEEL_FLAT,TRAIN001,0.002476179033583745,-0.013771187337744939,1.0737860671702886,28.52258260178089,27.046184909237375,23.525611657285268,115.64552888436816,4.999045080443429,0.330587617940964,1.652622405123288,1.5705755839503408,ZONE_01,WHEEL_FLAT,FRONT_BOGIE_AXLE_1,1
12.38,RUN_014_WHEEL_FLAT,TRAIN001,0.024978178423746382,0.04764429210465452,0.9161237476687424,28.541444938072555,26.96280319496307,23.42397785433957,114.86289219737357,5.004675055911354,0.3176123442782994,1.5895465768591344,1.6222971858308766,ZONE_01,WHEEL_FLAT,FRONT_BOGIE_AXLE_1,1
12.39,RUN_014_WHEEL_FLAT,TRAIN001,-0.0973421112254343,-0.01059621830772255,0.9617494967826862,28.663453265584575,26.94890600834275,23.5731907578899,114.645229448347,4.9846921809662215,0.3421434511115414,1.705479785524499,1.6006874656100367,ZONE_01,WHEEL_FLAT,FRONT_BOGIE_AXLE_1,1
12.4,RUN_014_WHEEL_FLAT,TRAIN001,-0.06034762360564188,-0.12780783299547616,0.8726514904589912,28.722737777077505,26.948491876241082,23.52403445319206,114.07911882447196,4.939898641678979,0.2891900584456522,1.4285695769027418,1.6080524628591732,ZONE_01,WHEEL_FLAT,FRONT_BOGIE_AXLE_1,1
12.41,RUN_014_WHEEL_FLAT,TRAIN001,0.06793215345632345,-0.025847410293153284,1.05790812628039,28.4857226482128,27.037728044974834,23.49383517634523,115.63356054779443,4.963947137698049,0.34886138505396036,1.7317294737919833,1.5939104871444216,ZONE_01,WHEEL_FLAT,FRONT_BOGIE_AXLE_1,1
12.42,RUN_014_WHEEL_FLAT,TRAIN001,-0.02908423548076339,-0.04031078458611694,1.004228301828872,28.617176474199614,26.86455263778288,23.493826387746388,115.01160508519438,5.005181961352222,0.39299709618642825,1.9670219766961148,1.6663694135590037,ZONE_01,WHEEL_FLAT,FRONT_BOGIE_AXLE_1,1
12.43,RUN_014_WHEEL_FLAT,TRAIN001,-0.08070810841535837,0.00823961992567468,0.938519901144758,28.654412579624733,26.98242442770814,23.397886771528405,113.27394708391309,5.006532934340717,0.333035246087803,1.667351927834851,1.6361661231371984,ZONE_01,WHEEL_FLAT,FRONT_BOGIE_AXLE_1,1
12.44,RUN_014_WHEEL_FLAT,TRAIN001,-0.06572418989506763,-0.007548168965256023,0.9282373843693121,28.716468044115604,26.926057762329172,23.549647649750693,113.32558422637375,4.995730744616526,0.34407716562646024,1.7189168748406198,1.6129551965657913,ZONE_01,WHEEL_FLAT,FRONT_BOGIE_AXLE_1,1
12.450000000000001,RUN_014_WHEEL_FLAT,TRAIN001,0.04839485362186172,-0.10031930569110314,0.9453804791356843,28.473079867015056,27.00847901579106,23.44319346807868,115.22185484229631,5.016920660453391,0.3597715731496061,1.8049454383780774,1.6030214468595763,ZONE_01,WHEEL_FLAT,FRONT_BOGIE_AXLE_1,1
12.46,RUN_014_WHEEL_FLAT,TRAIN001,0.031416035172223425,-0.07266828502049662,0.921411776852033,28.402034459703827,26.99210766394914,23.447186263779788,116.66888678844515,5.019078293267449,0.3122859272639878,1.5673875188235786,1.5933446915220162,ZONE_01,WHEEL_FLAT,FRONT_BOGIE_AXLE_1,1
12.47,RUN_014_WHEEL_FLAT,TRAIN001,0.10286328225147987,0.028202442788336526,1.0873383939932264,28.729355438053283,27.032540424199123,23.413850644546073,117.45800118118007,5.052742419983394,0.31954185672432867,1.6145626944312714,1.6278804707580186,ZONE_01,WHEEL_FLAT,FRONT_BOGIE_AXLE_1,1
12.48,RUN_014_WHEEL_FLAT,TRAIN001,0.07128906937108823,0.044708059304693265,1.1324677288041585,28.455180564351792,26.987267149992718,23.50411073400142,114.58310783139375,5.007260401555722,0.3398169060752559,1.7015517375698088,1.6076134285054233,ZONE_01,WHEEL_FLAT,FRONT_BOGIE_AXLE_1,1
12.49,RUN_014_WHEEL_FLAT,TRAIN001,0.04132991236044823,-0.009751644561132183,0.8276897154637899,28.660744002705535,27.01775851484087,23.388943397475458,116.33509029829158,4.985704615867519,0.3555658123341149,1.7727461117988805,1.562356416182577,ZONE_01,WHEEL_FLAT,FRONT_BOGIE_AXLE_1,1
12.5,RUN_014_WHEEL_FLAT,TRAIN001,0.08771432054573869,-0.042038744728508645,0.8607143797511578,28.691587286287124,27.08996352112825,23.49326430692077,114.97381131209012,5.047433313918389,0.31787947650905246,1.6044754595427293,1.5691642351269315,ZONE_01,WHEEL_FLAT,FRONT_BOGIE_AXLE_1,1
12.51,RUN_014_WHEEL_FLAT,TRAIN001,-0.02152404053359424,0.08618916787514788,1.231313417670692,28.798029886731722,27.07109994792892,23.48747142034553,112.89606988668666,4.943692469103688,0.28969661136875524,1.4321709559485731,1.622440552997015,ZONE_01,WHEEL_FLAT,FRONT_BOGIE_AXLE_1,1
12.52,RUN_014_WHEEL_FLAT,TRAIN001,0.03387004178149232,-0.05453743330391253,1.1991379538149753,28.66985258713179,26.92762151494786,23.33387338224207,114.93385444556951,5.003333949681186,0.34530066495787554,1.7276545398312273,1.6279544565825295,ZONE_01,WHEEL_FLAT,FRONT_BOGIE_AXLE_1,1
12.530000000000001,RUN_014_WHEEL_FLAT,TRAIN001,-0.05929356069904723,-0.009653103134064537,1.0265076529479242,28.450505009255686,26.93840333721737,23.512824642951653,116.24611829654803,4.909880919347876,0.31755725314246425,1.5591682980047086,1.5845279266079464,ZONE_01,WHEEL_FLAT,FRONT_BOGIE_AXLE_1,1
12.540000000000001,RUN_014_WHEEL_FLAT,TRAIN001,0.10269511664628135,0.07325140929028277,1.217738368399767,28.59202600507175,27.039691103322074,23.512442432825026,112.74494282088563,5.027453917040053,0.34598095133293605,1.7394032890000133,1.6669424696845765,ZONE_01,WHEEL_FLAT,FRONT_BOGIE_AXLE_1,1
12.55,RUN_014_WHEEL_FLAT,TRAIN001,-0.37050641288835173,0.1964410016175187,1.798907316829271,28.445458508510857,27.07720115546204,23.44174311750988,117.20372270601163,5.004747836984684,0.2945908125026919,1.4743527316684082,1.730485540942188,ZONE_01,WHEEL_FLAT,FRONT_BOGIE_AXLE_1,1
12.56,RUN_014_WHEEL_FLAT,TRAIN001,0.08958987958895204,0.04128040648026725,0.8688570414722375,28.722778488270077,27.031954789213987,23.559949779314667,115.98909650524837,5.009547537761149,0.29123112032383947,1.458936141737711,1.6252016805527514,ZONE_01,WHEEL_FLAT,FRONT_BOGIE_AXLE_1,1
12.57,RUN_014_WHEEL_FLAT,TRAIN001,0.07852570114721849,0.007919000021230431,0.9314892218676867,28.65467607451082,26.803460320971155,23.514834544469196,112.7775357501611,4.996393171343962,0.3133285629228784,1.5655126921748868,1.5949912570552305,ZONE_01,WHEEL_FLAT,FRONT_BOGIE_AXLE_1,1
12.58,RUN_014_WHEEL_FLAT,TRAIN001,0.049828686298808426,0.04428235347806955,0.9222761714276196,28.63778708431706,27.046725345963818,23.613286997605258,115.37095382616307,5.020161518856403,0.34418696691836165,1.727874166615461,1.6444305761167017,ZONE_01,WHEEL_FLAT,FRONT_BOGIE_AXLE_1,1
12.59,RUN_014_WHEEL_FLAT,TRAIN001,-0.022145630755481552,-0.048946596101195866,1.0194646276104014,28.601130671549836,26.934611215498354,23.519502843864288,115.55884091078046,5.012521323713775,0.35049548891318744,1.7568661120428373,1.5777811602118608,ZONE_01,WHEEL_FLAT,FRONT_BOGIE_AXLE_1,1
12.6,RUN_014_WHEEL_FLAT,TRAIN001,0.09451425095696143,0.08241559507364092,1.0947046683230988,28.84226321536378,27.091031625065426,23.498898512777895,114.02575396489198,5.033445575285745,0.31044609926315675,1.5626135447008553,1.5952345381134856,ZONE_01,WHEEL_FLAT,FRONT_BOGIE_AXLE_1,1
12.61,RUN_014_WHEEL_FLAT,TRAIN001,-0.021137617793885333,-0.0013901602821345073,1.0149732085894938,28.754822634391907,26.945598421710486,23.56543788295796,113.30968242014796,4.9483543344517695,0.3374185209951546,1.6696664008906787,1.6025102873464077,ZONE_01,WHEEL_FLAT,FRONT_BOGIE_AXLE_1,1
12.620000000000001,RUN_014_WHEEL_FLAT,TRAIN001,0.020060733466789687,0.07097695767647318,0.8645390130801437,28.61110715198695,27.065401763239723,23.472280632684896,113.08855104007658,5.000222544747253,0.33456538564967286,1.6729013840175533,1.5887806495556052,ZONE_01,WHEEL_FLAT,FRONT_BOGIE_AXLE_1,1
12.63,RUN_014_WHEEL_FLAT,TRAIN001,0.009590369940302252,0.022455353634844823,0.9886660063364896,28.698708619339886,27.11031736023817,23.555324099293127,116.354192704711,5.018180087510404,0.3274373188809944,1.6431394335164007,1.6007106978079986,ZONE_01,WHEEL_FLAT,FRONT_BOGIE_AXLE_1,1
12.64,RUN_014_WHEEL_FLAT,TRAIN001,0.12358265414151867,-0.019382439687431467,0.9921724623081779,28.74708747734383,27.020791762569008,23.484319846975065,117.53744588514284,4.984675746510244,0.32134690911101205,1.6018101440616934,1.557077531732158,ZONE_01,WHEEL_FLAT,FRONT_BOGIE_AXLE_1,1
12.65,RUN_014_WHEEL_FLAT,TRAIN001,0.02179316565751591,0.012312269286314287,0.9265219470258319,28.687052866338394,27.127113856886307,23.50673027050844,115.32641429731355,4.983320486197917,0.3329644860881509,1.6592687446994434,1.5904629314474863,ZONE_01,WHEEL_FLAT,FRONT_BOGIE_AXLE_1,1
12.66,RUN_014_WHEEL_FLAT,TRAIN001,0.07044887551358772,-0.016722036505606844,1.0749495936789335,28.588951914087154,27.09722974490502,23.536721404594086,115.3995036238099,5.030801308054408,0.3140184231452841,1.5797642939124779,1.6510274838043923,ZONE_01,WHEEL_FLAT,FRONT_BOGIE_AXLE_1,1
12.67,RUN_014_WHEEL_FLAT,TRAIN001,-0.046011822735531054,-0.0016344029926138124,0.9943103867277974,28.521918112589017,27.06657659817017,23.501411808998395,116.71178708227731,4.998029465928206,0.3343848842853416,1.6712655046191307,1.6332121042293894,ZONE_01,WHEEL_FLAT,FRONT_BOGIE_AXLE_1,1
12.68,RUN_014_WHEEL_FLAT,TRAIN001,-0.004868082812526463,0.15189936080126273,1.2045588598956873,28.67724161718338,27.04514905691234,23.48262524582483,113.87894191017114,5.019685647011735,0.34894284051118873,1.751583368141519,1.5906646392092447,ZONE_01,WHEEL_FLAT,FRONT_BOGIE_AXLE_1,1
12.69,RUN_014_WHEEL_FLAT,TRAIN001,0.10571900532366017,0.019585912248855225,1.01800336036027,28.715575085170496,27.061780309306634,23.545911886416665,114.36289898498379,5.035716298180465,0.3135823852988023,1.579111928471485,1.6024768465221937,ZONE_01,WHEEL_FLAT,FRONT_BOGIE_AXLE_1,1
12.700000000000001,RUN_014_WHEEL_FLAT,TRAIN001,0.062160384335378,-0.007985960888422867,1.0835311802296927,28.654623854755236,27.0678259923411,23.595216013759853,116.42247652167904,4.992334376381417,0.3355786926328151,1.6753210432119363,1.594058329693631,ZONE_01,WHEEL_FLAT,FRONT_BOGIE_AXLE_1,1
12.71,RUN_014_WHEEL_FLAT,TRAIN001,-0.01601947797741631,0.039244050617245445,0.9599229536492392,28.623885759326566,27.11050344002286,23.514316402874258,115.46466428999858,4.999258561590486,0.31491074132500074,1.574320219705817,1.6566919751344162,ZONE_01,WHEEL_FLAT,FRONT_BOGIE_AXLE_1,1
12.72,RUN_014_WHEEL_FLAT,TRAIN001,-0.027020903630385954,0.04570883276941109,0.9326872813040057,28.618734626004134,26.980034172119577,23.505240776221154,116.34377486046753,5.0213693493955525,0.3026485437691245,1.5197101213214799,1.5929808064251205,ZONE_01,WHEEL_FLAT,FRONT_BOGIE_AXLE_1,1
12.73,RUN_014_WHEEL_FLAT,TRAIN001,0.04155999722589805,-0.03674232195457693,1.0474617763540512,28.643539722363784,27.130752572104605,23.42571274423412,114.869069790554,4.975360395390233,0.30049608676664696,1.4950763290685223,1.5913919278499637,ZONE_01,WHEEL_FLAT,FRONT_BOGIE_AXLE_1,1
12.74,RUN_014_WHEEL_FLAT,TRAIN001,0.1380237358515712,-0.0059679946441519435,0.8191454064837672,28.516198851503678,27.11767201491402,23.52797637569908,114.31694322193292,5.020214746275409,0.3161791033894897,1.5872869973000532,1.5607504475735618,ZONE_01,WHEEL_FLAT,FRONT_BOGIE_AXLE_1,1
12.75,RUN_014_WHEEL_FLAT,TRAIN001,-0.0015835301623147587,0.14044598373747477,1.019935845814298,28.520401898027536,27.011984246969803,23.537023017007076,115.0260687634833,4.99776136951796,0.32346621197794395,1.6166069385676758,1.567531673511236,ZONE_01,WHEEL_FLAT,FRONT_BOGIE_AXLE_1,1
12.76,RUN_014_WHEEL_FLAT,TRAIN001,-0.06510471155836565,-0.04334270070340867,0.9221483677760249,28.659998951065884,27.050819843658722,23.49802787118926,114.20735208073386,5.051214263870756,0.3197346447473036,1.615048198201229,1.6081049750755332,ZONE_01,WHEEL_FLAT,FRONT_BOGIE_AXLE_1,1
12.77,RUN_014_WHEEL_FLAT,TRAIN001,-0.06773162156666042,0.011134208140567139,0.9322006276851657,28.637412535037104,27.044943943628702,23.364516372187133,113.53883264569502,5.0221097584977485,0.340109791612221,1.7080687034163708,1.6277587031829523,ZONE_01,WHEEL_FLAT,FRONT_BOGIE_AXLE_1,1
12.780000000000001,RUN_014_WHEEL_FLAT,TRAIN001,-0.0801220442499461,0.033355014030696795,1.0287444600025681,28.730948632944365,27.017966056498526,23.522440153868725,112.75298617923706,4.99182208882657,0.2902089565212659,1.4486714795381648,1.6130206340725135,ZONE_01,WHEEL_FLAT,FRONT_BOGIE_AXLE_1,1
12.790000000000001,RUN_014_WHEEL_FLAT,TRAIN001,0.055569502103624505,-0.02225526678850924,0.9748938307708804,28.649172209081826,27.178315287458705,23.468656056614833,114.38844124123511,5.008964815501324,0.36161580117359365,1.811320824807853,1.539460134616149,ZONE_01,WHEEL_FLAT,FRONT_BOGIE_AXLE_1,1
12.8,RUN_014_WHEEL_FLAT,TRAIN001,-0.04330384429199527,-0.06954730268084096,0.9735929891653685,28.632857494936818,27.142842569046202,23.480961466126402,113.35575828556668,5.0149425424065015,0.3105935135690634,1.557608624593007,1.6284878716585685,ZONE_01,WHEEL_FLAT,FRONT_BOGIE_AXLE_1,1
12.81,RUN_014_WHEEL_FLAT,TRAIN001,0.0207501789955839,0.06735743704585877,1.0643580752596966,28.633187069281313,27.08817917215755,23.479281221763593,116.73529442355564,4.987107387855874,0.31979787928983777,1.5948663664269909,1.6190231877167591,ZONE_01,WHEEL_FLAT,FRONT_BOGIE_AXLE_1,1
12.82,RUN_014_WHEEL_FLAT,TRAIN001,0.1316263603492187,0.04955677320391298,0.9577529393967634,28.633374647670685,27.220011055068422,23.52996741859015,115.22282836713664,5.023020847411505,0.3024586493542084,1.5192561011861152,1.600469484505891,ZONE_01,WHEEL_FLAT,FRONT_BOGIE_AXLE_1,1
12.83,RUN_014_WHEEL_FLAT,TRAIN001,0.09195493632523824,0.009542794507370684,1.0311531095616877,28.512457756011784,26.868579571473738,23.507329363903803,112.844024152567,4.992791276727263,0.33782720303609326,1.6867007123597764,1.5963782799781114,ZONE_01,WHEEL_FLAT,FRONT_BOGIE_AXLE_1,1
12.84,RUN_014_WHEEL_FLAT,TRAIN001,-0.007757654862791369,0.050020935658086615,0.9138716745251202,28.856235353029053,27.08385653764938,23.37993524840327,115.66052508540265,4.9977997228822115,0.3588174851660713,1.7932979279282832,1.627285899614412,ZONE_01,WHEEL_FLAT,FRONT_BOGIE_AXLE_1,1
12.85,RUN_014_WHEEL_FLAT,TRAIN001,0.06406728296912143,-0.019006130372119692,1.058322599731677,28.713069965867497,27.198484378102204,23.608743182630697,116.48821920501265,5.031450565559646,0.3289469088256469,1.6550801104498984,1.6031588766737819,ZONE_01,WHEEL_FLAT,FRONT_BOGIE_AXLE_1,1
12.86,RUN_014_WHEEL_FLAT,TRAIN001,0.04715694484765418,-0.0882658243268615,0.8770506454674414,28.528153274935686,27.22218676426402,23.438689311403568,112.18196682916575,4.959613593845371,0.3402437002069932,1.6874772807668525,1.577334551428578,ZONE_01,WHEEL_FLAT,FRONT_BOGIE_AXLE_1,1
12.870000000000001,RUN_014_WHEEL_FLAT,TRAIN001,-0.05273873203924979,-0.19096327089409942,0.8098055747954719,28.827526978586732,27.02351124035113,23.457395782261376,115.30380764805588,5.023841921225875,0.35963611336683343,1.806754982719039,1.5964890045475295,ZONE_01,WHEEL_FLAT,FRONT_BOGIE_AXLE_1,1
12.88,RUN_014_WHEEL_FLAT,TRAIN001,-0.022684785970057502,0.040799407835277864,0.8716456973849572,28.500558588795883,27.199452729066195,23.585898929355277,115.68489132590447,5.044406325528119,0.3147293415502596,1.5876226813454293,1.5585448904805606,ZONE_01,WHEEL_FLAT,FRONT_BOGIE_AXLE_1,1
12.89,RUN_014_WHEEL_FLAT,TRAIN001,0.08993658947829833,-0.05206277295830989,1.0348980221557098,28.73182063550739,27.1732752744804,23.53395286542916,115.03699197566677,5.0250433760595925,0.3118893196091667,1.5672573595657764,1.6197143310299051,ZONE_01,WHEEL_FLAT,FRONT_BOGIE_AXLE_1,1
12.9,RUN_014_WHEEL_FLAT,TRAIN001,0.030436994724761697,-0.04880200463169841,0.8217620322028608,28.602363948240786,27.038717977097,23.463621984229825,115.08080136323213,4.978711179743395,0.3192473464889809,1.5894403330681024,1.6260518106453514,ZONE_01,WHEEL_FLAT,FRONT_BOGIE_AXLE_1,1
12.91,RUN_014_WHEEL_FLAT,TRAIN001,0.1354775617427133,-0.06043078102636899,1.0040252334248994,28.60360370966958,27.167207619296395,23.618677694713817,117.00605617134924,5.007126916042042,0.29937925034346324,1.4990299024992435,1.640457810159472,ZONE_01,WHEEL_FLAT,FRONT_BOGIE_AXLE_1,1
12.92,RUN_014_WHEEL_FLAT,TRAIN001,-0.015298531046556811,-0.07591589169546337,0.9025369241169181,28.65267946419467,27.06296102454329,23.36834147234583,117.5421355846095,4.992461948691581,0.3706556873997424,1.8504844154093354,1.6025260937152954,ZONE_01,WHEEL_FLAT,FRONT_BOGIE_AXLE_1,1
12.93,RUN_014_WHEEL_FLAT,TRAIN001,-0.08587800428788442,0.13861299391420343,0.9517227468380044,28.4526650166603,27.234758030542164,23.382511934890722,114.76402136527865,5.006750829458271,0.304652883106344,1.5253210751895414,1.66658644076896,ZONE_01,WHEEL_FLAT,FRONT_BOGIE_AXLE_1,1
12.94,RUN_014_WHEEL_FLAT,TRAIN001,-0.13388825784486752,0.0023161407794129387,1.0044574267220334,28.738022473413892,27.294733915018433,23.516837025475148,114.50651754052952,5.015985559585427,0.31979769869221075,1.6041006386287804,1.642905062521185,ZONE_01,WHEEL_FLAT,FRONT_BOGIE_AXLE_1,1
12.950000000000001,RUN_014_WHEEL_FLAT,TRAIN001,0.01887271485538785,0.13204324978375737,0.9967923015147743,28.74252122515276,27.15992053200181,23.48578111661496,114.49760579261996,4.965066763093993,0.3214231566947072,1.5958874321936432,1.5908490157892685,ZONE_01,WHEEL_FLAT,FRONT_BOGIE_AXLE_1,1
12.96,RUN_014_WHEEL_FLAT,TRAIN001,0.02732299066705638,-0.08480092517675514,0.868685517167104,28.779881693124043,26.97306965575547,23.500099576929234,115.51371639637205,5.048361894723265,0.33046120587733635,1.6682877594354448,1.5367817570015958,ZONE_01,WHEEL_FLAT,FRONT_BOGIE_AXLE_1,1
12.97,RUN_014_WHEEL_FLAT,TRAIN001,-0.008632364372842151,0.08186059585663889,1.01713019847205,28.657164020800167,26.911791104535876,23.510613169250355,116.5075837438925,5.003986714309088,0.3308061795838697,1.65534972764903,1.6214211991540153,ZONE_01,WHEEL_FLAT,FRONT_BOGIE_AXLE_1,1
12.98,RUN_014_WHEEL_FLAT,TRAIN001,0.01152157490879878,-0.02896504169382045,1.007160591018043,28.63688951474825,27.17789494000944,23.557047021910698,118.31135239729423,4.961432871349912,0.30669731377513665,1.521658134118681,1.6056363814724595,ZONE_01,WHEEL_FLAT,FRONT_BOGIE_AXLE_1,1
12.99,RUN_014_WHEEL_FLAT,TRAIN001,-0.025209447849370226,0.06439523263349495,0.9823329099978061,28.83128616592789,27.110979785920897,23.6315230257287,114.72733800360265,5.003286888321112,0.31771435684092525,1.5896160758135762,1.651247661333111,ZONE_01,WHEEL_FLAT,FRONT_BOGIE_AXLE_1,1
13.0,RUN_014_WHEEL_FLAT,TRAIN001,-0.07013972474907984,-0.06791041999792195,0.9779996354305955,28.758699066677906,27.128928217967815,23.431338474726854,114.28947221086018,4.986149440528707,0.3364695292383076,1.6776873549665448,1.5653970795199095,ZONE_01,WHEEL_FLAT,FRONT_BOGIE_AXLE_1,1
13.01,RUN_014_WHEEL_FLAT,TRAIN001,0.010566560652152016,0.06117871412147233,1.0370122335239682,28.78784514549983,27.14083276647233,23.481987608314363,113.6966991144197,5.02296353083726,0.3100169503941358,1.557203835771128,1.5803945541333233,ZONE_01,WHEEL_FLAT,FRONT_BOGIE_AXLE_1,1
13.02,RUN_014_WHEEL_FLAT,TRAIN001,0.11296148008662452,-0.035888964613917655,1.0607251434266025,28.78048889488751,27.037350677108332,23.451163750487616,116.35882214927935,5.018469321498681,0.3559623767192154,1.7863862671731385,1.5951737018673329,ZONE_01,WHEEL_FLAT,FRONT_BOGIE_AXLE_1,1
13.030000000000001,RUN_014_WHEEL_FLAT,TRAIN001,0.10977503595182919,0.04309893594566443,1.0809251879014405,28.64731242354693,27.09544298208898,23.45635038798647,113.4563713787119,5.022141534549626,0.28744635364014137,1.4435962715709942,1.5229563311887784,ZONE_01,WHEEL_FLAT,FRONT_BOGIE_AXLE_1,1
13.040000000000001,RUN_014_WHEEL_FLAT,TRAIN001,-0.1048869789092451,0.06360407670156179,1.0508430718783783,28.670838186207476,27.000734162103218,23.5169619969269,114.83431008070959,5.004213301889067,0.2782850850739033,1.3925979244441575,1.614176376085679,ZONE_01,WHEEL_FLAT,FRONT_BOGIE_AXLE_1,1
13.05,RUN_014_WHEEL_FLAT,TRAIN001,-0.07457450987992299,0.11836633962716243,1.0739706152615456,28.83102708221426,27.200697127232388,23.495635672592478,115.37079210184713,4.99052886054483,0.3504264366053218,1.7488132453767418,1.5495594820427432,ZONE_01,WHEEL_FLAT,FRONT_BOGIE_AXLE_1,1
13.06,RUN_014_WHEEL_FLAT,TRAIN001,-0.07342914151743794,0.09556454868420346,1.3051749376429,28.60310797301582,27.02460635195227,23.465135704570944,116.50095630686259,4.986686304518358,0.29979392004504013,1.494978235266473,1.6298855444129592,ZONE_01,WHEEL_FLAT,FRONT_BOGIE_AXLE_1,1
13.07,RUN_014_WHEEL_FLAT,TRAIN001,0.33608156476120343,0.11301408594468933,1.8230464923150977,28.598078942166683,27.223210818072932,23.483394973046263,113.3306913857325,5.028202261015788,0.3436628386105848,1.7280062621288461,1.7456357069967612,ZONE_01,WHEEL_FLAT,FRONT_BOGIE_AXLE_1,1
13.08,RUN_014_WHEEL_FLAT,TRAIN001,0.04901408727914757,0.15673771310214502,1.2171998357505773,28.737253983957935,27.107491109313667,23.519955845721267,113.3611476993752,5.039033826636075,0.3181121017732082,1.6029776414974939,1.5901826597410496,ZONE_01,WHEEL_FLAT,FRONT_BOGIE_AXLE_1,1
13.09,RUN_014_WHEEL_FLAT,TRAIN001,-0.04999777446011789,0.017707757517845264,1.030012299798865,28.745837451978993,27.018658176037345,23.508385508923656,112.08822952569858,5.0082533736809145,0.3364668016461189,1.685110994475802,1.5990849479383835,ZONE_01,WHEEL_FLAT,FRONT_BOGIE_AXLE_1,1
13.1,RUN_014_WHEEL_FLAT,TRAIN001,-0.03301625571755128,-0.004970000477742848,1.2080511053871963,28.77321940987558,27.198600409303,23.526417399168157,114.70299117926939,4.962549996096212,0.3280168350314544,1.6277999434048358,1.5934327071354446,ZONE_01,WHEEL_FLAT,FRONT_BOGIE_AXLE_1,1
13.11,RUN_014_WHEEL_FLAT,TRAIN001,0.10661494950033416,-0.035147825937665814,1.1155575108569427,28.711082993923753,26.914890007293984,23.548110512452702,111.13259608321879,5.013068934963042,0.2861154589882983,1.4343165192669305,1.5698515139438924,ZONE_01,WHEEL_FLAT,FRONT_BOGIE_AXLE_1,1
13.120000000000001,RUN_014_WHEEL_FLAT,TRAIN001,0.037780933598467514,-0.0306716001886426,1.2087180150486345,28.95848867640519,27.106218905361313,23.373346742422346,115.26825018720747,5.05412240714615,0.34664847260638837,1.7520038128029358,1.616494844104436,ZONE_01,WHEEL_FLAT,FRONT_BOGIE_AXLE_1,1
13.13,RUN_014_WHEEL_FLAT,TRAIN001,-0.07653342993513261,-0.1190201235889191,0.9711856022859118,28.890548343089403,27.1663762993009,23.49527585093003,116.00952113367417,4.9786821904200655,0.3136244406938582,1.5614364173629658,1.5823253287428911,ZONE_01,WHEEL_FLAT,FRONT_BOGIE_AXLE_1,1
13.14,RUN_014_WHEEL_FLAT,TRAIN001,0.09690490746194358,-0.008967558199818064,0.8648253918244891,28.735060662492664,27.04414902902131,23.510944825512432,114.93235004336915,5.022224523493271,0.313028548884618,1.5720996547618409,1.54579777930601,ZONE_01,WHEEL_FLAT,FRONT_BOGIE_AXLE_1,1
13.15,RUN_014_WHEEL_FLAT,TRAIN001,0.031616774797889276,-0.060854054651493544,0.8793292044375529,28.76232642972107,27.132120095733605,23.561050005191554,116.69810590912627,5.005465278385649,0.3123776106714711,1.5635952839611187,1.6239821947847048,ZONE_01,WHEEL_FLAT,FRONT_BOGIE_AXLE_1,1
13.16,RUN_014_WHEEL_FLAT,TRAIN001,0.03860629092498472,0.014114602057427808,0.8447855687417399,28.640280780022326,27.069557457052863,23.578588912141164,113.81489324293696,5.040869654466982,0.349376363714381,1.7611607098358424,1.578817003688768,ZONE_01,WHEEL_FLAT,FRONT_BOGIE_AXLE_1,1
13.17,RUN_014_WHEEL_FLAT,TRAIN001,-0.008663123226865861,-0.10174978940868747,1.103267875802042,28.5962153064414,27.216251427944183,23.45585017150033,115.07196700355328,5.034226168365352,0.35217318088924743,1.7729194430291142,1.5401954916249154,ZONE_01,WHEEL_FLAT,FRONT_BOGIE_AXLE_1,1
13.18,RUN_014_WHEEL_FLAT,TRAIN001,0.014725276204574868,0.0402940251823478,1.0267383069634362,28.670411833850505,27.12939912314606,23.460911057916704,115.17788955504211,4.973853716738465,0.3409685743345781,1.695927810745057,1.5931220692395365,ZONE_01,WHEEL_FLAT,FRONT_BOGIE_AXLE_1,1
13.19,RUN_014_WHEEL_FLAT,TRAIN001,-0.08227802381319155,-0.046421738449701336,0.8984974888113224,29.02430021594717,27.1343761676321,23.440893845130827,114.35366813910912,4.987550977043781,0.3348087077087417,1.6698754972555003,1.6145943947351813,ZONE_01,WHEEL_FLAT,FRONT_BOGIE_AXLE_1,1
13.200000000000001,RUN_014_WHEEL_FLAT,TRAIN001,-0.02773754667844871,-0.12822175648586023,0.9125413535092388,28.61583301448838,27.15546736012407,23.502267750822195,115.38502784210435,5.055528482600567,0.3464012199188705,1.7512412337074328,1.537957366693064,ZONE_01,WHEEL_FLAT,FRONT_BOGIE_AXLE_1,1
13.21,RUN_014_WHEEL_FLAT,TRAIN001,0.04360651418575407,0.006639907404268766,1.0449480349867668,28.694856997706957,27.18502547528363,23.464275581515224,113.20313352089228,4.974522865354111,0.3006115889198932,1.4953992226724393,1.5665766644607573,ZONE_01,WHEEL_FLAT,FRONT_BOGIE_AXLE_1,1
13.22,RUN_014_WHEEL_FLAT,TRAIN001,-0.05421352538513792,-0.004018030786872133,1.1802295804314589,28.73882393917698,27.15434470574416,23.512809406363157,114.90614621949985,5.0334728395492,0.33201342583412125,1.6711805613017319,1.6189466757483264,ZONE_01,WHEEL_FLAT,FRONT_BOGIE_AXLE_1,1
13.23,RUN_014_WHEEL_FLAT,TRAIN001,-0.02495320002529532,-0.04689933274751426,0.9935622651565323,28.870628786109446,27.092513749171246,23.427477967760957,114.29499497783694,5.019779796771294,0.33358895691060775,1.6745431063258784,1.6122778265915945,ZONE_01,WHEEL_FLAT,FRONT_BOGIE_AXLE_1,1
13.24,RUN_014_WHEEL_FLAT,TRAIN001,0.015740028071289627,-0.058351205397077915,1.0013439743160357,28.740687169849448,27.106810670223908,23.440762321818017,115.20159413497291,4.969601808034519,0.34617343682919555,1.7203441375598936,1.5863775004341896,ZONE_01,WHEEL_FLAT,FRONT_BOGIE_AXLE_1,1
13.25,RUN_014_WHEEL_FLAT,TRAIN001,-0.0256786799306549,0.026419229212290722,0.945290535266567,28.86923302111736,27.00350456062974,23.47207361849234,116.78052742216649,4.935821737085654,0.3309532901794219,1.6335264436276065,1.6292545334034017,ZONE_01,WHEEL_FLAT,FRONT_BOGIE_AXLE_1,1
13.26,RUN_014_WHEEL_FLAT,TRAIN001,0.011592034598349833,0.04977279932073589,0.9420336414898938,28.5609686591419,27.17729658979789,23.57945506606845,113.99882785796792,5.008086887368199,0.30741699273054823,1.5395710102480236,1.5960486355021564,ZONE_01,WHEEL_FLAT,FRONT_BOGIE_AXLE_1,1
13.27,RUN_014_WHEEL_FLAT,TRAIN001,-0.11088458689513814,0.021512558368896956,1.0158655262502498,28.866867296050014,27.121876320992868,23.499733085270893,113.0511668199903,4.978284469666383,0.3319917539698045,1.6527493928451804,1.5626292408662772,ZONE_01,WHEEL_FLAT,FRONT_BOGIE_AXLE_1,1
13.280000000000001,RUN_014_WHEEL_FLAT,TRAIN001,0.06542169647830826,-0.05121898084843217,1.0141501000610582,28.89330505440541,27.167269476468988,23.468306311673064,118.80508128110876,4.998607965556373,0.3203666658645729,1.6013873678893913,1.5931086663835277,ZONE_01,WHEEL_FLAT,FRONT_BOGIE_AXLE_1,1
13.290000000000001,RUN_014_WHEEL_FLAT,TRAIN001,0.07179376924994953,-0.06921697004839285,1.0922891408074649,28.752955446542362,27.19969835805572,23.553156406416512,112.76677647086908,5.042353983123172,0.33075685175084,1.6677931288711285,1.6560849097273862,ZONE_01,WHEEL_FLAT,FRONT_BOGIE_AXLE_1,1
13.3,RUN_014_WHEEL_FLAT,TRAIN001,0.12185896663537783,0.04009729576672119,1.18834908445307,28.87810542792673,27.2928559268401,23.43233983128803,117.6931957050932,5.017243462352547,0.3130414725343861,1.5706052815183629,1.5890630487860167,ZONE_01,WHEEL_FLAT,FRONT_BOGIE_AXLE_1,1
13.31,RUN_014_WHEEL_FLAT,TRAIN001,-0.04507316703245608,-0.054440497598581675,1.0515856101728076,28.827733608181514,27.272748207226442,23.523083522930115,113.77883077503138,5.022964009849422,0.35431374485143297,1.7797051885837187,1.5748216484020825,ZONE_01,WHEEL_FLAT,FRONT_BOGIE_AXLE_1,1
13.32,RUN_014_WHEEL_FLAT,TRAIN001,0.0246964286488583,-0.008453467358525885,1.013857552125746,28.755651936805975,27.10134196364526,23.465487035252174,115.38207279218693,4.935280383645707,0.3542056429660966,1.7481041615071915,1.6349356141287965,ZONE_01,WHEEL_FLAT,FRONT_BOGIE_AXLE_1,1
13.33,RUN_014_WHEEL_FLAT,TRAIN001,0.014581501856133623,-0.034993067192685905,1.038083943560924,28.747615181261846,27.178636268146683,23.60027792447576,113.97092114437336,4.968077134589291,0.31651979945997616,1.5724947783418954,1.5360181914894775,ZONE_01,WHEEL_FLAT,FRONT_BOGIE_AXLE_1,1
13.34,RUN_014_WHEEL_FLAT,TRAIN001,-0.029025713021424173,0.022050487981054107,1.0341974416778914,28.91342844855353,27.138074823096126,23.483088544790313,115.4151536366171,4.997787559400279,0.329609083089506,1.6473161749300658,1.6088134719027172,ZONE_01,WHEEL_FLAT,FRONT_BOGIE_AXLE_1,1
13.35,RUN_014_WHEEL_FLAT,TRAIN001,-0.007548501594764802,0.08713860191829645,0.961160766889537,28.833556187098623,27.123293363208482,23.560551466047865,112.05779437365209,4.999413057511851,0.3181263412388748,1.5904449843281014,1.5868338222115632,ZONE_01,WHEEL_FLAT,FRONT_BOGIE_AXLE_1,1
13.36,RUN_014_WHEEL_FLAT,TRAIN001,-0.08310504124415177,0.06721807320509982,1.0117935160790363,28.668272463437898,27.234174734280725,23.512019960367226,114.79280714937558,4.977816613451868,0.3239004245276124,1.6123169143176619,1.616992630394905,ZONE_01,WHEEL_FLAT,FRONT_BOGIE_AXLE_1,1
13.370000000000001,RUN_014_WHEEL_FLAT,TRAIN001,-0.08108498863383502,0.0027622145475261653,0.9424661713597013,28.821602414446165,27.16177534233592,23.53880783841541,115.88167290976318,5.032707030021308,0.3322017094332377,1.6718738784497513,1.5885581387142182,ZONE_01,WHEEL_FLAT,FRONT_BOGIE_AXLE_1,1
13.38,RUN_014_WHEEL_FLAT,TRAIN001,-0.0008633746315728477,0.09024371646707124,0.8136424002845435,28.88603857234945,27.313528179990197,23.525238001837597,115.94152204202851,4.93396406021581,0.3448319140794731,1.7013882708835464,1.537113193150276,ZONE_01,WHEEL_FLAT,FRONT_BOGIE_AXLE_1,1
13.39,RUN_014_WHEEL_FLAT,TRAIN001,0.06425712581816242,0.005588365201033984,1.0617637534171083,28.801892136865593,27.316730866963734,23.51257668840304,116.23189541583952,5.027662044874651,0.3280609564191826,1.6493796189940013,1.6144552200244902,ZONE_01,WHEEL_FLAT,FRONT_BOGIE_AXLE_1,1
13.4,RUN_014_WHEEL_FLAT,TRAIN001,-0.034310142775440824,0.06347013559904202,0.9914635440144435,28.907036553592842,27.123770323395103,23.507975546290705,115.29074635115907,4.97030623952668,0.3149187388569023,1.5652425726843346,1.595221651069044,ZONE_01,WHEEL_FLAT,FRONT_BOGIE_AXLE_1,1
13.41,RUN_014_WHEEL_FLAT,TRAIN001,-0.11714767261171548,0.03057749687578085,0.9965480800247802,28.909045588385727,27.22226689536283,23.517384111832,114.05481435533547,4.999574187230458,0.3539784364771163,1.769741453847187,1.608966535828724,ZONE_01,WHEEL_FLAT,FRONT_BOGIE_AXLE_1,1
13.42,RUN_014_WHEEL_FLAT,TRAIN001,0.029382707189134355,0.05651199395007896,1.1743491476006769,28.7601721784918,27.233295900335406,23.492520684742672,114.06140415917727,5.000839850653921,0.36640300661911834,1.8323227569002993,1.617754877943839,ZONE_01,WHEEL_FLAT,FRONT_BOGIE_AXLE_1,1
13.43,RUN_014_WHEEL_FLAT,TRAIN001,-0.04197981649023256,-0.10301659976015297,0.9552720214099204,28.807605976208194,27.319000278340408,23.46003904493003,117.26960299263732,5.006087270368917,0.34099961339659945,1.7070738238254386,1.5865632852050828,ZONE_01,WHEEL_FLAT,FRONT_BOGIE_AXLE_1,1
13.44,RUN_014_WHEEL_FLAT,TRAIN001,-0.12153671224234229,0.0006410080203858248,0.9313751848199641,28.695357821147102,27.222630898089893,23.583414178524333,114.51925800726866,4.974071828638299,0.3386193822188025,1.68431712972545,1.6015501130934553,ZONE_01,WHEEL_FLAT,FRONT_BOGIE_AXLE_1,1
13.450000000000001,RUN_014_WHEEL_FLAT,TRAIN001,0.04985660856856985,0.21282518609858384,0.9322398519849122,28.813075622559815,27.190231542422914,23.552289035218696,115.94582422440006,5.043561470821735,0.34433835042372807,1.736691637123428,1.6022310095501782,ZONE_01,WHEEL_FLAT,FRONT_BOGIE_AXLE_1,1
13.46,RUN_014_WHEEL_FLAT,TRAIN001,-0.043218331543676394,-0.021812453455931774,1.0823455385697438,28.786075128738847,27.266772433908887,23.49164144943904,115.72615124588188,4.987825172201938,0.3209286566674318,1.6007360322067696,1.5946745214283653,ZONE_01,WHEEL_FLAT,FRONT_BOGIE_AXLE_1,1
13.47,RUN_014_WHEEL_FLAT,TRAIN001,0.0790628314029933,0.04316799660760109,0.8761232870680985,28.767338074396804,27.19383236219555,23.502343667798392,113.28842280039432,4.949708865635558,0.3186695375013722,1.577321434978525,1.5664740219098388,ZONE_01,WHEEL_FLAT,FRONT_BOGIE_AXLE_1,1
13.48,RUN_014_WHEEL_FLAT,TRAIN001,0.007404616545641638,-0.049876210472638495,1.0290151027350132,28.84725473265326,27.22976004525176,23.532643681082146,113.68098226377742,4.9731680410138575,0.33911466174426674,1.686474198025812,1.5697004416622642,ZONE_01,WHEEL_FLAT,FRONT_BOGIE_AXLE_1,1
13.49,RUN_014_WHEEL_FLAT,TRAIN001,0.06090540018891295,-0.026067849900448543,1.0519979178145746,28.886899418963033,27.12063549650873,23.51776146773938,115.12830921824934,5.034187383116627,0.3110702416305164,1.565985885679386,1.6571215526684864,ZONE_01,WHEEL_FLAT,FRONT_BOGIE_AXLE_1,1
13.5,RUN_014_WHEEL_FLAT,TRAIN001,-0.07226509438787926,-0.11219125536936402,0.9362634644030525,28.8424649710344,27.197138664370378,23.525808267386964,111.8437768554532,4.935321136279756,0.31435610785410906,1.5514483434110231,1.5783664093116456,ZONE_01,WHEEL_FLAT,FRONT_BOGIE_AXLE_1,1
13.51,RUN_014_WHEEL_FLAT,TRAIN001,-0.002327038237965118,0.04049263424539999,0.9244901069961066,28.966991728788248,27.051004143873307,23.537985697837428,118.16188314149075,4.974535763740532,0.32282498844068463,1.6059044504273094,1.5962861729797542,ZONE_01,WHEEL_FLAT,FRONT_BOGIE_AXLE_1,1
13.52,RUN_014_WHEEL_FLAT,TRAIN001,0.039316250000786236,0.06597574607841095,1.1006693764637612,28.75854105523264,27.00501920258625,23.53502371119662,113.54168186738795,4.964778583337072,0.32211678326533044,1.599238506889142,1.6110238886025634,ZONE_01,WHEEL_FLAT,FRONT_BOGIE_AXLE_1,1
13.530000000000001,RUN_014_WHEEL_FLAT,TRAIN001,0.006819705401652693,0.04529450315039683,0.9525772637937792,28.882640341024835,27.301238189418182,23.491571841258047,115.90222241216232,4.9868150510249425,0.3014197709005253,1.5031246502032296,1.6120312963503305,ZONE_01,WHEEL_FLAT,FRONT_BOGIE_AXLE_1,1
13.540000000000001,RUN_014_WHEEL_FLAT,TRAIN001,0.006920526749436771,0.06977195730575063,0.8636749470110507,28.83793115143172,27.105400073535282,23.47396404387782,114.82355644326717,5.009594042005964,0.34920193114946624,1.7493599137433429,1.6132785857961982,ZONE_01,WHEEL_FLAT,FRONT_BOGIE_AXLE_1,1
13.55,RUN_014_WHEEL_FLAT,TRAIN001,-0.1181524556168837,-0.017027962701422417,1.1405345087754863,29.032433127115812,27.285868280687975,23.546300702277794,113.28050430462,5.01890821038249,0.2970723576696742,1.4909788949860114,1.642030881271725,ZONE_01,WHEEL_FLAT,FRONT_BOGIE_AXLE_1,1
13.56,RUN_014_WHEEL_FLAT,TRAIN001,-0.0614463403709757,-0.11357443124797163,1.1208511215802752,28.66497332074376,27.37661764611677,23.50104585959794,118.06315473999213,4.9784032779185985,0.3333057496020326,1.6593304363678745,1.586062144695566,ZONE_01,WHEEL_FLAT,FRONT_BOGIE_AXLE_1,1
13.57,RUN_014_WHEEL_FLAT,TRAIN001,0.025959251707766057,0.08426893190706854,0.9382650080895618,28.771582790262283,27.068636133083036,23.505889200392364,114.35099441421706,4.95370990910561,0.3373499994090594,1.6711340349094295,1.586389626912426,ZONE_01,WHEEL_FLAT,FRONT_BOGIE_AXLE_1,1
13.58,RUN_014_WHEEL_FLAT,TRAIN001,0.016245014160571863,0.03878627482547749,1.2386599428102356,28.843469505242293,26.98328060309412,23.588627986178068,116.54354499354086,5.0168659116789724,0.3423836898160548,1.7176930621530324,1.5699062873349203,ZONE_01,WHEEL_FLAT,FRONT_BOGIE_AXLE_1,1
13.59,RUN_014_WHEEL_FLAT,TRAIN001,-0.3084161549813791,0.2964803212553615,1.7637540674633598,28.777356231013766,27.19468104518839,23.488929053470855,115.66469454380041,4.9358702262328205,0.3360901556890024,1.6588973927953001,1.6981292297154835,ZONE_01,WHEEL_FLAT,FRONT_BOGIE_AXLE_1,1
13.6,RUN_014_WHEEL_FLAT,TRAIN001,0.01226505075248542,-0.02657298060594375,1.2791813042016695,28.83246722750664,27.237484576323247,23.494232699757625,116.98626415094822,5.00029936663444,0.3914278503424465,1.9572564321504156,1.644121838761413,ZONE_01,WHEEL_FLAT,FRONT_BOGIE_AXLE_1,1
13.61,RUN_014_WHEEL_FLAT,TRAIN001,-0.05091167551268653,0.1131022166629471,0.9362294223205256,28.905086515999383,27.239460548283603,23.533852734277836,114.31948901864672,5.0553172796193975,0.2996269670361468,1.5147093838977843,1.6221371250223884,ZONE_01,WHEEL_FLAT,FRONT_BOGIE_AXLE_1,1
13.620000000000001,RUN_014_WHEEL_FLAT,TRAIN001,0.014335562442909143,0.10854955591244252,0.8520531666753453,28.907032349298632,27.11968544502844,23.475163758916235,114.96179670604982,4.997872902276323,0.31496657942836787,1.574162932447703,1.639836846505093,ZONE_01,WHEEL_FLAT,FRONT_BOGIE_AXLE_1,1
13.63,RUN_014_WHEEL_FLAT,TRAIN001,-0.020194006198233774,0.01562641269137127,0.8392008562877576,28.99460797902553,27.220042895550478,23.526457618792247,113.87078230811362,4.972913430526393,0.3383859289586526,1.6827639308196336,1.5878090023478617,ZONE_01,WHEEL_FLAT,FRONT_BOGIE_AXLE_1,1
13.64,RUN_014_WHEEL_FLAT,TRAIN001,0.0892259544946089,0.02983517735703759,0.9913614293062567,28.7163816319761,27.181611206726433,23.49570318936595,114.08946840521118,5.009306398505447,0.32480495435053114,1.6270475360943852,1.6323771941781575,ZONE_01,WHEEL_FLAT,FRONT_BOGIE_AXLE_1,1
13.65,RUN_014_WHEEL_FLAT,TRAIN001,0.07201451522437927,0.02077975252747058,1.0754651241648414,28.927815472609364,27.33290136180927,23.519709399336584,113.643859934017,4.97984459370398,0.31249098233925465,1.5561565289833832,1.6235562675769883,ZONE_01,WHEEL_FLAT,FRONT_BOGIE_AXLE_1,1
13.66,RUN_014_WHEEL_FLAT,TRAIN001,-0.022678387752046607,0.03251959936570026,1.0449714846082117,28.88287864251312,27.23967403597734,23.54177544012549,115.30080358178805,5.030934321973141,0.3581428868080528,1.8017933414131744,1.594472377799342,ZONE_01,WHEEL_FLAT,FRONT_BOGIE_AXLE_1,1
13.67,RUN_014_WHEEL_FLAT,TRAIN001,-0.0143884250427758,0.08474723829289305,0.9041969585609495,28.88315921977014,27.256810612840166,23.45192263953775,115.42586999693405,4.985489866874084,0.3363327479507152,1.676783506806206,1.63525919996454,ZONE_01,WHEEL_FLAT,FRONT_BOGIE_AXLE_1,1
13.68,RUN_014_WHEEL_FLAT,TRAIN001,0.006956440789083309,0.058126460135501136,0.9516547536433496,28.904669772224977,27.309545412866125,23.484133433087234,115.55374611179411,4.9892924384933774,0.3096064304990133,1.5447170225976525,1.618495391449396,ZONE_01,WHEEL_FLAT,FRONT_BOGIE_AXLE_1,1
13.69,RUN_014_WHEEL_FLAT,TRAIN001,0.03915977220202871,-0.021951437124862142,0.9855818130407562,28.722743570825227,27.327895588509453,23.528502861504137,116.40463586577944,5.010794249722566,0.3333049408877455,1.6701224812044348,1.5680764406454952,ZONE_01,WHEEL_FLAT,FRONT_BOGIE_AXLE_1,1
13.700000000000001,RUN_014_WHEEL_FLAT,TRAIN001,-0.09901355480915647,-0.059008425724175834,1.1134837832337772,28.799077819678686,27.356327276974508,23.48336465847751,115.45574821972934,5.063418518404499,0.32177937296155606,1.629303635894131,1.5759002082910984,ZONE_01,WHEEL_FLAT,FRONT_BOGIE_AXLE_1,1
13.71,RUN_014_WHEEL_FLAT,TRAIN001,0.11360121595704507,0.07527204302639763,1.2097040806625903,28.70976901750835,27.179574718880463,23.489100619692234,114.34004747171574,4.930436244672074,0.3410369671167139,1.6814610234452845,1.64287917205312,ZONE_01,WHEEL_FLAT,FRONT_BOGIE_AXLE_1,1
13.72,RUN_014_WHEEL_FLAT,TRAIN001,0.043905996843550975,-0.047706851819415565,0.8581377053319182,28.84584099155107,27.09141623063625,23.482806611367135,115.503486455224,5.00099380531816,0.3558522299378141,1.779614797527662,1.6290628954799022,ZONE_01,WHEEL_FLAT,FRONT_BOGIE_AXLE_1,1
13.73,RUN_014_WHEEL_FLAT,TRAIN001,0.04340946993497706,0.032730013269289884,1.0824297163171734,28.837783411530232,27.297904537780685,23.506363181545517,116.86755785485009,5.0482543904384105,0.3123291452225458,1.5767169786315927,1.6069361939327447,ZONE_01,WHEEL_FLAT,FRONT_BOGIE_AXLE_1,1
13.74,RUN_014_WHEEL_FLAT,TRAIN001,0.013557238944272559,-0.06879727464869904,0.8671172982242907,28.917619999835477,27.288954318903432,23.488256261588898,113.13347262538755,4.991487855073477,0.32368243975162647,1.615656966920796,1.5635941649963283,ZONE_01,WHEEL_FLAT,FRONT_BOGIE_AXLE_1,1
13.75,RUN_014_WHEEL_FLAT,TRAIN001,0.040949694271401674,0.016035715367125523,1.041536286072517,28.826742738535476,27.227202402140215,23.477100978490736,116.48255028302077,5.0402065177252675,0.33875825071578075,1.7074115431908885,1.6120000556893601,ZONE_01,WHEEL_FLAT,FRONT_BOGIE_AXLE_1,1
13.76,RUN_014_WHEEL_FLAT,TRAIN001,-0.04723549468560016,-0.053635828056917655,0.9424732063167223,28.933316235080763,27.23767768146663,23.452298738769958,116.26806638392111,4.944472911872512,0.3211124927036668,1.5877320218371402,1.6193105793403346,ZONE_01,WHEEL_FLAT,FRONT_BOGIE_AXLE_1,1
13.77,RUN_014_WHEEL_FLAT,TRAIN001,-0.057491158952095806,0.011377720345222376,1.1436194858489774,28.82012634173897,27.236786869938623,23.551010986833973,114.97113746027475,5.049656905568179,0.3512236385359075,1.7735588717316273,1.5849084784169363,ZONE_01,WHEEL_FLAT,FRONT_BOGIE_AXLE_1,1
13.780000000000001,RUN_014_WHEEL_FLAT,TRAIN001,0.014874254448249295,0.06131920362264125,0.9926144861824115,28.91556028548228,27.287630175753574,23.48590066854644,115.68373737893106,5.051474426823219,0.31505173540303516,1.5914757845147076,1.632914497386091,ZONE_01,WHEEL_FLAT,FRONT_BOGIE_AXLE_1,1
13.790000000000001,RUN_014_WHEEL_FLAT,TRAIN001,-0.006098003185466111,-0.0038804309408259022,0.916119402721716,29.021248341384748,27.197963275276894,23.497349713615822,115.57199144543898,5.038447916416005,0.33766120607421524,1.701288400199145,1.6504221332013573,ZONE_01,WHEEL_FLAT,FRONT_BOGIE_AXLE_1,1
13.8,RUN_014_WHEEL_FLAT,TRAIN001,0.13777835937212,-0.05805289885786972,0.8109143741769573,28.827155794138562,27.380685726482305,23.57497916623731,115.23202257977636,5.007995087703126,0.34334710988101913,1.7194806396612092,1.5865319119751835,ZONE_01,WHEEL_FLAT,FRONT_BOGIE_AXLE_1,1
13.81,RUN_014_WHEEL_FLAT,TRAIN001,-0.0658249822384343,0.0429916698977774,0.9960856862780466,28.81158892781091,27.44474693456866,23.407143141068488,116.60673245966578,5.0259389863282955,0.32767709432940134,1.6468850833169126,1.6249727084711874,ZONE_01,WHEEL_FLAT,FRONT_BOGIE_AXLE_1,1
13.82,RUN_014_WHEEL_FLAT,TRAIN001,0.008451901393206191,0.03217573866538452,0.8159945630203694,28.973490327762278,27.076888235167264,23.478008800604655,115.64409759628212,4.9977309744361325,0.34263333972376636,1.7123892548119652,1.596428366567666,ZONE_01,WHEEL_FLAT,FRONT_BOGIE_AXLE_1,1
13.83,RUN_014_WHEEL_FLAT,TRAIN001,0.06131906973106164,-0.0023253708987221516,1.0151530332722896,28.94907164289571,27.181357886505207,23.503189239224092,115.20912154965714,5.003392658209483,0.34067077391252576,1.704509649060474,1.5791128260510314,ZONE_01,WHEEL_FLAT,FRONT_BOGIE_AXLE_1,1
13.84,RUN_014_WHEEL_FLAT,TRAIN001,0.07587361178840688,0.06749860826687651,1.029693948370805,29.12136805953028,27.326150902416018,23.50853323572627,114.00330447748584,5.010521954869698,0.3329801929740357,1.6684045674331545,1.652950434563001,ZONE_01,WHEEL_FLAT,FRONT_BOGIE_AXLE_1,1
13.85,RUN_014_WHEEL_FLAT,TRAIN001,0.06888072438915761,-0.09077670343217001,0.7963175204250015,28.974983756450744,27.22820471393215,23.551965879541715,115.14886298117798,5.051455325520809,0.3391384418455813,1.7131426881496907,1.652764555623201,ZONE_01,WHEEL_FLAT,FRONT_BOGIE_AXLE_1,1
13.86,RUN_014_WHEEL_FLAT,TRAIN001,0.06535739180240771,0.04315409321079565,1.039907310314384,28.817309681386124,27.214989357507683,23.559249185337084,115.48098745305036,5.018343297188211,0.3317683293924196,1.6649273720257796,1.5656808229696508,ZONE_01,WHEEL_FLAT,FRONT_BOGIE_AXLE_1,1
13.870000000000001,RUN_014_WHEEL_FLAT,TRAIN001,-0.042424997710703814,-0.07867962223376417,1.1652302926302962,28.797806666768576,27.16590751726679,23.590154757312536,114.40452481775085,4.995316412230163,0.3532201949379664,1.7644466369047611,1.6277279384088943,ZONE_01,WHEEL_FLAT,FRONT_BOGIE_AXLE_1,1
13.88,RUN_014_WHEEL_FLAT,TRAIN001,-0.07802426979327076,0.039839224972770204,1.0702243214241092,29.011813145056106,27.29048283035781,23.477583261593786,115.366228393765,4.969371867204709,0.3274101377082494,1.627022727364994,1.5996346272891244,ZONE_01,WHEEL_FLAT,FRONT_BOGIE_AXLE_1,1
13.89,RUN_014_WHEEL_FLAT,TRAIN001,-0.022866210517336512,0.04585374773386553,1.0197235732499998,28.929146335641512,27.191057397109486,23.543997883824506,115.32477016650601,4.955945151287199,0.27637889365297424,1.369718637917578,1.6096611232152986,ZONE_01,WHEEL_FLAT,FRONT_BOGIE_AXLE_1,1
13.9,RUN_014_WHEEL_FLAT,TRAIN001,0.027587115868735922,-0.10544080390101847,1.1428062698171373,29.05632069199957,27.37080067095423,23.496560191004573,115.83763008672658,5.023489513903024,0.29482848670367806,1.4810678113558238,1.5933467734933562,ZONE_01,WHEEL_FLAT,FRONT_BOGIE_AXLE_1,1
13.91,RUN_014_WHEEL_FLAT,TRAIN001,-0.039510202212298104,-0.026775324054558142,1.0049164508247264,28.902043482584183,27.37356767464127,23.495472854146755,112.9229553619079,4.983201440038982,0.33921219411608394,1.6903626941980523,1.6351204642604673,ZONE_01,WHEEL_FLAT,FRONT_BOGIE_AXLE_1,1
13.92,RUN_014_WHEEL_FLAT,TRAIN001,-0.014819215072446594,0.030568583235606354,1.0586956963081484,29.066552257749215,27.293622848846994,23.421264331541206,114.40067111412603,4.995179891802405,0.3408554385707711,1.7026342327602055,1.593929599997914,ZONE_01,WHEEL_FLAT,FRONT_BOGIE_AXLE_1,1
13.93,RUN_014_WHEEL_FLAT,TRAIN001,-0.09896082224456579,0.04409509142354503,0.9197372592249825,28.819359042430168,27.36747461754175,23.48345903862011,113.49695439501309,4.9789188317152595,0.33796388258071175,1.6826947394207106,1.5998153480076533,ZONE_01,WHEEL_FLAT,FRONT_BOGIE_AXLE_1,1
13.94,RUN_014_WHEEL_FLAT,TRAIN001,0.0437023394408302,0.014941935610335558,0.8035247530071352,28.79745149259987,27.2858617137979,23.53664059391352,115.6930843111129,4.987676449711195,0.3298701054590077,1.645285356461641,1.5773655444058112,ZONE_01,WHEEL_FLAT,FRONT_BOGIE_AXLE_1,1
13.950000000000001,RUN_014_WHEEL_FLAT,TRAIN001,-0.11732173397057015,0.04493147435972187,0.8999640210287146,28.886066252966405,27.392928575695805,23.472094547200122,114.78996990358898,4.955186729673007,0.31072956030864946,1.539722993758548,1.6100501469938053,ZONE_01,WHEEL_FLAT,FRONT_BOGIE_AXLE_1,1
13.96,RUN_014_WHEEL_FLAT,TRAIN001,-0.03765441633810412,-0.02099042230188194,0.9732178331959654,29.085597170483872,27.20022281899026,23.448388549409884,114.74128487914152,4.996795816359808,0.34630956802993634,1.7304382006973582,1.5915101593771819,ZONE_01,WHEEL_FLAT,FRONT_BOGIE_AXLE_1,1
13.97,RUN_014_WHEEL_FLAT,TRAIN001,0.0049287673355430635,0.07647462438123348,0.9506150169025616,28.882690604348657,27.126693911849017,23.530330592913565,115.32465813037598,4.971565305481049,0.3450594070018327,1.715485376180176,1.6095021558557832,ZONE_01,WHEEL_FLAT,FRONT_BOGIE_AXLE_1,1
13.98,RUN_014_WHEEL_FLAT,TRAIN001,-0.011865076825162494,0.07686226474474632,1.0149498030901092,28.9092748309458,27.2120679733551,23.53553523566874,114.93006584899756,5.027846090267658,0.3312278667259354,1.6653627347056912,1.601148630704673,ZONE_01,WHEEL_FLAT,FRONT_BOGIE_AXLE_1,1
13.99,RUN_014_WHEEL_FLAT,TRAIN001,0.09007814553109125,0.01918844688439373,0.9271207443201552,28.698509006219446,27.206843424428662,23.453552142253983,114.32645108627929,5.024440741967718,0.31198389983934144,1.5675446171907628,1.5918617030978435,ZONE_01,WHEEL_FLAT,FRONT_BOGIE_AXLE_1,1
14.0,RUN_014_WHEEL_FLAT,TRAIN001,0.0312128542804321,0.06373863164062454,0.7562036310288109,28.933795214314756,27.249111377062356,23.51386550493011,112.17331215786034,4.977570271764411,0.3411016049475793,1.697857208438199,1.592381343326476,ZONE_01,WHEEL_FLAT,FRONT_BOGIE_AXLE_1,1
14.01,RUN_014_WHEEL_FLAT,TRAIN001,-0.054492309579629396,0.045628027827294575,1.0460789098537062,28.873645441424287,27.218140756168754,23.51720829447513,114.32378490385544,4.986633080859762,0.3234343009789789,1.612848184746529,1.5804499171276598,ZONE_01,WHEEL_FLAT,FRONT_BOGIE_AXLE_1,1
14.02,RUN_014_WHEEL_FLAT,TRAIN001,0.007626549837946907,0.1527075129484167,0.9850770647815038,28.79697242609658,27.04316558998521,23.493832264563604,113.99299774106788,5.040582722956017,0.32852974494799514,1.6559813563620112,1.5923854750630095,ZONE_01,WHEEL_FLAT,FRONT_BOGIE_AXLE_1,1
14.030000000000001,RUN_014_WHEEL_FLAT,TRAIN001,0.11360395081527117,0.03968509564985578,0.8853713001295127,28.975558153753017,27.345766943072526,23.487849124919173,115.44784737419256,4.978579817934138,0.32893335553119474,1.6376209652929605,1.5789298670892244,ZONE_01,WHEEL_FLAT,FRONT_BOGIE_AXLE_1,1
14.040000000000001,RUN_014_WHEEL_FLAT,TRAIN001,0.07569968233422639,0.01855848487347356,1.204003914435832,28.904276809980892,27.31682019223502,23.468901252576455,116.37389824770112,5.0452281663313165,0.31840580631091076,1.6064299423232407,1.613017485372432,ZONE_01,WHEEL_FLAT,FRONT_BOGIE_AXLE_1,1
14.05,RUN_014_WHEEL_FLAT,TRAIN001,-0.007377907154113208,-0.01988600655795383,0.9383449980941432,28.987578594395572,27.35216127438557,23.49511102364212,115.64062285723898,5.01980486065663,0.343032527090017,1.7219563468497947,1.5486073279875694,ZONE_01,WHEEL_FLAT,FRONT_BOGIE_AXLE_1,1
14.06,RUN_014_WHEEL_FLAT,TRAIN001,0.03572088591860694,-0.010082426909552246,0.9795292030628634,29.010478266304606,27.200938741037394,23.49859324214196,116.00685820781267,5.0301308739633575,0.38978804837147035,1.9606848964152557,1.5726635510935032,ZONE_01,WHEEL_FLAT,FRONT_BOGIE_AXLE_1,1
14.07,RUN_014_WHEEL_FLAT,TRAIN001,0.028819222437293165,0.09590423832573895,0.8713334033194179,28.979814927950365,27.283388891180365,23.48448166474626,113.78399673619734,5.040984308433264,0.33948641908891736,1.7113457115534312,1.603786153477855,ZONE_01,WHEEL_FLAT,FRONT_BOGIE_AXLE_1,1
14.08,RUN_014_WHEEL_FLAT,TRAIN001,0.0705848893708642,0.013241078376551063,0.9137844334590588,28.96254557386876,27.31384150133691,23.492599043002823,116.5773777305533,4.9815244278664945,0.32366883245609207,1.6123641954190504,1.5864709290657537,ZONE_01,WHEEL_FLAT,FRONT_BOGIE_AXLE_1,1
14.09,RUN_014_WHEEL_FLAT,TRAIN001,0.056192333476624876,-0.016974157337871127,1.1564388865376187,28.91362125561645,27.383313628247716,23.540520033278398,115.41792182194499,4.945882805873711,0.33287085175440506,1.646340222268649,1.5881365518658352,ZONE_01,WHEEL_FLAT,FRONT_BOGIE_AXLE_1,1
14.1,RUN_014_WHEEL_FLAT,TRAIN001,0.10642273794336775,-0.005863154439886907,0.9687877591763925,29.027006720044888,27.57303261243349,23.488698684425067,114.21775724335119,5.012219290191806,0.3250187347235436,1.6290651718550784,1.6030087158694784,ZONE_01,WHEEL_FLAT,FRONT_BOGIE_AXLE_1,1
14.11,RUN_014_WHEEL_FLAT,TRAIN001,-0.29196325606218904,0.10424651195223476,1.677416463142525,29.206316177030462,27.169645860003207,23.474467220388814,115.70388432860574,5.021883759393736,0.3373962067827807,1.6943645313234972,1.7521912454949642,ZONE_01,WHEEL_FLAT,FRONT_BOGIE_AXLE_1,1
14.120000000000001,RUN_014_WHEEL_FLAT,TRAIN001,0.11311637249747311,0.124321300481456,1.5360711590362164,29.104250293432912,27.29204244444308,23.447824307567164,116.02393063066974,4.983340404560659,0.31700215923692376,1.5797296684583342,1.6559654707760907,ZONE_01,WHEEL_FLAT,FRONT_BOGIE_AXLE_1,1
14.13,RUN_014_WHEEL_FLAT,TRAIN001,0.05437202448955459,-0.0010659819197163332,0.9745502483006966,28.99611325407839,27.292806390640617,23.544737245017426,113.23258923537486,4.993121693103501,0.3108311203136791,1.5520176097298954,1.5983701225012843,ZONE_01,WHEEL_FLAT,FRONT_BOGIE_AXLE_1,1
14.14,RUN_014_WHEEL_FLAT,TRAIN001,-0.007802022083339251,0.06648146557433472,1.05034830568793,29.001933692345858,27.23829101435466,23.449255821029272,114.00466568831716,4.982834438680192,0.34234005814911195,1.7058238314851746,1.618281607229545,ZONE_01,WHEEL_FLAT,FRONT_BOGIE_AXLE_1,1
14.15,RUN_014_WHEEL_FLAT,TRAIN001,-0.05087597861394324,0.08288454353065523,0.93214811679994,29.076576045879634,27.330739962293535,23.578932625751456,114.19459134664581,4.988978030168304,0.37954666321963776,1.893549964226461,1.5943104785918967,ZONE_01,WHEEL_FLAT,FRONT_BOGIE_AXLE_1,1
14.16,RUN_014_WHEEL_FLAT,TRAIN001,-0.006558299327092562,-0.1261054966972258,0.9117428355136564,28.869012403614626,27.25587249630213,23.48770784057741,115.90595506807965,5.022752826214094,0.32033683513379085,1.6089727440087263,1.5626356316950358,ZONE_01,WHEEL_FLAT,FRONT_BOGIE_AXLE_1,1
14.17,RUN_014_WHEEL_FLAT,TRAIN001,0.016164844503799316,-0.010849107186886933,1.0647749192064577,29.082916714952752,27.432222378631092,23.528639779782026,115.38388127942225,4.9829036489311385,0.32400945538914017,1.6145078975467375,1.641897405308016,ZONE_01,WHEEL_FLAT,FRONT_BOGIE_AXLE_1,1
14.18,RUN_014_WHEEL_FLAT,TRAIN001,-0.08576336399043558,0.0321941849633956,0.915277760006431,28.903792393463313,27.38565924005869,23.547156418994092,112.87909137608878,5.010276839691454,0.3141091956136887,1.573774027917377,1.6100046721240788,ZONE_01,WHEEL_FLAT,FRONT_BOGIE_AXLE_1,1
14.19,RUN_014_WHEEL_FLAT,TRAIN001,0.10123459316441995,-0.07260808323436911,0.7708737530943839,29.0165727920899,27.370939311863616,23.494462300305504,112.66727683266501,5.000755345451843,0.3435334103163038,1.7179265379805575,1.621710112213238,ZONE_01,WHEEL_FLAT,FRONT_BOGIE_AXLE_1,1
14.200000000000001,RUN_014_WHEEL_FLAT,TRAIN001,0.042502911127895206,-0.033064559856085134,0.9217068293876851,29.083666223253662,27.424271331945775,23.43717514204507,114.3864032718018,5.019242118510143,0.3166559709728015,1.5893729865844106,1.5837208164803047,ZONE_01,WHEEL_FLAT,FRONT_BOGIE_AXLE_1,1
14.21,RUN_014_WHEEL_FLAT,TRAIN001,0.08186628097369054,0.02116562438829213,1.2134778439283944,28.874122422130352,27.35414603915686,23.494560035399054,115.06926115883175,5.027637893073878,0.32028182736704186,1.6102610517334859,1.617053503977127,ZONE_01,WHEEL_FLAT,FRONT_BOGIE_AXLE_1,1
14.22,RUN_014_WHEEL_FLAT,TRAIN001,-0.04114356981729385,-0.03360891963381417,1.119359287538576,29.149477242039694,27.40601750971388,23.421086578428945,114.50247432861613,5.000330468997525,0.31712100867679666,1.5857098420458149,1.6097400722426818,ZONE_01,WHEEL_FLAT,FRONT_BOGIE_AXLE_1,1
14.23,RUN_014_WHEEL_FLAT,TRAIN001,-0.1071403623200638,0.09681216905063211,0.9161539644229574,29.097639677423096,27.3144735741938,23.45425772992216,115.62989278021499,5.030987853795012,0.31588267258480357,1.5892018889984534,1.5836642096373899,ZONE_01,WHEEL_FLAT,FRONT_BOGIE_AXLE_1,1
14.24,RUN_014_WHEEL_FLAT,TRAIN001,-0.026322068020967874,-0.07276544056818536,1.0262236216456977,29.06047290590779,27.321273291697775,23.552526308887998,114.98126951443416,5.003100593435469,0.3389882975633632,1.6959925527069415,1.5761000756554735,ZONE_01,WHEEL_FLAT,FRONT_BOGIE_AXLE_1,1
14.25,RUN_014_WHEEL_FLAT,TRAIN001,0.035886175492350916,-0.04650789489148472,1.1670172113145298,28.981623708594835,27.206812838837077,23.447184035575543,115.05651915632288,4.968279628744934,0.33831630282735436,1.680849995409447,1.6010847819964558,ZONE_01,WHEEL_FLAT,FRONT_BOGIE_AXLE_1,1
14.26,RUN_014_WHEEL_FLAT,TRAIN001,0.09548931255341556,-0.052179186835705174,0.9056513089423774,29.092140209017742,27.33034908801726,23.514873234251155,113.29450553006316,4.974715245324739,0.34271402835841935,1.7049047016612837,1.5910441800708015,ZONE_01,WHEEL_FLAT,FRONT_BOGIE_AXLE_1,1
14.27,RUN_014_WHEEL_FLAT,TRAIN001,0.03024099109231545,-0.030611647581329584,0.9891499010946542,28.998466935803005,27.266329219514457,23.622242731109505,113.91565166398338,4.989651697587673,0.3553290928636594,1.772968411409446,1.5744126581181992,ZONE_01,WHEEL_FLAT,FRONT_BOGIE_AXLE_1,1
14.280000000000001,RUN_014_WHEEL_FLAT,TRAIN001,0.003002999308434809,-0.014762231625390095,1.1568450261096255,28.927598454812745,27.233857141199053,23.556429283131422,116.45437080732823,4.964971877619163,0.3609344416463415,1.7920293524382604,1.5812160372110355,ZONE_01,WHEEL_FLAT,FRONT_BOGIE_AXLE_1,1
14.290000000000001,RUN_014_WHEEL_FLAT,TRAIN001,-0.008376741517465562,0.07967047722040058,1.0978585131586,29.064051524972314,27.395890613046102,23.464267076489694,116.36759182842215,5.075486603252281,0.32144612271031636,1.6314954894835993,1.6043224530132574,ZONE_01,WHEEL_FLAT,FRONT_BOGIE_AXLE_1,1
14.3,RUN_014_WHEEL_FLAT,TRAIN001,0.025073962661360298,-0.0368622495161748,1.0248583343978448,29.20472615039065,27.36865049194441,23.56216369207671,113.58632349766121,5.035822268588366,0.31076022091229777,1.5649332406615892,1.5736973220526256,ZONE_01,WHEEL_FLAT,FRONT_BOGIE_AXLE_1,1
14.31,RUN_014_WHEEL_FLAT,TRAIN001,-0.01100252287210359,-0.0831586559159478,1.108219968218181,28.84472176675,27.245471617433022,23.455279396709848,114.6838587236409,4.974075385669893,0.31598888604660424,1.571752540229663,1.5515365638367744,ZONE_01,WHEEL_FLAT,FRONT_BOGIE_AXLE_1,1
14.32,RUN_014_WHEEL_FLAT,TRAIN001,0.059355494773128716,0.004004017438232728,1.0637032166654736,29.003698337637513,27.467259078580607,23.508475280148208,113.95819707047704,5.111753249406198,0.33759543869851655,1.725704580751853,1.6167600112926157,ZONE_01,WHEEL_FLAT,FRONT_BOGIE_AXLE_1,1
14.33,RUN_014_WHEEL_FLAT,TRAIN001,-0.026785941260595053,-0.10311223769257466,0.9960612415251981,29.112512496123422,27.448481675759965,23.51991013051294,114.0960748240713,5.032223025279191,0.3398255320822185,1.7100778671218924,1.6008721569418687,ZONE_01,WHEEL_FLAT,FRONT_BOGIE_AXLE_1,1
14.34,RUN_014_WHEEL_FLAT,TRAIN001,0.013215681305918712,-0.011051748706593771,0.9384780331522112,28.948048565507495,27.25869887786851,23.409551882652217,115.62977539224309,5.030400831964747,0.35461947217104994,1.783878087840149,1.5725240487587135,ZONE_01,WHEEL_FLAT,FRONT_BOGIE_AXLE_1,1
14.35,RUN_014_WHEEL_FLAT,TRAIN001,-0.03177841621172262,-0.09073962805909246,0.8698286992989189,28.9908211185735,27.41892448676091,23.457748658520835,115.46016695983054,4.995806995632894,0.30146792994833643,1.5060755933948664,1.6146272659939085,ZONE_01,WHEEL_FLAT,FRONT_BOGIE_AXLE_1,1
14.36,RUN_014_WHEEL_FLAT,TRAIN001,-0.05360508206797301,0.10484799982588916,1.011013081306982,28.956266257480145,27.498392650519158,23.46853826558685,113.09878929362576,4.972293107888624,0.33704037915408064,1.6758635543480038,1.6438427434353589,ZONE_01,WHEEL_FLAT,FRONT_BOGIE_AXLE_1,1
14.370000000000001,RUN_014_WHEEL_FLAT,TRAIN001,-0.05126677686328588,0.07949384365648209,0.9303513664302933,29.119810070692832,27.25403510958272,23.48261323172766,115.91238341437027,5.0381755780533055,0.32354524909354493,1.6300777723782713,1.554823455376568,ZONE_01,WHEEL_FLAT,FRONT_BOGIE_AXLE_1,1
14.38,RUN_014_WHEEL_FLAT,TRAIN001,-0.09136339041814416,-0.00612830178275353,0.9849774255784992,29.041611587649705,27.47950428849646,23.503974827405383,114.51177917120671,4.971942930274889,0.36011111978356636,1.7904519361212767,1.6303255687331522,ZONE_01,WHEEL_FLAT,FRONT_BOGIE_AXLE_1,1
14.39,RUN_014_WHEEL_FLAT,TRAIN001,0.0499273763746953,-0.06413728631356305,0.7364516778097379,28.847159097460505,27.411045718513847,23.518080095953884,116.34176602764501,5.008941834670363,0.3187173270094234,1.5964365526918154,1.608324585252204,ZONE_01,WHEEL_FLAT,FRONT_BOGIE_AXLE_1,1
14.4,RUN_014_WHEEL_FLAT,TRAIN001,0.08078547177420155,0.10798511515860518,0.985699461089397,28.874326766779912,27.364974662058124,23.45757014379039,115.33395421812943,4.96906859625201,0.3323439147606286,1.6514397099924942,1.5685983794598954,ZONE_01,WHEEL_FLAT,FRONT_BOGIE_AXLE_1,1
14.41,RUN_014_WHEEL_FLAT,TRAIN001,-0.08058275694394854,0.03507743996605964,0.99603162744971,29.02838526597232,27.345939107262353,23.483781762985576,114.00418463681714,5.072214003285847,0.3066734557457828,1.555513396669822,1.592687435222718,ZONE_01,WHEEL_FLAT,FRONT_BOGIE_AXLE_1,1
14.42,RUN_014_WHEEL_FLAT,TRAIN001,-0.02871392374421386,0.039250001703476284,0.8745517508910474,29.1850658781304,27.503784432130857,23.573106257090227,115.08304083724505,5.009388088173606,0.2990105107968413,1.4978596910244022,1.562676222206296,ZONE_01,WHEEL_FLAT,FRONT_BOGIE_AXLE_1,1
14.43,RUN_014_WHEEL_FLAT,TRAIN001,0.040301013341034406,0.011623506548242069,0.8264726151921007,29.065134186895065,27.28141803691167,23.46045427323514,115.50125122423613,5.014871966266889,0.3230477002508748,1.6200428557551012,1.6111794903748748,ZONE_01,WHEEL_FLAT,FRONT_BOGIE_AXLE_1,1
14.44,RUN_014_WHEEL_FLAT,TRAIN001,-0.06542951478547746,0.11095815007154386,1.0177541877338028,29.001326000044973,27.400543471931496,23.510236207659094,112.95735278541777,5.003688922501506,0.3407121336303089,1.7048175288078293,1.5705851457747424,ZONE_01,WHEEL_FLAT,FRONT_BOGIE_AXLE_1,1
14.450000000000001,RUN_014_WHEEL_FLAT,TRAIN001,-0.024117596670193295,0.027781404067277655,0.8874127479598081,29.107090461837718,27.383034150074902,23.534940441975,112.87861178787567,4.937563550541776,0.3033949384110732,1.4980317893173818,1.5915289955879188,ZONE_01,WHEEL_FLAT,FRONT_BOGIE_AXLE_1,1
14.46,RUN_014_WHEEL_FLAT,TRAIN001,0.03494625842293379,0.010654196801780856,1.030393654587805,29.158619640765984,27.433387336465543,23.433009355521083,113.33727764077803,4.975576494739546,0.3201920022139069,1.5931398000191082,1.6075292031101562,ZONE_01,WHEEL_FLAT,FRONT_BOGIE_AXLE_1,1
14.47,RUN_014_WHEEL_FLAT,TRAIN001,0.020354288613833333,-0.04315723133377072,0.8669338588115206,29.11700393784851,27.22363187589227,23.53261625037645,116.89437262417252,5.002006380528194,0.3046958492359459,1.5240905819986579,1.6117266623713273,ZONE_01,WHEEL_FLAT,FRONT_BOGIE_AXLE_1,1
14.48,RUN_014_WHEEL_FLAT,TRAIN001,-0.09042523063637489,0.02135240730608306,1.0369068110433255,28.844529348816433,27.341996409113243,23.52578431725743,114.43229747830557,4.995713410037551,0.3251131070034822,1.6241719084362694,1.607715543686273,ZONE_01,WHEEL_FLAT,FRONT_BOGIE_AXLE_1,1
14.49,RUN_014_WHEEL_FLAT,TRAIN001,0.1019915641159763,0.001476790042279091,0.8137001022227479,29.17958441286681,27.509897486295177,23.549814413349047,116.70982678042381,4.9755402669668625,0.37024694647394296,1.8421785909026278,1.5640688188437155,ZONE_01,WHEEL_FLAT,FRONT_BOGIE_AXLE_1,1
14.5,RUN_014_WHEEL_FLAT,TRAIN001,0.057759448391453104,0.07369240800430554,0.9867044868554774,28.884040777031938,27.25584349306014,23.392385015454582,115.89336116055738,5.03581409865978,0.355402212549362,1.789739472650957,1.6314173395239837,ZONE_01,WHEEL_FLAT,FRONT_BOGIE_AXLE_1,1
14.51,RUN_014_WHEEL_FLAT,TRAIN001,0.05141586727053897,-0.0673476388665385,1.0853041317335785,28.983455669392374,27.362945464290718,23.518455641433093,114.82163753896091,4.974283829984945,0.31176595803024143,1.5508123637695947,1.6197682947452634,ZONE_01,WHEEL_FLAT,FRONT_BOGIE_AXLE_1,1
14.52,RUN_014_WHEEL_FLAT,TRAIN001,-0.0063400891111098845,0.005578005863211675,0.8722921495429412,29.1312348473682,27.416107598618122,23.537442529290555,115.36985335245345,4.995181702094499,0.312224663842145,1.5596189277668884,1.545992074725234,ZONE_01,WHEEL_FLAT,FRONT_BOGIE_AXLE_1,1
14.530000000000001,RUN_014_WHEEL_FLAT,TRAIN001,0.004339171914294088,0.005504653192464945,1.2454639086181576,29.248842292187813,27.23437565520396,23.58225455558496,114.22995229360617,5.026805017663106,0.3644830989730097,1.8321854707709235,1.6147415753911465,ZONE_01,WHEEL_FLAT,FRONT_BOGIE_AXLE_1,1
14.540000000000001,RUN_014_WHEEL_FLAT,TRAIN001,0.034109989320534634,-0.11196137564645678,1.021324879418565,29.028424870251435,27.366690213562162,23.51787674682299,115.99694370422802,5.012168410004041,0.2904766094779044,1.4559176858702327,1.541321450829932,ZONE_01,WHEEL_FLAT,FRONT_BOGIE_AXLE_1,1
14.55,RUN_014_WHEEL_FLAT,TRAIN001,0.043661495994019583,-0.09460134724858241,0.7960194993774778,29.07019571756064,27.324550033609352,23.512107989550156,115.54565776513492,4.995346371190793,0.3458052718967184,1.7274171101079179,1.6145882078015923,ZONE_01,WHEEL_FLAT,FRONT_BOGIE_AXLE_1,1
14.56,RUN_014_WHEEL_FLAT,TRAIN001,0.019131293995065926,0.043104992050244324,0.9715236032484909,29.342299986228905,27.474201077821323,23.4448004376782,114.21838590747443,5.0483888781405595,0.3310807028586191,1.671424138078412,1.579721315700697,ZONE_01,WHEEL_FLAT,FRONT_BOGIE_AXLE_1,1
14.57,RUN_014_WHEEL_FLAT,TRAIN001,0.04217090106319455,0.10080312635082417,1.006551502763129,29.052502383902443,27.31042642468872,23.48700400773379,116.32237239837052,5.01553585574569,0.337288619349795,1.6916831640838563,1.5423258543260956,ZONE_01,WHEEL_FLAT,FRONT_BOGIE_AXLE_1,1
14.58,RUN_014_WHEEL_FLAT,TRAIN001,-0.03465209816819533,0.013565132400915914,0.9264984926302405,29.038373837618437,27.267607880542258,23.401643441495814,114.00602956479325,5.032870058150534,0.34256448916172905,1.7240825604876993,1.5979889994779917,ZONE_01,WHEEL_FLAT,FRONT_BOGIE_AXLE_1,1
14.59,RUN_014_WHEEL_FLAT,TRAIN001,-0.09688959882630341,0.04324047689384533,0.9551418102120466,28.88770046534078,27.50848100494646,23.402696172014902,114.99421716517138,5.049955602465693,0.33901917307617596,1.7120317724193213,1.5968388068917478,ZONE_01,WHEEL_FLAT,FRONT_BOGIE_AXLE_1,1
14.6,RUN_014_WHEEL_FLAT,TRAIN001,-0.07126041089837323,-0.06944504548396217,1.0911805282836022,29.227462697387516,27.22104943416138,23.408359526166187,117.0021647081967,4.9891221500318395,0.33468183588806194,1.6697685606424508,1.543601886153777,ZONE_01,WHEEL_FLAT,FRONT_BOGIE_AXLE_1,1
14.61,RUN_014_WHEEL_FLAT,TRAIN001,0.044391562280771076,-0.042456582330689496,0.8580160087828095,29.08942603640371,27.44908779565512,23.472515968995417,114.88356571082225,4.984242363309572,0.3046670250467382,1.518534292941451,1.570163516333204,ZONE_01,WHEEL_FLAT,FRONT_BOGIE_AXLE_1,1
14.620000000000001,RUN_014_WHEEL_FLAT,TRAIN001,-0.031532547352407805,-0.08434462437261003,0.9135568695715827,29.128138107903016,27.409176948381337,23.51399747185007,116.83371755825476,5.019619648611242,0.3439367925206684,1.726431881617075,1.6105570288947622,ZONE_01,WHEEL_FLAT,FRONT_BOGIE_AXLE_1,1
14.63,RUN_014_WHEEL_FLAT,TRAIN001,0.199139701851453,0.18158642277628953,1.5796028939711406,28.9357589669708,27.490587673175256,23.5557892376493,116.05002058734287,5.005098431540042,0.317444692020729,1.5888419301336625,1.7133045253090184,ZONE_01,WHEEL_FLAT,FRONT_BOGIE_AXLE_1,1
14.64,RUN_014_WHEEL_FLAT,TRAIN001,-0.2343656704701387,0.08041605478735975,1.45768427450849,28.943461223225132,27.396148110417716,23.51997994800008,117.54051533394492,5.0064666917777805,0.31261833721979476,1.5651132925298565,1.6282548027814059,ZONE_01,WHEEL_FLAT,FRONT_BOGIE_AXLE_1,1
14.65,RUN_014_WHEEL_FLAT,TRAIN001,0.08699699604996625,0.07351467810003635,1.0918664059475298,28.889655428683362,27.33265476509008,23.466621770438575,114.5832258500591,4.967745167598775,0.3472636411097204,1.7251172750055688,1.5649763238454388,ZONE_01,WHEEL_FLAT,FRONT_BOGIE_AXLE_1,1
14.66,RUN_014_WHEEL_FLAT,TRAIN001,0.0010871530497130045,0.09573392653889368,0.9490256914866967,29.292080967007113,27.39890136515379,23.489802363200443,114.47808235899534,4.986046464834945,0.3401015877538555,1.695762319304863,1.5722021840861233,ZONE_01,WHEEL_FLAT,FRONT_BOGIE_AXLE_1,1
14.67,RUN_014_WHEEL_FLAT,TRAIN001,0.00031972165388687447,0.014739389181315083,0.9506373709111712,29.09715844876135,27.464802780254857,23.551581707689227,116.06734892817678,4.974296281653236,0.3603153004794588,1.7923150593977404,1.581297399844558,ZONE_01,WHEEL_FLAT,FRONT_BOGIE_AXLE_1,1
14.68,RUN_014_WHEEL_FLAT,TRAIN001,0.09752741275156634,0.015838746729942507,1.0281315747285609,29.325791147156743,27.50506350225192,23.541048327702697,113.0281526330796,5.007086418017027,0.3706075019746028,1.8556637895522523,1.6169376839445293,ZONE_01,WHEEL_FLAT,FRONT_BOGIE_AXLE_1,1
14.69,RUN_014_WHEEL_FLAT,TRAIN001,0.03825169481208284,-0.05063983652542423,0.8477007946348125,29.026081825369427,27.565347103634373,23.51479770036911,114.26222406885641,4.938661238475889,0.32214342792315104,1.5909572607138172,1.6104707860085912,ZONE_01,WHEEL_FLAT,FRONT_BOGIE_AXLE_1,1
14.700000000000001,RUN_014_WHEEL_FLAT,TRAIN001,-0.049784496813737124,0.20087266378141225,1.0491693601072194,29.226838335674643,27.551764048292572,23.57104145605229,117.07263947268294,5.0062630447784855,0.2882640392936929,1.443125607054588,1.6503818669832113,ZONE_01,WHEEL_FLAT,FRONT_BOGIE_AXLE_1,1
14.71,RUN_014_WHEEL_FLAT,TRAIN001,-0.008525850903186749,0.022671589115844056,1.0768267379169372,29.169961177519955,27.54859903557647,23.555741571801804,113.78394862008017,4.990698857541072,0.3120289824815859,1.557242686390554,1.5895717062930101,ZONE_01,WHEEL_FLAT,FRONT_BOGIE_AXLE_1,1
14.72,RUN_014_WHEEL_FLAT,TRAIN001,0.03234988320988076,-0.047110818539460565,1.071899074131097,29.04581305203501,27.293648008385517,23.458785761591887,115.33014187372804,5.000339608745827,0.3371241455819603,1.6857352182180707,1.5874689171486667,ZONE_01,WHEEL_FLAT,FRONT_BOGIE_AXLE_1,1
14.73,RUN_014_WHEEL_FLAT,TRAIN001,-0.058074991563663816,-0.07760015255435428,1.0139127884009602,29.029926686206874,27.21015983839021,23.499872176090246,117.22475903832206,4.9552739324431485,0.2937374080887179,1.4555493212854391,1.562046022147459,ZONE_01,WHEEL_FLAT,FRONT_BOGIE_AXLE_1,1
14.74,RUN_014_WHEEL_FLAT,TRAIN001,-0.031127037897465966,0.04831151551162225,1.0783601106590497,29.20512792174393,27.407511922507567,23.592647191466547,112.70965509462874,4.9991610216590034,0.33784270882384615,1.688930101403864,1.6175884003484227,ZONE_01,WHEEL_FLAT,FRONT_BOGIE_AXLE_1,1
14.75,RUN_014_WHEEL_FLAT,TRAIN001,0.0006620249733425593,0.01589085642737585,0.9614969998253229,29.341552760257546,27.382826554113752,23.565802953512673,114.00316739070799,5.000698479366445,0.3380674390900414,1.6905733285808782,1.560778548992562,ZONE_01,WHEEL_FLAT,FRONT_BOGIE_AXLE_1,1
14.76,RUN_014_WHEEL_FLAT,TRAIN001,0.04529949848582794,-0.06479011468574027,1.0634382024057583,29.26020480954554,27.39233500250047,23.53252048675883,115.5059484232453,4.942902254167963,0.3352303616945182,1.6570109104853756,1.597249227121731,ZONE_01,WHEEL_FLAT,FRONT_BOGIE_AXLE_1,1
14.77,RUN_014_WHEEL_FLAT,TRAIN001,-0.02238554032565215,0.01643800663476399,0.9180816111545743,29.04062267058144,27.360026286939224,23.481895625029708,112.78049258341075,5.0106675967193395,0.36030937137070956,1.8053904919215293,1.6428410099202666,ZONE_01,WHEEL_FLAT,FRONT_BOGIE_AXLE_1,1
14.780000000000001,RUN_014_WHEEL_FLAT,TRAIN001,-0.06081648183795225,-0.14107938541112827,1.0969470018591978,29.169289746768047,27.572789800155487,23.431451346478674,113.10543892594971,5.0189253289417595,0.3750405536271514,1.8823005339796504,1.6186091272531185,ZONE_01,WHEEL_FLAT,FRONT_BOGIE_AXLE_1,1
14.790000000000001,RUN_014_WHEEL_FLAT,TRAIN001,-0.0347637968377249,-0.06938922454061956,0.9747055751197286,29.052582417782823,27.44155327640871,23.480830462964967,115.08373349948701,5.0037793366684955,0.304959917660576,1.525952134502116,1.5896342122723288,ZONE_01,WHEEL_FLAT,FRONT_BOGIE_AXLE_1,1
14.8,RUN_014_WHEEL_FLAT,TRAIN001,-0.04288237568177963,-0.02611128434784375,0.7658255245198746,29.254917221613344,27.45678929738903,23.47771477495964,115.62465448360496,4.981904339144532,0.30216522017905895,1.5053582215486168,1.6357658479968202,ZONE_01,WHEEL_FLAT,FRONT_BOGIE_AXLE_1,1
14.81,RUN_014_WHEEL_FLAT,TRAIN001,0.0039548773325846906,-0.013321905485689614,1.0316002006477831,29.164855861247787,27.46570050095643,23.50778784083102,114.10256963319651,4.990987459637861,0.3085895550425653,1.5401665993926708,1.5905820700101232,ZONE_01,WHEEL_FLAT,FRONT_BOGIE_AXLE_1,1
14.82,RUN_014_WHEEL_FLAT,TRAIN001,-0.13009885854873654,-0.11824281349131069,1.0017968419667815,29.009990353028584,27.430277223194746,23.561248085688632,116.78355380103736,4.969999098132068,0.35259100294482626,1.752376966645268,1.5305216506759356,ZONE_01,WHEEL_FLAT,FRONT_BOGIE_AXLE_1,1
14.83,RUN_014_WHEEL_FLAT,TRAIN001,0.09068981566446285,-0.008213535864669217,1.0805772988099207,29.01703928916213,27.228544258661177,23.49823145323841,112.4741631616067,5.035614517274326,0.3334516084220002,1.6791337601782983,1.5989300821870185,ZONE_01,WHEEL_FLAT,FRONT_BOGIE_AXLE_1,1
14.84,RUN_014_WHEEL_FLAT,TRAIN001,-0.03349576034237478,-0.05419411004308368,0.9648328369561088,29.172540747370896,27.492557865709173,23.51275643757772,114.24675033907778,4.978344376194618,0.3436040852051254,1.7105794652184323,1.610347234299752,ZONE_01,WHEEL_FLAT,FRONT_BOGIE_AXLE_1,1
14.85,RUN_014_WHEEL_FLAT,TRAIN001,0.022783961153082503,0.04889525513350972,1.0382931747054,29.19787698204092,27.476072091888724,23.541470253644917,114.07809980568769,4.9968979333862436,0.32489695597875917,1.623476927893743,1.5929680536839028,ZONE_01,WHEEL_FLAT,FRONT_BOGIE_AXLE_1,1
14.86,RUN_014_WHEEL_FLAT,TRAIN001,-0.09337055856123101,0.07964740379443627,0.8704280427305309,29.007285765863895,27.300122738555302,23.469035325615867,114.90261832010299,5.046477069705771,0.309656236973561,1.562673099378452,1.6010874251730722,ZONE_01,WHEEL_FLAT,FRONT_BOGIE_AXLE_1,1
14.870000000000001,RUN_014_WHEEL_FLAT,TRAIN001,-0.04120968313639009,-0.018202979953888882,1.0095523271217965,29.300664132178213,27.29746649728682,23.481707167985462,114.31441472858614,5.044963758885228,0.31497496866620284,1.5890373018770034,1.5851396725058537,ZONE_01,WHEEL_FLAT,FRONT_BOGIE_AXLE_1,1
14.88,RUN_014_WHEEL_FLAT,TRAIN001,0.06350606413312483,0.06929328368125967,0.8846446855255088,29.07458805090318,27.4218783817627,23.537553722642482,114.07206222507942,5.01604616615805,0.3114261224271033,1.5621278074419391,1.590127823465732,ZONE_01,WHEEL_FLAT,FRONT_BOGIE_AXLE_1,1
14.89,RUN_014_WHEEL_FLAT,TRAIN001,0.027995927670708257,0.042870369686135196,1.0682976465615561,29.13033982461502,27.25881312448545,23.535565247001472,114.41682477161254,5.059370452962946,0.32700959793350864,1.6544626976200865,1.6067943471579702,ZONE_01,WHEEL_FLAT,FRONT_BOGIE_AXLE_1,1
14.9,RUN_014_WHEEL_FLAT,TRAIN001,-0.062084873418196615,0.01188370942833889,0.9434800709203692,29.221097248929993,27.568026764409126,23.504742379852882,114.829280331342,5.0086929750670715,0.3486175107116246,1.7461180768866837,1.6198550963413294,ZONE_01,WHEEL_FLAT,FRONT_BOGIE_AXLE_1,1
14.91,RUN_014_WHEEL_FLAT,TRAIN001,0.019848144176063735,-0.058752448994705705,1.0062639472411132,28.974996520737648,27.290117238433275,23.493200794404583,115.36511796764167,4.983433459218589,0.3475104387877675,1.7317951480826939,1.6067742023629683,ZONE_01,WHEEL_FLAT,FRONT_BOGIE_AXLE_1,1
14.92,RUN_014_WHEEL_FLAT,TRAIN001,-0.1310746505040801,0.13405550665044408,1.149614410187042,29.319079856055165,27.393427492907183,23.502688148304138,114.55262077147545,4.997058084289404,0.35023308685154403,1.750135078037141,1.6328225592599,ZONE_01,WHEEL_FLAT,FRONT_BOGIE_AXLE_1,1
14.93,RUN_014_WHEEL_FLAT,TRAIN001,-0.14414025621858387,0.06374031235969338,0.8378768723781013,29.002974142284486,27.57039423510247,23.567714277922846,114.12160900637276,5.061624383917668,0.32902542007459246,1.6654030891783107,1.6011777813460857,ZONE_01,WHEEL_FLAT,FRONT_BOGIE_AXLE_1,1
14.94,RUN_014_WHEEL_FLAT,TRAIN001,-0.011933859815770727,-0.07746829129516984,0.9280513961582316,29.14161313710706,27.429433475585917,23.504918633746453,115.98269177508719,5.020536608412374,0.29921993543841063,1.5022446398353275,1.572830085896681,ZONE_01,WHEEL_FLAT,FRONT_BOGIE_AXLE_1,1
14.950000000000001,RUN_014_WHEEL_FLAT,TRAIN001,0.0021363203334102397,-0.07857027109469471,0.9523190371913515,29.201411176053764,27.39344445775289,23.496852676029018,115.53110689088797,5.030394960244908,0.33801097823194376,1.7003287214054212,1.5988878257129262,ZONE_01,WHEEL_FLAT,FRONT_BOGIE_AXLE_1,1
14.96,RUN_014_WHEEL_FLAT,TRAIN001,-0.10727273241411389,0.051285312813927036,1.0976733441029374,29.225822819390775,27.490688065029172,23.456683857195227,114.07338090914655,4.964947860459614,0.33608185524306644,1.6686288881283604,1.5609718785130697,ZONE_01,WHEEL_FLAT,FRONT_BOGIE_AXLE_1,1
14.97,RUN_014_WHEEL_FLAT,TRAIN001,-0.061505260942733835,0.03036040137131857,1.0520534822915588,29.30186477883733,27.450121946255432,23.553465091575013,114.60999774603377,5.015222979194152,0.34376020719124967,1.7240340904380982,1.6389005437525,ZONE_01,WHEEL_FLAT,FRONT_BOGIE_AXLE_1,1
14.98,RUN_014_WHEEL_FLAT,TRAIN001,0.05630481864016549,0.0006338884028816105,1.1720593552108531,29.266635104291925,27.48616079892668,23.504999173087025,115.7346344282969,5.015195479360206,0.3201834798190205,1.6057827405541714,1.5778542476479809,ZONE_01,WHEEL_FLAT,FRONT_BOGIE_AXLE_1,1
14.99,RUN_014_WHEEL_FLAT,TRAIN001,0.027812158168899793,-0.06293050477787622,0.8259945159905089,29.28436257313439,27.52331050446065,23.50980362327133,115.75081820541934,5.0273824231968005,0.3474541105128549,1.7467846880598055,1.654502739891099,ZONE_01,WHEEL_FLAT,FRONT_BOGIE_AXLE_1,1
15.0,RUN_014_WHEEL_FLAT,TRAIN001,0.044906405044250364,0.09199775596136635,1.1457857199134214,29.16046643657647,27.444691835195822,23.477509768960395,115.98900242452636,5.038343365888725,0.3430679710538669,1.7284942360081552,1.6215010574735145,ZONE_02,WHEEL_FLAT,FRONT_BOGIE_AXLE_1,1
15.01,RUN_014_WHEEL_FLAT,TRAIN001,0.025699999427465234,0.10436484554000285,0.9164578119039257,29.24620054482197,27.437880628288127,23.487047114169215,116.8358444718293,5.0377903139502385,0.3208584600829896,1.6164176423550745,1.6380895733619,ZONE_02,WHEEL_FLAT,FRONT_BOGIE_AXLE_1,1
15.02,RUN_014_WHEEL_FLAT,TRAIN001,-0.04738475204298579,-0.017012310236634583,0.8327016711487479,29.04775119785097,27.3526046006394,23.56995478506003,115.76487749787142,4.980065058932634,0.35121886095443294,1.7490927774772906,1.575053635059662,ZONE_02,WHEEL_FLAT,FRONT_BOGIE_AXLE_1,1
15.030000000000001,RUN_014_WHEEL_FLAT,TRAIN001,0.09356702124319248,0.03227607407155947,1.0016392707614135,29.210087765036334,27.574649168112185,23.50354881504472,114.10401599784811,4.992122502822805,0.34482164091407297,1.7213918730674285,1.6042914633825982,ZONE_02,WHEEL_FLAT,FRONT_BOGIE_AXLE_1,1
15.040000000000001,RUN_014_WHEEL_FLAT,TRAIN001,-0.07666685551037178,0.14910908789523758,1.0753276483422205,29.358696879608576,27.544448794125792,23.49021292478589,114.68579978828649,5.000046808664131,0.2966143533604718,1.483085650924002,1.5765000626923762,ZONE_02,WHEEL_FLAT,FRONT_BOGIE_AXLE_1,1
15.05,RUN_014_WHEEL_FLAT,TRAIN001,0.023623994930133778,0.03353110531233298,1.0296776350205217,29.22264658793721,27.431608875744796,23.49812186092571,115.60747327380707,4.9991007412409605,0.3091859542156786,1.5456517329008927,1.6157705541670848,ZONE_02,WHEEL_FLAT,FRONT_BOGIE_AXLE_1,1
15.06,RUN_014_WHEEL_FLAT,TRAIN001,-0.023574280813069285,0.04579162663515086,0.8642375804129001,29.188788328687107,27.5683534547979,23.57028955225971,114.81981910252941,4.907653737801572,0.3211851554045369,1.5762655284474543,1.6022720127271828,ZONE_02,WHEEL_FLAT,FRONT_BOGIE_AXLE_1,1
15.07,RUN_014_WHEEL_FLAT,TRAIN001,-0.12321856512774076,-0.00043417028644306534,1.0085465460470744,29.206399065098815,27.54320025210987,23.482979602615256,114.13102112229342,4.915201555334318,0.3229463199953085,1.5873462543304346,1.6059275354031515,ZONE_02,WHEEL_FLAT,FRONT_BOGIE_AXLE_1,1
15.08,RUN_014_WHEEL_FLAT,TRAIN001,-0.013386054915059177,-0.031466523424866416,0.7874131965259474,29.535159972948655,27.592289661436777,23.575674147794054,113.3183523890301,4.978425826468263,0.29247707275018353,1.4560754126293507,1.632582344847176,ZONE_02,WHEEL_FLAT,FRONT_BOGIE_AXLE_1,1
15.09,RUN_014_WHEEL_FLAT,TRAIN001,-0.038586075000834316,-0.04948498101820729,1.0047065927525172,29.277697444878058,27.426463493088715,23.47279828337621,114.72144395240545,4.973715471426829,0.3345838935663242,1.6641250879210538,1.5653867355537283,ZONE_02,WHEEL_FLAT,FRONT_BOGIE_AXLE_1,1
15.1,RUN_014_WHEEL_FLAT,TRAIN001,0.11010453720123081,-0.04593353072778919,0.9160384068487356,29.126526310046184,27.5455032912855,23.412171882808142,117.39186183462405,5.024268085906516,0.34751752826329296,1.7460212265463784,1.6224034795512199,ZONE_02,WHEEL_FLAT,FRONT_BOGIE_AXLE_1,1
15.11,RUN_014_WHEEL_FLAT,TRAIN001,-0.052376154481201566,0.11049252964675042,1.0600080790478683,29.274320862109487,27.610288241917072,23.504587160227562,115.16215592629774,5.037765256086046,0.3233043228612281,1.6287312848527207,1.6068715132800804,ZONE_02,WHEEL_FLAT,FRONT_BOGIE_AXLE_1,1
15.120000000000001,RUN_014_WHEEL_FLAT,TRAIN001,0.007102029608949159,0.012387670676323936,0.9299690917218887,29.116103410428835,27.481690119081623,23.442478296649274,115.85725502966847,5.001516683115389,0.31252071365423495,1.5630775631607834,1.5706913283587713,ZONE_02,WHEEL_FLAT,FRONT_BOGIE_AXLE_1,1
15.13,RUN_014_WHEEL_FLAT,TRAIN001,-0.04671704604162793,-0.0847465652525713,1.0051816250271277,29.248979227407773,27.424269206988804,23.51854008352228,114.74537158120638,5.000517967839648,0.3453704567482112,1.727031174530416,1.5984925584333127,ZONE_02,WHEEL_FLAT,FRONT_BOGIE_AXLE_1,1
15.14,RUN_014_WHEEL_FLAT,TRAIN001,0.15520963291747852,0.08212881141592064,0.9611640492993885,29.33195073766209,27.535452223529568,23.450750246642638,114.25133896152992,5.010842143286936,0.3253372276453769,1.6302134910655903,1.5502696802667244,ZONE_02,WHEEL_FLAT,FRONT_BOGIE_AXLE_1,1
15.15,RUN_014_WHEEL_FLAT,TRAIN001,0.15829052986365455,-0.0025833143631829036,1.3748987702108943,29.11658931687255,27.440165119802174,23.561992433574417,114.9359714645271,4.989903644283191,0.3443887596387492,1.7184667267715628,1.6571616236767752,ZONE_02,WHEEL_FLAT,FRONT_BOGIE_AXLE_1,1
15.16,RUN_014_WHEEL_FLAT,TRAIN001,-0.11169360674924761,0.23490358218941493,1.630784424725159,29.238719667748164,27.650270774302058,23.499343526707868,114.0907529020709,4.993098665721754,0.32537610381146737,1.6246349897987806,1.6769070286767669,ZONE_02,WHEEL_FLAT,FRONT_BOGIE_AXLE_1,1
15.17,RUN_014_WHEEL_FLAT,TRAIN001,0.15532098824065704,0.0007171411341362318,1.1661280344449962,29.160232237827795,27.570841204052183,23.456683686293992,116.01991261384534,5.032843086775578,0.3163484433614695,1.5921320761839872,1.5717237855299966,ZONE_02,WHEEL_FLAT,FRONT_BOGIE_AXLE_1,1
15.18,RUN_014_WHEEL_FLAT,TRAIN001,0.04446012820531076,0.03812191555885453,1.077587658835362,29.226369758075542,27.538542586976284,23.534882866692882,114.87737414780331,5.024772192124831,0.3611091713296447,1.81449132241844,1.5704587484540156,ZONE_02,WHEEL_FLAT,FRONT_BOGIE_AXLE_1,1
15.19,RUN_014_WHEEL_FLAT,TRAIN001,0.01477519710835803,0.09852323085334451,1.0659104615334034,29.03959658841655,27.440435780535452,23.50727178158803,113.3740822817638,5.053622300395353,0.3637889183664891,1.8384517904935938,1.593706242171471,ZONE_02,WHEEL_FLAT,FRONT_BOGIE_AXLE_1,1
15.200000000000001,RUN_014_WHEEL_FLAT,TRAIN001,0.03070749411614316,-0.02434197443124776,1.0308669850732781,29.13878782088035,27.374971702448672,23.439396500419562,115.98892760451118,4.958265305148867,0.3387078360980948,1.6794033123072325,1.6054250876551182,ZONE_02,WHEEL_FLAT,FRONT_BOGIE_AXLE_1,1
15.21,RUN_014_WHEEL_FLAT,TRAIN001,-0.0703537425808098,0.159077689335887,0.9351112568631277,29.20011404005941,27.4065493215718,23.565421063242773,114.75507782793761,5.024067286525313,0.33978831656411385,1.7071193655932717,1.59037873853354,ZONE_02,WHEEL_FLAT,FRONT_BOGIE_AXLE_1,1
15.22,RUN_014_WHEEL_FLAT,TRAIN001,0.033757773809258686,-0.02466825905049905,0.8673159603735697,29.35059334192859,27.438705809442446,23.48064373315556,114.56371420390064,5.013904625484905,0.3496315343150412,1.7530191671175692,1.5970772827709794,ZONE_02,WHEEL_FLAT,FRONT_BOGIE_AXLE_1,1
15.23,RUN_014_WHEEL_FLAT,TRAIN001,0.03768491302374928,-0.09283165309966956,0.9971303588208953,29.15587437537592,27.61292611107908,23.49295596209937,114.95833366686813,4.9957431451436785,0.3474453159263433,1.7357475553513093,1.5903467564116405,ZONE_02,WHEEL_FLAT,FRONT_BOGIE_AXLE_1,1
15.24,RUN_014_WHEEL_FLAT,TRAIN001,0.15399739877283503,-0.038192501075663486,1.0061258345680275,29.149956816407077,27.490451112100757,23.59605133701542,115.20011980972329,4.932999989807318,0.3116385504233403,1.537312966061905,1.5895790479617586,ZONE_02,WHEEL_FLAT,FRONT_BOGIE_AXLE_1,1
15.25,RUN_014_WHEEL_FLAT,TRAIN001,-0.033364415585042696,-0.01792853361449486,0.8914297863975335,29.349111016472225,27.391651315148234,23.53586447185215,114.01779622430445,4.976140401206971,0.34219673474644885,1.7028189969329093,1.6033364937940366,ZONE_02,WHEEL_FLAT,FRONT_BOGIE_AXLE_1,1
15.26,RUN_014_WHEEL_FLAT,TRAIN001,-0.02832071533839343,0.029091715557047676,0.9020227170992706,29.188571339791736,27.53226174098725,23.491197705440946,115.5795692220941,4.973688212191748,0.3556754526355358,1.7690188061393286,1.565840983670915,ZONE_02,WHEEL_FLAT,FRONT_BOGIE_AXLE_1,1
15.27,RUN_014_WHEEL_FLAT,TRAIN001,-0.04146996799898382,0.013425456246352257,1.1029128068814977,29.18085271770686,27.452388705158118,23.50481158994486,114.01802868080195,4.967877125069669,0.34533391343771286,1.7155764490780028,1.576612440843111,ZONE_02,WHEEL_FLAT,FRONT_BOGIE_AXLE_1,1
15.280000000000001,RUN_014_WHEEL_FLAT,TRAIN001,-0.05023486541282105,-0.06864961741216645,0.9538253548313398,29.411525699613428,27.56170248184009,23.418823984658047,115.38447818436566,5.033840761780667,0.3272392563741789,1.6472703075911355,1.5974112318813616,ZONE_02,WHEEL_FLAT,FRONT_BOGIE_AXLE_1,1
15.290000000000001,RUN_014_WHEEL_FLAT,TRAIN001,-0.03098350887950731,-0.026217741217892943,1.0098356327058853,29.281600701834943,27.363035672278343,23.55660272925997,115.87690950223195,5.048581310413902,0.32719779193796766,1.65188465718672,1.59400819179791,ZONE_02,WHEEL_FLAT,FRONT_BOGIE_AXLE_1,1
15.3,RUN_014_WHEEL_FLAT,TRAIN001,-0.0086425535778807,0.0009127303225641136,1.1532389228982467,29.296500062702748,27.353044628802955,23.462622993128523,114.9312334538791,4.971975475869404,0.3678037488336603,1.8287112191337889,1.5578830486820276,ZONE_02,WHEEL_FLAT,FRONT_BOGIE_AXLE_1,1
15.31,RUN_014_WHEEL_FLAT,TRAIN001,0.09498245000678328,-0.004327913576296395,0.9075910499543736,28.96655647335558,27.421493087995465,23.49044428639241,115.56777837056856,4.963739393262753,0.3158585854019125,1.5678397030597206,1.6116448547175037,ZONE_02,WHEEL_FLAT,FRONT_BOGIE_AXLE_1,1
15.32,RUN_014_WHEEL_FLAT,TRAIN001,-0.027357673205441916,0.008295547654080535,0.9306753704350753,29.14906192596438,27.507731521639403,23.546424268017642,115.71198400275321,5.020569197169264,0.3301091853877877,1.6573360078605652,1.5969329904095964,ZONE_02,WHEEL_FLAT,FRONT_BOGIE_AXLE_1,1
15.33,RUN_014_WHEEL_FLAT,TRAIN001,-0.020299811465511113,-0.07063924231097025,1.1737798732662248,29.305349665334813,27.53461009161653,23.4906582440732,113.38867843985844,5.015335673168013,0.3208983546066402,1.6094129653196014,1.5761774833891506,ZONE_02,WHEEL_FLAT,FRONT_BOGIE_AXLE_1,1
15.34,RUN_014_WHEEL_FLAT,TRAIN001,0.10193238174556242,-0.015255129852385139,1.0842912648794085,29.187548870944436,27.467286412542727,23.433573080387248,115.92481253421356,4.955613593902756,0.31008803903589777,1.5366765015529433,1.6217679179954336,ZONE_02,WHEEL_FLAT,FRONT_BOGIE_AXLE_1,1
15.35,RUN_014_WHEEL_FLAT,TRAIN001,0.0038198229681081805,-0.010750069503135376,0.9267646554897397,29.251602612333116,27.569988215037807,23.48197247428838,116.08686933680255,4.949103285598419,0.3511806926959636,1.738029520060322,1.6022747710699257,ZONE_02,WHEEL_FLAT,FRONT_BOGIE_AXLE_1,1
15.36,RUN_014_WHEEL_FLAT,TRAIN001,0.0802376737699707,0.01801475080595807,0.9548910222400535,29.355005046903653,27.565731779087407,23.462950027552484,114.43227605085674,5.008224373270019,0.34304257314752,1.718034175906673,1.626051374016141,ZONE_02,WHEEL_FLAT,FRONT_BOGIE_AXLE_1,1
15.370000000000001,RUN_014_WHEEL_FLAT,TRAIN001,-0.05865668669884572,0.05485915567639024,1.0113641151946728,29.336379545071473,27.589276034959394,23.544315543427143,116.75953264154468,4.94610213212286,0.3130505283749167,1.5483798858573634,1.5754828467504933,ZONE_02,WHEEL_FLAT,FRONT_BOGIE_AXLE_1,1
15.38,RUN_014_WHEEL_FLAT,TRAIN001,-0.003739705419977845,-0.10934936213715951,0.9997539312885934,29.38705086136758,27.587185069852282,23.42759314434868,116.60642302627294,4.9711943665593035,0.31981431726161164,1.5898591323159337,1.6245519399365687,ZONE_02,WHEEL_FLAT,FRONT_BOGIE_AXLE_1,1
15.39,RUN_014_WHEEL_FLAT,TRAIN001,0.03659825992443772,-0.02793383663575089,0.9129107282132675,29.192175474526767,27.694595062144643,23.525327538777475,115.04690419460259,4.999192734669235,0.31643653091776025,1.5819272063480037,1.6099991012428339,ZONE_02,WHEEL_FLAT,FRONT_BOGIE_AXLE_1,1
15.4,RUN_014_WHEEL_FLAT,TRAIN001,0.06647188025400048,-0.10675796361222657,0.9632202357145025,29.339371106967885,27.400295047848058,23.534527395057218,115.0701654473643,5.005850854425463,0.3220185922208461,1.6119770450096074,1.6050497165935411,ZONE_02,WHEEL_FLAT,FRONT_BOGIE_AXLE_1,1
15.41,RUN_014_WHEEL_FLAT,TRAIN001,-0.021395503255795617,0.027809120412067196,1.0373936196825324,29.129812341832178,27.50217297526841,23.457210297680344,113.20384689161578,4.989311433399672,0.3325950236028177,1.6594201539533722,1.582051205404749,ZONE_02,WHEEL_FLAT,FRONT_BOGIE_AXLE_1,1
15.42,RUN_014_WHEEL_FLAT,TRAIN001,0.05833432476530223,-0.011310998240500256,0.8641698350477358,29.262605740767867,27.65414263090567,23.48452005584505,115.46334993823955,4.999093597163821,0.3384354318463283,1.6918704003963525,1.6521212608606501,ZONE_02,WHEEL_FLAT,FRONT_BOGIE_AXLE_1,1
15.43,RUN_014_WHEEL_FLAT,TRAIN001,0.02338130302073254,-0.03731294100995339,1.04234551149102,29.0649421576763,27.429593492080713,23.520296045665674,117.67122921197299,5.013036597858502,0.33780772923402097,1.6934425096896224,1.5826057315990272,ZONE_02,WHEEL_FLAT,FRONT_BOGIE_AXLE_1,1
15.44,RUN_014_WHEEL_FLAT,TRAIN001,-0.03876825513918558,0.037699410985472595,1.134376415745499,29.188319375134107,27.550549734260027,23.62940337507012,116.60497979619149,4.997190453815202,0.3317617324772241,1.6578765624763774,1.5810624040310703,ZONE_02,WHEEL_FLAT,FRONT_BOGIE_AXLE_1,1
15.450000000000001,RUN_014_WHEEL_FLAT,TRAIN001,0.017021695506631154,-0.10094394622342853,0.9725509177072358,28.991492695604013,27.43805310258089,23.417008131601982,112.74382524259727,5.049793918317527,0.3324454629185861,1.6787810768185312,1.6179885253527322,ZONE_02,WHEEL_FLAT,FRONT_BOGIE_AXLE_1,1
15.46,RUN_014_WHEEL_FLAT,TRAIN001,0.012524583354815953,-0.08558848090660894,0.8945614814360617,29.073988513918316,27.698742407442307,23.546381860683546,115.41269915733439,5.023427691824115,0.3270509054561869,1.64291657510476,1.6346076007049424,ZONE_02,WHEEL_FLAT,FRONT_BOGIE_AXLE_1,1
15.47,RUN_014_WHEEL_FLAT,TRAIN001,-0.031423405643764044,-0.035882985371093135,0.9273815010841046,29.444839989492795,27.455864304563995,23.476439489727564,115.83296733820355,4.980154983916447,0.32195508002634565,1.6033861963904237,1.5860435028835187,ZONE_02,WHEEL_FLAT,FRONT_BOGIE_AXLE_1,1
15.48,RUN_014_WHEEL_FLAT,TRAIN001,-0.006213572321726077,-0.026833257397745905,1.0950826895905335,29.34541001894828,27.608219305028452,23.5842926981637,114.78980593921061,4.997810190301747,0.3357325001500987,1.677927310465646,1.6018481556578392,ZONE_02,WHEEL_FLAT,FRONT_BOGIE_AXLE_1,1
15.49,RUN_014_WHEEL_FLAT,TRAIN001,-0.10654909316470353,-0.07287545821290135,0.9431928396968798,29.362095971921153,27.590975893901945,23.501860943815238,115.1976478948277,5.014127335767642,0.3361598240105595,1.6855481627581863,1.5645992138749494,ZONE_02,WHEEL_FLAT,FRONT_BOGIE_AXLE_1,1
15.5,RUN_014_WHEEL_FLAT,TRAIN001,0.06773903703930303,0.03749322793464335,0.9085412102479542,29.22094996289467,27.39191826866461,23.446133717296096,114.07242097690037,5.018769662069071,0.315707867369524,1.5844650668306932,1.6015351339299648,ZONE_02,WHEEL_FLAT,FRONT_BOGIE_AXLE_1,1
15.51,RUN_014_WHEEL_FLAT,TRAIN001,0.11018149459513472,-0.10069067949623085,0.9110378937842427,29.194069444886626,27.61303638989026,23.511536810810245,115.01399582282495,4.996068004729397,0.2836482152193654,1.4171257726560693,1.646381694152755,ZONE_02,WHEEL_FLAT,FRONT_BOGIE_AXLE_1,1
15.52,RUN_014_WHEEL_FLAT,TRAIN001,0.03276962764628635,-0.020455061690393336,1.1161552902411827,29.48757244176985,27.646892809585765,23.471537138702033,115.34112677716759,5.0344998685870195,0.3431592816732163,1.7276353584882234,1.6175760000831856,ZONE_02,WHEEL_FLAT,FRONT_BOGIE_AXLE_1,1
15.530000000000001,RUN_014_WHEEL_FLAT,TRAIN001,-0.08060569921193307,-0.006626791097562411,0.9793010826146477,29.32779616772424,27.60271004401694,23.48829368247941,113.2685666651298,4.985780760548942,0.30118118161757274,1.5016233407482908,1.6187791473465944,ZONE_02,WHEEL_FLAT,FRONT_BOGIE_AXLE_1,1
15.540000000000001,RUN_014_WHEEL_FLAT,TRAIN001,-0.010112887977312092,-0.006146074059831668,0.900074028554556,29.455312902765872,27.67071568451176,23.497990859301407,115.11459772209079,5.0017796059635105,0.33546748690322137,1.6779344344563636,1.6065905980083874,ZONE_02,WHEEL_FLAT,FRONT_BOGIE_AXLE_1,1
15.55,RUN_014_WHEEL_FLAT,TRAIN001,0.02623455418275758,-0.12392802290182174,1.0097781917059954,29.415687085373094,27.70767297165267,23.449164873496205,115.3017247501162,4.965784061427214,0.3281433456758465,1.6294889958205192,1.6236329273763561,ZONE_02,WHEEL_FLAT,FRONT_BOGIE_AXLE_1,1
15.56,RUN_014_WHEEL_FLAT,TRAIN001,0.027753171888605776,-0.13512863256118063,1.038928076768975,29.21837928338787,27.695614929246762,23.4348080084467,116.20946177378052,5.006375391056464,0.3123716868539929,1.563849925928626,1.6715536647380598,ZONE_02,WHEEL_FLAT,FRONT_BOGIE_AXLE_1,1
15.57,RUN_014_WHEEL_FLAT,TRAIN001,0.05073007221367028,-0.0934230405126979,0.7863904110104635,29.203940984729215,27.644844929392292,23.582954963476947,112.94386672810991,4.957845142703872,0.33892104304825305,1.6803180470369112,1.6279046576288578,ZONE_02,WHEEL_FLAT,FRONT_BOGIE_AXLE_1,1
15.58,RUN_014_WHEEL_FLAT,TRAIN001,-0.1165337461765145,0.011493838485846808,1.1688696257687767,29.23541933397639,27.595862700005203,23.429762318574753,117.6329821791277,4.997534089383277,0.34435400414400746,1.7209208745253075,1.6037719849422285,ZONE_02,WHEEL_FLAT,FRONT_BOGIE_AXLE_1,1
15.59,RUN_014_WHEEL_FLAT,TRAIN001,-0.020413514731121653,0.04161210643890168,1.0530074112893362,29.291205865080833,27.454362951564033,23.543411155964662,115.03027594786413,5.034337844597358,0.3349604520104785,1.6863040799997893,1.6337788454247866,ZONE_02,WHEEL_FLAT,FRONT_BOGIE_AXLE_1,1
15.6,RUN_014_WHEEL_FLAT,TRAIN001,0.022869795051779593,-0.10839522261529241,1.0107430575544312,29.201112952963125,27.42984070737723,23.605294897198345,115.12580712224737,4.998875732199616,0.3426633307999857,1.7129314086507375,1.6242529511823316,ZONE_02,WHEEL_FLAT,FRONT_BOGIE_AXLE_1,1
15.610000000000001,RUN_014_WHEEL_FLAT,TRAIN001,0.07945840984952872,-0.06451662718183993,0.9958103057158909,29.249905117019928,27.69948905954775,23.487515417056375,116.60822388960736,5.0310920210284165,0.3216728452027507,1.618365684881068,1.5825765170150872,ZONE_02,WHEEL_FLAT,FRONT_BOGIE_AXLE_1,1
15.620000000000001,RUN_014_WHEEL_FLAT,TRAIN001,0.029204483575951547,0.04145376670897282,0.9792580884811071,29.412788352108656,27.470985358592994,23.489416270672407,116.20324617003033,5.0402130971463315,0.3356404895760909,1.69169959149402,1.5590878623274356,ZONE_02,WHEEL_FLAT,FRONT_BOGIE_AXLE_1,1
15.63,RUN_014_WHEEL_FLAT,TRAIN001,-0.012626487690281223,0.006778272708481724,1.1108368754706384,29.421367638516514,27.440104255265073,23.47928547456848,115.09139849834797,4.998024245419922,0.32560088020817535,1.6273610936105278,1.5907634301403266,ZONE_02,WHEEL_FLAT,FRONT_BOGIE_AXLE_1,1
15.64,RUN_014_WHEEL_FLAT,TRAIN001,0.0039108586052670315,-0.08250571136948986,1.045715302958163,29.36703876398282,27.530689268733944,23.394305195763316,113.6628100586266,5.020225724945936,0.3319821045717609,1.666625101592846,1.5994032262529556,ZONE_02,WHEEL_FLAT,FRONT_BOGIE_AXLE_1,1
15.65,RUN_014_WHEEL_FLAT,TRAIN001,-0.03356873836007306,0.06540298546715376,0.9822278413865094,29.185533133160305,27.544526637002274,23.39802488546115,116.8272501481477,4.964191922153871,0.3264855127978139,1.620736745331172,1.638116705371104,ZONE_02,WHEEL_FLAT,FRONT_BOGIE_AXLE_1,1
15.66,RUN_014_WHEEL_FLAT,TRAIN001,0.08827473995320123,0.06879936776002156,0.9671696042796766,29.444885097673374,27.425880367697616,23.454884533213026,115.33677803160502,5.0196974857827215,0.3251200734900954,1.6320044154757256,1.631613782963715,ZONE_02,WHEEL_FLAT,FRONT_BOGIE_AXLE_1,1
15.67,RUN_014_WHEEL_FLAT,TRAIN001,-0.026996180686935004,0.01261046210990386,1.2886159017752492,29.301980639576655,27.461535063236497,23.508712305744893,115.12512778634299,5.008458733418501,0.2910280529767985,1.4576019936014286,1.6890525806702061,ZONE_02,WHEEL_FLAT,FRONT_BOGIE_AXLE_1,1
15.68,RUN_014_WHEEL_FLAT,TRAIN001,0.23864056363703767,0.2763173478659361,1.6352683106059018,29.211518188560692,27.636540732488267,23.594090438018608,114.88297942919434,5.038496741884678,0.3138021635992726,1.5810911788912978,1.7449281291296748,ZONE_02,WHEEL_FLAT,FRONT_BOGIE_AXLE_1,1
15.69,RUN_014_WHEEL_FLAT,TRAIN001,0.052099330709639805,0.06360289484003788,1.0909738728222567,29.198089410728546,27.59057280193383,23.412337574328536,114.2769315594978,4.9855919743911405,0.33767904414758726,1.6835299324222828,1.6326966040432787,ZONE_02,WHEEL_FLAT,FRONT_BOGIE_AXLE_1,1
15.700000000000001,RUN_014_WHEEL_FLAT,TRAIN001,-0.03165075785402052,0.057221629262891746,0.9944020905399399,29.133736775438788,27.417578335770088,23.47675917890211,115.08754882997555,5.009158248840985,0.32097945344493456,1.607836876932165,1.6321819090209408,ZONE_02,WHEEL_FLAT,FRONT_BOGIE_AXLE_1,1
15.71,RUN_014_WHEEL_FLAT,TRAIN001,-0.020970523547825,-0.059065225085898405,0.8926772158593652,29.359417475163188,27.57544706021462,23.489493145785758,115.24389381650457,5.007636875651323,0.341106855708925,1.7081392691854878,1.5955460876641565,ZONE_02,WHEEL_FLAT,FRONT_BOGIE_AXLE_1,1
15.72,RUN_014_WHEEL_FLAT,TRAIN001,0.007819640721325882,0.05158567829432591,0.9799691489698575,29.377947571368374,27.45113189362207,23.58572435276605,115.81481584963669,5.045336452962794,0.31605688185460984,1.5946133072308182,1.5845332589941714,ZONE_02,WHEEL_FLAT,FRONT_BOGIE_AXLE_1,1
15.73,RUN_014_WHEEL_FLAT,TRAIN001,0.026741307435046314,-0.020638241833646206,0.9457466080461379,29.314012113399887,27.523419142224267,23.514757813178875,113.83118778170562,4.978337121203984,0.35016701890196067,1.743249468820968,1.616652278144887,ZONE_02,WHEEL_FLAT,FRONT_BOGIE_AXLE_1,1
15.74,RUN_014_WHEEL_FLAT,TRAIN001,0.0005613600218376949,0.07334234728958403,1.0590303482268135,29.294596030649704,27.641891342277344,23.52403506585743,114.95694827600835,4.9755683865987725,0.3179217771660648,1.5818415438787714,1.5619545995141364,ZONE_02,WHEEL_FLAT,FRONT_BOGIE_AXLE_1,1
15.75,RUN_014_WHEEL_FLAT,TRAIN001,0.005335614613922126,0.005017115714034714,1.1802724666418816,29.24424203406177,27.57445943659093,23.457881534927232,115.24061351023366,4.973750615737698,0.34093520058067156,1.6957266638147708,1.5434018116653263,ZONE_02,WHEEL_FLAT,FRONT_BOGIE_AXLE_1,1
15.76,RUN_014_WHEEL_FLAT,TRAIN001,0.09959429420902981,-0.06481246693813933,0.9784254109368852,29.319831188657353,27.641424859886893,23.513779691687812,116.06411291916672,5.005502302137,0.34297117200591626,1.7167429910422387,1.5734978866185054,ZONE_02,WHEEL_FLAT,FRONT_BOGIE_AXLE_1,1
15.77,RUN_014_WHEEL_FLAT,TRAIN001,-0.010184901202637686,0.016904638620149532,0.9797868650507622,29.317518186502696,27.654228904648047,23.449670653607026,115.13951643215367,5.011893367727975,0.30579734484351423,1.5326236844900334,1.6005238382070672,ZONE_02,WHEEL_FLAT,FRONT_BOGIE_AXLE_1,1
15.780000000000001,RUN_014_WHEEL_FLAT,TRAIN001,-0.07714033246649998,0.029248802198709584,1.0067542288484166,29.439474946934002,27.58762599460147,23.480095734953096,116.47197300060932,4.979365023721711,0.33142853225480473,1.6503036413729977,1.606001972921739,ZONE_02,WHEEL_FLAT,FRONT_BOGIE_AXLE_1,1
15.790000000000001,RUN_014_WHEEL_FLAT,TRAIN001,0.012714625120956015,0.003295415466352187,1.0082368815783773,29.28592968094788,27.542413758007598,23.54964314678344,115.40882783826329,4.98152480011862,0.3369513396300451,1.6785314548002614,1.6073995974686863,ZONE_02,WHEEL_FLAT,FRONT_BOGIE_AXLE_1,1
15.8,RUN_014_WHEEL_FLAT,TRAIN001,0.032822294424330406,0.1148603714151852,0.9906210237599714,29.266127549147505,27.668117997036564,23.486062056274623,114.3955854338936,4.996226985929765,0.29493596610039907,1.4735670329520802,1.5994377873637962,ZONE_02,WHEEL_FLAT,FRONT_BOGIE_AXLE_1,1
15.81,RUN_014_WHEEL_FLAT,TRAIN001,0.034861025709636194,-0.06972702469431723,0.9106486824484411,29.367271288875365,27.729876938539473,23.531369000190576,116.93067338915488,5.046996526509662,0.3452670725322246,1.742561715788297,1.5298226191318332,ZONE_02,WHEEL_FLAT,FRONT_BOGIE_AXLE_1,1
15.82,RUN_014_WHEEL_FLAT,TRAIN001,0.058869335161064934,-0.004933777521828934,1.0361419727176469,29.420277590271617,27.584905908238014,23.448298582492413,117.04493111464156,5.008122848108806,0.3310250776486013,1.6578142546689516,1.6089165774497556,ZONE_02,WHEEL_FLAT,FRONT_BOGIE_AXLE_1,1
15.83,RUN_014_WHEEL_FLAT,TRAIN001,0.10146293675231767,-0.0012037666378581667,1.0696661553516886,29.48042408135334,27.535197427365993,23.531938189130678,115.7804633429667,4.980675850261664,0.3317353315170234,1.6522661543653856,1.6009337464044733,ZONE_02,WHEEL_FLAT,FRONT_BOGIE_AXLE_1,1
15.84,RUN_014_WHEEL_FLAT,TRAIN001,-0.0002869819892992304,0.034696836012083065,0.839191882079394,29.280970601305388,27.51438542299687,23.50364620332543,115.34676948131369,5.036193603053491,0.3356889947285322,1.6905947678672908,1.610312629279844,ZONE_02,WHEEL_FLAT,FRONT_BOGIE_AXLE_1,1
15.85,RUN_014_WHEEL_FLAT,TRAIN001,-0.07235865377251106,-0.06995709519718872,0.9741698761129073,29.159756246238754,27.568359627080227,23.490166517877164,116.06157418429945,4.982264207549342,0.333640186670601,1.6622835602490165,1.5675389377720128,ZONE_02,WHEEL_FLAT,FRONT_BOGIE_AXLE_1,1
15.860000000000001,RUN_014_WHEEL_FLAT,TRAIN001,-0.07514270368932503,-0.060740376255632646,0.8428048766817589,29.3456936895625,27.582304887833487,23.410335530315212,113.27719173654793,4.9673474720669875,0.29546544829995824,1.4676795476959368,1.5699410502260145,ZONE_02,WHEEL_FLAT,FRONT_BOGIE_AXLE_1,1
15.870000000000001,RUN_014_WHEEL_FLAT,TRAIN001,-0.011363632310798101,-0.029936726649695957,1.0783585559104667,29.369905944788094,27.511582623763594,23.543176219181376,113.31275575184962,4.9613868122433145,0.31629124758562566,1.5692432245993082,1.6110481377646577,ZONE_02,WHEEL_FLAT,FRONT_BOGIE_AXLE_1,1
15.88,RUN_014_WHEEL_FLAT,TRAIN001,0.05142309138354901,0.013448178552842208,0.9136887838729494,29.402023684134637,27.51824596236024,23.496913001519225,115.28426978306261,5.035851770605141,0.32079572414053387,1.6154797154156657,1.6004740704032252,ZONE_02,WHEEL_FLAT,FRONT_BOGIE_AXLE_1,1
15.89,RUN_014_WHEEL_FLAT,TRAIN001,-0.021222294185938524,0.03460926280409238,0.9930890207236652,29.382561322166705,27.81443821667199,23.592008879170354,115.71410100796146,4.963385761428766,0.34281803544429346,1.701538155885188,1.6261991139170409,ZONE_02,WHEEL_FLAT,FRONT_BOGIE_AXLE_1,1
15.9,RUN_014_WHEEL_FLAT,TRAIN001,0.029343595555022764,-0.005955289135139176,0.9503604823109438,29.463977858898048,27.50225637143878,23.61714586784952,117.31068461350308,4.981085471280588,0.3208307163629429,1.5980852200159983,1.6152628553342518,ZONE_02,WHEEL_FLAT,FRONT_BOGIE_AXLE_1,1
15.91,RUN_014_WHEEL_FLAT,TRAIN001,0.027198648581085342,0.014147229576006773,1.1067565158749106,29.23864189243105,27.629523227313992,23.53934525315677,117.43474595130648,4.9868781043585075,0.3702261389339658,1.8462726259109847,1.6140406598019985,ZONE_02,WHEEL_FLAT,FRONT_BOGIE_AXLE_1,1
15.92,RUN_014_WHEEL_FLAT,TRAIN001,-0.10886767771668512,0.09178936190535042,1.0813998710638857,29.55552665554148,27.758111504555888,23.46312143815648,115.50096810023462,5.019102402695636,0.3382373538054173,1.697647915166184,1.6116882420540335,ZONE_02,WHEEL_FLAT,FRONT_BOGIE_AXLE_1,1
15.93,RUN_014_WHEEL_FLAT,TRAIN001,-0.09454702362725971,-0.03564228391254288,1.0790685498000718,29.23751250378274,27.56035186913179,23.541802778439816,115.67483417992801,4.990199974543583,0.34794473231568085,1.7363137943442843,1.56303255411982,ZONE_02,WHEEL_FLAT,FRONT_BOGIE_AXLE_1,1
15.94,RUN_014_WHEEL_FLAT,TRAIN001,0.11225127917441742,0.005302941065295319,0.994631659089123,29.35096977454396,27.762509666607446,23.47063978604801,115.0894225061115,5.0303615569701705,0.3380093187441588,1.7003090829082932,1.61078620522077,ZONE_02,WHEEL_FLAT,FRONT_BOGIE_AXLE_1,1
15.950000000000001,RUN_014_WHEEL_FLAT,TRAIN001,-0.09372277796068694,-0.0037414065921049524,0.9774130913800316,29.471119618520234,27.565031923015564,23.456143842474905,115.89444534839917,5.04289637760064,0.31082198440481296,1.5674430592336739,1.5428789956755797,ZONE_02,WHEEL_FLAT,FRONT_BOGIE_AXLE_1,1
15.96,RUN_014_WHEEL_FLAT,TRAIN001,-0.08612551135822794,-0.13094586707943995,0.933549618089069,29.41942576282741,27.669882667575987,23.42550182353085,113.1995656641389,4.992030422449991,0.3510156559799253,1.7522808334080273,1.5840726208561784,ZONE_02,WHEEL_FLAT,FRONT_BOGIE_AXLE_1,1
15.97,RUN_014_WHEEL_FLAT,TRAIN001,-0.04232847891998777,-0.007486850957460964,0.9210651748096517,29.26295188275162,27.802837810962004,23.46945501887406,117.28022747408454,5.025439217791741,0.30567909754290473,1.5361717248513003,1.5870757747119533,ZONE_02,WHEEL_FLAT,FRONT_BOGIE_AXLE_1,1
15.98,RUN_014_WHEEL_FLAT,TRAIN001,-0.03816739866699614,0.0514158777735775,1.0792297264226838,29.546692457143244,27.538463470460652,23.509712635012495,117.18799224048061,4.980897044329685,0.3431013382971774,1.7089524418299706,1.5761437494632573,ZONE_02,WHEEL_FLAT,FRONT_BOGIE_AXLE_1,1
15.99,RUN_014_WHEEL_FLAT,TRAIN001,-0.10086018738936213,-0.009862375836463756,1.0150558059240957,29.3532802592922,27.636438263434897,23.563822739338917,113.44142593146269,4.975739876992437,0.31754759227453505,1.5800342177233395,1.6112525433614004,ZONE_02,WHEEL_FLAT,FRONT_BOGIE_AXLE_1,1
16.0,RUN_014_WHEEL_FLAT,TRAIN001,-0.02215706500868451,0.03602519905951215,0.814105674021871,29.381608294778097,27.547540751516518,23.43741071076283,114.87823571095244,4.9819220614230995,0.3526270786557901,1.7567606226104593,1.6176884088632484,ZONE_02,WHEEL_FLAT,FRONT_BOGIE_AXLE_1,1
16.01,RUN_014_WHEEL_FLAT,TRAIN001,-0.05908978591140088,0.009433301540729718,0.9220408393407216,29.260831059997425,27.621966595183757,23.507154676069863,114.33551046667357,4.985361978349576,0.30649595860195106,1.5279932985319724,1.5887280130873485,ZONE_02,WHEEL_FLAT,FRONT_BOGIE_AXLE_1,1
16.02,RUN_014_WHEEL_FLAT,TRAIN001,0.08355574827986016,-0.0020358057457680596,0.8982226722352358,29.427015572133524,27.707580829631734,23.553913956535013,114.81731909941172,4.975890055630066,0.30896290095614215,1.5373654264262846,1.615195861606073,ZONE_02,WHEEL_FLAT,FRONT_BOGIE_AXLE_1,1
16.03,RUN_014_WHEEL_FLAT,TRAIN001,-0.09054635234935161,0.011690645349113443,1.0366620879377149,29.243680239535255,27.559882514785013,23.458481666469254,115.08066451587615,4.967272647621139,0.34720410373296096,1.7246574476145498,1.621435332242301,ZONE_02,WHEEL_FLAT,FRONT_BOGIE_AXLE_1,1
16.04,RUN_014_WHEEL_FLAT,TRAIN001,-0.032021262685545594,0.0395314022061755,0.9465500556670148,29.512743961085167,27.63202337288279,23.439790096562465,115.06583769554292,4.993155202739791,0.33922352289986873,1.6937956982592002,1.6177408008508944,ZONE_02,WHEEL_FLAT,FRONT_BOGIE_AXLE_1,1
16.05,RUN_014_WHEEL_FLAT,TRAIN001,-0.0007439221702183715,-0.10167357132232249,1.2078585792325633,29.37896848160578,27.703618490713616,23.531638663563296,117.07907485529059,4.988296337701219,0.325651012858719,1.6244437548118407,1.6008329274646318,ZONE_02,WHEEL_FLAT,FRONT_BOGIE_AXLE_1,1
16.06,RUN_014_WHEEL_FLAT,TRAIN001,0.011810079864506544,0.0006844729000993327,1.037291321873825,29.400163514465817,27.476631817673614,23.481329429625838,113.62437783602735,5.052609032146433,0.33442974886276877,1.689742769722489,1.5853295842234065,ZONE_02,WHEEL_FLAT,FRONT_BOGIE_AXLE_1,1
16.07,RUN_014_WHEEL_FLAT,TRAIN001,-0.027750095834357533,-0.0026081158405478187,1.0438504605974686,29.396189972169182,27.73099666393234,23.527327107625695,115.23457869991572,5.003063763811547,0.29275194872479593,1.4646566664502427,1.6131735166350811,ZONE_02,WHEEL_FLAT,FRONT_BOGIE_AXLE_1,1
16.080000000000002,RUN_014_WHEEL_FLAT,TRAIN001,0.11139922722068732,0.022766365172988814,0.9843532231879786,29.526638259841654,27.76237857975517,23.50245985299535,115.43871932714667,5.006493539820095,0.28663636687736227,1.435043119049017,1.6187253063663491,ZONE_02,WHEEL_FLAT,FRONT_BOGIE_AXLE_1,1
16.09,RUN_014_WHEEL_FLAT,TRAIN001,-0.05511219916446807,0.09780515476255897,0.9549316003310417,29.312504116182478,27.62100696570668,23.528712429871366,115.05053051698249,5.031392051591401,0.3029729458131538,1.5243756714115342,1.5731449780054596,ZONE_02,WHEEL_FLAT,FRONT_BOGIE_AXLE_1,1
16.1,RUN_014_WHEEL_FLAT,TRAIN001,0.03919839484682789,-0.08520333675495848,1.0258611424857584,29.384440933785992,27.67598178456544,23.536999470720872,114.28763107725888,4.985942678498941,0.35419523262339875,1.7659971268578643,1.5905902888045007,ZONE_02,WHEEL_FLAT,FRONT_BOGIE_AXLE_1,1
16.11,RUN_014_WHEEL_FLAT,TRAIN001,-0.04106336125055006,0.014079006453867641,0.7630610236258444,29.68267274059252,27.57609754151621,23.42779217211858,117.11191997215123,4.997948570076752,0.32439376419216903,1.6213033498860663,1.6251971282636248,ZONE_02,WHEEL_FLAT,FRONT_BOGIE_AXLE_1,1
16.12,RUN_014_WHEEL_FLAT,TRAIN001,0.0690372791090243,0.003185894876572899,0.9808305752566783,29.383759107458125,27.668089669871488,23.457372273258333,114.88704564874983,4.955108403787922,0.37321503561304104,1.8493209593861883,1.5771976156275753,ZONE_02,WHEEL_FLAT,FRONT_BOGIE_AXLE_1,1
16.13,RUN_014_WHEEL_FLAT,TRAIN001,0.06854721184121186,0.08722650902715243,1.0937380218395598,29.508870247457228,27.563314784255613,23.506118506813678,116.66532924444488,5.002629554468144,0.3018774981552303,1.5101812941002577,1.5541700316013984,ZONE_02,WHEEL_FLAT,FRONT_BOGIE_AXLE_1,1
16.14,RUN_014_WHEEL_FLAT,TRAIN001,0.09268686397940736,0.044101353807812396,1.1072732138911654,29.32346130040713,27.494626068460125,23.453344916613407,115.58985213237148,4.974787541892451,0.31426928196667775,1.5634229087273144,1.6613719370035636,ZONE_02,WHEEL_FLAT,FRONT_BOGIE_AXLE_1,1
16.15,RUN_014_WHEEL_FLAT,TRAIN001,-0.023359235642674694,-0.051166475447459635,0.9015048446192573,29.330781769845856,27.778598917172587,23.54273602997778,115.4922211841158,4.974841158918184,0.3189911865243244,1.5869304840533567,1.635210417727166,ZONE_02,WHEEL_FLAT,FRONT_BOGIE_AXLE_1,1
16.16,RUN_014_WHEEL_FLAT,TRAIN001,-0.10519204355606251,0.05216359903850912,0.9066927051068246,29.32812089679952,27.49347084413639,23.551506200537844,114.92121709804293,5.025711988954487,0.3631845498778171,1.8252609465239842,1.6538002856064062,ZONE_02,WHEEL_FLAT,FRONT_BOGIE_AXLE_1,1
16.17,RUN_014_WHEEL_FLAT,TRAIN001,0.08585093103240454,-0.1025745705763024,0.9354131717794331,29.435247180368226,27.730964906447493,23.5651924080002,111.62404571436358,4.9909761544123,0.3300588423566829,1.6473158117551328,1.5724764099070738,ZONE_02,WHEEL_FLAT,FRONT_BOGIE_AXLE_1,1
16.18,RUN_014_WHEEL_FLAT,TRAIN001,-0.02606784088849051,0.029000432330613737,1.1120629465300593,29.63996279995299,27.68003461789783,23.493367629472885,115.17655572982457,5.004269908687891,0.343228607004605,1.7176085898340068,1.57039748332561,ZONE_02,WHEEL_FLAT,FRONT_BOGIE_AXLE_1,1
16.19,RUN_014_WHEEL_FLAT,TRAIN001,0.004436569672585031,-0.023809867093442322,1.0573133591236286,29.494914790908734,27.7966154522097,23.53377703381603,116.0505234334601,4.928609685604101,0.3337708208281833,1.6450261003058155,1.601422319153406,ZONE_02,WHEEL_FLAT,FRONT_BOGIE_AXLE_1,1
16.2,RUN_014_WHEEL_FLAT,TRAIN001,-0.35349177798301123,0.1657519762186387,1.8503106461816319,29.37878480030622,27.711446211114136,23.36016746068426,116.2529439811436,5.035753192176552,0.3236459614289893,1.6298011834010822,1.7906372668195654,ZONE_02,WHEEL_FLAT,FRONT_BOGIE_AXLE_1,1
16.21,RUN_014_WHEEL_FLAT,TRAIN001,0.016769817040433586,0.024075025653928647,1.2489914861522298,29.37110648397107,27.538840399220536,23.47938788056343,117.25434101095216,5.039151256397202,0.3391727070058719,1.7091425726442793,1.629246453750637,ZONE_02,WHEEL_FLAT,FRONT_BOGIE_AXLE_1,1
16.22,RUN_014_WHEEL_FLAT,TRAIN001,-0.04054889891252006,0.07094763542182322,0.9141738956030325,29.43011131886692,27.66810148173267,23.501683750275607,114.55145012051484,5.006678263249962,0.3220511531898972,1.612406508330442,1.6133998959021942,ZONE_02,WHEEL_FLAT,FRONT_BOGIE_AXLE_1,1
16.23,RUN_014_WHEEL_FLAT,TRAIN001,-0.0032387784799557625,-0.02240529604742018,1.028218214102784,29.491013849351212,27.642380516375127,23.481762340578115,113.62335840583552,5.023658331104268,0.343265126635035,1.724446713197655,1.569409561392893,ZONE_02,WHEEL_FLAT,FRONT_BOGIE_AXLE_1,1
16.240000000000002,RUN_014_WHEEL_FLAT,TRAIN001,0.04165519592990178,-0.08262212669691883,0.851387963525104,29.510739600239493,27.820387996204992,23.45510236364653,116.22948655369117,5.052946698134809,0.30995308815941275,1.566176433391792,1.5586650672816533,ZONE_02,WHEEL_FLAT,FRONT_BOGIE_AXLE_1,1
16.25,RUN_014_WHEEL_FLAT,TRAIN001,-0.08448586179091101,-0.04983176440274084,0.9941982112598872,29.453355930889096,27.816384826954025,23.452205953304237,116.42411918295498,5.0042142298476495,0.33862764091213365,1.6945652592722393,1.6337256433750134,ZONE_02,WHEEL_FLAT,FRONT_BOGIE_AXLE_1,1
16.26,RUN_014_WHEEL_FLAT,TRAIN001,0.04176341315171195,-0.042241437871513715,0.9321011385256535,29.490565192781794,27.613241568642064,23.505633653623786,115.53559654453383,4.957433236668004,0.31624273279510384,1.5677522344131665,1.5553985126395586,ZONE_02,WHEEL_FLAT,FRONT_BOGIE_AXLE_1,1
16.27,RUN_014_WHEEL_FLAT,TRAIN001,-0.004329365145336403,0.0720770851337697,0.9246468552102353,29.512614566030084,27.661329280346866,23.527134956277152,114.67167622814026,4.984218354277962,0.33949821708636463,1.6921332448465025,1.5726894913314198,ZONE_02,WHEEL_FLAT,FRONT_BOGIE_AXLE_1,1
16.28,RUN_014_WHEEL_FLAT,TRAIN001,-0.06459329735458127,0.040273923489900346,0.9325966359235875,29.405852755691196,27.539841169282877,23.50685896634441,113.11255189541772,5.017387959867916,0.31248278349258646,1.567847355561716,1.5926039724747973,ZONE_02,WHEEL_FLAT,FRONT_BOGIE_AXLE_1,1
16.29,RUN_014_WHEEL_FLAT,TRAIN001,-0.12301223805309527,0.01596814058380214,1.0084243609095425,29.35855049937525,27.653697936694467,23.499446050447162,114.77604555290579,5.0224439647057375,0.34446128998758574,1.730037526972903,1.6095828911309196,ZONE_02,WHEEL_FLAT,FRONT_BOGIE_AXLE_1,1
16.3,RUN_014_WHEEL_FLAT,TRAIN001,-0.05832072144742241,-0.0031621908962266203,1.020172496053183,29.640021860282452,27.640743654188853,23.575641225673138,112.29022594985757,5.016539464886973,0.3196662130418735,1.6036181733155253,1.6067188732648001,ZONE_02,WHEEL_FLAT,FRONT_BOGIE_AXLE_1,1
16.31,RUN_014_WHEEL_FLAT,TRAIN001,0.13807963620884436,-0.13817216734744608,0.9886590448011319,29.366086139602075,27.61452809430576,23.451459541890447,113.48397279917232,4.998392619233811,0.29272393220543413,1.4631491422087404,1.6125318094168868,ZONE_02,WHEEL_FLAT,FRONT_BOGIE_AXLE_1,1
16.32,RUN_014_WHEEL_FLAT,TRAIN001,-0.02882064996778631,-0.03711868982284063,1.1609897229980757,29.38985450357145,27.543812871403738,23.45071320945418,114.30573172975816,5.0193126588806605,0.36226037149250845,1.8182980684431584,1.563909563461338,ZONE_02,WHEEL_FLAT,FRONT_BOGIE_AXLE_1,1
16.330000000000002,RUN_014_WHEEL_FLAT,TRAIN001,-0.05013628699416182,-0.05044614435310802,1.0272332893102893,29.676023311149745,27.802456429153636,23.494910582036415,115.32252370074903,5.035865698850765,0.3632017155350239,1.82903506102658,1.6499828953732008,ZONE_02,WHEEL_FLAT,FRONT_BOGIE_AXLE_1,1
16.34,RUN_014_WHEEL_FLAT,TRAIN001,-0.03221007858981705,0.038641279266868625,0.8545151123494582,29.347362707404745,27.721751719220116,23.482968733248846,113.06204227002296,4.980401190015133,0.3276107758222146,1.6316330977667386,1.592322916067858,ZONE_02,WHEEL_FLAT,FRONT_BOGIE_AXLE_1,1
16.35,RUN_014_WHEEL_FLAT,TRAIN001,-0.03555458972929333,-0.03193992395424512,1.0212654655331357,29.43866207611972,27.786290573266992,23.558082595433383,115.23062859098332,5.021270305747351,0.32192950527127173,1.6164950653625723,1.5818069751419028,ZONE_02,WHEEL_FLAT,FRONT_BOGIE_AXLE_1,1
16.36,RUN_014_WHEEL_FLAT,TRAIN001,0.11529030598395638,0.050077857288716526,0.8163996419534181,29.32589782918169,27.537933499983332,23.440458648829118,114.65201739565344,4.9606756427351435,0.31057751914712234,1.5406743344142375,1.6054317214976024,ZONE_02,WHEEL_FLAT,FRONT_BOGIE_AXLE_1,1
16.37,RUN_014_WHEEL_FLAT,TRAIN001,-0.005485049255491961,0.009475439849394343,1.2081265024381067,29.463289384370245,27.57309438215387,23.426427317169946,115.36007237552003,5.053359145406596,0.2839855941020725,1.4350811991194334,1.6182206676765012,ZONE_02,WHEEL_FLAT,FRONT_BOGIE_AXLE_1,1
16.38,RUN_014_WHEEL_FLAT,TRAIN001,-0.05117457966367897,-0.09586948532010556,0.9097842092126119,29.521678785099546,27.782108216353986,23.457256704696245,114.12473692969141,5.018000620086883,0.33365962934126736,1.674304226932439,1.6387669143436512,ZONE_02,WHEEL_FLAT,FRONT_BOGIE_AXLE_1,1
16.39,RUN_014_WHEEL_FLAT,TRAIN001,0.005257668252095833,-0.16432897791152787,0.9961633904769986,29.35571757356283,27.68789800749711,23.53869806534538,113.21945691562908,5.004189387652612,0.3186157453391586,1.5944135315652446,1.6124060930593729,ZONE_02,WHEEL_FLAT,FRONT_BOGIE_AXLE_1,1
16.4,RUN_014_WHEEL_FLAT,TRAIN001,-0.031073319882864443,0.03836700831690978,1.0568952505466724,29.196759795394275,27.550190875016266,23.644369797978612,115.61538118474809,4.956600831138811,0.3400645332313815,1.6855641480554975,1.6385658952585829,ZONE_02,WHEEL_FLAT,FRONT_BOGIE_AXLE_1,1
16.41,RUN_014_WHEEL_FLAT,TRAIN001,0.11230471731123812,0.0203234357044808,0.9121036586311512,29.5220643459098,27.740394104317552,23.55943383289265,113.59973175193615,4.967752810997536,0.31775792924823276,1.5785428462396645,1.5883003844205597,ZONE_02,WHEEL_FLAT,FRONT_BOGIE_AXLE_1,1
16.42,RUN_014_WHEEL_FLAT,TRAIN001,-0.040939905070725945,0.024727119354692018,1.2109560020965497,29.534187626689782,27.701512513077553,23.53433752863402,115.38414636608077,4.969770921380509,0.3153349127922971,1.5671422800912167,1.6089033174727847,ZONE_02,WHEEL_FLAT,FRONT_BOGIE_AXLE_1,1
16.43,RUN_014_WHEEL_FLAT,TRAIN001,-0.05715292954727154,-0.045133554969239466,1.1296060704149171,29.554245225070296,27.757379360819993,23.417332220958507,113.99469911794318,4.9743836707060725,0.3575068806468885,1.7783763892549471,1.5960894662784963,ZONE_02,WHEEL_FLAT,FRONT_BOGIE_AXLE_1,1
16.44,RUN_014_WHEEL_FLAT,TRAIN001,0.04939712459104458,-0.014657131863573146,0.97116541979727,29.526327866882273,27.863815285876345,23.533970819448992,115.29774182876669,5.027553770968578,0.3606289522988477,1.8130814490505194,1.5601826342417269,ZONE_02,WHEEL_FLAT,FRONT_BOGIE_AXLE_1,1
16.45,RUN_014_WHEEL_FLAT,TRAIN001,0.032608666127093566,0.049279409336266344,0.9676676032350929,29.475414172503775,27.534809152987,23.473060021391113,113.28005020597402,4.977922351278835,0.3418164232126421,1.7015356131443966,1.5951773661942896,ZONE_02,WHEEL_FLAT,FRONT_BOGIE_AXLE_1,1
16.46,RUN_014_WHEEL_FLAT,TRAIN001,-0.03950556314318367,0.029237375178172473,1.0312758971731901,29.78799782900908,27.667994472107914,23.562276823337935,110.86209148662151,4.992823370144302,0.3438587469706408,1.7168259879035517,1.629473773212915,ZONE_02,WHEEL_FLAT,FRONT_BOGIE_AXLE_1,1
16.47,RUN_014_WHEEL_FLAT,TRAIN001,-0.03465007170862946,0.045721544523968996,0.884633623400779,29.58453350102139,27.894683544480742,23.64782552248455,114.76751758616214,4.954221417289969,0.3677924343572496,1.8221251554099012,1.57282324864334,ZONE_02,WHEEL_FLAT,FRONT_BOGIE_AXLE_1,1
16.48,RUN_014_WHEEL_FLAT,TRAIN001,0.09750150672152454,0.11065705015245024,1.0083891895372397,29.464647335191835,27.643809974753722,23.507972592666512,113.85960401002636,4.951876397426999,0.36393344930047195,1.8021534578252025,1.605689223224793,ZONE_02,WHEEL_FLAT,FRONT_BOGIE_AXLE_1,1
16.490000000000002,RUN_014_WHEEL_FLAT,TRAIN001,0.11866148772189876,-0.07189581019604264,0.9662784206242674,29.464244419533788,27.61095405344575,23.556341367553106,113.62764562556039,5.040179692615759,0.3028409883118791,1.5263729993812194,1.5973971216587095,ZONE_02,WHEEL_FLAT,FRONT_BOGIE_AXLE_1,1
16.5,RUN_014_WHEEL_FLAT,TRAIN001,-0.05951361282604931,-0.04948536588716179,0.9559391369188506,29.510917314171465,27.603716073434047,23.450849966136687,114.13769372713486,5.03779222106882,0.2788510282487117,1.4047935409484016,1.6465564015576333,ZONE_02,WHEEL_FLAT,FRONT_BOGIE_AXLE_1,1
16.51,RUN_014_WHEEL_FLAT,TRAIN001,0.004554657481416011,0.058507266032205206,0.7846801492496502,29.524304347503545,27.55274170932342,23.433685114159623,116.03390621396778,4.995655747819118,0.3384705814636096,1.6908825057563601,1.6279310060515793,ZONE_02,WHEEL_FLAT,FRONT_BOGIE_AXLE_1,1
16.52,RUN_014_WHEEL_FLAT,TRAIN001,0.07162116376600623,0.106257377212787,1.1170146701766785,29.646422593548365,27.769030970053446,23.530275996366758,115.56176431351052,4.980392403934167,0.32459901798004115,1.616630483472287,1.5832952632636241,ZONE_02,WHEEL_FLAT,FRONT_BOGIE_AXLE_1,1
16.53,RUN_014_WHEEL_FLAT,TRAIN001,0.03932404079478237,0.05453684837216386,1.0382919473075511,29.381329120746045,27.672513878590582,23.51894955118322,113.61166539251164,4.979754686539754,0.3803933541143853,1.8942655878796864,1.6205924859920138,ZONE_02,WHEEL_FLAT,FRONT_BOGIE_AXLE_1,1
16.54,RUN_014_WHEEL_FLAT,TRAIN001,0.07070050116216624,0.04203297224072851,0.9420807505596053,29.61254062498662,27.958526659995613,23.536157885896447,116.06647002124357,5.04537011515229,0.2910438395442813,1.468423890235895,1.5901714358742578,ZONE_02,WHEEL_FLAT,FRONT_BOGIE_AXLE_1,1
16.55,RUN_014_WHEEL_FLAT,TRAIN001,0.08999018523140509,-0.0583144670626736,1.075309488267728,29.3844052027684,27.6785159935782,23.492634040009712,115.29117485486482,5.091802474926253,0.3077903526199239,1.5672076792285528,1.5785172722861371,ZONE_02,WHEEL_FLAT,FRONT_BOGIE_AXLE_1,1
16.56,RUN_014_WHEEL_FLAT,TRAIN001,-0.08231277404927086,0.12063698811998799,1.10118389889352,29.37190476105451,27.49912650001828,23.469749093442278,116.6582581773076,4.940779392679198,0.32120096158985234,1.586983091931885,1.625853239603155,ZONE_02,WHEEL_FLAT,FRONT_BOGIE_AXLE_1,1
16.57,RUN_014_WHEEL_FLAT,TRAIN001,-0.07820628231438015,0.08212474112248833,1.0327802858547561,29.41182045965755,27.81274100272149,23.515055252196028,116.18105854967577,4.9782341102698355,0.33245866986037687,1.6550570905538662,1.5805050624825774,ZONE_02,WHEEL_FLAT,FRONT_BOGIE_AXLE_1,1
16.580000000000002,RUN_014_WHEEL_FLAT,TRAIN001,-0.04408398090889622,-0.004574364009418176,0.9799191704363714,29.625662995588872,27.78490703455177,23.50848298634571,115.6973187553812,4.940962674066151,0.3432428887566163,1.6959503014850814,1.6534704837675476,ZONE_02,WHEEL_FLAT,FRONT_BOGIE_AXLE_1,1
16.59,RUN_014_WHEEL_FLAT,TRAIN001,-0.003558986381281566,0.009247387289574695,0.9057166543306707,29.28460576045075,27.822120394068794,23.438669346838026,115.3003073661778,4.983322625821329,0.31210923554369646,1.5553410152127012,1.5231778898406105,ZONE_02,WHEEL_FLAT,FRONT_BOGIE_AXLE_1,1
16.6,RUN_014_WHEEL_FLAT,TRAIN001,-0.07218384923273687,0.024614225200087624,1.0644950399559914,29.47160779468487,27.74129590678232,23.44905149171806,115.57643736427497,5.028606896657098,0.3192880775225397,1.605574228650229,1.613901272886639,ZONE_02,WHEEL_FLAT,FRONT_BOGIE_AXLE_1,1
16.61,RUN_014_WHEEL_FLAT,TRAIN001,-0.03990425281932479,0.05312990560291796,0.908153798462629,29.465370937846274,27.699076713838476,23.449744809547393,113.51048591941631,5.0316998639724355,0.30795063018975644,1.5495151440360233,1.6666963061822448,ZONE_02,WHEEL_FLAT,FRONT_BOGIE_AXLE_1,1
16.62,RUN_014_WHEEL_FLAT,TRAIN001,-0.043587325509579236,-0.00783456129825279,0.9596395883960595,29.50106700081732,27.71534649557946,23.462776407038707,114.95428281294116,5.005312802652018,0.3252377641897921,1.6279167450050844,1.583764403743297,ZONE_02,WHEEL_FLAT,FRONT_BOGIE_AXLE_1,1
16.63,RUN_014_WHEEL_FLAT,TRAIN001,0.028543618256329676,-0.06319533021488404,0.9134812260938052,29.43999993191234,27.710375491270398,23.526940341138893,114.65242216428376,5.025116639399639,0.3228390851571643,1.6223040586718234,1.630859108276567,ZONE_02,WHEEL_FLAT,FRONT_BOGIE_AXLE_1,1
16.64,RUN_014_WHEEL_FLAT,TRAIN001,0.0060514620170908605,-0.014415682929899816,0.9236611506925093,29.625968634293812,27.8052373049211,23.605149251881006,115.97055820935884,4.936673291314718,0.3318115490000867,1.6380452116984927,1.6255464956532077,ZONE_02,WHEEL_FLAT,FRONT_BOGIE_AXLE_1,1
16.65,RUN_014_WHEEL_FLAT,TRAIN001,0.009660928313480774,0.06653898063858477,0.915676655712478,29.537355719656368,27.712786455460392,23.557016209632458,112.98536348875899,5.022226238802738,0.304917088031937,1.5313626001733185,1.6129986642633742,ZONE_02,WHEEL_FLAT,FRONT_BOGIE_AXLE_1,1
16.66,RUN_014_WHEEL_FLAT,TRAIN001,-0.006752836353083387,-0.024013729709373915,0.975367122257782,29.420821678612228,27.661819519607825,23.446879869827082,115.53714094307227,4.999580313584404,0.34036301663160695,1.701672237423583,1.5957955737055285,ZONE_02,WHEEL_FLAT,FRONT_BOGIE_AXLE_1,1
16.67,RUN_014_WHEEL_FLAT,TRAIN001,-0.06385501813324021,-0.017194127065068905,0.7675642656455459,29.379833549846712,27.599243647453815,23.456015037836025,113.69975481361082,4.970700296559747,0.34606828601392886,1.7202017319193597,1.6020321516506677,ZONE_02,WHEEL_FLAT,FRONT_BOGIE_AXLE_1,1
16.68,RUN_014_WHEEL_FLAT,TRAIN001,0.09557421135979528,0.09313032373814174,0.9006527347127519,29.52240501035126,27.786663745678396,23.507541320337356,115.31081943903196,4.930494624603073,0.35138311368042985,1.7324925531776498,1.6402440354893035,ZONE_02,WHEEL_FLAT,FRONT_BOGIE_AXLE_1,1
16.69,RUN_014_WHEEL_FLAT,TRAIN001,0.017096207053606705,-0.0340180797497859,1.026113301200301,29.631076807034052,27.767113986013758,23.465620233428215,116.33308344359253,5.0421259881778235,0.3351228237936295,1.6897314990813967,1.6498401989313995,ZONE_02,WHEEL_FLAT,FRONT_BOGIE_AXLE_1,1
16.7,RUN_014_WHEEL_FLAT,TRAIN001,-0.07240419680468152,0.03842917036547208,1.1319379638759708,29.694311539201607,27.675140603368867,23.526999472724945,115.58134260453353,4.994937445636738,0.3118803872258186,1.5578230247139273,1.5924572191812842,ZONE_02,WHEEL_FLAT,FRONT_BOGIE_AXLE_1,1
16.71,RUN_014_WHEEL_FLAT,TRAIN001,0.01954118129533159,0.04512609323850381,1.1775968773843566,29.30417580365882,27.689706538719413,23.53768043323654,114.23595494642102,4.993415480082296,0.325776256675909,1.6267362031287473,1.6191915754089081,ZONE_02,WHEEL_FLAT,FRONT_BOGIE_AXLE_1,1
16.72,RUN_014_WHEEL_FLAT,TRAIN001,-0.2398228609243177,0.18451224568903987,1.7523687160276538,29.54773075273291,27.63675917729771,23.53754117634771,114.7121261115424,4.989298039948333,0.3609789231030675,1.8010314335007949,1.7121805621038833,ZONE_02,WHEEL_FLAT,FRONT_BOGIE_AXLE_1,1
16.73,RUN_014_WHEEL_FLAT,TRAIN001,-0.08797847175515039,0.06059579770015435,1.2341479365927253,29.562758010738474,27.886222513474006,23.52564393015258,114.97675197652595,4.998479724271741,0.3623143873634793,1.8110211190482888,1.652533543357376,ZONE_02,WHEEL_FLAT,FRONT_BOGIE_AXLE_1,1
16.740000000000002,RUN_014_WHEEL_FLAT,TRAIN001,0.04551213553378256,0.10811526663304274,0.8561993567761608,29.37710808881119,27.682194640411378,23.494165207701847,113.0290215138991,5.016729967502876,0.3186303092108741,1.5984822207728997,1.5855525500245782,ZONE_02,WHEEL_FLAT,FRONT_BOGIE_AXLE_1,1
16.75,RUN_014_WHEEL_FLAT,TRAIN001,-0.08145348075435753,-0.10454501993540348,0.9971405772126166,29.416301252602622,27.659959113435082,23.41825425122797,114.86248496757608,5.01083409892727,0.3233113366854325,1.6200594704331204,1.5866917306717978,ZONE_02,WHEEL_FLAT,FRONT_BOGIE_AXLE_1,1
16.76,RUN_014_WHEEL_FLAT,TRAIN001,-0.04550148092751872,0.017761829847445638,1.0656112776435063,29.58960379353611,27.579709777258465,23.518004978472764,115.33581619699893,4.972342951448428,0.30601086724142307,1.5215909787945106,1.6438836006085362,ZONE_02,WHEEL_FLAT,FRONT_BOGIE_AXLE_1,1
16.77,RUN_014_WHEEL_FLAT,TRAIN001,-0.022825627653512346,0.0178071877456348,0.9674209171991272,29.728686670445164,27.825988983017297,23.457405859096966,117.0022095152241,5.008621945409098,0.32961030844346084,1.6508934243029798,1.6001717524294696,ZONE_02,WHEEL_FLAT,FRONT_BOGIE_AXLE_1,1
16.78,RUN_014_WHEEL_FLAT,TRAIN001,0.01587567485280933,0.07136644791747672,0.94739240380569,29.61688687922374,27.710180584452466,23.535723730593347,116.73228915809776,5.014372143361693,0.35265069162997065,1.7683218044465594,1.585592868801363,ZONE_02,WHEEL_FLAT,FRONT_BOGIE_AXLE_1,1
16.79,RUN_014_WHEEL_FLAT,TRAIN001,0.026599628619062912,0.03866454608346493,1.0629176647815006,29.360053347571448,27.90546308419227,23.47570548477539,113.6371499680267,5.023941123319531,0.31650988604781954,1.5901270324528194,1.6201852814164928,ZONE_02,WHEEL_FLAT,FRONT_BOGIE_AXLE_1,1
16.8,RUN_014_WHEEL_FLAT,TRAIN001,-0.02301486908722117,-0.09693658192115767,1.0720621457574915,29.747246039445113,27.67861945966295,23.54348273464696,115.19060566401923,4.929244461933062,0.32137581102179674,1.5841399366784379,1.6185523733834326,ZONE_02,WHEEL_FLAT,FRONT_BOGIE_AXLE_1,1
16.81,RUN_014_WHEEL_FLAT,TRAIN001,0.09244104065196765,0.013115082433822794,0.9997062563728856,29.57859639122251,27.687197560063048,23.52720862321836,112.70356931928423,4.999018514208142,0.33229616911833143,1.6611547016229788,1.569138080138702,ZONE_02,WHEEL_FLAT,FRONT_BOGIE_AXLE_1,1
16.82,RUN_014_WHEEL_FLAT,TRAIN001,-0.06645585421079195,-0.0335004210224742,0.9202278640778716,29.55377933611623,27.85777937719166,23.471762998270254,116.81592795283147,4.983683789241669,0.3107606275894136,1.548732702051928,1.621613143615385,ZONE_02,WHEEL_FLAT,FRONT_BOGIE_AXLE_1,1
16.830000000000002,RUN_014_WHEEL_FLAT,TRAIN001,-0.04637805903613702,0.026635446560206714,1.0008195366345536,29.58934793027246,27.774394144988474,23.64673521656674,115.07913888283466,4.930777799345618,0.33340342571372167,1.6439382097349948,1.6370222699247057,ZONE_02,WHEEL_FLAT,FRONT_BOGIE_AXLE_1,1
16.84,RUN_014_WHEEL_FLAT,TRAIN001,-0.00046445445727302126,0.012150672152668022,1.0858925074903312,29.407153214492368,27.96565698657475,23.46853050846359,115.98586778938031,4.962662655568567,0.32278076013900686,1.6018520242778846,1.6182728385312115,ZONE_02,WHEEL_FLAT,FRONT_BOGIE_AXLE_1,1
16.85,RUN_014_WHEEL_FLAT,TRAIN001,-0.03785133897681631,0.012255505988130985,0.8356626297835121,29.651956783608362,27.858976421812024,23.410609114653774,113.30460557205514,5.048746354363585,0.3180743636572993,1.605876783931307,1.6089995102446173,ZONE_02,WHEEL_FLAT,FRONT_BOGIE_AXLE_1,1
16.86,RUN_014_WHEEL_FLAT,TRAIN001,-0.013852210254900155,0.018611780954324055,1.1413369755704865,29.605100711153188,27.607864743605315,23.458507750016526,115.01508277850783,5.021614370489495,0.3778170510980897,1.897251533210131,1.537991665745521,ZONE_02,WHEEL_FLAT,FRONT_BOGIE_AXLE_1,1
16.87,RUN_014_WHEEL_FLAT,TRAIN001,-0.03874624371500708,-0.003542073508737133,0.9343890201037875,29.697297248615865,27.66775162367817,23.52761223496962,114.59554764488597,5.016215232590744,0.34342649450659857,1.7227012130192412,1.6327406070093244,ZONE_02,WHEEL_FLAT,FRONT_BOGIE_AXLE_1,1
16.88,RUN_014_WHEEL_FLAT,TRAIN001,-0.004174507710173544,-0.04605984501059205,1.0017086404247224,29.520182501082616,27.770297948762337,23.464267679887726,117.73048305997703,4.940591754166986,0.32252475991183144,1.5934631693350814,1.6127611123081336,ZONE_02,WHEEL_FLAT,FRONT_BOGIE_AXLE_1,1
16.89,RUN_014_WHEEL_FLAT,TRAIN001,0.055548347340415014,0.06498584743855487,1.0590547943842585,29.636814408219532,27.709796965284855,23.569924092156434,114.47991939121948,5.026782120425043,0.35028582640434236,1.7608105292076586,1.5982167308351491,ZONE_02,WHEEL_FLAT,FRONT_BOGIE_AXLE_1,1
16.9,RUN_014_WHEEL_FLAT,TRAIN001,-0.018474577293671034,-0.020317689353016016,1.0012613854034338,29.579750800077683,27.78314004869962,23.512594536281487,112.75841368747236,5.031016844524365,0.3324876871983582,1.6727511548918883,1.6138410296271362,ZONE_02,WHEEL_FLAT,FRONT_BOGIE_AXLE_1,1
16.91,RUN_014_WHEEL_FLAT,TRAIN001,-0.01683787046751558,-0.08640026642729641,1.0111589825662912,29.648528685442827,27.771584718704364,23.604530968734533,114.7719117135009,5.010315254880307,0.3398079334343802,1.7025448726156271,1.5619599859171667,ZONE_02,WHEEL_FLAT,FRONT_BOGIE_AXLE_1,1
16.92,RUN_014_WHEEL_FLAT,TRAIN001,-0.12740236162543073,0.010549806709316475,1.085389165563805,29.668890838970004,27.768954725872923,23.44911754077992,116.26264177551649,4.963720368154559,0.3666749007199405,1.8200716731946194,1.6180005594314835,ZONE_02,WHEEL_FLAT,FRONT_BOGIE_AXLE_1,1
16.93,RUN_014_WHEEL_FLAT,TRAIN001,-0.0578288126751291,-0.010227882268618416,1.1001338008997155,29.761169454682506,27.73821323035181,23.46221351774315,116.88182958713173,5.001238825492408,0.304568770353698,1.5232211593253955,1.6017772417236038,ZONE_02,WHEEL_FLAT,FRONT_BOGIE_AXLE_1,1
16.94,RUN_014_WHEEL_FLAT,TRAIN001,0.03298333839953832,-0.0026350847214758975,1.0950313314513678,29.768339012916197,27.714109096571875,23.521364976735217,113.44224251985386,4.9755285678186585,0.36144742422234133,1.798391984982729,1.587154669284875,ZONE_02,WHEEL_FLAT,FRONT_BOGIE_AXLE_1,1
16.95,RUN_014_WHEEL_FLAT,TRAIN001,-0.01875421719243865,0.09474424910531755,1.0023379154043395,29.627647304220144,27.901943600133645,23.48450286447527,114.92179831582469,5.02928610169185,0.34561218156141854,1.7381825413022427,1.641088493410014,ZONE_02,WHEEL_FLAT,FRONT_BOGIE_AXLE_1,1
16.96,RUN_014_WHEEL_FLAT,TRAIN001,-0.0030970576176792028,-0.01691015434496323,1.0487929788301316,29.59952370954707,27.626503549795647,23.546498432926334,114.95638113763837,5.0092259346208285,0.3611563562263249,1.8091137860620654,1.6536202119236334,ZONE_02,WHEEL_FLAT,FRONT_BOGIE_AXLE_1,1
16.97,RUN_014_WHEEL_FLAT,TRAIN001,-0.09340100494580336,0.035752783164486025,0.9961347459850692,29.630594452737117,27.773076298674866,23.480177971914316,115.11412619356153,5.004880561244198,0.32292837664675955,1.6162179549535116,1.5986136959786328,ZONE_02,WHEEL_FLAT,FRONT_BOGIE_AXLE_1,1
16.98,RUN_014_WHEEL_FLAT,TRAIN001,0.0008246932156184594,-0.015664362732794982,1.1092127948365698,29.62413185492481,27.724480688480636,23.553917593420216,115.14505919882616,4.958448922192978,0.3391637844613137,1.6817263015090922,1.5681443976295835,ZONE_02,WHEEL_FLAT,FRONT_BOGIE_AXLE_1,1
16.990000000000002,RUN_014_WHEEL_FLAT,TRAIN001,-0.08197453767841499,0.053555011481442344,1.1579981135642186,29.48588923955938,27.76000917594191,23.463159042988686,113.45750945573813,4.989633478260718,0.3207568287615057,1.600459011169149,1.5649386252988937,ZONE_02,WHEEL_FLAT,FRONT_BOGIE_AXLE_1,1
17.0,RUN_014_WHEEL_FLAT,TRAIN001,-0.14263268760552344,-0.06196168420645057,1.0426319904218948,29.52985905520665,27.95455920697877,23.42356986811048,116.0330885349944,4.978224485365147,0.3131269771901579,1.558816384876418,1.6157888736929176,ZONE_02,WHEEL_FLAT,FRONT_BOGIE_AXLE_1,1
17.01,RUN_014_WHEEL_FLAT,TRAIN001,0.0731458768313337,-0.008772826087706999,1.0083310379213457,29.504598374766484,27.840630393709702,23.5324677383218,113.92753633185274,4.971060326468069,0.3246086985740518,1.6136494231079008,1.5495693099707768,ZONE_02,WHEEL_FLAT,FRONT_BOGIE_AXLE_1,1
17.02,RUN_014_WHEEL_FLAT,TRAIN001,0.004742313707892632,0.16000216305692205,1.00022887508213,29.60245046449366,27.7872043813981,23.49958021855033,115.28254908916767,5.008273152722835,0.3439323884831101,1.7225073475918007,1.613188268924026,ZONE_02,WHEEL_FLAT,FRONT_BOGIE_AXLE_1,1
17.03,RUN_014_WHEEL_FLAT,TRAIN001,-0.005082624107105993,0.1197465782355892,0.8757913603784444,29.649059456898225,27.49804974096468,23.47847261972177,114.20224930128111,5.021625141676516,0.3201197637494727,1.6075214539918987,1.5955977355452275,ZONE_02,WHEEL_FLAT,FRONT_BOGIE_AXLE_1,1
17.04,RUN_014_WHEEL_FLAT,TRAIN001,-0.052117477527647255,0.1286696572015414,0.913274101774352,29.429482539775655,27.867327666258976,23.496756837739476,113.55016968841623,5.000872333300377,0.33855721210033624,1.693081395231879,1.632486088456507,ZONE_02,WHEEL_FLAT,FRONT_BOGIE_AXLE_1,1
17.05,RUN_014_WHEEL_FLAT,TRAIN001,-0.0561341360122948,-0.009156333960145514,1.0662549584048913,29.452486271182988,27.826815413837707,23.488563296741734,115.99143015905538,4.947401096153075,0.3522123807164965,1.742535918435479,1.603128136494843,ZONE_02,WHEEL_FLAT,FRONT_BOGIE_AXLE_1,1
17.06,RUN_014_WHEEL_FLAT,TRAIN001,0.016780512947326805,0.020784576908612455,0.9321126831999811,29.459831391462682,27.84111160923785,23.57018353172454,114.38830248965355,5.0459295935588395,0.3161076728955293,1.595057061414569,1.6418934729095,ZONE_02,WHEEL_FLAT,FRONT_BOGIE_AXLE_1,1
17.07,RUN_014_WHEEL_FLAT,TRAIN001,-0.09259502525586781,0.08306037854262599,0.8898206461523964,29.47540346753928,27.79073683170477,23.54602103165168,116.30340851037637,5.0361221158685145,0.33544195937780286,1.689326670212821,1.5839210326616149,ZONE_02,WHEEL_FLAT,FRONT_BOGIE_AXLE_1,1
17.080000000000002,RUN_014_WHEEL_FLAT,TRAIN001,-0.035325992469444685,-0.016257367519911522,1.2003147775341103,29.723301858869608,27.77136278755118,23.4770682149375,115.01228545767522,4.960482269520123,0.3522302741914989,1.7472320299151418,1.5883722141846055,ZONE_02,WHEEL_FLAT,FRONT_BOGIE_AXLE_1,1
17.09,RUN_014_WHEEL_FLAT,TRAIN001,0.10290072007668594,0.12300675606611373,1.0147662290494934,29.60333247017361,27.630393471408382,23.509444340949397,114.35057482456628,5.005526787210981,0.3218033411138671,1.6107952441594546,1.5369128713016933,ZONE_02,WHEEL_FLAT,FRONT_BOGIE_AXLE_1,1
17.1,RUN_014_WHEEL_FLAT,TRAIN001,-0.008311190738211571,-0.011463402689556082,1.0418320184960184,29.662556250539765,27.769708717818574,23.44394568372662,112.4936547425909,4.991540549235133,0.35278437306912624,1.7609375033110384,1.5997474343330507,ZONE_02,WHEEL_FLAT,FRONT_BOGIE_AXLE_1,1
17.11,RUN_014_WHEEL_FLAT,TRAIN001,0.009390222833800322,0.05737350257778795,0.9947397045024222,29.590328866175895,27.581303725340288,23.504246475092394,114.77548131777296,5.028455494354529,0.32457883214557176,1.6321302118535768,1.6301530665182946,ZONE_02,WHEEL_FLAT,FRONT_BOGIE_AXLE_1,1
17.12,RUN_014_WHEEL_FLAT,TRAIN001,-0.00030160237770032706,0.030098284775619946,1.0759937688729289,29.399066510690552,27.661160673779953,23.515169110430474,114.46779361928768,4.966819154202149,0.3522654559725657,1.749638814088293,1.56771309518966,ZONE_02,WHEEL_FLAT,FRONT_BOGIE_AXLE_1,1
17.13,RUN_014_WHEEL_FLAT,TRAIN001,-0.05850336538645828,-0.030719645291428798,0.9572327991309258,29.5227189952633,27.76913303879666,23.588352862845223,115.44465305123177,5.018686429150321,0.35144069296681824,1.7637706364437555,1.5440783637532758,ZONE_02,WHEEL_FLAT,FRONT_BOGIE_AXLE_1,1
17.14,RUN_014_WHEEL_FLAT,TRAIN001,0.06395676059807542,0.07853111495825767,1.024188073443433,29.654781855101625,27.728577938190075,23.573353207293295,115.14769783658346,5.036692659309028,0.33613500230718507,1.6930086986574222,1.588604235897489,ZONE_02,WHEEL_FLAT,FRONT_BOGIE_AXLE_1,1
17.150000000000002,RUN_014_WHEEL_FLAT,TRAIN001,0.08124618260485618,-0.05769262944290362,1.0631233406519751,29.730459493105556,27.949053570390067,23.42649794472781,113.77274499788172,5.025937521464707,0.3532729867980114,1.7755279596680316,1.61899034054284,ZONE_02,WHEEL_FLAT,FRONT_BOGIE_AXLE_1,1
17.16,RUN_014_WHEEL_FLAT,TRAIN001,0.08016276791946929,0.011845850814720655,1.3094663104969848,29.68303165327876,27.927990113437815,23.509450052923167,115.3533414157331,4.973259459464064,0.3251248102470705,1.6169300380677023,1.6126496927844705,ZONE_02,WHEEL_FLAT,FRONT_BOGIE_AXLE_1,1
17.17,RUN_014_WHEEL_FLAT,TRAIN001,-0.011167093333309803,8.520180348326312e-05,1.0726064528651476,29.65710227439953,27.794771614693573,23.590708539099385,116.35643268277289,4.991537771305224,0.3084749518569384,1.5397643736954687,1.644803720417808,ZONE_02,WHEEL_FLAT,FRONT_BOGIE_AXLE_1,1
17.18,RUN_014_WHEEL_FLAT,TRAIN001,0.006744097870478762,0.025830302893634617,1.0318441556885458,29.528206015333453,27.832152326496963,23.471958401201515,114.30883641818124,5.05966356126418,0.3448835973996435,1.744994970640682,1.635434241663454,ZONE_02,WHEEL_FLAT,FRONT_BOGIE_AXLE_1,1
17.19,RUN_014_WHEEL_FLAT,TRAIN001,-0.014214000122220273,-0.040037141049090993,1.0535393458115774,29.507681802939278,27.8593500272615,23.463273366828354,115.12782251862777,4.980092603920545,0.3833575504524662,1.9091561016654242,1.6149593508125692,ZONE_02,WHEEL_FLAT,FRONT_BOGIE_AXLE_1,1
17.2,RUN_014_WHEEL_FLAT,TRAIN001,0.0031525987347426052,-0.051011170029113,1.0844061348499947,29.533718681861366,27.67543597902477,23.493838454656835,115.99970006527013,5.022611344471218,0.32373127225555853,1.6259763605908688,1.6059154837664482,ZONE_02,WHEEL_FLAT,FRONT_BOGIE_AXLE_1,1
17.21,RUN_014_WHEEL_FLAT,TRAIN001,-0.004875340674004613,0.04144018571881748,1.2074545153388216,29.69905940745366,27.725003779351077,23.526067917669177,115.24323651779268,5.000642489426601,0.3038661900139701,1.519526180884036,1.6186690804173451,ZONE_02,WHEEL_FLAT,FRONT_BOGIE_AXLE_1,1
17.22,RUN_014_WHEEL_FLAT,TRAIN001,-0.05635360604890772,0.03746208884611891,0.7262807960551741,29.659196013265294,28.007912797853546,23.47886000647426,112.171553722702,5.016462575115581,0.32145202033013187,1.6125520296813993,1.6054835411448738,ZONE_02,WHEEL_FLAT,FRONT_BOGIE_AXLE_1,1
17.23,RUN_014_WHEEL_FLAT,TRAIN001,0.08345841946126221,0.07540682699847845,1.1265636458160633,29.565747598534607,27.63617453530167,23.4923101611178,115.12729145393196,5.033427572391878,0.33152170949354215,1.6686905134112855,1.5871591280449568,ZONE_02,WHEEL_FLAT,FRONT_BOGIE_AXLE_1,1
17.240000000000002,RUN_014_WHEEL_FLAT,TRAIN001,-0.2485913901062757,0.1440858419433425,1.575521910977486,29.64757967520864,27.952460420592065,23.442387410631085,116.36378785966312,4.972823812648826,0.33486754711248623,1.665237312364274,1.7370372013707425,ZONE_02,WHEEL_FLAT,FRONT_BOGIE_AXLE_1,1
17.25,RUN_014_WHEEL_FLAT,TRAIN001,-0.15044766390972458,0.04606338938231972,1.5030758106312134,29.575629210860036,27.79846655179511,23.486077725137886,116.14654777915544,4.996251234476636,0.33731703117870915,1.6853206334366195,1.641532806588455,ZONE_02,WHEEL_FLAT,FRONT_BOGIE_AXLE_1,1
17.26,RUN_014_WHEEL_FLAT,TRAIN001,-0.05685916057613399,0.04529207832386584,1.0079378426319547,29.54000865819175,27.702269656945106,23.506978066930962,117.08160767213866,5.018049289666045,0.3038377999121228,1.5246730560227217,1.6086421868980112,ZONE_02,WHEEL_FLAT,FRONT_BOGIE_AXLE_1,1
17.27,RUN_014_WHEEL_FLAT,TRAIN001,-0.1149016472347394,-0.02912610040446712,0.8866079013402802,29.65305081007842,27.807945543885598,23.531975977389926,116.26423776323826,4.982909320196184,0.3201558432828391,1.5953075354093276,1.5717095034974,ZONE_02,WHEEL_FLAT,FRONT_BOGIE_AXLE_1,1
17.28,RUN_014_WHEEL_FLAT,TRAIN001,0.028051825207385247,0.09659691464439449,1.0296249862478468,29.50988819751804,27.811384342914685,23.529323686929754,115.47840393213309,5.033432594967935,0.3074524074739044,1.5475409691805135,1.6102270273440993,ZONE_02,WHEEL_FLAT,FRONT_BOGIE_AXLE_1,1
17.29,RUN_014_WHEEL_FLAT,TRAIN001,-0.04724665851966662,0.04432117049825762,1.1119646482962668,29.739828958360043,27.912967075154185,23.46263367633602,113.64198488916948,5.056709525433466,0.31390741118174403,1.587338596226885,1.600567934177137,ZONE_02,WHEEL_FLAT,FRONT_BOGIE_AXLE_1,1
17.3,RUN_014_WHEEL_FLAT,TRAIN001,-0.04264821783654747,-0.014295032641868528,1.158415090286705,29.63823141544447,27.79702901306807,23.52143478786446,115.84904113236865,4.991785222175924,0.29811221725895964,1.4881121606633732,1.595902559453015,ZONE_02,WHEEL_FLAT,FRONT_BOGIE_AXLE_1,1
17.31,RUN_014_WHEEL_FLAT,TRAIN001,-0.0212375808160371,-0.03922712488283138,0.8496588042399265,29.79187252935466,27.88816690796273,23.579663474414602,116.72341285630736,4.998829694204988,0.341145120237143,1.7053263570745616,1.5756561045598085,ZONE_02,WHEEL_FLAT,FRONT_BOGIE_AXLE_1,1
17.32,RUN_014_WHEEL_FLAT,TRAIN001,-0.0573627626413996,0.006752963137443362,0.7844344211098663,29.657898654968516,27.680206423045398,23.536760920770067,114.98815715798469,5.035735548189354,0.35196220887878904,1.7723886068701646,1.637851894523155,ZONE_02,WHEEL_FLAT,FRONT_BOGIE_AXLE_1,1
17.330000000000002,RUN_014_WHEEL_FLAT,TRAIN001,0.03338545044873699,-0.08428308357579788,1.2099242527326848,29.74125621614029,28.03646380734931,23.474348263712667,113.76037940514765,5.053492417554679,0.334866628040445,1.6922459656944917,1.6238302118019114,ZONE_02,WHEEL_FLAT,FRONT_BOGIE_AXLE_1,1
17.34,RUN_014_WHEEL_FLAT,TRAIN001,0.011945478938500143,-0.02260836956640585,0.961660534548112,29.76303682383035,27.808737097230956,23.5270115016284,116.23902018482518,4.956902091666689,0.2930606673676046,1.452673035059715,1.537381688171485,ZONE_02,WHEEL_FLAT,FRONT_BOGIE_AXLE_1,1
17.35,RUN_014_WHEEL_FLAT,TRAIN001,0.04004541245502301,0.002224641834044596,1.154476938268032,29.676987759503806,27.900416535576685,23.43110367289563,114.58715513098673,5.012199041749009,0.3078544043910845,1.543027550687206,1.6124350157167584,ZONE_02,WHEEL_FLAT,FRONT_BOGIE_AXLE_1,1
17.36,RUN_014_WHEEL_FLAT,TRAIN001,0.041459276827394025,-0.063040258292979,1.0626369733815102,29.803551635710267,27.71969148705993,23.556006096834555,116.61777652230825,5.031584257380649,0.3119602699788484,1.5696543833537906,1.6438147520027566,ZONE_02,WHEEL_FLAT,FRONT_BOGIE_AXLE_1,1
17.37,RUN_014_WHEEL_FLAT,TRAIN001,0.05068474275852533,0.04409086567867561,1.051989724929945,29.721872968044003,27.627789629998162,23.524648096872877,117.1276917874099,5.061362796327373,0.3191438992517776,1.6153030583477985,1.6042807686508829,ZONE_02,WHEEL_FLAT,FRONT_BOGIE_AXLE_1,1
17.38,RUN_014_WHEEL_FLAT,TRAIN001,0.02545574823718387,0.09124238883672194,0.9735967679188582,29.592345719290112,28.026629600107388,23.536248556056456,114.67837388332825,4.987002867472705,0.35416946778541075,1.7662441514171252,1.5847658778426712,ZONE_02,WHEEL_FLAT,FRONT_BOGIE_AXLE_1,1
17.39,RUN_014_WHEEL_FLAT,TRAIN001,0.024587261850747416,0.04817866452874139,1.0644868403103935,29.62814357759125,27.85860086731273,23.60821720011981,114.84060620340638,4.957977383522386,0.36352991916984717,1.8023731174778232,1.5862257103032131,ZONE_02,WHEEL_FLAT,FRONT_BOGIE_AXLE_1,1
17.400000000000002,RUN_014_WHEEL_FLAT,TRAIN001,-0.08073337186501589,0.041831790979824694,0.8830478303746352,29.651706802771603,27.91709048068989,23.521929396157955,115.34869978889617,5.029989926177326,0.3347412703570268,1.6837452177716457,1.5678627424160425,ZONE_02,WHEEL_FLAT,FRONT_BOGIE_AXLE_1,1
17.41,RUN_014_WHEEL_FLAT,TRAIN001,0.06344853709101593,0.05420912128877382,0.9184763853367648,29.611175237726293,27.64577908095485,23.478627564173586,114.49030226156147,4.958648815808912,0.3492766968551823,1.7319404792505981,1.5546385624581753,ZONE_02,WHEEL_FLAT,FRONT_BOGIE_AXLE_1,1
17.42,RUN_014_WHEEL_FLAT,TRAIN001,0.03803898728005731,0.13574115479815507,1.0999632586069796,29.55536435424551,27.915094294538534,23.567206815427813,115.37443034242315,4.985295720229187,0.3280226164478152,1.6352897459156734,1.5528314198627118,ZONE_02,WHEEL_FLAT,FRONT_BOGIE_AXLE_1,1
17.43,RUN_014_WHEEL_FLAT,TRAIN001,-0.0626815252631249,0.021080499139345756,1.008109863072671,29.767499454512613,27.772703752163142,23.48188877054889,115.52256615825829,5.01719089095807,0.2957080449452591,1.4836237094823737,1.6097520454118193,ZONE_02,WHEEL_FLAT,FRONT_BOGIE_AXLE_1,1
17.44,RUN_014_WHEEL_FLAT,TRAIN001,0.07991527471367818,-0.013679283999281597,1.0070827074623379,29.551493630202774,27.783308166307485,23.46100675628917,117.6008425267132,5.076243461630832,0.33454638827976335,1.6982389161173583,1.6302181069379222,ZONE_02,WHEEL_FLAT,FRONT_BOGIE_AXLE_1,1
17.45,RUN_014_WHEEL_FLAT,TRAIN001,-0.05442074131715519,-0.03610232199160662,0.7220955802949237,29.726970345248642,27.88076820688668,23.51098849261139,114.58589919446072,4.996338394306579,0.32540272525258124,1.6258221297914666,1.6184196797372468,ZONE_02,WHEEL_FLAT,FRONT_BOGIE_AXLE_1,1
17.46,RUN_014_WHEEL_FLAT,TRAIN001,0.03753444940119285,-0.09765670272518186,1.0763727383959916,29.78388663122554,27.96795339658088,23.51214357260454,116.20802505594274,4.971342673674324,0.3257063940944565,1.6191980960503585,1.6210864076035558,ZONE_02,WHEEL_FLAT,FRONT_BOGIE_AXLE_1,1
17.47,RUN_014_WHEEL_FLAT,TRAIN001,-0.032504031771640074,0.032881805065867534,1.0098064876941406,29.7775353748486,27.769704960291744,23.487662919685093,115.57882645287047,4.9886591821205295,0.3458794441963326,1.7254746651967798,1.6038000105087105,ZONE_02,WHEEL_FLAT,FRONT_BOGIE_AXLE_1,1
17.48,RUN_014_WHEEL_FLAT,TRAIN001,-0.06356711898716373,-0.028020873621105197,1.094138728301818,29.58840624445308,27.81847950409474,23.451727681112867,114.43419364139555,4.96896035286961,0.32249560110962866,1.6024678558885974,1.5980556562621735,ZONE_02,WHEEL_FLAT,FRONT_BOGIE_AXLE_1,1
17.490000000000002,RUN_014_WHEEL_FLAT,TRAIN001,-0.08675737745538718,0.014816097377925951,0.9543596675772084,29.666918069033954,27.627896276813868,23.513693118153405,115.00765985059168,5.035648818454208,0.3120025204268288,1.5711351233420952,1.5880634084387988,ZONE_02,WHEEL_FLAT,FRONT_BOGIE_AXLE_1,1
17.5,RUN_014_WHEEL_FLAT,TRAIN001,0.10847410278430786,0.014019085774246196,0.7087341872958977,29.779706933765972,27.826484527593436,23.468324623095924,113.5728960640283,4.968653847147641,0.33558185293620724,1.66739006462442,1.6473491743943571,ZONE_02,WHEEL_FLAT,FRONT_BOGIE_AXLE_1,1
17.51,RUN_014_WHEEL_FLAT,TRAIN001,0.0893574469076605,-0.11222564253037712,1.0104679164219945,29.636792203307426,27.910981072060174,23.412704553244406,115.33076694244497,5.010275054839372,0.3464696352813676,1.7359081709095312,1.5704910278423205,ZONE_02,WHEEL_FLAT,FRONT_BOGIE_AXLE_1,1
17.52,RUN_014_WHEEL_FLAT,TRAIN001,-0.012189549495675397,0.007590766505786519,0.9830321032091087,29.772308027338696,27.837590300764127,23.39425768641054,116.45712314440401,4.979852439822119,0.3208417777561939,1.5977447097560482,1.6330141194798014,ZONE_02,WHEEL_FLAT,FRONT_BOGIE_AXLE_1,1
17.53,RUN_014_WHEEL_FLAT,TRAIN001,-0.023864584192621847,-0.006357776100080405,0.9831613156325933,29.816422510621408,27.762486389563914,23.5060750667993,115.30231567433405,5.0293014784657135,0.36385437647767166,1.8299333535653743,1.6520832484105552,ZONE_02,WHEEL_FLAT,FRONT_BOGIE_AXLE_1,1
17.54,RUN_014_WHEEL_FLAT,TRAIN001,-0.06648484450878459,-0.01610147189193471,0.9827822815477409,29.555753857056544,27.82107514083362,23.485114219845073,112.7955306391974,5.005742184972378,0.3487798548161105,1.745902032521546,1.5506472803834013,ZONE_02,WHEEL_FLAT,FRONT_BOGIE_AXLE_1,1
17.55,RUN_014_WHEEL_FLAT,TRAIN001,-0.09988724484497442,-0.06942063706906079,1.0163838317471046,29.930538436632936,27.98612385816038,23.53863190371348,115.51111805032019,4.986657904374771,0.3716876713916003,1.853479264503576,1.5821080304778126,ZONE_02,WHEEL_FLAT,FRONT_BOGIE_AXLE_1,1
17.56,RUN_014_WHEEL_FLAT,TRAIN001,-0.039881842050845155,-0.0452666532201326,0.9678462011131503,29.807067140937768,27.926529307097056,23.65455982474327,115.06448237477959,5.0175421294329805,0.34517018758010864,1.7319059580074796,1.5641046576760116,ZONE_02,WHEEL_FLAT,FRONT_BOGIE_AXLE_1,1
17.57,RUN_014_WHEEL_FLAT,TRAIN001,0.012923501128473042,0.029818242638159274,0.9763125290594846,29.667639970668613,27.848049302931745,23.504006039764505,115.97720699436745,4.983955507805253,0.3161557217295634,1.5757060506382023,1.6073795987576154,ZONE_02,WHEEL_FLAT,FRONT_BOGIE_AXLE_1,1
17.580000000000002,RUN_014_WHEEL_FLAT,TRAIN001,-0.004075472352705128,0.0013023620655334706,1.0301315689500514,29.981880036092655,27.834079263240557,23.562145309110402,117.2533575121122,5.029435029332549,0.3379681970000824,1.6997890887925782,1.581021066263081,ZONE_02,WHEEL_FLAT,FRONT_BOGIE_AXLE_1,1
17.59,RUN_014_WHEEL_FLAT,TRAIN001,0.000742191532088877,0.041682506913393536,1.0104927407567619,29.66326111446357,27.92719061626011,23.480154873677062,116.34303336255368,5.0433189382201515,0.32210766589566103,1.6244916915574765,1.6124354654063986,ZONE_02,WHEEL_FLAT,FRONT_BOGIE_AXLE_1,1
17.6,RUN_014_WHEEL_FLAT,TRAIN001,-0.04353247778366854,-0.06709065518438598,0.8775797150624648,29.83393704135077,27.85528620836476,23.50425119505097,115.59136171010637,4.949735063815825,0.3156431115001754,1.5623497766443462,1.543796949851896,ZONE_02,WHEEL_FLAT,FRONT_BOGIE_AXLE_1,1
17.61,RUN_014_WHEEL_FLAT,TRAIN001,-0.007250708653997911,-0.03885915843075727,1.0825433643545004,29.76521961021129,27.931078627670438,23.488168694762706,114.44764246899435,5.00685092595042,0.3348778557331365,1.6766835020577457,1.58104726343182,ZONE_02,WHEEL_FLAT,FRONT_BOGIE_AXLE_1,1
17.62,RUN_014_WHEEL_FLAT,TRAIN001,0.031023368833073828,-0.05407332107040486,0.9727575467257846,29.939069652158032,27.90301042116212,23.517169379805637,115.7448133614141,5.0472883619541555,0.3323025690957653,1.6772268896445226,1.5757076414215483,ZONE_02,WHEEL_FLAT,FRONT_BOGIE_AXLE_1,1
17.63,RUN_014_WHEEL_FLAT,TRAIN001,-0.009567041716560027,0.1264294686854377,1.0045235927045666,29.701864879069397,27.812581530824584,23.550122698659465,114.67082978366187,5.001745651690507,0.32623675619319037,1.6317532767109062,1.6259256699764235,ZONE_02,WHEEL_FLAT,FRONT_BOGIE_AXLE_1,1
17.64,RUN_014_WHEEL_FLAT,TRAIN001,0.014923789790096852,0.008128704761335115,0.9840488776792689,29.87083769219665,27.874383534640355,23.44507682229904,114.87629658546753,5.018133202484879,0.3385188218968828,1.698732539826813,1.5940260340112677,ZONE_02,WHEEL_FLAT,FRONT_BOGIE_AXLE_1,1
17.650000000000002,RUN_014_WHEEL_FLAT,TRAIN001,-0.0054916156037469474,0.06381280500710869,0.9103942477136974,29.708536264166256,27.633809171708766,23.527853976822428,112.60568372602802,5.050377349244231,0.3300807625324528,1.6670324065151634,1.5850801190371915,ZONE_02,WHEEL_FLAT,FRONT_BOGIE_AXLE_1,1
17.66,RUN_014_WHEEL_FLAT,TRAIN001,0.019391938473521865,-0.04734304761886427,1.023723408196899,29.641340951906816,27.917421915258636,23.492063484381635,117.16717465692864,4.9930419160749535,0.3141253374117228,1.56844097659792,1.5593310559691118,ZONE_02,WHEEL_FLAT,FRONT_BOGIE_AXLE_1,1
17.67,RUN_014_WHEEL_FLAT,TRAIN001,-0.02696275155577914,-0.02323094995781921,0.9481713389949005,29.838024084492076,27.952289479948313,23.442156487069415,115.75065046849029,5.007372630795295,0.3210949966372649,1.6078422980467475,1.6391565432289807,ZONE_02,WHEEL_FLAT,FRONT_BOGIE_AXLE_1,1
17.68,RUN_014_WHEEL_FLAT,TRAIN001,0.038338851401510055,-0.05091765809129472,1.1486408100237409,29.69205148948422,27.903378516416787,23.425891324373037,114.24942996822965,4.96888327741504,0.32372968503339167,1.6085750183652578,1.6444126678630488,ZONE_02,WHEEL_FLAT,FRONT_BOGIE_AXLE_1,1
17.69,RUN_014_WHEEL_FLAT,TRAIN001,-0.006557583520677258,-0.02337516356817362,0.907877540366658,29.645225769441183,28.184812649276576,23.50917258682734,114.7206811466987,4.9832809877304935,0.3576396079944929,1.782218658978343,1.6102006795570611,ZONE_02,WHEEL_FLAT,FRONT_BOGIE_AXLE_1,1
17.7,RUN_014_WHEEL_FLAT,TRAIN001,-0.01585494887092528,0.015078987426719637,1.211807844197125,29.768672821514254,27.91760260075179,23.55651818160031,111.40542441168176,4.964767676398617,0.3437598026541236,1.7066875566623605,1.5354207274385847,ZONE_02,WHEEL_FLAT,FRONT_BOGIE_AXLE_1,1
17.71,RUN_014_WHEEL_FLAT,TRAIN001,-0.060219221995701296,0.06457933842625033,1.149727018693062,29.755127881568658,27.811036823814874,23.54013409174222,112.51696387133322,5.002184154453075,0.3300404111065568,1.650922914766397,1.528277797137395,ZONE_02,WHEEL_FLAT,FRONT_BOGIE_AXLE_1,1
17.72,RUN_014_WHEEL_FLAT,TRAIN001,-0.01408690575043816,0.03236586724678492,0.9351639837772461,29.752334034651508,28.00378021340259,23.44525084825143,116.06512482613158,5.018233520195595,0.33187561530005016,1.66542933723425,1.5684704436280708,ZONE_02,WHEEL_FLAT,FRONT_BOGIE_AXLE_1,1
17.73,RUN_014_WHEEL_FLAT,TRAIN001,-0.033062654286113026,-0.054986588389535705,0.902360256200265,29.691556234432067,28.055112465594945,23.439567513380485,114.83134195464041,5.034023708264634,0.3366373608055039,1.6946404553825423,1.608772956596986,ZONE_02,WHEEL_FLAT,FRONT_BOGIE_AXLE_1,1
17.740000000000002,RUN_014_WHEEL_FLAT,TRAIN001,0.04880991156383729,0.12098417941321389,0.9955024197330492,29.76939030342494,27.84836173140377,23.513029412449693,115.41413640753204,5.046521627885021,0.3273040811502136,1.6517471244195867,1.6311751443969456,ZONE_02,WHEEL_FLAT,FRONT_BOGIE_AXLE_1,1
17.75,RUN_014_WHEEL_FLAT,TRAIN001,0.04766750176637323,0.0797686870399617,1.243714307162905,29.75153581833186,27.799632707791822,23.541981893782538,115.5654015209688,5.034706082722593,0.3293573155721401,1.6582172801002384,1.6252009556641411,ZONE_02,WHEEL_FLAT,FRONT_BOGIE_AXLE_1,1
17.76,RUN_014_WHEEL_FLAT,TRAIN001,0.08870051573695627,0.04374563707873713,1.5672368818551323,29.713264716685075,27.98327835594693,23.52357795634808,115.55144133758454,5.008295924475171,0.3235120348695275,1.620244005755724,1.7034799953775266,ZONE_02,WHEEL_FLAT,FRONT_BOGIE_AXLE_1,1
17.77,RUN_014_WHEEL_FLAT,TRAIN001,-0.1624356261589817,0.16167366997665755,1.624131417646792,29.796057928728548,27.83538085129072,23.517767309257454,116.63521117870265,4.9986500381727055,0.3505851046239441,1.7524522466112602,1.721729996088243,ZONE_02,WHEEL_FLAT,FRONT_BOGIE_AXLE_1,1
17.78,RUN_014_WHEEL_FLAT,TRAIN001,-0.05480410033485676,-0.08164000795932573,0.9863886943353708,29.766592660113435,27.82880753963133,23.571131638342546,115.78349807548042,5.014834333390132,0.2967145620691252,1.4879743730810666,1.6067987063314062,ZONE_02,WHEEL_FLAT,FRONT_BOGIE_AXLE_1,1
17.79,RUN_014_WHEEL_FLAT,TRAIN001,-0.000992950146575705,0.009036755292267017,0.9105367319400393,29.82979156843113,27.86388451082939,23.528422532864177,115.5134432755218,5.056894725668288,0.30993223768925615,1.5672946980853697,1.5618516064207588,ZONE_02,WHEEL_FLAT,FRONT_BOGIE_AXLE_1,1
17.8,RUN_014_WHEEL_FLAT,TRAIN001,-0.027409896265015412,0.004342335169494111,0.9008878138994072,29.639976167188653,27.91997250541701,23.477608697573622,113.84964816152508,5.019261767318633,0.37216071418269225,1.8679720439951846,1.5905007924192156,ZONE_02,WHEEL_FLAT,FRONT_BOGIE_AXLE_1,1
17.81,RUN_014_WHEEL_FLAT,TRAIN001,-0.03232860536004741,-0.06679372533890855,1.0264238658900466,29.703300889816553,27.84288386580871,23.50520389692295,113.99081258287218,5.060683090661292,0.33380347468222626,1.689273599928327,1.6191108365259124,ZONE_02,WHEEL_FLAT,FRONT_BOGIE_AXLE_1,1
17.82,RUN_014_WHEEL_FLAT,TRAIN001,0.04578053630609884,0.034333319539373554,0.9042488650404291,29.76522397926861,28.043414599067823,23.473870763941505,113.44100889815451,4.998538898922059,0.33942590476025813,1.6966335882459644,1.6473782189353883,ZONE_02,WHEEL_FLAT,FRONT_BOGIE_AXLE_1,1
17.830000000000002,RUN_014_WHEEL_FLAT,TRAIN001,-0.07333237011770197,0.004081728104830298,0.9657413718844069,29.694393031374773,27.897594067850743,23.546690972271637,114.93583029441577,4.996448651458498,0.3275338570389512,1.6365060983092683,1.5923995388679972,ZONE_02,WHEEL_FLAT,FRONT_BOGIE_AXLE_1,1
17.84,RUN_014_WHEEL_FLAT,TRAIN001,-0.026100116950727992,0.0052416743376911415,1.0179381005044867,29.914033223437098,27.822092511672952,23.527246156903157,115.01573800240038,5.052327054468106,0.3237377739851948,1.6356291140586807,1.5846515056405464,ZONE_02,WHEEL_FLAT,FRONT_BOGIE_AXLE_1,1
17.85,RUN_014_WHEEL_FLAT,TRAIN001,-0.05944069816266975,0.1507559027053781,0.9184698509767367,29.761963384823662,27.740926327284704,23.56364970549943,114.91417223663001,4.9669837708966815,0.3004564286604367,1.4923622050179657,1.6770418126565476,ZONE_02,WHEEL_FLAT,FRONT_BOGIE_AXLE_1,1
17.86,RUN_014_WHEEL_FLAT,TRAIN001,0.010704647309756898,-0.0017875015624063118,1.035527710454413,29.801477351563644,27.83280465170316,23.466597922317515,115.29626882451787,5.047169227286344,0.33556247167379233,1.69364058086411,1.6409672509977755,ZONE_02,WHEEL_FLAT,FRONT_BOGIE_AXLE_1,1
17.87,RUN_014_WHEEL_FLAT,TRAIN001,-0.03367659306701011,0.02805787823743463,0.9830955288732672,29.80805659299004,27.77186624286693,23.46065263917247,114.71996378884576,4.934242331572606,0.33893353876761195,1.6723802145768558,1.6001365722200296,ZONE_02,WHEEL_FLAT,FRONT_BOGIE_AXLE_1,1
17.88,RUN_014_WHEEL_FLAT,TRAIN001,0.07242208756607825,0.04161848903345018,1.0247117585100536,29.74587784735574,27.964751755164798,23.496630551956496,115.69715584116494,4.997659646068749,0.3569708932988986,1.7840190282610187,1.5711368000702948,ZONE_02,WHEEL_FLAT,FRONT_BOGIE_AXLE_1,1
17.89,RUN_014_WHEEL_FLAT,TRAIN001,-0.008750957348227244,0.06710143122364998,0.9835905653052716,29.887939322455527,27.84897401953321,23.51938331500754,114.35564349063256,4.986931061282787,0.34131034325104886,1.7020911522957454,1.6008892335097686,ZONE_02,WHEEL_FLAT,FRONT_BOGIE_AXLE_1,1
17.900000000000002,RUN_014_WHEEL_FLAT,TRAIN001,-0.04678002157619728,0.0509520673754137,1.0486582367183839,29.899785686770116,27.77280075424961,23.53999817620627,115.45335304309975,5.0068968190919225,0.3295952217245245,1.6502492672404185,1.5988360786427622,ZONE_02,WHEEL_FLAT,FRONT_BOGIE_AXLE_1,1
17.91,RUN_014_WHEEL_FLAT,TRAIN001,-0.05990978630595738,0.03875673875096433,1.0047440514017059,29.75017364621325,27.921240595202946,23.51539189428695,114.84462677871822,5.012101765486603,0.3449568729107707,1.7289589517328117,1.567000865468328,ZONE_02,WHEEL_FLAT,FRONT_BOGIE_AXLE_1,1
17.92,RUN_014_WHEEL_FLAT,TRAIN001,0.005296028861854273,0.0981212996715681,1.0208074608072526,29.69265559949527,27.987296058353216,23.556916079910877,115.65035316008546,5.0157328021509855,0.31063551992787464,1.558064766815467,1.5483642834764335,ZONE_02,WHEEL_FLAT,FRONT_BOGIE_AXLE_1,1
17.93,RUN_014_WHEEL_FLAT,TRAIN001,-0.040035185429414914,-0.018910956816354237,1.1339323837896662,29.870678805788454,28.037393205810243,23.450630040222187,117.17586673625736,5.020236011764343,0.3070989905120591,1.5417094113451153,1.5879887068868845,ZONE_02,WHEEL_FLAT,FRONT_BOGIE_AXLE_1,1
17.94,RUN_014_WHEEL_FLAT,TRAIN001,-0.027608385493873164,-0.033706102077524835,0.9212101958667708,29.78149683476394,27.804893597887812,23.4355782220848,116.25550814237933,5.018592488943436,0.3687011568923106,1.8503608566445053,1.588767754304752,ZONE_02,WHEEL_FLAT,FRONT_BOGIE_AXLE_1,1
17.95,RUN_014_WHEEL_FLAT,TRAIN001,0.0920733428289145,0.11067917315234807,0.9281671349852181,29.809302153746096,27.95648977004051,23.558311501854355,115.81635961660699,5.047055650123875,0.3332045848368541,1.6817020825480247,1.6031498225647152,ZONE_02,WHEEL_FLAT,FRONT_BOGIE_AXLE_1,1
17.96,RUN_014_WHEEL_FLAT,TRAIN001,0.041717296316655036,-0.1197989247160165,1.1073625282763264,29.74783107586276,28.030455222722036,23.516267822683172,114.09462821273199,4.981149130405025,0.3106010940202812,1.547150369381973,1.5748491856229883,ZONE_02,WHEEL_FLAT,FRONT_BOGIE_AXLE_1,1
17.97,RUN_014_WHEEL_FLAT,TRAIN001,-0.03277081586202767,-0.08196255620917746,0.8825006082517509,29.93259286149956,27.79195422368872,23.504267857663525,114.56495978400197,5.040743723401539,0.35491841553399206,1.7890527754225896,1.5946718103049091,ZONE_02,WHEEL_FLAT,FRONT_BOGIE_AXLE_1,1
17.98,RUN_014_WHEEL_FLAT,TRAIN001,0.05505624110082715,0.031192350666224146,1.0510785005685266,29.775635960696185,27.834084799777813,23.434244909757357,114.23713290162613,5.0285361653020555,0.3183127202523,1.6006470256643666,1.602755810282919,ZONE_02,WHEEL_FLAT,FRONT_BOGIE_AXLE_1,1
17.990000000000002,RUN_014_WHEEL_FLAT,TRAIN001,-0.011721695352974225,-0.04815792465122561,1.0900995032135339,29.77546193372396,27.928636924499603,23.52668708893192,113.63861206943838,4.984954182755351,0.352296459294324,1.756181708329141,1.5629191217049991,ZONE_02,WHEEL_FLAT,FRONT_BOGIE_AXLE_1,1
18.0,RUN_014_WHEEL_FLAT,TRAIN001,0.14247398636773356,-0.051692992088110824,1.0808236599590433,29.589570596831432,27.66339101374543,23.435394829414168,117.73627250810927,4.985492297492887,0.32661983375438575,1.6283606653908973,1.7006081048832644,ZONE_02,WHEEL_FLAT,FRONT_BOGIE_AXLE_1,1
18.01,RUN_014_WHEEL_FLAT,TRAIN001,-0.08117534155872418,-0.005284218282352099,1.1580472677661786,29.963305141843367,28.02832587840525,23.489876455382138,114.9534335635104,4.97887721128322,0.32704229380279937,1.6283034237405491,1.6034682269972058,ZONE_02,WHEEL_FLAT,FRONT_BOGIE_AXLE_1,1
18.02,RUN_014_WHEEL_FLAT,TRAIN001,0.08392849592860226,0.019016816780006465,0.9918139666634413,29.596746458027294,28.06619923516309,23.51456564077378,113.82806988054678,4.991946195103463,0.3294514245841809,1.6446037854244173,1.6356606713735993,ZONE_02,WHEEL_FLAT,FRONT_BOGIE_AXLE_1,1
18.03,RUN_014_WHEEL_FLAT,TRAIN001,-0.06691886479862767,-0.11286719145756617,1.0114544549263416,29.893002698718618,27.850074088670954,23.493798802520395,113.6515264174363,4.998873453366002,0.3193767301402524,1.5965238579209453,1.6111464271812503,ZONE_02,WHEEL_FLAT,FRONT_BOGIE_AXLE_1,1
18.04,RUN_014_WHEEL_FLAT,TRAIN001,-0.054460670850607365,-0.019909062598578026,0.9078567409069238,29.93403199045182,28.075957806159128,23.47637984068308,116.18195661611887,5.010470433237517,0.36104366903745844,1.808998628819777,1.6117873445165476,ZONE_02,WHEEL_FLAT,FRONT_BOGIE_AXLE_1,1
18.05,RUN_014_WHEEL_FLAT,TRAIN001,0.10679009620893515,-0.0060575141551132,0.9973934473181444,29.86552880237893,27.934277887080697,23.49576096011653,113.17226188159304,4.983796983966789,0.32539729628891495,1.621714063835642,1.588511257231097,ZONE_02,WHEEL_FLAT,FRONT_BOGIE_AXLE_1,1
18.06,RUN_014_WHEEL_FLAT,TRAIN001,0.037642360177701825,0.03289119360553694,0.8678202309408837,29.82880746334257,27.763262844872184,23.43899310779767,115.14826837764237,4.946427047476855,0.3128914631909726,1.5476947964524357,1.6312234381880573,ZONE_02,WHEEL_FLAT,FRONT_BOGIE_AXLE_1,1
18.07,RUN_014_WHEEL_FLAT,TRAIN001,0.0986051754772841,-0.09374170807533004,0.9094318621455637,29.937504163829875,27.95689963182389,23.561767365302842,114.29356562895823,4.9840269591193955,0.3134344121915506,1.5621655602784292,1.631665500947412,ZONE_02,WHEEL_FLAT,FRONT_BOGIE_AXLE_1,1
18.080000000000002,RUN_014_WHEEL_FLAT,TRAIN001,0.037359212101831456,-0.04789538401578098,1.057267506528795,29.79430361329124,27.869005499449234,23.484497635608864,117.76119048258437,5.027726228737925,0.3685616066529168,1.85302685667466,1.5290783428841461,ZONE_02,WHEEL_FLAT,FRONT_BOGIE_AXLE_1,1
18.09,RUN_014_WHEEL_FLAT,TRAIN001,-0.05437133866214978,-0.013128644285367985,0.8136993014711168,29.797743152524838,28.005348200179224,23.517218353941352,115.35206452620463,4.960354690250663,0.3435417022431616,1.7040886940185633,1.5989788619529133,ZONE_02,WHEEL_FLAT,FRONT_BOGIE_AXLE_1,1
18.1,RUN_014_WHEEL_FLAT,TRAIN001,-0.026272524859697728,0.06955270913088907,0.9453811095757243,29.735237126057317,28.0731451454379,23.524050704861097,113.9686638542562,4.960812118101071,0.324365701508038,1.6091173027374297,1.6340348109964922,ZONE_02,WHEEL_FLAT,FRONT_BOGIE_AXLE_1,1
18.11,RUN_014_WHEEL_FLAT,TRAIN001,-0.027607118776754654,-0.06588271066790607,1.035004281414062,29.998029759115823,27.669040522624417,23.455625450760316,112.69257643340927,4.99130382979259,0.2994739530262394,1.4947654886629949,1.6268973139427538,ZONE_02,WHEEL_FLAT,FRONT_BOGIE_AXLE_1,1
18.12,RUN_014_WHEEL_FLAT,TRAIN001,0.06697743527990417,0.03571027142705508,0.916692977295998,29.79918358283258,28.173066292527437,23.544415538666346,114.94012729139025,5.01432666039592,0.33589652023603217,1.6842948765537538,1.581466578077692,ZONE_02,WHEEL_FLAT,FRONT_BOGIE_AXLE_1,1
18.13,RUN_014_WHEEL_FLAT,TRAIN001,0.03271895567438415,0.050815176679969334,0.9322941789661545,29.91491631982761,27.834087888069746,23.45914939122666,114.69883401222158,5.01910719313394,0.34424134866151745,1.727784229241151,1.6060128855421552,ZONE_02,WHEEL_FLAT,FRONT_BOGIE_AXLE_1,1
18.14,RUN_014_WHEEL_FLAT,TRAIN001,0.03137485030508111,0.04761818789015313,1.0223485683536908,29.942828474520848,27.900928716152716,23.47407673225374,113.57478001489204,5.06345849867255,0.3135996040445025,1.5878985802794827,1.5850320041473305,ZONE_02,WHEEL_FLAT,FRONT_BOGIE_AXLE_1,1
18.150000000000002,RUN_014_WHEEL_FLAT,TRAIN001,0.0019638705727343083,-0.0031352804812580567,0.9968318776782162,29.93725897320364,27.817414961627154,23.49894213446891,115.97457418333244,5.018637898405668,0.34061048002736,1.7094006636594559,1.5832622284533666,ZONE_02,WHEEL_FLAT,FRONT_BOGIE_AXLE_1,1
18.16,RUN_014_WHEEL_FLAT,TRAIN001,-0.09202154003664624,-0.03685206622139871,0.9764876493254155,29.941961368299935,27.982395139579967,23.459859156684328,115.22260726759046,4.983468984691113,0.3126656908993415,1.5581597731738865,1.5993383315902125,ZONE_02,WHEEL_FLAT,FRONT_BOGIE_AXLE_1,1
18.17,RUN_014_WHEEL_FLAT,TRAIN001,-0.03116171592827658,0.058001591724280155,0.9146318522506222,29.861732111419098,27.860516814533597,23.51514935534503,115.46370131142801,5.019211206673949,0.2861153938300125,1.4360735911135294,1.654430599596334,ZONE_02,WHEEL_FLAT,FRONT_BOGIE_AXLE_1,1
18.18,RUN_014_WHEEL_FLAT,TRAIN001,0.13273349572888918,-0.005041291103185601,0.8151297249332294,29.819115188249782,28.11567780544325,23.502007829254982,113.6012896556286,4.998047563427454,0.2996739725734301,1.497784768443258,1.5955527492027783,ZONE_02,WHEEL_FLAT,FRONT_BOGIE_AXLE_1,1
18.19,RUN_014_WHEEL_FLAT,TRAIN001,0.08989807511030831,-0.06501455392627627,0.9680868278087963,29.81904516720108,27.880675398151585,23.4689754017113,113.94506586759279,4.973022653744482,0.339980712322949,1.6907317842182112,1.6226136394651263,ZONE_02,WHEEL_FLAT,FRONT_BOGIE_AXLE_1,1
18.2,RUN_014_WHEEL_FLAT,TRAIN001,0.030099278395508362,-0.00516596508359054,1.0478609142854913,29.780122464616298,27.874947635571377,23.41530728021464,115.47592638185594,5.0083841477303634,0.349630675405423,1.7510847322607808,1.5812207476307105,ZONE_02,WHEEL_FLAT,FRONT_BOGIE_AXLE_1,1
18.21,RUN_014_WHEEL_FLAT,TRAIN001,0.08200063794739083,0.07196864629455181,1.1075869016055908,29.824658843460874,28.096897515678886,23.561925410769003,114.1121639425843,5.010349408066188,0.35758146860891743,1.7916080995801276,1.6236633776990945,ZONE_02,WHEEL_FLAT,FRONT_BOGIE_AXLE_1,1
18.22,RUN_014_WHEEL_FLAT,TRAIN001,-0.003812841131968618,-0.060684429228421516,0.9805872258497556,29.83481432696479,27.934840357383834,23.44490556065477,115.16721113410502,4.9873954903171525,0.34345757929167536,1.7129587820745475,1.6339245408139922,ZONE_02,WHEEL_FLAT,FRONT_BOGIE_AXLE_1,1
18.23,RUN_014_WHEEL_FLAT,TRAIN001,0.023296344244043077,-0.07770719096277749,1.1792890030694987,29.853982358498673,27.87820579088291,23.473196436377957,115.52463364992118,4.991408145175478,0.31227569206069544,1.5586954328920646,1.6401908855756757,ZONE_02,WHEEL_FLAT,FRONT_BOGIE_AXLE_1,1
18.240000000000002,RUN_014_WHEEL_FLAT,TRAIN001,-0.03641920605689248,0.032770956176676296,1.231111231445344,29.820960897055034,27.831140878468428,23.598115078874507,116.30335819414346,4.999092570882253,0.32773392809066576,1.6383722451441056,1.6337868653481826,ZONE_02,WHEEL_FLAT,FRONT_BOGIE_AXLE_1,1
18.25,RUN_014_WHEEL_FLAT,TRAIN001,0.03896207753936017,-0.024971930722052945,0.8941718796443933,29.83503764802608,28.076272637674965,23.52838745654216,115.87858775745714,5.011144530238189,0.2929156076587782,1.467842445140682,1.5452208033477703,ZONE_02,WHEEL_FLAT,FRONT_BOGIE_AXLE_1,1
18.26,RUN_014_WHEEL_FLAT,TRAIN001,-0.07034839367780343,0.019144627271779385,0.8977458924870573,29.838698222044602,27.731761737668943,23.531679836268033,114.4760876787001,4.983878365451761,0.3263696166549573,1.6265864715874263,1.6212624045402575,ZONE_02,WHEEL_FLAT,FRONT_BOGIE_AXLE_1,1
18.27,RUN_014_WHEEL_FLAT,TRAIN001,0.03855282860046047,-0.013387675572449267,0.8684067337492558,29.888268812884743,28.05670855852922,23.576999922483047,116.99929685277114,5.001541423435832,0.30462420259749984,1.5235905678725046,1.6146463002919356,ZONE_02,WHEEL_FLAT,FRONT_BOGIE_AXLE_1,1
18.28,RUN_014_WHEEL_FLAT,TRAIN001,-0.20202072682001793,0.05036212165593876,1.3374695477939953,29.77889187775682,27.87750889746536,23.49386522864074,114.85600281947131,5.023130062502212,0.31323748434224585,1.5734326243021013,1.6783269328750425,ZONE_02,WHEEL_FLAT,FRONT_BOGIE_AXLE_1,1
18.29,RUN_014_WHEEL_FLAT,TRAIN001,0.29740361282444727,0.19428185590251665,1.7784170547022526,29.833579953542134,27.915477215900175,23.482437839478585,114.85538030240775,4.979792554410646,0.3059556311211466,1.5235955738370959,1.688633649825788,ZONE_02,WHEEL_FLAT,FRONT_BOGIE_AXLE_1,1
18.3,RUN_014_WHEEL_FLAT,TRAIN001,-0.008310715400679406,-0.02863950294800623,0.9265587218344715,29.728179753911007,28.03345747907935,23.49226977952092,114.64333274175803,4.975471299681476,0.344784623155394,1.715465997081156,1.604506792736134,ZONE_02,WHEEL_FLAT,FRONT_BOGIE_AXLE_1,1
18.31,RUN_014_WHEEL_FLAT,TRAIN001,0.048707886726727156,-0.04601256281455446,1.0673976876421902,29.83704325050156,28.02361669054271,23.542602018545683,115.15079045039693,4.949145508163273,0.324777130939115,1.607369278741476,1.557385188837517,ZONE_02,WHEEL_FLAT,FRONT_BOGIE_AXLE_1,1
18.32,RUN_014_WHEEL_FLAT,TRAIN001,-0.03144793408623496,-0.019174957326651487,1.0327588868948567,29.884828295595284,27.882923864598432,23.558390688916298,114.61818345838836,5.021757375336798,0.33455001878405993,1.6800290242479172,1.629625714318851,ZONE_02,WHEEL_FLAT,FRONT_BOGIE_AXLE_1,1
18.330000000000002,RUN_014_WHEEL_FLAT,TRAIN001,0.006012466964237316,0.037844343523641945,0.9554367934784818,29.890150919669196,27.789980901701448,23.543486336300028,114.9161123558792,4.978197197493267,0.3419777640676669,1.7024327466866729,1.5892996675765882,ZONE_02,WHEEL_FLAT,FRONT_BOGIE_AXLE_1,1
18.34,RUN_014_WHEEL_FLAT,TRAIN001,-0.02124692312477104,0.014081984994638875,0.9453570028670207,29.786931383093563,27.95247934576374,23.458810067484457,113.94102473660558,5.000421281304845,0.3347316975024466,1.6737995037185298,1.5900917071201197,ZONE_02,WHEEL_FLAT,FRONT_BOGIE_AXLE_1,1
18.35,RUN_014_WHEEL_FLAT,TRAIN001,0.04140187483330232,-0.0600473273012452,1.1115029097811342,29.79157198887504,28.02879126651917,23.437240631873543,115.56068118303354,5.061137332549175,0.3079090922690289,1.5583702019141108,1.5959748710690413,ZONE_02,WHEEL_FLAT,FRONT_BOGIE_AXLE_1,1
18.36,RUN_014_WHEEL_FLAT,TRAIN001,-0.03439942757338987,0.0724353339225798,1.0010655702718763,29.792597842706385,27.89770608916237,23.49845243546868,116.96080895141702,5.037687705672683,0.3450302761711554,1.7381547803522799,1.617662019313833,ZONE_02,WHEEL_FLAT,FRONT_BOGIE_AXLE_1,1
18.37,RUN_014_WHEEL_FLAT,TRAIN001,-0.07718418817839212,0.055726632711199174,1.0588720031620735,29.982839887163525,27.975786896317732,23.567117490295285,114.65741187145866,4.946931827188103,0.3512136362334858,1.7374299152258956,1.6541955341271375,ZONE_02,WHEEL_FLAT,FRONT_BOGIE_AXLE_1,1
18.38,RUN_014_WHEEL_FLAT,TRAIN001,0.032283560026243364,0.023374507849688222,1.131869227960191,29.79825020263736,27.872234194475723,23.49316336181157,116.95186795911394,4.988083326481967,0.36447361169879106,1.8180247454574026,1.580435757871642,ZONE_02,WHEEL_FLAT,FRONT_BOGIE_AXLE_1,1
18.39,RUN_014_WHEEL_FLAT,TRAIN001,-0.013360696273843875,-0.03300658455858614,1.1381972849253208,29.887986819093943,28.059527511231508,23.5253418132482,114.77786272564346,4.96199050190927,0.3423156315783391,1.6985669125467915,1.5688568063372774,ZONE_02,WHEEL_FLAT,FRONT_BOGIE_AXLE_1,1
18.400000000000002,RUN_014_WHEEL_FLAT,TRAIN001,0.010496671154143567,0.021107212121941107,0.8666430264254776,29.791413311786986,28.009295553717156,23.56628052712495,115.61336579002754,4.971102822792435,0.3368518171328767,1.6745250190120047,1.5977713725641989,ZONE_02,WHEEL_FLAT,FRONT_BOGIE_AXLE_1,1
18.41,RUN_014_WHEEL_FLAT,TRAIN001,0.01223317897094079,-0.013381494424205335,1.002124517967562,30.12501358916779,28.059262201261888,23.480417986079093,114.62566987467152,4.958326105419828,0.3439731631087115,1.7055311142057568,1.6237993234127106,ZONE_02,WHEEL_FLAT,FRONT_BOGIE_AXLE_1,1
18.42,RUN_014_WHEEL_FLAT,TRAIN001,-0.03977657339315267,-0.10647462449869703,1.0933863407202151,29.91304171354898,27.94924595662127,23.492181798456812,112.74707635649861,5.040607972901355,0.344004474785504,1.7339916983175545,1.5379982119050133,ZONE_02,WHEEL_FLAT,FRONT_BOGIE_AXLE_1,1
18.43,RUN_014_WHEEL_FLAT,TRAIN001,0.0978271089564848,-0.029407295207753634,1.0175504534361868,29.753146035142997,28.122665656362173,23.529989854774588,116.21601291639384,5.022647662738981,0.31301383825620865,1.572158223122504,1.6093921239719688,ZONE_02,WHEEL_FLAT,FRONT_BOGIE_AXLE_1,1
18.44,RUN_014_WHEEL_FLAT,TRAIN001,0.04474004277164364,0.018597921390342546,0.9464978243510277,29.848902299717505,27.934869366401603,23.566951336679253,116.52959200332528,4.968771983698863,0.34305037350031975,1.7045390848458197,1.5251541604981,ZONE_02,WHEEL_FLAT,FRONT_BOGIE_AXLE_1,1
18.45,RUN_014_WHEEL_FLAT,TRAIN001,0.028115318304699138,0.0007160325030404138,1.1403122378622896,29.962213372775913,27.94227072820302,23.44260381081062,114.95966587691022,4.939691296977134,0.30633611122752,1.5132058225804002,1.6246137674394359,ZONE_02,WHEEL_FLAT,FRONT_BOGIE_AXLE_1,1
18.46,RUN_014_WHEEL_FLAT,TRAIN001,0.0659543107519086,-0.10775860981668405,1.005919103239478,29.957654921142247,28.053412334688105,23.441059553978572,114.43807176513897,5.014879869997483,0.3309407478196877,1.659628094402865,1.5949776363449082,ZONE_02,WHEEL_FLAT,FRONT_BOGIE_AXLE_1,1
18.47,RUN_014_WHEEL_FLAT,TRAIN001,-0.029385301315261052,-0.08257945189061047,0.9087631048814048,29.85049759741239,27.85005217800694,23.48989108668868,115.14761893554092,5.028634933173378,0.33890948715051317,1.7042520862689445,1.5826713540463568,ZONE_02,WHEEL_FLAT,FRONT_BOGIE_AXLE_1,1
18.48,RUN_014_WHEEL_FLAT,TRAIN001,0.03068741262808992,-0.006980381749149343,0.9225468793300532,29.882190501654613,27.997423764524793,23.513693027833927,119.1676110868386,4.934961098390641,0.31553868241118355,1.55717112273663,1.5900376215808376,ZONE_02,WHEEL_FLAT,FRONT_BOGIE_AXLE_1,1
18.490000000000002,RUN_014_WHEEL_FLAT,TRAIN001,0.009642523943547613,-0.00765105838068496,1.0736327589025096,29.896800588195468,27.993844434783977,23.483456096407913,114.74745064369074,5.009426481117197,0.328932459565741,1.6477629734476347,1.5969378323682328,ZONE_02,WHEEL_FLAT,FRONT_BOGIE_AXLE_1,1
18.5,RUN_014_WHEEL_FLAT,TRAIN001,-0.03498866633058697,0.053951821174761425,1.1411186084500793,29.992298195275833,28.118222675930998,23.509635975840247,113.96511435010427,4.996290112735833,0.32106865929825185,1.6041521679612056,1.5966022195163871,ZONE_02,WHEEL_FLAT,FRONT_BOGIE_AXLE_1,1
18.51,RUN_014_WHEEL_FLAT,TRAIN001,0.05106494566775842,-8.971185574626257e-05,0.8387036721441883,29.732709471516003,27.99741703484839,23.496291247423876,113.38989972438004,5.003447626909766,0.32729438984737536,1.6376003381827302,1.573541288039032,ZONE_02,WHEEL_FLAT,FRONT_BOGIE_AXLE_1,1
18.52,RUN_014_WHEEL_FLAT,TRAIN001,0.04142892460842202,0.06647633422444535,0.9066871817499961,29.736023556014533,27.967976814648015,23.446036200006297,113.64652287663831,4.9560875522803505,0.326511859719981,1.6182213636301057,1.5872319036303852,ZONE_02,WHEEL_FLAT,FRONT_BOGIE_AXLE_1,1
18.53,RUN_014_WHEEL_FLAT,TRAIN001,-0.15514305735791872,0.029025153798901995,0.9983438009891651,29.89753640936752,28.14895301496345,23.513129803027407,117.29576765055027,5.006065959970835,0.3747078861190846,1.8758123936333777,1.5504936631343464,ZONE_02,WHEEL_FLAT,FRONT_BOGIE_AXLE_1,1
18.54,RUN_014_WHEEL_FLAT,TRAIN001,-0.07717540477467404,0.023093165323996745,0.8886896598016139,29.845457916171135,27.925382159313312,23.50636584999851,115.0040624835517,5.000927222761338,0.3375993511840402,1.688309785722832,1.576287197728204,ZONE_02,WHEEL_FLAT,FRONT_BOGIE_AXLE_1,1
18.55,RUN_014_WHEEL_FLAT,TRAIN001,0.059980166352130056,0.03525352294535603,0.9751712161410481,29.788542611294215,27.928093722364714,23.587698687637324,113.40950500142475,4.9745192969281975,0.3389814664141762,1.6862698459783372,1.6076133899511476,ZONE_02,WHEEL_FLAT,FRONT_BOGIE_AXLE_1,1
18.56,RUN_014_WHEEL_FLAT,TRAIN001,0.005329118259989328,-0.017961116619462078,1.1081359780588633,29.946635487121327,27.874305344429086,23.58110143534847,113.68598390854474,4.9925560318341,0.32547570415057325,1.6249556899723956,1.6177631972442936,ZONE_02,WHEEL_FLAT,FRONT_BOGIE_AXLE_1,1
18.57,RUN_014_WHEEL_FLAT,TRAIN001,-0.052070441954420156,0.03363806222358125,0.9574684673477817,29.971553948130808,27.869343661950744,23.52804576700974,115.24137090185492,5.025280901435966,0.3216232689337963,1.61624727083041,1.5766403028421099,ZONE_02,WHEEL_FLAT,FRONT_BOGIE_AXLE_1,1
18.580000000000002,RUN_014_WHEEL_FLAT,TRAIN001,-0.007236797870819278,-0.0014808149106803304,1.0709476289446158,29.91943291466885,28.13800114880309,23.495281786341522,114.4574232884229,5.003605180631456,0.33006539454290484,1.6515169180820441,1.6092409682652058,ZONE_02,WHEEL_FLAT,FRONT_BOGIE_AXLE_1,1
18.59,RUN_014_WHEEL_FLAT,TRAIN001,-0.034938344525857215,-0.13458669475075533,1.119476679571148,29.95296150029188,28.033781274518148,23.46634473724568,112.97620619861313,5.021126170732672,0.3422058905863854,1.718258953002181,1.5830492109261303,ZONE_02,WHEEL_FLAT,FRONT_BOGIE_AXLE_1,1
18.6,RUN_014_WHEEL_FLAT,TRAIN001,-0.09751404924057847,0.060674540142190925,1.0007933320792113,29.869083650200494,27.96364214385236,23.5073444655174,112.89854090566644,4.941824047479184,0.3158168936030665,1.5607115194078087,1.593134699578911,ZONE_02,WHEEL_FLAT,FRONT_BOGIE_AXLE_1,1
18.61,RUN_014_WHEEL_FLAT,TRAIN001,-0.1178278888446969,0.07905250651971515,1.0188142414292796,29.833550332229393,28.029137757324076,23.44903241195235,114.46105207560282,4.9610096707172096,0.32482137044870524,1.6114419600516439,1.590149057872222,ZONE_02,WHEEL_FLAT,FRONT_BOGIE_AXLE_1,1
18.62,RUN_014_WHEEL_FLAT,TRAIN001,0.00524379395290953,-0.06662440651579629,1.026290240345308,30.044458618917613,28.184293966530614,23.454304913350782,114.85040473849017,5.010589273513886,0.3352956089540379,1.680028581681409,1.6544974473868708,ZONE_02,WHEEL_FLAT,FRONT_BOGIE_AXLE_1,1
18.63,RUN_014_WHEEL_FLAT,TRAIN001,0.08430224316079003,0.04561866482114044,0.9525528188291312,29.906999212361807,27.969129937954325,23.53611321635117,115.2200742628025,4.947730924205063,0.3507601395907892,1.7354667896318323,1.6233985032405849,ZONE_02,WHEEL_FLAT,FRONT_BOGIE_AXLE_1,1
18.64,RUN_014_WHEEL_FLAT,TRAIN001,0.11997113444070162,-0.0907041305196148,0.9916926892391805,29.888364273356956,28.100614845418217,23.44438434660151,115.26789581135748,4.965660630362183,0.3065068562184721,1.522009028860149,1.624358862687229,ZONE_02,WHEEL_FLAT,FRONT_BOGIE_AXLE_1,1
18.650000000000002,RUN_014_WHEEL_FLAT,TRAIN001,-0.06946076434434019,0.09082244561222555,0.9349945620518195,29.98393420303965,28.112545562946806,23.49129822891443,112.81222002015697,4.979129730860242,0.3338880484156432,1.6624719086452329,1.5852589621592414,ZONE_02,WHEEL_FLAT,FRONT_BOGIE_AXLE_1,1
18.66,RUN_014_WHEEL_FLAT,TRAIN001,-0.00017384207080446673,-0.06743882931699621,0.9349099873156821,29.893326950963473,27.98884056049438,23.49407617925924,116.75366691117068,4.941281760857098,0.3326217769545424,1.6435779197293583,1.6077602973474239,ZONE_02,WHEEL_FLAT,FRONT_BOGIE_AXLE_1,1
18.67,RUN_014_WHEEL_FLAT,TRAIN001,-0.05060043408495231,-0.040080810870008726,1.1017787264078258,29.890355064849327,28.10084763948203,23.532505876028953,116.79582604068243,5.032115771851,0.31288660892274284,1.57448163956111,1.5241975762159825,ZONE_02,WHEEL_FLAT,FRONT_BOGIE_AXLE_1,1
18.68,RUN_014_WHEEL_FLAT,TRAIN001,-0.008974418961849806,-0.03447262759086368,1.0826783155030493,29.8504088794922,27.948026746912113,23.509712170270742,114.83970469423404,5.003842385075568,0.34761119982828553,1.739391655227748,1.5808753279959298,ZONE_02,WHEEL_FLAT,FRONT_BOGIE_AXLE_1,1
18.69,RUN_014_WHEEL_FLAT,TRAIN001,0.06729967890144528,-0.11831705359285723,1.1641984736247812,29.994563297971737,28.161910124909944,23.47973547950801,113.84318752329402,5.030278542657283,0.33603091551756475,1.6903291039974881,1.6266340656295033,ZONE_02,WHEEL_FLAT,FRONT_BOGIE_AXLE_1,1
18.7,RUN_014_WHEEL_FLAT,TRAIN001,0.021466582219651732,-0.02877988420998121,0.9554697325144514,29.958314751398248,27.956792313096283,23.478057393325827,114.7586029192616,4.983178884314627,0.3347653406437123,1.6681955766961403,1.6068061070125117,ZONE_02,WHEEL_FLAT,FRONT_BOGIE_AXLE_1,1
18.71,RUN_014_WHEEL_FLAT,TRAIN001,-0.03350306273917165,-0.10718948682267777,0.9805105749728406,29.954796208069485,28.020589381923916,23.452703617438065,115.31483044106014,4.981680368638026,0.31098650815331674,1.5492353825786673,1.5750860560181843,ZONE_02,WHEEL_FLAT,FRONT_BOGIE_AXLE_1,1
18.72,RUN_014_WHEEL_FLAT,TRAIN001,0.03472357092151044,-0.034721592882500825,1.2494906209130527,29.944822046149856,27.992062005751695,23.49784356376611,112.93372235179005,4.955256321840289,0.35948159755904624,1.7813234588897104,1.5978939998549582,ZONE_02,WHEEL_FLAT,FRONT_BOGIE_AXLE_1,1
18.73,RUN_014_WHEEL_FLAT,TRAIN001,0.0670789685726654,-0.027703615883297474,0.9367520563227664,29.99647031621442,27.86597348545048,23.381530982663367,113.4299149754121,4.951084500412596,0.3184441215221866,1.576643754316003,1.5966482631266976,ZONE_02,WHEEL_FLAT,FRONT_BOGIE_AXLE_1,1
18.740000000000002,RUN_014_WHEEL_FLAT,TRAIN001,0.020952750208205115,0.005238771543716067,1.0641697065736562,29.820045595626542,28.129746058105763,23.5883172498251,114.87750015521641,4.95465520790912,0.32011304921108347,1.5860497863933631,1.5921607856492959,ZONE_02,WHEEL_FLAT,FRONT_BOGIE_AXLE_1,1
18.75,RUN_014_WHEEL_FLAT,TRAIN001,0.04603062562635244,0.07831625624554453,1.073243631147337,29.82162843582611,28.071673550179813,23.542660411024276,116.02782717835031,5.0209247036882045,0.32731982446981284,1.64344819268737,1.5981677473613816,ZONE_02,WHEEL_FLAT,FRONT_BOGIE_AXLE_1,1
18.76,RUN_014_WHEEL_FLAT,TRAIN001,-0.05796332582501358,-0.0615341488518998,0.966851963629214,29.84002054696997,28.044779568284486,23.474977058712227,116.07191368363593,5.057548219070915,0.332959830934674,1.6839603999658135,1.6814934943169393,ZONE_02,WHEEL_FLAT,FRONT_BOGIE_AXLE_1,1
18.77,RUN_014_WHEEL_FLAT,TRAIN001,0.0665680706470154,-0.02128300728554878,0.9274901661674158,29.910810892955094,28.12219738159577,23.53391912652967,114.99462798703091,4.9761114472702825,0.3296452384761377,1.6403514447192509,1.5969303155184145,ZONE_02,WHEEL_FLAT,FRONT_BOGIE_AXLE_1,1
18.78,RUN_014_WHEEL_FLAT,TRAIN001,0.05606037283941646,0.023065237940924042,0.9750953699884226,29.59696843187811,27.970857939644652,23.514324347183784,114.51661620284342,5.0317844395520614,0.3493226050563992,1.75771604850658,1.5991858657215339,ZONE_02,WHEEL_FLAT,FRONT_BOGIE_AXLE_1,1
18.79,RUN_014_WHEEL_FLAT,TRAIN001,0.057293552725222185,-0.08012855282581642,0.9711354734802577,29.73815778422673,27.968958998156737,23.477528558001968,115.50982989388966,5.042723468133768,0.3164876829090726,1.5959598659808587,1.6854489486002602,ZONE_02,WHEEL_FLAT,FRONT_BOGIE_AXLE_1,1
18.8,RUN_014_WHEEL_FLAT,TRAIN001,-0.006836764501769316,0.0532107068622903,1.041126579602031,29.91459980009426,28.005714816043536,23.549734640034,114.71702170891209,5.065830237016819,0.3348947538510028,1.6965199702767146,1.7031664157047404,ZONE_02,WHEEL_FLAT,FRONT_BOGIE_AXLE_1,1
18.81,RUN_014_WHEEL_FLAT,TRAIN001,-0.20660739845119058,0.2044945050629469,1.7670922161203348,29.8236918058694,27.92978155018345,23.438811378639503,114.08058782382774,4.954203966460635,0.32953768225140406,1.6325968925081504,1.7361157711803221,ZONE_02,WHEEL_FLAT,FRONT_BOGIE_AXLE_1,1
18.82,RUN_014_WHEEL_FLAT,TRAIN001,0.10746198389870344,0.07795749059081147,1.0701880024224357,30.02105092522761,28.10005693669691,23.571751365224024,113.96672864807715,5.005519056620055,0.35348758203205227,1.7693888281399826,1.6048765628661252,ZONE_02,WHEEL_FLAT,FRONT_BOGIE_AXLE_1,1
18.830000000000002,RUN_014_WHEEL_FLAT,TRAIN001,0.08874394435499476,0.09710836662871067,1.0710650871130918,30.050494431648044,28.11325791512126,23.368854377075053,115.0359424380431,4.98933856046203,0.29151864918884096,1.4544852374916872,1.6320072878001826,ZONE_02,WHEEL_FLAT,FRONT_BOGIE_AXLE_1,1
18.84,RUN_014_WHEEL_FLAT,TRAIN001,0.01954032018225068,-0.015206472762083808,0.8410909772523778,29.89850308861655,27.943619254682762,23.568128676686044,115.1752193163093,5.047696315642424,0.289342781241972,1.460514490832834,1.652334144012569,ZONE_02,WHEEL_FLAT,FRONT_BOGIE_AXLE_1,1
18.85,RUN_014_WHEEL_FLAT,TRAIN001,-0.016946218031184165,-0.04629233930984165,0.9166666744385488,30.1244051278272,28.03423618440995,23.4742094787312,114.98865099997549,5.0253656059841125,0.3297318107197463,1.6570229007898765,1.6196267923349261,ZONE_02,WHEEL_FLAT,FRONT_BOGIE_AXLE_1,1
18.86,RUN_014_WHEEL_FLAT,TRAIN001,-0.08385819315711138,0.06523590314566657,1.0103240894132932,29.972321701600933,27.996206688515734,23.476634542942985,114.45526033384988,5.02088851407647,0.3147743628457238,1.5804469829378336,1.60130571230852,ZONE_02,WHEEL_FLAT,FRONT_BOGIE_AXLE_1,1
18.87,RUN_014_WHEEL_FLAT,TRAIN001,-0.049384771906670254,0.0022593476839805945,0.9029106537059155,30.030237813202877,28.240150754003242,23.48964065129259,114.03163269411165,5.015891411774337,0.34139901159484876,1.7124203702468492,1.554407812192642,ZONE_02,WHEEL_FLAT,FRONT_BOGIE_AXLE_1,1
18.88,RUN_014_WHEEL_FLAT,TRAIN001,-0.04961383167327776,0.0016917638425096306,0.9690010470174211,29.8876963545698,27.940838447683017,23.473679579485598,115.0082028066575,4.940190114181114,0.34153135274123353,1.6872298124951448,1.6368874210003357,ZONE_02,WHEEL_FLAT,FRONT_BOGIE_AXLE_1,1
18.89,RUN_014_WHEEL_FLAT,TRAIN001,0.07271849864941339,-0.00296442347385615,0.9137030600402298,29.94479215461164,28.14498606854374,23.515257194842754,117.04587384915425,4.950895428762559,0.31039243612031386,1.5367204931105365,1.5779898515827615,ZONE_02,WHEEL_FLAT,FRONT_BOGIE_AXLE_1,1
18.900000000000002,RUN_014_WHEEL_FLAT,TRAIN001,0.013041041716667302,-0.018510307915425777,0.87277429698282,29.88492704106043,28.055560520131454,23.468690494192348,114.8633768597356,5.089458233456327,0.3640526409860047,1.8528307110777418,1.5312616656672207,ZONE_02,WHEEL_FLAT,FRONT_BOGIE_AXLE_1,1
18.91,RUN_014_WHEEL_FLAT,TRAIN001,-0.01506606153065166,0.014960581143326384,1.0188202265910822,29.890594012389666,27.994278371804885,23.51547760958888,113.4688033826796,4.9576030873829025,0.31203378020049655,1.5469396320897397,1.6293524193181883,ZONE_02,WHEEL_FLAT,FRONT_BOGIE_AXLE_1,1
18.92,RUN_014_WHEEL_FLAT,TRAIN001,0.08417684523070151,-0.03046048611154635,0.8691676579821541,29.96626793745756,28.162881741762273,23.591209131017756,114.04575614678168,4.99671592287195,0.37172416585086393,1.8574000584233055,1.5940396856104544,ZONE_02,WHEEL_FLAT,FRONT_BOGIE_AXLE_1,1
18.93,RUN_014_WHEEL_FLAT,TRAIN001,0.004202677168980626,0.04141853878494628,1.0253224184062593,29.91587654055485,27.93438071328175,23.53386289073639,113.22984660404407,5.012746339727393,0.33327529156647856,1.670624497921445,1.6354002806663972,ZONE_02,WHEEL_FLAT,FRONT_BOGIE_AXLE_1,1
18.94,RUN_014_WHEEL_FLAT,TRAIN001,0.0027605970697612272,0.04686535896891153,0.9086162191904998,30.03624077215853,28.207711676300224,23.479070246883047,115.53939519384902,4.910908487215247,0.29764769179933503,1.4617205758573824,1.556628280513794,ZONE_02,WHEEL_FLAT,FRONT_BOGIE_AXLE_1,1
18.95,RUN_014_WHEEL_FLAT,TRAIN001,0.08498025874166909,-0.044323031824941225,1.1621678605022956,29.908655288917924,28.09876859523263,23.55825012842345,114.63265551694722,5.0334904456308065,0.3030449771500871,1.5253739970813696,1.6083473056933308,ZONE_02,WHEEL_FLAT,FRONT_BOGIE_AXLE_1,1
18.96,RUN_014_WHEEL_FLAT,TRAIN001,-0.014834312082520762,-0.01222221405766982,0.9126514825491039,29.938607899599575,28.035695948148742,23.487439674911705,115.1650000127718,5.008966667411365,0.33236626671952124,1.6648115513700372,1.579319724181284,ZONE_02,WHEEL_FLAT,FRONT_BOGIE_AXLE_1,1
18.97,RUN_014_WHEEL_FLAT,TRAIN001,0.025067716169874167,-0.05595266404687694,0.9818193666480446,29.814439073222257,28.145019412573593,23.48922180415219,113.7900156583967,4.97309163302068,0.28358295985562554,1.4102840449252507,1.6246970792454092,ZONE_02,WHEEL_FLAT,FRONT_BOGIE_AXLE_1,1
18.98,RUN_014_WHEEL_FLAT,TRAIN001,-0.16551910203111572,-0.03299217142571448,1.1212005174193576,29.96264466693074,28.002610679427338,23.4794349509022,115.48270080963293,5.001134913104534,0.3564217587458343,1.7825133014539132,1.6302202153575358,ZONE_02,WHEEL_FLAT,FRONT_BOGIE_AXLE_1,1
18.990000000000002,RUN_014_WHEEL_FLAT,TRAIN001,0.1222622042272213,-0.06498225873785739,0.993090599792668,30.032938914585205,28.055707186407172,23.48468762219796,113.95814452267031,5.013747180361749,0.34575554904871875,1.733530909137442,1.6330238513120516,ZONE_02,WHEEL_FLAT,FRONT_BOGIE_AXLE_1,1
19.0,RUN_014_WHEEL_FLAT,TRAIN001,-0.015503205777190174,-0.03556150190152751,0.9437367376169497,29.98899828267336,28.051376992218756,23.493736276834493,116.30341084101804,5.003519264573848,0.32043372419071486,1.6032963120073849,1.6087865993022177,ZONE_02,WHEEL_FLAT,FRONT_BOGIE_AXLE_1,1
19.01,RUN_014_WHEEL_FLAT,TRAIN001,-0.015460963055954053,0.05541859292633852,0.9908511333139827,30.069250910664074,28.077194435100022,23.445735598547493,113.50071898322481,4.9993415273527075,0.38202281911724556,1.9098625440091976,1.619049818788858,ZONE_02,WHEEL_FLAT,FRONT_BOGIE_AXLE_1,1
19.02,RUN_014_WHEEL_FLAT,TRAIN001,0.03411830572818885,0.03488494951606892,1.0059741108777496,29.920397866489964,28.02948550204678,23.595226476264095,113.32622243827556,4.999738529790134,0.3438250291801451,1.7190352458981888,1.6103368591720078,ZONE_02,WHEEL_FLAT,FRONT_BOGIE_AXLE_1,1
19.03,RUN_014_WHEEL_FLAT,TRAIN001,-0.024818181406360974,0.16260050584573274,1.0475381136961568,29.961498822438543,28.126925839647054,23.54120421452295,116.88389220347634,5.03035025631466,0.2945993530712809,1.4819379312322507,1.617610781771007,ZONE_02,WHEEL_FLAT,FRONT_BOGIE_AXLE_1,1
19.04,RUN_014_WHEEL_FLAT,TRAIN001,-0.00704118325540138,-0.0354107306325259,1.0112722057022643,30.013465659250667,27.993495950469594,23.48889532190883,112.55199801124978,5.005118381673119,0.35785704124591644,1.791116855151092,1.6516336949437853,ZONE_02,WHEEL_FLAT,FRONT_BOGIE_AXLE_1,1
19.05,RUN_014_WHEEL_FLAT,TRAIN001,-0.055556178242088416,-0.12167186423576297,1.1119138058941558,29.98428126042436,28.018244404428845,23.556038408402266,114.8130695426339,4.957776327365677,0.27474595726266304,1.3621290029562527,1.580204171821093,ZONE_02,WHEEL_FLAT,FRONT_BOGIE_AXLE_1,1
19.06,RUN_014_WHEEL_FLAT,TRAIN001,-0.13842074136300647,-0.01307646518129457,0.7893524126063578,30.215908402430045,27.97502937589935,23.594079109639647,114.99532154971901,5.004845569871803,0.36173246085515887,1.8104151041897671,1.5830254185727688,ZONE_02,WHEEL_FLAT,FRONT_BOGIE_AXLE_1,1
19.07,RUN_014_WHEEL_FLAT,TRAIN001,0.04585273446890431,-0.009302308191986073,0.8029005382809784,30.07313437304892,27.98302878391294,23.39950970810456,116.5531728339732,5.030745693727797,0.3250276204948429,1.6351313021470235,1.6095971950559338,ZONE_02,WHEEL_FLAT,FRONT_BOGIE_AXLE_1,1
19.080000000000002,RUN_014_WHEEL_FLAT,TRAIN001,0.024123362630110504,0.011213306530986771,1.1912621620801087,29.941976598820933,27.897584659775966,23.48137663617179,113.95963652778939,4.995351806336558,0.3191910611355051,1.5944716438097282,1.6120897649557486,ZONE_02,WHEEL_FLAT,FRONT_BOGIE_AXLE_1,1
19.09,RUN_014_WHEEL_FLAT,TRAIN001,0.08122217821584883,0.03129980283799448,1.0875400829702984,30.04924958256019,28.034379151990844,23.51717815810795,114.62421537142797,5.004839749050884,0.34986697907888525,1.751028163774359,1.6083323618416607,ZONE_02,WHEEL_FLAT,FRONT_BOGIE_AXLE_1,1
19.1,RUN_014_WHEEL_FLAT,TRAIN001,-0.04252496705560711,0.022642743648363082,1.2256230185309673,30.07488415791298,28.118702892632975,23.451574980760405,112.85586707762924,4.983586450075087,0.329850101149467,1.6438364946443806,1.5912349613305876,ZONE_02,WHEEL_FLAT,FRONT_BOGIE_AXLE_1,1
19.11,RUN_014_WHEEL_FLAT,TRAIN001,0.052318371766265276,-0.13011623135831807,0.8817581848007375,29.97586129159348,28.072547673528586,23.552734409038507,115.15343616524433,4.895389811266423,0.33318441322107795,1.6310675817552465,1.6113134097539954,ZONE_02,WHEEL_FLAT,FRONT_BOGIE_AXLE_1,1
19.12,RUN_014_WHEEL_FLAT,TRAIN001,0.07728822428450989,-0.00853728248582162,0.903194307351961,30.11291929842517,28.20248000388177,23.516521709240976,116.21528260957227,5.002805378310476,0.31805785927759883,1.5911815690078879,1.6110924141933785,ZONE_02,WHEEL_FLAT,FRONT_BOGIE_AXLE_1,1
19.13,RUN_014_WHEEL_FLAT,TRAIN001,0.08437195205071199,0.041255855105433566,0.8781338820038013,29.973372122839116,28.139895361411362,23.550652497277902,115.39012082747456,4.909731812581263,0.31585844805587665,1.5507802706924838,1.598112063908918,ZONE_02,WHEEL_FLAT,FRONT_BOGIE_AXLE_1,1
19.14,RUN_014_WHEEL_FLAT,TRAIN001,-0.027644109374433134,0.07055593007177853,1.2190791618143226,29.894792168022448,27.96321954210933,23.524498567343834,113.57863875612901,4.982694006302341,0.3590027040203648,1.7888006215686052,1.6264619587218114,ZONE_02,WHEEL_FLAT,FRONT_BOGIE_AXLE_1,1
19.150000000000002,RUN_014_WHEEL_FLAT,TRAIN001,0.06678319391531619,-0.04738104103361633,0.9405603704054101,29.935914341273474,28.26928694035299,23.415113161944422,117.1296867186698,5.0094421502401465,0.3140571279326891,1.5732510142493747,1.6844130463535247,ZONE_02,WHEEL_FLAT,FRONT_BOGIE_AXLE_1,1
19.16,RUN_014_WHEEL_FLAT,TRAIN001,0.06218126280373015,-0.012211288914497015,0.9895413276168818,30.0114399278694,28.109960812475272,23.43502901494299,115.98102808344144,5.049236308193495,0.30703677383221284,1.5503012263842035,1.603274527146777,ZONE_02,WHEEL_FLAT,FRONT_BOGIE_AXLE_1,1
19.17,RUN_014_WHEEL_FLAT,TRAIN001,-0.0001123579201901264,-0.04613363377154373,0.859849992681847,29.79948055654093,27.96007476723455,23.472078304431026,114.86758599450646,5.0119132830403075,0.29827804445165795,1.4949436930265518,1.5862032216447812,ZONE_02,WHEEL_FLAT,FRONT_BOGIE_AXLE_1,1
19.18,RUN_014_WHEEL_FLAT,TRAIN001,0.13872886305120094,-0.0738707591548887,1.0629804723788203,29.902838160176092,27.968164123956473,23.474376167201285,115.07893892241601,5.040741590101046,0.320967861542186,1.617916048761491,1.6024195204255571,ZONE_02,WHEEL_FLAT,FRONT_BOGIE_AXLE_1,1
19.19,RUN_014_WHEEL_FLAT,TRAIN001,-0.012335624146811367,-0.05542937346355769,1.1072903592306254,29.932746520564383,28.18289291784556,23.473426459820086,116.19027599103833,4.993487261769305,0.31875983519661494,1.5917231766179796,1.599392955408103,ZONE_02,WHEEL_FLAT,FRONT_BOGIE_AXLE_1,1
19.2,RUN_014_WHEEL_FLAT,TRAIN001,-0.013993017240164544,0.0467631444494917,1.0523023168479728,30.149306733272468,28.219464719067773,23.55773013976777,116.25958874827825,5.056128803926266,0.3384470935296966,1.711232098200626,1.6661861914952245,ZONE_02,WHEEL_FLAT,FRONT_BOGIE_AXLE_1,1
19.21,RUN_014_WHEEL_FLAT,TRAIN001,0.023214510587824966,-0.06327698304201596,1.1072026374357784,29.888711389603277,28.207649877168546,23.440568645487357,113.9548588578092,4.9830961658494894,0.362551822166875,1.8066305949615007,1.5997130793274141,ZONE_02,WHEEL_FLAT,FRONT_BOGIE_AXLE_1,1
19.22,RUN_014_WHEEL_FLAT,TRAIN001,0.0441996073352976,0.0015032523174517121,1.0345748909939068,29.97792295479091,27.984373866976338,23.46931444101759,115.09522422791248,4.9723132071721725,0.30631099483923274,1.523074205141164,1.6316776171284544,ZONE_02,WHEEL_FLAT,FRONT_BOGIE_AXLE_1,1
19.23,RUN_014_WHEEL_FLAT,TRAIN001,0.02834719357258152,0.08913344073421009,0.9589760305041083,30.043062954030553,28.01840990138629,23.465681933520017,114.26545728829346,5.024459293593292,0.34811032347045684,1.749066149956904,1.5854581120179267,ZONE_02,WHEEL_FLAT,FRONT_BOGIE_AXLE_1,1
19.240000000000002,RUN_014_WHEEL_FLAT,TRAIN001,-0.09470394943652516,-0.046261522913189655,1.0741181787588951,30.003044415802,28.076198187723882,23.47903458241829,112.81896933823352,4.949588334095095,0.34966998287471096,1.730722468019901,1.647662538030474,ZONE_02,WHEEL_FLAT,FRONT_BOGIE_AXLE_1,1
19.25,RUN_014_WHEEL_FLAT,TRAIN001,-0.0029351282465306244,0.0004680665804402423,1.0120426592599476,29.961473650876034,27.952342877889834,23.47125064253196,113.52939927066372,5.01684938160437,0.32570773421963845,1.6340266450035537,1.6107384004399738,ZONE_02,WHEEL_FLAT,FRONT_BOGIE_AXLE_1,1
19.26,RUN_014_WHEEL_FLAT,TRAIN001,-0.015082990693369698,0.04377145670881771,1.0069421691327372,30.171168027958434,28.007059545474036,23.444827667812305,116.00401904919886,4.948459509653305,0.33372428338454846,1.6514211037165032,1.5351131739445172,ZONE_02,WHEEL_FLAT,FRONT_BOGIE_AXLE_1,1
19.27,RUN_014_WHEEL_FLAT,TRAIN001,-0.05038618530628489,0.03440823266568032,1.1105409811669023,29.823746172586972,28.010600941189765,23.491513370316472,114.21271847128297,5.031047757902747,0.3374997625545932,1.6979774236929954,1.6438408973112915,ZONE_02,WHEEL_FLAT,FRONT_BOGIE_AXLE_1,1
19.28,RUN_014_WHEEL_FLAT,TRAIN001,0.01301957780331017,-0.13161570168555778,0.8839095129040261,29.942127423680564,28.155953795704544,23.480618648160082,115.62171998345215,4.968149315035697,0.3152114662819816,1.5660176303002245,1.6718475840129492,ZONE_02,WHEEL_FLAT,FRONT_BOGIE_AXLE_1,1
19.29,RUN_014_WHEEL_FLAT,TRAIN001,0.006617636047141711,-0.11029184972052891,1.1456492155029512,30.048672776916206,28.08353206673025,23.44732528810285,114.75598695472014,5.0148185244506305,0.3179688314672633,1.5945559862399525,1.6779698402111587,ZONE_02,WHEEL_FLAT,FRONT_BOGIE_AXLE_1,1
19.3,RUN_014_WHEEL_FLAT,TRAIN001,-0.015087180196237678,0.04768633703611317,0.995670765896405,30.07719973899282,28.08183311166305,23.498398359875935,113.97974945726861,4.995359596602602,0.3315278406364082,1.6561007802640197,1.5783048936093866,ZONE_02,WHEEL_FLAT,FRONT_BOGIE_AXLE_1,1
19.31,RUN_014_WHEEL_FLAT,TRAIN001,-0.08546050018203626,0.01583622773627455,0.8105618183797039,30.076480669804948,28.10756872214624,23.497090493351266,115.25785729952729,4.982317917190843,0.28374612404508975,1.4137133977633063,1.614297814117517,ZONE_02,WHEEL_FLAT,FRONT_BOGIE_AXLE_1,1
19.32,RUN_014_WHEEL_FLAT,TRAIN001,0.03763184036841825,-0.045316973846826356,1.0498337945449092,30.005185385958463,28.009221736559,23.591085561110056,115.55588042705739,5.036089993261906,0.2881600435369485,1.4511999117143417,1.651375436422895,ZONE_02,WHEEL_FLAT,FRONT_BOGIE_AXLE_1,1
19.330000000000002,RUN_014_WHEEL_FLAT,TRAIN001,0.40463980149375434,0.23501514370733578,1.5648639041704548,30.030451276511013,27.992755952798525,23.398874381674954,114.13068146816495,5.015072028079255,0.3324421093495839,1.6672211235547634,1.7578017501362917,ZONE_02,WHEEL_FLAT,FRONT_BOGIE_AXLE_1,1
19.34,RUN_014_WHEEL_FLAT,TRAIN001,0.05644614911069812,0.13973900849178428,1.2016233087655084,29.782226981406872,28.092646089973123,23.469720703855263,112.49223218574471,5.025644286974543,0.3317514849984881,1.6672649552779724,1.5942371482312887,ZONE_02,WHEEL_FLAT,FRONT_BOGIE_AXLE_1,1
19.35,RUN_014_WHEEL_FLAT,TRAIN001,0.028358557983971407,-0.038606186078171234,1.1169424932404075,29.987738859554117,28.132092943260513,23.506525630517157,116.0714785779688,4.981849897490796,0.31530061090780037,1.5707803161298106,1.639973166237792,ZONE_02,WHEEL_FLAT,FRONT_BOGIE_AXLE_1,1
19.36,RUN_014_WHEEL_FLAT,TRAIN001,0.013275390129849914,-0.0072891161737455605,0.9926586989860254,30.131939759052315,28.06628433934301,23.47526934100378,115.20553741890075,4.991223338506233,0.3204128740280122,1.599252214806472,1.6273644393646705,ZONE_02,WHEEL_FLAT,FRONT_BOGIE_AXLE_1,1
19.37,RUN_014_WHEEL_FLAT,TRAIN001,0.02488387999311194,-0.031138453687474345,1.0360803806779006,30.11034136632106,28.196613343868485,23.451168677640833,117.3630657196437,4.979327164663681,0.30665396312441257,1.5269304087371622,1.6418529969683253,ZONE_02,WHEEL_FLAT,FRONT_BOGIE_AXLE_1,1
19.38,RUN_014_WHEEL_FLAT,TRAIN001,0.0007508601053662848,0.05710539355820137,1.134964317093724,30.01658184593086,28.15556828464698,23.59113380032032,114.28262690348383,5.002648994810013,0.3456660003460422,1.7292456691711258,1.6577443880857134,ZONE_02,WHEEL_FLAT,FRONT_BOGIE_AXLE_1,1
19.39,RUN_014_WHEEL_FLAT,TRAIN001,-0.04118878284903236,0.11738092870046944,0.9954489064941204,30.058666198890563,28.20731288802788,23.53715262009209,115.17992141342376,5.0234032310195635,0.3337572199294726,1.6765970969698198,1.6130850014496654,ZONE_02,WHEEL_FLAT,FRONT_BOGIE_AXLE_1,1
19.400000000000002,RUN_014_WHEEL_FLAT,TRAIN001,0.024752560130923845,0.0018286391887867366,1.0876876004815166,30.051464838293334,28.060772078778083,23.53160704051111,114.16030180968318,4.967385874333894,0.335670149736113,1.6674031602347108,1.575329113510949,ZONE_02,WHEEL_FLAT,FRONT_BOGIE_AXLE_1,1
19.41,RUN_014_WHEEL_FLAT,TRAIN001,0.06628902948193617,0.009868925626590554,1.0779215071084947,30.02058601168873,28.188429761480574,23.45177583938055,118.33281120985225,4.950536113014277,0.34265154082739435,1.6963088270460016,1.5851222708002097,ZONE_02,WHEEL_FLAT,FRONT_BOGIE_AXLE_1,1
19.42,RUN_014_WHEEL_FLAT,TRAIN001,-0.018202251914269937,0.08590585995547452,1.1255912327450672,29.967301768553828,28.028937020444193,23.450851032361385,114.30544432247493,4.985016908355537,0.36256298645581375,1.8073826178261112,1.575206202224659,ZONE_02,WHEEL_FLAT,FRONT_BOGIE_AXLE_1,1
19.43,RUN_014_WHEEL_FLAT,TRAIN001,0.08616611450679611,-0.0015459499688759229,0.8619613508221163,30.11250090325938,28.160483275191744,23.47793886158561,115.19286902121937,4.969766259649812,0.3431204584607679,1.705228477453899,1.5598536107353922,ZONE_02,WHEEL_FLAT,FRONT_BOGIE_AXLE_1,1
19.44,RUN_014_WHEEL_FLAT,TRAIN001,0.003276356756716313,-0.07756356696743837,0.9756843788708286,29.95866479373786,27.996030260946835,23.48960866153115,115.59925002341659,4.996516615880299,0.33691473872966743,1.683400090197753,1.6127026681467374,ZONE_02,WHEEL_FLAT,FRONT_BOGIE_AXLE_1,1
19.45,RUN_014_WHEEL_FLAT,TRAIN001,-0.01258176171016607,0.044488343496670704,1.2982864119539927,30.059767712201552,27.99769555805508,23.50534337803525,114.22117225383047,4.997824959955461,0.361354804327279,1.805988060466697,1.6000592684947077,ZONE_02,WHEEL_FLAT,FRONT_BOGIE_AXLE_1,1
19.46,RUN_014_WHEEL_FLAT,TRAIN001,-0.08033413456732681,0.07273931132369085,1.0922634762673817,30.17065436308756,28.296451751857752,23.47380012687845,115.53139797456323,4.964111130166303,0.3190879455325055,1.5839880219198097,1.5490746956300137,ZONE_02,WHEEL_FLAT,FRONT_BOGIE_AXLE_1,1
19.47,RUN_014_WHEEL_FLAT,TRAIN001,0.04282632166213875,0.023070857406467384,1.0590954831340351,30.14210005413938,28.147856809250484,23.562673184202325,116.98981202317493,5.010947602509886,0.33296846952977455,1.66848755410161,1.6252898564959022,ZONE_02,WHEEL_FLAT,FRONT_BOGIE_AXLE_1,1
19.48,RUN_014_WHEEL_FLAT,TRAIN001,-0.007582545694196726,-0.06633536341087735,0.9941750833432057,30.008707305609,28.08309300383289,23.527447226344602,114.2762946079728,4.981270034322963,0.3036786584784395,1.5127054015420476,1.656362063008321,ZONE_02,WHEEL_FLAT,FRONT_BOGIE_AXLE_1,1
19.490000000000002,RUN_014_WHEEL_FLAT,TRAIN001,0.007005642224607643,0.0073569515016273955,0.8391484936166396,30.017496110182474,28.32021877033492,23.53282512858252,115.1829315120596,5.061801648433956,0.3355934684469327,1.6987075717883529,1.612133762363215,ZONE_02,WHEEL_FLAT,FRONT_BOGIE_AXLE_1,1
19.5,RUN_014_WHEEL_FLAT,TRAIN001,0.01891891725357074,0.021961788026757197,1.0039710150918397,30.248067343471753,27.886481412417687,23.5032722844081,114.84843085104,4.952575701178299,0.2861145189093974,1.4170038141050003,1.582176863916524,ZONE_02,WHEEL_FLAT,FRONT_BOGIE_AXLE_1,1
19.51,RUN_014_WHEEL_FLAT,TRAIN001,0.040872789609241116,-0.12679738628899995,0.9606410100625762,29.972208791463515,28.09857966156562,23.522954921699128,114.89457172367642,4.970879723807782,0.31443345954116864,1.5630109085199297,1.5674981656543965,ZONE_02,WHEEL_FLAT,FRONT_BOGIE_AXLE_1,1
19.52,RUN_014_WHEEL_FLAT,TRAIN001,0.058607549830248476,-0.02313326403939671,1.0689047482176173,30.148900206654037,28.18766729759662,23.46025606512826,113.676767779062,4.9940654165467,0.3196758352990801,1.596482033572815,1.6202867048256429,ZONE_02,WHEEL_FLAT,FRONT_BOGIE_AXLE_1,1
19.53,RUN_014_WHEEL_FLAT,TRAIN001,0.1645374169053855,-0.017278437623694607,1.0502542781844084,30.156231610457624,28.232753763356715,23.468399128184693,116.85757989008025,4.974198984210719,0.3083837666168762,1.533962218652741,1.6293191792883055,ZONE_02,WHEEL_FLAT,FRONT_BOGIE_AXLE_1,1
19.54,RUN_014_WHEEL_FLAT,TRAIN001,0.10714973977532284,-0.08566204660291296,1.1763130191085591,30.162492448104818,28.140084361818264,23.541569320462447,116.57908825949991,4.996914771537133,0.33693397153424826,1.683630339392157,1.674709476648462,ZONE_02,WHEEL_FLAT,FRONT_BOGIE_AXLE_1,1
19.55,RUN_014_WHEEL_FLAT,TRAIN001,-0.09310923535113522,-0.06384265285353886,1.1319412799231716,29.99054907436281,28.07136022891922,23.504348105139442,114.62144347126603,5.044346908907973,0.32882878967518325,1.6587264887579607,1.6416779648512634,ZONE_02,WHEEL_FLAT,FRONT_BOGIE_AXLE_1,1
19.56,RUN_014_WHEEL_FLAT,TRAIN001,-0.004093100271488481,0.026247818150938584,0.8494034275974558,30.183335123473565,28.334179302539194,23.513276091371537,113.58657703843011,5.006576443306745,0.3444290136562418,1.7244101861627172,1.6872298512545538,ZONE_02,WHEEL_FLAT,FRONT_BOGIE_AXLE_1,1
19.57,RUN_014_WHEEL_FLAT,TRAIN001,0.04261483703090471,-0.058555943240749,0.7938213797620252,29.970154790172668,28.20090211982355,23.50579610224154,114.63998429778844,4.960926062936482,0.34459793081991413,1.709524856238495,1.5872545509260434,ZONE_02,WHEEL_FLAT,FRONT_BOGIE_AXLE_1,1
19.580000000000002,RUN_014_WHEEL_FLAT,TRAIN001,0.028825392241804706,0.044672369229431554,1.0254386377976574,29.944066407146398,28.243643582889522,23.500026225297642,114.33304548608255,4.92253132280839,0.31304201271490323,1.5409591129440934,1.612554980730575,ZONE_02,WHEEL_FLAT,FRONT_BOGIE_AXLE_1,1
19.59,RUN_014_WHEEL_FLAT,TRAIN001,-0.03460269714643988,0.052568252960400325,1.0943507934542582,30.121702493402726,28.161426195258937,23.57472435838641,114.50474320753206,5.030055216736454,0.34423108772928274,1.7315013785955424,1.5785325898581293,ZONE_02,WHEEL_FLAT,FRONT_BOGIE_AXLE_1,1
19.6,RUN_014_WHEEL_FLAT,TRAIN001,0.058544339882580614,-0.0007590910482766159,1.034836740702596,30.190126584207018,28.250069556881137,23.513107861191912,115.65851807993478,5.04778196702482,0.36522066924746555,1.8435543082120929,1.6091075222271742,ZONE_02,WHEEL_FLAT,FRONT_BOGIE_AXLE_1,1
19.61,RUN_014_WHEEL_FLAT,TRAIN001,-0.049948040697670566,-0.06558064964167418,1.056248294900108,30.01430948126459,28.017034340419432,23.426746338970496,114.00834536496716,4.995126967942663,0.310414687317551,1.5505607758653883,1.6458363041905983,ZONE_02,WHEEL_FLAT,FRONT_BOGIE_AXLE_1,1
19.62,RUN_014_WHEEL_FLAT,TRAIN001,0.06901010352631108,0.006085541608550951,1.0411005688734176,30.202986127468474,28.2059635757361,23.432360208188506,113.48602173376476,5.012319045162144,0.34730279974855843,1.7407924376178336,1.5539089280238205,ZONE_02,WHEEL_FLAT,FRONT_BOGIE_AXLE_1,1
19.63,RUN_014_WHEEL_FLAT,TRAIN001,-0.01969997197993041,-0.08357248214554991,1.0829785277023318,30.11794783921517,28.116700574963595,23.489380191473238,115.65540571480607,4.996732601676834,0.348530370483833,1.741513064871074,1.5774893437656718,ZONE_02,WHEEL_FLAT,FRONT_BOGIE_AXLE_1,1
19.64,RUN_014_WHEEL_FLAT,TRAIN001,0.02779816719551696,0.11619851587149782,1.096949791519189,30.02330069911143,28.18478119187681,23.545315523223714,113.98044726759447,4.981480501612099,0.3250052317245235,1.6190072247576357,1.578013189064916,ZONE_02,WHEEL_FLAT,FRONT_BOGIE_AXLE_1,1
19.650000000000002,RUN_014_WHEEL_FLAT,TRAIN001,-0.04973406824821943,-0.0030858115336782318,1.0868532022514648,29.93575773613889,28.11939269266436,23.456797496552404,115.37701138873608,4.967235694771869,0.3329789871785737,1.653985110722396,1.6256818697774267,ZONE_02,WHEEL_FLAT,FRONT_BOGIE_AXLE_1,1
19.66,RUN_014_WHEEL_FLAT,TRAIN001,0.02952276236507564,0.02954530599488944,0.9172282911283448,29.944867160927895,28.33446715996332,23.553089635346026,116.69321860524134,4.984441995596419,0.3173192105160436,1.5816591989056685,1.6569509582589454,ZONE_02,WHEEL_FLAT,FRONT_BOGIE_AXLE_1,1
19.67,RUN_014_WHEEL_FLAT,TRAIN001,0.034753146763592334,0.014675787483641105,1.0952730541340645,30.13609076316033,28.272884704605925,23.53230224004183,113.90364208481196,4.978060579982334,0.32991231994672093,1.642323514777291,1.5979415246218445,ZONE_02,WHEEL_FLAT,FRONT_BOGIE_AXLE_1,1
19.68,RUN_014_WHEEL_FLAT,TRAIN001,0.030256367853514512,-0.15293028327514777,1.02828124350648,29.948768314842376,28.140281953828076,23.54307742450276,115.3296833030803,4.954039927454877,0.3357928361358392,1.6635311175702603,1.5884472281575537,ZONE_02,WHEEL_FLAT,FRONT_BOGIE_AXLE_1,1
19.69,RUN_014_WHEEL_FLAT,TRAIN001,-0.07942676151769548,0.026514619886876548,0.9965374743619934,30.103409403366285,28.134179785752792,23.562334907025367,115.9936007495481,4.984216314360158,0.3063404006738813,1.5268668227863869,1.6268680570689835,ZONE_02,WHEEL_FLAT,FRONT_BOGIE_AXLE_1,1
19.7,RUN_014_WHEEL_FLAT,TRAIN001,0.04426560714304668,-0.04194219470645652,1.076343632480087,30.159021089586695,28.03058999338988,23.537980103750346,115.16560375205863,4.982055824744747,0.32590707415557435,1.6236872371222975,1.5376239962648601,ZONE_02,WHEEL_FLAT,FRONT_BOGIE_AXLE_1,1
19.71,RUN_014_WHEEL_FLAT,TRAIN001,0.0889212409820191,0.02457320024262878,0.9258976498742446,30.107331968956935,28.13139348323672,23.489857708319054,115.18293180134184,4.97858836164129,0.31732327702577384,1.5798219738783925,1.6008548312827782,ZONE_02,WHEEL_FLAT,FRONT_BOGIE_AXLE_1,1
19.72,RUN_014_WHEEL_FLAT,TRAIN001,0.06158521032050475,-0.05206435929821267,1.0083570576505265,30.146917058544343,28.325799512312,23.527955906692497,114.05252684142286,4.985325459253378,0.30017868082700916,1.4964884198519826,1.5891296240022965,ZONE_02,WHEEL_FLAT,FRONT_BOGIE_AXLE_1,1
19.73,RUN_014_WHEEL_FLAT,TRAIN001,-0.03056986085293569,-0.09743199451213831,0.9672794679836235,30.037915081887725,28.096789354870406,23.39540712114302,116.54619245558976,5.0387040825408915,0.32133346994455675,1.6191042668666689,1.5688998807932863,ZONE_02,WHEEL_FLAT,FRONT_BOGIE_AXLE_1,1
19.740000000000002,RUN_014_WHEEL_FLAT,TRAIN001,-0.03521805485830167,-0.06329541584449029,0.9338173385782703,30.161630595666043,28.217258931504663,23.518697661116565,112.83297541311296,4.95473210251968,0.3257388007949519,1.613948493335011,1.6068584344224068,ZONE_02,WHEEL_FLAT,FRONT_BOGIE_AXLE_1,1
19.75,RUN_014_WHEEL_FLAT,TRAIN001,0.03651509805365628,0.05941752653355026,0.9843810935476898,30.035094279689098,28.124825215125686,23.519398303650664,115.36245084526801,5.031693482336479,0.2973462762137938,1.4961553200219686,1.5855487263065116,ZONE_02,WHEEL_FLAT,FRONT_BOGIE_AXLE_1,1
19.76,RUN_014_WHEEL_FLAT,TRAIN001,0.034348476081498214,-0.041112539912804516,1.001990739261112,29.99366620625017,28.071257613819935,23.468621849244723,114.5258771767763,4.949938738014133,0.2935809355731659,1.4532076457360452,1.5952538548911634,ZONE_02,WHEEL_FLAT,FRONT_BOGIE_AXLE_1,1
19.77,RUN_014_WHEEL_FLAT,TRAIN001,-0.0441506400317933,0.03301550682352089,0.9480718238984077,30.011455571439193,28.23170401888735,23.510938104519187,113.65676448877468,5.024270582507085,0.3507288540998625,1.7621566640903585,1.6321341861837086,ZONE_02,WHEEL_FLAT,FRONT_BOGIE_AXLE_1,1
19.78,RUN_014_WHEEL_FLAT,TRAIN001,-0.005968639272337901,-0.00026726307611371934,1.1184658395878315,30.093850226756665,28.210354114677042,23.4237372051314,114.63120283330296,4.944863905217065,0.35217694054212295,1.74146704153652,1.595442499505998,ZONE_02,WHEEL_FLAT,FRONT_BOGIE_AXLE_1,1
19.79,RUN_014_WHEEL_FLAT,TRAIN001,-0.09420116563422976,-0.05462479362910197,1.0056865966622561,30.11565524239991,28.050265868541125,23.58199309001693,114.27688723671983,4.9259362608905315,0.31744168205967976,1.5636974923758598,1.564285093703074,ZONE_02,WHEEL_FLAT,FRONT_BOGIE_AXLE_1,1
19.8,RUN_014_WHEEL_FLAT,TRAIN001,0.015431705585623524,0.0006912230461012107,0.9590678082367583,30.08074176338965,28.25205119750481,23.50503582877234,116.20155212992024,4.999056981045392,0.34166332202695077,1.707994415145988,1.6290785776135575,ZONE_02,WHEEL_FLAT,FRONT_BOGIE_AXLE_1,1
19.81,RUN_014_WHEEL_FLAT,TRAIN001,-0.07277765554231129,-0.002110853049598102,1.0067330169402973,30.03088450362843,28.126172237186807,23.474976438219176,116.37667844108432,5.021681773197559,0.33595480311792475,1.6870581114354573,1.632576405037527,ZONE_02,WHEEL_FLAT,FRONT_BOGIE_AXLE_1,1
19.82,RUN_014_WHEEL_FLAT,TRAIN001,-0.08517796032335902,0.0033075699521776863,1.086250520591816,30.13642681762368,28.04075317684548,23.475088634104456,117.26185212934197,4.9849977784239625,0.3091381497944665,1.5410529899515097,1.5807096169404609,ZONE_02,WHEEL_FLAT,FRONT_BOGIE_AXLE_1,1
19.830000000000002,RUN_014_WHEEL_FLAT,TRAIN001,0.00341194755354797,-0.011029597556903865,0.869398068481592,30.252820935027877,28.15815153047123,23.416793568805208,115.68458139624543,4.975919626576203,0.3582025925313758,1.7823873104673513,1.5970788557280677,ZONE_02,WHEEL_FLAT,FRONT_BOGIE_AXLE_1,1
19.84,RUN_014_WHEEL_FLAT,TRAIN001,-0.08780562177073573,0.10922368117963775,1.1103501768956099,30.002500542224958,28.394283855357273,23.493773803049624,114.96652955450749,4.988015913885219,0.32673339598373585,1.6297513787646354,1.6401587221583471,ZONE_02,WHEEL_FLAT,FRONT_BOGIE_AXLE_1,1
19.85,RUN_014_WHEEL_FLAT,TRAIN001,-0.32775486452023794,0.11292125279118159,1.6244487553279605,30.05759472251441,28.185779128713445,23.517670431196176,115.76902724127714,4.984339773821487,0.320072489426162,1.5953500395528768,1.7432185008841254,ZONE_02,WHEEL_FLAT,FRONT_BOGIE_AXLE_1,1
19.86,RUN_014_WHEEL_FLAT,TRAIN001,0.11816902844238096,0.0975272098778499,1.3752886927152475,30.02535475065804,28.305259606912767,23.482118278955816,114.06066306607437,4.957294347471034,0.2964355336885247,1.469518195543683,1.6396515181404865,ZONE_02,WHEEL_FLAT,FRONT_BOGIE_AXLE_1,1
19.87,RUN_014_WHEEL_FLAT,TRAIN001,-0.08086332918943644,-0.04444554905775177,0.9519628494425612,30.14439267888788,28.12484552860593,23.48339391705161,115.34925340015005,5.011463977971058,0.3069627846608693,1.5383329379056332,1.5756430678424793,ZONE_02,WHEEL_FLAT,FRONT_BOGIE_AXLE_1,1
19.88,RUN_014_WHEEL_FLAT,TRAIN001,0.019853489809169806,-0.07425383528510544,0.9594611155117211,30.114283781540987,28.04750450990525,23.54962697410232,113.32347161703015,5.005525876694763,0.32605423432190545,1.6320729071041953,1.6279227648070436,ZONE_02,WHEEL_FLAT,FRONT_BOGIE_AXLE_1,1
19.89,RUN_014_WHEEL_FLAT,TRAIN001,-0.03032584119647543,-0.04779231307929451,1.0718761690160519,30.09890966209638,28.03712405447834,23.513108651433345,113.69478263748559,4.9732513089242065,0.294669815240934,1.4654670443474291,1.5713071866289312,ZONE_02,WHEEL_FLAT,FRONT_BOGIE_AXLE_1,1
19.900000000000002,RUN_014_WHEEL_FLAT,TRAIN001,0.01441524721402166,-0.08797530882251871,0.8401788646934705,30.091207540349917,28.12010165609553,23.513338252493668,115.25043451963076,5.0310658754907704,0.33473785854474913,1.6840882173593439,1.5565035667965073,ZONE_02,WHEEL_FLAT,FRONT_BOGIE_AXLE_1,1
19.91,RUN_014_WHEEL_FLAT,TRAIN001,-0.056001134444190685,-0.04751187037545125,1.1152228213782687,30.090880630995837,28.27199907222808,23.547504482763514,114.85381909951202,4.986098395197188,0.31642063972383666,1.5777044439342895,1.5555526987382782,ZONE_02,WHEEL_FLAT,FRONT_BOGIE_AXLE_1,1
19.92,RUN_014_WHEEL_FLAT,TRAIN001,0.013328644093245487,-0.10556496094162633,0.8971400299226846,30.090147099180232,28.417307467215657,23.552964808983265,115.9201819009734,4.998873140125571,0.312937390463427,1.5643343157286134,1.6032047566412773,ZONE_02,WHEEL_FLAT,FRONT_BOGIE_AXLE_1,1
19.93,RUN_014_WHEEL_FLAT,TRAIN001,0.12672894145068253,-0.035789286166818104,0.8893149106931322,30.225091709384976,28.22727094503486,23.54734057024352,113.66211721337257,4.9988024213485565,0.30302475374739773,1.5147608727610418,1.5623114451226674,ZONE_02,WHEEL_FLAT,FRONT_BOGIE_AXLE_1,1
19.94,RUN_014_WHEEL_FLAT,TRAIN001,-0.013847876833576273,-0.11335282863642791,1.0801038006245829,30.287978084738477,28.134309762289387,23.47986994346575,113.33031712742748,4.9701909438072205,0.3313805258147142,1.6470244883583676,1.5922004319699368,ZONE_02,WHEEL_FLAT,FRONT_BOGIE_AXLE_1,1
19.95,RUN_014_WHEEL_FLAT,TRAIN001,-0.0380150029618164,0.020163404886365893,1.0403657377951565,30.056728491254407,27.999534619408163,23.576363534103,114.39440527931902,4.983351298222127,0.33645959941868225,1.676696381562387,1.6174123181111273,ZONE_02,WHEEL_FLAT,FRONT_BOGIE_AXLE_1,1
19.96,RUN_014_WHEEL_FLAT,TRAIN001,-0.1616102962268237,-0.01924360384937617,0.7590126114387777,30.042623668260177,28.128190384041016,23.535570648019952,116.07087380721113,4.955644230442914,0.33044371265474437,1.63756147810362,1.57210477423682,ZONE_02,WHEEL_FLAT,FRONT_BOGIE_AXLE_1,1
19.97,RUN_014_WHEEL_FLAT,TRAIN001,0.09208242585387706,0.07084156015167968,0.9733423772190386,30.071043159481295,28.175926711665536,23.557969413450227,115.17378354589019,5.0397553424691655,0.32172363179972524,1.6214083921612479,1.6629570078754203,ZONE_02,WHEEL_FLAT,FRONT_BOGIE_AXLE_1,1
19.98,RUN_014_WHEEL_FLAT,TRAIN001,0.07211863314468421,0.020629229064332188,0.8762139029865942,29.900043232461304,28.13123994445261,23.52283597210129,115.59304097193673,4.939353746983641,0.3176124376997066,1.568800184240654,1.6276107439406757,ZONE_02,WHEEL_FLAT,FRONT_BOGIE_AXLE_1,1
19.990000000000002,RUN_014_WHEEL_FLAT,TRAIN001,0.05604910445723184,0.04489931824352315,1.071965299122379,30.056884082292413,28.34257349823377,23.48408726027367,116.78892157954871,4.997178913889864,0.36253010437021893,1.8116277932091498,1.6054801538556034,ZONE_02,WHEEL_FLAT,FRONT_BOGIE_AXLE_1,1
20.0,RUN_014_WHEEL_FLAT,TRAIN001,0.013863128369224717,0.020896145505908993,1.1039865823938113,30.14335747246325,28.305035389774634,23.435538954795046,114.68285409539484,4.973817597378559,0.30325834534847745,1.5083516946461615,1.5597254072702884,ZONE_02,WHEEL_FLAT,FRONT_BOGIE_AXLE_1,1
20.01,RUN_014_WHEEL_FLAT,TRAIN001,-0.07013186536319532,-0.051047050325391675,1.1074691329147663,30.011322902654697,28.360399625335507,23.465449333534682,115.75399502912641,4.979647808583899,0.31596943012637246,1.5734164803082942,1.593273514913146,ZONE_02,WHEEL_FLAT,FRONT_BOGIE_AXLE_1,1
20.02,RUN_014_WHEEL_FLAT,TRAIN001,-0.0705520572387381,0.03440384103913377,0.9684326832365826,30.239006494477444,28.177045542318254,23.543889213544023,115.93630657219326,5.040342335463994,0.31515470662756934,1.5884876100356728,1.532911362253316,ZONE_02,WHEEL_FLAT,FRONT_BOGIE_AXLE_1,1
20.03,RUN_014_WHEEL_FLAT,TRAIN001,0.013930901250796617,-0.00867678120327347,0.9803152312127761,30.15263512985231,28.160636217993968,23.506744943781353,115.64892378688742,4.998648392965462,0.3520217682411565,1.7596330461075174,1.5718044023754643,ZONE_02,WHEEL_FLAT,FRONT_BOGIE_AXLE_1,1
20.04,RUN_014_WHEEL_FLAT,TRAIN001,0.06266685573512479,-0.0878041590442369,1.0625642648775164,30.02042238360871,28.319481945704908,23.427833496343766,113.50498567585262,4.987663124633492,0.30302442306787486,1.511383740798978,1.5822661632320172,ZONE_02,WHEEL_FLAT,FRONT_BOGIE_AXLE_1,1
20.05,RUN_014_WHEEL_FLAT,TRAIN001,0.06226550436790914,-0.05493922980582854,0.954119691017609,30.095944252508424,28.34864640367915,23.54404945818889,113.91756192858772,5.01717393912861,0.33007838463010225,1.6560606692358186,1.5684300156079034,ZONE_02,WHEEL_FLAT,FRONT_BOGIE_AXLE_1,1
20.06,RUN_014_WHEEL_FLAT,TRAIN001,0.006731077482086712,0.012221599386691482,1.013298433926534,30.11910437242911,28.198279121293776,23.582628706221747,115.55688936868677,5.0301974045361595,0.3441123064519146,1.7309528307833724,1.5413227355862842,ZONE_02,WHEEL_FLAT,FRONT_BOGIE_AXLE_1,1
20.07,RUN_014_WHEEL_FLAT,TRAIN001,0.050024050916354715,0.006635045103987821,1.0811904858622756,30.087349887887687,28.200770033634242,23.50867211482191,114.11092895401539,5.020495674675503,0.311276721341754,1.562763433123448,1.5684802065424541,ZONE_02,WHEEL_FLAT,FRONT_BOGIE_AXLE_1,1
20.080000000000002,RUN_014_WHEEL_FLAT,TRAIN001,0.18042163795516192,-0.019141348273615102,1.0907534564332766,30.201611247138118,28.256416460910785,23.57029279477915,114.53040534718981,5.018731512234415,0.33652577469812767,1.6889325101565922,1.5920746557332628,ZONE_02,WHEEL_FLAT,FRONT_BOGIE_AXLE_1,1
20.09,RUN_014_WHEEL_FLAT,TRAIN001,0.019517509874906944,-0.07405796527828744,1.1198169714080375,30.01090293493522,28.236516713601663,23.529405129556725,114.70506522526951,5.002516692608627,0.3495016217204261,1.7483876967502174,1.584941928800032,ZONE_02,WHEEL_FLAT,FRONT_BOGIE_AXLE_1,1
20.1,RUN_014_WHEEL_FLAT,TRAIN001,-0.01938585641984587,-0.036390372353443654,0.9725227232573544,30.19451967684422,28.252501217252505,23.575300093016747,114.14228796535728,5.015583854345714,0.282002863933853,1.4144090112258842,1.5979545895996459,ZONE_02,WHEEL_FLAT,FRONT_BOGIE_AXLE_1,1
20.11,RUN_014_WHEEL_FLAT,TRAIN001,0.04248287278059115,-0.12248071769107931,1.18931955210969,30.066041910127925,28.063480851460053,23.40825872812368,115.9086640481905,4.966528296475596,0.319126410911673,1.5849503499455224,1.5625133321021154,ZONE_02,WHEEL_FLAT,FRONT_BOGIE_AXLE_1,1
20.12,RUN_014_WHEEL_FLAT,TRAIN001,0.02314780693463286,0.008589485409252017,1.1672085317468666,30.16744487990255,28.250142307532496,23.49365525526545,114.4789179246203,5.029210499042873,0.32346535982648056,1.6267753837160166,1.5981475670803844,ZONE_02,WHEEL_FLAT,FRONT_BOGIE_AXLE_1,1
20.13,RUN_014_WHEEL_FLAT,TRAIN001,-0.004810822797102379,-0.004485456130940795,1.021937043019368,29.984994886471476,28.21331089013831,23.425379062443792,117.1634922129702,5.006172938819765,0.3231173375167674,1.6175812711399336,1.6025330778674023,ZONE_02,WHEEL_FLAT,FRONT_BOGIE_AXLE_1,1
20.14,RUN_014_WHEEL_FLAT,TRAIN001,-0.03228975533687961,0.018867650443694886,0.9637664570093076,30.195266619437138,28.321369672851773,23.50134715483181,115.45925341217888,5.026081481100877,0.34793623577589644,1.7487558712371816,1.686373056993485,ZONE_02,WHEEL_FLAT,FRONT_BOGIE_AXLE_1,1
20.150000000000002,RUN_014_WHEEL_FLAT,TRAIN001,0.09142954293571015,-0.08543957394584775,0.9719342031156777,30.364774908997717,28.07870642224754,23.549046668495283,114.86072129369914,5.04641200943749,0.31800855956473695,1.604802214091406,1.6399650946748463,ZONE_02,WHEEL_FLAT,FRONT_BOGIE_AXLE_1,1
20.16,RUN_014_WHEEL_FLAT,TRAIN001,0.03429509766286818,-0.05203292471302593,0.7555392853377713,30.231664196778002,28.239133354477115,23.50502003617276,114.31879339193358,4.972288230714328,0.31231526842179524,1.5529215334460789,1.6106481400144697,ZONE_02,WHEEL_FLAT,FRONT_BOGIE_AXLE_1,1
20.17,RUN_014_WHEEL_FLAT,TRAIN001,0.1121014956067936,0.030942106159269775,0.9289705534338559,30.173244699701943,28.346725309597847,23.524200885606888,113.15464248575312,5.015543829338393,0.32909337021774,1.650582222271761,1.5532635976322449,ZONE_02,WHEEL_FLAT,FRONT_BOGIE_AXLE_1,1
20.18,RUN_014_WHEEL_FLAT,TRAIN001,0.027359589508189366,-0.08230712714361904,1.1462566502339342,30.06941880945281,28.244124396689312,23.58944781501244,115.47980334449034,4.983968387578565,0.31381992900807776,1.564068605568409,1.5846959755187522,ZONE_02,WHEEL_FLAT,FRONT_BOGIE_AXLE_1,1
20.19,RUN_014_WHEEL_FLAT,TRAIN001,-0.0015526265719564387,0.022217468130316317,0.9038382042973441,30.214084091244604,28.056758986186505,23.536903772240212,114.77878531945554,5.017099101031083,0.3612743381509226,1.8125491571625931,1.5897283575617356,ZONE_02,WHEEL_FLAT,FRONT_BOGIE_AXLE_1,1
20.2,RUN_014_WHEEL_FLAT,TRAIN001,-0.02900810769110334,0.08914020404077048,0.9462695024025133,30.075568015983297,28.340431809322137,23.473652770407238,113.9574908824194,5.0431433082817785,0.2989116382545648,1.5074542282310521,1.5733110189434225,ZONE_02,WHEEL_FLAT,FRONT_BOGIE_AXLE_1,1
20.21,RUN_014_WHEEL_FLAT,TRAIN001,-0.013449938010279293,-0.025540785484514734,1.1222045056489305,30.159566777610365,28.109415817934902,23.512676787643034,115.50335191253824,5.01548407806927,0.34635401788641224,1.7371330620846197,1.591116410411627,ZONE_02,WHEEL_FLAT,FRONT_BOGIE_AXLE_1,1
20.22,RUN_014_WHEEL_FLAT,TRAIN001,-0.03548741975189641,-0.0642493197539766,1.1021693932038727,30.323014752122475,28.099421675815037,23.51321177620078,112.96188822054062,5.011970155082205,0.3502731411672396,1.755558529657101,1.648309087940101,ZONE_02,WHEEL_FLAT,FRONT_BOGIE_AXLE_1,1
20.23,RUN_014_WHEEL_FLAT,TRAIN001,-0.05316267769386414,-0.045922048236518034,0.9319705538856098,29.967710882911547,28.409726618633307,23.58740575041203,116.97619177864154,4.994880982119797,0.29777330604606633,1.4873422233524347,1.5741287413323273,ZONE_02,WHEEL_FLAT,FRONT_BOGIE_AXLE_1,1
20.240000000000002,RUN_014_WHEEL_FLAT,TRAIN001,0.14230391806234396,-0.0955121733073805,0.8979102333908107,30.00649707057213,28.205574746415678,23.516266784187444,114.93513032802655,5.036494081070737,0.3365614899955695,1.695089952279034,1.628704215862159,ZONE_02,WHEEL_FLAT,FRONT_BOGIE_AXLE_1,1
20.25,RUN_014_WHEEL_FLAT,TRAIN001,-0.04306437193643424,0.018220417703187844,1.1440636624097815,30.249707754944364,28.289255389719152,23.478594811999415,112.68207672492848,5.065473824344931,0.37895596381551677,1.919591515286905,1.61177558678858,ZONE_02,WHEEL_FLAT,FRONT_BOGIE_AXLE_1,1
20.26,RUN_014_WHEEL_FLAT,TRAIN001,0.018780742499600815,0.08140951400254327,0.9547283783119747,30.094634449004396,28.258094269515407,23.52519973626284,113.90072702248435,5.046431099687777,0.3275809940137774,1.6531149158577618,1.61721646761648,ZONE_02,WHEEL_FLAT,FRONT_BOGIE_AXLE_1,1
20.27,RUN_014_WHEEL_FLAT,TRAIN001,-0.004329435357541846,0.09504904312573596,1.0793444828621772,30.04227651950875,28.26216115404458,23.4739314776305,115.3222447608707,5.011295809723599,0.35959332608160427,1.8020285281973152,1.566095327356384,ZONE_02,WHEEL_FLAT,FRONT_BOGIE_AXLE_1,1
20.28,RUN_014_WHEEL_FLAT,TRAIN001,-0.04643478171304874,0.08708960198822455,0.8108333014404596,30.209931159307107,28.320157635186774,23.613087631989426,115.31486756778283,5.0783306232948835,0.32334256789362775,1.6420404643490147,1.5701408837187865,ZONE_02,WHEEL_FLAT,FRONT_BOGIE_AXLE_1,1
20.29,RUN_014_WHEEL_FLAT,TRAIN001,0.03222104318613556,0.03361063237604526,1.0579429726987022,30.181732274792697,28.001303371304946,23.525907709562926,115.08486531460272,5.014717226515656,0.34862743052796963,1.7482679815044995,1.5798310783679346,ZONE_02,WHEEL_FLAT,FRONT_BOGIE_AXLE_1,1
20.3,RUN_014_WHEEL_FLAT,TRAIN001,-0.039647681072635464,0.07390621533145621,1.0712213275179732,30.248565644084398,28.324612004021727,23.531676086851984,115.6932705183186,4.944604368598109,0.33767807745207756,1.6696844969493534,1.6114058826879634,ZONE_02,WHEEL_FLAT,FRONT_BOGIE_AXLE_1,1
20.31,RUN_014_WHEEL_FLAT,TRAIN001,-0.0009313151401582902,0.005500849435941677,0.8217858293178031,30.222285897302942,28.29978827991752,23.52377819910587,113.93403171816654,5.039461210081307,0.3355962672019793,1.6912243708124564,1.5873044701343622,ZONE_02,WHEEL_FLAT,FRONT_BOGIE_AXLE_1,1
20.32,RUN_014_WHEEL_FLAT,TRAIN001,-0.0410992535997325,0.0054447332833694306,1.0128195614537827,30.32163370459533,28.184733668855927,23.489767594578016,114.52584021759763,5.017000410178961,0.33457464647570473,1.6785611386040915,1.562294038870952,ZONE_02,WHEEL_FLAT,FRONT_BOGIE_AXLE_1,1
20.330000000000002,RUN_014_WHEEL_FLAT,TRAIN001,-0.014152106526253707,-0.05262055514494407,1.0985686548945537,30.051763374535277,28.129665248818338,23.48786176182368,114.31459344193982,4.937699666728575,0.3361372262738587,1.6597446701474998,1.616844788617841,ZONE_02,WHEEL_FLAT,FRONT_BOGIE_AXLE_1,1
20.34,RUN_014_WHEEL_FLAT,TRAIN001,0.042445892750911055,-0.07427443105259122,1.178011355752736,30.42287555118473,28.26023076341891,23.34872381553065,113.8038315466439,4.9302767123122715,0.31070362670402585,1.531854855169824,1.5651192032819732,ZONE_02,WHEEL_FLAT,FRONT_BOGIE_AXLE_1,1
20.35,RUN_014_WHEEL_FLAT,TRAIN001,0.011196689172430559,-0.04864358767059294,0.9736397598798158,30.172214652760424,28.469453599744092,23.427180080913907,115.73983457722777,5.002973953900651,0.33138160985887577,1.6578935629256226,1.601336243966857,ZONE_02,WHEEL_FLAT,FRONT_BOGIE_AXLE_1,1
20.36,RUN_014_WHEEL_FLAT,TRAIN001,-0.013641331845094754,-0.01854482472960271,0.9781926222711487,30.281768994614065,28.20128278358368,23.48086274244981,116.59527434644986,4.961224109918216,0.34452806736887326,1.7092809543739815,1.6627388776735281,ZONE_02,WHEEL_FLAT,FRONT_BOGIE_AXLE_1,1
20.37,RUN_014_WHEEL_FLAT,TRAIN001,0.12296582706654206,0.12976466761659758,1.5424586661983062,30.17805433617024,28.372694249960883,23.446797466627334,112.95421994091964,4.970183570879972,0.3047059071542389,1.5144442936880764,1.7375706820376617,ZONE_02,WHEEL_FLAT,FRONT_BOGIE_AXLE_1,1
20.38,RUN_014_WHEEL_FLAT,TRAIN001,0.1385709696861554,0.10629273655331317,1.2633789166447382,30.11603141637901,28.051237298855252,23.48163896335354,115.72160401073326,5.023300853157895,0.3530409728304015,1.7734310200186492,1.6695715180218975,ZONE_02,WHEEL_FLAT,FRONT_BOGIE_AXLE_1,1
20.39,RUN_014_WHEEL_FLAT,TRAIN001,0.02171833421615757,0.02511406058948577,1.0156597190368464,30.209152013458446,28.05700616603164,23.47147449232578,114.9680683498544,4.99754000815254,0.29586279644955005,1.4785861621805176,1.6044065411949813,ZONE_02,WHEEL_FLAT,FRONT_BOGIE_AXLE_1,1
20.400000000000002,RUN_014_WHEEL_FLAT,TRAIN001,0.0027605340054592756,0.007265555211002305,1.0632080700745916,30.284344039854588,28.139716596316703,23.38709578652056,114.00639809951173,5.015918885357347,0.3338382173163036,1.6745054188908772,1.6637598339625392,ZONE_02,WHEEL_FLAT,FRONT_BOGIE_AXLE_1,1
20.41,RUN_014_WHEEL_FLAT,TRAIN001,0.07245515044733507,0.000761634270829951,1.1024323951585073,30.26945946819428,28.26301543664729,23.509041621918215,114.18970323818196,4.97846808003723,0.3546058406126006,1.7653938584846016,1.611707824371013,ZONE_02,WHEEL_FLAT,FRONT_BOGIE_AXLE_1,1
20.42,RUN_014_WHEEL_FLAT,TRAIN001,-0.04673366613898635,-0.133548227206728,1.080513823965657,30.14406700059014,28.17192938235141,23.441524562669212,114.66959477915658,4.995675410490593,0.3118621365450932,1.5579620070013818,1.5901643130890302,ZONE_02,WHEEL_FLAT,FRONT_BOGIE_AXLE_1,1
20.43,RUN_014_WHEEL_FLAT,TRAIN001,0.050925195417570755,-0.061314160654439696,1.1458013891169323,30.36226000935025,28.391199010119635,23.47881559676094,115.83372562285224,5.0213823563595925,0.3277892103158444,1.6459549572850247,1.5979382313260266,ZONE_02,WHEEL_FLAT,FRONT_BOGIE_AXLE_1,1
20.44,RUN_014_WHEEL_FLAT,TRAIN001,0.05909221567281187,0.007070932084651701,1.0174104472686283,30.348286064345498,28.192172350098595,23.513742199621237,115.15904764652093,4.997286825470967,0.32421799292512277,1.620210304625355,1.5812772225155622,ZONE_02,WHEEL_FLAT,FRONT_BOGIE_AXLE_1,1
20.45,RUN_014_WHEEL_FLAT,TRAIN001,0.09486013703244554,-0.08345338935377518,0.9742044728295592,30.09453687302048,28.204399251631454,23.491914706276543,116.62517999961416,5.017924279235796,0.32138038994191914,1.6126624615598237,1.5970534386461754,ZONE_02,WHEEL_FLAT,FRONT_BOGIE_AXLE_1,1
20.46,RUN_014_WHEEL_FLAT,TRAIN001,0.06065861248903552,0.021053398233420735,1.0234651998581412,30.099506679058184,28.315663829789234,23.456902651882274,115.28028926739499,4.979469274182849,0.3243439708525536,1.6150608371267483,1.5800308323987078,ZONE_02,WHEEL_FLAT,FRONT_BOGIE_AXLE_1,1
20.47,RUN_014_WHEEL_FLAT,TRAIN001,-0.027603282975943732,0.030526942747581134,0.986182119241696,30.24999237076315,28.345878641556205,23.48593258337223,114.17866449798527,4.980390435735344,0.30847335023548605,1.5363177231920537,1.5636621862427251,ZONE_02,WHEEL_FLAT,FRONT_BOGIE_AXLE_1,1
20.48,RUN_014_WHEEL_FLAT,TRAIN001,0.01912807455856179,0.04014781756396081,1.0074071463512506,30.06385204018486,28.406142069879255,23.459493418434512,114.21855521099918,4.9733698593815685,0.3190110664524662,1.5865600227038659,1.5421360465597524,ZONE_02,WHEEL_FLAT,FRONT_BOGIE_AXLE_1,1
20.490000000000002,RUN_014_WHEEL_FLAT,TRAIN001,-0.053845751905042954,-0.053276254636889904,0.8883763901104209,30.268929289003708,28.31803316456659,23.522253897555657,113.56425592080886,4.958538319241403,0.31484429537568076,1.561167503214872,1.6231532107621642,ZONE_02,WHEEL_FLAT,FRONT_BOGIE_AXLE_1,1
20.5,RUN_014_WHEEL_FLAT,TRAIN001,-0.046101512653616755,-0.04383468790303344,1.1163452428371237,30.210096516129614,28.167475389115822,23.46817085118304,111.90077735486634,4.975496239741759,0.3432816660181349,1.7079966384455165,1.5648352951128555,ZONE_02,WHEEL_FLAT,FRONT_BOGIE_AXLE_1,1
20.51,RUN_014_WHEEL_FLAT,TRAIN001,0.006982310826870465,0.01940539792683466,0.8666640107918249,30.172796939847675,28.30620407527361,23.50903256824921,112.27803415534953,5.0743207422488155,0.33285576723648475,1.6890169238652382,1.6342820441823034,ZONE_02,WHEEL_FLAT,FRONT_BOGIE_AXLE_1,1
20.52,RUN_014_WHEEL_FLAT,TRAIN001,-0.0180417758288856,-0.05702188221449787,0.9929804752154585,30.19526568993252,28.18737511684405,23.535117428252203,116.14615301695514,5.01799987711205,0.33182397837205757,1.6650926826938164,1.4827138832864537,ZONE_02,WHEEL_FLAT,FRONT_BOGIE_AXLE_1,1
20.53,RUN_014_WHEEL_FLAT,TRAIN001,-0.10478877457952623,0.038971637696698806,0.9687796987843593,30.253723043827737,28.282563253609084,23.446356672027346,117.13315674021314,4.922237396115766,0.32403495798571824,1.5949769878461033,1.611519293538172,ZONE_02,WHEEL_FLAT,FRONT_BOGIE_AXLE_1,1
20.54,RUN_014_WHEEL_FLAT,TRAIN001,-0.00801500240925615,0.025554237292855362,1.0915230556894173,30.17749373061625,28.160816083065516,23.477260395240943,116.16228861969171,4.949492336313313,0.3259067393697851,1.6130729088636118,1.5861548549035431,ZONE_02,WHEEL_FLAT,FRONT_BOGIE_AXLE_1,1
20.55,RUN_014_WHEEL_FLAT,TRAIN001,0.0076768737954545675,0.04326600464754958,1.0247630863324853,30.25970807798342,28.30066259853929,23.52333385394899,112.66977448250024,4.9921220959907595,0.29108691006589504,1.4531413955936296,1.6227314298135824,ZONE_02,WHEEL_FLAT,FRONT_BOGIE_AXLE_1,1
20.56,RUN_014_WHEEL_FLAT,TRAIN001,-0.020792424145824894,0.01617942742945809,1.0344273887317212,30.196431587468787,28.35733930503795,23.537777260086134,111.12195344063548,4.986142376158357,0.37235487099415765,1.8566144012329477,1.5909336675773325,ZONE_02,WHEEL_FLAT,FRONT_BOGIE_AXLE_1,1
20.57,RUN_014_WHEEL_FLAT,TRAIN001,-0.0689422543961782,0.06052912915156367,0.9181929219281095,30.290630782376834,28.30245992917656,23.518906358363846,114.96433715712475,4.994764941004218,0.34276146525273143,1.7120129497715784,1.5999706474990785,ZONE_02,WHEEL_FLAT,FRONT_BOGIE_AXLE_1,1
20.580000000000002,RUN_014_WHEEL_FLAT,TRAIN001,0.02192148718455888,0.026462027066930852,1.076671053721826,30.415282955086578,28.426026720885485,23.542187040683817,113.28689685806876,4.971494434713941,0.3422849043847147,1.7016674972352026,1.5550131039457964,ZONE_02,WHEEL_FLAT,FRONT_BOGIE_AXLE_1,1
20.59,RUN_014_WHEEL_FLAT,TRAIN001,-0.09986527957947933,-0.12175698814138337,0.8225690683532205,30.241478148372934,28.269332971011483,23.588439037538382,115.71497027362194,5.036873073030462,0.31314777120544063,1.5772855766641876,1.6266360650829887,ZONE_02,WHEEL_FLAT,FRONT_BOGIE_AXLE_1,1
20.6,RUN_014_WHEEL_FLAT,TRAIN001,0.042661424325399065,0.018054197757731618,0.8037502247392129,30.204873966923916,28.41503321683889,23.539017075040068,114.65189570293266,4.988604166504376,0.30709807114246906,1.5319907172267784,1.6000953123697033,ZONE_02,WHEEL_FLAT,FRONT_BOGIE_AXLE_1,1
20.61,RUN_014_WHEEL_FLAT,TRAIN001,0.027523235683257194,-0.009988025344046664,1.1044392243301158,30.246160274437212,28.213269697943538,23.543131062340052,113.61822281826548,5.00135762891866,0.321758905374346,1.6092313560665024,1.6448137151569322,ZONE_02,WHEEL_FLAT,FRONT_BOGIE_AXLE_1,1
20.62,RUN_014_WHEEL_FLAT,TRAIN001,-0.022127033735930238,-0.05454485338110183,0.9869258599004347,30.288112156879127,28.13406499268824,23.56895036344395,113.79702371479729,5.009119554089383,0.3520464092955977,1.763442552749533,1.6094897656186935,ZONE_02,WHEEL_FLAT,FRONT_BOGIE_AXLE_1,1
20.63,RUN_014_WHEEL_FLAT,TRAIN001,0.07085357060223114,0.021730949000462074,0.8577035591471038,30.235448051526156,28.314770460439046,23.57352989807376,112.39613608031259,4.984515277130146,0.37662901724403597,1.8773130902634105,1.597180425030545,ZONE_02,WHEEL_FLAT,FRONT_BOGIE_AXLE_1,1
20.64,RUN_014_WHEEL_FLAT,TRAIN001,0.1456276971660072,-0.03494525033227957,0.883503534068571,30.205619374771285,28.293341829268016,23.55261568028267,115.82124176182006,5.047413264145853,0.33102935767260144,1.6708419707383704,1.587531549983863,ZONE_02,WHEEL_FLAT,FRONT_BOGIE_AXLE_1,1
20.650000000000002,RUN_014_WHEEL_FLAT,TRAIN001,-0.08610333571583113,-0.012340123159861653,0.9891657752679149,30.210067137841296,28.2917291554914,23.54312363479545,116.22579398710182,5.009886504034203,0.3024555718570865,1.5152680875167646,1.572088829558788,ZONE_02,WHEEL_FLAT,FRONT_BOGIE_AXLE_1,1
20.66,RUN_014_WHEEL_FLAT,TRAIN001,0.1807297912939187,-0.05540315731473042,1.0584198769503859,30.042065453038703,28.258761720393807,23.500438614490623,112.77559738498657,4.967338911158652,0.3128192909905425,1.553879436298383,1.5718026644193641,ZONE_02,WHEEL_FLAT,FRONT_BOGIE_AXLE_1,1
20.67,RUN_014_WHEEL_FLAT,TRAIN001,-0.054962521264231595,-0.0010215399678482103,0.9881518689581302,30.180403026857896,28.281143749655463,23.41996363203152,113.80498387588992,4.9830541516028015,0.3368386219186779,1.6784850933720343,1.6270385423402576,ZONE_02,WHEEL_FLAT,FRONT_BOGIE_AXLE_1,1
20.68,RUN_014_WHEEL_FLAT,TRAIN001,0.011223090376413478,0.044949740175624406,1.0062679968128356,30.26406819256033,28.34392739243906,23.547428000879233,112.99796164984741,5.001507039266023,0.3134144255527161,1.5675444556094262,1.595740171889787,ZONE_02,WHEEL_FLAT,FRONT_BOGIE_AXLE_1,1
20.69,RUN_014_WHEEL_FLAT,TRAIN001,-0.05795397442728126,-0.12492012213901982,0.9913829764502586,30.28617609255285,28.19747132365325,23.531907688561798,114.76602136313564,5.000784023369151,0.3035522180684417,1.5179990823749319,1.6582031364543597,ZONE_02,WHEEL_FLAT,FRONT_BOGIE_AXLE_1,1
20.7,RUN_014_WHEEL_FLAT,TRAIN001,0.08416495758760036,0.016931566512352645,0.9900971226928015,30.257897870830373,28.21053701317458,23.485989933297578,116.70959615584093,5.0075041796795805,0.32369013504929867,1.620879704180411,1.621612237999576,ZONE_02,WHEEL_FLAT,FRONT_BOGIE_AXLE_1,1
20.71,RUN_014_WHEEL_FLAT,TRAIN001,0.0801520918852205,-0.011979601501593258,1.0468196565486947,30.217190888579204,28.317085349828663,23.493359072033158,115.11664996441411,4.961214626559694,0.31883241020784764,1.581796016944454,1.630342393614332,ZONE_02,WHEEL_FLAT,FRONT_BOGIE_AXLE_1,1
20.72,RUN_014_WHEEL_FLAT,TRAIN001,0.044370530822232454,-0.02197181111285543,1.0956465373722508,30.23170575266378,28.454199329048063,23.547520373553265,113.99846214461047,4.991688006154098,0.3302699068607382,1.6486043328703779,1.6080478085992511,ZONE_02,WHEEL_FLAT,FRONT_BOGIE_AXLE_1,1
20.73,RUN_014_WHEEL_FLAT,TRAIN001,-0.005081020744888369,-0.031399726914576764,0.9490164481690169,30.172898444933242,28.17482536283538,23.53357013954244,114.22883815702414,5.016905726738475,0.30149624212991954,1.5125782237317233,1.5471752346285583,ZONE_02,WHEEL_FLAT,FRONT_BOGIE_AXLE_1,1
20.740000000000002,RUN_014_WHEEL_FLAT,TRAIN001,-0.09190219246201894,-0.04590091764269822,1.0128059826822635,30.233020872690613,28.291631777419642,23.51991603611621,115.80615655359723,4.984881054740303,0.33819983247917423,1.6858859376417796,1.579996671756241,ZONE_02,WHEEL_FLAT,FRONT_BOGIE_AXLE_1,1
20.75,RUN_014_WHEEL_FLAT,TRAIN001,-0.030772084811614,-0.03161667578463288,1.0849556282718806,30.16306959248729,28.435393069994216,23.482596295765134,114.97465023677661,5.022017882669668,0.29199657885781116,1.4664120407022916,1.59591557202705,ZONE_02,WHEEL_FLAT,FRONT_BOGIE_AXLE_1,1
20.76,RUN_014_WHEEL_FLAT,TRAIN001,0.0344181498092159,0.02382157814635565,0.815547926080136,30.130423619007722,28.451454032610012,23.47284248336998,117.08056712731533,4.982949080669899,0.3387968320933556,1.6882073630134604,1.5951610010661714,ZONE_02,WHEEL_FLAT,FRONT_BOGIE_AXLE_1,1
20.77,RUN_014_WHEEL_FLAT,TRAIN001,-0.06062850077427684,0.0037003193954056554,1.134850033040656,30.251777548139888,28.380933863104694,23.527802439723388,115.3995026981604,4.986775655226655,0.3194516601498206,1.5930337618568644,1.6298811127294992,ZONE_02,WHEEL_FLAT,FRONT_BOGIE_AXLE_1,1
20.78,RUN_014_WHEEL_FLAT,TRAIN001,-0.08105865727570787,-0.06793934917054315,0.9489696095881491,30.084086560798248,28.329928814543027,23.450965504766902,114.0475465190718,5.024539144591117,0.33152204113292577,1.665745472967132,1.6169746533495948,ZONE_02,WHEEL_FLAT,FRONT_BOGIE_AXLE_1,1
20.79,RUN_014_WHEEL_FLAT,TRAIN001,-0.015310211495123852,-0.015612387164233172,1.0788174997601245,30.265765128945816,28.232506105365662,23.527468256251073,115.03809468996933,5.04875269546103,0.33111179782160793,1.6717015817507905,1.575679190357715,ZONE_02,WHEEL_FLAT,FRONT_BOGIE_AXLE_1,1
20.8,RUN_014_WHEEL_FLAT,TRAIN001,-0.06499358194485562,0.0030573164396173525,1.1096738950948244,30.229939170753028,28.274682150940993,23.49417312878144,114.21032228215263,5.042732208534074,0.3378310446816926,1.7035914900590852,1.6191846883217074,ZONE_02,WHEEL_FLAT,FRONT_BOGIE_AXLE_1,1
20.81,RUN_014_WHEEL_FLAT,TRAIN001,0.043184320416981004,0.0789699961854175,0.7997716551963763,30.187034875142597,28.277751606979965,23.5318975487575,113.7430811654417,5.002401226485649,0.3672588708256791,1.8371762258561115,1.6042349907605071,ZONE_02,WHEEL_FLAT,FRONT_BOGIE_AXLE_1,1
20.82,RUN_014_WHEEL_FLAT,TRAIN001,-0.15288201812688454,0.01615692092876639,0.9395803635772445,30.12085192181249,28.33830524185407,23.591630645350655,113.25404393574561,5.05355234798579,0.33631189342207496,1.6995697586586738,1.5574384713706617,ZONE_02,WHEEL_FLAT,FRONT_BOGIE_AXLE_1,1
20.830000000000002,RUN_014_WHEEL_FLAT,TRAIN001,-0.12412989816333085,0.058557021073634814,1.1313735703425227,30.425810044609463,28.2590833792733,23.51647260806968,112.99320612415039,4.97346762771571,0.33594389931578206,1.670806107975628,1.6170919788163627,ZONE_02,WHEEL_FLAT,FRONT_BOGIE_AXLE_1,1
20.84,RUN_014_WHEEL_FLAT,TRAIN001,-0.014629848137571367,0.029670164241949886,1.1207694919385558,30.36245280705309,28.177614024890058,23.46950303134575,114.25884839379637,4.948761124151544,0.3266897669468695,1.616709618324796,1.6482177746861026,ZONE_02,WHEEL_FLAT,FRONT_BOGIE_AXLE_1,1
20.85,RUN_014_WHEEL_FLAT,TRAIN001,0.01175758643243151,-0.11708803560740096,0.9611504776279912,30.112558126460055,28.14116404867559,23.457865044276655,114.88234701969478,5.023779177404218,0.33847480371712557,1.7004226709900752,1.5688508514487898,ZONE_02,WHEEL_FLAT,FRONT_BOGIE_AXLE_1,1
20.86,RUN_014_WHEEL_FLAT,TRAIN001,0.03052061931002357,-0.020472200114358872,1.201443575721022,30.27343101191851,28.3265676977813,23.518546503246007,116.51259124941808,5.004155922654744,0.35630340320809395,1.7829977854258245,1.6029960539924926,ZONE_02,WHEEL_FLAT,FRONT_BOGIE_AXLE_1,1
20.87,RUN_014_WHEEL_FLAT,TRAIN001,0.04856089190781824,-0.08319987250991942,1.1390645169007307,30.386215429269626,28.415481716959757,23.474229224495144,112.13459537566027,4.995661985219869,0.31252407036113233,1.5612646177692886,1.5444741510047086,ZONE_02,WHEEL_FLAT,FRONT_BOGIE_AXLE_1,1
20.88,RUN_014_WHEEL_FLAT,TRAIN001,-0.075835423155649,-0.03649725824000679,0.8467167919753575,30.34832561604245,28.22430661331007,23.56088226525866,113.88070916077241,5.001590534455374,0.3142487598555199,1.5717436227577084,1.6449504250022733,ZONE_02,WHEEL_FLAT,FRONT_BOGIE_AXLE_1,1
20.89,RUN_014_WHEEL_FLAT,TRAIN001,0.16159263980929686,0.11514099272723319,1.399845869123385,30.26487937371149,28.372773898321046,23.555059458689758,113.80028919970984,4.983299000712393,0.3077418130823262,1.5335694696105762,1.6274031299651024,ZONE_02,WHEEL_FLAT,FRONT_BOGIE_AXLE_1,1
20.900000000000002,RUN_014_WHEEL_FLAT,TRAIN001,0.20125560688989966,0.11796667334051163,1.5634094984425186,30.14402115876351,28.430891863263515,23.607865916678957,114.17416505163216,4.99599280158804,0.31543336355880824,1.575902813720509,1.6772132016833978,ZONE_02,WHEEL_FLAT,FRONT_BOGIE_AXLE_1,1
20.91,RUN_014_WHEEL_FLAT,TRAIN001,-0.1380793789710938,-0.04417608054877663,1.1741808345550309,30.101288479891586,28.27852436566873,23.471008208252428,114.05767725565808,4.989904512502366,0.3347366296355821,1.6703038187184243,1.6333310236000598,ZONE_02,WHEEL_FLAT,FRONT_BOGIE_AXLE_1,1
20.92,RUN_014_WHEEL_FLAT,TRAIN001,0.08211371593752571,-0.08020310643268216,0.9545054140552859,30.13221694997933,28.38604202068385,23.528170981674815,114.50188248845424,5.015219504160251,0.3540845568250092,1.7758117755107252,1.5576344910347624,ZONE_02,WHEEL_FLAT,FRONT_BOGIE_AXLE_1,1
20.93,RUN_014_WHEEL_FLAT,TRAIN001,-0.02305431038912085,0.047510998911329975,1.0176779309116146,30.285738860218196,28.2579299073359,23.48068853119196,114.59693857945915,5.030082428844023,0.29537839750583156,1.4857776871541883,1.6249333038601743,ZONE_02,WHEEL_FLAT,FRONT_BOGIE_AXLE_1,1
20.94,RUN_014_WHEEL_FLAT,TRAIN001,-0.0692732509465785,-0.00213695680283184,1.0609104405586904,30.39445690891481,28.2778254014066,23.471097647453455,114.35690496823047,4.99648350209057,0.29130007053110496,1.4554759965664852,1.6036861093667978,ZONE_02,WHEEL_FLAT,FRONT_BOGIE_AXLE_1,1
20.95,RUN_014_WHEEL_FLAT,TRAIN001,0.05798791445183274,-0.06126653975369229,1.0607066688570048,30.242369250452207,28.247174415858403,23.51195227944115,115.25665586746874,5.0062686923668895,0.2957938120201685,1.4808233005124265,1.6354793006965378,ZONE_02,WHEEL_FLAT,FRONT_BOGIE_AXLE_1,1
20.96,RUN_014_WHEEL_FLAT,TRAIN001,0.10299398196324856,-0.059443959692503476,1.1599821584251169,30.232133754715537,28.303473385886054,23.511982015835656,115.74162825951515,5.060248037780647,0.3268702639712436,1.6540446118693273,1.6087500730648665,ZONE_02,WHEEL_FLAT,FRONT_BOGIE_AXLE_1,1
20.97,RUN_014_WHEEL_FLAT,TRAIN001,-0.0016501228339492354,0.011854453488259434,1.0942860228344116,30.275691073982756,28.284147426582248,23.52085460428235,113.34257379597335,5.027960520841637,0.3343881733727901,1.681290534354737,1.6160641099696145,ZONE_02,WHEEL_FLAT,FRONT_BOGIE_AXLE_1,1
20.98,RUN_014_WHEEL_FLAT,TRAIN001,-0.11575417024895701,-0.1057574321908857,1.0061972310279077,30.273266074041604,28.381106744765837,23.511839384478137,114.6931553647293,4.988417487467854,0.3359080062063209,1.6756493723400714,1.582760595198591,ZONE_02,WHEEL_FLAT,FRONT_BOGIE_AXLE_1,1
20.990000000000002,RUN_014_WHEEL_FLAT,TRAIN001,0.00017348988677475926,-0.04875323068928309,0.8734872464604796,30.35195122243082,28.538113823334815,23.508335811256465,114.99562204956649,4.964224308659836,0.32462418193502784,1.6115072551406784,1.6106966308177,ZONE_02,WHEEL_FLAT,FRONT_BOGIE_AXLE_1,1
21.0,RUN_014_WHEEL_FLAT,TRAIN001,0.025627573804224316,0.04643792658275111,0.9857774136636538,30.180902454328947,28.43208000977917,23.47048649526795,115.97949546243558,5.018736853659478,0.331008308673697,1.6612435976081754,1.6450014784784073,ZONE_02,WHEEL_FLAT,FRONT_BOGIE_AXLE_1,1
21.01,RUN_014_WHEEL_FLAT,TRAIN001,0.02323533702018231,0.12365468663138514,0.9685433025273165,30.178992717338463,28.289949314408453,23.499005770861483,114.49066310250896,4.993115118931088,0.34796929452966185,1.7374507454398391,1.60816995830168,ZONE_02,WHEEL_FLAT,FRONT_BOGIE_AXLE_1,1
21.02,RUN_014_WHEEL_FLAT,TRAIN001,-0.040145796985212416,-0.038709863585203674,1.0055297719933325,30.509548533754597,28.387779479307355,23.49612489754716,111.88182823702074,5.00866388715257,0.3605301356194642,1.805774270507429,1.6146985228737556,ZONE_02,WHEEL_FLAT,FRONT_BOGIE_AXLE_1,1
21.03,RUN_014_WHEEL_FLAT,TRAIN001,0.12243787957634246,-0.0557127071090682,1.13278036268625,30.305594242840975,28.434810037870015,23.54039831120766,114.83084219583999,5.005041864612492,0.32477655372480424,1.6255202480372135,1.5769377385775558,ZONE_02,WHEEL_FLAT,FRONT_BOGIE_AXLE_1,1
21.04,RUN_014_WHEEL_FLAT,TRAIN001,0.01007464391802349,-0.05495902382075186,1.0920480969936541,30.428747933280558,28.299643538641092,23.41715935308459,114.00426756365395,5.002029818219987,0.3455614809521744,1.7285088317510346,1.59283323267884,ZONE_02,WHEEL_FLAT,FRONT_BOGIE_AXLE_1,1
21.05,RUN_014_WHEEL_FLAT,TRAIN001,-0.09313888651056877,0.056362596441831454,0.8047778534227766,30.298898882103654,28.30216594270776,23.61455161510669,116.03734729090475,4.972981650549061,0.3185008581789419,1.583898923408007,1.6220558317257312,ZONE_02,WHEEL_FLAT,FRONT_BOGIE_AXLE_1,1
21.06,RUN_014_WHEEL_FLAT,TRAIN001,0.13434247976710817,0.029034097267381504,1.0900326018676136,30.21372042646638,28.412164798949252,23.513007702735294,114.02291313500749,5.010582099202668,0.2737154495937362,1.371473732009585,1.561140412212181,ZONE_02,WHEEL_FLAT,FRONT_BOGIE_AXLE_1,1
21.07,RUN_014_WHEEL_FLAT,TRAIN001,0.0014528861108351351,0.09436037803401931,1.1167810527657638,30.414701911229454,28.395563120335815,23.512151143147495,114.29364713041826,5.01103243313169,0.32406404047410936,1.6238954172274627,1.5900010089141874,ZONE_02,WHEEL_FLAT,FRONT_BOGIE_AXLE_1,1
21.080000000000002,RUN_014_WHEEL_FLAT,TRAIN001,0.04235555698296778,-0.029095058848582364,1.020870643971137,30.363272559090685,28.35176871971685,23.462622361690645,116.68214141885888,5.029396860894682,0.3354049818723454,1.6868847629572117,1.5690294101875772,ZONE_02,WHEEL_FLAT,FRONT_BOGIE_AXLE_1,1
21.09,RUN_014_WHEEL_FLAT,TRAIN001,0.045140082688665664,0.015990253534084706,0.9590539249265674,30.361456489325825,28.36971473762244,23.512291807005006,115.84491751055012,4.947596180147183,0.33953453398192535,1.679879763357028,1.5772184233702549,ZONE_02,WHEEL_FLAT,FRONT_BOGIE_AXLE_1,1
21.1,RUN_014_WHEEL_FLAT,TRAIN001,0.014156051503417281,0.010586453940568124,1.001141333103581,30.253706825505876,28.370773168968533,23.511559294804783,115.56174844379714,5.040294004217605,0.32191091918352616,1.622525675852905,1.5653047296048503,ZONE_02,WHEEL_FLAT,FRONT_BOGIE_AXLE_1,1
21.11,RUN_014_WHEEL_FLAT,TRAIN001,0.12849461721750427,-0.0777992695452817,1.0582801083159359,30.399862521998628,28.353755383762255,23.44731599458275,114.99120519703638,4.998084868206113,0.3046719517332129,1.5227762717245945,1.5526098946339464,ZONE_02,WHEEL_FLAT,FRONT_BOGIE_AXLE_1,1
21.12,RUN_014_WHEEL_FLAT,TRAIN001,0.14430204096290908,0.011158172162887097,1.1948606110045874,30.444281813099867,28.41640521764861,23.51272035276747,115.27127055251563,4.992694816418497,0.3372939004371152,1.6840055083219618,1.5612697098845638,ZONE_02,WHEEL_FLAT,FRONT_BOGIE_AXLE_1,1
21.13,RUN_014_WHEEL_FLAT,TRAIN001,-0.07635784720708556,-0.09391599051007299,1.0045900961123493,30.386406266803125,28.335506506141527,23.57525550317224,115.57185787753562,5.005782260178707,0.3200102409450899,1.6019015871984448,1.5639143110731815,ZONE_02,WHEEL_FLAT,FRONT_BOGIE_AXLE_1,1
21.14,RUN_014_WHEEL_FLAT,TRAIN001,-0.018001282182753948,-0.08312453057333292,0.9744824847776529,30.299265336953702,28.296640480117556,23.59752895153814,115.51042285725728,4.982532528856619,0.3594448233037968,1.7909455244402872,1.6405695727466285,ZONE_02,WHEEL_FLAT,FRONT_BOGIE_AXLE_1,1
21.150000000000002,RUN_014_WHEEL_FLAT,TRAIN001,0.005125005186600921,-0.12587257135696436,1.0272564193485583,30.354642441820577,28.32062779457627,23.47192987783991,112.3778397596034,4.942602548060981,0.3239714363113488,1.6012620466114484,1.516627996671721,ZONE_02,WHEEL_FLAT,FRONT_BOGIE_AXLE_1,1
21.16,RUN_014_WHEEL_FLAT,TRAIN001,-0.02712191496652192,0.021459136809119782,0.9439140632876571,30.334503832396837,28.266689192127462,23.423777463177032,113.65414789780877,5.012900443592456,0.33788804492772084,1.6937991303027595,1.561329139957387,ZONE_02,WHEEL_FLAT,FRONT_BOGIE_AXLE_1,1
21.17,RUN_014_WHEEL_FLAT,TRAIN001,-0.01980730685683879,-0.14059709233443052,1.0225500621609978,30.39982046572929,28.339138969479183,23.498842396861107,114.63642320531481,5.007322730999078,0.3145018393163378,1.5748122089497179,1.6135597525569139,ZONE_02,WHEEL_FLAT,FRONT_BOGIE_AXLE_1,1
21.18,RUN_014_WHEEL_FLAT,TRAIN001,-0.09139238254553539,-0.07980602350969324,0.9973034720123725,30.17769237596057,28.44147577868154,23.550143610187565,112.8285419195473,4.969058431866074,0.32915174486493004,1.6355742531845114,1.621717787688138,ZONE_02,WHEEL_FLAT,FRONT_BOGIE_AXLE_1,1
21.19,RUN_014_WHEEL_FLAT,TRAIN001,0.01413554888853677,-0.03774294372433384,0.9219866787234714,30.527689609934086,28.34646673056871,23.49435622373898,113.72184501084688,5.00846321783767,0.33810220286660103,1.693372446927261,1.6226651140523436,ZONE_02,WHEEL_FLAT,FRONT_BOGIE_AXLE_1,1
21.2,RUN_014_WHEEL_FLAT,TRAIN001,0.04644121753087713,-0.0568657578545255,0.988504073618085,30.06975870027851,28.43213135421037,23.493750661530118,113.8799357615873,5.03240633074788,0.31854016905576066,1.6030235633537098,1.6074618623767583,ZONE_02,WHEEL_FLAT,FRONT_BOGIE_AXLE_1,1
21.21,RUN_014_WHEEL_FLAT,TRAIN001,0.03180255700845485,0.03828128586593132,0.9474215236085802,30.528006730127544,28.295957090011353,23.437661345814565,113.09242547530238,4.94336722109702,0.2940582737762961,1.4536380316781157,1.5748964219145771,ZONE_02,WHEEL_FLAT,FRONT_BOGIE_AXLE_1,1
21.22,RUN_014_WHEEL_FLAT,TRAIN001,0.03555203089358144,0.013501600221535908,1.0144936281488532,30.424248275743476,28.409237428643426,23.448464570367527,114.54851119110896,5.022270808213667,0.36726649350833573,1.844511789181909,1.5723387679317562,ZONE_02,WHEEL_FLAT,FRONT_BOGIE_AXLE_1,1
21.23,RUN_014_WHEEL_FLAT,TRAIN001,0.02660820203475747,-0.15150858267211234,0.9090039006554044,30.39582826406173,28.35450217816494,23.510123374395064,113.31998192300239,5.008747498305842,0.3306725475886429,1.6562552954930347,1.5772021995113326,ZONE_02,WHEEL_FLAT,FRONT_BOGIE_AXLE_1,1
21.240000000000002,RUN_014_WHEEL_FLAT,TRAIN001,0.044396897475334915,0.00881036806718464,0.9859881852394945,30.30135487599221,28.31167924682868,23.428064353008573,115.78493515320679,5.0072434574757425,0.347619551163855,1.7406157232558672,1.6005616204004385,ZONE_02,WHEEL_FLAT,FRONT_BOGIE_AXLE_1,1
21.25,RUN_014_WHEEL_FLAT,TRAIN001,-0.024374976140783492,-0.056885783236047545,1.0133377627930786,30.172114438704263,28.33022971012931,23.486636806850893,116.47027801706685,5.048330909607612,0.3299403264053269,1.6656479481180364,1.585795666475072,ZONE_02,WHEEL_FLAT,FRONT_BOGIE_AXLE_1,1
21.26,RUN_014_WHEEL_FLAT,TRAIN001,0.016773064897533503,0.013471149123530495,1.215101556040498,30.41942970469979,28.384861714252082,23.539036041183127,114.57137875297798,5.011084334263379,0.33481352621915017,1.6777788161362646,1.5902594839657955,ZONE_02,WHEEL_FLAT,FRONT_BOGIE_AXLE_1,1
21.27,RUN_014_WHEEL_FLAT,TRAIN001,0.05754613653466392,0.025837244806335615,0.896021359461041,30.36144505790982,28.363567234377182,23.4693240166328,116.03182265362831,5.008461581511398,0.35867174945243446,1.7963936775059997,1.569105924322337,ZONE_02,WHEEL_FLAT,FRONT_BOGIE_AXLE_1,1
21.28,RUN_014_WHEEL_FLAT,TRAIN001,0.03138233761228139,0.05400956826582126,0.9360828036264303,30.241066820300148,28.308834780308924,23.40734384146222,114.54263431082963,5.004562742245988,0.3452852800919217,1.7280018481940018,1.649112001427831,ZONE_02,WHEEL_FLAT,FRONT_BOGIE_AXLE_1,1
21.29,RUN_014_WHEEL_FLAT,TRAIN001,0.0573986507234191,0.012734654591952953,0.9468449078016822,30.299033399918873,28.42792973087502,23.464282027776466,115.6235494316866,4.976893209954362,0.31824049477241323,1.58384895756534,1.629187348798943,ZONE_02,WHEEL_FLAT,FRONT_BOGIE_AXLE_1,1
21.3,RUN_014_WHEEL_FLAT,TRAIN001,0.059848848659774474,0.01422841523594408,1.056675550292056,30.257147676617837,28.385153067765202,23.447936460888265,114.859888149695,4.974637479192536,0.3285598742666713,1.6344662646857704,1.603346120575879,ZONE_02,WHEEL_FLAT,FRONT_BOGIE_AXLE_1,1
21.31,RUN_014_WHEEL_FLAT,TRAIN001,0.123561827544136,0.09499818745820796,1.0679646531148843,30.36699735617854,28.326958492120628,23.45804503378263,115.3969560833982,4.9407621525121685,0.33805168633353877,1.6702329774296634,1.5808190665333708,ZONE_02,WHEEL_FLAT,FRONT_BOGIE_AXLE_1,1
21.32,RUN_014_WHEEL_FLAT,TRAIN001,-0.050686996798323496,-0.05907753400911009,1.1198204313740938,30.34318078685711,28.36181732831998,23.548963156191316,115.97114211136778,5.03037033525349,0.3749165574259715,1.8859691286709688,1.5879451431693108,ZONE_02,WHEEL_FLAT,FRONT_BOGIE_AXLE_1,1
21.330000000000002,RUN_014_WHEEL_FLAT,TRAIN001,0.02404867412695463,0.03110212377853529,1.1426502364058855,30.293436305130744,28.406750675558996,23.47410432374386,115.9923314086727,4.998290762426951,0.3525871545395992,1.7623331174856824,1.5891116786912307,ZONE_02,WHEEL_FLAT,FRONT_BOGIE_AXLE_1,1
21.34,RUN_014_WHEEL_FLAT,TRAIN001,0.02017554007218995,0.0371335250140559,0.9348704024162761,30.36379821394332,28.44152202399828,23.495595864908775,115.78605422765193,4.985841706646203,0.32827881265842707,1.636746195560681,1.565544260628754,ZONE_02,WHEEL_FLAT,FRONT_BOGIE_AXLE_1,1
21.35,RUN_014_WHEEL_FLAT,TRAIN001,-0.015000904714072444,-0.025188976940147368,0.8855362405215689,30.276410913896534,28.381455791870156,23.567939979156222,115.29200351035479,4.991845948623044,0.36566362441827,1.8253364821111593,1.6670908404902318,ZONE_02,WHEEL_FLAT,FRONT_BOGIE_AXLE_1,1
21.36,RUN_014_WHEEL_FLAT,TRAIN001,-0.08214998522519326,-0.0075230788852458895,0.9484238476091096,30.29918800216075,28.37187557603943,23.440291629846225,116.5324216212097,5.006223813835748,0.33682660967024936,1.6862293944647606,1.658642962956722,ZONE_02,WHEEL_FLAT,FRONT_BOGIE_AXLE_1,1
21.37,RUN_014_WHEEL_FLAT,TRAIN001,-0.027089810958199127,0.02385882582798792,0.8166163664714154,30.633684040340746,28.186550209212577,23.491833670367416,113.80386872064119,5.038519395371542,0.3792638129031997,1.9109280772753354,1.5674269065690944,ZONE_02,WHEEL_FLAT,FRONT_BOGIE_AXLE_1,1
21.38,RUN_014_WHEEL_FLAT,TRAIN001,-0.008395521077530816,0.0458558704390874,1.0257157679690239,30.35324925099051,28.488971746932496,23.521167701677285,114.11618907861263,5.024021616763592,0.32731795367163286,1.6444524748011073,1.6469934286848904,ZONE_02,WHEEL_FLAT,FRONT_BOGIE_AXLE_1,1
21.39,RUN_014_WHEEL_FLAT,TRAIN001,0.06323903516657181,-0.014619217449303654,0.8650344174219553,30.102052336923514,28.40628847637087,23.52514983402488,116.48750483949424,5.042077980050153,0.3234918933918077,1.6310713523955653,1.6098237135987066,ZONE_02,WHEEL_FLAT,FRONT_BOGIE_AXLE_1,1
21.400000000000002,RUN_014_WHEEL_FLAT,TRAIN001,0.05627246705123768,0.048392526333954584,1.0039552949827004,30.22559126406803,28.462482694009875,23.538198220705723,116.39237106856098,5.026875319607975,0.35130190642521897,1.7659508831401636,1.6363856802411776,ZONE_02,WHEEL_FLAT,FRONT_BOGIE_AXLE_1,1
21.41,RUN_014_WHEEL_FLAT,TRAIN001,-0.11036029919142923,0.16934234762777514,1.3719973700122843,30.175378305192545,28.411844706477996,23.304786174305477,115.65220824167692,5.017890922088526,0.3232202469298907,1.6218839429047103,1.6739205630801661,ZONE_02,WHEEL_FLAT,FRONT_BOGIE_AXLE_1,1
21.42,RUN_014_WHEEL_FLAT,TRAIN001,0.3638548426031444,0.07907988507094336,1.8297101187517488,30.26039489005071,28.36873011982994,23.47579956665386,115.83206198080407,4.938428028284074,0.3070588541614947,1.5163880517239172,1.7040577803238266,ZONE_02,WHEEL_FLAT,FRONT_BOGIE_AXLE_1,1
21.43,RUN_014_WHEEL_FLAT,TRAIN001,0.08302759748936325,-0.001238450842174707,0.9910502918353125,30.433207242525288,28.334635047449865,23.566758204027256,115.75248434884574,4.99864843026733,0.3587655508528116,1.7933428576044008,1.6699308219303086,ZONE_02,WHEEL_FLAT,FRONT_BOGIE_AXLE_1,1
21.44,RUN_014_WHEEL_FLAT,TRAIN001,0.04830322505814678,0.011798529008176486,0.9013461586225769,30.399050013263842,28.47147080346466,23.5823108803136,114.15964548263216,4.983208205898797,0.3333541603556449,1.661173187354753,1.6019802230533602,ZONE_02,WHEEL_FLAT,FRONT_BOGIE_AXLE_1,1
21.45,RUN_014_WHEEL_FLAT,TRAIN001,-0.11605427340925932,0.0038646581761539673,1.1040319434237456,30.456681058529306,28.372256140529107,23.461884252929355,115.04229097212952,5.015595071958225,0.32207558630564365,1.6154007234726424,1.5974129712627805,ZONE_02,WHEEL_FLAT,FRONT_BOGIE_AXLE_1,1
21.46,RUN_014_WHEEL_FLAT,TRAIN001,0.030912066638798915,0.08979084255172372,0.9486653574332098,30.36299765278028,28.475550178443207,23.50752678222309,114.94869141443812,4.988128537783209,0.3235841905245171,1.6140795351308226,1.6000012429866957,ZONE_02,WHEEL_FLAT,FRONT_BOGIE_AXLE_1,1
21.47,RUN_014_WHEEL_FLAT,TRAIN001,-0.12670630841246866,-0.03420366594683864,1.0473699739146503,30.39680386485188,28.562275711651015,23.45709073961391,114.40116508012174,5.040822933996935,0.3608326694925655,1.8188935957134604,1.5633244535751183,ZONE_02,WHEEL_FLAT,FRONT_BOGIE_AXLE_1,1
21.48,RUN_014_WHEEL_FLAT,TRAIN001,0.05815831308268248,-0.11631393829305223,0.9131433561389116,30.353427622174028,28.451174958705742,23.594735533635024,116.40259053788512,4.984703342767234,0.3295879526295221,1.6428981692081877,1.6423906694357315,ZONE_02,WHEEL_FLAT,FRONT_BOGIE_AXLE_1,1
21.490000000000002,RUN_014_WHEEL_FLAT,TRAIN001,-0.04417367851588024,0.04114046495127468,0.9617290519716375,30.423289402009374,28.507540725672964,23.541852765853584,113.33720645869674,4.991608856173845,0.2976242237351605,1.485623711008293,1.6377650063017912,ZONE_02,WHEEL_FLAT,FRONT_BOGIE_AXLE_1,1
21.5,RUN_014_WHEEL_FLAT,TRAIN001,-0.028226032062095528,-0.12327645142665902,1.0638415406731692,30.158627015072767,28.33868760084004,23.55566869736589,113.78888482634366,4.999396251930511,0.33066958940576396,1.6531483059025773,1.6034889106756829,ZONE_02,WHEEL_FLAT,FRONT_BOGIE_AXLE_1,1
21.51,RUN_014_WHEEL_FLAT,TRAIN001,0.07859503058895187,0.0804268704050057,0.8058114202344933,30.609608185427135,28.29733537894721,23.44224754928927,114.010894726214,5.007438538106255,0.32389703849120677,1.6218945129193538,1.55367872799129,ZONE_02,WHEEL_FLAT,FRONT_BOGIE_AXLE_1,1
21.52,RUN_014_WHEEL_FLAT,TRAIN001,-0.005885596906599633,0.001884774391196612,1.0113999545271932,30.40562466605536,28.225596390771532,23.520526427803407,114.15959811361162,4.946142281550019,0.2986496026665505,1.4771634271171388,1.6234611148801632,ZONE_02,WHEEL_FLAT,FRONT_BOGIE_AXLE_1,1
21.53,RUN_014_WHEEL_FLAT,TRAIN001,0.08078067355608655,0.00202014603870906,1.1845106540575032,30.27575818671474,28.711333945653692,23.486332326581202,116.22072858525554,5.031702761995484,0.3357340172053219,1.6893137816678576,1.5870471168478044,ZONE_02,WHEEL_FLAT,FRONT_BOGIE_AXLE_1,1
21.54,RUN_014_WHEEL_FLAT,TRAIN001,0.10233301639266566,-0.06603432168630237,1.080648807560315,30.203433554460098,28.36881442028825,23.598039471782347,114.2395634727189,5.0027225709214465,0.30499718742880483,1.5258163136176408,1.5962814167726527,ZONE_02,WHEEL_FLAT,FRONT_BOGIE_AXLE_1,1
21.55,RUN_014_WHEEL_FLAT,TRAIN001,-0.0257178621667009,-0.05408833883007354,1.0055074694269486,30.344860496785586,28.216933022818576,23.469043570866894,114.43735528584004,4.98511747318583,0.3216689410445371,1.6035574585823045,1.6114583463566567,ZONE_02,WHEEL_FLAT,FRONT_BOGIE_AXLE_1,1
21.56,RUN_014_WHEEL_FLAT,TRAIN001,0.004846302770550321,0.022014359950439922,1.0541678902853222,30.307383135367356,28.460182681675295,23.488071945810013,115.72335058602914,4.9967475188161705,0.33615636058698944,1.6796884606973135,1.5735991429705118,ZONE_02,WHEEL_FLAT,FRONT_BOGIE_AXLE_1,1
21.57,RUN_014_WHEEL_FLAT,TRAIN001,0.0964508257761601,-0.07598448354962327,1.039292836113151,30.19063728065846,28.343625070235095,23.47451187207872,115.22552541748539,5.0182801948886215,0.3278618639465195,1.6453026985020867,1.5866447305522131,ZONE_02,WHEEL_FLAT,FRONT_BOGIE_AXLE_1,1
21.580000000000002,RUN_014_WHEEL_FLAT,TRAIN001,0.03362762233955545,-0.032251165800048574,0.9526046859671282,30.397743224014132,28.545496524895196,23.500888388028017,114.72457393780027,4.976858815055267,0.31040144436259004,1.5448241645818432,1.593479188175807,ZONE_02,WHEEL_FLAT,FRONT_BOGIE_AXLE_1,1
21.59,RUN_014_WHEEL_FLAT,TRAIN001,0.06819054665162781,-0.038948410529797466,0.9261211717357066,30.60596081836075,28.190750878227533,23.51500446489765,114.15883502108004,5.030775036570376,0.33936936094570347,1.7072909092224866,1.624602305511431,ZONE_02,WHEEL_FLAT,FRONT_BOGIE_AXLE_1,1
21.6,RUN_014_WHEEL_FLAT,TRAIN001,-0.0188618431323624,-0.12939984900943888,0.8203670215059095,30.400609453028906,28.170745849280323,23.594030380291944,113.6686703160433,4.973244112587264,0.3304765579859591,1.6435405963517746,1.649383044061964,ZONE_02,WHEEL_FLAT,FRONT_BOGIE_AXLE_1,1
21.61,RUN_014_WHEEL_FLAT,TRAIN001,-0.03759412783150158,-0.0828997950997977,1.1194522391592423,30.487970093077305,28.41322078720946,23.423445458825018,117.02798003332546,4.996199054294371,0.32924367266308524,1.644966925991712,1.598560266265654,ZONE_02,WHEEL_FLAT,FRONT_BOGIE_AXLE_1,1
21.62,RUN_014_WHEEL_FLAT,TRAIN001,0.07193347779420581,0.04599643554516264,0.865278859753699,30.410312422510977,28.63636044292944,23.453894030031652,114.93104929846275,5.004610333835009,0.32664541517541723,1.6347330202867199,1.5958168198735891,ZONE_02,WHEEL_FLAT,FRONT_BOGIE_AXLE_1,1
21.63,RUN_014_WHEEL_FLAT,TRAIN001,0.007342465660614113,-0.09712708962738563,0.9656304170071428,30.514097339799086,28.385041652175577,23.61095634080802,116.17949521736485,5.0029690837652625,0.3296144393562482,1.6490508496619296,1.6040123427832274,ZONE_02,WHEEL_FLAT,FRONT_BOGIE_AXLE_1,1
21.64,RUN_014_WHEEL_FLAT,TRAIN001,0.06197632821726548,0.02570899989100947,0.8117943158909893,30.247165208480464,28.54620362693757,23.498113145461495,113.86949388606557,5.06084833852096,0.31209060349494877,1.5794432121654152,1.6071844140391334,ZONE_02,WHEEL_FLAT,FRONT_BOGIE_AXLE_1,1
21.650000000000002,RUN_014_WHEEL_FLAT,TRAIN001,-0.08593732018813405,-0.038883645042163566,0.9655722593052218,30.226289464883536,28.378575039710206,23.49676578192736,115.53629446019463,5.06276492915239,0.32169787475245804,1.6286807180796028,1.5268337793126483,ZONE_02,WHEEL_FLAT,FRONT_BOGIE_AXLE_1,1
21.66,RUN_014_WHEEL_FLAT,TRAIN001,-0.011168661431691738,-0.011256162186223984,1.0453723602269371,30.292647645740132,28.42602376583226,23.500305098549156,114.23227265342642,4.984361016766524,0.333393416972757,1.6617531508055967,1.6337891395370692,ZONE_02,WHEEL_FLAT,FRONT_BOGIE_AXLE_1,1
21.67,RUN_014_WHEEL_FLAT,TRAIN001,-0.0023857512127154895,0.05724061268017547,1.030971293487801,30.368812601752527,28.355248811872382,23.451655473470655,112.92924033665062,5.0633692378912984,0.32017619902487676,1.6211703168475229,1.6392597374511302,ZONE_02,WHEEL_FLAT,FRONT_BOGIE_AXLE_1,1
21.68,RUN_014_WHEEL_FLAT,TRAIN001,-0.13696724059195525,0.027451066880964454,0.8278164268058442,30.532938395992627,28.295909343498302,23.5508546179551,114.01986791518809,4.955806370339723,0.36897166167766055,1.8285521114169834,1.5990863484244346,ZONE_02,WHEEL_FLAT,FRONT_BOGIE_AXLE_1,1
21.69,RUN_014_WHEEL_FLAT,TRAIN001,-0.001966227425045906,0.013415556287698959,0.8050543278847255,30.347382567503484,28.222665655937156,23.46949686034072,116.61802660495593,4.986927723932383,0.3154384390216796,1.5730686967511684,1.5944070781686306,ZONE_02,WHEEL_FLAT,FRONT_BOGIE_AXLE_1,1
21.7,RUN_014_WHEEL_FLAT,TRAIN001,-0.040016557011549526,-0.020058674335764068,0.7971905653036884,30.514345094893542,28.320311507100676,23.502956356384875,111.83745451391526,5.026704509504535,0.29550440761115176,1.4854133383174428,1.5947116399346726,ZONE_02,WHEEL_FLAT,FRONT_BOGIE_AXLE_1,1
21.71,RUN_014_WHEEL_FLAT,TRAIN001,-0.1401845738283215,-0.11686592169478667,0.8417810265079136,30.55842650191936,28.584739927094002,23.44440136414002,113.59290532590998,5.029254881838869,0.30597594317752946,1.5388310059508425,1.5483087703931948,ZONE_02,WHEEL_FLAT,FRONT_BOGIE_AXLE_1,1
21.72,RUN_014_WHEEL_FLAT,TRAIN001,0.14404530469569207,-0.0019812855298255764,0.838168432067498,30.598475567010663,28.40389735862805,23.44340407912377,115.71339582830701,5.03734809355792,0.34672834020511445,1.7465913435147353,1.6393968909403518,ZONE_02,WHEEL_FLAT,FRONT_BOGIE_AXLE_1,1
21.73,RUN_014_WHEEL_FLAT,TRAIN001,-0.12402745884456189,-0.004617015924443559,1.0407340596951826,30.295344042650182,28.314127259036123,23.478026272230252,112.95227531967542,5.036734600679359,0.3149462393879304,1.5863006212790334,1.6049903955291263,ZONE_02,WHEEL_FLAT,FRONT_BOGIE_AXLE_1,1
21.740000000000002,RUN_014_WHEEL_FLAT,TRAIN001,-0.05067790975414187,0.05906084033573291,0.9045856152958816,30.466776135200224,28.461523186131895,23.51326462503782,112.72545538923887,4.992440070479165,0.340495000819781,1.699900885890511,1.6543352353859841,ZONE_02,WHEEL_FLAT,FRONT_BOGIE_AXLE_1,1
21.75,RUN_014_WHEEL_FLAT,TRAIN001,0.00035095354424985025,-0.05425982167418896,0.9844160263584989,30.190729066248437,28.395827894978705,23.425830371324036,115.5043729927306,4.988423549377537,0.29100669140621477,1.4516646324372036,1.6099598813537797,ZONE_02,WHEEL_FLAT,FRONT_BOGIE_AXLE_1,1
21.76,RUN_014_WHEEL_FLAT,TRAIN001,-0.06711794523820361,-0.042428796092540806,1.0554192225085988,30.40355103203895,28.540625833419274,23.448694663432665,114.63636449747929,4.958530373762507,0.3235128981481638,1.6041485317716064,1.6087083616047793,ZONE_02,WHEEL_FLAT,FRONT_BOGIE_AXLE_1,1
21.77,RUN_014_WHEEL_FLAT,TRAIN001,0.01831252617408848,-0.018353087933460705,0.7945557522066176,30.378839575968808,28.500454918529506,23.472042061419277,115.72018951303353,5.01884555435316,0.31437001698288347,1.577774562156472,1.576105706076426,ZONE_02,WHEEL_FLAT,FRONT_BOGIE_AXLE_1,1
21.78,RUN_014_WHEEL_FLAT,TRAIN001,0.0776584635367338,-0.09488407361839445,1.168868253885686,30.43861226322446,28.352173584265216,23.614983341419837,116.2796422769372,4.986715409076624,0.29477479229878795,1.4699579989637273,1.6468106697518807,ZONE_02,WHEEL_FLAT,FRONT_BOGIE_AXLE_1,1
21.79,RUN_014_WHEEL_FLAT,TRAIN001,0.05165635356680545,0.027496341122917402,1.1210037331080336,30.3096102050249,28.579016038088795,23.542444493782032,114.73237663400883,5.032319287622255,0.35751639185742773,1.7991366343852497,1.5450633025847904,ZONE_02,WHEEL_FLAT,FRONT_BOGIE_AXLE_1,1
21.8,RUN_014_WHEEL_FLAT,TRAIN001,-0.05664246776171885,-0.07660487864203772,0.9260343614737437,30.364018483203928,28.3873207691048,23.477930927690597,114.31556663317971,5.048834702227285,0.3366070956798992,1.699473585684615,1.6014236358272462,ZONE_02,WHEEL_FLAT,FRONT_BOGIE_AXLE_1,1
21.81,RUN_014_WHEEL_FLAT,TRAIN001,-0.03851970506493877,-0.002272373737221218,1.0798957862363816,30.292726288363678,28.164881378251412,23.524426058280955,112.2912685300989,5.03500786685803,0.3516190430414049,1.770404647850566,1.5736712613950452,ZONE_02,WHEEL_FLAT,FRONT_BOGIE_AXLE_1,1
21.82,RUN_014_WHEEL_FLAT,TRAIN001,-0.05584536271241867,-0.10475429901471098,1.0142870898671423,30.476693458520426,28.53976193922806,23.540662289319062,113.66499045387214,4.994441514582667,0.3638482737097121,1.8172189232250235,1.574052360483868,ZONE_02,WHEEL_FLAT,FRONT_BOGIE_AXLE_1,1
21.830000000000002,RUN_014_WHEEL_FLAT,TRAIN001,0.06186410259956661,-0.03182435706420705,1.0505839431258852,30.378101186546147,28.44199815312397,23.587992860932577,114.54802999394882,5.052061405192236,0.3757614300935483,1.8983698185354558,1.5924244986993497,ZONE_02,WHEEL_FLAT,FRONT_BOGIE_AXLE_1,1
21.84,RUN_014_WHEEL_FLAT,TRAIN001,-0.05935336190152626,-0.08309350296870202,0.943845343461646,30.34758571812043,28.58804846357614,23.42650192648977,115.36085191661817,4.954144097309854,0.35136007390360413,1.7406884361598944,1.6206457351133376,ZONE_02,WHEEL_FLAT,FRONT_BOGIE_AXLE_1,1
21.85,RUN_014_WHEEL_FLAT,TRAIN001,0.05420659367146625,0.002473026108923732,0.8524830114681203,30.47864679790946,28.397781539683933,23.436677732551807,116.63648967690459,4.972263564358402,0.36206750437665214,1.8002950598502037,1.5961990253658678,ZONE_02,WHEEL_FLAT,FRONT_BOGIE_AXLE_1,1
21.86,RUN_014_WHEEL_FLAT,TRAIN001,-0.08491171248657067,-0.04029319136458819,0.9624149593591768,30.15738370663883,28.444666623046647,23.480609467051533,113.91246100190797,4.989136854534832,0.2817598889254944,1.4057386459678247,1.629097383587609,ZONE_02,WHEEL_FLAT,FRONT_BOGIE_AXLE_1,1
21.87,RUN_014_WHEEL_FLAT,TRAIN001,0.03700088028094261,-0.02206728347459637,0.9987484264804565,30.433100039360024,28.33537474487038,23.526935717726897,115.75100607686261,4.959932305359513,0.3109555632594956,1.542318543742036,1.6450978723841272,ZONE_02,WHEEL_FLAT,FRONT_BOGIE_AXLE_1,1
21.88,RUN_014_WHEEL_FLAT,TRAIN001,0.06877395749612537,-0.005568384454919939,1.069268928088396,30.500173450332234,28.50656565155082,23.51386021024952,116.56351602865601,4.95177036525589,0.35439602523775,1.754887735336769,1.5906277276342904,ZONE_02,WHEEL_FLAT,FRONT_BOGIE_AXLE_1,1
21.89,RUN_014_WHEEL_FLAT,TRAIN001,-0.0673212487308114,-0.04987993556023008,1.078623812735995,30.38739931610631,28.454390131610886,23.38783784003066,116.38410575124833,5.012851531379321,0.32613068367154924,1.6348446970727106,1.5724467709941334,ZONE_02,WHEEL_FLAT,FRONT_BOGIE_AXLE_1,1
21.900000000000002,RUN_014_WHEEL_FLAT,TRAIN001,0.043570354125928794,0.01986224241184765,0.9861835010752407,30.417390712141348,28.60847241017483,23.47051835093831,114.0170423277746,5.012664863130727,0.3489210737651241,1.749024406468282,1.6614824169393134,ZONE_02,WHEEL_FLAT,FRONT_BOGIE_AXLE_1,1
21.91,RUN_014_WHEEL_FLAT,TRAIN001,0.005454876274703949,0.038957710019564405,1.077501198317341,30.307086853438694,28.297566679511604,23.479468660446372,115.21345948484117,4.980478652477098,0.3404381693750794,1.6955450350609655,1.6150595824835683,ZONE_02,WHEEL_FLAT,FRONT_BOGIE_AXLE_1,1
21.92,RUN_014_WHEEL_FLAT,TRAIN001,-0.026162251851000046,0.007630985720261774,1.060848301736115,30.3899292444328,28.50774195208119,23.45142643958863,116.10294919880818,4.979448065644111,0.31688965443105793,1.5779355767793624,1.6347545772302066,ZONE_02,WHEEL_FLAT,FRONT_BOGIE_AXLE_1,1
21.93,RUN_014_WHEEL_FLAT,TRAIN001,-0.03148865046729953,0.06837083610482027,1.0472028399038957,30.433194237428108,28.40724956380766,23.524622529689246,116.07745030318424,4.950255379983931,0.3698040898796799,1.8306246854669466,1.6119335622414102,ZONE_02,WHEEL_FLAT,FRONT_BOGIE_AXLE_1,1
21.94,RUN_014_WHEEL_FLAT,TRAIN001,0.3885866383703608,0.2951224156133471,1.97119099892191,30.27095891901407,28.517219087365174,23.526301271371317,113.57848325774724,5.0109284348364245,0.3305968475258652,1.6565971437346398,1.743286684106903,ZONE_02,WHEEL_FLAT,FRONT_BOGIE_AXLE_1,1
21.95,RUN_014_WHEEL_FLAT,TRAIN001,0.03388655440672538,0.08216916577717753,1.226698602040069,30.426366100274755,28.34938456468418,23.424007842727622,114.22040850061094,5.02725050729916,0.2992419804029936,1.5043643977861547,1.6308769412687583,ZONE_02,WHEEL_FLAT,FRONT_BOGIE_AXLE_1,1
21.96,RUN_014_WHEEL_FLAT,TRAIN001,0.08932046672622776,0.032407868391395596,0.9592788940145387,30.560421221446145,28.440222486510805,23.472616206063964,115.26334498419476,4.947507740625144,0.31281540613843845,1.5476566432567225,1.6095561028768306,ZONE_02,WHEEL_FLAT,FRONT_BOGIE_AXLE_1,1
21.97,RUN_014_WHEEL_FLAT,TRAIN001,-0.015597962033711677,-0.011438040252902642,1.0995356727479362,30.34211155238774,28.551032242272385,23.54055346761802,116.1160416695511,5.018509728417383,0.32178292871630726,1.6148707582014252,1.6015592345849083,ZONE_02,WHEEL_FLAT,FRONT_BOGIE_AXLE_1,1
21.98,RUN_014_WHEEL_FLAT,TRAIN001,0.08251996601956006,0.003239565384123491,0.9422760755890217,30.69889620691765,28.514591135367564,23.447842993139318,115.80277877257758,5.0110886214711305,0.3109361435075432,1.558128570734764,1.6584148887904413,ZONE_02,WHEEL_FLAT,FRONT_BOGIE_AXLE_1,1
21.990000000000002,RUN_014_WHEEL_FLAT,TRAIN001,-0.07960154025437899,-0.06994079682705968,1.0225390334088236,30.41674861658968,28.44303381029234,23.440958390732575,116.33336290964306,5.034707830347635,0.36258288618394735,1.825498896220365,1.637978301383876,ZONE_02,WHEEL_FLAT,FRONT_BOGIE_AXLE_1,1
22.0,RUN_014_WHEEL_FLAT,TRAIN001,-0.03851495885920964,-0.06370173422268095,1.1078087658171716,30.450886024217134,28.31370405271185,23.41104170556099,115.12409144245692,5.021729733656406,0.34260089886112427,1.720449120588319,1.6112735182447653,ZONE_02,WHEEL_FLAT,FRONT_BOGIE_AXLE_1,1
22.01,RUN_014_WHEEL_FLAT,TRAIN001,-0.034812801141394754,-0.04375327601896095,1.0069191816249334,30.456488588721985,28.49564608521494,23.53246136026231,112.61790916803716,4.988887454879508,0.3254003055076739,1.6233855019611938,1.5789234492294408,ZONE_02,WHEEL_FLAT,FRONT_BOGIE_AXLE_1,1
22.02,RUN_014_WHEEL_FLAT,TRAIN001,0.05482323754893229,0.06506831602332325,0.9888408321979136,30.500727358158933,28.31247329027145,23.47058003214498,115.26960356634426,4.964473237221893,0.3558049073146233,1.7663839400356633,1.5920195602823284,ZONE_02,WHEEL_FLAT,FRONT_BOGIE_AXLE_1,1
22.03,RUN_014_WHEEL_FLAT,TRAIN001,0.01940791581323404,-0.04516165983699686,1.102074600853328,30.286500559643656,28.47939641863313,23.520528146068724,113.48626453796336,5.001565811025348,0.3430518345337961,1.7157963270137593,1.6011282022787081,ZONE_02,WHEEL_FLAT,FRONT_BOGIE_AXLE_1,1
22.04,RUN_014_WHEEL_FLAT,TRAIN001,0.023619110870049344,-4.469205082491181e-05,0.8693027355133052,30.484883818923386,28.474586454219494,23.455945619084535,116.68671308150073,4.941997559714195,0.3425923414425512,1.6930905153858602,1.5996613350953042,ZONE_02,WHEEL_FLAT,FRONT_BOGIE_AXLE_1,1
22.05,RUN_014_WHEEL_FLAT,TRAIN001,0.006297890103601184,0.034308432100617646,0.9561905658822317,30.36544109876565,28.339346417169466,23.51123634952907,114.205986087765,5.050980261837676,0.2983597848257652,1.507009384081076,1.5504175514927128,ZONE_02,WHEEL_FLAT,FRONT_BOGIE_AXLE_1,1
22.06,RUN_014_WHEEL_FLAT,TRAIN001,-0.036866000283301587,-0.03337328808063217,0.8778046487483298,30.379920735213716,28.560722182706733,23.53718315614936,117.11967122817143,4.973602903798531,0.3604180319792806,1.7925761704335015,1.6248308938546747,ZONE_02,WHEEL_FLAT,FRONT_BOGIE_AXLE_1,1
22.07,RUN_014_WHEEL_FLAT,TRAIN001,0.011229793514844285,-0.038921063185382604,1.0919715598215542,30.462690514775122,28.359205144797823,23.596092254658412,115.8451414707607,5.010968251421275,0.31045550499270685,1.5556826789974132,1.622392399745402,ZONE_02,WHEEL_FLAT,FRONT_BOGIE_AXLE_1,1
22.080000000000002,RUN_014_WHEEL_FLAT,TRAIN001,-0.07738066636760173,-0.14053584963523866,1.0745405816699027,30.531777281879364,28.48730459495066,23.48006601268897,115.79358674827641,5.007073258632091,0.31313284894096594,1.5678791143315927,1.6090874738037557,ZONE_02,WHEEL_FLAT,FRONT_BOGIE_AXLE_1,1
22.09,RUN_014_WHEEL_FLAT,TRAIN001,-0.06027806490579901,0.012958789443380315,0.8876801280967102,30.36174409527087,28.380219006600736,23.447591968518065,115.59194103621684,5.001239984882583,0.3546658283098178,1.7737689218145618,1.606671273016027,ZONE_02,WHEEL_FLAT,FRONT_BOGIE_AXLE_1,1
22.1,RUN_014_WHEEL_FLAT,TRAIN001,0.021523325745240338,0.048157515972664454,1.0218524810713205,30.44687344763401,28.32649615348135,23.52074603021959,114.14307874679997,4.980568494217924,0.3126379492300155,1.557114720031918,1.6227847289310942,ZONE_02,WHEEL_FLAT,FRONT_BOGIE_AXLE_1,1
22.11,RUN_014_WHEEL_FLAT,TRAIN001,-0.036765905181646796,0.012072329148619474,1.067417833392074,30.444661127104116,28.52326500078191,23.518884350498613,117.93523097899312,4.991570495112405,0.3407739760541696,1.700997324374134,1.5826081360571953,ZONE_02,WHEEL_FLAT,FRONT_BOGIE_AXLE_1,1
22.12,RUN_014_WHEEL_FLAT,TRAIN001,-0.0356870134162393,0.060250439137282404,0.9524087261983641,30.559947276174157,28.284833830765898,23.525562803800167,114.88122556267203,4.970229991653552,0.33186380346019884,1.6494394291021002,1.6035941501381998,ZONE_02,WHEEL_FLAT,FRONT_BOGIE_AXLE_1,1
22.13,RUN_014_WHEEL_FLAT,TRAIN001,-0.07651391200276116,0.04920470058055778,0.9294382335503373,30.38879443734654,28.4081290693517,23.5348207934969,115.95894562301874,5.043400967232832,0.3230127503028367,1.6290828173058638,1.5651458700650638,ZONE_02,WHEEL_FLAT,FRONT_BOGIE_AXLE_1,1
22.14,RUN_014_WHEEL_FLAT,TRAIN001,-0.020999961122351772,-0.04890749069185848,0.954789663106179,30.568528430318047,28.28621682325683,23.588261610635847,114.96436193562349,4.972061231604044,0.3210386485851269,1.5962238184766637,1.5687953518052316,ZONE_02,WHEEL_FLAT,FRONT_BOGIE_AXLE_1,1
22.150000000000002,RUN_014_WHEEL_FLAT,TRAIN001,-0.03871218759154889,0.02718265188062267,1.0595467645686185,30.478963228979076,28.465656568116344,23.50351472920806,115.22932047455386,4.961295369272715,0.35529880369685524,1.7627423094893433,1.5890071391495857,ZONE_02,WHEEL_FLAT,FRONT_BOGIE_AXLE_1,1
22.16,RUN_014_WHEEL_FLAT,TRAIN001,-0.0016735590778380687,-0.06666671275428716,1.1546928387267446,30.593625645458335,28.385222117591674,23.552084318365957,116.47505645800452,5.027047308676807,0.359927408864009,1.809372112048833,1.5918580577754406,ZONE_02,WHEEL_FLAT,FRONT_BOGIE_AXLE_1,1
22.17,RUN_014_WHEEL_FLAT,TRAIN001,0.011888003655722876,-0.022343396759035968,0.9537027033699264,30.3494136634287,28.41840575438132,23.482009310618068,113.42890391098281,5.023827747364475,0.31842474089145,1.59971104873781,1.5785902199731143,ZONE_02,WHEEL_FLAT,FRONT_BOGIE_AXLE_1,1
22.18,RUN_014_WHEEL_FLAT,TRAIN001,-0.04739564138161885,-0.0045065084668445285,0.9672455292973241,30.512387789930443,28.430626558628926,23.47704316806452,117.05284491667852,4.962762372680318,0.30598955997271454,1.5185534746655953,1.5709674586785154,ZONE_02,WHEEL_FLAT,FRONT_BOGIE_AXLE_1,1
22.19,RUN_014_WHEEL_FLAT,TRAIN001,-0.07006570495369249,-0.057100354385987324,1.0016272389459093,30.552772193090355,28.4148632785032,23.59709738963808,113.24577362473688,5.000752437886172,0.2820220404702832,1.4103224064194013,1.641426680089923,ZONE_02,WHEEL_FLAT,FRONT_BOGIE_AXLE_1,1
22.2,RUN_014_WHEEL_FLAT,TRAIN001,0.05057963220190038,0.06222517551158797,0.9870783350545708,30.491604654710763,28.507748070382807,23.51713287389039,116.19843190241804,5.0235591888478295,0.3061685865036362,1.5380560160668932,1.599913605164605,ZONE_02,WHEEL_FLAT,FRONT_BOGIE_AXLE_1,1
22.21,RUN_014_WHEEL_FLAT,TRAIN001,0.11448822430003368,-0.04612487126249481,1.0234774076849942,30.41536244310206,28.386577777247332,23.46189858387775,114.48542697748813,4.962029924897209,0.30074143012723276,1.492287975947712,1.5518932168152793,ZONE_02,WHEEL_FLAT,FRONT_BOGIE_AXLE_1,1
22.22,RUN_014_WHEEL_FLAT,TRAIN001,-0.05442742589901016,-0.07575322486712203,1.1277625182783981,30.544462368707368,28.400540328542327,23.510460012402998,114.90828718590721,4.979853756477489,0.32408206950002516,1.613881311206699,1.5653192318086586,ZONE_02,WHEEL_FLAT,FRONT_BOGIE_AXLE_1,1
22.23,RUN_014_WHEEL_FLAT,TRAIN001,-0.002954872894602833,-0.017172724822255257,1.0219801103440578,30.582956023643426,28.366861146017502,23.496424169968357,115.64923396198668,4.9660075057759965,0.3232046015719777,1.6050364773077819,1.5702163164332517,ZONE_02,WHEEL_FLAT,FRONT_BOGIE_AXLE_1,1
22.240000000000002,RUN_014_WHEEL_FLAT,TRAIN001,0.013812710077728677,0.06450362175882407,1.0436582325151602,30.54841960697194,28.58768610952688,23.43827416656723,116.36455890114193,5.057614274738718,0.31836828804444256,1.6101839982377006,1.612552454524628,ZONE_02,WHEEL_FLAT,FRONT_BOGIE_AXLE_1,1
22.25,RUN_014_WHEEL_FLAT,TRAIN001,0.02827226468259573,0.001423873245924305,0.9110782161184391,30.519849566510732,28.335924545290833,23.578309977662528,113.01067684984285,4.980942116247197,0.3050552226309303,1.519462406183566,1.6413343371260036,ZONE_02,WHEEL_FLAT,FRONT_BOGIE_AXLE_1,1
22.26,RUN_014_WHEEL_FLAT,TRAIN001,-0.029518884734149584,-0.15258308999898385,1.0725733746805455,30.397058283233214,28.546715504224323,23.559180096928454,116.40505000477178,4.992790322002239,0.34756767193225974,1.7353325086642357,1.6332821225132343,ZONE_02,WHEEL_FLAT,FRONT_BOGIE_AXLE_1,1
22.27,RUN_014_WHEEL_FLAT,TRAIN001,-0.07978100149034843,0.009842602977984513,1.1526528423274507,30.58422152608099,28.39842121065001,23.5499041932151,115.18735449687868,5.030707609230409,0.36429627332297204,1.8326680342201562,1.5937801212285487,ZONE_02,WHEEL_FLAT,FRONT_BOGIE_AXLE_1,1
22.28,RUN_014_WHEEL_FLAT,TRAIN001,0.05111289482604987,0.02241870364353646,1.0308253816903197,30.184116660185495,28.558211104489956,23.489337381618224,113.33975894716973,5.010097865538689,0.3459048069110927,1.7330169347848379,1.5960450565740225,ZONE_02,WHEEL_FLAT,FRONT_BOGIE_AXLE_1,1
22.29,RUN_014_WHEEL_FLAT,TRAIN001,-0.07070309770833334,0.08044990734080944,1.094907811301646,30.312479164258566,28.381753174719577,23.540721983559465,115.95214305616234,5.037736467451913,0.348581737366946,1.756062930221209,1.6032393929729158,ZONE_02,WHEEL_FLAT,FRONT_BOGIE_AXLE_1,1
22.3,RUN_014_WHEEL_FLAT,TRAIN001,-0.11088164661232193,0.011279986521177912,0.9548500868734353,30.464671461282414,28.262015534666492,23.492907865105234,113.69787103869719,4.96426553104571,0.3315110795071532,1.6457090251571145,1.5796922153842905,ZONE_02,WHEEL_FLAT,FRONT_BOGIE_AXLE_1,1
22.31,RUN_014_WHEEL_FLAT,TRAIN001,0.006809228426773265,0.01792659301433874,0.8261221374534445,30.509397746330247,28.53514381117028,23.554607678241748,116.48127559360574,5.051243136620049,0.34270210196750683,1.731071640468633,1.618844781455365,ZONE_02,WHEEL_FLAT,FRONT_BOGIE_AXLE_1,1
22.32,RUN_014_WHEEL_FLAT,TRAIN001,0.005753468358492546,-0.02719426210391914,1.0111035601007337,30.39194038936827,28.421603213025982,23.49695905407544,113.3786769429223,5.010434537494418,0.327878811812043,1.6428153228156928,1.5792443469397972,ZONE_02,WHEEL_FLAT,FRONT_BOGIE_AXLE_1,1
22.330000000000002,RUN_014_WHEEL_FLAT,TRAIN001,0.04054772274905097,0.04424731841223361,0.9175001419842126,30.509953387344662,28.37710763152435,23.538690063252364,115.65168620638308,4.97866221050591,0.31624142555649626,1.574459234814646,1.6112741022551529,ZONE_02,WHEEL_FLAT,FRONT_BOGIE_AXLE_1,1
22.34,RUN_014_WHEEL_FLAT,TRAIN001,0.057097287424591275,-0.032207552843964975,1.0597591780696858,30.486439948106575,28.302828939272935,23.52848368163948,116.82909902869984,4.973916840122891,0.32464633483916044,1.614763871940675,1.5520687692231256,ZONE_02,WHEEL_FLAT,FRONT_BOGIE_AXLE_1,1
22.35,RUN_014_WHEEL_FLAT,TRAIN001,0.029329051561605778,-0.12176351331953235,0.9147517267831138,30.674758687119212,28.255416101171456,23.564398344569188,113.02691023989249,4.984293693382547,0.30672554820927594,1.5288102155387984,1.5850697030499814,ZONE_02,WHEEL_FLAT,FRONT_BOGIE_AXLE_1,1
22.36,RUN_014_WHEEL_FLAT,TRAIN001,-0.10828126589103743,0.05758837385907971,1.2342689834603973,30.54589684773683,28.527664889965028,23.55782930809888,113.22407440185422,4.946948517778659,0.3059280467341389,1.513410297338369,1.589141454714404,ZONE_02,WHEEL_FLAT,FRONT_BOGIE_AXLE_1,1
22.37,RUN_014_WHEEL_FLAT,TRAIN001,0.03137866050561673,0.024820056856886864,1.2281990099170712,30.631908885088578,28.44411412732582,23.500628843831336,115.51844233383436,5.014993783127999,0.2783175498160337,1.3957607820628262,1.5792071918100188,ZONE_02,WHEEL_FLAT,FRONT_BOGIE_AXLE_1,1
22.38,RUN_014_WHEEL_FLAT,TRAIN001,0.03430881607319648,0.016890450143234037,1.065201259316089,30.580431159292203,28.360953072100926,23.519985971607476,112.94852029767945,4.983012828425542,0.2858541381338365,1.424414837379434,1.5999172150263492,ZONE_02,WHEEL_FLAT,FRONT_BOGIE_AXLE_1,1
22.39,RUN_014_WHEEL_FLAT,TRAIN001,0.032755162770305074,-0.05945487821475505,0.9363462741027706,30.405641565438454,28.493118665697086,23.545456213531146,116.57113843713174,4.993279605328727,0.34451707362070416,1.7202700773977977,1.5937746602022407,ZONE_02,WHEEL_FLAT,FRONT_BOGIE_AXLE_1,1
22.400000000000002,RUN_014_WHEEL_FLAT,TRAIN001,0.04557437434711804,0.045555836085454424,1.004395253591567,30.35813792856527,28.511933644232673,23.506069879699556,114.66593441154266,5.020020958236796,0.3128940908111555,1.570734893580448,1.626281033708484,ZONE_02,WHEEL_FLAT,FRONT_BOGIE_AXLE_1,1
22.41,RUN_014_WHEEL_FLAT,TRAIN001,0.03453343029810704,0.02206392493348421,0.9735037819201178,30.432955224194213,28.438106606491953,23.43285050778864,114.6930977662571,4.991302098538912,0.3561868275236032,1.7778360596904783,1.6255449332504055,ZONE_02,WHEEL_FLAT,FRONT_BOGIE_AXLE_1,1
22.42,RUN_014_WHEEL_FLAT,TRAIN001,-0.035536372339385086,-0.07000574193815558,1.057824156672954,30.33546798046448,28.44712869626229,23.43352199993329,114.24663126753825,5.024266696417417,0.3222868939498595,1.619255307964091,1.607466248490318,ZONE_02,WHEEL_FLAT,FRONT_BOGIE_AXLE_1,1
22.43,RUN_014_WHEEL_FLAT,TRAIN001,-0.030416994367859666,0.04817696861301665,1.0222657682096112,30.57841530104947,28.392832403893912,23.509763622638683,114.07907778038908,5.0002635593294595,0.33123927194755204,1.6562836609381653,1.6155184068765467,ZONE_02,WHEEL_FLAT,FRONT_BOGIE_AXLE_1,1
22.44,RUN_014_WHEEL_FLAT,TRAIN001,0.006801331748580215,0.016784132760148934,1.0654299812637753,30.544410979335545,28.192953629712,23.492835986313032,112.95018690638466,5.011337394606697,0.3259292591267281,1.6333414842582286,1.5790642334634033,ZONE_02,WHEEL_FLAT,FRONT_BOGIE_AXLE_1,1
22.45,RUN_014_WHEEL_FLAT,TRAIN001,-0.0283859576518392,-0.01404552131131049,1.0701397190443487,30.652524128237843,28.566896437650552,23.490430419072197,115.85378695494606,4.98206825058553,0.3018309854451131,1.5037425696290412,1.6278690477881916,ZONE_02,WHEEL_FLAT,FRONT_BOGIE_AXLE_1,1
22.46,RUN_014_WHEEL_FLAT,TRAIN001,-0.22171366681219445,0.152262717568065,1.8250091366872074,30.51044014381332,28.56970792827518,23.443690168904983,113.8542197641905,5.026521781954999,0.3211893262608115,1.6144651445814198,1.739155313297797,ZONE_02,WHEEL_FLAT,FRONT_BOGIE_AXLE_1,1
22.47,RUN_014_WHEEL_FLAT,TRAIN001,-0.10540750263555929,0.1310552832221337,1.0913030921266453,30.53543349773484,28.51412910915247,23.517185063873697,116.65152430205207,4.996417800381307,0.3335446989873483,1.666528671243212,1.6996323533523934,ZONE_02,WHEEL_FLAT,FRONT_BOGIE_AXLE_1,1
22.48,RUN_014_WHEEL_FLAT,TRAIN001,0.017861685240697832,0.05637790784535495,0.9295630928344913,30.308941668414494,28.49490501470392,23.528369254873976,114.82121906478484,4.980429736495455,0.32131364805059687,1.6002800474930274,1.5478717930645458,ZONE_02,WHEEL_FLAT,FRONT_BOGIE_AXLE_1,1
22.490000000000002,RUN_014_WHEEL_FLAT,TRAIN001,0.027582733743142896,-0.0167625187530942,0.9713804986555153,30.32448992998885,28.469238883183962,23.508365435500558,116.89288196841775,4.985721812021087,0.31642783577007544,1.5776211627294914,1.6754973320986584,ZONE_02,WHEEL_FLAT,FRONT_BOGIE_AXLE_1,1
22.5,RUN_014_WHEEL_FLAT,TRAIN001,-0.011002404457258409,0.05120673813534287,0.8711933845098666,30.437317528075752,28.429873174872867,23.507516512800986,114.95715158971578,5.031052922120373,0.2784866678776519,1.4010811641974263,1.6058507748223907,ZONE_02,WHEEL_FLAT,FRONT_BOGIE_AXLE_1,1
22.51,RUN_014_WHEEL_FLAT,TRAIN001,-0.005235473440527427,-0.02396454601176641,1.0375577339865005,30.439465234739103,28.45147278348116,23.521779249540078,114.63471187917254,4.986684773695414,0.30688423750517957,1.530334954454206,1.568935982907248,ZONE_02,WHEEL_FLAT,FRONT_BOGIE_AXLE_1,1
22.52,RUN_014_WHEEL_FLAT,TRAIN001,-0.06855775530706357,0.123093664597596,0.9662165696836134,30.473076058746916,28.26004183048681,23.458842277649556,115.51032446251259,4.964007921257233,0.3345452509492326,1.6606852757309793,1.5787950337726246,ZONE_02,WHEEL_FLAT,FRONT_BOGIE_AXLE_1,1
22.53,RUN_014_WHEEL_FLAT,TRAIN001,-0.011635214869916163,-0.04259136506888328,0.8659931146497342,30.699210972371386,28.678952915011365,23.55285875205907,114.76836138245642,4.973435332458017,0.34982510629177793,1.7398325438124096,1.5892044600929973,ZONE_02,WHEEL_FLAT,FRONT_BOGIE_AXLE_1,1
22.54,RUN_014_WHEEL_FLAT,TRAIN001,-0.023968564672578657,-0.004506067271095597,1.0049968092971238,30.634808435801297,28.524535954883465,23.54505410277272,115.5287198082962,5.023968236512392,0.3331974731693008,1.6739735216887572,1.6456800667182716,ZONE_02,WHEEL_FLAT,FRONT_BOGIE_AXLE_1,1
22.55,RUN_014_WHEEL_FLAT,TRAIN001,0.13180533990641877,-0.002412469977174793,1.0250426817692593,30.657962567705724,28.486653345721212,23.54263809655049,115.32393125589986,5.024583631196046,0.32972269040252933,1.6567192330304705,1.578577540584614,ZONE_02,WHEEL_FLAT,FRONT_BOGIE_AXLE_1,1
22.56,RUN_014_WHEEL_FLAT,TRAIN001,0.13600148385375677,-0.009589105220665547,0.9640255818653884,30.539640098431924,28.509942765337545,23.50983832565513,118.32450180888276,5.041351119299907,0.30668556815079706,1.5461096322701489,1.589367016410214,ZONE_02,WHEEL_FLAT,FRONT_BOGIE_AXLE_1,1
22.57,RUN_014_WHEEL_FLAT,TRAIN001,0.01855252016904085,0.03213111429347135,0.9077366273985887,30.486908890980555,28.583002726714838,23.4737126544345,114.83930876934052,4.99033940229752,0.32080392636236915,1.600920474137883,1.6107097127927226,ZONE_02,WHEEL_FLAT,FRONT_BOGIE_AXLE_1,1
22.580000000000002,RUN_014_WHEEL_FLAT,TRAIN001,-0.011067452407000465,-0.004044611905384716,0.9126618917493072,30.45904762601685,28.69829205237396,23.53347126214192,114.97048733323535,5.049334823039388,0.3494330790341875,1.7644046142891976,1.551343767462258,ZONE_02,WHEEL_FLAT,FRONT_BOGIE_AXLE_1,1
22.59,RUN_014_WHEEL_FLAT,TRAIN001,-0.023723882253472196,-0.016170996727638852,0.8984802233779322,30.548065117072284,28.437934919796643,23.54577917423586,113.34546797968397,5.042762376719175,0.3380953339207155,1.7049344296396902,1.637287220687984,ZONE_02,WHEEL_FLAT,FRONT_BOGIE_AXLE_1,1
22.6,RUN_014_WHEEL_FLAT,TRAIN001,-0.038399626880235196,0.07040046043226188,0.8633545810004106,30.494448546712885,28.574554153025677,23.56082436039031,115.9240086780501,4.977222837944379,0.3729449523541937,1.8562301341533713,1.6113643645870435,ZONE_02,WHEEL_FLAT,FRONT_BOGIE_AXLE_1,1
22.61,RUN_014_WHEEL_FLAT,TRAIN001,-0.054137716224497874,-0.02919606274566806,0.8996333829039851,30.43825705081383,28.542780111922898,23.54876761275961,115.65625105306746,4.997886007490124,0.32290474747294384,1.6138411191471582,1.6145068406882261,ZONE_02,WHEEL_FLAT,FRONT_BOGIE_AXLE_1,1
22.62,RUN_014_WHEEL_FLAT,TRAIN001,-0.009930204899732157,-0.0352268350699696,1.0347330476413024,30.413786525459656,28.33747225370514,23.486843931646245,115.37331948973235,5.018467020123897,0.32758891144736635,1.6439941482568956,1.610862523903368,ZONE_02,WHEEL_FLAT,FRONT_BOGIE_AXLE_1,1
22.63,RUN_014_WHEEL_FLAT,TRAIN001,-0.05631897564814105,0.021540131908078953,1.1842344877419124,30.488116340617914,28.44044012037982,23.45244114726108,114.52840092294447,5.0100211122763065,0.3688091258069225,1.84774150669285,1.610119457969233,ZONE_02,WHEEL_FLAT,FRONT_BOGIE_AXLE_1,1
22.64,RUN_014_WHEEL_FLAT,TRAIN001,0.09174484019368806,0.012168334305011965,0.840996674077105,30.53513946079338,28.453980467579242,23.536103262149016,114.78366266700554,5.024838571383589,0.30756493902508925,1.5454641688185102,1.5915229223346605,ZONE_02,WHEEL_FLAT,FRONT_BOGIE_AXLE_1,1
22.650000000000002,RUN_014_WHEEL_FLAT,TRAIN001,0.12193442959811861,0.005227810520105982,0.9092918809095832,30.66321522183252,28.469091237055846,23.51412013120379,115.63606740014377,4.966947635162623,0.3613394329419243,1.7947540419418941,1.5826640951096573,ZONE_02,WHEEL_FLAT,FRONT_BOGIE_AXLE_1,1
22.66,RUN_014_WHEEL_FLAT,TRAIN001,0.026937298493412788,0.15442759332503925,0.9605328277822316,30.388955420419645,28.546991114168915,23.47358000676212,116.42340797795895,4.998712439279861,0.327405624262298,1.6366065666901373,1.6459926076398668,ZONE_02,WHEEL_FLAT,FRONT_BOGIE_AXLE_1,1
22.67,RUN_014_WHEEL_FLAT,TRAIN001,0.09788613071252479,-0.012188657645663663,0.9314628229836138,30.599943301893106,28.40135495139578,23.506504001134623,114.31199767357091,4.998435950571127,0.32769449865003875,1.6379599628567354,1.5974462657022441,ZONE_02,WHEEL_FLAT,FRONT_BOGIE_AXLE_1,1
22.68,RUN_014_WHEEL_FLAT,TRAIN001,-0.10169656528572188,-0.03873784927394549,0.9405872116055063,30.43767213778696,28.51297298974505,23.503128341540723,113.52586599152202,5.021951525967182,0.3363870165088595,1.6893192908722148,1.569164506949888,ZONE_02,WHEEL_FLAT,FRONT_BOGIE_AXLE_1,1
22.69,RUN_014_WHEEL_FLAT,TRAIN001,0.09741604014387409,0.003064903276723075,0.964992028752193,30.553883247246898,28.453110663468813,23.45884909227131,114.17041703342896,4.980496764981301,0.356536934740561,1.7757310500717132,1.6398776026535826,ZONE_02,WHEEL_FLAT,FRONT_BOGIE_AXLE_1,1
22.7,RUN_014_WHEEL_FLAT,TRAIN001,-0.09053204344176606,0.07815492393205169,1.1732497013334535,30.460646052028746,28.533549312176355,23.546630398499214,116.23409150096302,4.97822888104731,0.35509349154023506,1.767736675057527,1.5807040820765885,ZONE_02,WHEEL_FLAT,FRONT_BOGIE_AXLE_1,1
22.71,RUN_014_WHEEL_FLAT,TRAIN001,0.04359455361848697,-0.03486111060489366,1.1368954427422013,30.632105834591584,28.40746497282241,23.463174668692297,114.74487255798876,5.001497328430182,0.3095647070995879,1.5482870555348607,1.5909768405592464,ZONE_02,WHEEL_FLAT,FRONT_BOGIE_AXLE_1,1
22.72,RUN_014_WHEEL_FLAT,TRAIN001,-0.04046024930479938,-0.005744595114574616,1.1217282828398196,30.358207093847994,28.536620024490656,23.45453473781169,113.96447084521677,5.0177858585308455,0.30782708525925007,1.544610395286634,1.5929822370428535,ZONE_02,WHEEL_FLAT,FRONT_BOGIE_AXLE_1,1
22.73,RUN_014_WHEEL_FLAT,TRAIN001,-0.04900033910044779,0.08585995471228167,1.0296739213283215,30.352320801661502,28.345063201858917,23.462920175156967,114.37080746211589,4.981475749332473,0.3498111981375117,1.7425760003669513,1.553102067549943,ZONE_02,WHEEL_FLAT,FRONT_BOGIE_AXLE_1,1
22.740000000000002,RUN_014_WHEEL_FLAT,TRAIN001,-0.09131516831760982,-0.04907540470620118,1.069686544399595,30.55086752728114,28.43803379791706,23.522815283847816,115.63086862748925,4.9756332935552585,0.33874321644808175,1.6854620257250708,1.5737447427170246,ZONE_02,WHEEL_FLAT,FRONT_BOGIE_AXLE_1,1
22.75,RUN_014_WHEEL_FLAT,TRAIN001,-0.033762071760938844,-0.045189394934551035,0.9817312607714492,30.42304611390735,28.447296717612446,23.48600328911607,113.4015613619868,4.973635741429093,0.3156396900624444,1.569876843908175,1.5973009265872757,ZONE_02,WHEEL_FLAT,FRONT_BOGIE_AXLE_1,1
22.76,RUN_014_WHEEL_FLAT,TRAIN001,-0.09312531608275504,-0.07698291614495911,1.0868192762106201,30.54693412399132,28.467858979969716,23.502619358653916,116.00217997202185,4.987957245680947,0.3122602936489369,1.5575409942446752,1.6097667432425442,ZONE_02,WHEEL_FLAT,FRONT_BOGIE_AXLE_1,1
22.77,RUN_014_WHEEL_FLAT,TRAIN001,0.17812845002893976,0.030936851136410076,1.080908037743632,30.565790275822327,28.43693775600582,23.548461768439086,113.61044482724853,4.9896141082477605,0.28771830313706237,1.4356033045337924,1.6116887283641106,ZONE_02,WHEEL_FLAT,FRONT_BOGIE_AXLE_1,1
22.78,RUN_014_WHEEL_FLAT,TRAIN001,0.05752651838186264,0.037635230528577784,0.7687013901029311,30.78049723258165,28.30015499039721,23.45534379514998,114.32402358733329,4.984134449326671,0.30621047725936423,1.5261941884531585,1.645883925744292,ZONE_02,WHEEL_FLAT,FRONT_BOGIE_AXLE_1,1
22.79,RUN_014_WHEEL_FLAT,TRAIN001,-0.14324801504696555,-0.11020227076013177,1.0881630623944776,30.309568394521555,28.525517526261577,23.514263019495637,113.6072605185344,5.024671529642994,0.3323218983846306,1.6698083814901654,1.5983857456413968,ZONE_02,WHEEL_FLAT,FRONT_BOGIE_AXLE_1,1
22.8,RUN_014_WHEEL_FLAT,TRAIN001,0.02582643000881065,-0.06027930680482308,1.1244413989293824,30.479118325579595,28.519172561783115,23.45955364871331,114.81774258588302,5.051925195633657,0.2970407062308487,1.50062742793644,1.573871752901158,ZONE_02,WHEEL_FLAT,FRONT_BOGIE_AXLE_1,1
22.81,RUN_014_WHEEL_FLAT,TRAIN001,-0.07224745275840691,0.02616275758146075,1.0411357021359866,30.48838849626173,28.5684885044638,23.527394758047663,114.92370509966942,4.96535681872788,0.31168027418987376,1.5476037747116649,1.631862679302568,ZONE_02,WHEEL_FLAT,FRONT_BOGIE_AXLE_1,1
22.82,RUN_014_WHEEL_FLAT,TRAIN001,0.03864331321952546,-0.12052702391159453,0.963653310922149,30.554957207041515,28.61742452135528,23.5304995393935,115.63261867031945,4.995755447908104,0.3321873105204239,1.6595265662583487,1.601000789557812,ZONE_02,WHEEL_FLAT,FRONT_BOGIE_AXLE_1,1
22.830000000000002,RUN_014_WHEEL_FLAT,TRAIN001,0.0016497416621107286,-0.04779340338373346,1.2749561367924493,30.610374376945376,28.371486130260436,23.470764308427384,114.5758791728736,5.021393866522385,0.34848372688753587,1.7498740487759346,1.5910057708348766,ZONE_02,WHEEL_FLAT,FRONT_BOGIE_AXLE_1,1
22.84,RUN_014_WHEEL_FLAT,TRAIN001,0.03516071351553902,0.04667282435119333,1.1322814795563614,30.599733401034257,28.634494649263175,23.4757096312813,113.62901743078673,5.035468909254934,0.3778954413569257,1.9028807459019708,1.5870322361150466,ZONE_02,WHEEL_FLAT,FRONT_BOGIE_AXLE_1,1
22.85,RUN_014_WHEEL_FLAT,TRAIN001,-0.08015375152147271,0.008825688804323325,0.8342974705292449,30.622641052370113,28.453873051182576,23.50640073466216,113.54899788199043,4.977968399502542,0.30723489968124745,1.5294056218375833,1.6099036937853852,ZONE_02,WHEEL_FLAT,FRONT_BOGIE_AXLE_1,1
22.86,RUN_014_WHEEL_FLAT,TRAIN001,0.032769899617837994,0.013665322547959689,0.9890283961802597,30.61684286239587,28.618096756261558,23.44025594946709,116.82609256181969,4.960055606134418,0.3122747817699034,1.5489002819722113,1.5787533189411143,ZONE_02,WHEEL_FLAT,FRONT_BOGIE_AXLE_1,1
22.87,RUN_014_WHEEL_FLAT,TRAIN001,-0.008256766335088412,-0.042665947218881346,0.8729971965261994,30.592185915778398,28.59229007064652,23.495658869220907,115.38324010803032,5.014913846619775,0.34732873043689616,1.741823659596858,1.613643735485812,ZONE_02,WHEEL_FLAT,FRONT_BOGIE_AXLE_1,1
22.88,RUN_014_WHEEL_FLAT,TRAIN001,-0.01069451666968234,0.051023798589308944,1.0526773374994056,30.759009822270126,28.638847005495812,23.467411407795755,115.33509514126477,4.958687042071601,0.3292365267414344,1.6325808989294108,1.5668924773564803,ZONE_02,WHEEL_FLAT,FRONT_BOGIE_AXLE_1,1
22.89,RUN_014_WHEEL_FLAT,TRAIN001,0.09460553368471117,0.05069557374916351,0.8464835519837027,30.336011007261185,28.548663929511306,23.495154624659772,114.48853054811825,5.033570403368356,0.3301058938113838,1.6616112570664385,1.5870088982091863,ZONE_02,WHEEL_FLAT,FRONT_BOGIE_AXLE_1,1
22.900000000000002,RUN_014_WHEEL_FLAT,TRAIN001,-0.019962514610634023,-0.07281907201553657,1.1106130075753584,30.66831355859891,28.63831527796492,23.432991318565694,114.4607404254345,4.974171712123271,0.3062039567202663,1.523111059658167,1.6049283530159204,ZONE_02,WHEEL_FLAT,FRONT_BOGIE_AXLE_1,1
22.91,RUN_014_WHEEL_FLAT,TRAIN001,-0.010399890034871982,0.017730215304337618,0.8604031049043,30.340518283188274,28.78479007036326,23.611850859959524,114.12248400346516,5.000233811747446,0.3369846764958403,1.6850021734552754,1.6793343899363373,ZONE_02,WHEEL_FLAT,FRONT_BOGIE_AXLE_1,1
22.92,RUN_014_WHEEL_FLAT,TRAIN001,-0.012423991947380943,-0.010825388056294386,1.0000290872273474,30.345858505266666,28.434953188689615,23.420679884024963,114.91582604684918,4.969575487586125,0.332258110552677,1.6511817617542646,1.5971438109108869,ZONE_02,WHEEL_FLAT,FRONT_BOGIE_AXLE_1,1
22.93,RUN_014_WHEEL_FLAT,TRAIN001,0.039607679363527624,0.06464354952007999,1.1195168669024835,30.87910214838099,28.45667789150527,23.492077044643757,116.1321820898984,5.016718922458076,0.29094398432892105,1.4595841915582441,1.6079763528612088,ZONE_02,WHEEL_FLAT,FRONT_BOGIE_AXLE_1,1
22.94,RUN_014_WHEEL_FLAT,TRAIN001,-0.10825366868506772,0.04797029470565674,0.903671922409239,30.53713178390846,28.63230351346291,23.537707390522492,114.2097394069093,4.948139455902017,0.3095638869982112,1.5317652833782422,1.598580540431707,ZONE_02,WHEEL_FLAT,FRONT_BOGIE_AXLE_1,1
22.95,RUN_014_WHEEL_FLAT,TRAIN001,-0.0853634189306193,0.023520097794231944,1.0638592323061138,30.577964379344706,28.335170089025485,23.564618904730374,114.16586274460195,4.9835584204659575,0.29794242016720596,1.4848134568382856,1.5877436677260803,ZONE_02,WHEEL_FLAT,FRONT_BOGIE_AXLE_1,1
22.96,RUN_014_WHEEL_FLAT,TRAIN001,-0.14335579126509176,-0.02271509980788337,0.8151894499234515,30.42810193845792,28.39038731924257,23.399600666109112,114.07316426338994,4.982574996841239,0.33554750951720835,1.6718906311727901,1.6110952005519483,ZONE_02,WHEEL_FLAT,FRONT_BOGIE_AXLE_1,1
22.97,RUN_014_WHEEL_FLAT,TRAIN001,-0.040488376723316885,0.026496719579347863,1.0215091030897347,30.590413626102197,28.352059518398846,23.495374495016755,117.00153211111156,5.019696999587995,0.3051172255907956,1.5315960218207303,1.5725792433359693,ZONE_02,WHEEL_FLAT,FRONT_BOGIE_AXLE_1,1
22.98,RUN_014_WHEEL_FLAT,TRAIN001,-0.29075041696124043,0.21350462488494978,1.7136635870222885,30.578241490716835,28.478057018617832,23.50045673610296,116.05001587398351,4.994557152442686,0.32807075540078035,1.6385681378942425,1.6963889966222274,ZONE_02,WHEEL_FLAT,FRONT_BOGIE_AXLE_1,1
22.990000000000002,RUN_014_WHEEL_FLAT,TRAIN001,-0.059622472058451455,-0.04383193089910757,1.1080245415462295,30.38906990638687,28.573484976715143,23.55338489402196,113.73771570190515,5.023426826254077,0.36763142904277923,1.8467695828276196,1.6378957121183204,ZONE_02,WHEEL_FLAT,FRONT_BOGIE_AXLE_1,1
23.0,RUN_014_WHEEL_FLAT,TRAIN001,0.01437210061976552,0.018465875526908555,0.947763296462619,30.613179089151416,28.613244691749347,23.494124581154544,114.3493363799256,5.01631121326503,0.3170131780609983,1.5902367598601694,1.6063740217993112,ZONE_02,WHEEL_FLAT,FRONT_BOGIE_AXLE_1,1
23.01,RUN_014_WHEEL_FLAT,TRAIN001,0.15237891462584385,0.008050259322443151,1.1965755348520681,30.45059290194119,28.634696299565718,23.48121261091518,113.07319104557445,5.029633600739802,0.3155587211964322,1.5871447471360587,1.6078184247009917,ZONE_02,WHEEL_FLAT,FRONT_BOGIE_AXLE_1,1
23.02,RUN_014_WHEEL_FLAT,TRAIN001,-0.023225344980606365,0.03873366867549563,1.035540686623949,30.453123574939486,28.39277710456132,23.42275682162826,116.01331472126948,5.034718712534289,0.3270831340193956,1.6467715754018117,1.5854649634245725,ZONE_02,WHEEL_FLAT,FRONT_BOGIE_AXLE_1,1
23.03,RUN_014_WHEEL_FLAT,TRAIN001,-0.08830055507576968,0.05395855612292067,1.0229167420967868,30.580301992074208,28.5664002052555,23.416233601119753,116.80891042515172,5.003611527822155,0.35474674807824125,1.7750149181417099,1.5839437189730456,ZONE_02,WHEEL_FLAT,FRONT_BOGIE_AXLE_1,1
23.04,RUN_014_WHEEL_FLAT,TRAIN001,-0.09005836713641918,-0.012221786901699283,0.9167146845988391,30.52947640071375,28.653561502885278,23.506176022305276,116.74400134971353,5.006789455439154,0.31285984625091845,1.5664233792394135,1.5955492438969467,ZONE_02,WHEEL_FLAT,FRONT_BOGIE_AXLE_1,1
23.05,RUN_014_WHEEL_FLAT,TRAIN001,0.049175506585397474,0.029876029072044983,1.0281623675028204,30.446818307996324,28.612890156748264,23.509539719328778,115.25158407588063,4.988916753360457,0.3231794843717794,1.6123155439247643,1.6215894886824704,ZONE_02,WHEEL_FLAT,FRONT_BOGIE_AXLE_1,1
23.06,RUN_014_WHEEL_FLAT,TRAIN001,-0.0010409139299915459,0.14870440220732806,0.9776109590493346,30.697182331752593,28.574396963935577,23.437315139790698,115.96566839608064,4.952459904499154,0.3632700675051881,1.799080443824145,1.5655385441827538,ZONE_02,WHEEL_FLAT,FRONT_BOGIE_AXLE_1,1
23.07,RUN_014_WHEEL_FLAT,TRAIN001,-0.0017290265634596121,0.00987168115767113,1.0327574737497667,30.21609730459361,28.365951055888555,23.52420534693728,116.6768593378728,5.031888989887823,0.29497987077762033,1.4843059640044405,1.629484764936849,ZONE_02,WHEEL_FLAT,FRONT_BOGIE_AXLE_1,1
23.080000000000002,RUN_014_WHEEL_FLAT,TRAIN001,0.004703485155110503,-0.03582227257002459,0.9150950600898701,30.616776397947532,28.656884357889997,23.507687942383328,114.21602070731198,5.054460101114453,0.3399536568862161,1.718282194959332,1.6152756834492523,ZONE_02,WHEEL_FLAT,FRONT_BOGIE_AXLE_1,1
23.09,RUN_014_WHEEL_FLAT,TRAIN001,0.05878709615310804,-0.03305795932118896,1.002461970230151,30.473079554042307,28.55817464646023,23.515848589223893,113.39427979987181,5.014681423244835,0.3384402404984882,1.697169986906283,1.5903367186941137,ZONE_02,WHEEL_FLAT,FRONT_BOGIE_AXLE_1,1
23.1,RUN_014_WHEEL_FLAT,TRAIN001,-0.10586893274433756,-0.003331411222063717,0.7896343581973966,30.39333563005231,28.57892228985606,23.483030260293262,114.84256291905142,5.047139575468954,0.31474468169644765,1.5885603391585197,1.555446119116478,ZONE_02,WHEEL_FLAT,FRONT_BOGIE_AXLE_1,1
23.11,RUN_014_WHEEL_FLAT,TRAIN001,-0.01058788544174497,0.046002525459446705,1.0178690779927344,30.512063008431188,28.45686621495109,23.502921260599813,116.16902595021347,5.013583910958036,0.3376377077927474,1.692774979522469,1.6196014574889126,ZONE_02,WHEEL_FLAT,FRONT_BOGIE_AXLE_1,1
23.12,RUN_014_WHEEL_FLAT,TRAIN001,0.0024641911373906753,-0.03857554247764377,0.9302398097587447,30.4630391458331,28.50049501462354,23.47429163286861,115.23161661446221,4.997825839008142,0.3070396223560245,1.534530558210241,1.5741422243092484,ZONE_02,WHEEL_FLAT,FRONT_BOGIE_AXLE_1,1
23.13,RUN_014_WHEEL_FLAT,TRAIN001,-0.07495184779559734,-0.024229680042534327,1.08458000695884,30.511187216094093,28.524627729063088,23.560420177778443,113.81938148055661,4.992265761546411,0.29457665685801976,1.470604958183098,1.6163050979595128,ZONE_02,WHEEL_FLAT,FRONT_BOGIE_AXLE_1,1
23.14,RUN_014_WHEEL_FLAT,TRAIN001,0.009217333221746988,0.038256627016092976,0.9033500064996377,30.577708320453024,28.496361937948482,23.527129126749482,116.54365764341134,4.981121612419595,0.3023506881702787,1.5060455473749128,1.581685016295504,ZONE_02,WHEEL_FLAT,FRONT_BOGIE_AXLE_1,1
23.150000000000002,RUN_014_WHEEL_FLAT,TRAIN001,-0.10552884094912819,0.019711961670973936,1.0120119142916182,30.491177636723908,28.542306778928623,23.479725690687165,114.61691795603599,5.021946376472647,0.313377332706283,1.5737641604529808,1.6334584510282661,ZONE_02,WHEEL_FLAT,FRONT_BOGIE_AXLE_1,1
23.16,RUN_014_WHEEL_FLAT,TRAIN001,-0.0021746175552148925,0.08753244729525968,1.0692486799420657,30.523811312021593,28.647812121821264,23.4839647885437,113.38672244547308,4.9860583687080045,0.2929576157564221,1.4607037717190523,1.621222786960909,ZONE_02,WHEEL_FLAT,FRONT_BOGIE_AXLE_1,1
23.17,RUN_014_WHEEL_FLAT,TRAIN001,0.03598344757007821,0.045582377984781985,0.9894787481184332,30.617782638054344,28.61919431085362,23.494700551019758,115.74393348677577,4.962560116816954,0.3387815302863781,1.681223710513395,1.6488433056469831,ZONE_02,WHEEL_FLAT,FRONT_BOGIE_AXLE_1,1
23.18,RUN_014_WHEEL_FLAT,TRAIN001,-0.09528101391300982,0.012264864972431164,1.0753777747893563,30.480183276311752,28.554641606008907,23.4758478278939,113.43407728727722,5.0334100729964435,0.28465795150546325,1.4328002004661318,1.5655935052208563,ZONE_02,WHEEL_FLAT,FRONT_BOGIE_AXLE_1,1
23.19,RUN_014_WHEEL_FLAT,TRAIN001,-0.017400625339037433,-0.022110506379716056,0.9345004025082118,30.766266682413654,28.606366014423454,23.502341343818035,114.5010972964264,4.987787946341856,0.3352162113736844,1.671987378508047,1.620929352672969,ZONE_02,WHEEL_FLAT,FRONT_BOGIE_AXLE_1,1
23.2,RUN_014_WHEEL_FLAT,TRAIN001,-0.036152889972613365,-0.012411376121699605,0.9650846082786508,30.70044784818823,28.659140377902524,23.548616833282125,115.35306864676679,5.022910635238845,0.29558175821153904,1.4846807569033362,1.5809390612478886,ZONE_02,WHEEL_FLAT,FRONT_BOGIE_AXLE_1,1
23.21,RUN_014_WHEEL_FLAT,TRAIN001,0.03651876459584763,-0.057283008703713625,1.019837314755869,30.614099022465435,28.633663270588226,23.473551165222688,114.76085186625971,5.005085918137541,0.3566076571222926,1.7848519629628072,1.5707851179782355,ZONE_02,WHEEL_FLAT,FRONT_BOGIE_AXLE_1,1
23.22,RUN_014_WHEEL_FLAT,TRAIN001,-0.022960750846737026,0.03405549252646751,1.2063866146337048,30.72672225883583,28.564421552153366,23.562640362787903,113.56193875752933,5.01692016198955,0.29895895601179134,1.4998532140229028,1.6480403619785287,ZONE_02,WHEEL_FLAT,FRONT_BOGIE_AXLE_1,1
23.23,RUN_014_WHEEL_FLAT,TRAIN001,-0.01506423972700018,0.01950258060010568,0.9275140619589494,30.688972025366564,28.455647052953186,23.519526216946524,114.31732835578161,5.03109598368005,0.3294453716677202,1.6574712862394485,1.5441043759098858,ZONE_02,WHEEL_FLAT,FRONT_BOGIE_AXLE_1,1
23.240000000000002,RUN_014_WHEEL_FLAT,TRAIN001,-0.005613291461603798,0.015663816557727306,0.9981753771460214,30.862103527281924,28.66109895114281,23.50307513889191,114.79683146839506,4.950765112883448,0.3293074610509317,1.6303238895831778,1.5834402858103611,ZONE_02,WHEEL_FLAT,FRONT_BOGIE_AXLE_1,1
23.25,RUN_014_WHEEL_FLAT,TRAIN001,-0.05024618218086809,0.009382106899533992,0.9449960106958986,30.523215579872588,28.62591694891127,23.449245052324603,114.9619620621269,5.004770285902978,0.2998773356546377,1.5008171789000846,1.5395132395286653,ZONE_02,WHEEL_FLAT,FRONT_BOGIE_AXLE_1,1
23.26,RUN_014_WHEEL_FLAT,TRAIN001,-0.1827184633440608,-0.017426512416375235,0.9841350537582905,30.610250779599536,28.393332516804595,23.407813437586235,114.91619315339678,4.935253565877935,0.32250683827818416,1.5916530236324269,1.6373535315141998,ZONE_02,WHEEL_FLAT,FRONT_BOGIE_AXLE_1,1
23.27,RUN_014_WHEEL_FLAT,TRAIN001,-0.07167641398827536,-0.17543594190967526,1.0068792453139666,30.66072828823817,28.65228580306577,23.464037831055315,112.99664953809254,4.99496442230842,0.342446032414111,1.7105057484691601,1.5606109063562037,ZONE_02,WHEEL_FLAT,FRONT_BOGIE_AXLE_1,1
23.28,RUN_014_WHEEL_FLAT,TRAIN001,0.018513047645839345,0.000633361397461299,0.9977085104340284,30.540480497802857,28.611611699259498,23.476736464118627,114.25253436390975,5.039420401765423,0.3382579675291625,1.7046241026261675,1.6295435421239093,ZONE_02,WHEEL_FLAT,FRONT_BOGIE_AXLE_1,1
23.29,RUN_014_WHEEL_FLAT,TRAIN001,0.08981558761293557,0.07517401601426779,0.8339223440539991,30.80140320796884,28.59205520034218,23.497279535221814,114.41802950963991,4.943440133141164,0.3375685710229741,1.6687500216820834,1.6108453109348435,ZONE_02,WHEEL_FLAT,FRONT_BOGIE_AXLE_1,1
23.3,RUN_014_WHEEL_FLAT,TRAIN001,0.07277060411595573,-0.041657330697805965,0.9340841281636962,30.469691523126333,28.535692134467666,23.56298386500243,113.82861633798842,4.991894208593681,0.3030446246778684,1.5127667068748971,1.498891681641537,ZONE_02,WHEEL_FLAT,FRONT_BOGIE_AXLE_1,1
23.31,RUN_014_WHEEL_FLAT,TRAIN001,0.0445705751932016,0.03853906320739034,0.98487869944394,30.62496784892081,28.61946098762332,23.439005952872233,116.65743170291869,5.000511435081166,0.34597773615973365,1.7300656259502427,1.593389138348935,ZONE_02,WHEEL_FLAT,FRONT_BOGIE_AXLE_1,1
23.32,RUN_014_WHEEL_FLAT,TRAIN001,-0.025917730502471724,0.03424834097947964,1.0710309427296647,30.530710911756774,28.714840065322136,23.59332197603227,114.72439493460051,4.9649486701104175,0.32931730721976304,1.6350435265251064,1.6508318948065068,ZONE_02,WHEEL_FLAT,FRONT_BOGIE_AXLE_1,1
23.330000000000002,RUN_014_WHEEL_FLAT,TRAIN001,0.011200238869248617,-0.06702978087810678,1.0140718154140087,30.671132983468404,28.745629520122336,23.354881627448766,114.70353411908496,5.014459917047899,0.2964049050470729,1.4863105155749357,1.5757670424320869,ZONE_02,WHEEL_FLAT,FRONT_BOGIE_AXLE_1,1
23.34,RUN_014_WHEEL_FLAT,TRAIN001,0.03559800991384954,-0.008402790718019975,1.1019767622216474,30.622638015647816,28.73434954879864,23.45619881430431,112.30023011988327,5.014616345597718,0.3011404126985559,1.510103635838221,1.5957282167611706,ZONE_02,WHEEL_FLAT,FRONT_BOGIE_AXLE_1,1
23.35,RUN_014_WHEEL_FLAT,TRAIN001,-0.04606072545129993,-0.06840607349206831,0.9145767900352615,30.83390188211735,28.53455966053417,23.552709383977184,114.78413925745453,4.9999982079027125,0.361079800612518,1.8053983559724587,1.5931028200252224,ZONE_02,WHEEL_FLAT,FRONT_BOGIE_AXLE_1,1
23.36,RUN_014_WHEEL_FLAT,TRAIN001,-0.017716235827982568,-0.04359646654646797,0.984101334269262,30.827842383772314,28.75588972676609,23.481390140218366,115.57220438242767,4.984551085883781,0.3070194096906457,1.5303539319609052,1.6061110480528116,ZONE_02,WHEEL_FLAT,FRONT_BOGIE_AXLE_1,1
23.37,RUN_014_WHEEL_FLAT,TRAIN001,0.012571445491647243,0.08679729578456177,1.0508707661064889,30.56420369172503,28.45963187159315,23.504854941331583,114.23075436155145,5.011463973304411,0.31019982703395066,1.5545552577059034,1.5993594165177294,ZONE_02,WHEEL_FLAT,FRONT_BOGIE_AXLE_1,1
23.38,RUN_014_WHEEL_FLAT,TRAIN001,-0.006961679741970861,0.08329015085291884,0.785126790591635,30.555050646491132,28.651419733704564,23.465146853749093,115.10164039597831,4.969182875588261,0.346315461891521,1.7209048627827854,1.6328278431481043,ZONE_02,WHEEL_FLAT,FRONT_BOGIE_AXLE_1,1
23.39,RUN_014_WHEEL_FLAT,TRAIN001,0.009583973340169189,0.023548750270207572,0.8247558262728731,30.646877435097952,28.635281565541813,23.590782969437683,114.62696878691641,5.04445467498475,0.32518485041248213,1.640380238897462,1.6311486764398557,ZONE_02,WHEEL_FLAT,FRONT_BOGIE_AXLE_1,1
23.400000000000002,RUN_014_WHEEL_FLAT,TRAIN001,-0.0011316428278693464,0.06873243585970945,0.8080592153798174,30.55138101195213,28.65917878031223,23.442079838049267,114.20193350137987,4.959508551235772,0.34242496551449236,1.6982595446257394,1.5865544930916131,ZONE_02,WHEEL_FLAT,FRONT_BOGIE_AXLE_1,1
23.41,RUN_014_WHEEL_FLAT,TRAIN001,0.10148519041603572,-0.07377330829619984,0.9887394291495346,30.587014530097658,28.589688747358263,23.44352222659943,113.89828162131735,4.99263777944922,0.31684486460639005,1.581891641258336,1.6292017852222829,ZONE_02,WHEEL_FLAT,FRONT_BOGIE_AXLE_1,1
23.42,RUN_014_WHEEL_FLAT,TRAIN001,0.110664682489151,-0.03995756744366285,1.11742293056744,30.637787097331078,28.573750410133957,23.535152997146294,114.41340933699477,4.975650445063928,0.35213967937672197,1.7521239524154555,1.5911259449262103,ZONE_02,WHEEL_FLAT,FRONT_BOGIE_AXLE_1,1
23.43,RUN_014_WHEEL_FLAT,TRAIN001,0.06579177557128854,-0.029090674970362457,1.0015020662645346,30.719365143322346,28.40918694963903,23.535643930135713,115.38480221195987,5.010772070855592,0.34835675307010416,1.7455362889776158,1.6393678374846743,ZONE_02,WHEEL_FLAT,FRONT_BOGIE_AXLE_1,1
23.44,RUN_014_WHEEL_FLAT,TRAIN001,0.0766487663035044,-0.06753513176324374,1.0526297503885595,30.45450316349692,28.571883870682193,23.436226197517215,117.41848555475357,5.012653970947217,0.33037919818946104,1.6560765997227596,1.5955408009725602,ZONE_02,WHEEL_FLAT,FRONT_BOGIE_AXLE_1,1
23.45,RUN_014_WHEEL_FLAT,TRAIN001,-0.013264248575612196,-0.04484123485089834,0.9719265903474525,30.67557382921142,28.57398429626574,23.510333814648742,116.51595661762538,5.048864667360267,0.34065311955806293,1.7199114991627567,1.615796882250667,ZONE_02,WHEEL_FLAT,FRONT_BOGIE_AXLE_1,1
23.46,RUN_014_WHEEL_FLAT,TRAIN001,-0.1147987881463054,-0.02627698719262829,0.9034143729306581,30.73490132964744,28.569442109886328,23.53161386434825,115.69605369338865,5.0049370235875905,0.34097879102455864,1.7065773754569495,1.5675877898632753,ZONE_02,WHEEL_FLAT,FRONT_BOGIE_AXLE_1,1
23.47,RUN_014_WHEEL_FLAT,TRAIN001,0.05910614190674137,0.00552428530975123,1.068263337161539,30.672458672008112,28.59432776956657,23.57343504280282,114.01554091527414,4.95957057716984,0.3235803026217723,1.6048193482346547,1.5824478604221077,ZONE_02,WHEEL_FLAT,FRONT_BOGIE_AXLE_1,1
23.48,RUN_014_WHEEL_FLAT,TRAIN001,0.03455913625500343,0.004668619130174492,0.8963989074342983,30.56063583862518,28.386160147631053,23.569967721447952,115.64866522168414,4.991718449689761,0.3588689793787366,1.7913729053861736,1.5876537467706888,ZONE_02,WHEEL_FLAT,FRONT_BOGIE_AXLE_1,1
23.490000000000002,RUN_014_WHEEL_FLAT,TRAIN001,-0.08444142999639939,0.00423248655396839,0.8426411559168944,30.60636439319482,28.644628184023713,23.54701002217722,113.8948593921665,4.96957485186946,0.3444600773083778,1.7118201376647244,1.6348890232286144,ZONE_02,WHEEL_FLAT,FRONT_BOGIE_AXLE_1,1
23.5,RUN_014_WHEEL_FLAT,TRAIN001,0.2608833529963683,0.15276850050236176,1.5133780725847936,30.609379241549092,28.681401092007217,23.484128169797387,115.68384147104217,4.957871067180615,0.34408522112769396,1.705930162473438,1.7379615705254383,ZONE_02,WHEEL_FLAT,FRONT_BOGIE_AXLE_1,1
23.51,RUN_014_WHEEL_FLAT,TRAIN001,0.1760279496432592,0.050804905955273594,1.3240933531265724,30.344830837877154,28.708428041501325,23.50428006359409,113.73227182538861,4.994535521226481,0.33645801634569455,1.6804515140399712,1.7596112083164719,ZONE_02,WHEEL_FLAT,FRONT_BOGIE_AXLE_1,1
23.52,RUN_014_WHEEL_FLAT,TRAIN001,0.03265463544744599,-0.06957894666300274,1.0305850198040916,30.613517553224703,28.561302340479774,23.49007041353731,114.47866101001715,5.038597110916013,0.3134565642188521,1.5793813388707678,1.5491926417456403,ZONE_02,WHEEL_FLAT,FRONT_BOGIE_AXLE_1,1
23.53,RUN_014_WHEEL_FLAT,TRAIN001,0.05984659639143438,0.00023944602733356324,1.0553936580930148,30.750077515975786,28.585417021337026,23.499803953412105,114.71450543854586,4.993606052835903,0.3365212087332778,1.6804543448381504,1.6032913412391832,ZONE_02,WHEEL_FLAT,FRONT_BOGIE_AXLE_1,1
23.54,RUN_014_WHEEL_FLAT,TRAIN001,0.04734994235880824,0.025945477573799586,1.118907375919911,30.718927503123936,28.577234392007785,23.54865896407709,113.90608840445547,4.96213927427421,0.3403049414738495,1.688640515316975,1.6072873499310707,ZONE_02,WHEEL_FLAT,FRONT_BOGIE_AXLE_1,1
23.55,RUN_014_WHEEL_FLAT,TRAIN001,0.08066489095553372,0.0084614593053487,1.028447182446643,30.824411491298147,28.743650629517745,23.4064841085745,114.72254716003741,5.012641139117994,0.3402709738571496,1.7056562820040915,1.5565293216611538,ZONE_02,WHEEL_FLAT,FRONT_BOGIE_AXLE_1,1
23.56,RUN_014_WHEEL_FLAT,TRAIN001,0.041143785524597014,-0.11733098738569127,0.8113415425944042,30.59838528182374,28.44691921145901,23.50691350858839,117.08100015034296,4.981640276873957,0.32478541177627945,1.6179640886458069,1.6546850114874874,ZONE_02,WHEEL_FLAT,FRONT_BOGIE_AXLE_1,1
23.57,RUN_014_WHEEL_FLAT,TRAIN001,0.05374434960137755,-0.06385899132927388,0.9914910897792616,30.61516610323507,28.593787649527282,23.46271870255175,113.80425585968374,4.954017487138127,0.2998390216021995,1.4854077563436827,1.5972641537152572,ZONE_02,WHEEL_FLAT,FRONT_BOGIE_AXLE_1,1
23.580000000000002,RUN_014_WHEEL_FLAT,TRAIN001,-0.09271857873463664,-0.0058923365448549595,1.1698394668916787,30.81597738253615,28.647511990097072,23.387990380605995,116.99344360635945,4.983003787523942,0.34345872329830257,1.7114561190535793,1.58709597249861,ZONE_02,WHEEL_FLAT,FRONT_BOGIE_AXLE_1,1
23.59,RUN_014_WHEEL_FLAT,TRAIN001,-0.08394937827280538,-0.07054466748303925,0.9969230401945395,30.683897348599313,28.543016948758243,23.450951677233924,115.42779471336993,5.035845162347223,0.31637165492905034,1.593198667978243,1.6140633501287949,ZONE_02,WHEEL_FLAT,FRONT_BOGIE_AXLE_1,1
23.6,RUN_014_WHEEL_FLAT,TRAIN001,-0.049117803735273614,0.03240169462037907,0.9720300011047585,30.674274999752033,28.822256069864476,23.583340453406706,116.91470967406998,4.970581295931144,0.338401665492882,1.6820529890108666,1.6223419950946516,ZONE_02,WHEEL_FLAT,FRONT_BOGIE_AXLE_1,1
23.61,RUN_014_WHEEL_FLAT,TRAIN001,0.02046948692057196,-0.0808527628899482,1.0925418347411209,30.636901267384474,28.623404633352653,23.499823863568462,117.12414869470102,5.003652914179435,0.32727343953733573,1.6375626994745172,1.5276768712078037,ZONE_02,WHEEL_FLAT,FRONT_BOGIE_AXLE_1,1
23.62,RUN_014_WHEEL_FLAT,TRAIN001,-0.04558297786505438,0.02564119314294489,1.1238471853860879,30.69312046205526,28.77309702374045,23.54175925649671,113.64745826869229,4.941582296011448,0.31820699314469214,1.5724460437908467,1.5625132727969155,ZONE_02,WHEEL_FLAT,FRONT_BOGIE_AXLE_1,1
23.63,RUN_014_WHEEL_FLAT,TRAIN001,0.06048656605235539,0.14187598432635112,1.0508282652073722,30.720277882903012,28.65061702937574,23.51865405102315,114.32493080521522,4.9626536059563815,0.33213268073527263,1.6482594457068604,1.573534918371154,ZONE_02,WHEEL_FLAT,FRONT_BOGIE_AXLE_1,1
23.64,RUN_014_WHEEL_FLAT,TRAIN001,-0.08567195906090334,-0.0012914207660898814,1.193181203904285,30.77228257868617,28.638696099965525,23.471302971730857,116.26499345753611,4.952460564096761,0.33451615111734445,1.656678046462081,1.5834982351385383,ZONE_02,WHEEL_FLAT,FRONT_BOGIE_AXLE_1,1
23.650000000000002,RUN_014_WHEEL_FLAT,TRAIN001,-0.018403081770047465,-0.05257373480265975,0.9827432855604272,30.67549972877183,28.64399585048008,23.523783374347662,116.5377362834249,5.047112692104844,0.3520976150438121,1.7770763417474695,1.569203232112046,ZONE_02,WHEEL_FLAT,FRONT_BOGIE_AXLE_1,1
23.66,RUN_014_WHEEL_FLAT,TRAIN001,-0.04266702451791741,-0.009576379759513875,0.914407473546313,30.674596460803738,28.557008965595053,23.39919696815863,114.25308068519584,4.969551215495259,0.3508721057084649,1.7436768994068828,1.5845551663419921,ZONE_02,WHEEL_FLAT,FRONT_BOGIE_AXLE_1,1
23.67,RUN_014_WHEEL_FLAT,TRAIN001,-0.08025984258312312,0.04466710566962301,0.9664941360676138,30.590192148236525,28.61178984399332,23.5380592389905,116.44925318051595,4.999858508889887,0.34560663941903,1.7279842968280763,1.5896489483345828,ZONE_02,WHEEL_FLAT,FRONT_BOGIE_AXLE_1,1
23.68,RUN_014_WHEEL_FLAT,TRAIN001,-0.08215344330437589,-0.12164148542096348,0.9649305840480324,30.67742171114903,28.64673899305982,23.526646626674758,115.06768287110258,4.975453797171541,0.3095979918972282,1.540390504381748,1.6270169468660938,ZONE_02,WHEEL_FLAT,FRONT_BOGIE_AXLE_1,1
23.69,RUN_014_WHEEL_FLAT,TRAIN001,0.024198310732425354,-0.041360394469223974,1.0682649977977345,30.67260209576047,28.74554321335835,23.500033538007226,117.47257556638,5.077465718652291,0.304529777495552,1.5462395055424751,1.562689619333233,ZONE_02,WHEEL_FLAT,FRONT_BOGIE_AXLE_1,1
23.7,RUN_014_WHEEL_FLAT,TRAIN001,0.008675156955420538,0.09067028782129782,1.006273859229224,30.613978527082157,28.503504584946917,23.582955491338094,114.36664706383986,5.044405646744726,0.32237682239199106,1.6261994632537813,1.5639450268230317,ZONE_02,WHEEL_FLAT,FRONT_BOGIE_AXLE_1,1
23.71,RUN_014_WHEEL_FLAT,TRAIN001,-0.1152523031340251,0.040566982407890896,0.9919301110434595,30.69008372465476,28.68015402148307,23.45132140722082,114.21693604689622,4.999341537825501,0.34224293579297593,1.7109893249371704,1.6050673496541161,ZONE_02,WHEEL_FLAT,FRONT_BOGIE_AXLE_1,1
23.72,RUN_014_WHEEL_FLAT,TRAIN001,0.019398086586144725,-0.027623975560317898,0.9236736639248115,30.64110660587566,29.061761306256983,23.3725680913307,113.66608552398132,5.002481100432502,0.33691026826869913,1.6853872495558115,1.6207564493901847,ZONE_02,WHEEL_FLAT,FRONT_BOGIE_AXLE_1,1
23.73,RUN_014_WHEEL_FLAT,TRAIN001,-0.01491396590964928,0.06941904488343528,1.0645460047430146,30.673144929034503,28.61611618735122,23.453874708389378,113.29311842841557,5.056289774254947,0.34312805193952783,1.734954860281855,1.640810494798486,ZONE_02,WHEEL_FLAT,FRONT_BOGIE_AXLE_1,1
23.740000000000002,RUN_014_WHEEL_FLAT,TRAIN001,-0.005034724368531891,0.02265611827088456,1.0332341959199631,30.574815418059217,28.701971612694138,23.452436347849556,114.53342291676782,5.047307885135218,0.30915904360612445,1.5604208785540548,1.5990466281505424,ZONE_02,WHEEL_FLAT,FRONT_BOGIE_AXLE_1,1
23.75,RUN_014_WHEEL_FLAT,TRAIN001,-0.06904591077106435,-0.02133984171144804,1.098188363897714,30.67679078833665,28.61891173006232,23.52607847421186,114.96681847818334,4.9352022463662415,0.33176861547677244,1.6373452163747853,1.6501918683289927,ZONE_02,WHEEL_FLAT,FRONT_BOGIE_AXLE_1,1
23.76,RUN_014_WHEEL_FLAT,TRAIN001,-0.03491040731581389,0.13806493296805988,0.9159203203905147,30.63436412585758,28.347212775292412,23.4907148964615,114.39837444006187,4.976424928145493,0.332796664256811,1.6561376160112602,1.5636449352547543,ZONE_02,WHEEL_FLAT,FRONT_BOGIE_AXLE_1,1
23.77,RUN_014_WHEEL_FLAT,TRAIN001,-0.04388581495032092,0.08685848244725998,1.0246627818453375,30.433960029432722,28.55658673998775,23.61364071776695,115.6294310783368,5.036693549049243,0.32978877394444367,1.6610449902748385,1.6221987725854008,ZONE_02,WHEEL_FLAT,FRONT_BOGIE_AXLE_1,1
23.78,RUN_014_WHEEL_FLAT,TRAIN001,0.012680566691840606,0.02009222515257593,0.9971423342630877,30.707122259870665,28.489395332139775,23.434102009324924,114.9114636615239,5.014333694888998,0.3314757715606652,1.6621301303759717,1.6304857407961248,ZONE_02,WHEEL_FLAT,FRONT_BOGIE_AXLE_1,1
23.79,RUN_014_WHEEL_FLAT,TRAIN001,0.049104634018550475,0.05667536312308148,0.9456080317343823,30.602213921955997,28.57323428511888,23.5331851931288,112.90612187673645,5.004698249965044,0.3196534816836442,1.5997692203773672,1.6162630722024578,ZONE_02,WHEEL_FLAT,FRONT_BOGIE_AXLE_1,1
23.8,RUN_014_WHEEL_FLAT,TRAIN001,-0.02352601693178518,0.04734339290478404,1.046539294218189,30.8009227657852,28.52943361352091,23.47444153420851,116.6434353046479,4.989817998794521,0.316673450974107,1.5801428854109734,1.5577652531797104,ZONE_02,WHEEL_FLAT,FRONT_BOGIE_AXLE_1,1
23.81,RUN_014_WHEEL_FLAT,TRAIN001,0.0940147649140188,-0.08269188972650468,0.9775539968215251,30.61731284657453,28.650660228923776,23.473680934953922,114.845733228146,4.968965933798911,0.3388959233775241,1.6839622983662432,1.5588657888399147,ZONE_02,WHEEL_FLAT,FRONT_BOGIE_AXLE_1,1
23.82,RUN_014_WHEEL_FLAT,TRAIN001,0.013977832104158096,-0.0770544243881664,0.8750265698675509,30.568405794231868,28.77053523886813,23.48189350855987,116.30687846149893,5.052673930357168,0.32212182668995326,1.6275765561153566,1.54526379496991,ZONE_02,WHEEL_FLAT,FRONT_BOGIE_AXLE_1,1
23.830000000000002,RUN_014_WHEEL_FLAT,TRAIN001,-0.03039135552804045,0.10127875049497659,1.2151150692533452,30.82546522808874,28.668109410907,23.544961002148977,114.2980008705748,4.9925242473077995,0.2966116294549133,1.480840752087131,1.5769653056641408,ZONE_02,WHEEL_FLAT,FRONT_BOGIE_AXLE_1,1
23.84,RUN_014_WHEEL_FLAT,TRAIN001,0.07302691764361573,-0.03856131560274564,0.9749934442691133,30.495694087968673,28.535475997382797,23.49970764019853,115.86872064484585,4.982645233338622,0.3400412728605167,1.6943050273568514,1.5671203686711603,ZONE_02,WHEEL_FLAT,FRONT_BOGIE_AXLE_1,1
23.85,RUN_014_WHEEL_FLAT,TRAIN001,0.056720391024879434,-0.15558771320516976,1.0764390758815567,30.60231525559131,28.628074989133346,23.497671256324864,115.42732187417589,5.007798964161337,0.30867341903537115,1.5457744281094699,1.5462037986696042,ZONE_02,WHEEL_FLAT,FRONT_BOGIE_AXLE_1,1
23.86,RUN_014_WHEEL_FLAT,TRAIN001,0.07010526055893415,-0.032355453864917366,1.087201441483736,30.54846246518568,28.59949673015247,23.365610525716416,113.19332403667876,5.062663495865627,0.30143662270046734,1.526072186062676,1.609020624314514,ZONE_02,WHEEL_FLAT,FRONT_BOGIE_AXLE_1,1
23.87,RUN_014_WHEEL_FLAT,TRAIN001,-0.014315169855925854,0.032870523838018584,1.069737543751268,30.629126457490543,28.56853107884148,23.52872231356535,115.1640707204276,4.9752480511918975,0.3189375188290026,1.5867932690059745,1.6048343558589524,ZONE_02,WHEEL_FLAT,FRONT_BOGIE_AXLE_1,1
23.88,RUN_014_WHEEL_FLAT,TRAIN001,0.06687598189258019,-0.041555710894447685,0.898545029186403,30.612224201595275,28.575593104094224,23.46231344759916,114.11238841842727,5.00870329809906,0.33839108482999314,1.6949005426353054,1.5840623896144697,ZONE_02,WHEEL_FLAT,FRONT_BOGIE_AXLE_1,1
23.89,RUN_014_WHEEL_FLAT,TRAIN001,-0.014140072387671242,0.16110003135345513,1.2332723210191812,30.666381986463847,28.44945006659199,23.48954083804095,114.40123306697993,5.001659850959718,0.33346911258064904,1.6678990719297984,1.5350284055628138,ZONE_02,WHEEL_FLAT,FRONT_BOGIE_AXLE_1,1
23.900000000000002,RUN_014_WHEEL_FLAT,TRAIN001,-0.1524487338907662,0.026354298054247174,1.1450765754606358,30.746481914040572,28.62754243586709,23.571631970254163,116.16424871182964,5.051720195222256,0.32199100947328524,1.6266084852361957,1.6399208712408433,ZONE_02,WHEEL_FLAT,FRONT_BOGIE_AXLE_1,1
23.91,RUN_014_WHEEL_FLAT,TRAIN001,0.020583253532727913,0.08741636768346717,1.0453257064921584,30.653084235891058,28.57036115855187,23.45043403643949,115.84118793963096,4.991195897955165,0.2934975500472947,1.464903767855948,1.5764733354257348,ZONE_02,WHEEL_FLAT,FRONT_BOGIE_AXLE_1,1
23.92,RUN_014_WHEEL_FLAT,TRAIN001,-0.03196865915455649,-0.08872520377645382,0.9087934086388119,30.71470110982042,28.601166836555695,23.552239064017066,115.80010598582425,5.015462323227451,0.34148685255834027,1.7127144428838834,1.622432135665957,ZONE_02,WHEEL_FLAT,FRONT_BOGIE_AXLE_1,1
23.93,RUN_014_WHEEL_FLAT,TRAIN001,-0.05260824689066121,0.029805249318351955,0.9389540477535948,30.694408885133882,28.52146425799135,23.503450179521877,117.00356989973513,5.010873744283198,0.37924628404039856,1.9003552473150012,1.6235298959555868,ZONE_02,WHEEL_FLAT,FRONT_BOGIE_AXLE_1,1
23.94,RUN_014_WHEEL_FLAT,TRAIN001,-0.02804635421975965,0.059222933760243845,1.0325157946091161,30.746049468124163,28.619595379527365,23.52155932304075,116.82818260404743,5.022904019421498,0.30091579393165213,1.5114711508467067,1.6063851781570597,ZONE_02,WHEEL_FLAT,FRONT_BOGIE_AXLE_1,1
23.95,RUN_014_WHEEL_FLAT,TRAIN001,-0.09888996669260819,0.027420569146996514,1.1058436653810704,30.563070100822856,28.762769636684407,23.4913837565686,115.9918490368293,5.04390745133227,0.3239165298412756,1.6338049984761016,1.6111989582636992,ZONE_02,WHEEL_FLAT,FRONT_BOGIE_AXLE_1,1
23.96,RUN_014_WHEEL_FLAT,TRAIN001,0.033309099530074965,-0.04612506534757167,0.9840467273425056,30.737722765008822,28.644349749159502,23.42832717989672,112.74968259849796,4.991001920888213,0.35657966481885006,1.7796897920605557,1.5989383163325428,ZONE_02,WHEEL_FLAT,FRONT_BOGIE_AXLE_1,1
23.97,RUN_014_WHEEL_FLAT,TRAIN001,0.02877708709438502,-0.024341911668398233,1.2409986145022298,30.680559660934627,28.758760065567238,23.508923574581782,115.30850286635047,5.023827003010516,0.33398510171504947,1.6778833725992794,1.5496718973014085,ZONE_02,WHEEL_FLAT,FRONT_BOGIE_AXLE_1,1
23.98,RUN_014_WHEEL_FLAT,TRAIN001,-0.0298053904648334,0.009782574580090216,0.8177676062445947,30.78419993192904,28.645013643539183,23.531808129209054,113.25541063463228,4.996596290307522,0.3310515878411482,1.654131135707496,1.6355900177649387,ZONE_02,WHEEL_FLAT,FRONT_BOGIE_AXLE_1,1
23.990000000000002,RUN_014_WHEEL_FLAT,TRAIN001,0.00797995559167089,0.04456729243462139,1.1035539434256685,30.737019948183477,28.66977350804356,23.500397799762677,116.42224544221982,4.993272726970356,0.3660602705884894,1.8278387655568928,1.6039181059819585,ZONE_02,WHEEL_FLAT,FRONT_BOGIE_AXLE_1,1
24.0,RUN_014_WHEEL_FLAT,TRAIN001,-0.015531122216847758,0.041500824046245506,0.9967022802597517,30.633668690513083,28.636236274366645,23.529390605043975,114.28148846888581,5.039615828502607,0.3459121676139555,1.743264435178937,1.6198073597315594,ZONE_02,WHEEL_FLAT,FRONT_BOGIE_AXLE_1,1
24.01,RUN_014_WHEEL_FLAT,TRAIN001,-0.0452028665241344,0.01461263582426957,1.0084201731733886,30.71306087361643,28.607943862538523,23.530035949008035,114.01771225372386,5.0028920540515935,0.33492306718498205,1.6755839515383346,1.6042228929664866,ZONE_02,WHEEL_FLAT,FRONT_BOGIE_AXLE_1,1
24.02,RUN_014_WHEEL_FLAT,TRAIN001,0.21972846153894682,0.05307465322588482,1.417398681577438,30.62424192134094,28.561817140428257,23.505875573974837,114.06521206842395,4.975656332736742,0.3271459869707561,1.6277660018004543,1.6631329048551498,ZONE_02,WHEEL_FLAT,FRONT_BOGIE_AXLE_1,1
24.03,RUN_014_WHEEL_FLAT,TRAIN001,-0.18635918323504283,0.0820512285033,1.7075951023989122,30.80862765146587,28.656049667414578,23.440005714635866,114.54287037560998,5.014907851497201,0.3529293848115911,1.769908342915725,1.67831941928681,ZONE_02,WHEEL_FLAT,FRONT_BOGIE_AXLE_1,1
24.04,RUN_014_WHEEL_FLAT,TRAIN001,0.00667370475956605,-0.0345349773116815,1.034644697698364,30.621531215640694,28.691587978383595,23.49266017261367,115.62001113931093,5.030488385816098,0.33294301702979157,1.674865980306938,1.6234817542851439,ZONE_02,WHEEL_FLAT,FRONT_BOGIE_AXLE_1,1
24.05,RUN_014_WHEEL_FLAT,TRAIN001,-0.0364747934398533,0.12173171220024782,0.9215131141752487,30.56544232392324,28.666166605103257,23.48740948395467,113.18258278089824,4.993728628467796,0.31634121708267515,1.5797221921101008,1.5944918139130444,ZONE_02,WHEEL_FLAT,FRONT_BOGIE_AXLE_1,1
24.060000000000002,RUN_014_WHEEL_FLAT,TRAIN001,0.015829709488141927,-0.003201158450499017,1.037364385728998,30.535589127980202,28.537425436023216,23.517286137276447,116.47563014266126,4.98049498534525,0.34144974175873083,1.7005887265767896,1.5863448036794814,ZONE_02,WHEEL_FLAT,FRONT_BOGIE_AXLE_1,1
24.07,RUN_014_WHEEL_FLAT,TRAIN001,-0.016202513005185396,-0.12345873299871758,0.9305411884841951,30.796494810280205,28.71733040848405,23.600781510227236,113.44625860299433,4.954516197781829,0.32045503636152334,1.5876996683139324,1.6446769570212652,ZONE_02,WHEEL_FLAT,FRONT_BOGIE_AXLE_1,1
24.080000000000002,RUN_014_WHEEL_FLAT,TRAIN001,-0.004829084510836774,-0.11197558184834472,1.0611527864598898,30.569018841770436,28.464661701715578,23.442372807500202,116.66276734568,5.039135562570898,0.3379771691973693,1.7031127726395052,1.6106104944021393,ZONE_02,WHEEL_FLAT,FRONT_BOGIE_AXLE_1,1
24.09,RUN_014_WHEEL_FLAT,TRAIN001,-0.0026319339640563507,-0.14004025371173076,1.03557300118249,30.90487620358524,28.767288138611864,23.530073232387824,115.67336733365048,5.011041660509415,0.32723192668890794,1.6397728172868804,1.6274232470755683,ZONE_02,WHEEL_FLAT,FRONT_BOGIE_AXLE_1,1
24.1,RUN_014_WHEEL_FLAT,TRAIN001,-0.01202576575074748,-0.029081395266741653,1.075019426296223,30.678819508586344,28.60778962470777,23.51783992566899,113.04619979370432,4.978801545549429,0.33755001807342383,1.6805945516842005,1.5838544494324818,ZONE_02,WHEEL_FLAT,FRONT_BOGIE_AXLE_1,1
24.11,RUN_014_WHEEL_FLAT,TRAIN001,0.021756167294036642,-9.969144491606587e-05,1.0891093698283867,30.734836356224452,28.67460912515167,23.508578024790957,114.20829984682479,5.024395861823558,0.3414148073894546,1.7154031454128629,1.5681798713958635,ZONE_02,WHEEL_FLAT,FRONT_BOGIE_AXLE_1,1
24.12,RUN_014_WHEEL_FLAT,TRAIN001,0.02870884873627691,0.04312278747152187,0.9561693317624642,30.483444582372467,28.577133682217404,23.461362289786685,114.47036820417834,4.960498394810647,0.3193745132142935,1.5842567601429345,1.6084751785421583,ZONE_02,WHEEL_FLAT,FRONT_BOGIE_AXLE_1,1
24.13,RUN_014_WHEEL_FLAT,TRAIN001,0.0007944986536905196,0.057029862275454805,0.977182001830064,30.538333154090676,28.569112219690165,23.53974396186622,114.21333021890743,4.9527361616900025,0.33840909712480977,1.6760509727749096,1.65082938093206,ZONE_02,WHEEL_FLAT,FRONT_BOGIE_AXLE_1,1
24.14,RUN_014_WHEEL_FLAT,TRAIN001,0.015190569327143065,-0.015671356689125632,0.9925676608329455,30.84796606632352,28.60601096342686,23.452443122783354,118.97860299361719,5.031948499180166,0.346055948723089,1.7413357118095163,1.5849072368729333,ZONE_02,WHEEL_FLAT,FRONT_BOGIE_AXLE_1,1
24.150000000000002,RUN_014_WHEEL_FLAT,TRAIN001,-0.09071224932641764,0.046360948817759665,1.0677862897741084,30.70697070778127,28.5402781884995,23.556132409645656,112.72789706249937,4.99755876445943,0.3238044457725629,1.6182317459415998,1.6196803291205253,ZONE_02,WHEEL_FLAT,FRONT_BOGIE_AXLE_1,1
24.16,RUN_014_WHEEL_FLAT,TRAIN001,-0.04641691882352838,-0.052007510127101544,1.060625349199088,30.946681942326048,28.453489356181954,23.44911511132024,114.85626387322662,4.999435133156207,0.34632111807100907,1.7314099650381418,1.618752337054037,ZONE_02,WHEEL_FLAT,FRONT_BOGIE_AXLE_1,1
24.17,RUN_014_WHEEL_FLAT,TRAIN001,0.06768248731590168,-0.021868451090583257,1.025678527518378,30.403237860993496,28.779188649042393,23.52900247706255,113.5539526941255,5.046874659085128,0.3319914603744342,1.6755192883963963,1.6119667660385677,ZONE_02,WHEEL_FLAT,FRONT_BOGIE_AXLE_1,1
24.18,RUN_014_WHEEL_FLAT,TRAIN001,0.09934908688824233,-0.06860674252396758,1.0328751319359148,30.435118799932265,28.591541636057862,23.45207607986466,115.8159665122155,4.99082027743172,0.328421174324475,1.6390910563565273,1.615087385343565,ZONE_02,WHEEL_FLAT,FRONT_BOGIE_AXLE_1,1
24.19,RUN_014_WHEEL_FLAT,TRAIN001,0.020026321034627575,0.014594659965923776,1.138641515973815,30.730804833859867,28.618604658117757,23.54923214640776,113.90423545290496,4.9943756344263495,0.32547636492622123,1.6255512265691783,1.5973759040581854,ZONE_02,WHEEL_FLAT,FRONT_BOGIE_AXLE_1,1
24.2,RUN_014_WHEEL_FLAT,TRAIN001,-0.10041052800886059,-0.010043693902441572,1.1332162803620325,30.807774414915436,28.63245630225781,23.545865528488484,115.84283542576169,5.033781019318976,0.32194832520980593,1.6206173686426542,1.6495150607647455,ZONE_02,WHEEL_FLAT,FRONT_BOGIE_AXLE_1,1
24.21,RUN_014_WHEEL_FLAT,TRAIN001,0.023331507884802073,0.024790256675720303,1.1787051631535017,30.529613982903662,28.769552943053508,23.543160600421803,115.8067902061298,4.978317062872911,0.34305387145087735,1.707830941728513,1.5836605311108207,ZONE_02,WHEEL_FLAT,FRONT_BOGIE_AXLE_1,1
24.22,RUN_014_WHEEL_FLAT,TRAIN001,-0.018491750441327382,-0.011676048851937413,1.0468364046953635,30.762532650868785,28.784137657158883,23.515467183801913,114.20197578824649,5.065972383673881,0.3141603305090376,1.5915275584046433,1.5792125828225005,ZONE_02,WHEEL_FLAT,FRONT_BOGIE_AXLE_1,1
24.23,RUN_014_WHEEL_FLAT,TRAIN001,0.035084792740065936,0.12112417678902399,1.0825120167628666,30.624170224485702,28.903270249208926,23.5600613032549,117.38795441647376,5.024035074634838,0.33633377423366523,1.6897526785342492,1.6497911548612927,ZONE_02,WHEEL_FLAT,FRONT_BOGIE_AXLE_1,1
24.240000000000002,RUN_014_WHEEL_FLAT,TRAIN001,-0.030149129276585425,-0.008345550924070357,1.0102156781629963,30.752009928290228,28.775087401122754,23.477764699685288,115.47596305952574,4.969868290271859,0.3070038034119247,1.52576846756978,1.5962318860728728,ZONE_02,WHEEL_FLAT,FRONT_BOGIE_AXLE_1,1
24.25,RUN_014_WHEEL_FLAT,TRAIN001,-0.03938617027692904,0.023022913090143336,1.1346199143852065,30.648389279729912,28.646757026453056,23.53416348470955,115.24397456122647,4.976894253224899,0.32424246275958235,1.6137204495596538,1.5983245129159027,ZONE_02,WHEEL_FLAT,FRONT_BOGIE_AXLE_1,1
24.26,RUN_014_WHEEL_FLAT,TRAIN001,-0.0161745013217436,0.03318377307245747,0.9741283415758575,30.821683784130485,28.72734983165597,23.58927035101928,113.63316155654012,5.002260721137005,0.32591850467961436,1.630329334250542,1.5529536018584955,ZONE_02,WHEEL_FLAT,FRONT_BOGIE_AXLE_1,1
24.27,RUN_014_WHEEL_FLAT,TRAIN001,0.10681443878281338,-0.045403988364050886,0.9599274879148201,30.815762164747543,28.493681800349567,23.573757828520197,115.49904940795197,5.004776237812315,0.32460941545875094,1.6245974890581023,1.5847088094061712,ZONE_02,WHEEL_FLAT,FRONT_BOGIE_AXLE_1,1
24.28,RUN_014_WHEEL_FLAT,TRAIN001,0.04998764748893184,-0.023250355379786234,1.08540285957398,30.74515671020163,28.771992034585754,23.534551437697285,115.27834343290316,4.995455780560091,0.32539133310603696,1.6254780159087066,1.61508301069516,ZONE_02,WHEEL_FLAT,FRONT_BOGIE_AXLE_1,1
24.29,RUN_014_WHEEL_FLAT,TRAIN001,0.06540925445511271,0.03487377607201411,1.0492576629384311,30.686307108141648,28.896065895222105,23.479218155132557,113.47625803713643,5.009152953003929,0.332162714909306,1.6638538442657524,1.5582634679280778,ZONE_02,WHEEL_FLAT,FRONT_BOGIE_AXLE_1,1
24.3,RUN_014_WHEEL_FLAT,TRAIN001,-0.0787383465968853,0.04401933697247928,1.1434642411370142,30.59451079180681,28.718515870831983,23.47641729300907,115.32117978503874,4.936067834499927,0.3319388594878269,1.6384727273384534,1.6146572884198436,ZONE_02,WHEEL_FLAT,FRONT_BOGIE_AXLE_1,1
24.310000000000002,RUN_014_WHEEL_FLAT,TRAIN001,0.049084263614595426,0.06584302258606614,0.9309837827762236,30.613303468939886,28.7011739622609,23.504074459262544,114.96198235707487,5.011127790372103,0.34633873540837984,1.735547661887263,1.5941509478233826,ZONE_02,WHEEL_FLAT,FRONT_BOGIE_AXLE_1,1
24.32,RUN_014_WHEEL_FLAT,TRAIN001,-0.04255172050203901,0.1306765818016631,0.8721467136682771,30.886714941737726,28.870136047045737,23.475859717274435,115.43711163493403,5.042209825795502,0.35328937831170554,1.781359174672466,1.5699717307105892,ZONE_02,WHEEL_FLAT,FRONT_BOGIE_AXLE_1,1
24.330000000000002,RUN_014_WHEEL_FLAT,TRAIN001,-0.010236369079437632,0.06338278546143906,0.9597067217950646,30.656831970087207,28.737942299017202,23.535134509768245,117.98460548174074,5.046288529450944,0.3037585832809337,1.532853454532845,1.634695097696674,ZONE_02,WHEEL_FLAT,FRONT_BOGIE_AXLE_1,1
24.34,RUN_014_WHEEL_FLAT,TRAIN001,0.00781563506816127,0.029556145511282845,1.1212243296096938,30.815234733440576,28.704340756833385,23.59241784890584,113.32394876482496,5.014329461890347,0.34249777612640425,1.7173966894625532,1.6112584074436747,ZONE_02,WHEEL_FLAT,FRONT_BOGIE_AXLE_1,1
24.35,RUN_014_WHEEL_FLAT,TRAIN001,-0.019435952048400023,0.05839363828410395,0.9783896206153736,30.65300126095355,28.623476142130947,23.445369463707202,114.93450081780983,4.954349074233959,0.3547878227872761,1.7577427213756234,1.5913131522561939,ZONE_02,WHEEL_FLAT,FRONT_BOGIE_AXLE_1,1
24.36,RUN_014_WHEEL_FLAT,TRAIN001,0.049182871742301376,-0.0030605696513963058,0.9964949171492536,30.774841214473582,28.674907166895284,23.481416568137075,115.7450880795054,5.018195241271724,0.3276315153150827,1.644118911044792,1.611865868359609,ZONE_02,WHEEL_FLAT,FRONT_BOGIE_AXLE_1,1
24.37,RUN_014_WHEEL_FLAT,TRAIN001,0.02675663948958326,-0.002620678345197183,1.06969670501239,30.67244234023433,28.41998922698175,23.558546412588505,115.82624353311995,5.01914927705241,0.31459684524727066,1.5790085283858075,1.6362771657728468,ZONE_02,WHEEL_FLAT,FRONT_BOGIE_AXLE_1,1
24.38,RUN_014_WHEEL_FLAT,TRAIN001,-0.04408564104517388,-0.07738173785990224,1.1210248949743926,30.787977828088263,28.759986003376305,23.463677049952796,115.65615856165996,5.004327079228504,0.31667250922951984,1.5847328131845244,1.5752098283086098,ZONE_02,WHEEL_FLAT,FRONT_BOGIE_AXLE_1,1
24.39,RUN_014_WHEEL_FLAT,TRAIN001,-0.06954858272485367,0.12634441567241758,1.1756308264371695,30.66523972763466,28.743153528917848,23.545289619195522,114.49244229897594,4.975575611702145,0.32231486942366255,1.6037020035933367,1.546962766477183,ZONE_02,WHEEL_FLAT,FRONT_BOGIE_AXLE_1,1
24.400000000000002,RUN_014_WHEEL_FLAT,TRAIN001,0.05052480998373909,0.02680827030929553,1.1891669933147062,30.63561822508353,28.54943281670528,23.492459419561893,115.8605429941171,4.9971480446150505,0.3378694431305871,1.6883836270751893,1.6308498265687208,ZONE_02,WHEEL_FLAT,FRONT_BOGIE_AXLE_1,1
24.41,RUN_014_WHEEL_FLAT,TRAIN001,-0.00457190059341221,0.04860190668513085,1.2655536909311333,30.854034862569602,28.60081902967354,23.55203517370415,115.33560971421768,4.979253414903841,0.30859999150393685,1.5365975615352738,1.664991153784711,ZONE_02,WHEEL_FLAT,FRONT_BOGIE_AXLE_1,1
24.42,RUN_014_WHEEL_FLAT,TRAIN001,0.00018344533369879962,-0.10432573393209126,0.9324999768834316,30.733541555251087,28.872358311012356,23.533914478239076,116.53018125366117,5.021592543391113,0.3439757302794254,1.7273059622786753,1.613522875471836,ZONE_02,WHEEL_FLAT,FRONT_BOGIE_AXLE_1,1
24.43,RUN_014_WHEEL_FLAT,TRAIN001,0.06752661516134678,0.01565895088430147,1.0758192566591565,30.74910499167096,28.655646191069305,23.489039420567355,114.19287158685489,5.068688733553938,0.313423409289125,1.5886457034958525,1.6369780881025446,ZONE_02,WHEEL_FLAT,FRONT_BOGIE_AXLE_1,1
24.44,RUN_014_WHEEL_FLAT,TRAIN001,0.10646369455710988,0.09471430890085904,1.017274852373741,30.72769873923555,28.53184915593994,23.484806944165076,114.39059584990571,4.957361259193431,0.31822666008109535,1.5775645163285388,1.574974886114221,ZONE_02,WHEEL_FLAT,FRONT_BOGIE_AXLE_1,1
24.45,RUN_014_WHEEL_FLAT,TRAIN001,0.004907810074266825,-0.005462547512008623,1.02997289272269,30.75505077054013,28.677782084464404,23.56563244674399,114.25927042442319,4.942032307179741,0.3572669805462863,1.7656249601483032,1.565797627537978,ZONE_02,WHEEL_FLAT,FRONT_BOGIE_AXLE_1,1
24.46,RUN_014_WHEEL_FLAT,TRAIN001,0.08374714702056425,0.003434902935693413,1.210855639293145,30.71670908071523,28.744005608988793,23.50470342335544,116.08490950992139,4.9945498758885645,0.3042035390861891,1.5193597483877876,1.640673994147963,ZONE_02,WHEEL_FLAT,FRONT_BOGIE_AXLE_1,1
24.47,RUN_014_WHEEL_FLAT,TRAIN001,0.036576493957345343,-0.00905710335412456,0.9738177062891423,30.956277833910153,28.602448545677042,23.56239200614282,117.23201681261435,5.0481368902164325,0.36257943836461515,1.830350638442369,1.5892261268560393,ZONE_02,WHEEL_FLAT,FRONT_BOGIE_AXLE_1,1
24.48,RUN_014_WHEEL_FLAT,TRAIN001,0.047973918837660515,0.06712936676288105,1.0589325240273302,30.667634163165438,28.845825112940478,23.564904440603833,116.47911326479426,4.987801921853656,0.3693783537512968,1.8423860627318578,1.6010040674621393,ZONE_02,WHEEL_FLAT,FRONT_BOGIE_AXLE_1,1
24.490000000000002,RUN_014_WHEEL_FLAT,TRAIN001,0.06268907473513777,-0.07315152508952658,1.0601609926899043,30.64448455936236,28.875166394211536,23.55855606750421,114.93610606126671,5.008937129778862,0.309090109823033,1.548212927540016,1.6159997664921877,ZONE_02,WHEEL_FLAT,FRONT_BOGIE_AXLE_1,1
24.5,RUN_014_WHEEL_FLAT,TRAIN001,0.05858703778473903,0.11375113981994624,1.057073793288263,30.940898019468367,28.86745263549937,23.484634135035552,114.26956083668634,4.984455474391852,0.3530769055117629,1.7598961145594412,1.6278733094062816,ZONE_02,WHEEL_FLAT,FRONT_BOGIE_AXLE_1,1
24.51,RUN_014_WHEEL_FLAT,TRAIN001,0.01729089481919994,-0.07547319693219705,1.1200830205232946,30.752685016563028,28.908141792777155,23.594446624748297,113.67336390035744,4.985843260683666,0.2906511770606691,1.449141212357712,1.6049037838096791,ZONE_02,WHEEL_FLAT,FRONT_BOGIE_AXLE_1,1
24.52,RUN_014_WHEEL_FLAT,TRAIN001,0.023574598022725008,0.07393926046588675,1.0768179390269037,30.693828343575053,28.791424344561694,23.51661047677628,115.3281728853348,4.949879057467441,0.3007457055837646,1.4886548696923452,1.5902575022580128,ZONE_02,WHEEL_FLAT,FRONT_BOGIE_AXLE_1,1
24.53,RUN_014_WHEEL_FLAT,TRAIN001,-0.0059395700689070284,0.024200712794910137,1.1492017869032307,30.584917839468062,28.85388012434114,23.508091924813737,115.25984458312224,4.9919113462959315,0.345440777911372,1.7244097387290709,1.633491440973068,ZONE_02,WHEEL_FLAT,FRONT_BOGIE_AXLE_1,1
24.54,RUN_014_WHEEL_FLAT,TRAIN001,0.04140253068845759,0.007396102893922299,1.4017266172548484,30.580999178159512,28.649236385894483,23.481983847828424,114.14473499657731,5.0128164484541315,0.3346776761250317,1.6776777598099635,1.5982277895369055,ZONE_02,WHEEL_FLAT,FRONT_BOGIE_AXLE_1,1
24.55,RUN_014_WHEEL_FLAT,TRAIN001,-0.30742156002558807,0.16938465495754065,1.5961469347720478,30.66158673773413,28.73292214278308,23.53338191364394,115.26400817379741,4.976795939115771,0.37806262309142014,1.881540527332836,1.7245424086511592,ZONE_02,WHEEL_FLAT,FRONT_BOGIE_AXLE_1,1
24.560000000000002,RUN_014_WHEEL_FLAT,TRAIN001,0.05265434319917722,-0.009332693571645312,0.9055551416549953,30.696962912955073,28.81176758575053,23.479154538151366,114.95043178032948,4.960139103414008,0.3583135039049046,1.777284822000005,1.6143471452844103,ZONE_02,WHEEL_FLAT,FRONT_BOGIE_AXLE_1,1
24.57,RUN_014_WHEEL_FLAT,TRAIN001,-0.008385747717935302,0.007087893528197062,0.9676167767762179,30.793103000874176,28.75646381661657,23.459368303650436,114.56878720078345,5.0200151832544515,0.35106130814183517,1.762333097125182,1.604187885130834,ZONE_02,WHEEL_FLAT,FRONT_BOGIE_AXLE_1,1
24.580000000000002,RUN_014_WHEEL_FLAT,TRAIN001,-0.010298974683355843,0.0333228725806371,0.9621250249973985,30.74004440399943,28.737101879308806,23.478592484832795,116.08359727196267,4.997219231524661,0.2905466035101158,1.4519250747149213,1.5754402208805756,ZONE_02,WHEEL_FLAT,FRONT_BOGIE_AXLE_1,1
24.59,RUN_014_WHEEL_FLAT,TRAIN001,-0.028277333907884738,0.1504214356844094,0.8917442152702707,30.641870909059357,28.71446529797726,23.606553663163783,116.99672730682005,5.010031858597335,0.31816692870293334,1.594026449153763,1.6051996272201396,ZONE_02,WHEEL_FLAT,FRONT_BOGIE_AXLE_1,1
24.6,RUN_014_WHEEL_FLAT,TRAIN001,-0.07452980841953458,-0.1149580075197488,1.0181075210519188,30.84356437530461,28.78144536602253,23.539055431374504,114.15461524102366,5.025310424238047,0.35381162293552615,1.7780132369544808,1.6486065249431237,ZONE_02,WHEEL_FLAT,FRONT_BOGIE_AXLE_1,1
24.61,RUN_014_WHEEL_FLAT,TRAIN001,-0.005631124142184439,-0.09510817344089495,1.0464565395971228,30.874510661096597,28.763752857915758,23.484745430402867,114.86550191225469,4.962361175555984,0.3568301040764907,1.7707198547387786,1.5872331844327128,ZONE_02,WHEEL_FLAT,FRONT_BOGIE_AXLE_1,1
24.62,RUN_014_WHEEL_FLAT,TRAIN001,0.13005403100383395,0.037381461923509565,0.9907587889702145,30.932370402394444,28.680848059076123,23.537152314759073,115.97124196873172,5.00304644752031,0.31401673901011684,1.5710403305664775,1.6092776259038248,ZONE_02,WHEEL_FLAT,FRONT_BOGIE_AXLE_1,1
24.63,RUN_014_WHEEL_FLAT,TRAIN001,-0.05053387385264596,0.058011361656376645,1.0429100032543475,30.643939478936755,28.73984920386791,23.505725125836168,115.19754102599731,4.967704932649698,0.33181215820515714,1.6483448950289012,1.6177905104409085,ZONE_02,WHEEL_FLAT,FRONT_BOGIE_AXLE_1,1
24.64,RUN_014_WHEEL_FLAT,TRAIN001,-0.024874426836551902,0.020691606660255567,0.9699349544686443,30.652771022669725,28.70424246125612,23.462684015478686,116.8637113573069,4.9405161003236735,0.3084797338753289,1.5240490918346246,1.5883360034081038,ZONE_02,WHEEL_FLAT,FRONT_BOGIE_AXLE_1,1
24.650000000000002,RUN_014_WHEEL_FLAT,TRAIN001,-0.007937603708894327,-0.01498855024181511,0.9815823514623556,30.6732948771322,28.760422118806343,23.452368185064365,113.3648259472593,4.982811728997433,0.3101517092501063,1.5454275746200314,1.5847340983187366,ZONE_02,WHEEL_FLAT,FRONT_BOGIE_AXLE_1,1
24.66,RUN_014_WHEEL_FLAT,TRAIN001,-0.12386071437505818,-0.025895057827969876,1.061653640737271,30.853626114326737,28.679596249830308,23.395719424139955,116.66442231195899,4.993714114559375,0.3138203368128382,1.5671290453780473,1.621995445050588,ZONE_02,WHEEL_FLAT,FRONT_BOGIE_AXLE_1,1
24.67,RUN_014_WHEEL_FLAT,TRAIN001,0.06351052587429054,-0.08136164637880236,0.9609082901788153,30.78061584359025,28.778831422708535,23.44031475377935,115.77401992562159,4.990466661672944,0.3025976611237357,1.51010353973821,1.613826461456423,ZONE_02,WHEEL_FLAT,FRONT_BOGIE_AXLE_1,1
24.68,RUN_014_WHEEL_FLAT,TRAIN001,0.0979023135653003,0.042357569629526026,0.9642046597122781,30.7206359832404,28.815034513376407,23.478998674336495,111.91294102455522,4.973236522332113,0.35725514061142766,1.7767143130796463,1.5919576512808828,ZONE_02,WHEEL_FLAT,FRONT_BOGIE_AXLE_1,1
24.69,RUN_014_WHEEL_FLAT,TRAIN001,-0.09223868342045774,0.0681397052302368,1.0178005363552396,30.70190895067727,28.734400133165604,23.51846475093645,114.20930808185575,4.998431517052359,0.369775765523013,1.8482988406323912,1.573099662259274,ZONE_02,WHEEL_FLAT,FRONT_BOGIE_AXLE_1,1
24.7,RUN_014_WHEEL_FLAT,TRAIN001,-0.0039040976349470416,0.1019675374443444,1.031517365252725,30.660308103959697,28.751220276755333,23.505432851869053,116.26148563492501,5.012236044939584,0.3126876501141553,1.5672643107096262,1.6307889476453432,ZONE_02,WHEEL_FLAT,FRONT_BOGIE_AXLE_1,1
24.71,RUN_014_WHEEL_FLAT,TRAIN001,0.03949130544369321,-0.008347192698665911,1.027756421140967,30.869639827186298,28.72045256899836,23.5091006310201,116.85363389337046,4.979037296218278,0.34636836376961877,1.7245810014390317,1.6103848463483195,ZONE_02,WHEEL_FLAT,FRONT_BOGIE_AXLE_1,1
24.72,RUN_014_WHEEL_FLAT,TRAIN001,0.050701849971724305,-0.08965969547266818,0.9823151885745122,30.871127472773676,28.753359764641527,23.463119998289002,115.03452051030848,4.972837481417858,0.3134884946476217,1.5589273361769547,1.5689736312589635,ZONE_02,WHEEL_FLAT,FRONT_BOGIE_AXLE_1,1
24.73,RUN_014_WHEEL_FLAT,TRAIN001,0.03671358191274396,-0.09697069140235748,1.0439311554455772,30.588881457005016,28.720560491204573,23.490635963866733,114.02457840805141,4.979157658300716,0.32447693220454393,1.6156218019281772,1.600319474577287,ZONE_02,WHEEL_FLAT,FRONT_BOGIE_AXLE_1,1
24.740000000000002,RUN_014_WHEEL_FLAT,TRAIN001,-0.020358278393779367,0.01606995587758798,0.9936834997645152,30.75713756524323,28.658956530515127,23.447292773070117,116.46098845546634,5.007708583040904,0.31344097644538016,1.569621068022252,1.638511130441483,ZONE_02,WHEEL_FLAT,FRONT_BOGIE_AXLE_1,1
24.75,RUN_014_WHEEL_FLAT,TRAIN001,0.11536880631426767,-0.002213517837020172,1.1853599506927521,30.74012637963661,28.744582338991965,23.539292870872238,115.84546290805514,5.013457109338624,0.3093700599654355,1.551013526550229,1.5806479854678073,ZONE_02,WHEEL_FLAT,FRONT_BOGIE_AXLE_1,1
24.76,RUN_014_WHEEL_FLAT,TRAIN001,0.11038576697116245,-0.053353032998868746,1.0146638737307363,30.632579611713588,28.748146651807552,23.59400891052929,114.90383546068809,5.007895431344216,0.305711780644546,1.5309726295979271,1.6165821827314288,ZONE_02,WHEEL_FLAT,FRONT_BOGIE_AXLE_1,1
24.77,RUN_014_WHEEL_FLAT,TRAIN001,0.06565480133404095,-0.06747773359081255,1.045284054244895,30.778960767474313,28.73338003965011,23.510157081784616,116.61288012177566,4.998200019998941,0.30701736297372123,1.5345341897552756,1.6110779437316596,ZONE_02,WHEEL_FLAT,FRONT_BOGIE_AXLE_1,1
24.78,RUN_014_WHEEL_FLAT,TRAIN001,-0.026339866634387282,0.04254147204011671,1.0103655730745624,30.800534341343656,28.782667096479695,23.488496109064442,113.84090036254221,4.985619427881621,0.3130421138140867,1.5607088443766401,1.578662185816809,ZONE_02,WHEEL_FLAT,FRONT_BOGIE_AXLE_1,1
24.79,RUN_014_WHEEL_FLAT,TRAIN001,-0.03461567165081324,-0.030088989422063162,0.988605673592805,30.661615871064054,28.729237608017627,23.493982401644406,113.24805604525679,5.03319132542264,0.3190170930400725,1.6056740653508401,1.574551491068643,ZONE_02,WHEEL_FLAT,FRONT_BOGIE_AXLE_1,1
24.8,RUN_014_WHEEL_FLAT,TRAIN001,-0.106987898110991,-0.07789780977478704,1.0502554708911078,30.498678120747158,28.552084042649994,23.518190695021392,114.2681000068967,5.0177770473223955,0.3228904652561872,1.6201923653617456,1.6015908156575989,ZONE_02,WHEEL_FLAT,FRONT_BOGIE_AXLE_1,1
24.810000000000002,RUN_014_WHEEL_FLAT,TRAIN001,0.11685337178364928,-0.03491852163978076,1.0530304993474018,30.944004329182395,28.771426023016808,23.515711271250616,113.34065506230054,5.005483713115749,0.33134013121383094,1.6585176302924658,1.557783085025951,ZONE_02,WHEEL_FLAT,FRONT_BOGIE_AXLE_1,1
24.82,RUN_014_WHEEL_FLAT,TRAIN001,-0.08194160163087293,0.02753725258734841,0.9733207753983262,30.90793550157915,28.79430065284664,23.482618019400846,115.65142870811928,4.999254925076425,0.3379477201034916,1.6894868041457296,1.613165440902544,ZONE_02,WHEEL_FLAT,FRONT_BOGIE_AXLE_1,1
24.830000000000002,RUN_014_WHEEL_FLAT,TRAIN001,0.1022786305842378,-0.044702229575766785,1.0198877380237013,30.853142326603702,28.560561931163814,23.465090006219278,115.44282393380789,5.054057528014394,0.345199063593662,1.744655926019067,1.6273765077991738,ZONE_02,WHEEL_FLAT,FRONT_BOGIE_AXLE_1,1
24.84,RUN_014_WHEEL_FLAT,TRAIN001,0.018696745200773225,-0.035530741006371595,1.0137663528281253,30.894768610814456,28.704336737560702,23.53654744326819,114.95145070388251,4.97673481199199,0.3240222538931441,1.6125728308101173,1.604544899625738,ZONE_02,WHEEL_FLAT,FRONT_BOGIE_AXLE_1,1
24.85,RUN_014_WHEEL_FLAT,TRAIN001,-0.02718041594114291,0.06992038611524216,1.0222695034736715,30.773142241616544,28.78314640161665,23.48461962162914,116.86087968243535,4.993676373658443,0.3076162740752741,1.5361361200025363,1.5344158466798306,ZONE_02,WHEEL_FLAT,FRONT_BOGIE_AXLE_1,1
24.86,RUN_014_WHEEL_FLAT,TRAIN001,-0.10271769047970085,0.11696532880152935,0.9799675284539577,30.76670256821364,28.71242887544623,23.549250087265214,114.00194348680755,4.98954979638165,0.3351854135952753,1.672424312154405,1.6249604909972284,ZONE_02,WHEEL_FLAT,FRONT_BOGIE_AXLE_1,1
24.87,RUN_014_WHEEL_FLAT,TRAIN001,0.06960299616747691,0.010371876462932717,1.111469209191289,30.73817020535769,28.911067789723017,23.508454044535064,114.74689159840794,5.043639845823188,0.30765861861065746,1.5517192677356315,1.5805802409908554,ZONE_02,WHEEL_FLAT,FRONT_BOGIE_AXLE_1,1
24.88,RUN_014_WHEEL_FLAT,TRAIN001,-0.08521656452952465,-0.09054166738458982,0.9629230679821608,30.762171668117993,28.748143165624132,23.475985874273928,115.2791543811576,4.976232761873514,0.31523846765166974,1.568699990531043,1.599867483009238,ZONE_02,WHEEL_FLAT,FRONT_BOGIE_AXLE_1,1
24.89,RUN_014_WHEEL_FLAT,TRAIN001,0.04403532818618841,-0.04367921565182823,1.131842981542179,30.80927867731051,28.683989160051894,23.41267130478174,113.22864006159004,4.94598548037662,0.32461950895530933,1.605563377939948,1.5889560115903874,ZONE_02,WHEEL_FLAT,FRONT_BOGIE_AXLE_1,1
24.900000000000002,RUN_014_WHEEL_FLAT,TRAIN001,-0.001231061175743267,-0.004473642709282274,0.8789966975381701,30.80968791509331,28.789414835825298,23.5590275783373,115.77785280029298,4.976105730253632,0.30922732844566503,1.5387478810294957,1.5762968076474735,ZONE_02,WHEEL_FLAT,FRONT_BOGIE_AXLE_1,1
24.91,RUN_014_WHEEL_FLAT,TRAIN001,0.022350421059301205,0.03223001371734523,0.9616883094141578,30.880383030749787,28.850335332010395,23.496070260148866,114.60113100640642,4.978017309549088,0.31048246595850737,1.5455870898529351,1.585045872789936,ZONE_02,WHEEL_FLAT,FRONT_BOGIE_AXLE_1,1
24.92,RUN_014_WHEEL_FLAT,TRAIN001,-0.0003594703876934351,0.08700274161458285,1.1081806269698775,30.691840108684058,28.859274229145267,23.48568253673605,114.16774544050632,5.001593025303951,0.30590571877582867,1.5300159094297765,1.61859837178874,ZONE_02,WHEEL_FLAT,FRONT_BOGIE_AXLE_1,1
24.93,RUN_014_WHEEL_FLAT,TRAIN001,0.04096105176869772,0.01632314056820894,0.9547947707970914,30.847141490743184,28.70139112145061,23.53482932363321,115.8061594796633,4.98201640132686,0.3370999967278891,1.6794377125855744,1.6168943954132367,ZONE_02,WHEEL_FLAT,FRONT_BOGIE_AXLE_1,1
24.94,RUN_014_WHEEL_FLAT,TRAIN001,-0.028183683783005824,0.00612169980344098,1.0773410485601658,30.807750662081883,28.685058495017593,23.55293918054892,114.15896111892482,5.01956825933662,0.3283706410561804,1.6482788471436216,1.585176923963508,ZONE_02,WHEEL_FLAT,FRONT_BOGIE_AXLE_1,1
24.95,RUN_014_WHEEL_FLAT,TRAIN001,-0.06031748812400665,0.002313062547269135,0.985584875375881,30.747627525503496,28.803160976694958,23.49541833171728,116.49986288256547,5.017853355063849,0.35076246015505774,1.760074587519506,1.586647729096766,ZONE_02,WHEEL_FLAT,FRONT_BOGIE_AXLE_1,1
24.96,RUN_014_WHEEL_FLAT,TRAIN001,-0.012230768933877059,-0.026253031411480377,1.0689064511416093,30.768751815270498,28.76733769181046,23.4600099444643,115.62668283449456,5.060917226176003,0.3408325062829152,1.7249251022879466,1.53298820222368,ZONE_02,WHEEL_FLAT,FRONT_BOGIE_AXLE_1,1
24.97,RUN_014_WHEEL_FLAT,TRAIN001,-0.0864646094849511,0.12061180604719521,0.9876286776943792,30.79940568212967,28.652125918592148,23.438660623484065,115.11009369489263,5.017660904178643,0.3516542760337092,1.7644819126415874,1.6413475111899472,ZONE_02,WHEEL_FLAT,FRONT_BOGIE_AXLE_1,1
24.98,RUN_014_WHEEL_FLAT,TRAIN001,-0.03431192281316278,-0.027186738673215038,0.9472305565874812,30.6313442413561,28.60010935005264,23.50673250362438,115.70009894895274,4.964879447141144,0.3151179196190593,1.5645224825425426,1.6294648992893144,ZONE_02,WHEEL_FLAT,FRONT_BOGIE_AXLE_1,1
24.990000000000002,RUN_014_WHEEL_FLAT,TRAIN001,-0.04934235766545598,0.018556338205331348,1.132780564110477,30.856988169417438,28.805798055790014,23.56147583196911,116.12316203170008,5.035193333194224,0.36031892759489287,1.8142754620494967,1.6274013235721894,ZONE_02,WHEEL_FLAT,FRONT_BOGIE_AXLE_1,1
25.0,RUN_014_WHEEL_FLAT,TRAIN001,-0.07604369031552978,-0.016066908653916488,0.7668449185496351,30.702831174885503,28.717115728906133,23.502717510263544,116.71071835051161,4.9891481042164445,0.3543059778009644,1.7676849974582352,1.5921179671299344,ZONE_02,WHEEL_FLAT,FRONT_BOGIE_AXLE_1,1
25.01,RUN_014_WHEEL_FLAT,TRAIN001,-0.06516276702601499,0.16573276867817477,0.7831102203312047,30.705005799629795,28.824374749286637,23.44896728115204,116.76912955655916,4.979100718084213,0.34632638946247485,1.7243939744641215,1.6328854358282459,ZONE_02,WHEEL_FLAT,FRONT_BOGIE_AXLE_1,1
25.02,RUN_014_WHEEL_FLAT,TRAIN001,0.007701761885096289,0.07239538943006468,1.0152829101022842,30.994346355841817,28.640119568998,23.497237304374284,114.11995721644605,5.017623531610538,0.32993346976476917,1.6554819417576199,1.5526918477367961,ZONE_02,WHEEL_FLAT,FRONT_BOGIE_AXLE_1,1
25.03,RUN_014_WHEEL_FLAT,TRAIN001,0.08087221711790064,0.04379102099592431,0.9976627211490288,30.739164530254822,28.72891752973077,23.444754013737015,115.96454872440017,4.983143694005353,0.35737395735561023,1.780845781998347,1.6212329595999353,ZONE_02,WHEEL_FLAT,FRONT_BOGIE_AXLE_1,1
25.04,RUN_014_WHEEL_FLAT,TRAIN001,0.050443026248772484,-0.028214215017549435,1.0805510910158607,30.78850105065802,28.836682498720567,23.548330965718847,115.29282075957734,4.962599101730539,0.32813254546095005,1.628390275353066,1.602649414195013,ZONE_02,WHEEL_FLAT,FRONT_BOGIE_AXLE_1,1
25.05,RUN_014_WHEEL_FLAT,TRAIN001,-0.014408832866008425,0.06154103189927884,1.065426448581122,30.941648611769637,28.766700324681075,23.476340398339232,116.27198201981004,4.9724100404838,0.32958678461736385,1.6388406370421518,1.6075417026279173,ZONE_02,WHEEL_FLAT,FRONT_BOGIE_AXLE_1,1
25.060000000000002,RUN_014_WHEEL_FLAT,TRAIN001,0.1374154939051623,-0.11181628140940925,1.3563556990751424,30.772743359827057,28.66627408515025,23.440478641521054,114.63172600970577,4.968912358906064,0.3223806189753797,1.601881041898551,1.6205223905611545,ZONE_02,WHEEL_FLAT,FRONT_BOGIE_AXLE_1,1
25.07,RUN_014_WHEEL_FLAT,TRAIN001,0.4095891017793779,0.17492813895015136,1.6628294456421129,30.97948004143319,28.706458598733715,23.428595799404206,112.71180534776944,4.933352051207112,0.30641540918462684,1.5116550874224453,1.7435549475007326,ZONE_02,WHEEL_FLAT,FRONT_BOGIE_AXLE_1,1
25.080000000000002,RUN_014_WHEEL_FLAT,TRAIN001,-0.06818043561576881,-0.027080845051232035,1.136804014287209,30.81384037573827,28.743039318282815,23.45986225700912,116.90658835872006,4.979051073663654,0.31100571874253624,1.5485133578205614,1.643811924207645,ZONE_02,WHEEL_FLAT,FRONT_BOGIE_AXLE_1,1
25.09,RUN_014_WHEEL_FLAT,TRAIN001,0.029886031820551492,0.06446632990232352,1.1108311072000139,30.844829554110728,28.756200139462585,23.420549791355164,114.06422606367812,5.015804098825134,0.3018115779429074,1.5138277497189163,1.6360432988091573,ZONE_02,WHEEL_FLAT,FRONT_BOGIE_AXLE_1,1
25.1,RUN_014_WHEEL_FLAT,TRAIN001,-0.05364029206828222,-0.04468616324881462,1.019494578911015,30.964792741155573,28.78728535873257,23.514391807078777,112.31106129988311,4.914262586600217,0.3104988463948539,1.5258728640207584,1.5824305085807824,ZONE_02,WHEEL_FLAT,FRONT_BOGIE_AXLE_1,1
25.11,RUN_014_WHEEL_FLAT,TRAIN001,-0.03574186392422865,-0.11182679047331047,1.0795115399978696,30.75766251680778,28.67917814998242,23.51419260588209,116.33170831312789,5.044252647081187,0.30090298137759086,1.5178306603285339,1.5887727336851547,ZONE_02,WHEEL_FLAT,FRONT_BOGIE_AXLE_1,1
25.12,RUN_014_WHEEL_FLAT,TRAIN001,0.012579510378411082,-0.025692085875468663,0.8993427610712376,30.77834075677282,28.825189291100944,23.532786231102506,117.43744077675198,4.9999234621654916,0.39065577408285035,1.9532489704672653,1.656655677619078,ZONE_02,WHEEL_FLAT,FRONT_BOGIE_AXLE_1,1
25.13,RUN_014_WHEEL_FLAT,TRAIN001,-0.11631533726660565,0.04817959685719077,1.1558891468879304,30.789662202217922,28.930697949533652,23.463358065795315,115.93697249019517,5.024510777840326,0.38400238598130876,1.9294241270794867,1.5740357492965116,ZONE_02,WHEEL_FLAT,FRONT_BOGIE_AXLE_1,1
25.14,RUN_014_WHEEL_FLAT,TRAIN001,0.01942077069250545,-0.055290117780558805,0.9960883741537446,30.694087918132336,28.755969040300283,23.523458691660775,115.07361179272485,5.042897557128178,0.355989830161957,1.795220244886208,1.5909850009859865,ZONE_02,WHEEL_FLAT,FRONT_BOGIE_AXLE_1,1
25.150000000000002,RUN_014_WHEEL_FLAT,TRAIN001,0.011483481100298915,-0.03910244000672007,0.8229858084616529,30.76124411863955,28.694104954651998,23.477612570886514,115.92122643929955,5.032946630955703,0.34580182208616095,1.740402115446887,1.548472187314547,ZONE_02,WHEEL_FLAT,FRONT_BOGIE_AXLE_1,1
25.16,RUN_014_WHEEL_FLAT,TRAIN001,-0.025155814754343257,0.029656886271753533,0.9036962303824421,30.92918681503926,28.98596217047294,23.46095212339892,114.72748486737551,4.972786189453374,0.32528866180702715,1.6175909650197537,1.5877781289887167,ZONE_02,WHEEL_FLAT,FRONT_BOGIE_AXLE_1,1
25.17,RUN_014_WHEEL_FLAT,TRAIN001,-0.09070356074714393,0.03961823051237949,1.098187051486176,30.682608854588814,28.682408897443384,23.45549797326563,117.52533473921025,5.000615656146877,0.30590990013754304,1.5297378359981255,1.613011008613161,ZONE_02,WHEEL_FLAT,FRONT_BOGIE_AXLE_1,1
25.18,RUN_014_WHEEL_FLAT,TRAIN001,0.025043039279508697,-0.04355661476165624,0.855567118232522,30.862792976788228,28.8756496876317,23.551091855181625,114.00692435921813,4.953304022588669,0.3457662448187063,1.7126853313358765,1.6031022609463037,ZONE_02,WHEEL_FLAT,FRONT_BOGIE_AXLE_1,1
25.19,RUN_014_WHEEL_FLAT,TRAIN001,0.04455171546756801,-0.017304913691283057,1.0332078693004922,30.778560960182936,28.797811029922496,23.512888215345857,115.55233004345574,4.993683922548062,0.33735353617824254,1.6846369298280257,1.581400104909795,ZONE_02,WHEEL_FLAT,FRONT_BOGIE_AXLE_1,1
25.2,RUN_014_WHEEL_FLAT,TRAIN001,-0.022789352543628134,0.034408765047308595,0.980120183529287,30.666715592961346,28.69880525745918,23.511324894614283,115.02700422301938,4.9334855871007735,0.30151130513478624,1.4875016782304114,1.6287974274656793,ZONE_02,WHEEL_FLAT,FRONT_BOGIE_AXLE_1,1
25.21,RUN_014_WHEEL_FLAT,TRAIN001,-0.011523968210686976,0.024340475881572933,1.0390901122764056,30.69762516895673,28.867537394127513,23.496742745587635,113.8282412485654,4.931231954736643,0.32960877794832527,1.6253773383804762,1.585397589573014,ZONE_02,WHEEL_FLAT,FRONT_BOGIE_AXLE_1,1
25.22,RUN_014_WHEEL_FLAT,TRAIN001,0.0720342693375282,-0.11642596698065372,0.9884776618826012,30.700306134882762,28.839159677053093,23.467094034908573,114.58004458169364,4.948626403443086,0.3236383667483232,1.601565366857949,1.6054172871822912,ZONE_02,WHEEL_FLAT,FRONT_BOGIE_AXLE_1,1
25.23,RUN_014_WHEEL_FLAT,TRAIN001,0.10289584027407359,-0.04947828392238591,0.931786913672467,30.827815492239385,28.664268597319396,23.475232917092953,113.7750545198085,5.003439344854978,0.3314479012548031,1.6583794699078893,1.6193442739236235,ZONE_02,WHEEL_FLAT,FRONT_BOGIE_AXLE_1,1
25.240000000000002,RUN_014_WHEEL_FLAT,TRAIN001,-0.040174147458920055,0.05208212610459283,0.9291151970652055,30.670440824605425,28.684794186135225,23.504364899563065,117.04788159007317,5.008740069471398,0.27939566933935833,1.3994202842568253,1.5811874557004975,ZONE_02,WHEEL_FLAT,FRONT_BOGIE_AXLE_1,1
25.25,RUN_014_WHEEL_FLAT,TRAIN001,-0.05395439907063038,-0.02487792063315246,1.0081553435193673,30.765880995002114,28.772969542124983,23.458110821726304,113.94162794090597,5.020349871224802,0.27093623455227334,1.3601946902446382,1.6328362140233925,ZONE_02,WHEEL_FLAT,FRONT_BOGIE_AXLE_1,1
25.26,RUN_014_WHEEL_FLAT,TRAIN001,0.025547975713719792,0.12817231335007795,1.0784839448384673,30.794264198049447,28.918875184050275,23.499351610570017,115.90999881109055,5.015751787285851,0.3044103231176648,1.5268466222456905,1.597325915016956,ZONE_02,WHEEL_FLAT,FRONT_BOGIE_AXLE_1,1
25.27,RUN_014_WHEEL_FLAT,TRAIN001,-0.08076504409502816,-0.04499216760025194,0.9835540781815293,30.902383636904137,28.969667154216353,23.47331203741951,114.58410805588771,4.986383265967104,0.29676778746370364,1.479797929287094,1.5846460848363046,ZONE_02,WHEEL_FLAT,FRONT_BOGIE_AXLE_1,1
25.28,RUN_014_WHEEL_FLAT,TRAIN001,0.10654047372232042,0.00040848730224397965,1.0375352857330769,30.947494685176103,28.71862969387309,23.563380015133813,114.41363928481303,4.960505334329018,0.33146663497803924,1.6442420109606533,1.5589176774415026,ZONE_02,WHEEL_FLAT,FRONT_BOGIE_AXLE_1,1
25.29,RUN_014_WHEEL_FLAT,TRAIN001,-0.026977260802242775,-0.06616724763005241,1.1648602834533266,30.923963667415826,28.738978088110514,23.48926482767269,113.67787135629385,4.9988062304814,0.3250745007726334,1.6249844398328706,1.5925516653439908,ZONE_02,WHEEL_FLAT,FRONT_BOGIE_AXLE_1,1
25.3,RUN_014_WHEEL_FLAT,TRAIN001,0.030001670664827913,-0.0348917770292194,0.9290079804801921,30.57530566488147,28.819762057483363,23.48303669464135,113.99594999880026,4.983037177303117,0.35140892889218567,1.7510837571060285,1.5886490658982244,ZONE_02,WHEEL_FLAT,FRONT_BOGIE_AXLE_1,1
25.310000000000002,RUN_014_WHEEL_FLAT,TRAIN001,0.043416395703989016,0.10506194196909498,1.0751128496179743,30.937357646678652,28.75939312635772,23.49717146819103,114.86905061301118,4.960487087396467,0.32711802708965015,1.6226647494328172,1.6532840388150465,ZONE_02,WHEEL_FLAT,FRONT_BOGIE_AXLE_1,1
25.32,RUN_014_WHEEL_FLAT,TRAIN001,-0.021985788774350406,0.002852306231243147,0.9047874797900222,30.689058032006134,28.74563208342937,23.56143315988958,116.9778861987789,4.985725533466986,0.3200568189226604,1.5957154542629275,1.5907435288957723,ZONE_02,WHEEL_FLAT,FRONT_BOGIE_AXLE_1,1
25.330000000000002,RUN_014_WHEEL_FLAT,TRAIN001,0.049726288855295446,-0.02348566310059523,0.9268060060853488,30.770983148056228,28.691704775787873,23.513709618588578,115.54864962619901,5.005080479317759,0.3422794630564897,1.7131362590154007,1.5792736514240389,ZONE_02,WHEEL_FLAT,FRONT_BOGIE_AXLE_1,1
25.34,RUN_014_WHEEL_FLAT,TRAIN001,0.05850290487469285,-0.035846116278953996,1.1200545662679045,30.822151882553243,28.65548829889697,23.5534257350042,114.98573335656654,4.998453599906587,0.3806700356395225,1.9027615100189401,1.5751617407560163,ZONE_02,WHEEL_FLAT,FRONT_BOGIE_AXLE_1,1
25.35,RUN_014_WHEEL_FLAT,TRAIN001,0.05980874397188869,0.04996351545649534,1.0641693659518034,30.899291174749578,28.71606460453512,23.46277204344448,113.26457767834226,4.9834334125965505,0.2878550771434219,1.4345066094220864,1.5785397285513934,ZONE_02,WHEEL_FLAT,FRONT_BOGIE_AXLE_1,1
25.36,RUN_014_WHEEL_FLAT,TRAIN001,-0.0620821646664225,0.030762318516583922,1.0507744070443055,30.705154889525744,28.875032449701283,23.529211968821187,115.92726667189166,4.987715687212348,0.32087746769349557,1.6004455792878212,1.5471323441227818,ZONE_02,WHEEL_FLAT,FRONT_BOGIE_AXLE_1,1
25.37,RUN_014_WHEEL_FLAT,TRAIN001,-0.012987796021956469,0.10955400158493615,1.042878880515951,30.893702623471036,28.672110926194712,23.457910279464496,115.01367146831485,5.037788832822083,0.31325236345346547,1.5780992584609927,1.606619914755837,ZONE_02,WHEEL_FLAT,FRONT_BOGIE_AXLE_1,1
25.38,RUN_014_WHEEL_FLAT,TRAIN001,-0.020760199825846884,0.05568676608152296,1.021111346677347,30.749480419015036,29.034332956555144,23.486000410509018,114.81216409729988,5.038095755879451,0.37371730098763306,1.8828235480045175,1.5982974993780361,ZONE_02,WHEEL_FLAT,FRONT_BOGIE_AXLE_1,1
25.39,RUN_014_WHEEL_FLAT,TRAIN001,-0.019939704767427104,0.024325674199550413,1.0018479260560158,30.88784248784474,28.8556219812422,23.464143662220362,115.46634329107978,4.969111963121593,0.330271851462797,1.6411578081861022,1.6000575128554988,ZONE_02,WHEEL_FLAT,FRONT_BOGIE_AXLE_1,1
25.400000000000002,RUN_014_WHEEL_FLAT,TRAIN001,-0.030421274309152733,-0.036693284383325954,0.9857288657272064,30.68019147164453,28.770465839943366,23.53081752433423,114.17082171241525,4.9855404993968335,0.32835621592579367,1.637033212726736,1.6321944787195248,ZONE_02,WHEEL_FLAT,FRONT_BOGIE_AXLE_1,1
25.41,RUN_014_WHEEL_FLAT,TRAIN001,0.0689370296409946,0.05329378625133354,1.1049308238419584,30.792479105078012,28.78044505668411,23.491935324615287,114.95356541369496,5.040652000156576,0.36421465725844415,1.8358793405961182,1.5994113047758205,ZONE_02,WHEEL_FLAT,FRONT_BOGIE_AXLE_1,1
25.42,RUN_014_WHEEL_FLAT,TRAIN001,-0.07759223215834832,0.09260557483683104,0.927887811185714,31.064818698675644,29.05538731896895,23.52293345923465,115.74924916021698,5.039104081237994,0.3515728694145467,1.7716122811193946,1.638111871860452,ZONE_02,WHEEL_FLAT,FRONT_BOGIE_AXLE_1,1
25.43,RUN_014_WHEEL_FLAT,TRAIN001,0.007660390606764259,-0.03836415535374628,0.875053325002128,30.849348861938125,28.827376260908803,23.60072471006899,115.70299334591013,5.062535706647589,0.29931343288459444,1.515284941457526,1.5985137266341747,ZONE_02,WHEEL_FLAT,FRONT_BOGIE_AXLE_1,1
25.44,RUN_014_WHEEL_FLAT,TRAIN001,-0.14146894215838127,-0.1386697000350009,0.9222386106167082,30.821700858753573,28.703701541541008,23.46386860207862,113.6912710203323,5.01016357955865,0.30232088386374234,1.5146770816741024,1.6043201661874966,ZONE_02,WHEEL_FLAT,FRONT_BOGIE_AXLE_1,1
25.45,RUN_014_WHEEL_FLAT,TRAIN001,-0.11135766638581338,0.005703132306393739,0.9822866143733795,30.68233240034665,28.783427521047773,23.50844746188748,116.29453599643614,4.980149576313339,0.2990551721512773,1.4893394888834963,1.6194757714597712,ZONE_02,WHEEL_FLAT,FRONT_BOGIE_AXLE_1,1
25.46,RUN_014_WHEEL_FLAT,TRAIN001,0.1752000581164492,0.07818782474738797,0.9682066856955176,30.70396665046332,28.88810465690278,23.617287077014357,115.40931980679588,4.953278718277209,0.33675695470911804,1.6680510569925164,1.6667354810008796,ZONE_02,WHEEL_FLAT,FRONT_BOGIE_AXLE_1,1
25.47,RUN_014_WHEEL_FLAT,TRAIN001,0.051627291985992974,-0.02156831220165751,1.0346553356571833,31.033009446371523,28.836330979802536,23.5330800185821,114.95715908760073,4.97795697397993,0.3439608338174656,1.7122222314776048,1.5865782243419757,ZONE_02,WHEEL_FLAT,FRONT_BOGIE_AXLE_1,1
25.48,RUN_014_WHEEL_FLAT,TRAIN001,0.02141140221271927,-0.1094038356996078,0.9074495059520795,30.919495558108892,29.11122684419427,23.480628309617995,113.88682959878574,4.982196373337654,0.29629031000376554,1.47617650795585,1.5960742887627601,ZONE_02,WHEEL_FLAT,FRONT_BOGIE_AXLE_1,1
25.490000000000002,RUN_014_WHEEL_FLAT,TRAIN001,-0.0751340922042772,-0.06296973320413629,1.0963454315365606,30.803247462592264,28.87560125310002,23.507059132991635,113.87389085176032,4.994553748735222,0.31504831109084824,1.5735257231914965,1.5924066237591608,ZONE_02,WHEEL_FLAT,FRONT_BOGIE_AXLE_1,1
25.5,RUN_014_WHEEL_FLAT,TRAIN001,0.0003820353089341709,0.010228688806515696,0.9375322429193753,30.933913596082284,28.832435978006632,23.443156311447613,115.60371342532967,4.987513495351236,0.31865013364006833,1.5892718418253158,1.6297064858823969,ZONE_02,WHEEL_FLAT,FRONT_BOGIE_AXLE_1,1
25.51,RUN_014_WHEEL_FLAT,TRAIN001,-0.07869224396346469,-0.03849062147279673,0.9531753589527724,30.807663257036076,29.00671127153139,23.592575993760505,115.71019119889826,5.031908286556211,0.3793463200090823,1.9088358911283054,1.5297639166571768,ZONE_02,WHEEL_FLAT,FRONT_BOGIE_AXLE_1,1
25.52,RUN_014_WHEEL_FLAT,TRAIN001,0.1380698055267216,-0.004853591234865505,1.2109399789886413,30.972595697760422,28.827173972057672,23.520424596549244,116.80790594296255,4.979427347929607,0.35369289337086907,1.7611880660192558,1.6476410000479509,ZONE_02,WHEEL_FLAT,FRONT_BOGIE_AXLE_1,1
25.53,RUN_014_WHEEL_FLAT,TRAIN001,0.029610819077415786,-0.032809343071569325,0.9619774121397483,30.945665170948327,28.743927915659654,23.429658978898093,113.22020878810596,5.04363179041802,0.33750401083967757,1.702245958464586,1.600456660700749,ZONE_02,WHEEL_FLAT,FRONT_BOGIE_AXLE_1,1
25.54,RUN_014_WHEEL_FLAT,TRAIN001,0.010900996856463658,0.004125356044966701,0.9678964485689485,30.732113542068763,28.78751103744659,23.465616613477508,112.78697724998705,4.9900679050719265,0.27932069251467156,1.393829222939927,1.6201549851281116,ZONE_02,WHEEL_FLAT,FRONT_BOGIE_AXLE_1,1
25.55,RUN_014_WHEEL_FLAT,TRAIN001,0.0035258490791986916,-0.05275448989871361,0.9814529308527864,31.00407394280719,28.627946361084987,23.483454830749338,114.72399657997259,5.021836549495559,0.31924415068468404,1.6031919441210138,1.6271847594360793,ZONE_02,WHEEL_FLAT,FRONT_BOGIE_AXLE_1,1
25.560000000000002,RUN_014_WHEEL_FLAT,TRAIN001,0.0012510570153419496,-0.020484490831060347,0.8442415248104107,30.839484652738978,28.768349888022843,23.56848248415529,115.6490886849721,5.0218141531577425,0.30524115815705727,1.532864368159371,1.6170495440732249,ZONE_02,WHEEL_FLAT,FRONT_BOGIE_AXLE_1,1
25.57,RUN_014_WHEEL_FLAT,TRAIN001,0.006289305323374381,-0.023226536783693172,0.935304337485739,30.80191599487832,28.730950965963746,23.487392682080753,114.57056424639431,5.001262764867637,0.3078243659630225,1.5395105396098532,1.5735292227299815,ZONE_02,WHEEL_FLAT,FRONT_BOGIE_AXLE_1,1
25.580000000000002,RUN_014_WHEEL_FLAT,TRAIN001,-0.07479829792703031,-0.03870355981564688,1.1409363497546652,30.84812364736512,28.819897508849504,23.46232379987758,115.7249802984894,5.001759831809039,0.3048508025338122,1.5247904988083711,1.5694603599245769,ZONE_02,WHEEL_FLAT,FRONT_BOGIE_AXLE_1,1
25.59,RUN_014_WHEEL_FLAT,TRAIN001,-0.20962017927649393,0.10425242093062301,1.7937740665587443,30.98061289949139,28.67402778903636,23.492932374323082,113.91887032384902,5.006541072276463,0.31750108332300464,1.5895822141488944,1.731845237639024,ZONE_02,WHEEL_FLAT,FRONT_BOGIE_AXLE_1,1
25.6,RUN_014_WHEEL_FLAT,TRAIN001,-0.07627508436153897,0.028949477463013087,1.3670071609851755,31.078503513064277,28.767761723573553,23.53815700159106,116.93927518889669,4.997992889132459,0.3059631564427071,1.5292016802371724,1.6706940894224895,ZONE_02,WHEEL_FLAT,FRONT_BOGIE_AXLE_1,1
25.61,RUN_014_WHEEL_FLAT,TRAIN001,0.06520766083561294,0.13082222886189582,1.1422741020307012,30.625814054502527,28.751376884658175,23.50518864489847,115.68020825958467,5.023796994818496,0.3379424284738989,1.6977541565888377,1.6103112246434936,ZONE_02,WHEEL_FLAT,FRONT_BOGIE_AXLE_1,1
25.62,RUN_014_WHEEL_FLAT,TRAIN001,-0.07559089221610901,-0.0034116292143121997,0.9914974272968201,30.900732129754815,28.817505587901966,23.453840175056417,113.16975266415307,5.029400023206689,0.31644954784766893,1.5915513632888123,1.5761098510565383,ZONE_02,WHEEL_FLAT,FRONT_BOGIE_AXLE_1,1
25.63,RUN_014_WHEEL_FLAT,TRAIN001,0.029758652602844403,-0.09270503729375176,0.913742978848409,30.990501376897306,28.66862035932467,23.481930405507672,114.62206335417189,5.032424110116311,0.32850165296712686,1.6531596386048306,1.5772161256822537,ZONE_02,WHEEL_FLAT,FRONT_BOGIE_AXLE_1,1
25.64,RUN_014_WHEEL_FLAT,TRAIN001,0.0997598940212439,-0.11740278117357043,0.9913364130309551,30.817597172127883,28.772993558091606,23.57314569084313,114.02555899479066,5.045626095284198,0.3373732093665416,1.7022590690296013,1.5664611185130022,ZONE_02,WHEEL_FLAT,FRONT_BOGIE_AXLE_1,1
25.650000000000002,RUN_014_WHEEL_FLAT,TRAIN001,0.004522803342095059,0.019436472137612872,0.9382534140647859,31.00149061013859,28.808554532976864,23.613394775969166,115.15129993454916,5.009888347626649,0.3420400082561743,1.7135822517847306,1.6454994932456177,ZONE_02,WHEEL_FLAT,FRONT_BOGIE_AXLE_1,1
25.66,RUN_014_WHEEL_FLAT,TRAIN001,0.08464882472435839,-0.1135004326122553,1.2049739732860358,30.873366373165425,28.804449198687195,23.470310839324714,114.70199014860684,5.044102543858132,0.30284834047832876,1.527598084609952,1.5941672569976264,ZONE_02,WHEEL_FLAT,FRONT_BOGIE_AXLE_1,1
25.67,RUN_014_WHEEL_FLAT,TRAIN001,0.048857381978094284,-0.11454851308506152,1.0086664569264268,30.752788085839136,28.786662192805984,23.47301438526544,112.57924211117405,5.020281229895036,0.33066953316020636,1.6600540506223382,1.6681063551942086,ZONE_02,WHEEL_FLAT,FRONT_BOGIE_AXLE_1,1
25.68,RUN_014_WHEEL_FLAT,TRAIN001,0.0030600468225164584,0.0035827149205612074,0.9255320415906443,30.95962870618483,28.83688241389044,23.45272109727865,115.27495627546281,5.034948085533228,0.3617211841437888,1.8212473836015814,1.626638060716995,ZONE_02,WHEEL_FLAT,FRONT_BOGIE_AXLE_1,1
25.69,RUN_014_WHEEL_FLAT,TRAIN001,0.0022296944236131415,0.07927530685493987,0.8148740926204072,30.90203440356815,28.862963963684376,23.509873102801894,117.27303962513902,4.951929936464181,0.3201586405020501,1.5854031563197755,1.5736869647998322,ZONE_02,WHEEL_FLAT,FRONT_BOGIE_AXLE_1,1
25.7,RUN_014_WHEEL_FLAT,TRAIN001,0.08590167409229654,0.028030395780752407,1.0126272070762254,30.79232258650387,28.683881676130394,23.508226060977318,115.90433958905619,4.997954663674693,0.3732117066781656,1.8652951899301293,1.6049420091973048,ZONE_02,WHEEL_FLAT,FRONT_BOGIE_AXLE_1,1
25.71,RUN_014_WHEEL_FLAT,TRAIN001,0.05009062066571855,-0.030393005110986363,0.9187722763421879,30.679629878901363,28.874968260189483,23.471668411848125,115.03936758376211,4.9858390082622135,0.3215254523698997,1.6030741425750004,1.5824342936951568,ZONE_02,WHEEL_FLAT,FRONT_BOGIE_AXLE_1,1
25.72,RUN_014_WHEEL_FLAT,TRAIN001,0.04979598046331255,0.04389147539223355,0.9753151286852728,30.918524778616803,28.8374863884406,23.41723074793547,113.79318435131073,4.986688467607194,0.33860590486244385,1.6885221608412475,1.6357840916981876,ZONE_02,WHEEL_FLAT,FRONT_BOGIE_AXLE_1,1
25.73,RUN_014_WHEEL_FLAT,TRAIN001,0.05405851753021196,0.06212040387937406,1.0102328444585027,30.86514302752961,28.94159900934513,23.471024002233502,114.44852596090522,4.9789010887350695,0.3673538347876533,1.82901840797525,1.5630272375468992,ZONE_02,WHEEL_FLAT,FRONT_BOGIE_AXLE_1,1
25.740000000000002,RUN_014_WHEEL_FLAT,TRAIN001,0.0335737262614422,-0.13216363678244503,1.0620053600965615,30.984176751208622,28.870715738757404,23.48979867666102,115.76289726898074,5.017929334520447,0.3531486262233816,1.7720748509719035,1.5352193370800513,ZONE_02,WHEEL_FLAT,FRONT_BOGIE_AXLE_1,1
25.75,RUN_014_WHEEL_FLAT,TRAIN001,0.015605643296243933,0.024056479694849288,0.9564623643988069,30.92711374919182,28.825179358350237,23.46885945446454,112.61113055083453,5.016235765200459,0.32729364627443147,1.6417820941646712,1.5895663349081415,ZONE_02,WHEEL_FLAT,FRONT_BOGIE_AXLE_1,1
25.76,RUN_014_WHEEL_FLAT,TRAIN001,-0.00521219440206186,0.0592364568892105,0.9729374298312845,30.886545009350506,28.864627890389276,23.46105752493989,114.43851779972161,5.025482457364512,0.3194198373738202,1.6052387892563587,1.6390325467777929,ZONE_02,WHEEL_FLAT,FRONT_BOGIE_AXLE_1,1
25.77,RUN_014_WHEEL_FLAT,TRAIN001,0.03207249342925381,-0.05507699267441705,1.0647336156552334,30.872524239192252,28.81874363137224,23.504444913198363,114.09818909967447,4.948939932517896,0.34844645211121555,1.7244405611973794,1.6079925307178,ZONE_02,WHEEL_FLAT,FRONT_BOGIE_AXLE_1,1
25.78,RUN_014_WHEEL_FLAT,TRAIN001,0.05574963978392838,0.006154714609200076,1.126768163248935,30.871692119663546,28.895997439001896,23.532017423826208,114.73569395538571,5.033041621368676,0.31852578132657816,1.6031535148956455,1.5996138382481029,ZONE_02,WHEEL_FLAT,FRONT_BOGIE_AXLE_1,1
25.79,RUN_014_WHEEL_FLAT,TRAIN001,-0.029797622350651233,-0.0822104660878022,0.9157784216666697,30.802065954472887,28.858865918689325,23.38889777149338,112.13802937548813,4.93281692770304,0.3711474251956127,1.8308023016783161,1.635526111118863,ZONE_02,WHEEL_FLAT,FRONT_BOGIE_AXLE_1,1
25.8,RUN_014_WHEEL_FLAT,TRAIN001,0.06995195011775684,-0.01059431493783316,1.1369863284327997,31.116365062084878,28.588269333639698,23.57381177095057,113.55722632939009,4.979267969436157,0.3391922836062161,1.688929273240337,1.5871524057025335,ZONE_02,WHEEL_FLAT,FRONT_BOGIE_AXLE_1,1
25.810000000000002,RUN_014_WHEEL_FLAT,TRAIN001,0.0469052816593719,-0.0920218454988298,1.1167786884683588,30.87416754594757,28.99077629830062,23.495551323001056,113.76883610878527,4.978389820562538,0.3378287098106925,1.6818430100153272,1.6018264959500397,ZONE_02,WHEEL_FLAT,FRONT_BOGIE_AXLE_1,1
25.82,RUN_014_WHEEL_FLAT,TRAIN001,-0.018494838231436057,0.03677555518479394,1.000230106331311,30.898804685074843,29.007333230913186,23.533181201554086,115.0526979723179,5.035244424826289,0.3276380462269447,1.6497376456252013,1.6189927948070246,ZONE_02,WHEEL_FLAT,FRONT_BOGIE_AXLE_1,1
25.830000000000002,RUN_014_WHEEL_FLAT,TRAIN001,-0.0788609257386815,-0.00630788113198087,0.9618411055402035,31.051821601146095,28.816548196420403,23.512545823062744,115.67684986670275,4.963094450624566,0.3254879078284187,1.6154272290886251,1.6454615060385946,ZONE_02,WHEEL_FLAT,FRONT_BOGIE_AXLE_1,1
25.84,RUN_014_WHEEL_FLAT,TRAIN001,-0.10914893596737668,-0.04243472104342999,1.1140145698045627,30.76679970001815,28.79127791159017,23.565485399236696,114.07913781741183,4.970953264951107,0.33225418771915494,1.6516200392362113,1.6065090181976942,ZONE_02,WHEEL_FLAT,FRONT_BOGIE_AXLE_1,1
25.85,RUN_014_WHEEL_FLAT,TRAIN001,-0.022729683850914825,-0.004103134915300048,0.8622435036497019,30.999121578508543,28.764668224033645,23.512598655946217,114.47053822995998,5.025462637871025,0.3306265081953837,1.661551164025659,1.6012441543224714,ZONE_02,WHEEL_FLAT,FRONT_BOGIE_AXLE_1,1
25.86,RUN_014_WHEEL_FLAT,TRAIN001,0.03912303021731589,-0.04497893194092601,0.9414151166272209,31.053519912423102,28.84827021539117,23.544293629373396,116.82190678367924,5.003460295419607,0.3397576588545549,1.6999639561434852,1.5858779836680639,ZONE_02,WHEEL_FLAT,FRONT_BOGIE_AXLE_1,1
25.87,RUN_014_WHEEL_FLAT,TRAIN001,-0.05540717916106102,-0.006875538201328108,1.1683725890505108,30.927196705575255,28.712775377827715,23.499890835426715,114.13332040975375,4.969423096077584,0.3479186969781502,1.728955208320438,1.6009258683574519,ZONE_02,WHEEL_FLAT,FRONT_BOGIE_AXLE_1,1
25.88,RUN_014_WHEEL_FLAT,TRAIN001,-0.05208864128080934,-0.010547428833510796,0.9933983964235458,30.869307600977535,28.80912108578843,23.40546413208468,115.2856288914042,4.98978961459476,0.32877896808152685,1.6405378804303847,1.6011418751361193,ZONE_02,WHEEL_FLAT,FRONT_BOGIE_AXLE_1,1
25.89,RUN_014_WHEEL_FLAT,TRAIN001,-0.09635156202070479,-0.03236052228935276,1.1033533531301545,30.698093134823427,29.075554337861462,23.455886399613057,117.20594742968782,4.983532401368073,0.34028065026246074,1.6957996461415705,1.6169583726164942,ZONE_02,WHEEL_FLAT,FRONT_BOGIE_AXLE_1,1
25.900000000000002,RUN_014_WHEEL_FLAT,TRAIN001,0.029594939653420443,-0.027307566282079174,1.0446980903998955,30.883529987086863,28.90377948831726,23.493513279840524,115.01361873748812,4.925327430329641,0.3060786161200911,1.5075374038136207,1.5715249716716988,ZONE_02,WHEEL_FLAT,FRONT_BOGIE_AXLE_1,1
25.91,RUN_014_WHEEL_FLAT,TRAIN001,-0.010083174221267126,-0.023870946812449383,1.1318501194026616,30.92249795569879,28.883008787556932,23.50252896482579,115.17342327298803,4.965711190325578,0.3444489566940837,1.710434038751782,1.5882369214232201,ZONE_02,WHEEL_FLAT,FRONT_BOGIE_AXLE_1,1
25.92,RUN_014_WHEEL_FLAT,TRAIN001,0.10122636567732886,0.013209682809652705,1.0827143897777862,30.991273272386493,28.766588234837535,23.52809589455252,115.23558461964403,5.033216266637534,0.34836133366368166,1.753377931263588,1.5991343999914926,ZONE_02,WHEEL_FLAT,FRONT_BOGIE_AXLE_1,1
25.93,RUN_014_WHEEL_FLAT,TRAIN001,-0.0644102007316222,-0.033678610312575366,0.9694342447375308,30.88027562062471,28.905489456768667,23.50646729844198,115.54797587154752,4.97036465972061,0.34215591561900505,1.7006396711070497,1.640366203065672,ZONE_02,WHEEL_FLAT,FRONT_BOGIE_AXLE_1,1
25.94,RUN_014_WHEEL_FLAT,TRAIN001,-0.015922714601390452,0.0016581589387776204,0.9871076852021013,30.804886428406625,28.87888597585082,23.493900750768862,115.25182063770431,5.052606220372958,0.3458331270536936,1.747358608962524,1.6036391065403255,ZONE_02,WHEEL_FLAT,FRONT_BOGIE_AXLE_1,1
25.95,RUN_014_WHEEL_FLAT,TRAIN001,-0.004049255361072023,0.00024097426782339844,1.1320941454674285,30.841674722487973,29.100280019220193,23.474960171716923,116.25636810928846,5.028300680872458,0.32343186422625736,1.6263126631047382,1.5910955036343102,ZONE_02,WHEEL_FLAT,FRONT_BOGIE_AXLE_1,1
25.96,RUN_014_WHEEL_FLAT,TRAIN001,0.1808936889898918,0.043711656241473724,0.9344796734279549,30.95257248636767,28.81712558940758,23.494359394908322,116.28530276034414,5.011884625386758,0.3272806315796064,1.6402927656006971,1.5828088814974373,ZONE_02,WHEEL_FLAT,FRONT_BOGIE_AXLE_1,1
25.97,RUN_014_WHEEL_FLAT,TRAIN001,-0.010032792636992784,0.03190910187578307,0.9480206404619527,30.803042147921254,28.962149768859742,23.492332547824773,116.60398646160917,4.988105272099267,0.36084602711518343,1.7999379702693215,1.542414151114502,ZONE_02,WHEEL_FLAT,FRONT_BOGIE_AXLE_1,1
25.98,RUN_014_WHEEL_FLAT,TRAIN001,-0.08713342616481094,-0.023402259585959376,0.9782675723161651,31.197679690086932,28.867856317000435,23.540885091628912,115.76956902914104,4.9898295332942055,0.3519641127951811,1.7562409246850876,1.590346226453585,ZONE_02,WHEEL_FLAT,FRONT_BOGIE_AXLE_1,1
25.990000000000002,RUN_014_WHEEL_FLAT,TRAIN001,-0.015689143243392538,0.07591448340379603,1.1096133868828006,31.05365528843069,28.799217068890812,23.535910512885664,115.23332261575956,4.952419165376439,0.3328494436596415,1.6484099639648935,1.6791131885053634,ZONE_02,WHEEL_FLAT,FRONT_BOGIE_AXLE_1,1
26.0,RUN_014_WHEEL_FLAT,TRAIN001,0.05168606002652336,0.08220816347266262,0.7813605751809372,30.872596078907204,28.79603626468101,23.49201748713774,117.14232446185264,5.00281736089785,0.3220884367751522,1.6113496232431808,1.613186588239081,ZONE_02,WHEEL_FLAT,FRONT_BOGIE_AXLE_1,1
26.01,RUN_014_WHEEL_FLAT,TRAIN001,-0.003778586307053962,-0.029509630239579362,0.9082855315586826,30.976043395995724,28.950932492599588,23.51855075419125,116.72168875264705,5.031917191575957,0.36899307117241464,1.8567425784048839,1.6143553249337301,ZONE_02,WHEEL_FLAT,FRONT_BOGIE_AXLE_1,1
26.02,RUN_014_WHEEL_FLAT,TRAIN001,0.0790609966549216,-0.07889496427426922,1.0641552759260036,30.96644713461137,28.8856864880113,23.50419796644815,114.37197422110822,5.008074472020499,0.33125558991184617,1.6589526635516079,1.6183429181622395,ZONE_02,WHEEL_FLAT,FRONT_BOGIE_AXLE_1,1
26.03,RUN_014_WHEEL_FLAT,TRAIN001,0.03785094226951311,-0.004106509490888797,1.1116063250963146,30.879169161344908,28.85399476900665,23.406952614408652,116.38619447752504,5.043743635601216,0.31226512090253605,1.5749852161724105,1.5793648640510916,ZONE_02,WHEEL_FLAT,FRONT_BOGIE_AXLE_1,1
26.04,RUN_014_WHEEL_FLAT,TRAIN001,-0.011943599135480584,-0.02452314317100005,1.0338830455837227,31.038678402671497,28.935061081619814,23.622661338604058,115.33657612284266,5.050280012105114,0.3699447717518188,1.868324686360999,1.6213674250579861,ZONE_02,WHEEL_FLAT,FRONT_BOGIE_AXLE_1,1
26.05,RUN_014_WHEEL_FLAT,TRAIN001,-0.09139293464791429,-0.11925019353021897,1.1089230144807252,30.93783609446221,28.878805036881513,23.456441399527456,113.25605644437381,5.068805885644174,0.35290630628090885,1.7888135623576165,1.591988929126343,ZONE_02,WHEEL_FLAT,FRONT_BOGIE_AXLE_1,1
26.060000000000002,RUN_014_WHEEL_FLAT,TRAIN001,0.03725910786748822,-0.09621806585622404,0.9445008652571643,30.854022366430105,28.814485825606702,23.447545792760533,115.18499121317063,4.95904657807794,0.3273772049629932,1.6234788080124518,1.6286648536770523,ZONE_02,WHEEL_FLAT,FRONT_BOGIE_AXLE_1,1
26.07,RUN_014_WHEEL_FLAT,TRAIN001,0.09325195422419028,0.0467390096371001,0.9214129132382428,31.07312581859147,28.73201344637755,23.451973604499468,113.59982512275599,4.947813453570049,0.3444426517794606,1.7042379864577588,1.60274540930863,ZONE_02,WHEEL_FLAT,FRONT_BOGIE_AXLE_1,1
26.080000000000002,RUN_014_WHEEL_FLAT,TRAIN001,0.008316575464643454,-0.025636644547913687,1.1309998148442264,30.887092643580253,28.83801720723625,23.447416107580768,115.74377192138641,5.031468953726287,0.3730214340088971,1.8768457642902245,1.5782871719220843,ZONE_02,WHEEL_FLAT,FRONT_BOGIE_AXLE_1,1
26.09,RUN_014_WHEEL_FLAT,TRAIN001,-0.004654739217641246,-0.11647705639570483,0.9295374595664774,30.844692723547276,28.728148869509734,23.542735536269554,115.92155714403482,5.038292752888009,0.3513937126767239,1.7704243959895494,1.5701369184651175,ZONE_02,WHEEL_FLAT,FRONT_BOGIE_AXLE_1,1
26.1,RUN_014_WHEEL_FLAT,TRAIN001,-0.12173210851117809,-0.03177087713205682,1.149020072471946,30.990189539318333,28.784907597059437,23.63940810270681,115.31437103615526,5.004796484938725,0.30816271250568483,1.5422916603376344,1.571960073361358,ZONE_02,WHEEL_FLAT,FRONT_BOGIE_AXLE_1,1
26.11,RUN_014_WHEEL_FLAT,TRAIN001,0.20670000900632401,0.18536988112595024,1.4138647450146078,30.89225418807555,28.92497426717149,23.48064780987371,114.1086100051126,5.007359515306716,0.35573082342543155,1.7812721235672277,1.7754193936520566,ZONE_02,WHEEL_FLAT,FRONT_BOGIE_AXLE_1,1
26.12,RUN_014_WHEEL_FLAT,TRAIN001,-0.2738333808513599,0.1429025843074198,1.241773463315953,30.91019643297826,28.87257740225488,23.486137498600563,114.9289060048786,5.024177122675156,0.3193570904585374,1.604506587845884,1.6677512942966837,ZONE_02,WHEEL_FLAT,FRONT_BOGIE_AXLE_1,1
26.13,RUN_014_WHEEL_FLAT,TRAIN001,-0.07046564879047153,0.011940573777949121,0.8882934188783153,31.013739705474737,28.79237121142421,23.511045103367493,116.67163824481591,5.057054992095111,0.3070808463501019,1.5529247270115745,1.574884662512563,ZONE_02,WHEEL_FLAT,FRONT_BOGIE_AXLE_1,1
26.14,RUN_014_WHEEL_FLAT,TRAIN001,0.04447111686166871,-0.016528497206351585,0.852172892787265,31.195880512431234,28.88568880643312,23.484587989607153,113.50755498122757,5.055835011539718,0.36677193637509187,1.8543383971754073,1.557434375082582,ZONE_02,WHEEL_FLAT,FRONT_BOGIE_AXLE_1,1
26.150000000000002,RUN_014_WHEEL_FLAT,TRAIN001,0.0066505227645530214,0.04126522572000546,0.8697763697624327,30.815144495729186,28.812790140615906,23.488690453415284,116.9830019624619,4.987114622153402,0.33884365679899425,1.6898521554461932,1.6946173682588705,ZONE_02,WHEEL_FLAT,FRONT_BOGIE_AXLE_1,1
26.16,RUN_014_WHEEL_FLAT,TRAIN001,-0.07459721579663553,0.030478519546944527,1.0428681160835673,30.893722148805736,28.97037291266622,23.42393732053731,114.47463492543862,4.997950270966062,0.30854851408195827,1.5421101295620991,1.6615443307698952,ZONE_02,WHEEL_FLAT,FRONT_BOGIE_AXLE_1,1
26.17,RUN_014_WHEEL_FLAT,TRAIN001,0.03193901356561838,-0.10495931906656918,0.9350042866753292,30.968063956945073,29.006531284657644,23.469592975366965,114.79063839666108,4.970511946752793,0.3321572147674019,1.6509914042015044,1.5860931739242414,ZONE_02,WHEEL_FLAT,FRONT_BOGIE_AXLE_1,1
26.18,RUN_014_WHEEL_FLAT,TRAIN001,0.037381080374723125,-0.015197543370393977,0.846695670934569,30.813975281745726,28.875206287201088,23.5069751746861,112.18073597720398,5.019970806953915,0.344575336781779,1.7297581314408441,1.5746519624615714,ZONE_02,WHEEL_FLAT,FRONT_BOGIE_AXLE_1,1
26.19,RUN_014_WHEEL_FLAT,TRAIN001,0.03759513210890941,0.027248664957186922,0.9904651826277253,30.77028131338697,28.921930817467064,23.478140838792477,113.01454445456159,5.003314496272796,0.3457136472754771,1.7297141029727348,1.5995406029986123,ZONE_02,WHEEL_FLAT,FRONT_BOGIE_AXLE_1,1
26.2,RUN_014_WHEEL_FLAT,TRAIN001,0.045218988961675685,-0.06555271207295163,0.9244921750314482,30.92533953965201,28.89842304159087,23.440587333836117,115.64845906912169,5.016214270859975,0.3341655390765318,1.6762459459453154,1.5763932571890291,ZONE_02,WHEEL_FLAT,FRONT_BOGIE_AXLE_1,1
26.21,RUN_014_WHEEL_FLAT,TRAIN001,0.03681379364621765,0.07483547989626338,0.9432030684798087,31.001902720145,28.90112344261037,23.444211888779993,112.95050962808962,5.0760653901634445,0.3065325470188769,1.5559792528811698,1.6260815445793995,ZONE_02,WHEEL_FLAT,FRONT_BOGIE_AXLE_1,1
26.22,RUN_014_WHEEL_FLAT,TRAIN001,-0.15920033365307584,0.038364777983449554,0.8852036285402112,30.827298371423094,28.926155838329713,23.561898995140453,115.15751205837729,5.01027818478956,0.34727651175421814,1.7399519309319744,1.6319512986903677,ZONE_02,WHEEL_FLAT,FRONT_BOGIE_AXLE_1,1
26.23,RUN_014_WHEEL_FLAT,TRAIN001,-0.04498721235170935,-0.08493448392649992,0.996838415732058,30.86868122340501,28.82131077184625,23.444702451023435,114.39515379063576,4.9921563264353,0.3196506571620279,1.5957460504006187,1.60492997370388,ZONE_02,WHEEL_FLAT,FRONT_BOGIE_AXLE_1,1
26.240000000000002,RUN_014_WHEEL_FLAT,TRAIN001,-0.10780149490290122,-0.07378027776302189,1.015665841846596,30.718077321507945,28.776627360000766,23.44507255203134,116.85650978844642,4.996857616241532,0.33384621168530776,1.6681819855131128,1.5556430516611306,ZONE_02,WHEEL_FLAT,FRONT_BOGIE_AXLE_1,1
26.25,RUN_014_WHEEL_FLAT,TRAIN001,-0.04755022418592999,-0.05026969243419829,1.063818734506688,30.886789155812142,28.92775330636818,23.51934252093098,117.88949778668129,4.969170428212173,0.30649909458616775,1.5230462370913906,1.5900610223880751,ZONE_02,WHEEL_FLAT,FRONT_BOGIE_AXLE_1,1
26.26,RUN_014_WHEEL_FLAT,TRAIN001,0.05717004585280354,0.006167335200200774,1.0879549357936438,30.991949026331937,28.88533294581057,23.504875272192507,114.55789627925638,4.968202854664651,0.3051693731529162,1.5161433508545403,1.6256405591760537,ZONE_02,WHEEL_FLAT,FRONT_BOGIE_AXLE_1,1
26.27,RUN_014_WHEEL_FLAT,TRAIN001,-0.006044848989026325,-0.007558441058481601,0.828778885754645,31.020927075697443,28.855284710524483,23.500724375571483,113.52883932371765,5.026161403931109,0.3459616359318551,1.738859021761556,1.6360678464873917,ZONE_02,WHEEL_FLAT,FRONT_BOGIE_AXLE_1,1
26.28,RUN_014_WHEEL_FLAT,TRAIN001,0.024234809277040352,-0.07145059551712789,1.0435367979913468,30.735955409872098,28.901141932069912,23.493356498071854,114.18905208608771,5.026411725849037,0.34032658979370045,1.7106215615572713,1.6064738602165538,ZONE_02,WHEEL_FLAT,FRONT_BOGIE_AXLE_1,1
26.29,RUN_014_WHEEL_FLAT,TRAIN001,0.0670756730668543,-0.008295623667313491,1.0879449116838253,30.84283773762592,29.026900712568512,23.563789644341355,113.74603624712442,4.982919599954546,0.3379170125537233,1.6838133050120343,1.596988762993892,ZONE_02,WHEEL_FLAT,FRONT_BOGIE_AXLE_1,1
26.3,RUN_014_WHEEL_FLAT,TRAIN001,-0.04559406203203102,-0.011419367628699967,1.0453925218721998,31.0537950852234,29.019497592814233,23.467047803277293,111.39948668748934,4.9969227185542096,0.33622785377112163,1.6801046011196403,1.5744930271281916,ZONE_02,WHEEL_FLAT,FRONT_BOGIE_AXLE_1,1
26.310000000000002,RUN_014_WHEEL_FLAT,TRAIN001,-0.014546742277301683,0.08100959651838201,1.0053371354392067,30.942279920394142,28.99939477598797,23.55185907031053,115.6589112175426,5.003087669238206,0.3499249637262313,1.7507052711773343,1.5823847436902494,ZONE_02,WHEEL_FLAT,FRONT_BOGIE_AXLE_1,1
26.32,RUN_014_WHEEL_FLAT,TRAIN001,-0.03518795669080212,-0.08013790757179273,1.0171878563241203,30.836546863387994,28.894256602965786,23.531941066052905,116.82612701414651,4.936010549787645,0.3594915405776645,1.7744540368507655,1.609473474081743,ZONE_02,WHEEL_FLAT,FRONT_BOGIE_AXLE_1,1
26.330000000000002,RUN_014_WHEEL_FLAT,TRAIN001,0.04004137293900959,0.008510876369864995,1.0002937478588099,30.953279854372646,28.827187854212877,23.498419577208118,114.51634732557467,5.015119588797926,0.3166264752069304,1.5879196381423175,1.5748775764158522,ZONE_02,WHEEL_FLAT,FRONT_BOGIE_AXLE_1,1
26.34,RUN_014_WHEEL_FLAT,TRAIN001,0.028524280980745876,0.015585070857726402,0.9101009901473153,30.797357175891662,28.8754144809947,23.47936132899828,114.1319544009424,5.044664481685724,0.31773372117037657,1.6028600178220342,1.5822028489579514,ZONE_02,WHEEL_FLAT,FRONT_BOGIE_AXLE_1,1
26.35,RUN_014_WHEEL_FLAT,TRAIN001,0.027991724608988244,0.01851320028895841,0.9928283706842017,30.955752103979982,28.959807886467594,23.510423082711878,115.57411065341115,4.984631191106393,0.3048617892628432,1.5196235837360723,1.627461442183321,ZONE_02,WHEEL_FLAT,FRONT_BOGIE_AXLE_1,1
26.36,RUN_014_WHEEL_FLAT,TRAIN001,0.03662494803937092,-0.031128958339464326,0.9078820572917512,31.0173162654896,28.735562825842322,23.561959330583996,113.6052145927888,4.9854411103313945,0.30551350201122257,1.5231195726880622,1.6536728469701152,ZONE_02,WHEEL_FLAT,FRONT_BOGIE_AXLE_1,1
26.37,RUN_014_WHEEL_FLAT,TRAIN001,0.020382738397681795,-0.1203392808020397,0.8046321575407567,30.918668144582913,28.857921807656556,23.40506596716764,116.8673490647495,4.992080716583577,0.3122256967790019,1.5586558801123265,1.5974114768146845,ZONE_02,WHEEL_FLAT,FRONT_BOGIE_AXLE_1,1
26.38,RUN_014_WHEEL_FLAT,TRAIN001,0.03078921187002375,-0.041833377848770815,0.9525372289570768,30.952904179733242,28.7677270010135,23.53488808578674,115.20962822257083,4.996885836616491,0.33183392106133563,1.658136220260303,1.6338431887566496,ZONE_02,WHEEL_FLAT,FRONT_BOGIE_AXLE_1,1
26.39,RUN_014_WHEEL_FLAT,TRAIN001,0.09625983543422044,-0.04703159867856604,0.9435936185940289,30.947442381368685,28.810401967897604,23.49294676825042,115.86924675110144,5.07070033043497,0.33005575995102554,1.6736138510456302,1.6107733581708792,ZONE_02,WHEEL_FLAT,FRONT_BOGIE_AXLE_1,1
26.400000000000002,RUN_014_WHEEL_FLAT,TRAIN001,0.03157768218999882,-0.04052324221511898,0.9603802839003837,30.864993415637198,29.02893597059273,23.48668652497031,115.40491607373745,5.026261691740035,0.3419590411262461,1.718775628557006,1.590144709212796,ZONE_02,WHEEL_FLAT,FRONT_BOGIE_AXLE_1,1
26.41,RUN_014_WHEEL_FLAT,TRAIN001,0.02038196816800151,0.036768656971443395,1.0355412446582175,30.997910477959028,28.81215566590301,23.578155744122466,116.57362889603888,5.01793981833992,0.3021306897711965,1.5160736185453927,1.5620851197443937,ZONE_02,WHEEL_FLAT,FRONT_BOGIE_AXLE_1,1
26.42,RUN_014_WHEEL_FLAT,TRAIN001,0.03871912868527934,0.08582998817580816,0.9620192291744529,30.91718986553328,28.960945982814025,23.563018618496844,114.75036801046028,4.988669787704229,0.2954166445834836,1.4737360896185827,1.5677089196705576,ZONE_02,WHEEL_FLAT,FRONT_BOGIE_AXLE_1,1
26.43,RUN_014_WHEEL_FLAT,TRAIN001,-0.014583338108682092,-0.055999855153962115,0.9376905509224861,30.89614286801331,29.022630807795988,23.571055934175554,115.01032169107133,4.963535614583339,0.33293821497088616,1.6525506874637974,1.5717543537143355,ZONE_02,WHEEL_FLAT,FRONT_BOGIE_AXLE_1,1
26.44,RUN_014_WHEEL_FLAT,TRAIN001,0.0531813765776799,0.09901542691242611,0.9537046640986158,30.865796931780668,28.90061467462465,23.45112919474706,116.19134724290716,4.9794853660976,0.337196608258845,1.6790655763226638,1.5904426055620773,ZONE_02,WHEEL_FLAT,FRONT_BOGIE_AXLE_1,1
26.45,RUN_014_WHEEL_FLAT,TRAIN001,-0.11407594831110329,-0.13403704979728343,0.9867806691988871,31.036029896452593,28.729612033360553,23.5832231733263,115.01993847818167,5.0002065064156405,0.31767792495923836,1.5884552273258032,1.5570553691272895,ZONE_02,WHEEL_FLAT,FRONT_BOGIE_AXLE_1,1
26.46,RUN_014_WHEEL_FLAT,TRAIN001,0.013601578561449265,-0.014058986000502203,1.144623948272809,31.055886652224082,28.825313872276727,23.559171457384643,114.98031031004005,4.991747038262155,0.3159545706334,1.5771652921846653,1.580191826753266,ZONE_02,WHEEL_FLAT,FRONT_BOGIE_AXLE_1,1
26.47,RUN_014_WHEEL_FLAT,TRAIN001,0.06892126715767272,-0.07081158316869485,1.0352010210227227,30.877424469028988,28.651964000873345,23.46761812104754,113.7569672555418,5.053388036219546,0.29909185945325506,1.5114272242917368,1.5624785768834366,ZONE_02,WHEEL_FLAT,FRONT_BOGIE_AXLE_1,1
26.48,RUN_014_WHEEL_FLAT,TRAIN001,0.08750452847054561,0.022743478488591123,0.9559172583802434,30.87686993304868,28.76017923370693,23.475453578442472,114.67578363954091,5.0140029650036775,0.3320970295578692,1.66513549087207,1.5620942644801554,ZONE_02,WHEEL_FLAT,FRONT_BOGIE_AXLE_1,1
26.490000000000002,RUN_014_WHEEL_FLAT,TRAIN001,-0.0011465835051209627,-0.039609789098218634,1.1230236860337701,31.071961735192048,28.782012887356462,23.55851442267612,116.34389264677759,5.013193730703356,0.3861910218424947,1.9360504095547173,1.5878333879052131,ZONE_02,WHEEL_FLAT,FRONT_BOGIE_AXLE_1,1
26.5,RUN_014_WHEEL_FLAT,TRAIN001,0.035604773380161193,0.027831718673170667,0.9484145346450255,30.965055437572648,28.873968066192088,23.600099442567632,115.72507577113835,4.967319321950133,0.32664100982171707,1.6225301994287185,1.5901493116601544,ZONE_02,WHEEL_FLAT,FRONT_BOGIE_AXLE_1,1
26.51,RUN_014_WHEEL_FLAT,TRAIN001,0.018305930530102925,-0.042673427516745806,0.9485704064233272,30.95070598392103,28.906559773942515,23.5152703414683,115.7236401127206,5.0270581575763815,0.3535514100639521,1.7773235000846226,1.6364727803337484,ZONE_02,WHEEL_FLAT,FRONT_BOGIE_AXLE_1,1
26.52,RUN_014_WHEEL_FLAT,TRAIN001,-0.09926621722890143,0.08309878084197059,0.9786656109483871,30.902173621843385,28.698761445357416,23.493176820264797,113.37202092965532,4.988323506706293,0.3418410274622427,1.7052136328465368,1.5954025810704555,ZONE_02,WHEEL_FLAT,FRONT_BOGIE_AXLE_1,1
26.53,RUN_014_WHEEL_FLAT,TRAIN001,0.03168227678635148,0.0009445475740707526,1.0183148077643194,31.19832671395034,28.88176415275651,23.475357183656513,113.45173449039696,4.9903322564360115,0.35274616891937316,1.7603205850925738,1.6411220748785542,ZONE_02,WHEEL_FLAT,FRONT_BOGIE_AXLE_1,1
26.54,RUN_014_WHEEL_FLAT,TRAIN001,-0.07243850762643378,-0.018487362928701342,1.1226376478970623,30.82452753426803,28.97297503431072,23.564983363832898,115.05799170122218,5.0047539166502535,0.33499368058684725,1.6765609349701078,1.537216153589836,ZONE_02,WHEEL_FLAT,FRONT_BOGIE_AXLE_1,1
26.55,RUN_014_WHEEL_FLAT,TRAIN001,-0.021460386289543068,0.059170753413904265,1.0539121535141944,30.878577561032532,28.977890505480566,23.4761719951791,115.50975953643685,4.9819695617268565,0.3319066739631859,1.653548947018592,1.567583071060268,ZONE_02,WHEEL_FLAT,FRONT_BOGIE_AXLE_1,1
26.560000000000002,RUN_014_WHEEL_FLAT,TRAIN001,-0.03735703326168761,0.08958470277889502,1.099322364011113,31.026244798326406,28.88982970790724,23.547918371250745,115.88052169278025,5.00021632317427,0.33711850824418876,1.6856654677667522,1.6378102609807248,ZONE_02,WHEEL_FLAT,FRONT_BOGIE_AXLE_1,1
26.57,RUN_014_WHEEL_FLAT,TRAIN001,-0.042894387106907496,0.005306579700863619,0.9847775394681331,31.029316638001262,28.9464369404031,23.48237549882016,115.65208526758528,4.99625297730057,0.3345696929899308,1.6715948247154795,1.604989726185763,ZONE_02,WHEEL_FLAT,FRONT_BOGIE_AXLE_1,1
26.580000000000002,RUN_014_WHEEL_FLAT,TRAIN001,-0.08566460305329517,-0.0714070558485089,1.015616965992216,31.080787272659588,28.826033858063887,23.414528326326053,116.5084135252656,5.005646334089151,0.334267178444663,1.6732232763878514,1.5709247242448363,ZONE_02,WHEEL_FLAT,FRONT_BOGIE_AXLE_1,1
26.59,RUN_014_WHEEL_FLAT,TRAIN001,-0.02359752936128986,-0.03967647248046661,0.9568281705614843,30.86315606352451,28.7406315323679,23.58451441173191,112.93548845611748,4.983616662814074,0.3415025393629619,1.701917745562576,1.6780135420194813,ZONE_02,WHEEL_FLAT,FRONT_BOGIE_AXLE_1,1
26.6,RUN_014_WHEEL_FLAT,TRAIN001,-0.03143652703726293,-0.006678550780350817,0.9791841150625817,30.96354419817526,28.962880257818025,23.466634134302442,115.49888228383048,5.0383061989706635,0.32365844440271835,1.6306903467834177,1.6039449600142095,ZONE_02,WHEEL_FLAT,FRONT_BOGIE_AXLE_1,1
26.61,RUN_014_WHEEL_FLAT,TRAIN001,-0.061539158216951696,-0.04691200293724052,0.9121359885791591,30.972240672418128,29.008823332476105,23.547575604562336,116.94535984751376,5.030828599247842,0.3548407405638328,1.785142945806814,1.6023570875350215,ZONE_02,WHEEL_FLAT,FRONT_BOGIE_AXLE_1,1
26.62,RUN_014_WHEEL_FLAT,TRAIN001,0.09549260212815587,0.07780498281334183,0.8644370703201386,31.148892929369254,28.930157405794645,23.502094716020782,116.24073200915872,5.0179432893866736,0.31528657780915986,1.5820901673511631,1.5616595304189307,ZONE_02,WHEEL_FLAT,FRONT_BOGIE_AXLE_1,1
26.63,RUN_014_WHEEL_FLAT,TRAIN001,0.12938786428736124,0.16035377650677843,1.4898823607541793,30.711082567075735,28.682319426655177,23.59224815499044,114.82274887829979,5.034802734565382,0.3083230903065595,1.552345938205115,1.6924533200484873,ZONE_02,WHEEL_FLAT,FRONT_BOGIE_AXLE_1,1
26.64,RUN_014_WHEEL_FLAT,TRAIN001,0.3144364518886009,0.06959080135165646,1.5754929639772366,30.97312086898602,28.86807674977885,23.451411600141867,113.81566799213311,4.979301728531783,0.3189482377692622,1.5881395116366532,1.678885843742838,ZONE_02,WHEEL_FLAT,FRONT_BOGIE_AXLE_1,1
26.650000000000002,RUN_014_WHEEL_FLAT,TRAIN001,0.015214623676170377,0.014010752441016695,1.2218447893943623,31.053330090841296,28.889009761904973,23.41155315043716,114.40700869504066,4.947039755737407,0.3339077157502287,1.651854744563847,1.610263000609612,ZONE_02,WHEEL_FLAT,FRONT_BOGIE_AXLE_1,1
26.66,RUN_014_WHEEL_FLAT,TRAIN001,0.11974495006885953,-0.03851101272623747,0.9365885124075207,31.04465443134408,28.885884559123674,23.508058584394437,114.77547292894998,5.009544942820199,0.35839780800325793,1.7954099266005654,1.6144136125615474,ZONE_02,WHEEL_FLAT,FRONT_BOGIE_AXLE_1,1
26.67,RUN_014_WHEEL_FLAT,TRAIN001,-0.12864648369028314,0.014785481930806529,1.0281330820610755,31.132758285386384,28.991439941617195,23.464356917668226,116.16265362381755,5.025626662723422,0.35222022000199227,1.7701273287923218,1.5935335833576887,ZONE_02,WHEEL_FLAT,FRONT_BOGIE_AXLE_1,1
26.68,RUN_014_WHEEL_FLAT,TRAIN001,0.008492648151189362,0.07939711529645578,1.0917904247237025,31.11643660573383,28.945662638328123,23.490317254866937,116.45407207890443,4.9798195990432825,0.35419293589041334,1.7638169239897612,1.5784763641283823,ZONE_02,WHEEL_FLAT,FRONT_BOGIE_AXLE_1,1
26.69,RUN_014_WHEEL_FLAT,TRAIN001,0.019467673861828638,0.10679198147966464,0.9262639558280484,30.802919301230595,28.929440748469528,23.468823053359827,117.81156687775746,4.969336073361981,0.2961208209943005,1.471523877840543,1.577096785994642,ZONE_02,WHEEL_FLAT,FRONT_BOGIE_AXLE_1,1
26.7,RUN_014_WHEEL_FLAT,TRAIN001,0.09076659572216228,0.08718365359286585,0.9985395075229433,30.840671230819947,28.85839314585823,23.411565004674618,116.16095301514571,5.03573411270978,0.3270436656881647,1.6469049436515437,1.662412325302262,ZONE_02,WHEEL_FLAT,FRONT_BOGIE_AXLE_1,1
26.71,RUN_014_WHEEL_FLAT,TRAIN001,0.06942103129077311,0.021816384840542092,0.9095971386091746,31.05322524408425,28.97166458851192,23.501317205374264,115.99131886921924,5.041532271892479,0.37211245559688527,1.8760169536648543,1.6409519588835981,ZONE_02,WHEEL_FLAT,FRONT_BOGIE_AXLE_1,1
26.72,RUN_014_WHEEL_FLAT,TRAIN001,-0.022954112277538824,0.05756866142928779,0.8536459715538645,30.970124801547072,28.896454617692903,23.51813300964428,115.88743246195948,5.015998598170094,0.33121383145032907,1.6613681142493963,1.6401003809833627,ZONE_02,WHEEL_FLAT,FRONT_BOGIE_AXLE_1,1
26.73,RUN_014_WHEEL_FLAT,TRAIN001,-0.06532687843650206,0.011482360889941489,1.0982292029424108,30.870327714560954,29.014203374447852,23.502441102352982,116.56416788593216,4.993606244827393,0.32896460409026024,1.6427197013122945,1.6173903183920995,ZONE_02,WHEEL_FLAT,FRONT_BOGIE_AXLE_1,1
26.740000000000002,RUN_014_WHEEL_FLAT,TRAIN001,-0.05400520397101821,0.08953698559545689,0.9640088878549677,30.827584265113153,28.964944949147753,23.544536778888148,116.08766652699211,5.032508716244116,0.3107297886106375,1.563750369579725,1.5539686090532263,ZONE_02,WHEEL_FLAT,FRONT_BOGIE_AXLE_1,1
26.75,RUN_014_WHEEL_FLAT,TRAIN001,0.0380061087822228,0.05150919726642573,1.0944062061069095,31.012480877999284,28.875735025366545,23.513873891436866,115.2844434912007,4.968627982289083,0.30316842248745457,1.5063311073176056,1.596177912392516,ZONE_02,WHEEL_FLAT,FRONT_BOGIE_AXLE_1,1
26.76,RUN_014_WHEEL_FLAT,TRAIN001,-0.0358395156698738,-0.027657364313999774,0.9656544071666768,31.004500714475643,28.973497793462965,23.457103059625297,114.71862600745578,4.956233298470065,0.31873248603077414,1.5797125605698676,1.5793074161527987,ZONE_02,WHEEL_FLAT,FRONT_BOGIE_AXLE_1,1
26.77,RUN_014_WHEEL_FLAT,TRAIN001,-0.11479388897455288,0.045626627548188727,0.948943631388497,30.99648196101415,28.889663437563648,23.570192601378135,115.21704502674271,4.982523283864745,0.3202818511559239,1.5958117807836933,1.5664470983547938,ZONE_02,WHEEL_FLAT,FRONT_BOGIE_AXLE_1,1
26.78,RUN_014_WHEEL_FLAT,TRAIN001,0.05632138344193048,0.03801945006033006,0.9290627789722637,31.142866331379967,28.900817791219563,23.559934941434197,114.70032266305311,4.952798252865678,0.3502650974647664,1.7347923627633217,1.6522222141735334,ZONE_02,WHEEL_FLAT,FRONT_BOGIE_AXLE_1,1
26.79,RUN_014_WHEEL_FLAT,TRAIN001,0.07832318645170298,-0.10785606889184218,0.9676319383598158,31.02552020275352,28.81735679562124,23.50100376790529,116.20269369578465,4.994745634487941,0.34934156597160404,1.7448722615818504,1.617814032094803,ZONE_02,WHEEL_FLAT,FRONT_BOGIE_AXLE_1,1
26.8,RUN_014_WHEEL_FLAT,TRAIN001,-0.02762405324765427,-0.02273325995496906,0.8808748903737614,31.005647499759032,28.861854131230967,23.462895190950398,117.64872993726931,5.028298282626656,0.31304506877383975,1.5740839817002419,1.5989970984946655,ZONE_02,WHEEL_FLAT,FRONT_BOGIE_AXLE_1,1
26.810000000000002,RUN_014_WHEEL_FLAT,TRAIN001,-0.10256028000305488,0.09128739672291215,1.0776372953530027,31.092698451564676,29.05977568410159,23.465071971001958,114.19312988410495,4.987998386620702,0.2948779648608731,1.470850812976031,1.627382228129677,ZONE_02,WHEEL_FLAT,FRONT_BOGIE_AXLE_1,1
26.82,RUN_014_WHEEL_FLAT,TRAIN001,0.028060398147998156,-0.022383625304939397,1.0113694386751588,30.892201339729574,29.0223777447017,23.4849679579485,116.18889545984413,5.012514027991816,0.3494944493978612,1.7518458303120552,1.5968300856626652,ZONE_02,WHEEL_FLAT,FRONT_BOGIE_AXLE_1,1
26.830000000000002,RUN_014_WHEEL_FLAT,TRAIN001,0.025028567972902347,0.01642531785779022,0.9357282354132794,30.848373069754096,28.858696379588967,23.475551629362638,114.67894787974652,4.973093333836529,0.3653074066889054,1.816707829005705,1.6252781217659886,ZONE_02,WHEEL_FLAT,FRONT_BOGIE_AXLE_1,1
26.84,RUN_014_WHEEL_FLAT,TRAIN001,-0.04586424599851065,-0.012479773427671318,1.0487437261387682,30.955955964433322,28.890653491864043,23.53768179789202,114.23333093829362,4.980666225894919,0.3510131040523045,1.748279112199852,1.614368396046811,ZONE_02,WHEEL_FLAT,FRONT_BOGIE_AXLE_1,1
26.85,RUN_014_WHEEL_FLAT,TRAIN001,0.024202149119852412,-0.07938043281946451,0.9790482193718186,30.991118626490067,28.956067520638264,23.53912896399225,114.38709724103681,4.994737874781178,0.3169698058637533,1.5831810945097256,1.6068804456019954,ZONE_02,WHEEL_FLAT,FRONT_BOGIE_AXLE_1,1
26.86,RUN_014_WHEEL_FLAT,TRAIN001,-0.0072983776636275565,-0.026513100189212643,0.8077061605436588,30.95827569357993,28.991373577719624,23.4901331614043,114.24084676338065,4.980751972066178,0.3191185806978906,1.5894505001339785,1.6340969711846578,ZONE_02,WHEEL_FLAT,FRONT_BOGIE_AXLE_1,1
26.87,RUN_014_WHEEL_FLAT,TRAIN001,0.003821843010796634,-0.12184882342567555,1.0748413314755556,30.91368774876937,28.92145234591973,23.56794329484624,115.80902006743807,4.945733858586478,0.30800265669909427,1.523299167771298,1.5946009805725863,ZONE_02,WHEEL_FLAT,FRONT_BOGIE_AXLE_1,1
26.88,RUN_014_WHEEL_FLAT,TRAIN001,0.049519236452389495,0.038159498787405134,0.8576009259856013,31.068407776883483,28.998202940186562,23.59136919059337,114.93319166311848,4.9457034507317355,0.30685869812196903,1.5176321221888702,1.6297745051550432,ZONE_02,WHEEL_FLAT,FRONT_BOGIE_AXLE_1,1
26.89,RUN_014_WHEEL_FLAT,TRAIN001,-0.011648502717130431,0.06199296528416146,1.0217097984441936,31.198266700157767,28.87121107269793,23.522218591439707,112.85402027260739,4.97294623941608,0.3396509977971504,1.6890661522092585,1.5899110088012365,ZONE_02,WHEEL_FLAT,FRONT_BOGIE_AXLE_1,1
26.900000000000002,RUN_014_WHEEL_FLAT,TRAIN001,0.05614220719019436,-0.03572536075912635,1.0490197731741902,31.087729861931845,29.041135968231465,23.48784015168095,114.01791045417922,5.017146217529206,0.30382742987628103,1.5243466405854034,1.534681504567545,ZONE_02,WHEEL_FLAT,FRONT_BOGIE_AXLE_1,1
26.91,RUN_014_WHEEL_FLAT,TRAIN001,-0.047857248775360725,-0.0021395804302578167,0.9946565149001322,30.90013619811598,28.809056821938867,23.581558182429326,115.12602428079389,5.043822480301388,0.3084376543684773,1.5557047748751553,1.6214308035397373,ZONE_02,WHEEL_FLAT,FRONT_BOGIE_AXLE_1,1
26.92,RUN_014_WHEEL_FLAT,TRAIN001,0.02206893143511676,-0.04889996739539149,0.8980558251251429,30.850224854156775,28.922948003184505,23.47204952197613,114.97852881527355,5.001144673700751,0.36283711072449376,1.8146008837207717,1.5738709111319769,ZONE_02,WHEEL_FLAT,FRONT_BOGIE_AXLE_1,1
26.93,RUN_014_WHEEL_FLAT,TRAIN001,0.03760406175454354,0.011070773036660077,1.11147303520647,30.954082332269174,28.99293238638036,23.51181546557378,115.25230966462438,4.958566161612119,0.33679559130609354,1.67002322243054,1.6569949380321147,ZONE_02,WHEEL_FLAT,FRONT_BOGIE_AXLE_1,1
26.94,RUN_014_WHEEL_FLAT,TRAIN001,-0.034495654977639914,-0.09744305051520477,1.1969890098379765,31.001752433024233,28.902704335847666,23.4999496182706,115.4522820624289,4.973060684177073,0.3141007618260741,1.5620421495073158,1.5806327616266915,ZONE_02,WHEEL_FLAT,FRONT_BOGIE_AXLE_1,1
26.95,RUN_014_WHEEL_FLAT,TRAIN001,-0.008271205880967282,-0.03482127736048266,1.0282685877378899,30.9005172062178,28.901302168903875,23.47785133782101,115.01607330147367,4.996909855865084,0.333215161694529,1.6650461255950697,1.6472907669480263,ZONE_02,WHEEL_FLAT,FRONT_BOGIE_AXLE_1,1
26.96,RUN_014_WHEEL_FLAT,TRAIN001,-0.09914976279608523,-0.021305187285943498,1.0317385166814328,30.853553619608277,28.851991451703736,23.54390540387235,116.7662052609277,4.975989161750192,0.34981929018937896,1.740696996553495,1.5765213056709106,ZONE_02,WHEEL_FLAT,FRONT_BOGIE_AXLE_1,1
26.97,RUN_014_WHEEL_FLAT,TRAIN001,-0.006764460379082276,0.03556946702424472,0.8470181167536006,30.992857972108773,28.967377609440685,23.604109259223744,116.895118052547,4.953413879240138,0.3104258994404712,1.5376679587640334,1.5682810762949064,ZONE_02,WHEEL_FLAT,FRONT_BOGIE_AXLE_1,1
26.98,RUN_014_WHEEL_FLAT,TRAIN001,0.08787231249624596,0.0493798559594936,1.0260170623479727,30.84141077073787,29.027709106605116,23.543759825131175,116.39408188682549,4.997797254738324,0.3342382372661351,1.6704549446372667,1.6094755630962203,ZONE_02,WHEEL_FLAT,FRONT_BOGIE_AXLE_1,1
26.990000000000002,RUN_014_WHEEL_FLAT,TRAIN001,-0.013527743898853467,0.05916145065406415,0.9600085548985481,31.014002420335466,28.851923767356865,23.464453129771858,115.37284893684111,5.0331131656054415,0.349205192131067,1.757589250012651,1.5833274871653256,ZONE_02,WHEEL_FLAT,FRONT_BOGIE_AXLE_1,1
27.0,RUN_014_WHEEL_FLAT,TRAIN001,-0.1610440319622559,0.04762160030258749,1.2541881125645808,31.050068195948782,28.73143994807545,23.502068181065184,116.00294065610021,4.994742267782807,0.3519691813905583,1.7579953472483354,1.6001241980880982,ZONE_02,WHEEL_FLAT,FRONT_BOGIE_AXLE_1,1
27.01,RUN_014_WHEEL_FLAT,TRAIN001,0.035272042176772045,-0.026869651087444258,1.057799849316305,31.006152112970447,28.979389093172323,23.438653441793605,114.514761453784,4.971342828899202,0.35776402602413804,1.7785676252132059,1.6191920753925837,ZONE_02,WHEEL_FLAT,FRONT_BOGIE_AXLE_1,1
27.02,RUN_014_WHEEL_FLAT,TRAIN001,0.004845635981879252,-0.026302441692711037,1.0359307591014013,31.092712499805582,29.076575046271774,23.556753446041593,115.9062583302941,5.021312330266858,0.3259426937581897,1.6366600671283924,1.6551373044673634,ZONE_02,WHEEL_FLAT,FRONT_BOGIE_AXLE_1,1
27.03,RUN_014_WHEEL_FLAT,TRAIN001,0.030181848246765206,-0.07727881402803015,0.9457259074588534,31.247032000161774,28.783965098575916,23.574688084775385,115.31978118741604,5.002686594492196,0.3481929042944523,1.7418999746111608,1.5610860062408038,ZONE_02,WHEEL_FLAT,FRONT_BOGIE_AXLE_1,1
27.04,RUN_014_WHEEL_FLAT,TRAIN001,0.10514793070240114,0.01760877203171984,0.9414054316684748,31.017018416837676,28.997540425622127,23.482274247769386,115.79163778572719,5.017548998977041,0.34078271471687693,1.7098939690963444,1.621724283492421,ZONE_02,WHEEL_FLAT,FRONT_BOGIE_AXLE_1,1
27.05,RUN_014_WHEEL_FLAT,TRAIN001,0.04183886844072558,0.06820730441418538,1.0463777421661857,30.649742794279693,28.763399561127084,23.53373204734807,116.68762102518436,5.014446420606329,0.33362489052750666,1.672944138130834,1.637001926511776,ZONE_02,WHEEL_FLAT,FRONT_BOGIE_AXLE_1,1
27.060000000000002,RUN_014_WHEEL_FLAT,TRAIN001,0.026281462972590132,-0.060233395444727916,0.9510773293972143,31.04814863000386,28.94255304194347,23.560729374784074,116.09166802756793,5.016573943875568,0.3066711770482705,1.5384386361180051,1.5561029611275925,ZONE_02,WHEEL_FLAT,FRONT_BOGIE_AXLE_1,1
27.07,RUN_014_WHEEL_FLAT,TRAIN001,-0.10679906715405166,-0.017888475289345167,0.981269197684968,30.861040619300717,28.894841896277622,23.585468410163163,115.84514149988101,5.019215304106767,0.3126180297866443,1.5690971994448304,1.610962021357527,ZONE_02,WHEEL_FLAT,FRONT_BOGIE_AXLE_1,1
27.080000000000002,RUN_014_WHEEL_FLAT,TRAIN001,0.005767464650849659,0.07060876566799158,1.0794430246305038,30.932804253970183,28.96882194959437,23.51001207908694,113.78701440737943,5.00512497778927,0.33152416751955077,1.659319891592898,1.6718792379746186,ZONE_02,WHEEL_FLAT,FRONT_BOGIE_AXLE_1,1
27.09,RUN_014_WHEEL_FLAT,TRAIN001,0.011782858846891571,0.04508455097034766,1.1287475150568704,30.971065731017628,28.99442037377944,23.56629536617553,115.41077057263496,5.027774216119224,0.3263324690622188,1.640725973833548,1.5811673228343164,ZONE_02,WHEEL_FLAT,FRONT_BOGIE_AXLE_1,1
27.1,RUN_014_WHEEL_FLAT,TRAIN001,-0.013159469031182303,0.13426907364046575,0.9512514872614869,31.228732922830236,28.818040210269427,23.539324519108316,112.78262904289599,5.005932471030383,0.33030752061069013,1.6534971428505914,1.5618857125940364,ZONE_02,WHEEL_FLAT,FRONT_BOGIE_AXLE_1,1
27.11,RUN_014_WHEEL_FLAT,TRAIN001,-0.025195313284587063,-0.05923900462024635,0.8251832865602796,30.913946521483215,28.908908240211808,23.502857307397182,112.42299613660542,4.982940261812225,0.3362061474717963,1.6752951485059921,1.572976623596604,ZONE_02,WHEEL_FLAT,FRONT_BOGIE_AXLE_1,1
27.12,RUN_014_WHEEL_FLAT,TRAIN001,-0.03273280364081654,0.06798115401384702,0.9579673808800497,31.25334616766571,28.85591176453928,23.491181695898298,114.25872984429681,5.035263516153366,0.3065807631484444,1.5437149314358185,1.5508192956969344,ZONE_02,WHEEL_FLAT,FRONT_BOGIE_AXLE_1,1
27.13,RUN_014_WHEEL_FLAT,TRAIN001,-0.04694295921196139,0.10100748332700718,0.9941695568215698,31.063124891214116,28.959805135575284,23.502083855799448,114.96750648259254,5.008649762410315,0.3160288671435701,1.5828779103334432,1.6305785270733768,ZONE_02,WHEEL_FLAT,FRONT_BOGIE_AXLE_1,1
27.14,RUN_014_WHEEL_FLAT,TRAIN001,-0.07675022508742413,-0.001364167529736201,1.1161063889304077,31.117514527923944,28.892818603318958,23.56891367628398,113.37110301508694,5.005494601901602,0.3155531560509825,1.5794996192262067,1.5902432244593772,ZONE_02,WHEEL_FLAT,FRONT_BOGIE_AXLE_1,1
27.150000000000002,RUN_014_WHEEL_FLAT,TRAIN001,-0.08212237835042073,0.09820430488951244,1.4151316517584653,30.965414232093366,28.896529099114872,23.391932283561907,115.3960204627979,5.023161896932547,0.3289652872631005,1.652445896393476,1.6731517273284833,ZONE_02,WHEEL_FLAT,FRONT_BOGIE_AXLE_1,1
27.16,RUN_014_WHEEL_FLAT,TRAIN001,0.17937545620624445,0.0751406043338993,1.524598258740185,30.884813805479084,28.88463678573263,23.52805498982945,115.6313357092829,4.9904241534613165,0.3432384410159319,1.7129054064423141,1.6709900742740131,ZONE_02,WHEEL_FLAT,FRONT_BOGIE_AXLE_1,1
27.17,RUN_014_WHEEL_FLAT,TRAIN001,0.07319368909580161,-0.04453646070354188,1.016009524907551,31.09419581096189,28.896746585544673,23.377523322126837,115.3211073638465,5.017080480730322,0.3371220332230869,1.6913683725076687,1.5930297164017144,ZONE_02,WHEEL_FLAT,FRONT_BOGIE_AXLE_1,1
27.18,RUN_014_WHEEL_FLAT,TRAIN001,-0.10993570427994859,-0.0019332589396262596,0.8642355874459252,31.116024158886145,28.956728991902565,23.598184622378515,115.76235070845287,4.989847003363852,0.32634625643706344,1.628417889741492,1.6033776412178498,ZONE_02,WHEEL_FLAT,FRONT_BOGIE_AXLE_1,1
27.19,RUN_014_WHEEL_FLAT,TRAIN001,-0.04260068737443656,0.0031913957994311785,0.9898094841155337,31.06010416890501,28.852418512454985,23.466402955172832,116.4783486850134,5.014337367983574,0.3402844816859373,1.7063011922627174,1.58200401937849,ZONE_02,WHEEL_FLAT,FRONT_BOGIE_AXLE_1,1
27.2,RUN_014_WHEEL_FLAT,TRAIN001,0.023823858004260196,0.08226521206164998,1.0044040594162003,31.137705367055087,28.973023025110532,23.503662747082842,115.00468552815873,4.998394256312692,0.3296895773278882,1.6479184896818755,1.5659427123376712,ZONE_02,WHEEL_FLAT,FRONT_BOGIE_AXLE_1,1
27.21,RUN_014_WHEEL_FLAT,TRAIN001,-0.011360544485703832,-0.0057194221415310205,0.9054819367510024,31.141263175481637,29.12656521871689,23.39475358587963,113.75959240856346,4.980657037302185,0.3275787467060806,1.6315573900522704,1.5921105049405053,ZONE_02,WHEEL_FLAT,FRONT_BOGIE_AXLE_1,1
27.22,RUN_014_WHEEL_FLAT,TRAIN001,0.008181543078853059,0.04931056557870369,0.8865971328615435,30.942755266152815,29.139133007339517,23.496303932282004,116.02731921594228,5.019976738683443,0.32231782856400804,1.618028001854278,1.6153715967285946,ZONE_02,WHEEL_FLAT,FRONT_BOGIE_AXLE_1,1
27.23,RUN_014_WHEEL_FLAT,TRAIN001,0.0165706881429347,0.11100293729858987,1.085479205410804,31.206246782243397,29.01580820812689,23.438263390651205,115.4315333834777,4.98552205527051,0.3460412681345998,1.7251963743188237,1.631262738307449,ZONE_02,WHEEL_FLAT,FRONT_BOGIE_AXLE_1,1
27.240000000000002,RUN_014_WHEEL_FLAT,TRAIN001,0.125094309593695,0.03586569929134789,1.049706109874342,30.98540435109432,29.046767000801935,23.562243982992108,114.14051265679703,4.969681678089761,0.32420914553708124,1.6112162504447693,1.5922566911779885,ZONE_02,WHEEL_FLAT,FRONT_BOGIE_AXLE_1,1
27.25,RUN_014_WHEEL_FLAT,TRAIN001,-0.06287988812926214,-0.030796731610861532,0.853068015212904,31.164136645383476,28.99718097079903,23.57143506847289,115.39147322396315,5.002333081996238,0.3422997549644296,1.7122973882177723,1.5531968449657407,ZONE_02,WHEEL_FLAT,FRONT_BOGIE_AXLE_1,1
27.26,RUN_014_WHEEL_FLAT,TRAIN001,0.0430104729501524,-0.06131306321774377,1.0173853406497984,31.156316296144297,29.01537192171727,23.490229091565517,116.79303946660647,4.9387931287278,0.31686116501704914,1.564911744546888,1.6255233965917948,ZONE_02,WHEEL_FLAT,FRONT_BOGIE_AXLE_1,1
27.27,RUN_014_WHEEL_FLAT,TRAIN001,-0.003798700245654719,0.015637951987486833,0.9391358553530876,31.0070087622586,28.979671290200002,23.44268778533151,114.12791190293534,4.990796757339242,0.3432989527006122,1.7133352999361735,1.5846952266545475,ZONE_02,WHEEL_FLAT,FRONT_BOGIE_AXLE_1,1
27.28,RUN_014_WHEEL_FLAT,TRAIN001,-0.05178504361661658,0.05206632615104518,0.930868259041579,31.19456972500997,28.821775491582073,23.47978059723081,114.44876051303243,5.007807167256194,0.33281866991254916,1.6666917205847371,1.6045993297857868,ZONE_02,WHEEL_FLAT,FRONT_BOGIE_AXLE_1,1
27.29,RUN_014_WHEEL_FLAT,TRAIN001,0.04214379143575286,-0.07620616152635613,1.1496271967482106,30.973499806868286,28.924832270517893,23.54824778980252,116.72704723966682,5.0021820411676,0.3243483936004144,1.6224497095495531,1.6281601154590364,ZONE_02,WHEEL_FLAT,FRONT_BOGIE_AXLE_1,1
27.3,RUN_014_WHEEL_FLAT,TRAIN001,-0.062016361087092735,-0.07731476920531088,1.150605328882503,31.09022089301967,28.77111407026178,23.54136221856317,113.31863212082473,4.9902991976109545,0.3095488187529053,1.5447412218440422,1.5973967407348506,ZONE_02,WHEEL_FLAT,FRONT_BOGIE_AXLE_1,1
27.310000000000002,RUN_014_WHEEL_FLAT,TRAIN001,-0.09337445817776492,0.0643834216009372,0.969635924758841,30.781464176905484,29.00225748744665,23.54513248195616,115.49319688313886,5.00413594625799,0.31931196752904595,1.597880494782463,1.5983174361375099,ZONE_02,WHEEL_FLAT,FRONT_BOGIE_AXLE_1,1
27.32,RUN_014_WHEEL_FLAT,TRAIN001,0.0037013253406907778,-0.07523576395612473,0.896935582121475,31.013030753577016,29.016182850635087,23.596322286054402,115.58733591085496,4.9642407437925895,0.3524889299860632,1.7498399079726683,1.5663053758623187,ZONE_02,WHEEL_FLAT,FRONT_BOGIE_AXLE_1,1
27.330000000000002,RUN_014_WHEEL_FLAT,TRAIN001,-0.009941470828264265,0.00032526986255342657,0.9873551580965212,31.068490153627536,28.83948872749891,23.545156452305477,114.4716838937249,5.006533912803087,0.33101959231534783,1.6572608147290409,1.5948312551278783,ZONE_02,WHEEL_FLAT,FRONT_BOGIE_AXLE_1,1
27.34,RUN_014_WHEEL_FLAT,TRAIN001,-0.07177968360912074,0.015653502869263963,1.0541811688272442,30.763550651590837,29.07256184443596,23.5543248920788,115.70202518681167,4.960379545307211,0.3223599608975645,1.5990277562623112,1.5799009901581935,ZONE_02,WHEEL_FLAT,FRONT_BOGIE_AXLE_1,1
27.35,RUN_014_WHEEL_FLAT,TRAIN001,-0.026296038436557496,-0.055387755077852915,0.8797057635131371,31.127283873259792,29.021041430293728,23.541550875447683,114.7596948806165,5.000389864940835,0.31912231806742186,1.5957360049407616,1.583398880145118,ZONE_02,WHEEL_FLAT,FRONT_BOGIE_AXLE_1,1
27.36,RUN_014_WHEEL_FLAT,TRAIN001,-0.056247911318260145,-0.11026490115795681,1.0514191519968208,31.08288494924284,28.940977680445556,23.374863023685613,113.46476576901814,5.051381246253151,0.31872069672108966,1.6099797502096505,1.6721920170622702,ZONE_02,WHEEL_FLAT,FRONT_BOGIE_AXLE_1,1
27.37,RUN_014_WHEEL_FLAT,TRAIN001,0.060958019616397574,0.03620210494179765,1.0176865254091063,30.998965776492653,28.908541005001005,23.477033431358418,115.98678941128681,5.013850350424879,0.34763854835928343,1.7430076575123894,1.579800270240193,ZONE_02,WHEEL_FLAT,FRONT_BOGIE_AXLE_1,1
27.38,RUN_014_WHEEL_FLAT,TRAIN001,-0.020699999425994972,0.03936385424828065,0.9369809325348364,30.89910439607127,29.080480772053015,23.493558799733126,116.91156666058349,5.00422007292816,0.327284767658277,1.6378050038791787,1.5769532827481962,ZONE_02,WHEEL_FLAT,FRONT_BOGIE_AXLE_1,1
27.39,RUN_014_WHEEL_FLAT,TRAIN001,0.14870096188354512,-0.05133670671668026,0.8707106440229697,31.243658187603874,28.973641855576272,23.417032300421425,115.52990427589761,4.994659429350593,0.2996866197695454,1.4968326012821658,1.577158278380842,ZONE_02,WHEEL_FLAT,FRONT_BOGIE_AXLE_1,1
27.400000000000002,RUN_014_WHEEL_FLAT,TRAIN001,0.0520836953769186,-0.057911076168989634,0.8831173634317865,30.902424374605793,29.003039258517415,23.51116725701891,114.32134864557165,4.98381904330011,0.33860156469782215,1.6875289262322202,1.5430662515162716,ZONE_02,WHEEL_FLAT,FRONT_BOGIE_AXLE_1,1
27.41,RUN_014_WHEEL_FLAT,TRAIN001,0.10272621117860734,-0.006806891042325051,1.062170371868015,30.99407640151287,28.90059893304417,23.51016212189905,113.69228630539193,4.969186892426736,0.33716184666366183,1.6754202290674614,1.6469236364984219,ZONE_02,WHEEL_FLAT,FRONT_BOGIE_AXLE_1,1
27.42,RUN_014_WHEEL_FLAT,TRAIN001,-0.032322342638107675,-0.0031055432758826935,0.8591124819919932,31.152350780171922,28.911898127850595,23.521563153391995,116.58765247331895,5.002363864703764,0.32688800953716635,1.6352127667136602,1.567115816880317,ZONE_02,WHEEL_FLAT,FRONT_BOGIE_AXLE_1,1
27.43,RUN_014_WHEEL_FLAT,TRAIN001,0.008429815331753777,0.0298508760627962,1.2591844894197652,31.106801854267434,29.096205189173755,23.5752257409015,116.54855020224787,5.00953768280537,0.34673411627217243,1.7369776213796666,1.5775349698617238,ZONE_02,WHEEL_FLAT,FRONT_BOGIE_AXLE_1,1
27.44,RUN_014_WHEEL_FLAT,TRAIN001,0.039649124245975054,0.04961220478892344,0.9906516482136845,31.183664880863635,28.95559298524847,23.444137948125107,115.36161216443712,5.059149828125237,0.3299031608083107,1.6690295193013378,1.6006368632412553,ZONE_02,WHEEL_FLAT,FRONT_BOGIE_AXLE_1,1
27.45,RUN_014_WHEEL_FLAT,TRAIN001,-0.08248017424557386,0.14768185038654838,0.8552937107631865,30.9650219283193,29.180034885233567,23.453009334095587,114.38349362785625,4.959205372589834,0.3518777184192945,1.745033871679618,1.5845728353334256,ZONE_02,WHEEL_FLAT,FRONT_BOGIE_AXLE_1,1
27.46,RUN_014_WHEEL_FLAT,TRAIN001,0.0008929957136220471,-0.04399735252623691,0.9625360500770065,31.127720656719557,28.892099734674765,23.584130035771075,115.84777922689334,4.964721971622841,0.3577291811203855,1.7760259253990245,1.600622037025458,ZONE_02,WHEEL_FLAT,FRONT_BOGIE_AXLE_1,1
27.47,RUN_014_WHEEL_FLAT,TRAIN001,-0.11631634029849283,-0.049471828396515934,1.1675998036090733,31.28902151265801,28.891738935582346,23.482044834324313,116.08184184019373,5.050156205979577,0.33915969266147544,1.712809426712476,1.6443800815233216,ZONE_02,WHEEL_FLAT,FRONT_BOGIE_AXLE_1,1
27.48,RUN_014_WHEEL_FLAT,TRAIN001,-0.051664014861720516,0.11747478080319101,1.1404076540871526,31.099813870890987,28.92480798796515,23.542394249392615,115.17322243632974,5.035948324303704,0.33538540540396966,1.6889835703400395,1.5411352137417769,ZONE_02,WHEEL_FLAT,FRONT_BOGIE_AXLE_1,1
27.490000000000002,RUN_014_WHEEL_FLAT,TRAIN001,0.0354424566331394,-0.10063887865512858,1.0077810557999163,30.998346182614586,28.88022709653458,23.447485423075854,114.92562238545969,4.996260974003915,0.3208998257009857,1.6032992757144933,1.6062779810093264,ZONE_02,WHEEL_FLAT,FRONT_BOGIE_AXLE_1,1
27.5,RUN_014_WHEEL_FLAT,TRAIN001,-0.1052674996083801,0.06363907973115777,1.1148587224826692,31.323992142059595,28.915794605311934,23.51794999047852,113.64912817289267,5.025355733618065,0.3273941131104232,1.6452718834722666,1.5815048796812872,ZONE_02,WHEEL_FLAT,FRONT_BOGIE_AXLE_1,1
27.51,RUN_014_WHEEL_FLAT,TRAIN001,0.08832158454809119,-0.012227230726666944,1.1291860022916624,31.027315517532028,28.99754040652786,23.48515533351952,113.4878275979366,4.992207966856437,0.32388944728883506,1.6169234791360505,1.646620008857747,ZONE_02,WHEEL_FLAT,FRONT_BOGIE_AXLE_1,1
27.52,RUN_014_WHEEL_FLAT,TRAIN001,-0.006002452852480764,-0.01786252505671347,1.182692816577205,31.055885054036253,28.912980543536385,23.460197414472535,113.16650840281808,4.975156711649501,0.31602180345694314,1.5722579964963903,1.552280869700523,ZONE_02,WHEEL_FLAT,FRONT_BOGIE_AXLE_1,1
27.53,RUN_014_WHEEL_FLAT,TRAIN001,0.012866088080102277,-0.008281015142962861,0.9546151363046602,31.03703304995522,28.9999342946324,23.43297644114662,113.58785594530806,5.026616841786577,0.341225815982779,1.7152114334714044,1.5968762729147312,ZONE_02,WHEEL_FLAT,FRONT_BOGIE_AXLE_1,1
27.54,RUN_014_WHEEL_FLAT,TRAIN001,0.015601346054542232,0.017193252577738984,0.9594800665521042,30.996030857161152,29.02459438416262,23.46812104369429,115.09633477369239,5.046404975082988,0.3559834920034664,1.7964368650937077,1.646908448633961,ZONE_02,WHEEL_FLAT,FRONT_BOGIE_AXLE_1,1
27.55,RUN_014_WHEEL_FLAT,TRAIN001,0.07566311261484504,0.057887113159138096,1.0095608611417555,31.242892501454122,28.79289660398333,23.482164779979826,115.51814175151145,5.00722466051326,0.31708221975826556,1.587701910183872,1.6229204842875264,ZONE_02,WHEEL_FLAT,FRONT_BOGIE_AXLE_1,1
27.560000000000002,RUN_014_WHEEL_FLAT,TRAIN001,-0.13166399105315546,0.059090135768859825,0.8098044832552944,31.1999388553841,28.91824713194004,23.621596087902827,114.44273350773945,4.962032638762004,0.2998973818754295,1.488100597145154,1.6545991357124394,ZONE_02,WHEEL_FLAT,FRONT_BOGIE_AXLE_1,1
27.57,RUN_014_WHEEL_FLAT,TRAIN001,0.0674301186987174,0.08147002928926798,1.264430387110059,31.129961427371924,28.920390533180203,23.48046033937939,116.11776334917947,5.005065991959472,0.3635428121612164,1.8195557657694146,1.605361361432587,ZONE_02,WHEEL_FLAT,FRONT_BOGIE_AXLE_1,1
27.580000000000002,RUN_014_WHEEL_FLAT,TRAIN001,0.10743997106185499,0.004630063618769076,0.939066123711857,30.914299026542484,28.973531785678695,23.438578934572543,116.05844407815819,5.025882101720255,0.35295341474131897,1.7739022498894408,1.6346168920750117,ZONE_02,WHEEL_FLAT,FRONT_BOGIE_AXLE_1,1
27.59,RUN_014_WHEEL_FLAT,TRAIN001,0.02193244782461245,-0.03448693680316229,0.9420914102876864,30.994198193063774,28.953956166232068,23.530412251362275,114.10389850760468,4.986172621243696,0.33192853657479277,1.6550529812787185,1.593581815404012,ZONE_02,WHEEL_FLAT,FRONT_BOGIE_AXLE_1,1
27.6,RUN_014_WHEEL_FLAT,TRAIN001,-0.057882966348250534,0.008524836102954453,1.0012494515275454,30.802913131446186,28.832658837413128,23.524117104372948,115.59337275360342,4.998107095375976,0.31665776217931535,1.5826894079543143,1.5377835281076255,ZONE_02,WHEEL_FLAT,FRONT_BOGIE_AXLE_1,1
27.61,RUN_014_WHEEL_FLAT,TRAIN001,-0.06607378970711172,-0.09479565273343644,0.9380289485368989,31.069876681046154,28.839492343593555,23.40649864347123,114.14632228134819,5.003924275912629,0.34405209163803874,1.7216106135260985,1.6134057272406088,ZONE_02,WHEEL_FLAT,FRONT_BOGIE_AXLE_1,1
27.62,RUN_014_WHEEL_FLAT,TRAIN001,-0.025829051702581974,-0.0884767294055512,1.0152373245969892,31.190128894709122,28.911515973386557,23.517862299731643,115.52097925972308,5.076267962294214,0.3440842613665027,1.7466639123044465,1.5763802506066054,ZONE_02,WHEEL_FLAT,FRONT_BOGIE_AXLE_1,1
27.63,RUN_014_WHEEL_FLAT,TRAIN001,0.07909859220303339,-0.010103392671508048,1.0828662863771472,31.078931282601364,28.945988287252288,23.536206067583677,114.59303572938951,4.948527930440471,0.3444154844018389,1.704349644238684,1.6090791901792072,ZONE_02,WHEEL_FLAT,FRONT_BOGIE_AXLE_1,1
27.64,RUN_014_WHEEL_FLAT,TRAIN001,-0.01846721093972437,-0.030057014314755128,0.9907903770123481,31.017745138854316,28.89379899776802,23.517230212805853,114.00528191578088,5.0016289049228435,0.34455941239660703,1.7233583165061002,1.5526812432694166,ZONE_02,WHEEL_FLAT,FRONT_BOGIE_AXLE_1,1
27.650000000000002,RUN_014_WHEEL_FLAT,TRAIN001,-0.04121631868563135,-0.025343987296953373,0.9752419290074735,31.25684188181313,29.082263220053154,23.459651514819235,113.19480922362595,4.977427764021009,0.3378213723801611,1.6814814781646936,1.5732689535273816,ZONE_02,WHEEL_FLAT,FRONT_BOGIE_AXLE_1,1
27.66,RUN_014_WHEEL_FLAT,TRAIN001,-0.06366276754327377,-0.01729670499146843,0.9208687923949653,31.105669607759385,28.94206320506809,23.55949398748716,114.78598431029992,5.020797119300854,0.32056548153057685,1.6094942462160111,1.6539068224752353,ZONE_02,WHEEL_FLAT,FRONT_BOGIE_AXLE_1,1
27.67,RUN_014_WHEEL_FLAT,TRAIN001,-0.030837819812118403,0.00830921646079398,1.1592633469675744,30.967544389431414,28.975582243203462,23.545912414462478,114.1466391277544,4.995322724831645,0.33542278720423596,1.6755450713476892,1.6673458837643755,ZONE_02,WHEEL_FLAT,FRONT_BOGIE_AXLE_1,1
27.68,RUN_014_WHEEL_FLAT,TRAIN001,-0.28274276937624554,0.16494742822989933,1.750195394222922,31.126804642505235,29.07596025954238,23.532126677479827,115.57519809335308,4.985755238557574,0.32929653842553036,1.6417919414939635,1.7010295688051382,ZONE_02,WHEEL_FLAT,FRONT_BOGIE_AXLE_1,1
27.69,RUN_014_WHEEL_FLAT,TRAIN001,-0.03484648360519162,-0.041119414658712994,1.0793036537672573,31.068245155347903,28.909625927272444,23.553469155350484,114.99270398412399,4.965916058244842,0.328370693774511,1.6306613012718436,1.5702830936317702,ZONE_02,WHEEL_FLAT,FRONT_BOGIE_AXLE_1,1
27.7,RUN_014_WHEEL_FLAT,TRAIN001,-0.0639678174055265,-0.10707971192923602,0.983771530586153,31.23323362553011,29.008194150578284,23.472758206050727,114.44909694545953,5.018744736345135,0.3724457350409331,1.8692100723108778,1.6333102789837048,ZONE_02,WHEEL_FLAT,FRONT_BOGIE_AXLE_1,1
27.71,RUN_014_WHEEL_FLAT,TRAIN001,0.1017515112862272,-0.0022183900679799066,1.200804010572185,31.114191192978716,29.005102794817375,23.38607913934334,112.15416319427077,4.9854169694199415,0.30943936437152064,1.5426842581442994,1.6068742413995643,ZONE_02,WHEEL_FLAT,FRONT_BOGIE_AXLE_1,1
27.72,RUN_014_WHEEL_FLAT,TRAIN001,-0.0840163311692944,0.09410356953085058,0.9454942807270029,31.10448740995114,28.890782475705574,23.49705355003757,115.86953640555167,4.938292415671815,0.32880398232557906,1.6237302121610966,1.6286187088831683,ZONE_02,WHEEL_FLAT,FRONT_BOGIE_AXLE_1,1
27.73,RUN_014_WHEEL_FLAT,TRAIN001,0.022350687786653473,0.05113997620993527,1.0640536463455885,31.008498352049084,28.94276971955052,23.506472379640954,114.06760462442645,5.055260848343337,0.3010934725675072,1.5221060435622578,1.600597938493619,ZONE_02,WHEEL_FLAT,FRONT_BOGIE_AXLE_1,1
27.740000000000002,RUN_014_WHEEL_FLAT,TRAIN001,-0.018510914547901904,0.034105143932263715,1.1390574870496912,31.162330999165206,29.179626822236656,23.54951902856193,117.93384240376616,4.96552990482321,0.31003064810434194,1.5394664545738312,1.554903836331406,ZONE_02,WHEEL_FLAT,FRONT_BOGIE_AXLE_1,1
27.75,RUN_014_WHEEL_FLAT,TRAIN001,0.045731686737744144,-0.11394279267010772,0.9761910100670254,31.120012611427672,28.84094428733497,23.632411276109686,115.44819614182332,5.037660464204324,0.29443319856139744,1.4832544837419732,1.6202392643394385,ZONE_02,WHEEL_FLAT,FRONT_BOGIE_AXLE_1,1
27.76,RUN_014_WHEEL_FLAT,TRAIN001,0.11177115567991756,-0.005755140805632682,0.814034626644767,31.15010439031641,29.063290533925734,23.514028081228993,114.11316288243331,5.033845245556153,0.3520222130515423,1.7720253434996611,1.6102765580217717,ZONE_02,WHEEL_FLAT,FRONT_BOGIE_AXLE_1,1
27.77,RUN_014_WHEEL_FLAT,TRAIN001,0.07664564719221766,-0.026027157607192833,0.9847907141350332,31.162673235554312,29.027075291534313,23.492041167229416,113.39250214400316,4.968117356268834,0.34407443843236896,1.7094021894243048,1.6195005707512877,ZONE_02,WHEEL_FLAT,FRONT_BOGIE_AXLE_1,1
27.78,RUN_014_WHEEL_FLAT,TRAIN001,-0.015734728391707923,0.004525969000651393,1.0495479693095082,31.221663939964632,29.147527200834553,23.54902255606244,115.89165720718081,4.996808261842188,0.32989746502823747,1.648434378813891,1.6435989172431447,ZONE_02,WHEEL_FLAT,FRONT_BOGIE_AXLE_1,1
27.79,RUN_014_WHEEL_FLAT,TRAIN001,-0.01623598919288121,0.009743682836573939,0.8867489011233918,31.17265398858593,29.15703955856649,23.492655021220116,114.34989706682536,4.992068489488569,0.3203206483483456,1.5990626151523248,1.5675913627164533,ZONE_02,WHEEL_FLAT,FRONT_BOGIE_AXLE_1,1
27.8,RUN_014_WHEEL_FLAT,TRAIN001,0.016941960431512252,-0.1441939172868379,1.1285437288439408,31.216000830134742,28.85362043860813,23.42719993703647,115.15525373422936,5.019742441919041,0.32072715684630665,1.6099677214974306,1.5648936103820767,ZONE_02,WHEEL_FLAT,FRONT_BOGIE_AXLE_1,1
27.810000000000002,RUN_014_WHEEL_FLAT,TRAIN001,-0.16701850347469335,-0.0375599671599429,1.1615163915986981,31.183291684819082,29.19216580988443,23.466214502576843,112.41592958416595,4.991562730356189,0.33781315018683533,1.6862155302968251,1.6042684176484694,ZONE_02,WHEEL_FLAT,FRONT_BOGIE_AXLE_1,1
27.82,RUN_014_WHEEL_FLAT,TRAIN001,0.06978390300330678,-0.08223352467905497,0.9330279298556429,31.11985495070587,28.988807047654568,23.470028440495074,115.76689002723082,5.017446941884616,0.3458784691496694,1.7354268672987414,1.6118390289843811,ZONE_02,WHEEL_FLAT,FRONT_BOGIE_AXLE_1,1
27.830000000000002,RUN_014_WHEEL_FLAT,TRAIN001,0.021927914034569694,-0.0536594396294207,0.9611333895483323,30.973591591829646,29.1281850658107,23.498632386769675,116.66892143139937,4.958432365819788,0.3348924416498645,1.660541521745103,1.6149665944014278,ZONE_02,WHEEL_FLAT,FRONT_BOGIE_AXLE_1,1
27.84,RUN_014_WHEEL_FLAT,TRAIN001,0.15617319145530748,-0.0649698206339969,0.9657571765174592,31.02277707392298,28.819557775369223,23.460286570040022,115.48067189203384,5.0457639951227575,0.33696569618404404,1.7002493773969234,1.5844998912113073,ZONE_02,WHEEL_FLAT,FRONT_BOGIE_AXLE_1,1
27.85,RUN_014_WHEEL_FLAT,TRAIN001,0.018210388901359155,0.060221581389741985,0.9956634053302666,31.151618818287194,29.10975333954111,23.51148346158899,116.4926864426057,4.965408423061355,0.3304039476539335,1.6405905446935642,1.6117179917679492,ZONE_02,WHEEL_FLAT,FRONT_BOGIE_AXLE_1,1
27.86,RUN_014_WHEEL_FLAT,TRAIN001,-0.01578108513520842,0.025410066728223504,1.0998896876887276,31.02684243211765,29.11037602114959,23.425661462191833,115.38931418369799,5.017353184826134,0.32223623623165076,1.6167730061232595,1.604993989701373,ZONE_02,WHEEL_FLAT,FRONT_BOGIE_AXLE_1,1
27.87,RUN_014_WHEEL_FLAT,TRAIN001,-0.07953334678781097,0.03619291143034238,1.0381751326381483,30.879727843864973,28.993128509564354,23.48504230361548,115.49069959720393,5.037106508185051,0.3174480915128805,1.599019847770454,1.5980351616655566,ZONE_02,WHEEL_FLAT,FRONT_BOGIE_AXLE_1,1
27.88,RUN_014_WHEEL_FLAT,TRAIN001,0.04268952720123479,-0.03561448791020432,0.8825106652890953,31.063954975612525,28.884279116310317,23.473700052061425,113.57847183527728,4.974056857040846,0.32210494848719434,1.6021683277095176,1.5966275634577152,ZONE_02,WHEEL_FLAT,FRONT_BOGIE_AXLE_1,1
27.89,RUN_014_WHEEL_FLAT,TRAIN001,-0.004401230498116174,-0.10449032366185189,0.8051926377843157,31.016222929294226,29.04635954736507,23.50700344589985,114.20317453662314,4.958212887940664,0.330240564173239,1.6374030214045494,1.5813889760388646,ZONE_02,WHEEL_FLAT,FRONT_BOGIE_AXLE_1,1
27.900000000000002,RUN_014_WHEEL_FLAT,TRAIN001,-0.00569372191540732,-0.016969762856046792,0.8972680077392695,31.02896457545265,29.036256314120237,23.518808766082895,116.3559768491725,4.9720022244772055,0.32962837562510283,1.638913016858819,1.593202844639807,ZONE_02,WHEEL_FLAT,FRONT_BOGIE_AXLE_1,1
27.91,RUN_014_WHEEL_FLAT,TRAIN001,0.022488801779617342,0.14167294696137167,0.9157880248969366,30.910796215226707,29.083479736801078,23.568447108236146,114.99832144014546,4.973743521342224,0.33783985496752855,1.6803287898959418,1.5493123513861788,ZONE_02,WHEEL_FLAT,FRONT_BOGIE_AXLE_1,1
27.92,RUN_014_WHEEL_FLAT,TRAIN001,-0.044083630521139644,0.07820544124925442,1.0855411891692839,30.96435055820238,28.974918728338363,23.425709180954044,112.18133514815908,5.032967785642,0.3383221395587794,1.7027644295688134,1.6250343647587522,ZONE_02,WHEEL_FLAT,FRONT_BOGIE_AXLE_1,1
27.93,RUN_014_WHEEL_FLAT,TRAIN001,-0.13926352256420546,-0.09890853021319808,0.9244649409069912,31.140112694915132,28.733176841870527,23.505198362685114,115.71774187717853,4.962844988645095,0.3367953834560528,1.671463280983675,1.5876217072451628,ZONE_02,WHEEL_FLAT,FRONT_BOGIE_AXLE_1,1
27.94,RUN_014_WHEEL_FLAT,TRAIN001,0.0068858909930733835,-0.009259090416503506,1.0798312222951527,31.033719625841343,29.049063701615726,23.492694932144545,115.36416361522961,5.034503437097914,0.30198137166555344,1.5203262535897715,1.5647627280153213,ZONE_02,WHEEL_FLAT,FRONT_BOGIE_AXLE_1,1
27.95,RUN_014_WHEEL_FLAT,TRAIN001,0.011951831977689592,0.03689349232114863,0.985435503526975,30.979587526276095,29.076253317855013,23.510418822725153,114.56220535238627,5.031927359667415,0.3263260495525029,1.6420489769154236,1.5679166764741606,ZONE_02,WHEEL_FLAT,FRONT_BOGIE_AXLE_1,1
27.96,RUN_014_WHEEL_FLAT,TRAIN001,-0.018436955837530026,0.10169927108838822,0.8750762695589944,30.970883908147638,29.184744098925542,23.489489510756652,115.04775968457928,5.068846489698903,0.34306840635558455,1.7389610872821017,1.6064100596447113,ZONE_02,WHEEL_FLAT,FRONT_BOGIE_AXLE_1,1
27.97,RUN_014_WHEEL_FLAT,TRAIN001,-0.1119289541119715,-0.009824866504645742,1.0726577150589356,31.26402423084972,28.915493036379786,23.576948597043707,113.94123499810271,4.984586684282907,0.3367291049237024,1.6784554126131888,1.6181278768484697,ZONE_02,WHEEL_FLAT,FRONT_BOGIE_AXLE_1,1
27.98,RUN_014_WHEEL_FLAT,TRAIN001,0.00661484991445301,0.0016741226857469513,0.90769318836447,31.190718056157234,28.988303701989096,23.48991315523231,115.35653180562824,5.019644574539088,0.3068054519662809,1.5400543224015546,1.634573128131723,ZONE_02,WHEEL_FLAT,FRONT_BOGIE_AXLE_1,1
27.990000000000002,RUN_014_WHEEL_FLAT,TRAIN001,-0.02466372829839884,-0.00169691351762841,0.9726062082910292,30.922573738111264,29.152961431779538,23.55357131742733,115.82475478859064,5.040733292939206,0.36540223990379295,1.8418952359976077,1.5517860258640992,ZONE_02,WHEEL_FLAT,FRONT_BOGIE_AXLE_1,1
28.0,RUN_014_WHEEL_FLAT,TRAIN001,-0.13086016089697172,0.09784171800004027,0.878466003970353,31.00983650939738,28.872613197551605,23.551316267104816,116.62167428749042,5.021323114503633,0.3109678176547611,1.561469890656603,1.5757603401908988,ZONE_02,WHEEL_FLAT,FRONT_BOGIE_AXLE_1,1
28.01,RUN_014_WHEEL_FLAT,TRAIN001,0.016596419597277395,-0.033878721606913235,0.9234289002687333,31.032425113552865,28.88660261132904,23.438210268304903,118.09286377915242,4.94797766021031,0.3623641585027346,1.7929697611324389,1.6044904464005973,ZONE_02,WHEEL_FLAT,FRONT_BOGIE_AXLE_1,1
28.02,RUN_014_WHEEL_FLAT,TRAIN001,-0.12206479631128873,8.471963913266471e-05,0.8658764583673397,31.13836491795631,29.110044003761296,23.4320330140474,114.54004598609228,4.96168144024491,0.3562753621831808,1.7677248521608215,1.604323941161865,ZONE_02,WHEEL_FLAT,FRONT_BOGIE_AXLE_1,1
28.03,RUN_014_WHEEL_FLAT,TRAIN001,-0.052875395451409665,-0.07068631419135091,0.8991288878718051,31.18876500926069,29.07539878133491,23.435347337550763,113.79068400142951,4.981313477035516,0.3291724123376759,1.639710973845957,1.6315270829663315,ZONE_02,WHEEL_FLAT,FRONT_BOGIE_AXLE_1,1
28.04,RUN_014_WHEEL_FLAT,TRAIN001,0.04182273871136455,-0.016673916744424366,0.9181870054651211,31.164673367448934,28.98886229027098,23.52482051944262,114.20741522688552,4.995185878084127,0.28992060413959064,1.4482073075637019,1.5919658604158575,ZONE_02,WHEEL_FLAT,FRONT_BOGIE_AXLE_1,1
28.05,RUN_014_WHEEL_FLAT,TRAIN001,-0.019907783957450614,-0.12219336596277336,1.1083651724659633,31.03964907690184,28.99898283676144,23.541648446330907,115.08905215605809,4.993105487886857,0.3280357725226529,1.6379172160060629,1.598688082382619,ZONE_02,WHEEL_FLAT,FRONT_BOGIE_AXLE_1,1
28.060000000000002,RUN_014_WHEEL_FLAT,TRAIN001,-0.05823175420680279,0.013775656917141646,0.9833634695846096,30.961421855701758,29.03214583512186,23.520100584168674,114.19600336909623,5.000129649830579,0.3036160270677722,1.5181194991053313,1.5170416632400212,ZONE_02,WHEEL_FLAT,FRONT_BOGIE_AXLE_1,1
28.07,RUN_014_WHEEL_FLAT,TRAIN001,0.06708108653566783,0.01197060222682539,1.03438389539896,31.146043099248505,28.996222761873156,23.503532579474722,115.9815156747067,5.024744945584899,0.3346149149221458,1.6813546024723731,1.5818743437998914,ZONE_02,WHEEL_FLAT,FRONT_BOGIE_AXLE_1,1
28.080000000000002,RUN_014_WHEEL_FLAT,TRAIN001,-0.027206377582816844,-0.042715825315278136,0.7827262698748899,31.170716151373636,29.16301669886582,23.56416150762178,115.25362509950916,5.054235070937736,0.35716939939159825,1.8052181046707831,1.6198458583451094,ZONE_02,WHEEL_FLAT,FRONT_BOGIE_AXLE_1,1
28.09,RUN_014_WHEEL_FLAT,TRAIN001,0.04838300050634026,-0.01668468876582013,1.1439858876835607,31.0114963828326,29.021997131533855,23.517085640713443,115.3797938591905,4.99367159420931,0.3280378046697267,1.6381130670059965,1.6303267030608404,ZONE_02,WHEEL_FLAT,FRONT_BOGIE_AXLE_1,1
28.1,RUN_014_WHEEL_FLAT,TRAIN001,0.05772998051305181,-0.07963077199953819,0.8572300162855722,31.109665080187412,28.90805987044077,23.494921920178403,113.78614791136549,4.970607668599044,0.3347049641048871,1.6636870612979195,1.6682622832989515,ZONE_02,WHEEL_FLAT,FRONT_BOGIE_AXLE_1,1
28.11,RUN_014_WHEEL_FLAT,TRAIN001,-0.05807155696917773,-0.025403855298944514,1.0459806091742856,31.006807924912568,28.823341867084256,23.407622992306685,114.88315917485029,5.002760260029293,0.33497880159604776,1.6758186365769447,1.5591382391080413,ZONE_02,WHEEL_FLAT,FRONT_BOGIE_AXLE_1,1
28.12,RUN_014_WHEEL_FLAT,TRAIN001,0.036408309174425287,-0.024947858166587282,0.8739331209681536,31.155581082859523,28.99645004169614,23.42373784732146,114.80447567106019,4.9976046228418465,0.3572793908146328,1.7855411351813275,1.5895304495353562,ZONE_02,WHEEL_FLAT,FRONT_BOGIE_AXLE_1,1
28.13,RUN_014_WHEEL_FLAT,TRAIN001,0.06539726359158149,-0.07524608166266723,1.0384051088924944,31.369349720348094,28.905123162892302,23.400880252491984,115.90217652408263,5.017319452657262,0.36461907496592205,1.8294103776364175,1.6762341650297408,ZONE_02,WHEEL_FLAT,FRONT_BOGIE_AXLE_1,1
28.14,RUN_014_WHEEL_FLAT,TRAIN001,-0.05491469393624995,-0.016392868034784878,1.0155231202448505,31.18336315418386,29.054961649801353,23.501492864363158,115.06486072195017,5.012162868942978,0.370446253173675,1.8567369550961437,1.58953946257063,ZONE_02,WHEEL_FLAT,FRONT_BOGIE_AXLE_1,1
28.150000000000002,RUN_014_WHEEL_FLAT,TRAIN001,0.03345924627990287,0.13779309857284378,0.9823104599129276,31.163167570405744,28.94832038901458,23.52264608959123,113.8079383489272,5.037013254807497,0.29399467317227523,1.4808550656115484,1.6501119140476315,ZONE_02,WHEEL_FLAT,FRONT_BOGIE_AXLE_1,1
28.16,RUN_014_WHEEL_FLAT,TRAIN001,-0.04483105512113374,-0.052460444932900696,1.0530348838607984,31.063984211731732,29.09826527213293,23.411696221944897,114.09057189911975,4.975209975058062,0.3165658745236855,1.574981696693219,1.6379368529087817,ZONE_02,WHEEL_FLAT,FRONT_BOGIE_AXLE_1,1
28.17,RUN_014_WHEEL_FLAT,TRAIN001,0.014529143327373496,0.01749562272593999,1.0520683462333928,31.186201307271528,29.085179235109628,23.560104314021988,114.1786723108885,5.006418283158561,0.3277500767077082,1.6408539763360912,1.629667088183333,ZONE_02,WHEEL_FLAT,FRONT_BOGIE_AXLE_1,1
28.18,RUN_014_WHEEL_FLAT,TRAIN001,-0.020838878762831917,0.055949723039610294,0.9546946736994085,31.214343781325372,29.041088716357706,23.508193415761635,115.62978094941172,5.030263473898604,0.3209525077655288,1.6144756766690975,1.5753203671182041,ZONE_02,WHEEL_FLAT,FRONT_BOGIE_AXLE_1,1
28.19,RUN_014_WHEEL_FLAT,TRAIN001,0.06302060136476874,0.16407890740746373,1.0496098235897648,31.182642285643933,29.1498549947762,23.52316292729236,113.8892884280338,4.941157912662492,0.2810103701444615,1.3885166139795215,1.6532713258008938,ZONE_02,WHEEL_FLAT,FRONT_BOGIE_AXLE_1,1
28.2,RUN_014_WHEEL_FLAT,TRAIN001,-0.34120483284493297,0.1752642178725372,1.90306753342156,31.14615424452613,29.038874952249227,23.490736620758042,116.62800057027142,4.965988588020855,0.3172684631582615,1.575551567382842,1.7372836582028204,ZONE_02,WHEEL_FLAT,FRONT_BOGIE_AXLE_1,1
28.21,RUN_014_WHEEL_FLAT,TRAIN001,-0.028410929103509074,0.07240004708153114,1.1592260384758122,30.788533224283828,29.03679041421931,23.498417491359042,112.6116627208069,4.994493080261186,0.34548583883916845,1.7255266314104583,1.6090910571800252,ZONE_02,WHEEL_FLAT,FRONT_BOGIE_AXLE_1,1
28.22,RUN_014_WHEEL_FLAT,TRAIN001,0.10134127602745775,0.027663911996733025,1.0301849230867892,31.004159674957787,29.122798712703656,23.49670621684093,116.44910470555152,5.010963318897659,0.3421923909657401,1.7147135191352103,1.6039716738929723,ZONE_02,WHEEL_FLAT,FRONT_BOGIE_AXLE_1,1
28.23,RUN_014_WHEEL_FLAT,TRAIN001,0.10406451798744665,0.0022663625873250623,0.9920898142405462,31.049546277632825,29.035589161487,23.436228768410277,113.23616046100136,4.963088910791741,0.344253272510308,1.708559599299677,1.5840035918144322,ZONE_02,WHEEL_FLAT,FRONT_BOGIE_AXLE_1,1
28.240000000000002,RUN_014_WHEEL_FLAT,TRAIN001,-0.012218679355793502,-0.059363242717138096,1.1011061349188047,30.942131720592823,28.828845680625484,23.415286587430565,114.5217050989069,5.021489190278855,0.37217412802519756,1.868868360779988,1.591413019958733,ZONE_02,WHEEL_FLAT,FRONT_BOGIE_AXLE_1,1
28.25,RUN_014_WHEEL_FLAT,TRAIN001,0.04349445648807667,-0.10908662825513049,0.8322296193277026,31.14433702933389,29.00548717715504,23.503473047215223,114.62258164485463,5.012572490198999,0.3185824345093938,1.5969175470824115,1.6377219743355451,ZONE_02,WHEEL_FLAT,FRONT_BOGIE_AXLE_1,1
28.26,RUN_014_WHEEL_FLAT,TRAIN001,-0.07834257432456802,0.06505886984567079,0.9837859615789101,31.324851070802584,28.896569997352483,23.525614633387217,114.53144095225473,5.021422516894064,0.37118699171338587,1.863886718167766,1.649189312058931,ZONE_02,WHEEL_FLAT,FRONT_BOGIE_AXLE_1,1
28.27,RUN_014_WHEEL_FLAT,TRAIN001,-0.10325722520698778,0.01797656994733442,0.991063110299434,30.998952164877657,28.87401189831327,23.55042417816435,113.2298128274952,4.996822051255765,0.33490065564905935,1.6734389811272332,1.6157093509615712,ZONE_02,WHEEL_FLAT,FRONT_BOGIE_AXLE_1,1
28.28,RUN_014_WHEEL_FLAT,TRAIN001,-0.050646762742792235,-0.05387405620896808,0.7899494929782187,31.03422970881177,29.135456190993008,23.481746232029067,115.7877599050289,4.979199826697229,0.36268835305388736,1.8058977846710194,1.5183305959157676,ZONE_02,WHEEL_FLAT,FRONT_BOGIE_AXLE_1,1
28.29,RUN_014_WHEEL_FLAT,TRAIN001,0.03818221330259391,0.017288765988175758,1.0180158204009602,31.271889144071658,29.192695966432154,23.5314612017181,115.63366872657073,5.001424800440081,0.3226354796324518,1.6136370893356253,1.5720007049801206,ZONE_02,WHEEL_FLAT,FRONT_BOGIE_AXLE_1,1
28.3,RUN_014_WHEEL_FLAT,TRAIN001,-0.013632686078961263,0.0580328568461828,1.156709666926476,31.2455282078753,28.95719353928783,23.469453391702736,115.08115230031174,5.010555840800892,0.3370106377481459,1.688610619381006,1.639907445336896,ZONE_02,WHEEL_FLAT,FRONT_BOGIE_AXLE_1,1
28.310000000000002,RUN_014_WHEEL_FLAT,TRAIN001,0.06342254808206994,0.07107375299626319,1.0014774789994902,31.003656103473,29.028395161802422,23.546193731444625,114.09494307065879,4.937399072395211,0.33701506684144783,1.6639778784061745,1.5754346619121262,ZONE_02,WHEEL_FLAT,FRONT_BOGIE_AXLE_1,1
28.32,RUN_014_WHEEL_FLAT,TRAIN001,0.032464341671091725,-0.012748611541066419,0.9919440950724671,31.24448034312208,29.055157650596108,23.460994224364264,114.2033613846505,5.004339757255544,0.3366550636285498,1.6847363193977467,1.5914682304369014,ZONE_02,WHEEL_FLAT,FRONT_BOGIE_AXLE_1,1
28.330000000000002,RUN_014_WHEEL_FLAT,TRAIN001,-0.016251795157806607,-0.017585683791904377,1.0388785531820393,31.241359671240712,29.111461762460003,23.533545424687595,115.27697154667598,4.97101262903548,0.33653497480452643,1.6729196098654378,1.6357046001340407,ZONE_02,WHEEL_FLAT,FRONT_BOGIE_AXLE_1,1
28.34,RUN_014_WHEEL_FLAT,TRAIN001,-0.022188226772110697,-0.03007665966641389,1.012559527619267,31.00802837414668,29.159080964483937,23.50062340375949,113.48985235411814,4.990356749000453,0.33601169588197,1.6768182342876767,1.5861538848057923,ZONE_02,WHEEL_FLAT,FRONT_BOGIE_AXLE_1,1
28.35,RUN_014_WHEEL_FLAT,TRAIN001,0.10367386720076106,-0.013147653497338315,0.991421538174368,31.190959763221475,29.238170856696158,23.64874815926721,113.66021320952692,5.049559860631817,0.3372776188164504,1.7031035258650264,1.5844631812705678,ZONE_02,WHEEL_FLAT,FRONT_BOGIE_AXLE_1,1
28.36,RUN_014_WHEEL_FLAT,TRAIN001,-0.053497276509280246,-0.07578763919821273,0.8995004556560022,31.11632921178271,29.050466005365305,23.53075206870746,113.18499758253382,4.974862125515256,0.32974624103397915,1.6404420855509674,1.6057210116039393,ZONE_02,WHEEL_FLAT,FRONT_BOGIE_AXLE_1,1
28.37,RUN_014_WHEEL_FLAT,TRAIN001,0.02300527036569518,-0.02653164617562523,0.974221268050672,31.135289457067458,29.1620721221757,23.5168361775477,115.68394818073929,5.009856539879895,0.3734960384559248,1.8711615708776475,1.565983562306206,ZONE_02,WHEEL_FLAT,FRONT_BOGIE_AXLE_1,1
28.38,RUN_014_WHEEL_FLAT,TRAIN001,-0.0693111341280643,-0.07642456587559458,1.0252281590496288,31.05868174901269,29.22662252913548,23.522033854796874,115.20470582588007,4.985556752410357,0.34686201817148776,1.7293002768495447,1.5737618535821505,ZONE_02,WHEEL_FLAT,FRONT_BOGIE_AXLE_1,1
28.39,RUN_014_WHEEL_FLAT,TRAIN001,-0.027176734300350305,-0.03436678197151921,0.9891644396548327,31.32063475907918,28.732811091496885,23.486588052816515,114.66698005487389,5.004445301836316,0.3275433887425155,1.6391729729400277,1.662915631995451,ZONE_02,WHEEL_FLAT,FRONT_BOGIE_AXLE_1,1
28.400000000000002,RUN_014_WHEEL_FLAT,TRAIN001,-0.12484958952479874,0.05677380827230464,1.0221217145777992,31.190494609572184,29.038698222766605,23.48006725351416,112.44519954519699,5.080058054703554,0.33754953614075406,1.714771239933286,1.609700044909522,ZONE_02,WHEEL_FLAT,FRONT_BOGIE_AXLE_1,1
28.41,RUN_014_WHEEL_FLAT,TRAIN001,0.004994131721226448,0.06511841992112917,0.8813720940195106,31.16651720036788,29.04100676823519,23.451915872506525,114.75420865475805,5.01892151245173,0.34514703755363213,1.7322658917369094,1.5834638948822852,ZONE_02,WHEEL_FLAT,FRONT_BOGIE_AXLE_1,1
28.42,RUN_014_WHEEL_FLAT,TRAIN001,0.03632579108230623,-0.10098878483536483,0.9801304731082173,31.135858424942413,28.866690204889064,23.455088627760887,115.05301461336308,5.01764080655592,0.34094061227830047,1.7107175287797607,1.6308877108787803,ZONE_02,WHEEL_FLAT,FRONT_BOGIE_AXLE_1,1
28.43,RUN_014_WHEEL_FLAT,TRAIN001,-0.03315726318768579,-0.02836265684764945,1.0179565051898403,31.120164567814605,29.008652975917947,23.54481599171368,116.7169433323026,5.009737032211678,0.3244763790161383,1.6255413320351002,1.601625294818009,ZONE_02,WHEEL_FLAT,FRONT_BOGIE_AXLE_1,1
28.44,RUN_014_WHEEL_FLAT,TRAIN001,0.0926206320943377,0.005469264543195872,0.9334403471744883,31.28348608305746,28.949430154939034,23.481333551193003,115.33401368464213,4.9961359645264585,0.3039900300811538,1.5187755221459323,1.5691350715592813,ZONE_02,WHEEL_FLAT,FRONT_BOGIE_AXLE_1,1
28.45,RUN_014_WHEEL_FLAT,TRAIN001,0.01699683521489875,-0.005702214539925431,1.1125544785211035,30.935591507769427,29.460149427160253,23.520361328120508,114.42445243965054,4.975260715048733,0.32562581831950094,1.620073341690609,1.6252266533907662,ZONE_02,WHEEL_FLAT,FRONT_BOGIE_AXLE_1,1
28.46,RUN_014_WHEEL_FLAT,TRAIN001,-0.04358854460740034,-0.08239130148461454,1.2194819723873773,31.108088826428524,29.073247395860246,23.52527064627685,118.3818694755117,5.020445123470744,0.3226965543169166,1.620080342481176,1.5972338455991826,ZONE_02,WHEEL_FLAT,FRONT_BOGIE_AXLE_1,1
28.47,RUN_014_WHEEL_FLAT,TRAIN001,-0.06615219547263503,0.054486932072187216,0.9460918485481445,31.191526010991073,28.924388697972663,23.51357781911287,114.28686044170506,5.003858589264641,0.325210814815905,1.627308929038319,1.5496855140749373,ZONE_02,WHEEL_FLAT,FRONT_BOGIE_AXLE_1,1
28.48,RUN_014_WHEEL_FLAT,TRAIN001,0.0788671811735395,0.0824087888641398,0.7764644743258389,31.07971863855879,29.049664549193462,23.577939051043643,114.89727063343001,5.015222050043135,0.32148248379233624,1.6123060414179593,1.568928689461085,ZONE_02,WHEEL_FLAT,FRONT_BOGIE_AXLE_1,1
28.490000000000002,RUN_014_WHEEL_FLAT,TRAIN001,0.017607071543966662,-0.038319765908058155,0.9616715769019216,31.189792031880224,29.006906110728877,23.435792305217927,113.58927209365244,4.950514405987724,0.3379386685460476,1.6729702469775194,1.5953940433159042,ZONE_02,WHEEL_FLAT,FRONT_BOGIE_AXLE_1,1
28.5,RUN_014_WHEEL_FLAT,TRAIN001,0.09273664514431293,-0.0824414064364891,0.9837533316277198,31.11301221525252,29.35682689325517,23.552354878733023,115.97296580213408,5.025034920931489,0.34926140665749567,1.7550507649875693,1.6242703688072355,ZONE_02,WHEEL_FLAT,FRONT_BOGIE_AXLE_1,1
28.51,RUN_014_WHEEL_FLAT,TRAIN001,-0.00610573093597738,0.034933970972942874,0.9235841373906604,31.17283080537186,28.97156060414885,23.522607241376928,113.81470882188552,5.039312012331112,0.31915284985096865,1.608310790023694,1.5761230130227024,ZONE_02,WHEEL_FLAT,FRONT_BOGIE_AXLE_1,1
28.52,RUN_014_WHEEL_FLAT,TRAIN001,0.07733622317718934,-0.024755355393453957,1.0269578155064096,31.121783552932694,29.000736817362807,23.55259433376372,116.6679055777992,5.041007415679154,0.3301910765374604,1.664495665416421,1.5715946790352788,ZONE_02,WHEEL_FLAT,FRONT_BOGIE_AXLE_1,1
28.53,RUN_014_WHEEL_FLAT,TRAIN001,0.02361886640055805,-0.0317651730941522,1.0864525550191182,31.047818613245795,29.225618036254044,23.52748544317863,114.69298734874627,4.949420560491993,0.3126449888179881,1.5474115357905396,1.6323434842350037,ZONE_02,WHEEL_FLAT,FRONT_BOGIE_AXLE_1,1
28.54,RUN_014_WHEEL_FLAT,TRAIN001,0.07466937103741011,-0.05102854621386074,1.0641699329049952,31.169348348104425,28.926982968388383,23.47238452835491,115.96551273184087,4.993282621142674,0.3190753659502411,1.593233479634078,1.5888637992328434,ZONE_02,WHEEL_FLAT,FRONT_BOGIE_AXLE_1,1
28.55,RUN_014_WHEEL_FLAT,TRAIN001,-0.005549572686634749,0.07619373117888979,0.8756512435551603,31.273716923625205,29.05139250798964,23.521267153660688,116.10553841429498,4.989290693657255,0.3390770496790196,1.691753968396291,1.5621478293467976,ZONE_02,WHEEL_FLAT,FRONT_BOGIE_AXLE_1,1
28.560000000000002,RUN_014_WHEEL_FLAT,TRAIN001,-0.052643293155476514,-0.025953124413080134,0.8802623262398196,31.044676688802564,29.027823173240645,23.59166607896749,114.28970211638615,4.976675412541632,0.35144277066728347,1.7490165956953772,1.5868693079141232,ZONE_02,WHEEL_FLAT,FRONT_BOGIE_AXLE_1,1
28.57,RUN_014_WHEEL_FLAT,TRAIN001,0.0029867990157643946,0.06967589070239398,1.0431820018950264,31.321417024190968,29.07105018726354,23.44475173564436,114.87839619854655,5.032945129706619,0.3312607246607045,1.667217050844178,1.60164635242588,ZONE_02,WHEEL_FLAT,FRONT_BOGIE_AXLE_1,1
28.580000000000002,RUN_014_WHEEL_FLAT,TRAIN001,0.12661688518776518,-0.08895863799730992,0.7574022736098931,30.99582932250931,28.883849483206376,23.541925775714795,115.75975569986677,4.9703890665497745,0.3278346356124303,1.629465688484353,1.609973417061988,ZONE_02,WHEEL_FLAT,FRONT_BOGIE_AXLE_1,1
28.59,RUN_014_WHEEL_FLAT,TRAIN001,0.0484513876257424,0.019435570101731445,0.9635300947254738,31.140614965333455,28.920794038088953,23.49140626349408,114.44855768977646,4.974252537015307,0.29581134046295127,1.4714403107757341,1.6259579310008017,ZONE_02,WHEEL_FLAT,FRONT_BOGIE_AXLE_1,1
28.6,RUN_014_WHEEL_FLAT,TRAIN001,0.01428111273182827,-0.09961742585641493,1.0466916030426283,31.138059264418477,28.951635174555374,23.46950223723313,114.81645620522012,5.015011101036554,0.3230099560933119,1.619898515553289,1.6608485627395124,ZONE_02,WHEEL_FLAT,FRONT_BOGIE_AXLE_1,1
28.61,RUN_014_WHEEL_FLAT,TRAIN001,0.0011880890183724735,0.07500513174802789,0.8734552242004128,31.071426037340007,28.895886446957373,23.535576744771948,115.16094512793732,5.038824763306457,0.2976880027224231,1.4999976798569854,1.5465639194446448,ZONE_02,WHEEL_FLAT,FRONT_BOGIE_AXLE_1,1
28.62,RUN_014_WHEEL_FLAT,TRAIN001,0.14078950674700955,0.05099356197528379,1.1228923697524942,31.22637442156743,28.958601869690128,23.55476471422573,114.21164138816309,5.004066074969967,0.3226664926942145,1.6146444496206636,1.6062946225443884,ZONE_02,WHEEL_FLAT,FRONT_BOGIE_AXLE_1,1
28.63,RUN_014_WHEEL_FLAT,TRAIN001,0.00933830618661878,-0.05121493495296153,1.0406290213788578,31.048336181793438,29.227161242944156,23.453883309777055,115.07881739620932,5.02507738305825,0.30623244893428336,1.5388417530982077,1.5765318976564937,ZONE_02,WHEEL_FLAT,FRONT_BOGIE_AXLE_1,1
28.64,RUN_014_WHEEL_FLAT,TRAIN001,0.018454549557574824,-0.028532539260906303,0.7864758819613451,31.11729793395908,29.04712205290849,23.40338357656664,115.85147650952098,5.013131368503476,0.3656667512349826,1.8331354610348485,1.5877774430846472,ZONE_02,WHEEL_FLAT,FRONT_BOGIE_AXLE_1,1
28.650000000000002,RUN_014_WHEEL_FLAT,TRAIN001,-0.009054965106525497,-0.0020558419267428306,0.8793931549745907,31.12754709086696,29.235371042834718,23.598156042238205,113.14148735186647,5.043390019353417,0.3360630241078375,1.6948969016591944,1.617070568455582,ZONE_02,WHEEL_FLAT,FRONT_BOGIE_AXLE_1,1
28.66,RUN_014_WHEEL_FLAT,TRAIN001,-0.037097534111954586,0.06913002902411937,1.067993372284021,31.28747654121146,28.99983373613591,23.538364461378396,115.05401751957025,4.987700751116358,0.28112063304918156,1.4021455926137087,1.579812805242699,ZONE_02,WHEEL_FLAT,FRONT_BOGIE_AXLE_1,1
28.67,RUN_014_WHEEL_FLAT,TRAIN001,0.01446720967537905,-0.061102975127111984,0.8422078597139153,31.225771913087733,29.115899898379066,23.460255791809825,113.692864812452,5.003024546987528,0.314330170114621,1.5726015569422143,1.619816461915356,ZONE_02,WHEEL_FLAT,FRONT_BOGIE_AXLE_1,1
28.68,RUN_014_WHEEL_FLAT,TRAIN001,0.04325219745606776,0.052623150715307286,1.1155320004949965,31.254052262204585,29.03357705238827,23.440186930554823,114.69563256172678,5.0139077111375725,0.32323231164796823,1.620656979860571,1.5926707504896054,ZONE_02,WHEEL_FLAT,FRONT_BOGIE_AXLE_1,1
28.69,RUN_014_WHEEL_FLAT,TRAIN001,0.0036034211916505642,-0.006315306103988501,0.9112300920976485,31.34951086924162,29.008801450308233,23.515037343117324,116.57786339541693,5.018288609330091,0.3088489946886968,1.5498933920493372,1.6044724833933295,ZONE_02,WHEEL_FLAT,FRONT_BOGIE_AXLE_1,1
28.7,RUN_014_WHEEL_FLAT,TRAIN001,0.03386650603800614,0.014691227099097676,1.0254387195424408,31.070725769571812,28.98287431256908,23.5302359872169,116.25542592125511,4.999509034915392,0.355821249160291,1.7789315499917557,1.5935754062809395,ZONE_02,WHEEL_FLAT,FRONT_BOGIE_AXLE_1,1
28.71,RUN_014_WHEEL_FLAT,TRAIN001,0.04085805969878177,0.09584218848297363,1.1159766117875232,31.35846818939328,29.225986031526176,23.549553746524335,116.14826535243199,4.969243485466495,0.34554511630024587,1.7170978181097591,1.5695689612360388,ZONE_02,WHEEL_FLAT,FRONT_BOGIE_AXLE_1,1
28.72,RUN_014_WHEEL_FLAT,TRAIN001,0.24841215241443568,0.1405262334463333,1.7923611489400761,30.998309194175295,28.746171403559746,23.52670119198067,114.63580999426625,5.025730094060349,0.305276326117572,1.534236419173263,1.7618927686936574,ZONE_02,WHEEL_FLAT,FRONT_BOGIE_AXLE_1,1
28.73,RUN_014_WHEEL_FLAT,TRAIN001,-0.07191115849027441,0.08717035316556619,1.2975278978080922,31.16910959504659,28.91477521395665,23.387604494318623,115.24793057334212,5.0347294396751865,0.3403332248893185,1.7134857066498477,1.5697047205643806,ZONE_02,WHEEL_FLAT,FRONT_BOGIE_AXLE_1,1
28.740000000000002,RUN_014_WHEEL_FLAT,TRAIN001,0.08960619672707776,-0.03635934627444604,1.1479628007951912,31.115539587112274,29.121238394421905,23.48111390462471,116.49691137717872,5.018464253026976,0.3216327667292386,1.614102542432848,1.5785265957856234,ZONE_02,WHEEL_FLAT,FRONT_BOGIE_AXLE_1,1
28.75,RUN_014_WHEEL_FLAT,TRAIN001,-0.11346519414601454,-0.02941010605485195,1.0171032290798883,31.185396301455903,29.10388356417353,23.43284233651822,111.91218076418978,5.040194531386446,0.314970765111418,1.5875139278611738,1.6398635670711876,ZONE_02,WHEEL_FLAT,FRONT_BOGIE_AXLE_1,1
28.76,RUN_014_WHEEL_FLAT,TRAIN001,-0.06356270522924976,-0.042232391170893495,0.9434427314401921,31.141296824420973,29.036032949302097,23.566402364855456,114.49080351724626,4.978494134480313,0.33772423105203,1.6813581033644052,1.6558820050404548,ZONE_02,WHEEL_FLAT,FRONT_BOGIE_AXLE_1,1
28.77,RUN_014_WHEEL_FLAT,TRAIN001,-0.04130918496337451,0.02251460235766754,0.8335179629202236,31.21800947169486,28.9943063540774,23.57668507706164,113.5177065621324,4.9488740016922375,0.29703488954259216,1.4699882424528599,1.6896888560124788,ZONE_02,WHEEL_FLAT,FRONT_BOGIE_AXLE_1,1
28.78,RUN_014_WHEEL_FLAT,TRAIN001,0.007927654679889894,0.07492963638624438,0.9667515606474735,31.23150023890548,29.062073732926656,23.537952389454343,116.0483530434632,4.950578184524811,0.30618861561631927,1.515810680820003,1.5798721685683668,ZONE_02,WHEEL_FLAT,FRONT_BOGIE_AXLE_1,1
28.79,RUN_014_WHEEL_FLAT,TRAIN001,0.054043293349568304,0.003193498302003315,1.2312503495440472,31.108736253193715,29.041299089016146,23.51084174517381,113.60687257812687,4.9869733256284405,0.34622887459580354,1.7266341621716266,1.5640387194193788,ZONE_02,WHEEL_FLAT,FRONT_BOGIE_AXLE_1,1
28.8,RUN_014_WHEEL_FLAT,TRAIN001,0.0150518557836474,0.09738256849070308,1.005847211635923,31.184808428696613,28.975534703603124,23.469759212054736,115.67300470788449,4.984208418964708,0.3216544695228433,1.6031929149933828,1.5937101837572878,ZONE_02,WHEEL_FLAT,FRONT_BOGIE_AXLE_1,1
28.810000000000002,RUN_014_WHEEL_FLAT,TRAIN001,-0.02196052957310124,0.012183249945345719,1.0354902838170046,31.17894418229328,29.070974935957704,23.46987192377185,115.11181190864451,5.009918691703761,0.33366053765915,1.6716121643025021,1.5922348058740683,ZONE_02,WHEEL_FLAT,FRONT_BOGIE_AXLE_1,1
28.82,RUN_014_WHEEL_FLAT,TRAIN001,-0.0273860171279211,0.12528831723129022,0.8261950454865068,30.967751367951998,28.842554614517326,23.54710290732781,114.10555890252346,5.000925003941897,0.32340491931914483,1.6173237474209232,1.5818136442665263,ZONE_02,WHEEL_FLAT,FRONT_BOGIE_AXLE_1,1
28.830000000000002,RUN_014_WHEEL_FLAT,TRAIN001,-0.013214806424021428,0.08787226004630581,0.9974134541864277,31.280248238283686,29.151160738598673,23.481062814313646,113.33757060765635,4.982891013931955,0.3468801207566775,1.7284658366300796,1.6220015018306573,ZONE_02,WHEEL_FLAT,FRONT_BOGIE_AXLE_1,1
28.84,RUN_014_WHEEL_FLAT,TRAIN001,0.05429436479065946,-0.014208620712292423,1.003754276448008,31.323045902370854,29.015710783267007,23.461352476770358,114.33324937174493,4.977966437892844,0.3225550562299798,1.6056682442854786,1.6218569237277183,ZONE_02,WHEEL_FLAT,FRONT_BOGIE_AXLE_1,1
28.85,RUN_014_WHEEL_FLAT,TRAIN001,0.07098929886201595,-0.030316305863749966,0.914396301313917,31.297767521808026,29.142168701415724,23.513037909190455,116.35501585490266,5.022005615436239,0.317538353407671,1.5946793939297008,1.6203055765645218,ZONE_02,WHEEL_FLAT,FRONT_BOGIE_AXLE_1,1
28.86,RUN_014_WHEEL_FLAT,TRAIN001,-0.012603578372679171,-0.023116918720259637,1.027852446080332,31.311750015441316,29.01272342503666,23.528362876351192,115.1652296785539,5.022482490658968,0.34491649842452227,1.7323370740765645,1.5826499027717729,ZONE_02,WHEEL_FLAT,FRONT_BOGIE_AXLE_1,1
28.87,RUN_014_WHEEL_FLAT,TRAIN001,0.049962308758488366,0.0009091848934261409,1.1912261817050116,30.95836060033913,29.166829503995718,23.536207589911687,116.5738422860979,4.985147373047982,0.33371054288484864,1.6635962362208192,1.5812287016234974,ZONE_02,WHEEL_FLAT,FRONT_BOGIE_AXLE_1,1
28.88,RUN_014_WHEEL_FLAT,TRAIN001,0.03280353076778146,-0.06187052692505202,1.1190977752847664,31.120066497376218,29.09246552666145,23.43213291415991,113.68003458199742,4.9539007412271525,0.3049042755988825,1.510465516892632,1.6253040531683107,ZONE_02,WHEEL_FLAT,FRONT_BOGIE_AXLE_1,1
28.89,RUN_014_WHEEL_FLAT,TRAIN001,0.003113984747340341,0.05066124261080757,0.9552406107477011,31.221177651939602,29.072501241979985,23.52863132535431,115.3416747459143,5.0230033165725,0.3475746247774912,1.7458684930137804,1.596838112514049,ZONE_02,WHEEL_FLAT,FRONT_BOGIE_AXLE_1,1
28.900000000000002,RUN_014_WHEEL_FLAT,TRAIN001,0.020935255104634076,0.06257975455419434,1.0096147682086767,31.22877972118521,29.185427112290572,23.442062490270356,113.99241662223066,4.980933272236497,0.3050136316805992,1.5192525465235844,1.585800751036973,ZONE_02,WHEEL_FLAT,FRONT_BOGIE_AXLE_1,1
28.91,RUN_014_WHEEL_FLAT,TRAIN001,0.09689830505131418,0.12505533241823916,0.957949363934454,31.23486488780862,29.29155829370945,23.52255323881827,115.09240072281347,5.064473989488001,0.30106960034318747,1.5247591599636208,1.6566894787408406,ZONE_02,WHEEL_FLAT,FRONT_BOGIE_AXLE_1,1
28.92,RUN_014_WHEEL_FLAT,TRAIN001,-0.028710079370948167,0.015100897737697992,0.8367209063202617,31.305935524062907,29.20627742965218,23.39617186462089,112.75095074828457,4.966763787657085,0.31532762687093174,1.566157838390389,1.589782210243004,ZONE_02,WHEEL_FLAT,FRONT_BOGIE_AXLE_1,1
28.93,RUN_014_WHEEL_FLAT,TRAIN001,-0.08817503350831786,0.0628472584652016,0.9719608919250202,31.054388082398088,29.17202417387547,23.46091198035848,114.80003017616795,5.036953025465396,0.35358098398073456,1.7809708070087926,1.601457715480024,ZONE_02,WHEEL_FLAT,FRONT_BOGIE_AXLE_1,1
28.94,RUN_014_WHEEL_FLAT,TRAIN001,0.1322973435127381,0.02531552976846614,0.950476806830463,31.17294165741488,29.1519390254304,23.496845364706434,115.45273549376864,4.995890242215055,0.3238467050128736,1.6179025935473126,1.5714166061083286,ZONE_02,WHEEL_FLAT,FRONT_BOGIE_AXLE_1,1
28.95,RUN_014_WHEEL_FLAT,TRAIN001,-0.05145044677082356,-0.055091321197589284,1.1236089491137005,31.610909864627082,29.08868341092442,23.54190447085305,114.30323546486879,4.951254942703757,0.328424158738984,1.626111739259718,1.5990970015990373,ZONE_02,WHEEL_FLAT,FRONT_BOGIE_AXLE_1,1
28.96,RUN_014_WHEEL_FLAT,TRAIN001,-0.04055853383963768,-0.05322489726764222,0.9494052632709359,31.07514988969722,29.16445922242339,23.421035931071337,117.59293732858094,4.994846228418457,0.31315055079972565,1.5641388475891722,1.6331541599440484,ZONE_02,WHEEL_FLAT,FRONT_BOGIE_AXLE_1,1
28.97,RUN_014_WHEEL_FLAT,TRAIN001,-0.026943786333529753,0.014102310057182535,1.081995831531827,31.130640246513682,29.119206319092353,23.569137250425694,116.13397869224669,4.97739296436614,0.30131306752906756,1.4997535423907604,1.6001658548311306,ZONE_02,WHEEL_FLAT,FRONT_BOGIE_AXLE_1,1
28.98,RUN_014_WHEEL_FLAT,TRAIN001,0.07956191813862494,-0.057072321943789306,1.0490386001378211,31.278726861962443,28.885009031646742,23.369268941823105,114.9270219490727,5.031367191565809,0.3167092016668618,1.5934802865336477,1.6151062369512772,ZONE_02,WHEEL_FLAT,FRONT_BOGIE_AXLE_1,1
28.990000000000002,RUN_014_WHEEL_FLAT,TRAIN001,-0.08823631601485005,0.07539950849699564,0.9863175911720244,31.186052124937312,29.11397254471669,23.49692788180182,114.64268160745029,5.063464086585849,0.33068507054448487,1.6744119786721072,1.6103617317626053,ZONE_02,WHEEL_FLAT,FRONT_BOGIE_AXLE_1,1
29.0,RUN_014_WHEEL_FLAT,TRAIN001,0.005004694065045852,-0.015783685647964153,0.8644636444896723,31.137758025022524,29.0390340448024,23.413122354191035,115.07206447003455,5.016028569963804,0.30679109036457275,1.5388728742790438,1.6512387148678482,ZONE_02,WHEEL_FLAT,FRONT_BOGIE_AXLE_1,1
29.01,RUN_014_WHEEL_FLAT,TRAIN001,0.05731952560317208,-0.08941785105858185,0.9612131628306445,31.203255069016606,29.169131391698272,23.55379330366262,115.24552118478027,4.996182403327399,0.3333691594616994,1.6655731283145885,1.6119808058107112,ZONE_02,WHEEL_FLAT,FRONT_BOGIE_AXLE_1,1
29.02,RUN_014_WHEEL_FLAT,TRAIN001,0.09319968489331959,-0.020256946503070063,1.0880938324270588,31.12991779424712,29.02930260629787,23.42848096551801,115.71856662314403,5.023425559729612,0.3109770507580999,1.5621700652675719,1.6470844127607354,ZONE_02,WHEEL_FLAT,FRONT_BOGIE_AXLE_1,1
29.03,RUN_014_WHEEL_FLAT,TRAIN001,-0.03366361862572456,-0.04180462434865789,0.9901332732081942,31.18341300682981,28.986131390781306,23.43399465304244,115.90188611490142,4.986614181363507,0.3091584735520621,1.5416540285034075,1.618612929114469,ZONE_02,WHEEL_FLAT,FRONT_BOGIE_AXLE_1,1
29.04,RUN_014_WHEEL_FLAT,TRAIN001,-0.022593362633907096,-0.03444836624022449,0.8418648063991152,31.231604060290177,29.06905489494899,23.48094304498289,115.9396503549323,5.035375484862294,0.3317156491214329,1.6703128475312456,1.6171000389948245,ZONE_02,WHEEL_FLAT,FRONT_BOGIE_AXLE_1,1
29.05,RUN_014_WHEEL_FLAT,TRAIN001,-0.0030002622668815204,0.14721973998500443,1.1548755990043165,31.238377280751635,28.882473424797542,23.559612362680575,114.97026942700292,5.012630090476239,0.3310975360895692,1.659669472285117,1.622953236560633,ZONE_02,WHEEL_FLAT,FRONT_BOGIE_AXLE_1,1
29.060000000000002,RUN_014_WHEEL_FLAT,TRAIN001,-0.0761783036708134,-0.09646662621271304,0.9963781863082747,31.28032027806471,29.33052637933514,23.534093878577185,116.31396605179759,5.025703197871541,0.3404878020048547,1.7111906353720503,1.5968597031008869,ZONE_02,WHEEL_FLAT,FRONT_BOGIE_AXLE_1,1
29.07,RUN_014_WHEEL_FLAT,TRAIN001,-0.009178129473999257,-0.05390684722080066,1.1949919243559566,31.15741636399911,29.218828273820215,23.557573740166255,113.82662680653357,4.990260983643946,0.31291758709344614,1.5615404259684307,1.6319466486112286,ZONE_02,WHEEL_FLAT,FRONT_BOGIE_AXLE_1,1
29.080000000000002,RUN_014_WHEEL_FLAT,TRAIN001,-0.011184790761630129,0.006460065507452082,1.0277723260003082,31.144858082718358,29.25865148092353,23.537219712716308,112.76039841249415,5.002483008512393,0.33292299975882017,1.6654416494364734,1.5717230779635072,ZONE_02,WHEEL_FLAT,FRONT_BOGIE_AXLE_1,1
29.09,RUN_014_WHEEL_FLAT,TRAIN001,0.0026115741054977513,0.04728311414491632,1.000077708554974,31.28162261823384,29.072043124575593,23.59038846066486,114.76221667072271,5.071599095371932,0.35577028041546926,1.8043242323153124,1.6010834934700338,ZONE_02,WHEEL_FLAT,FRONT_BOGIE_AXLE_1,1
29.1,RUN_014_WHEEL_FLAT,TRAIN001,-0.007302979745354579,-0.03537411309075184,0.9993942717473687,31.102694460346942,29.186775747144022,23.44993848493719,115.96960254881682,4.990749680978579,0.31859844495575623,1.590045087523212,1.5621960378175657,ZONE_02,WHEEL_FLAT,FRONT_BOGIE_AXLE_1,1
29.11,RUN_014_WHEEL_FLAT,TRAIN001,0.0021052711866009917,0.004301747008643501,1.0567293332776768,31.317567376015987,28.93120229158505,23.527956633642262,115.5713779957283,5.019872673711217,0.3220101708108419,1.6164500571104266,1.575506831448042,ZONE_02,WHEEL_FLAT,FRONT_BOGIE_AXLE_1,1
29.12,RUN_014_WHEEL_FLAT,TRAIN001,0.04334417088422314,0.07792267001571337,1.208614358888101,31.135757777375307,29.204078281881614,23.50480615586863,114.91251402180984,5.0009201960713,0.3388391616530644,1.6945076067306777,1.6197584424226943,ZONE_02,WHEEL_FLAT,FRONT_BOGIE_AXLE_1,1
29.13,RUN_014_WHEEL_FLAT,TRAIN001,0.04248273557147388,0.0792349789162223,0.7600831131744732,31.15162068303536,29.126583632219265,23.413020951623153,113.59614048179344,4.999024378832064,0.32373084101194144,1.6183383663985023,1.6109378559214815,ZONE_02,WHEEL_FLAT,FRONT_BOGIE_AXLE_1,1
29.14,RUN_014_WHEEL_FLAT,TRAIN001,0.038764468693845394,-0.019389319613042477,0.9488609371822115,31.398625398278092,29.144730394820016,23.49766436673588,114.47415190201978,5.017305949099358,0.2879984712972178,1.4449764433710515,1.5944921595960069,ZONE_02,WHEEL_FLAT,FRONT_BOGIE_AXLE_1,1
29.150000000000002,RUN_014_WHEEL_FLAT,TRAIN001,-0.08080618351665364,0.03086387623972438,0.925495009973615,31.205156342477263,28.983292523717886,23.56999066182488,114.85867926904487,4.972306156981108,0.3264153360842849,1.6230369853449473,1.5878290219539024,ZONE_02,WHEEL_FLAT,FRONT_BOGIE_AXLE_1,1
29.16,RUN_014_WHEEL_FLAT,TRAIN001,-2.7313215830524847e-05,0.10237737994305833,1.0142720645510166,31.154910274952073,29.12189168651607,23.442808834722797,115.37570861997843,4.953225245864706,0.32470303040580617,1.6083272476148145,1.6325871828150895,ZONE_02,WHEEL_FLAT,FRONT_BOGIE_AXLE_1,1
29.17,RUN_014_WHEEL_FLAT,TRAIN001,-0.025025802463684334,-0.004739837600784317,0.9171264986346377,31.003573501003075,29.176197035743535,23.460735910384898,114.16956423470957,4.950069121151412,0.3469290121180861,1.7173225901173017,1.6214665066635787,ZONE_02,WHEEL_FLAT,FRONT_BOGIE_AXLE_1,1
29.18,RUN_014_WHEEL_FLAT,TRAIN001,-0.022089713468627616,0.005972743568256775,0.9111179083690638,31.153865932960876,29.135530133634997,23.519614569425695,116.0793810145452,5.054350854696607,0.3374651600292564,1.7056673200241994,1.6680507307950718,ZONE_02,WHEEL_FLAT,FRONT_BOGIE_AXLE_1,1
29.19,RUN_014_WHEEL_FLAT,TRAIN001,0.03528572268022206,-0.1699547836276381,1.055668357436591,31.303739014312363,29.02124594239264,23.54211355658882,116.00713972558755,4.98828940168342,0.354439522850205,1.768046915371406,1.6401454128083683,ZONE_02,WHEEL_FLAT,FRONT_BOGIE_AXLE_1,1
29.2,RUN_014_WHEEL_FLAT,TRAIN001,0.08732538554901631,0.02064684598859824,0.8257697405335498,31.097504486384263,29.131285257242673,23.470869518221438,115.21099827530028,5.014102146523163,0.35157162730919334,1.7628160511476676,1.5650701927590331,ZONE_02,WHEEL_FLAT,FRONT_BOGIE_AXLE_1,1
29.21,RUN_014_WHEEL_FLAT,TRAIN001,-0.04251778891004069,-0.02261990028497939,1.031370549741863,31.270186129800575,29.114958112449443,23.502860162359948,116.74255550424489,5.003208043630168,0.31613407160016715,1.5816845298955118,1.6216483443692167,ZONE_02,WHEEL_FLAT,FRONT_BOGIE_AXLE_1,1
29.22,RUN_014_WHEEL_FLAT,TRAIN001,0.003848057314170171,-0.07934359744510737,0.9050444772242137,31.193189714570728,29.110547155571904,23.59406742301182,114.21230687133165,4.999172553484441,0.32529540423485764,1.6262078566255267,1.5776771286833078,ZONE_02,WHEEL_FLAT,FRONT_BOGIE_AXLE_1,1
29.23,RUN_014_WHEEL_FLAT,TRAIN001,-0.08522031160803213,-0.030680429912831576,0.9382540982035069,31.329314419117964,29.096414935398148,23.445169350461985,115.93714671097395,5.019556234891055,0.31413663967192573,1.5768265282729395,1.593169948653264,ZONE_02,WHEEL_FLAT,FRONT_BOGIE_AXLE_1,1
29.240000000000002,RUN_014_WHEEL_FLAT,TRAIN001,-0.15103565457699794,0.24568460722316815,1.7767471893381128,31.402755457134454,29.12547745509422,23.573366114553423,116.09008439447742,5.007709345954175,0.34738977759368805,1.7396270359448538,1.7926593430763318,ZONE_02,WHEEL_FLAT,FRONT_BOGIE_AXLE_1,1
29.25,RUN_014_WHEEL_FLAT,TRAIN001,-0.05470497748150749,0.16179074099599197,1.6468511305153295,31.177079514677985,29.02601046174696,23.557145846586575,116.04964744074495,5.003327742520324,0.344335804932421,1.7228248855614485,1.6609272283951673,ZONE_02,WHEEL_FLAT,FRONT_BOGIE_AXLE_1,1
29.26,RUN_014_WHEEL_FLAT,TRAIN001,0.058902932419207965,0.012359134452039691,1.0038450985897696,31.15579609895375,29.056573549934235,23.51895728074244,114.72461653141151,5.0308158572151225,0.293274156105012,1.4754082750444777,1.590048060349502,ZONE_02,WHEEL_FLAT,FRONT_BOGIE_AXLE_1,1
29.27,RUN_014_WHEEL_FLAT,TRAIN001,0.06057396416886539,-0.1080031187053854,0.8673769547963968,31.1687964405663,29.0373668246615,23.417204517158694,113.14635566973637,5.0064558621758115,0.3471851145041478,1.7381669517694711,1.5401781630543445,ZONE_02,WHEEL_FLAT,FRONT_BOGIE_AXLE_1,1
29.28,RUN_014_WHEEL_FLAT,TRAIN001,-0.027711407952914775,0.09782080650300243,0.8780022666039067,31.25943931415063,29.076926606485742,23.495051050616315,116.75526989261483,5.022453495087763,0.3525003560713922,1.7704166453704446,1.6381130688423087,ZONE_02,WHEEL_FLAT,FRONT_BOGIE_AXLE_1,1
29.29,RUN_014_WHEEL_FLAT,TRAIN001,-0.07072905730755241,-0.04578563618559014,0.9527756533060763,30.97791159673033,29.141982214057663,23.51109428023391,116.61967453812034,5.000471114682365,0.301109471478883,1.5056892144874279,1.607580996169591,ZONE_02,WHEEL_FLAT,FRONT_BOGIE_AXLE_1,1
29.3,RUN_014_WHEEL_FLAT,TRAIN001,-0.023272102525763453,-0.10169199650636987,0.98882204856542,31.201506863036702,29.19045924257272,23.532702739141122,115.43562874554193,5.017161462204621,0.3471285504329305,1.7415999856630522,1.5479087642276925,ZONE_02,WHEEL_FLAT,FRONT_BOGIE_AXLE_1,1
29.310000000000002,RUN_014_WHEEL_FLAT,TRAIN001,0.029751561775045527,-0.09187461094678373,1.0645565486979849,31.274760347526826,29.035163496024097,23.49474198034526,114.21970376622642,4.989708990421111,0.3548528706886729,1.770612559152011,1.5671048022891851,ZONE_02,WHEEL_FLAT,FRONT_BOGIE_AXLE_1,1
29.32,RUN_014_WHEEL_FLAT,TRAIN001,0.05521228411237949,0.0335292945118622,0.939611619857737,31.3912795012299,29.023458012170654,23.431010196215553,115.95221741422205,4.977382644676307,0.3416266684242262,1.7004066503733308,1.5989860363038264,ZONE_02,WHEEL_FLAT,FRONT_BOGIE_AXLE_1,1
29.330000000000002,RUN_014_WHEEL_FLAT,TRAIN001,-0.02736229486335833,-0.17879689708804478,0.8889554376967008,31.243869911578148,29.005519172493994,23.445350906928077,115.07949629170385,4.952687893133078,0.3135094127022336,1.5527142726736138,1.6260181801572418,ZONE_02,WHEEL_FLAT,FRONT_BOGIE_AXLE_1,1
29.34,RUN_014_WHEEL_FLAT,TRAIN001,-0.011440769807101353,-0.03001967807075539,1.0549315624878497,31.243802717537616,29.118767128539922,23.486276160843495,112.58845426452956,5.006213282361262,0.304101515719973,1.522397047183521,1.5549566495834293,ZONE_02,WHEEL_FLAT,FRONT_BOGIE_AXLE_1,1
29.35,RUN_014_WHEEL_FLAT,TRAIN001,0.03258762758417157,-0.07100776652183163,1.0594204154029967,31.27761432404348,29.226530219702173,23.4069714534129,113.57112054039241,5.020636523093498,0.35031843365005705,1.7588215226963826,1.5323346115285816,ZONE_02,WHEEL_FLAT,FRONT_BOGIE_AXLE_1,1
29.36,RUN_014_WHEEL_FLAT,TRAIN001,0.029813288885000285,-0.02187480728084366,1.2313783395597488,31.21410152196419,29.11827348270163,23.528322234912405,116.51480195034011,5.001594665458924,0.33759239035708155,1.688500298709506,1.6235057307809952,ZONE_02,WHEEL_FLAT,FRONT_BOGIE_AXLE_1,1
29.37,RUN_014_WHEEL_FLAT,TRAIN001,-0.06726545911048226,0.020302872539861096,1.1361342942360184,31.480840183386682,29.003552952359833,23.49687277882715,115.35422438480275,5.028087187906238,0.3691149951010532,1.8559423777316797,1.599880552950925,ZONE_02,WHEEL_FLAT,FRONT_BOGIE_AXLE_1,1
29.38,RUN_014_WHEEL_FLAT,TRAIN001,-0.041148359129791826,0.009537588247140896,1.0137093595680757,31.26571902241382,29.16866626777648,23.48616355491749,115.24460580291064,5.025846542693252,0.2890161108276012,1.4525506213855492,1.6199710741357811,ZONE_02,WHEEL_FLAT,FRONT_BOGIE_AXLE_1,1
29.39,RUN_014_WHEEL_FLAT,TRAIN001,-0.08871962782068542,-0.006454607147061704,1.0258336812061943,31.174429940504506,29.151540771163727,23.63864838143171,115.24441315293801,5.047491994860683,0.3105473066752764,1.5674850444690032,1.6105176990504064,ZONE_02,WHEEL_FLAT,FRONT_BOGIE_AXLE_1,1
29.400000000000002,RUN_014_WHEEL_FLAT,TRAIN001,-0.0121885811585791,-0.029019711292466947,1.0027079584393008,31.34817900301927,29.032385244247852,23.376012077533936,113.97274822739195,4.980906959635999,0.3227087277862732,1.6073821481659272,1.5666764996074742,ZONE_02,WHEEL_FLAT,FRONT_BOGIE_AXLE_1,1
29.41,RUN_014_WHEEL_FLAT,TRAIN001,-0.05680618061738251,0.12185399961375093,0.8623911800621488,31.1197746873203,29.034319722802916,23.53421565129215,117.20481862022666,5.016459765534234,0.28739778040569375,1.4417194021090056,1.5973885881224965,ZONE_02,WHEEL_FLAT,FRONT_BOGIE_AXLE_1,1
29.42,RUN_014_WHEEL_FLAT,TRAIN001,0.047810143042263345,-0.11785533778705493,0.9507648608931766,31.434981470853664,29.016725825096643,23.48622019501413,115.68872201311417,5.00567370032751,0.31387779032339086,1.57116980013871,1.584087594756231,ZONE_02,WHEEL_FLAT,FRONT_BOGIE_AXLE_1,1
29.43,RUN_014_WHEEL_FLAT,TRAIN001,0.02230124481372805,-0.0969272414642682,0.9241041202185004,31.210983353983274,29.273455687335108,23.502098578100302,115.03139332922585,4.992064291560141,0.3075206818418757,1.535163014739055,1.565956348674057,ZONE_02,WHEEL_FLAT,FRONT_BOGIE_AXLE_1,1
29.44,RUN_014_WHEEL_FLAT,TRAIN001,0.023383026639214585,-0.019516451669886387,0.8782555665855576,31.21911586218297,29.201985368190645,23.52633659911442,115.1236752847008,4.9394817542320215,0.3270964856369995,1.6156871226773755,1.592848237497634,ZONE_02,WHEEL_FLAT,FRONT_BOGIE_AXLE_1,1
29.45,RUN_014_WHEEL_FLAT,TRAIN001,0.04232114371801354,0.12207573031160732,0.8272230624472199,31.05301976767648,28.98917030884545,23.45019455278283,115.41498215441742,4.981048165892534,0.32020323499297165,1.5949477363745974,1.5919111138607678,ZONE_02,WHEEL_FLAT,FRONT_BOGIE_AXLE_1,1
29.46,RUN_014_WHEEL_FLAT,TRAIN001,0.009602041204421692,0.007200556956150943,0.8375398773162026,31.209647420357555,29.10792443273364,23.51185655189485,114.61543466289334,5.0044702154930985,0.3480335930567393,1.7417237504434975,1.6141357011770743,ZONE_02,WHEEL_FLAT,FRONT_BOGIE_AXLE_1,1
29.47,RUN_014_WHEEL_FLAT,TRAIN001,0.0740053519014614,-0.023324132173993498,0.9921504564747679,31.113175397574654,29.17852670025434,23.537128582425026,116.74060377444648,5.006879536016284,0.31509512109195204,1.5776433136938677,1.5975179305967,ZONE_02,WHEEL_FLAT,FRONT_BOGIE_AXLE_1,1
29.48,RUN_014_WHEEL_FLAT,TRAIN001,-0.06572449496215349,-0.026604338175620416,0.9481985390805616,31.14714791539627,29.181876256064488,23.571582852129556,117.02861042862482,4.996354441071896,0.3458787016136834,1.728132586879708,1.5687917137157745,ZONE_02,WHEEL_FLAT,FRONT_BOGIE_AXLE_1,1
29.490000000000002,RUN_014_WHEEL_FLAT,TRAIN001,-0.07122489377486284,0.031212369599544154,0.9034904020495617,31.221130324031265,29.273500484015088,23.47070407565043,115.50162773173167,4.982986185870232,0.3719479359880322,1.8534114268913098,1.5925085168312207,ZONE_02,WHEEL_FLAT,FRONT_BOGIE_AXLE_1,1
29.5,RUN_014_WHEEL_FLAT,TRAIN001,0.06551375657847373,0.04378056195634629,1.2317672204194257,31.256253276827923,29.15011377792703,23.484083837948745,113.70100158186759,5.001561695991872,0.3272758031297929,1.6368901209589488,1.6467258340872102,ZONE_02,WHEEL_FLAT,FRONT_BOGIE_AXLE_1,1
29.51,RUN_014_WHEEL_FLAT,TRAIN001,-0.004448018050504231,0.030320706652386464,1.0291904077497451,31.398293989407108,29.104848161495696,23.48545841356052,114.82230172409547,4.979590935391405,0.2935976699721538,1.4619962960453745,1.647740095694961,ZONE_02,WHEEL_FLAT,FRONT_BOGIE_AXLE_1,1
29.52,RUN_014_WHEEL_FLAT,TRAIN001,0.09898782692821353,-0.025706990717079655,1.1153565695351015,31.319533075104346,29.281618887055764,23.44574056644177,115.68401062433948,5.020773127593426,0.34930821077122176,1.7537972778878907,1.6025201657466888,ZONE_02,WHEEL_FLAT,FRONT_BOGIE_AXLE_1,1
29.53,RUN_014_WHEEL_FLAT,TRAIN001,-0.06307644403258625,0.00460829409416295,0.9375012913717168,31.13866860414753,29.226877348198105,23.459580317418187,114.12171638156947,5.012399049878791,0.35053092964303906,1.7570008986958983,1.570873113956457,ZONE_02,WHEEL_FLAT,FRONT_BOGIE_AXLE_1,1
29.54,RUN_014_WHEEL_FLAT,TRAIN001,0.06729370823093336,-0.0661305901564181,0.9618582861533229,31.206030463247927,29.24216785787318,23.545357291071802,114.54148583688104,4.941613465672511,0.29848180047706396,1.474981684495635,1.5830507770463829,ZONE_02,WHEEL_FLAT,FRONT_BOGIE_AXLE_1,1
29.55,RUN_014_WHEEL_FLAT,TRAIN001,-0.04438054535294633,0.01870737350118958,1.071666126705443,31.35135879230769,29.188352630865037,23.492384362293084,116.50942264900466,4.985339134261937,0.344728393029527,1.7185879484613311,1.5906637776815182,ZONE_02,WHEEL_FLAT,FRONT_BOGIE_AXLE_1,1
29.560000000000002,RUN_014_WHEEL_FLAT,TRAIN001,0.021155844255516285,0.08102435087789005,1.0066668858895265,31.159582578180643,29.095950569053358,23.439919530237493,114.21883423494451,5.002693554827724,0.31225815182577155,1.5621318435812042,1.6286618382543672,ZONE_02,WHEEL_FLAT,FRONT_BOGIE_AXLE_1,1
29.57,RUN_014_WHEEL_FLAT,TRAIN001,-0.00997595284087459,-0.034974689727100654,1.1122050279861866,31.20411000659752,29.23947617122684,23.444200785056374,114.6838665269944,4.994629436316916,0.3090064410881752,1.5433726666705287,1.5516740319629057,ZONE_02,WHEEL_FLAT,FRONT_BOGIE_AXLE_1,1
29.580000000000002,RUN_014_WHEEL_FLAT,TRAIN001,0.06771959531199624,0.04652632499744034,1.0994505854558816,31.314153486349557,29.15711609246921,23.475684511680694,116.51729803619949,5.007818458567051,0.3477711846042457,1.7415749576188713,1.577810234033628,ZONE_02,WHEEL_FLAT,FRONT_BOGIE_AXLE_1,1
29.59,RUN_014_WHEEL_FLAT,TRAIN001,-0.00795329096070682,-0.0037036442849270354,1.087828528420491,31.19230131445931,29.34134151274407,23.432949261403927,115.94525432825598,4.984147156822362,0.3227610111858664,1.6086883762351467,1.5927277216166833,ZONE_02,WHEEL_FLAT,FRONT_BOGIE_AXLE_1,1
29.6,RUN_014_WHEEL_FLAT,TRAIN001,0.057259475630163946,-0.03494252170733063,0.988751833169727,31.158703900914173,28.988779635056783,23.568481098191633,117.11142829345523,4.9734055025987765,0.33321086892391405,1.6571927690319137,1.5420347233936718,ZONE_02,WHEEL_FLAT,FRONT_BOGIE_AXLE_1,1
29.61,RUN_014_WHEEL_FLAT,TRAIN001,0.008302141672383828,0.033581265243902446,0.8152531095200133,31.169820880127475,29.028865630663773,23.534281321861076,117.07545880557443,4.986255816343917,0.3631667482864185,1.8108423109458613,1.6169444782679878,ZONE_02,WHEEL_FLAT,FRONT_BOGIE_AXLE_1,1
29.62,RUN_014_WHEEL_FLAT,TRAIN001,0.027164635491174646,-0.025025707302200263,1.0163160907371402,31.322185638788312,29.222127800536857,23.49026625055769,114.49962821953714,5.018276195211414,0.31616097582026753,1.5865830988136602,1.6060979009578564,ZONE_02,WHEEL_FLAT,FRONT_BOGIE_AXLE_1,1
29.63,RUN_014_WHEEL_FLAT,TRAIN001,0.09436053986683209,-0.03317826500347408,1.1412042076943685,31.243995573544893,28.96328904790444,23.488258477243345,113.16393489651169,5.008675380450323,0.3012174395959581,1.5087003738665576,1.6330392965062899,ZONE_02,WHEEL_FLAT,FRONT_BOGIE_AXLE_1,1
29.64,RUN_014_WHEEL_FLAT,TRAIN001,-0.03839577555762218,0.05919408490368039,0.7769380924455385,31.186702913390764,29.11588868431113,23.436207001871153,115.35937314156108,5.020992841617552,0.32361092303777195,1.6248481280419016,1.6421124323083778,ZONE_02,WHEEL_FLAT,FRONT_BOGIE_AXLE_1,1
29.650000000000002,RUN_014_WHEEL_FLAT,TRAIN001,-0.07501466888124196,0.07784099901917874,0.8975285827906581,31.411293690654876,29.07021052119871,23.534283637262394,113.50016880533906,4.935819655365936,0.36294385344959124,1.7914254056507461,1.594103476713949,ZONE_02,WHEEL_FLAT,FRONT_BOGIE_AXLE_1,1
29.66,RUN_014_WHEEL_FLAT,TRAIN001,0.005770130569029308,0.05547120220708947,0.7415797089552069,31.305604905691563,29.290335524077484,23.63845117586771,115.2599887133326,4.985024722070915,0.3093916819073764,1.5423251831113722,1.5921303295911462,ZONE_02,WHEEL_FLAT,FRONT_BOGIE_AXLE_1,1
29.67,RUN_014_WHEEL_FLAT,TRAIN001,-0.015926934778990324,0.02507832608173027,1.0787678235496823,31.290396376112486,29.050648666117397,23.485977908423695,115.56360486507049,4.955251302651882,0.3347216743092676,1.6586300126468172,1.6042004657927755,ZONE_02,WHEEL_FLAT,FRONT_BOGIE_AXLE_1,1
29.68,RUN_014_WHEEL_FLAT,TRAIN001,0.02171008968320192,-0.024781598028698285,1.0063793588026329,31.090649814774018,29.21617691567652,23.530663104576515,114.86246875299483,4.987798060791667,0.34635285474913924,1.7275380972674148,1.5572581984290716,ZONE_02,WHEEL_FLAT,FRONT_BOGIE_AXLE_1,1
29.69,RUN_014_WHEEL_FLAT,TRAIN001,-0.008274568309689317,-0.06216765873786382,0.9833895885166681,31.313552673188585,29.10494067964642,23.593517326551048,113.82316959397527,5.02332260609776,0.3178001072017478,1.596412462726831,1.6263546809074485,ZONE_02,WHEEL_FLAT,FRONT_BOGIE_AXLE_1,1
29.7,RUN_014_WHEEL_FLAT,TRAIN001,-0.017019178143447965,0.010616699064672021,0.8172050010903389,31.396422846925365,29.32230243793398,23.453511280113666,114.05296063273207,4.976346422355026,0.32779579271650944,1.6312254203478314,1.6214620528577104,ZONE_02,WHEEL_FLAT,FRONT_BOGIE_AXLE_1,1
29.71,RUN_014_WHEEL_FLAT,TRAIN001,-0.002867489092201867,-0.05133317264340445,1.0423726942140388,31.174672920040496,29.189588978030585,23.523549468195306,115.46183520304359,4.967408317237343,0.36587958511082386,1.8174732941868548,1.5866139883510637,ZONE_02,WHEEL_FLAT,FRONT_BOGIE_AXLE_1,1
29.72,RUN_014_WHEEL_FLAT,TRAIN001,0.09969996775754957,0.07483492804010675,0.8837608249232694,31.161333585496525,29.254900883781882,23.405586126970494,116.2092442360645,4.97639068493952,0.3178253711941039,1.581623216647784,1.5737427732785068,ZONE_02,WHEEL_FLAT,FRONT_BOGIE_AXLE_1,1
29.73,RUN_014_WHEEL_FLAT,TRAIN001,0.10927020118642752,-0.02920900633644488,1.0611696881435986,31.26185904150458,29.247470041819195,23.549095416636128,114.67925093407182,4.992950943483259,0.29460941668883334,1.470970365015563,1.601397949499395,ZONE_02,WHEEL_FLAT,FRONT_BOGIE_AXLE_1,1
29.740000000000002,RUN_014_WHEEL_FLAT,TRAIN001,0.17090203801431195,0.028267550828560327,1.0666884265971122,31.454916371718827,29.25851285019089,23.503952390225862,113.96905519065447,5.015181543086753,0.30615555899420266,1.5354257087811325,1.5465221067296169,ZONE_02,WHEEL_FLAT,FRONT_BOGIE_AXLE_1,1
29.75,RUN_014_WHEEL_FLAT,TRAIN001,-0.008184798789271842,-0.06474207542697474,1.114353879165253,31.104239155077323,29.283959766429017,23.414300065063067,116.31567817116644,5.02183845603677,0.34194829198026666,1.717209082642593,1.5738198207209326,ZONE_02,WHEEL_FLAT,FRONT_BOGIE_AXLE_1,1
29.76,RUN_014_WHEEL_FLAT,TRAIN001,-0.15375178215600974,0.16392522502171877,1.280788429763979,31.304713189800804,29.03207432976019,23.442882175755848,116.04781304769656,5.062284069287844,0.32593622601774086,1.6499817645734116,1.672150185049902,ZONE_02,WHEEL_FLAT,FRONT_BOGIE_AXLE_1,1
29.77,RUN_014_WHEEL_FLAT,TRAIN001,0.18267261136979215,0.24167883403701745,1.4105672407225767,31.511661497095677,29.27782566531738,23.47493130703984,113.47560749912414,4.986081846020053,0.35426404228540437,1.766389509936935,1.6673635775151217,ZONE_02,WHEEL_FLAT,FRONT_BOGIE_AXLE_1,1
29.78,RUN_014_WHEEL_FLAT,TRAIN001,0.037394597794106095,-0.001017244287067641,1.042763456870615,31.308901717777047,29.153456130201963,23.493677366860897,114.43046498908846,4.975795094656336,0.3257445504086346,1.6208381360343176,1.5886029131744264,ZONE_02,WHEEL_FLAT,FRONT_BOGIE_AXLE_1,1
29.79,RUN_014_WHEEL_FLAT,TRAIN001,0.019713552988460014,-0.046516450140324836,1.0057427122667448,31.127776338612502,29.117675270450526,23.45425110465704,117.53718061632877,5.038413830324288,0.36111870449481254,1.819465475115453,1.5453110523905047,ZONE_02,WHEEL_FLAT,FRONT_BOGIE_AXLE_1,1
29.8,RUN_014_WHEEL_FLAT,TRAIN001,-0.04602448977345115,-0.04146534090702509,1.1111045385825067,31.167334854315456,29.193135673596423,23.50028858060648,115.49017589422266,5.012334185669952,0.32357792526554024,1.6218806965366244,1.6189876061191757,ZONE_02,WHEEL_FLAT,FRONT_BOGIE_AXLE_1,1
29.810000000000002,RUN_014_WHEEL_FLAT,TRAIN001,-0.0146145378478469,-0.10493105870380405,1.014188698565329,31.08968578451358,29.13280168021999,23.467535587484075,115.14423504711137,5.0175072651198835,0.29272868744592084,1.4687683159689155,1.5648440875572276,ZONE_02,WHEEL_FLAT,FRONT_BOGIE_AXLE_1,1
29.82,RUN_014_WHEEL_FLAT,TRAIN001,-0.010594150396909877,0.02365776606586847,0.8010705123498454,31.42531205422382,29.059369700474466,23.5451213802753,114.89962834748113,5.005523694968678,0.3055177234943383,1.5292762041837993,1.6334204050948427,ZONE_02,WHEEL_FLAT,FRONT_BOGIE_AXLE_1,1
29.830000000000002,RUN_014_WHEEL_FLAT,TRAIN001,0.05404659623217621,-0.03926818014667872,0.8978315059900803,31.193322855261584,28.95973339238589,23.4766082834349,113.96302464555652,5.0017766282597185,0.29579895353345376,1.4795202924473114,1.6327881365176715,ZONE_02,WHEEL_FLAT,FRONT_BOGIE_AXLE_1,1
29.84,RUN_014_WHEEL_FLAT,TRAIN001,-0.044711217194721674,-0.03234912246431713,1.0446856638769564,31.339291161697602,29.112897187773118,23.49758389949446,114.76152375626286,4.974602775915387,0.3290007633924681,1.6366481108504531,1.5731633460498167,ZONE_02,WHEEL_FLAT,FRONT_BOGIE_AXLE_1,1
29.85,RUN_014_WHEEL_FLAT,TRAIN001,-0.01962989573399264,-0.025365090246606194,1.1449050587594916,31.6164685213832,29.184510589444372,23.417237901583125,113.81837018728976,5.009322026631866,0.31787066825354576,1.5923165401026773,1.61257065261762,ZONE_02,WHEEL_FLAT,FRONT_BOGIE_AXLE_1,1
29.86,RUN_014_WHEEL_FLAT,TRAIN001,0.09572776018428669,-0.10673036998069518,0.9777350177818558,31.158027653477934,29.29122155793438,23.404189453681003,115.78768479319834,5.039478359740198,0.3429609473490088,1.7283442724013274,1.5763742239416694,ZONE_02,WHEEL_FLAT,FRONT_BOGIE_AXLE_1,1
29.87,RUN_014_WHEEL_FLAT,TRAIN001,-0.10144512430014437,0.0565762988918417,1.0775527405014076,31.295180987525573,29.19637402306645,23.513200641026398,115.52027157104699,5.042608847033634,0.3189130441936263,1.6081537380852082,1.5793016681981709,ZONE_02,WHEEL_FLAT,FRONT_BOGIE_AXLE_1,1
29.88,RUN_014_WHEEL_FLAT,TRAIN001,0.023360453709269677,-0.0509544287340033,0.915284692844962,31.32587992352399,29.17321677819804,23.48982710225488,115.25338239031798,4.961061074984075,0.3361808668340788,1.6678138126049529,1.6061736860797329,ZONE_02,WHEEL_FLAT,FRONT_BOGIE_AXLE_1,1
29.89,RUN_014_WHEEL_FLAT,TRAIN001,0.023378101916864378,0.03408640223515423,1.162811571196752,31.17505931270262,29.19975148036795,23.47697035236885,115.24150617112473,5.011098452640192,0.3643713960721364,1.8259009390434293,1.5616384058991286,ZONE_02,WHEEL_FLAT,FRONT_BOGIE_AXLE_1,1
29.900000000000002,RUN_014_WHEEL_FLAT,TRAIN001,-0.022575297006222295,0.09280726117959878,0.911241821474663,31.368614074234593,29.322890292266763,23.488624753344865,114.56195304268134,4.987652969529898,0.32908173016510106,1.641345468676003,1.5920773326852358,ZONE_02,WHEEL_FLAT,FRONT_BOGIE_AXLE_1,1
29.91,RUN_014_WHEEL_FLAT,TRAIN001,0.05232953341118317,-0.057416982376485945,1.012350773232527,31.283345495473423,28.92259262206687,23.44660423776118,114.02781622082539,5.010997272238669,0.34337655688501967,1.7206589899015396,1.6305614986816783,ZONE_02,WHEEL_FLAT,FRONT_BOGIE_AXLE_1,1
29.92,RUN_014_WHEEL_FLAT,TRAIN001,0.04688393911385376,0.11009249703679606,1.055615779629747,31.48084235865413,29.405829619201295,23.38045468130251,114.306771606024,5.028540740930054,0.33739319596365425,1.6965954316158327,1.634851711512192,ZONE_02,WHEEL_FLAT,FRONT_BOGIE_AXLE_1,1
29.93,RUN_014_WHEEL_FLAT,TRAIN001,-0.06900091052510568,-0.03651782409979298,1.1972443613978858,31.22226789090651,29.206714905461872,23.49477320855778,115.23378082024443,5.021681392950193,0.38072426457607683,1.9118759552663314,1.577682029472962,ZONE_02,WHEEL_FLAT,FRONT_BOGIE_AXLE_1,1
29.94,RUN_014_WHEEL_FLAT,TRAIN001,-0.009966247339980689,-0.10508457324920967,0.9631681741425107,31.352363179680474,29.256533177122662,23.461178852867477,115.54910091679187,5.0160789070170715,0.34675168038772763,1.7393337899656058,1.6341726686613063,ZONE_02,WHEEL_FLAT,FRONT_BOGIE_AXLE_1,1
29.95,RUN_014_WHEEL_FLAT,TRAIN001,-0.024366483872611616,0.03907066443862085,0.9366240141365333,31.196700376633817,29.34386025202101,23.512631242155006,116.50576220910119,4.950519635649627,0.34464975947121723,1.7061954016841818,1.5884521203488893,ZONE_02,WHEEL_FLAT,FRONT_BOGIE_AXLE_1,1
29.96,RUN_014_WHEEL_FLAT,TRAIN001,-0.015150803447951396,0.027166378339158963,0.974104516493938,31.25792185223113,29.180662137044788,23.53283496312663,117.18308242270842,5.0091900320453115,0.31590751503650305,1.5824407753690555,1.5771700814440894,ZONE_02,WHEEL_FLAT,FRONT_BOGIE_AXLE_1,1
29.97,RUN_014_WHEEL_FLAT,TRAIN001,-0.08555526152642001,0.03564105620196083,1.0838533893172904,31.25621436445515,29.17775355774641,23.45604486710449,116.31972556299306,5.048795803818566,0.3079301070611635,1.554676232399804,1.626485316673366,ZONE_02,WHEEL_FLAT,FRONT_BOGIE_AXLE_1,1
29.98,RUN_014_WHEEL_FLAT,TRAIN001,-0.10047848527921309,-0.007717029735195399,1.01482133202052,31.250279009070088,29.07655807899522,23.52693008558871,114.28388378485073,5.010175594380703,0.2985691918987177,1.4958840784849243,1.5859031161715191,ZONE_02,WHEEL_FLAT,FRONT_BOGIE_AXLE_1,1
29.990000000000002,RUN_014_WHEEL_FLAT,TRAIN001,-0.06045553627391736,-0.100454160027609,1.120752834425149,31.396901957396512,29.28055084227607,23.523360209600437,115.43967470387116,4.959267984806957,0.311264598506489,1.5436445581770224,1.5970816776657655,ZONE_02,WHEEL_FLAT,FRONT_BOGIE_AXLE_1,1
